Executable: 2, Read: 4, Write: 0 invoke: 256
Capability: 0x46b922 [rxR,0x100000-0x832000] (sentry,capmode)
Is aligned: 0
Is sealed: 1
Tag: 1, Perms: 68117, Type: fffffffffffffffe, Address: 46b922, Base: 100000, End: 832000, Flags: 1,
Length: 732000, Offset: 36b922

--
Executable: 2, Read: 4, Write: 0 invoke: 256
Capability: 0x4784f4 [rxR,0x100000-0x832000] (sentry,capmode)
Is aligned: 0
Is sealed: 1
Tag: 1, Perms: 68117, Type: fffffffffffffffe, Address: 4784f4, Base: 100000, End: 832000, Flags: 1,
Length: 732000, Offset: 3784f4

--
Executable: 2, Read: 4, Write: 0 invoke: 256
Capability: 0x47f658 [rxR,0x100000-0x832000] (sentry,capmode)
Is aligned: 0
Is sealed: 1
Tag: 1, Perms: 68117, Type: fffffffffffffffe, Address: 47f658, Base: 100000, End: 832000, Flags: 1,
Length: 732000, Offset: 37f658

--
Executable: 2, Read: 4, Write: 0 invoke: 256
Capability: 0x477ba4 [rxR,0x100000-0x832000] (sentry,capmode)
Is aligned: 0
Is sealed: 1
Tag: 1, Perms: 68117, Type: fffffffffffffffe, Address: 477ba4, Base: 100000, End: 832000, Flags: 1,
Length: 732000, Offset: 377ba4

--
Executable: 2, Read: 4, Write: 0 invoke: 256
Capability: 0x47f21c [rxR,0x100000-0x832000] (sentry,capmode)
Is aligned: 0
Is sealed: 1
Tag: 1, Perms: 68117, Type: fffffffffffffffe, Address: 47f21c, Base: 100000, End: 832000, Flags: 1,
Length: 732000, Offset: 37f21c

--
Executable: 2, Read: 4, Write: 0 invoke: 256
Capability: 0x47e68c [rxR,0x100000-0x832000] (sentry,capmode)
Is aligned: 0
Is sealed: 1
Tag: 1, Perms: 68117, Type: fffffffffffffffe, Address: 47e68c, Base: 100000, End: 832000, Flags: 1,
Length: 732000, Offset: 37e68c

Executable: 2, Read: 4, Write: 0 invoke: 256
Capability: 0x4773fc [rxR,0x100000-0x832000] (sentry,capmode)
Is aligned: 0
Is sealed: 1
Tag: 1, Perms: 68117, Type: fffffffffffffffe, Address: 4773fc, Base: 100000, End: 832000, Flags: 1,
Length: 732000, Offset: 3773fc

--
Executable: 2, Read: 4, Write: 0 invoke: 256
Capability: 0x47e096 [rxR,0x100000-0x832000] (sentry,capmode)
Is aligned: 0
Is sealed: 1
Tag: 1, Perms: 68117, Type: fffffffffffffffe, Address: 47e096, Base: 100000, End: 832000, Flags: 1,
Length: 732000, Offset: 37e096

Executable: 2, Read: 4, Write: 0 invoke: 256
Capability: 0x47743a [rxR,0x100000-0x832000] (sentry,capmode)
Is aligned: 0
Is sealed: 1
Tag: 1, Perms: 68117, Type: fffffffffffffffe, Address: 47743a, Base: 100000, End: 832000, Flags: 1,
Length: 732000, Offset: 37743a

Executable: 2, Read: 4, Write: 0 invoke: 256
Capability: 0x465e98 [rxR,0x100000-0x832000] (sentry,capmode)
Is aligned: 0
Is sealed: 1
Tag: 1, Perms: 68117, Type: fffffffffffffffe, Address: 465e98, Base: 100000, End: 832000, Flags: 1,
Length: 732000, Offset: 365e98

Executable: 2, Read: 4, Write: 0 invoke: 256
Capability: 0x4772bc [rxR,0x100000-0x832000] (sentry,capmode)
Is aligned: 0
Is sealed: 1
Tag: 1, Perms: 68117, Type: fffffffffffffffe, Address: 4772bc, Base: 100000, End: 832000, Flags: 1,
Length: 732000, Offset: 3772bc

--
Executable: 2, Read: 4, Write: 0 invoke: 256
Capability: 0x476c6e [rxR,0x100000-0x832000] (sentry,capmode)
Is aligned: 0
Is sealed: 1
Tag: 1, Perms: 68117, Type: fffffffffffffffe, Address: 476c6e, Base: 100000, End: 832000, Flags: 1,
Length: 732000, Offset: 376c6e

--
Executable: 2, Read: 4, Write: 0 invoke: 256
Capability: 0x476ace [rxR,0x100000-0x832000] (sentry,capmode)
Is aligned: 0
Is sealed: 1
Tag: 1, Perms: 68117, Type: fffffffffffffffe, Address: 476ace, Base: 100000, End: 832000, Flags: 1,
Length: 732000, Offset: 376ace

Executable: 2, Read: 4, Write: 0 invoke: 256
Capability: 0x6ca95c [rxR,0x100000-0x832000] (sentry,capmode)
Is aligned: 0
Is sealed: 1
Tag: 1, Perms: 68117, Type: fffffffffffffffe, Address: 6ca95c, Base: 100000, End: 832000, Flags: 1,
Length: 732000, Offset: 5ca95c

--
Executable: 2, Read: 4, Write: 0 invoke: 256
Capability: 0x6ca95c [rxR,0x100000-0x832000] (sentry,capmode)
Is aligned: 0
Is sealed: 1
Tag: 1, Perms: 68117, Type: fffffffffffffffe, Address: 6ca95c, Base: 100000, End: 832000, Flags: 1,
Length: 732000, Offset: 5ca95c

--
Executable: 2, Read: 4, Write: 0 invoke: 256
Capability: 0x46742c [rxR,0x100000-0x832000] (sentry,capmode)
Is aligned: 0
Is sealed: 1
Tag: 1, Perms: 68117, Type: fffffffffffffffe, Address: 46742c, Base: 100000, End: 832000, Flags: 1,
Length: 732000, Offset: 36742c

Executable: 2, Read: 4, Write: 0 invoke: 256
Capability: 0x50 [rxR,0x100000-0x832000] (invalid,sentry,capmode)
Is aligned: 1
Is sealed: 1
Tag: 0, Perms: 68117, Type: fffffffffffffffe, Address: 0050, Base: 100000, End: 832000, Flags: 1, Le
ngth: 732000, Offset: fffffffffff00050

Executable: 2, Read: 4, Write: 0 invoke: 256
Capability: 0x6bd436 [rxR,0x100000-0x832000] (sentry,capmode)
Is aligned: 0
Is sealed: 1
Tag: 1, Perms: 68117, Type: fffffffffffffffe, Address: 6bd436, Base: 100000, End: 832000, Flags: 1,
Length: 732000, Offset: 5bd436

Executable: 2, Read: 4, Write: 0 invoke: 256
Capability: 0x50 [rxR,0x100000-0x832000] (invalid,sentry,capmode)
Is aligned: 1
Is sealed: 1
Tag: 0, Perms: 0117, Type: fffffffffffffffe, Address: 0050, Base: 100000, End: 832000, Flags: 1, Len
gth: 732000, Offset: fffffffffff00050

--
Executable: 2, Read: 4, Write: 0 invoke: 256
Capability: 0x467894 [rxR,0x100000-0x832000] (sentry,capmode)
Is aligned: 0
Is sealed: 1
Tag: 1, Perms: 68117, Type: fffffffffffffffe, Address: 467894, Base: 100000, End: 832000, Flags: 1,
Length: 732000, Offset: 367894

--
Executable: 2, Read: 4, Write: 0 invoke: 256
Capability: 0x46799a [rxR,0x100000-0x832000] (sentry,capmode)
Is aligned: 0
Is sealed: 1
Tag: 1, Perms: 68117, Type: fffffffffffffffe, Address: 46799a, Base: 100000, End: 832000, Flags: 1,
Length: 732000, Offset: 36799a

Executable: 2, Read: 4, Write: 0 invoke: 256
Capability: 0x59a66a [rxR,0x100000-0x832000] (sentry,capmode)
Is aligned: 0
Is sealed: 1
Tag: 1, Perms: 68117, Type: fffffffffffffffe, Address: 59a66a, Base: 100000, End: 832000, Flags: 1,
Length: 732000, Offset: 49a66a

--
Executable: 2, Read: 4, Write: 0 invoke: 256
Capability: 0x6f581c [rxR,0x100000-0x832000] (sentry,capmode)
Is aligned: 0
Is sealed: 1
Tag: 1, Perms: 68117, Type: fffffffffffffffe, Address: 6f581c, Base: 100000, End: 832000, Flags: 1,
Length: 732000, Offset: 5f581c

--
Executable: 2, Read: 4, Write: 0 invoke: 256
Capability: 0x6f4cda [rxR,0x100000-0x832000] (sentry,capmode)
Is aligned: 0
Is sealed: 1
Tag: 1, Perms: 68117, Type: fffffffffffffffe, Address: 6f4cda, Base: 100000, End: 832000, Flags: 1,
Length: 732000, Offset: 5f4cda

--
Executable: 2, Read: 4, Write: 0 invoke: 256
Capability: 0x6f6100 [rxR,0x100000-0x832000] (sentry,capmode)
Is aligned: 1
Is sealed: 1
Tag: 1, Perms: 68117, Type: fffffffffffffffe, Address: 6f6100, Base: 100000, End: 832000, Flags: 1,
Length: 732000, Offset: 5f6100

--
Executable: 2, Read: 4, Write: 0 invoke: 256
Capability: 0x6aa3e6 [rxR,0x100000-0x832000] (sentry,capmode)
Is aligned: 0
Is sealed: 1
Tag: 1, Perms: 68117, Type: fffffffffffffffe, Address: 6aa3e6, Base: 100000, End: 832000, Flags: 1,
Length: 732000, Offset: 5aa3e6

--
Executable: 2, Read: 4, Write: 0 invoke: 256
Capability: 0x6f6812 [rxR,0x100000-0x832000] (sentry,capmode)
Is aligned: 0
Is sealed: 1
Tag: 1, Perms: 68117, Type: fffffffffffffffe, Address: 6f6812, Base: 100000, End: 832000, Flags: 1,
Length: 732000, Offset: 5f6812

--
Executable: 2, Read: 4, Write: 0 invoke: 256
Capability: 0x6eaf7e [rxR,0x100000-0x832000] (sentry,capmode)
Is aligned: 0
Is sealed: 1
Tag: 1, Perms: 68117, Type: fffffffffffffffe, Address: 6eaf7e, Base: 100000, End: 832000, Flags: 1,
Length: 732000, Offset: 5eaf7e

Executable: 2, Read: 4, Write: 0 invoke: 256
Capability: 0x6f67d8 [rxR,0x100000-0x832000] (sentry,capmode)
Is aligned: 0
Is sealed: 1
Tag: 1, Perms: 68117, Type: fffffffffffffffe, Address: 6f67d8, Base: 100000, End: 832000, Flags: 1,
Length: 732000, Offset: 5f67d8

Executable: 2, Read: 4, Write: 0 invoke: 256
Capability: 0x6f67d8 [rxR,0x100000-0x832000] (sentry,capmode)
Is aligned: 0
Is sealed: 1
Tag: 1, Perms: 68117, Type: fffffffffffffffe, Address: 6f67d8, Base: 100000, End: 832000, Flags: 1,
Length: 732000, Offset: 5f67d8

--
Executable: 2, Read: 4, Write: 0 invoke: 256
Capability: 0x6dc9c6 [rxR,0x100000-0x832000] (sentry,capmode)
Is aligned: 0
Is sealed: 1
Tag: 1, Perms: 68117, Type: fffffffffffffffe, Address: 6dc9c6, Base: 100000, End: 832000, Flags: 1,
Length: 732000, Offset: 5dc9c6

--
Executable: 2, Read: 4, Write: 8 invoke: 256
Capability: 0x11110003 [rwxRW,0x0-0xffffffffffffffff] (invalid,sealed,capmode)
Is aligned: 0
Is sealed: 1
Tag: 0, Perms: 78fff, Type: 1f, Address: 11110003, Base: 0000, End: ffffffffffffffff, Flags: 1, Leng
th: ffffffffffffffff, Offset: 11110003

--
Executable: 2, Read: 4, Write: 0 invoke: 256
Capability: 0x6dcbe0 [rxR,0x100000-0x832000] (sentry,capmode)
Is aligned: 1
Is sealed: 1
Tag: 1, Perms: 68117, Type: fffffffffffffffe, Address: 6dcbe0, Base: 100000, End: 832000, Flags: 1,
Length: 732000, Offset: 5dcbe0

--
Executable: 2, Read: 4, Write: 0 invoke: 256
Capability: 0x6ad8e6 [rxR,0x100000-0x832000] (sentry,capmode)
Is aligned: 0
Is sealed: 1
Tag: 1, Perms: 68117, Type: fffffffffffffffe, Address: 6ad8e6, Base: 100000, End: 832000, Flags: 1,
Length: 732000, Offset: 5ad8e6

--
Executable: 2, Read: 4, Write: 0 invoke: 256
Capability: 0x6b407a [rxR,0x100000-0x832000] (sentry,capmode)
Is aligned: 0
Is sealed: 1
Tag: 1, Perms: 68117, Type: fffffffffffffffe, Address: 6b407a, Base: 100000, End: 832000, Flags: 1,
Length: 732000, Offset: 5b407a

--
Executable: 2, Read: 4, Write: 0 invoke: 256
Capability: 0x4085ac86 [rxR,0x4083f000-0x40879000] (sentry,capmode)
Is aligned: 0
Is sealed: 1
Tag: 1, Perms: 68117, Type: fffffffffffffffe, Address: 4085ac86, Base: 4083f000, End: 40879000, Flag
s: 1, Length: 3a000, Offset: 1bc86

Executable: 2, Read: 4, Write: 0 invoke: 256
Capability: 0x4085743e [rxR,0x4083f000-0x40879000] (sentry,capmode)
Is aligned: 0
Is sealed: 1
Tag: 1, Perms: 68117, Type: fffffffffffffffe, Address: 4085743e, Base: 4083f000, End: 40879000, Flag
s: 1, Length: 3a000, Offset: 1843e

--
Executable: 2, Read: 4, Write: 0 invoke: 256
Capability: 0x40aac5ea [rxR,0x40918000-0x40f30000] (sentry,capmode)
Is aligned: 0
Is sealed: 1
Tag: 1, Perms: 68117, Type: fffffffffffffffe, Address: 40aac5ea, Base: 40918000, End: 40f30000, Flag
s: 1, Length: 618000, Offset: 1945ea

--
Executable: 2, Read: 0, Write: 8 invoke: 0
Capability: 0x55555555 [wxW,0x55552000-0x55552a00] (invalid,sealed,capmode)
Is aligned: 0
Is sealed: 1
Tag: 0, Perms: 20aeb, Type: 2667f, Address: 55555555, Base: 55552000, End: 55552a00, Flags: 1, Lengt
h: 0a00, Offset: 3555

--
Executable: 2, Read: 4, Write: 0 invoke: 256
Capability: 0x4085743e [rxR,0x4083f000-0x40879000] (sentry,capmode)
Is aligned: 0
Is sealed: 1
Tag: 1, Perms: 68117, Type: fffffffffffffffe, Address: 4085743e, Base: 4083f000, End: 40879000, Flag
s: 1, Length: 3a000, Offset: 1843e

Executable: 2, Read: 0, Write: 0 invoke: 256
Capability: 0x136db [xR,0x10ee0-0x11002] (invalid,sealed,capmode)
Is aligned: 0
Is sealed: 1
Tag: 0, Perms: 10913, Type: 41fa, Address: 136db, Base: 10ee0, End: 11002, Flags: 1, Length: 0122, O
ffset: 27fb

--
Executable: 2, Read: 4, Write: 0 invoke: 256
Capability: 0x40a90c30 [rxR,0x40918000-0x40f30000] (sentry,capmode)
Is aligned: 1
Is sealed: 1
Tag: 1, Perms: 68117, Type: fffffffffffffffe, Address: 40a90c30, Base: 40918000, End: 40f30000, Flag
s: 1, Length: 618000, Offset: 178c30

--
Executable: 2, Read: 4, Write: 0 invoke: 256
Capability: 0x40ac716a [rxR,0x40918000-0x40f30000] (sentry,capmode)
Is aligned: 0
Is sealed: 1
Tag: 1, Perms: 68117, Type: fffffffffffffffe, Address: 40ac716a, Base: 40918000, End: 40f30000, Flag
s: 1, Length: 618000, Offset: 1af16a

Executable: 2, Read: 4, Write: 0 invoke: 256
Capability: 0x6b3fa2 [rxR,0x100000-0x832000] (sentry,capmode)
Is aligned: 0
Is sealed: 1
Tag: 1, Perms: 68117, Type: fffffffffffffffe, Address: 6b3fa2, Base: 100000, End: 832000, Flags: 1,
Length: 732000, Offset: 5b3fa2

--
Executable: 2, Read: 4, Write: 0 invoke: 256
Capability: 0x40821e0c [rxR,0x4080c000-0x40834600] (sentry,capmode)
Is aligned: 0
Is sealed: 1
Tag: 1, Perms: 68117, Type: fffffffffffffffe, Address: 40821e0c, Base: 4080c000, End: 40834600, Flag
s: 1, Length: 28600, Offset: 15e0c

--
Executable: 2, Read: 4, Write: 0 invoke: 256
Capability: 0x4081c0ac [rxR,0x4080c000-0x40834600] (sentry,capmode)
Is aligned: 0
Is sealed: 1
Tag: 1, Perms: 68117, Type: fffffffffffffffe, Address: 4081c0ac, Base: 4080c000, End: 40834600, Flag
s: 1, Length: 28600, Offset: 100ac

--
Executable: 2, Read: 4, Write: 0 invoke: 256
Capability: 0x6243a2 [rxR,0x100000-0x832000] (sentry,capmode)
Is aligned: 0
Is sealed: 1
Tag: 1, Perms: 68117, Type: fffffffffffffffe, Address: 6243a2, Base: 100000, End: 832000, Flags: 1,
Length: 732000, Offset: 5243a2

--
Executable: 2, Read: 4, Write: 0 invoke: 256
Capability: 0x627cbc [rxR,0x100000-0x832000] (sentry,capmode)
Is aligned: 0
Is sealed: 1
Tag: 1, Perms: 68117, Type: fffffffffffffffe, Address: 627cbc, Base: 100000, End: 832000, Flags: 1,
Length: 732000, Offset: 527cbc

--
Executable: 2, Read: 4, Write: 0 invoke: 256
Capability: 0x47841e [rxR,0x100000-0x832000] (sentry,capmode)
Is aligned: 0
Is sealed: 1
Tag: 1, Perms: 68117, Type: fffffffffffffffe, Address: 47841e, Base: 100000, End: 832000, Flags: 1,
Length: 732000, Offset: 37841e

--
Executable: 2, Read: 4, Write: 0 invoke: 256
Capability: 0x4783f6 [rxR,0x100000-0x832000] (sentry,capmode)
Is aligned: 0
Is sealed: 1
Tag: 1, Perms: 68117, Type: fffffffffffffffe, Address: 4783f6, Base: 100000, End: 832000, Flags: 1,
Length: 732000, Offset: 3783f6

Executable: 2, Read: 4, Write: 0 invoke: 256
Capability: 0x4783b2 [rxR,0x100000-0x832000] (sentry,capmode)
Is aligned: 0
Is sealed: 1
Tag: 1, Perms: 68117, Type: fffffffffffffffe, Address: 4783b2, Base: 100000, End: 832000, Flags: 1,
Length: 732000, Offset: 3783b2

--
Executable: 2, Read: 4, Write: 0 invoke: 256
Capability: 0x362aa4 [rxR,0x100000-0x832000] (sentry,capmode)
Is aligned: 0
Is sealed: 1
Tag: 1, Perms: 68117, Type: fffffffffffffffe, Address: 362aa4, Base: 100000, End: 832000, Flags: 1,
Length: 732000, Offset: 262aa4

--
Executable: 2, Read: 4, Write: 0 invoke: 256
Capability: 0x3631ce [rxR,0x100000-0x832000] (sentry,capmode)
Is aligned: 0
Is sealed: 1
Tag: 1, Perms: 68117, Type: fffffffffffffffe, Address: 3631ce, Base: 100000, End: 832000, Flags: 1,
Length: 732000, Offset: 2631ce

--
Executable: 2, Read: 4, Write: 0 invoke: 256
Capability: 0x62396c [rxR,0x100000-0x832000] (sentry,capmode)
Is aligned: 0
Is sealed: 1
Tag: 1, Perms: 68117, Type: fffffffffffffffe, Address: 62396c, Base: 100000, End: 832000, Flags: 1,
Length: 732000, Offset: 52396c

--
Executable: 2, Read: 4, Write: 0 invoke: 256
Capability: 0x3 [rxR,0x100000-0x832000] (invalid,sentry,capmode)
Is aligned: 0
Is sealed: 1
Tag: 0, Perms: 68117, Type: fffffffffffffffe, Address: 0003, Base: 100000, End: 832000, Flags: 1, Le
ngth: 732000, Offset: fffffffffff00003

--
Executable: 2, Read: 4, Write: 0 invoke: 256
Capability: 0x6154ee [rxR,0x100000-0x832000] (sentry,capmode)
Is aligned: 0
Is sealed: 1
Tag: 1, Perms: 68117, Type: fffffffffffffffe, Address: 6154ee, Base: 100000, End: 832000, Flags: 1,
Length: 732000, Offset: 5154ee

--
Executable: 2, Read: 4, Write: 0 invoke: 256
Capability: 0x658d56 [rxR,0x100000-0x832000] (sentry,capmode)
Is aligned: 0
Is sealed: 1
Tag: 1, Perms: 68117, Type: fffffffffffffffe, Address: 658d56, Base: 100000, End: 832000, Flags: 1,
Length: 732000, Offset: 558d56

--
Executable: 2, Read: 4, Write: 0 invoke: 256
Capability: 0x65626a [rxR,0x100000-0x832000] (sentry,capmode)
Is aligned: 0
Is sealed: 1
Tag: 1, Perms: 68117, Type: fffffffffffffffe, Address: 65626a, Base: 100000, End: 832000, Flags: 1,
Length: 732000, Offset: 55626a

--
Executable: 2, Read: 4, Write: 0 invoke: 256
Capability: 0x654bae [rxR,0x100000-0x832000] (sentry,capmode)
Is aligned: 0
Is sealed: 1
Tag: 1, Perms: 68117, Type: fffffffffffffffe, Address: 654bae, Base: 100000, End: 832000, Flags: 1,
Length: 732000, Offset: 554bae

--
Executable: 2, Read: 4, Write: 0 invoke: 256
Capability: 0x655aa0 [rxR,0x100000-0x832000] (sentry,capmode)
Is aligned: 1
Is sealed: 1
Tag: 1, Perms: 68117, Type: fffffffffffffffe, Address: 655aa0, Base: 100000, End: 832000, Flags: 1,
Length: 732000, Offset: 555aa0

--
Executable: 2, Read: 4, Write: 0 invoke: 256
Capability: 0x601580 [rxR,0x100000-0x832000] (sentry,capmode)
Is aligned: 1
Is sealed: 1
Tag: 1, Perms: 68117, Type: fffffffffffffffe, Address: 601580, Base: 100000, End: 832000, Flags: 1,
Length: 732000, Offset: 501580

--
Executable: 2, Read: 4, Write: 0 invoke: 256
Capability: 0x6002ee [rxR,0x100000-0x832000] (sentry,capmode)
Is aligned: 0
Is sealed: 1
Tag: 1, Perms: 68117, Type: fffffffffffffffe, Address: 6002ee, Base: 100000, End: 832000, Flags: 1,
Length: 732000, Offset: 5002ee

--
Executable: 2, Read: 4, Write: 0 invoke: 256
Capability: 0x600e22 [rxR,0x100000-0x832000] (sentry,capmode)
Is aligned: 0
Is sealed: 1
Tag: 1, Perms: 68117, Type: fffffffffffffffe, Address: 600e22, Base: 100000, End: 832000, Flags: 1,
Length: 732000, Offset: 500e22

--
Executable: 2, Read: 4, Write: 0 invoke: 0
Capability: 0x600e02 [rxR,0x100000-0x832000] (invalid,sentry,capmode)
Is aligned: 0
Is sealed: 1
Tag: 0, Perms: 0017, Type: fffffffffffffffe, Address: 600e02, Base: 100000, End: 832000, Flags: 1, L
ength: 732000, Offset: 500e02

--
Executable: 2, Read: 4, Write: 0 invoke: 256
Capability: 0x6dd74e [rxR,0x100000-0x832000] (sentry,capmode)
Is aligned: 0
Is sealed: 1
Tag: 1, Perms: 68117, Type: fffffffffffffffe, Address: 6dd74e, Base: 100000, End: 832000, Flags: 1,
Length: 732000, Offset: 5dd74e

--
Executable: 2, Read: 4, Write: 0 invoke: 256
Capability: 0x6edb38 [rxR,0x100000-0x832000] (sentry,capmode)
Is aligned: 0
Is sealed: 1
Tag: 1, Perms: 68117, Type: fffffffffffffffe, Address: 6edb38, Base: 100000, End: 832000, Flags: 1,
Length: 732000, Offset: 5edb38

--
Executable: 2, Read: 4, Write: 0 invoke: 256
Capability: 0x4081df7a [rxR,0x4080c000-0x40834600] (sentry,capmode)
Is aligned: 0
Is sealed: 1
Tag: 1, Perms: 68117, Type: fffffffffffffffe, Address: 4081df7a, Base: 4080c000, End: 40834600, Flag
s: 1, Length: 28600, Offset: 11f7a

--
Executable: 2, Read: 4, Write: 0 invoke: 256
Capability: 0x40821e0c [rxR,0x4080c000-0x40834600] (sentry,capmode)
Is aligned: 0
Is sealed: 1
Tag: 1, Perms: 68117, Type: fffffffffffffffe, Address: 40821e0c, Base: 4080c000, End: 40834600, Flag
s: 1, Length: 28600, Offset: 15e0c

--
Executable: 2, Read: 4, Write: 0 invoke: 256
Capability: 0x4771ae [rxR,0x100000-0x832000] (sentry,capmode)
Is aligned: 0
Is sealed: 1
Tag: 1, Perms: 68117, Type: fffffffffffffffe, Address: 4771ae, Base: 100000, End: 832000, Flags: 1,
Length: 732000, Offset: 3771ae

--
Executable: 2, Read: 4, Write: 0 invoke: 256
Capability: 0x476b70 [rxR,0x100000-0x832000] (sentry,capmode)
Is aligned: 1
Is sealed: 1
Tag: 1, Perms: 68117, Type: fffffffffffffffe, Address: 476b70, Base: 100000, End: 832000, Flags: 1,
Length: 732000, Offset: 376b70

--
Executable: 2, Read: 4, Write: 0 invoke: 256
Capability: 0x467444 [rxR,0x100000-0x832000] (sentry,capmode)
Is aligned: 0
Is sealed: 1
Tag: 1, Perms: 68117, Type: fffffffffffffffe, Address: 467444, Base: 100000, End: 832000, Flags: 1,
Length: 732000, Offset: 367444

--
Executable: 2, Read: 4, Write: 0 invoke: 256
Capability: 0x4852c0 [rxR,0x100000-0x832000] (sentry,capmode)
Is aligned: 1
Is sealed: 1
Tag: 1, Perms: 68117, Type: fffffffffffffffe, Address: 4852c0, Base: 100000, End: 832000, Flags: 1,
Length: 732000, Offset: 3852c0

--
Executable: 2, Read: 4, Write: 0 invoke: 256
Capability: 0x6dd74e [rxR,0x100000-0x832000] (sentry,capmode)
Is aligned: 0
Is sealed: 1
Tag: 1, Perms: 68117, Type: fffffffffffffffe, Address: 6dd74e, Base: 100000, End: 832000, Flags: 1,
Length: 732000, Offset: 5dd74e

Executable: 2, Read: 4, Write: 0 invoke: 256
Capability: 0x6c46da [rxR,0x100000-0x832000] (sentry,capmode)
Is aligned: 0
Is sealed: 1
Tag: 1, Perms: 68117, Type: fffffffffffffffe, Address: 6c46da, Base: 100000, End: 832000, Flags: 1,
Length: 732000, Offset: 5c46da

--
Executable: 2, Read: 4, Write: 0 invoke: 256
Capability: 0x6adda6 [rxR,0x100000-0x832000] (sentry,capmode)
Is aligned: 0
Is sealed: 1
Tag: 1, Perms: 68117, Type: fffffffffffffffe, Address: 6adda6, Base: 100000, End: 832000, Flags: 1,
Length: 732000, Offset: 5adda6

--
Executable: 2, Read: 4, Write: 0 invoke: 256
Capability: 0x34ef8c [rxR,0x100000-0x832000] (sentry,capmode)
Is aligned: 0
Is sealed: 1
Tag: 1, Perms: 68117, Type: fffffffffffffffe, Address: 34ef8c, Base: 100000, End: 832000, Flags: 1,
Length: 732000, Offset: 24ef8c

--
Executable: 2, Read: 4, Write: 0 invoke: 256
Capability: 0x6add36 [rxR,0x100000-0x832000] (sentry,capmode)
Is aligned: 0
Is sealed: 1
Tag: 1, Perms: 68117, Type: fffffffffffffffe, Address: 6add36, Base: 100000, End: 832000, Flags: 1,
Length: 732000, Offset: 5add36

--
Executable: 2, Read: 4, Write: 0 invoke: 256
Capability: 0x6c7c48 [rxR,0x100000-0x832000] (sentry,capmode)
Is aligned: 0
Is sealed: 1
Tag: 1, Perms: 68117, Type: fffffffffffffffe, Address: 6c7c48, Base: 100000, End: 832000, Flags: 1,
Length: 732000, Offset: 5c7c48

Executable: 2, Read: 4, Write: 0 invoke: 256
Capability: 0x6ca300 [rxR,0x100000-0x832000] (sentry,capmode)
Is aligned: 1
Is sealed: 1
Tag: 1, Perms: 68117, Type: fffffffffffffffe, Address: 6ca300, Base: 100000, End: 832000, Flags: 1,
Length: 732000, Offset: 5ca300

--
Executable: 2, Read: 4, Write: 0 invoke: 256
Capability: 0x6ca1fa [rxR,0x100000-0x832000] (sentry,capmode)
Is aligned: 0
Is sealed: 1
Tag: 1, Perms: 68117, Type: fffffffffffffffe, Address: 6ca1fa, Base: 100000, End: 832000, Flags: 1,
Length: 732000, Offset: 5ca1fa

Executable: 2, Read: 4, Write: 0 invoke: 256
Capability: 0x45085c [rxR,0x100000-0x832000] (sentry,capmode)
Is aligned: 0
Is sealed: 1
Tag: 1, Perms: 68117, Type: fffffffffffffffe, Address: 45085c, Base: 100000, End: 832000, Flags: 1,
Length: 732000, Offset: 35085c

--
Executable: 2, Read: 4, Write: 0 invoke: 256
Capability: 0x34ef8c [rxR,0x100000-0x832000] (sentry,capmode)
Is aligned: 0
Is sealed: 1
Tag: 1, Perms: 68117, Type: fffffffffffffffe, Address: 34ef8c, Base: 100000, End: 832000, Flags: 1,
Length: 732000, Offset: 24ef8c

--
Executable: 2, Read: 4, Write: 0 invoke: 256
Capability: 0x45080a [rxR,0x100000-0x832000] (sentry,capmode)
Is aligned: 0
Is sealed: 1
Tag: 1, Perms: 68117, Type: fffffffffffffffe, Address: 45080a, Base: 100000, End: 832000, Flags: 1,
Length: 732000, Offset: 35080a

--
Executable: 2, Read: 4, Write: 0 invoke: 256
Capability: 0x44fc40 [rxR,0x100000-0x832000] (sentry,capmode)
Is aligned: 1
Is sealed: 1
Tag: 1, Perms: 68117, Type: fffffffffffffffe, Address: 44fc40, Base: 100000, End: 832000, Flags: 1,
Length: 732000, Offset: 34fc40

--
Executable: 2, Read: 4, Write: 0 invoke: 256
Capability: 0x450748 [rxR,0x100000-0x832000] (sentry,capmode)
Is aligned: 0
Is sealed: 1
Tag: 1, Perms: 68117, Type: fffffffffffffffe, Address: 450748, Base: 100000, End: 832000, Flags: 1,
Length: 732000, Offset: 350748

--
Executable: 2, Read: 4, Write: 0 invoke: 256
Capability: 0x34f04e [rxR,0x100000-0x832000] (sentry,capmode)
Is aligned: 0
Is sealed: 1
Tag: 1, Perms: 68117, Type: fffffffffffffffe, Address: 34f04e, Base: 100000, End: 832000, Flags: 1,
Length: 732000, Offset: 24f04e

Executable: 2, Read: 4, Write: 0 invoke: 256
Capability: 0x5f97d8 [rxR,0x100000-0x832000] (sentry,capmode)
Is aligned: 0
Is sealed: 1
Tag: 1, Perms: 68117, Type: fffffffffffffffe, Address: 5f97d8, Base: 100000, End: 832000, Flags: 1,
Length: 732000, Offset: 4f97d8

--
Executable: 2, Read: 4, Write: 0 invoke: 256
Capability: 0x34f004 [rxR,0x100000-0x832000] (sentry,capmode)
Is aligned: 0
Is sealed: 1
Tag: 1, Perms: 68117, Type: fffffffffffffffe, Address: 34f004, Base: 100000, End: 832000, Flags: 1,
Length: 732000, Offset: 24f004

--
Executable: 2, Read: 4, Write: 0 invoke: 256
Capability: 0x409c3bee [rxR,0x40918000-0x40f30000] (sentry,capmode)
Is aligned: 0
Is sealed: 1
Tag: 1, Perms: 68117, Type: fffffffffffffffe, Address: 409c3bee, Base: 40918000, End: 40f30000, Flag
s: 1, Length: 618000, Offset: abbee

--
Executable: 2, Read: 4, Write: 0 invoke: 256
Capability: 0x34ef58 [rxR,0x100000-0x832000] (sentry,capmode)
Is aligned: 0
Is sealed: 1
Tag: 1, Perms: 68117, Type: fffffffffffffffe, Address: 34ef58, Base: 100000, End: 832000, Flags: 1,
Length: 732000, Offset: 24ef58

Executable: 2, Read: 4, Write: 0 invoke: 256
Capability: 0x4081756c [rxR,0x4080c000-0x40834600] (sentry,capmode)
Is aligned: 0
Is sealed: 1
Tag: 1, Perms: 68117, Type: fffffffffffffffe, Address: 4081756c, Base: 4080c000, End: 40834600, Flag
s: 1, Length: 28600, Offset: b56c

--
Executable: 2, Read: 4, Write: 0 invoke: 256
Capability: 0x34ef8c [rxR,0x100000-0x832000] (sentry,capmode)
Is aligned: 0
Is sealed: 1
Tag: 1, Perms: 68117, Type: fffffffffffffffe, Address: 34ef8c, Base: 100000, End: 832000, Flags: 1,
Length: 732000, Offset: 24ef8c

--
Executable: 2, Read: 4, Write: 0 invoke: 256
Capability: 0x46b564 [rxR,0x100000-0x832000] (sentry,capmode)
Is aligned: 0
Is sealed: 1
Tag: 1, Perms: 68117, Type: fffffffffffffffe, Address: 46b564, Base: 100000, End: 832000, Flags: 1,
Length: 732000, Offset: 36b564

--
.Executable: 2, Read: 4, Write: 0 invoke: 256
Capability: 0x46b922 [rxR,0x100000-0x832000] (sentry,capmode)
Is aligned: 0
Is sealed: 1
Tag: 1, Perms: 68117, Type: fffffffffffffffe, Address: 46b922, Base: 100000, End: 832000, Flags: 1,
Length: 732000, Offset: 36b922

--
Executable: 2, Read: 4, Write: 0 invoke: 256
Capability: 0x4784f4 [rxR,0x100000-0x832000] (sentry,capmode)
Is aligned: 0
Is sealed: 1
Tag: 1, Perms: 68117, Type: fffffffffffffffe, Address: 4784f4, Base: 100000, End: 832000, Flags: 1,
Length: 732000, Offset: 3784f4

--
Executable: 2, Read: 4, Write: 0 invoke: 256
Capability: 0x47f658 [rxR,0x100000-0x832000] (sentry,capmode)
Is aligned: 0
Is sealed: 1
Tag: 1, Perms: 68117, Type: fffffffffffffffe, Address: 47f658, Base: 100000, End: 832000, Flags: 1,
Length: 732000, Offset: 37f658

Executable: 2, Read: 4, Write: 0 invoke: 256
Capability: 0x477ba4 [rxR,0x100000-0x832000] (sentry,capmode)
Is aligned: 0
Is sealed: 1
Tag: 1, Perms: 68117, Type: fffffffffffffffe, Address: 477ba4, Base: 100000, End: 832000, Flags: 1,
Length: 732000, Offset: 377ba4

--
Executable: 2, Read: 4, Write: 0 invoke: 256
Capability: 0x47f21c [rxR,0x100000-0x832000] (sentry,capmode)
Is aligned: 0
Is sealed: 1
Tag: 1, Perms: 68117, Type: fffffffffffffffe, Address: 47f21c, Base: 100000, End: 832000, Flags: 1,
Length: 732000, Offset: 37f21c

--
Executable: 2, Read: 4, Write: 0 invoke: 256
Capability: 0x47e68c [rxR,0x100000-0x832000] (sentry,capmode)
Is aligned: 0
Is sealed: 1
Tag: 1, Perms: 68117, Type: fffffffffffffffe, Address: 47e68c, Base: 100000, End: 832000, Flags: 1,
Length: 732000, Offset: 37e68c

Executable: 2, Read: 4, Write: 0 invoke: 256
Capability: 0x4773fc [rxR,0x100000-0x832000] (sentry,capmode)
Is aligned: 0
Is sealed: 1
Tag: 1, Perms: 68117, Type: fffffffffffffffe, Address: 4773fc, Base: 100000, End: 832000, Flags: 1,
Length: 732000, Offset: 3773fc

--
Executable: 2, Read: 4, Write: 0 invoke: 256
Capability: 0x47e096 [rxR,0x100000-0x832000] (sentry,capmode)
Is aligned: 0
Is sealed: 1
Tag: 1, Perms: 68117, Type: fffffffffffffffe, Address: 47e096, Base: 100000, End: 832000, Flags: 1,
Length: 732000, Offset: 37e096

Executable: 2, Read: 4, Write: 0 invoke: 256
Capability: 0x47743a [rxR,0x100000-0x832000] (sentry,capmode)
Is aligned: 0
Is sealed: 1
Tag: 1, Perms: 68117, Type: fffffffffffffffe, Address: 47743a, Base: 100000, End: 832000, Flags: 1,
Length: 732000, Offset: 37743a

Executable: 2, Read: 4, Write: 0 invoke: 256
Capability: 0x465e98 [rxR,0x100000-0x832000] (sentry,capmode)
Is aligned: 0
Is sealed: 1
Tag: 1, Perms: 68117, Type: fffffffffffffffe, Address: 465e98, Base: 100000, End: 832000, Flags: 1,
Length: 732000, Offset: 365e98

Executable: 2, Read: 4, Write: 0 invoke: 256
Capability: 0x4772bc [rxR,0x100000-0x832000] (sentry,capmode)
Is aligned: 0
Is sealed: 1
Tag: 1, Perms: 68117, Type: fffffffffffffffe, Address: 4772bc, Base: 100000, End: 832000, Flags: 1,
Length: 732000, Offset: 3772bc

--
Executable: 2, Read: 4, Write: 0 invoke: 256
Capability: 0x476c6e [rxR,0x100000-0x832000] (sentry,capmode)
Is aligned: 0
Is sealed: 1
Tag: 1, Perms: 68117, Type: fffffffffffffffe, Address: 476c6e, Base: 100000, End: 832000, Flags: 1,
Length: 732000, Offset: 376c6e

--
Executable: 2, Read: 4, Write: 0 invoke: 256
Capability: 0x476ace [rxR,0x100000-0x832000] (sentry,capmode)
Is aligned: 0
Is sealed: 1
Tag: 1, Perms: 68117, Type: fffffffffffffffe, Address: 476ace, Base: 100000, End: 832000, Flags: 1,
Length: 732000, Offset: 376ace

--
Executable: 2, Read: 4, Write: 0 invoke: 256
Capability: 0x46742c [rxR,0x100000-0x832000] (sentry,capmode)
Is aligned: 0
Is sealed: 1
Tag: 1, Perms: 68117, Type: fffffffffffffffe, Address: 46742c, Base: 100000, End: 832000, Flags: 1,
Length: 732000, Offset: 36742c

--
Executable: 2, Read: 4, Write: 0 invoke: 256
Capability: 0x3c [rxR,0x100000-0x832000] (invalid,sentry,capmode)
Is aligned: 0
Is sealed: 1
Tag: 0, Perms: 0117, Type: fffffffffffffffe, Address: 003c, Base: 100000, End: 832000, Flags: 1, Len
gth: 732000, Offset: fffffffffff0003c

--
Executable: 2, Read: 4, Write: 0 invoke: 256
Capability: 0x467544 [rxR,0x100000-0x832000] (sentry,capmode)
Is aligned: 0
Is sealed: 1
Tag: 1, Perms: 68117, Type: fffffffffffffffe, Address: 467544, Base: 100000, End: 832000, Flags: 1,
Length: 732000, Offset: 367544

--
Executable: 2, Read: 4, Write: 0 invoke: 256
Capability: 0x628ea4 [rxR,0x100000-0x832000] (sentry,capmode)
Is aligned: 0
Is sealed: 1
Tag: 1, Perms: 68117, Type: fffffffffffffffe, Address: 628ea4, Base: 100000, End: 832000, Flags: 1,
Length: 732000, Offset: 528ea4

--
Executable: 2, Read: 4, Write: 0 invoke: 256
Capability: 0x628d66 [rxR,0x100000-0x832000] (sentry,capmode)
Is aligned: 0
Is sealed: 1
Tag: 1, Perms: 68117, Type: fffffffffffffffe, Address: 628d66, Base: 100000, End: 832000, Flags: 1,
Length: 732000, Offset: 528d66

--
Executable: 2, Read: 4, Write: 0 invoke: 256
Capability: 0x6b0f86 [rxR,0x100000-0x832000] (sentry,capmode)
Is aligned: 0
Is sealed: 1
Tag: 1, Perms: 68117, Type: fffffffffffffffe, Address: 6b0f86, Base: 100000, End: 832000, Flags: 1,
Length: 732000, Offset: 5b0f86

--
Executable: 2, Read: 4, Write: 0 invoke: 256
Capability: 0x6b5a74 [rxR,0x100000-0x832000] (sentry,capmode)
Is aligned: 0
Is sealed: 1
Tag: 1, Perms: 68117, Type: fffffffffffffffe, Address: 6b5a74, Base: 100000, End: 832000, Flags: 1,
Length: 732000, Offset: 5b5a74

--
Executable: 2, Read: 4, Write: 0 invoke: 256
Capability: 0x4085ac86 [rxR,0x4083f000-0x40879000] (sentry,capmode)
Is aligned: 0
Is sealed: 1
Tag: 1, Perms: 68117, Type: fffffffffffffffe, Address: 4085ac86, Base: 4083f000, End: 40879000, Flag
s: 1, Length: 3a000, Offset: 1bc86

Executable: 2, Read: 4, Write: 0 invoke: 256
Capability: 0x4085743e [rxR,0x4083f000-0x40879000] (sentry,capmode)
Is aligned: 0
Is sealed: 1
Tag: 1, Perms: 68117, Type: fffffffffffffffe, Address: 4085743e, Base: 4083f000, End: 40879000, Flag
s: 1, Length: 3a000, Offset: 1843e

--
Executable: 2, Read: 4, Write: 0 invoke: 256
Capability: 0x40aac5ea [rxR,0x40918000-0x40f30000] (sentry,capmode)
Is aligned: 0
Is sealed: 1
Tag: 1, Perms: 68117, Type: fffffffffffffffe, Address: 40aac5ea, Base: 40918000, End: 40f30000, Flag
s: 1, Length: 618000, Offset: 1945ea

--
Executable: 2, Read: 0, Write: 8 invoke: 0
Capability: 0x55555555 [wxW,0x55552000-0x55552a00] (invalid,sealed,capmode)
Is aligned: 0
Is sealed: 1
Tag: 0, Perms: 20aeb, Type: 2667f, Address: 55555555, Base: 55552000, End: 55552a00, Flags: 1, Lengt
h: 0a00, Offset: 3555

--
Executable: 2, Read: 4, Write: 0 invoke: 256
Capability: 0x4085743e [rxR,0x4083f000-0x40879000] (sentry,capmode)
Is aligned: 0
Is sealed: 1
Tag: 1, Perms: 68117, Type: fffffffffffffffe, Address: 4085743e, Base: 4083f000, End: 40879000, Flag
s: 1, Length: 3a000, Offset: 1843e

Executable: 2, Read: 0, Write: 0 invoke: 256
Capability: 0x136db [xR,0x10ee0-0x11002] (invalid,sealed,capmode)
Is aligned: 0
Is sealed: 1
Tag: 0, Perms: 10913, Type: 41fa, Address: 136db, Base: 10ee0, End: 11002, Flags: 1, Length: 0122, O
ffset: 27fb

--
Executable: 2, Read: 4, Write: 0 invoke: 256
Capability: 0x40a90c30 [rxR,0x40918000-0x40f30000] (sentry,capmode)
Is aligned: 1
Is sealed: 1
Tag: 1, Perms: 68117, Type: fffffffffffffffe, Address: 40a90c30, Base: 40918000, End: 40f30000, Flag
s: 1, Length: 618000, Offset: 178c30

--
Executable: 2, Read: 4, Write: 0 invoke: 256
Capability: 0x40ac716a [rxR,0x40918000-0x40f30000] (sentry,capmode)
Is aligned: 0
Is sealed: 1
Tag: 1, Perms: 68117, Type: fffffffffffffffe, Address: 40ac716a, Base: 40918000, End: 40f30000, Flag
s: 1, Length: 618000, Offset: 1af16a

Executable: 2, Read: 4, Write: 0 invoke: 256
Capability: 0x6b0f08 [rxR,0x100000-0x832000] (sentry,capmode)
Is aligned: 0
Is sealed: 1
Tag: 1, Perms: 68117, Type: fffffffffffffffe, Address: 6b0f08, Base: 100000, End: 832000, Flags: 1,
Length: 732000, Offset: 5b0f08

--
Executable: 2, Read: 4, Write: 0 invoke: 256
Capability: 0x40821e0c [rxR,0x4080c000-0x40834600] (sentry,capmode)
Is aligned: 0
Is sealed: 1
Tag: 1, Perms: 68117, Type: fffffffffffffffe, Address: 40821e0c, Base: 4080c000, End: 40834600, Flag
s: 1, Length: 28600, Offset: 15e0c

--
Executable: 2, Read: 4, Write: 0 invoke: 256
Capability: 0x6243a2 [rxR,0x100000-0x832000] (sentry,capmode)
Is aligned: 0
Is sealed: 1
Tag: 1, Perms: 68117, Type: fffffffffffffffe, Address: 6243a2, Base: 100000, End: 832000, Flags: 1,
Length: 732000, Offset: 5243a2

--
Executable: 2, Read: 4, Write: 0 invoke: 256
Capability: 0x627cbc [rxR,0x100000-0x832000] (sentry,capmode)
Is aligned: 0
Is sealed: 1
Tag: 1, Perms: 68117, Type: fffffffffffffffe, Address: 627cbc, Base: 100000, End: 832000, Flags: 1,
Length: 732000, Offset: 527cbc

--
Executable: 2, Read: 4, Write: 0 invoke: 256
Capability: 0x47841e [rxR,0x100000-0x832000] (sentry,capmode)
Is aligned: 0
Is sealed: 1
Tag: 1, Perms: 68117, Type: fffffffffffffffe, Address: 47841e, Base: 100000, End: 832000, Flags: 1,
Length: 732000, Offset: 37841e

--
Executable: 2, Read: 4, Write: 0 invoke: 256
Capability: 0x362aa4 [rxR,0x100000-0x832000] (sentry,capmode)
Is aligned: 0
Is sealed: 1
Tag: 1, Perms: 68117, Type: fffffffffffffffe, Address: 362aa4, Base: 100000, End: 832000, Flags: 1,
Length: 732000, Offset: 262aa4

--
Executable: 2, Read: 4, Write: 0 invoke: 256
Capability: 0x3631ce [rxR,0x100000-0x832000] (sentry,capmode)
Is aligned: 0
Is sealed: 1
Tag: 1, Perms: 68117, Type: fffffffffffffffe, Address: 3631ce, Base: 100000, End: 832000, Flags: 1,
Length: 732000, Offset: 2631ce

--
Executable: 2, Read: 4, Write: 0 invoke: 256
Capability: 0x62396c [rxR,0x100000-0x832000] (sentry,capmode)
Is aligned: 0
Is sealed: 1
Tag: 1, Perms: 68117, Type: fffffffffffffffe, Address: 62396c, Base: 100000, End: 832000, Flags: 1,
Length: 732000, Offset: 52396c

--
Executable: 2, Read: 4, Write: 0 invoke: 256
Capability: 0x6154ee [rxR,0x100000-0x832000] (sentry,capmode)
Is aligned: 0
Is sealed: 1
Tag: 1, Perms: 68117, Type: fffffffffffffffe, Address: 6154ee, Base: 100000, End: 832000, Flags: 1,
Length: 732000, Offset: 5154ee

--
Executable: 2, Read: 4, Write: 0 invoke: 256
Capability: 0x658d56 [rxR,0x100000-0x832000] (sentry,capmode)
Is aligned: 0
Is sealed: 1
Tag: 1, Perms: 68117, Type: fffffffffffffffe, Address: 658d56, Base: 100000, End: 832000, Flags: 1,
Length: 732000, Offset: 558d56

--
Executable: 2, Read: 4, Write: 0 invoke: 256
Capability: 0x65626a [rxR,0x100000-0x832000] (sentry,capmode)
Is aligned: 0
Is sealed: 1
Tag: 1, Perms: 68117, Type: fffffffffffffffe, Address: 65626a, Base: 100000, End: 832000, Flags: 1,
Length: 732000, Offset: 55626a

--
Executable: 2, Read: 4, Write: 0 invoke: 256
Capability: 0x654bae [rxR,0x100000-0x832000] (sentry,capmode)
Is aligned: 0
Is sealed: 1
Tag: 1, Perms: 68117, Type: fffffffffffffffe, Address: 654bae, Base: 100000, End: 832000, Flags: 1,
Length: 732000, Offset: 554bae

--
Executable: 2, Read: 4, Write: 0 invoke: 256
Capability: 0x655aa0 [rxR,0x100000-0x832000] (sentry,capmode)
Is aligned: 1
Is sealed: 1
Tag: 1, Perms: 68117, Type: fffffffffffffffe, Address: 655aa0, Base: 100000, End: 832000, Flags: 1,
Length: 732000, Offset: 555aa0

--
Executable: 2, Read: 4, Write: 0 invoke: 256
Capability: 0x601580 [rxR,0x100000-0x832000] (sentry,capmode)
Is aligned: 1
Is sealed: 1
Tag: 1, Perms: 68117, Type: fffffffffffffffe, Address: 601580, Base: 100000, End: 832000, Flags: 1,
Length: 732000, Offset: 501580

--
Executable: 2, Read: 4, Write: 0 invoke: 0
Capability: 0x600e02 [rxR,0x100000-0x832000] (invalid,sentry,capmode)
Is aligned: 0
Is sealed: 1
Tag: 0, Perms: 0017, Type: fffffffffffffffe, Address: 600e02, Base: 100000, End: 832000, Flags: 1, L
ength: 732000, Offset: 500e02

--
Executable: 2, Read: 4, Write: 0 invoke: 256
Capability: 0x6dd74e [rxR,0x100000-0x832000] (sentry,capmode)
Is aligned: 0
Is sealed: 1
Tag: 1, Perms: 68117, Type: fffffffffffffffe, Address: 6dd74e, Base: 100000, End: 832000, Flags: 1,
Length: 732000, Offset: 5dd74e

--
Executable: 2, Read: 4, Write: 0 invoke: 256
Capability: 0x6edb38 [rxR,0x100000-0x832000] (sentry,capmode)
Is aligned: 0
Is sealed: 1
Tag: 1, Perms: 68117, Type: fffffffffffffffe, Address: 6edb38, Base: 100000, End: 832000, Flags: 1,
Length: 732000, Offset: 5edb38

--
Executable: 2, Read: 4, Write: 0 invoke: 256
Capability: 0x4081df7a [rxR,0x4080c000-0x40834600] (sentry,capmode)
Is aligned: 0
Is sealed: 1
Tag: 1, Perms: 68117, Type: fffffffffffffffe, Address: 4081df7a, Base: 4080c000, End: 40834600, Flag
s: 1, Length: 28600, Offset: 11f7a

--
Executable: 2, Read: 4, Write: 0 invoke: 256
Capability: 0x6ca95c [rxR,0x100000-0x832000] (sentry,capmode)
Is aligned: 0
Is sealed: 1
Tag: 1, Perms: 68117, Type: fffffffffffffffe, Address: 6ca95c, Base: 100000, End: 832000, Flags: 1,
Length: 732000, Offset: 5ca95c

--
Executable: 2, Read: 4, Write: 0 invoke: 256
Capability: 0x6d1130 [rxR,0x100000-0x832000] (sentry,capmode)
Is aligned: 1
Is sealed: 1
Tag: 1, Perms: 68117, Type: fffffffffffffffe, Address: 6d1130, Base: 100000, End: 832000, Flags: 1,
Length: 732000, Offset: 5d1130

--
Executable: 2, Read: 4, Write: 0 invoke: 256
Capability: 0x6f3566 [rxR,0x100000-0x832000] (sentry,capmode)
Is aligned: 0
Is sealed: 1
Tag: 1, Perms: 68117, Type: fffffffffffffffe, Address: 6f3566, Base: 100000, End: 832000, Flags: 1,
Length: 732000, Offset: 5f3566

Executable: 2, Read: 4, Write: 0 invoke: 256
Capability: 0x6f303a [rxR,0x100000-0x832000] (sentry,capmode)
Is aligned: 0
Is sealed: 1
Tag: 1, Perms: 68117, Type: fffffffffffffffe, Address: 6f303a, Base: 100000, End: 832000, Flags: 1,
Length: 732000, Offset: 5f303a

--
Executable: 2, Read: 4, Write: 0 invoke: 256
Capability: 0x6cecf4 [rxR,0x100000-0x832000] (sentry,capmode)
Is aligned: 0
Is sealed: 1
Tag: 1, Perms: 68117, Type: fffffffffffffffe, Address: 6cecf4, Base: 100000, End: 832000, Flags: 1,
Length: 732000, Offset: 5cecf4

Executable: 2, Read: 4, Write: 0 invoke: 256
Capability: 0x6aa1e2 [rxR,0x100000-0x832000] (sentry,capmode)
Is aligned: 0
Is sealed: 1
Tag: 1, Perms: 68117, Type: fffffffffffffffe, Address: 6aa1e2, Base: 100000, End: 832000, Flags: 1,
Length: 732000, Offset: 5aa1e2

--
Executable: 2, Read: 4, Write: 0 invoke: 256
Capability: 0x6aa1b0 [rxR,0x100000-0x832000] (sentry,capmode)
Is aligned: 1
Is sealed: 1
Tag: 1, Perms: 68117, Type: fffffffffffffffe, Address: 6aa1b0, Base: 100000, End: 832000, Flags: 1,
Length: 732000, Offset: 5aa1b0

Executable: 2, Read: 4, Write: 0 invoke: 256
Capability: 0x6f26a2 [rxR,0x100000-0x832000] (sentry,capmode)
Is aligned: 0
Is sealed: 1
Tag: 1, Perms: 68117, Type: fffffffffffffffe, Address: 6f26a2, Base: 100000, End: 832000, Flags: 1,
Length: 732000, Offset: 5f26a2

--
Executable: 2, Read: 4, Write: 0 invoke: 256
Capability: 0x476b70 [rxR,0x100000-0x832000] (sentry,capmode)
Is aligned: 1
Is sealed: 1
Tag: 1, Perms: 68117, Type: fffffffffffffffe, Address: 476b70, Base: 100000, End: 832000, Flags: 1,
Length: 732000, Offset: 376b70

--
Executable: 2, Read: 4, Write: 0 invoke: 256
Capability: 0x6ca07e [rxR,0x100000-0x832000] (sentry,capmode)
Is aligned: 0
Is sealed: 1
Tag: 1, Perms: 68117, Type: fffffffffffffffe, Address: 6ca07e, Base: 100000, End: 832000, Flags: 1,
Length: 732000, Offset: 5ca07e

--
Executable: 2, Read: 4, Write: 0 invoke: 256
Capability: 0x6addc4 [rxR,0x100000-0x832000] (sentry,capmode)
Is aligned: 0
Is sealed: 1
Tag: 1, Perms: 68117, Type: fffffffffffffffe, Address: 6addc4, Base: 100000, End: 832000, Flags: 1,
Length: 732000, Offset: 5addc4

--
Executable: 2, Read: 4, Write: 0 invoke: 256
Capability: 0x34ef8c [rxR,0x100000-0x832000] (sentry,capmode)
Is aligned: 0
Is sealed: 1
Tag: 1, Perms: 68117, Type: fffffffffffffffe, Address: 34ef8c, Base: 100000, End: 832000, Flags: 1,
Length: 732000, Offset: 24ef8c

--
Executable: 2, Read: 4, Write: 0 invoke: 256
Capability: 0x6add36 [rxR,0x100000-0x832000] (sentry,capmode)
Is aligned: 0
Is sealed: 1
Tag: 1, Perms: 68117, Type: fffffffffffffffe, Address: 6add36, Base: 100000, End: 832000, Flags: 1,
Length: 732000, Offset: 5add36

--
Executable: 2, Read: 4, Write: 0 invoke: 256
Capability: 0x6c7c48 [rxR,0x100000-0x832000] (sentry,capmode)
Is aligned: 0
Is sealed: 1
Tag: 1, Perms: 68117, Type: fffffffffffffffe, Address: 6c7c48, Base: 100000, End: 832000, Flags: 1,
Length: 732000, Offset: 5c7c48

Executable: 2, Read: 4, Write: 0 invoke: 256
Capability: 0x6ca300 [rxR,0x100000-0x832000] (sentry,capmode)
Is aligned: 1
Is sealed: 1
Tag: 1, Perms: 68117, Type: fffffffffffffffe, Address: 6ca300, Base: 100000, End: 832000, Flags: 1,
Length: 732000, Offset: 5ca300

--
Executable: 2, Read: 4, Write: 0 invoke: 256
Capability: 0x6ca1fa [rxR,0x100000-0x832000] (sentry,capmode)
Is aligned: 0
Is sealed: 1
Tag: 1, Perms: 68117, Type: fffffffffffffffe, Address: 6ca1fa, Base: 100000, End: 832000, Flags: 1,
Length: 732000, Offset: 5ca1fa

Executable: 2, Read: 4, Write: 0 invoke: 256
Capability: 0x45085c [rxR,0x100000-0x832000] (sentry,capmode)
Is aligned: 0
Is sealed: 1
Tag: 1, Perms: 68117, Type: fffffffffffffffe, Address: 45085c, Base: 100000, End: 832000, Flags: 1,
Length: 732000, Offset: 35085c

--
Executable: 2, Read: 4, Write: 0 invoke: 256
Capability: 0x34ef8c [rxR,0x100000-0x832000] (sentry,capmode)
Is aligned: 0
Is sealed: 1
Tag: 1, Perms: 68117, Type: fffffffffffffffe, Address: 34ef8c, Base: 100000, End: 832000, Flags: 1,
Length: 732000, Offset: 24ef8c

--
Executable: 2, Read: 4, Write: 0 invoke: 256
Capability: 0x45080a [rxR,0x100000-0x832000] (sentry,capmode)
Is aligned: 0
Is sealed: 1
Tag: 1, Perms: 68117, Type: fffffffffffffffe, Address: 45080a, Base: 100000, End: 832000, Flags: 1,
Length: 732000, Offset: 35080a

--
Executable: 2, Read: 4, Write: 0 invoke: 256
Capability: 0x44fc40 [rxR,0x100000-0x832000] (sentry,capmode)
Is aligned: 1
Is sealed: 1
Tag: 1, Perms: 68117, Type: fffffffffffffffe, Address: 44fc40, Base: 100000, End: 832000, Flags: 1,
Length: 732000, Offset: 34fc40

--
Executable: 2, Read: 4, Write: 0 invoke: 256
Capability: 0x450748 [rxR,0x100000-0x832000] (sentry,capmode)
Is aligned: 0
Is sealed: 1
Tag: 1, Perms: 68117, Type: fffffffffffffffe, Address: 450748, Base: 100000, End: 832000, Flags: 1,
Length: 732000, Offset: 350748

--
Executable: 2, Read: 4, Write: 0 invoke: 256
Capability: 0x34f04e [rxR,0x100000-0x832000] (sentry,capmode)
Is aligned: 0
Is sealed: 1
Tag: 1, Perms: 68117, Type: fffffffffffffffe, Address: 34f04e, Base: 100000, End: 832000, Flags: 1,
Length: 732000, Offset: 24f04e

Executable: 2, Read: 4, Write: 0 invoke: 256
Capability: 0x5f97d8 [rxR,0x100000-0x832000] (sentry,capmode)
Is aligned: 0
Is sealed: 1
Tag: 1, Perms: 68117, Type: fffffffffffffffe, Address: 5f97d8, Base: 100000, End: 832000, Flags: 1,
Length: 732000, Offset: 4f97d8

--
Executable: 2, Read: 4, Write: 0 invoke: 256
Capability: 0x34f004 [rxR,0x100000-0x832000] (sentry,capmode)
Is aligned: 0
Is sealed: 1
Tag: 1, Perms: 68117, Type: fffffffffffffffe, Address: 34f004, Base: 100000, End: 832000, Flags: 1,
Length: 732000, Offset: 24f004

--
Executable: 2, Read: 4, Write: 0 invoke: 256
Capability: 0x409c3bee [rxR,0x40918000-0x40f30000] (sentry,capmode)
Is aligned: 0
Is sealed: 1
Tag: 1, Perms: 68117, Type: fffffffffffffffe, Address: 409c3bee, Base: 40918000, End: 40f30000, Flag
s: 1, Length: 618000, Offset: abbee

--
Executable: 2, Read: 4, Write: 0 invoke: 256
Capability: 0x34ef58 [rxR,0x100000-0x832000] (sentry,capmode)
Is aligned: 0
Is sealed: 1
Tag: 1, Perms: 68117, Type: fffffffffffffffe, Address: 34ef58, Base: 100000, End: 832000, Flags: 1,
Length: 732000, Offset: 24ef58

Executable: 2, Read: 4, Write: 0 invoke: 256
Capability: 0x4081756c [rxR,0x4080c000-0x40834600] (sentry,capmode)
Is aligned: 0
Is sealed: 1
Tag: 1, Perms: 68117, Type: fffffffffffffffe, Address: 4081756c, Base: 4080c000, End: 40834600, Flag
s: 1, Length: 28600, Offset: b56c

--
Executable: 2, Read: 4, Write: 0 invoke: 256
Capability: 0x34ef8c [rxR,0x100000-0x832000] (sentry,capmode)
Is aligned: 0
Is sealed: 1
Tag: 1, Perms: 68117, Type: fffffffffffffffe, Address: 34ef8c, Base: 100000, End: 832000, Flags: 1,
Length: 732000, Offset: 24ef8c

--
Executable: 2, Read: 4, Write: 0 invoke: 256
Capability: 0x46b564 [rxR,0x100000-0x832000] (sentry,capmode)
Is aligned: 0
Is sealed: 1
Tag: 1, Perms: 68117, Type: fffffffffffffffe, Address: 46b564, Base: 100000, End: 832000, Flags: 1,
Length: 732000, Offset: 36b564

--
Executable: 2, Read: 4, Write: 0 invoke: 256
Capability: 0x46b922 [rxR,0x100000-0x832000] (sentry,capmode)
Is aligned: 0
Is sealed: 1
Tag: 1, Perms: 68117, Type: fffffffffffffffe, Address: 46b922, Base: 100000, End: 832000, Flags: 1,
Length: 732000, Offset: 36b922

--
Executable: 2, Read: 4, Write: 0 invoke: 256
Capability: 0x4784f4 [rxR,0x100000-0x832000] (sentry,capmode)
Is aligned: 0
Is sealed: 1
Tag: 1, Perms: 68117, Type: fffffffffffffffe, Address: 4784f4, Base: 100000, End: 832000, Flags: 1,
Length: 732000, Offset: 3784f4

--
Executable: 2, Read: 4, Write: 0 invoke: 256
Capability: 0x477c24 [rxR,0x100000-0x832000] (sentry,capmode)
Is aligned: 0
Is sealed: 1
Tag: 1, Perms: 68117, Type: fffffffffffffffe, Address: 477c24, Base: 100000, End: 832000, Flags: 1,
Length: 732000, Offset: 377c24

--
Executable: 2, Read: 4, Write: 0 invoke: 256
Capability: 0x477bea [rxR,0x100000-0x832000] (sentry,capmode)
Is aligned: 0
Is sealed: 1
Tag: 1, Perms: 68117, Type: fffffffffffffffe, Address: 477bea, Base: 100000, End: 832000, Flags: 1,
Length: 732000, Offset: 377bea

--
Executable: 2, Read: 4, Write: 0 invoke: 256
Capability: 0x477a6c [rxR,0x100000-0x832000] (sentry,capmode)
Is aligned: 0
Is sealed: 1
Tag: 1, Perms: 68117, Type: fffffffffffffffe, Address: 477a6c, Base: 100000, End: 832000, Flags: 1,
Length: 732000, Offset: 377a6c

--
Executable: 2, Read: 4, Write: 0 invoke: 256
Capability: 0x477636 [rxR,0x100000-0x832000] (sentry,capmode)
Is aligned: 0
Is sealed: 1
Tag: 1, Perms: 68117, Type: fffffffffffffffe, Address: 477636, Base: 100000, End: 832000, Flags: 1,
Length: 732000, Offset: 377636

--
Executable: 2, Read: 4, Write: 0 invoke: 256
Capability: 0x47738c [rxR,0x100000-0x832000] (sentry,capmode)
Is aligned: 0
Is sealed: 1
Tag: 1, Perms: 68117, Type: fffffffffffffffe, Address: 47738c, Base: 100000, End: 832000, Flags: 1,
Length: 732000, Offset: 37738c

Executable: 2, Read: 4, Write: 0 invoke: 256
Capability: 0x41451000 [rxR,0x41451000-0x41456000] (invalid,capmode)
Is aligned: 1
Is sealed: 0
Tag: 0, Perms: 68117, Type: ffffffffffffffff, Address: 41451000, Base: 41451000, End: 41456000, Flag
s: 1, Length: 5000, Offset: 0000

Executable: 2, Read: 4, Write: 0 invoke: 256
Capability: 0x477274 [rxR,0x100000-0x832000] (sentry,capmode)
Is aligned: 0
Is sealed: 1
Tag: 1, Perms: 68117, Type: fffffffffffffffe, Address: 477274, Base: 100000, End: 832000, Flags: 1,
Length: 732000, Offset: 377274

--
Executable: 2, Read: 4, Write: 0 invoke: 256
Capability: 0x476c6e [rxR,0x100000-0x832000] (sentry,capmode)
Is aligned: 0
Is sealed: 1
Tag: 1, Perms: 68117, Type: fffffffffffffffe, Address: 476c6e, Base: 100000, End: 832000, Flags: 1,
Length: 732000, Offset: 376c6e

--
Executable: 2, Read: 4, Write: 0 invoke: 256
Capability: 0x477072 [rxR,0x100000-0x832000] (sentry,capmode)
Is aligned: 0
Is sealed: 1
Tag: 1, Perms: 68117, Type: fffffffffffffffe, Address: 477072, Base: 100000, End: 832000, Flags: 1,
Length: 732000, Offset: 377072

--
Executable: 2, Read: 4, Write: 0 invoke: 256
Capability: 0x476b44 [rxR,0x100000-0x832000] (sentry,capmode)
Is aligned: 0
Is sealed: 1
Tag: 1, Perms: 68117, Type: fffffffffffffffe, Address: 476b44, Base: 100000, End: 832000, Flags: 1,
Length: 732000, Offset: 376b44

--
Executable: 2, Read: 4, Write: 0 invoke: 256
Capability: 0x46742c [rxR,0x100000-0x832000] (sentry,capmode)
Is aligned: 0
Is sealed: 1
Tag: 1, Perms: 68117, Type: fffffffffffffffe, Address: 46742c, Base: 100000, End: 832000, Flags: 1,
Length: 732000, Offset: 36742c

--
Executable: 2, Read: 4, Write: 0 invoke: 0
Capability: 0x30 [rxR,0x100000-0x832000] (invalid,sentry,capmode)
Is aligned: 1
Is sealed: 1
Tag: 0, Perms: 0017, Type: fffffffffffffffe, Address: 0030, Base: 100000, End: 832000, Flags: 1, Len
gth: 732000, Offset: fffffffffff00030

--
Executable: 2, Read: 4, Write: 0 invoke: 256
Capability: 0x4673b0 [rxR,0x100000-0x832000] (sentry,capmode)
Is aligned: 1
Is sealed: 1
Tag: 1, Perms: 68117, Type: fffffffffffffffe, Address: 4673b0, Base: 100000, End: 832000, Flags: 1,
Length: 732000, Offset: 3673b0

--
Executable: 2, Read: 4, Write: 0 invoke: 256
Capability: 0x4a0ede [rxR,0x100000-0x832000] (sentry,capmode)
Is aligned: 0
Is sealed: 1
Tag: 1, Perms: 68117, Type: fffffffffffffffe, Address: 4a0ede, Base: 100000, End: 832000, Flags: 1,
Length: 732000, Offset: 3a0ede

--
Executable: 2, Read: 4, Write: 0 invoke: 256
Capability: 0x6bd436 [rxR,0x100000-0x832000] (sentry,capmode)
Is aligned: 0
Is sealed: 1
Tag: 1, Perms: 68117, Type: fffffffffffffffe, Address: 6bd436, Base: 100000, End: 832000, Flags: 1,
Length: 732000, Offset: 5bd436

Executable: 2, Read: 4, Write: 0 invoke: 256
Capability: 0x526d9e [rxR,0x100000-0x832000] (sentry,capmode)
Is aligned: 0
Is sealed: 1
Tag: 1, Perms: 68117, Type: fffffffffffffffe, Address: 526d9e, Base: 100000, End: 832000, Flags: 1,
Length: 732000, Offset: 426d9e

Executable: 2, Read: 4, Write: 0 invoke: 256
Capability: 0x526d4c [rxR,0x100000-0x832000] (sentry,capmode)
Is aligned: 0
Is sealed: 1
Tag: 1, Perms: 68117, Type: fffffffffffffffe, Address: 526d4c, Base: 100000, End: 832000, Flags: 1,
Length: 732000, Offset: 426d4c

Executable: 2, Read: 4, Write: 0 invoke: 256
Capability: 0x4a0eb6 [rxR,0x100000-0x832000] (sentry,capmode)
Is aligned: 0
Is sealed: 1
Tag: 1, Perms: 68117, Type: fffffffffffffffe, Address: 4a0eb6, Base: 100000, End: 832000, Flags: 1,
Length: 732000, Offset: 3a0eb6

Executable: 2, Read: 4, Write: 0 invoke: 256
Capability: 0x51ef14 [rxR,0x100000-0x832000] (sentry,capmode)
Is aligned: 0
Is sealed: 1
Tag: 1, Perms: 68117, Type: fffffffffffffffe, Address: 51ef14, Base: 100000, End: 832000, Flags: 1,
Length: 732000, Offset: 41ef14

Executable: 2, Read: 4, Write: 0 invoke: 256
Capability: 0x4a0eb6 [rxR,0x100000-0x832000] (sentry,capmode)
Is aligned: 0
Is sealed: 1
Tag: 1, Perms: 68117, Type: fffffffffffffffe, Address: 4a0eb6, Base: 100000, End: 832000, Flags: 1,
Length: 732000, Offset: 3a0eb6

Executable: 2, Read: 4, Write: 0 invoke: 256
Capability: 0x51efb8 [rxR,0x100000-0x832000] (sentry,capmode)
Is aligned: 0
Is sealed: 1
Tag: 1, Perms: 68117, Type: fffffffffffffffe, Address: 51efb8, Base: 100000, End: 832000, Flags: 1,
Length: 732000, Offset: 41efb8

--
Executable: 2, Read: 4, Write: 0 invoke: 256
Capability: 0x4a7b04 [rxR,0x100000-0x832000] (sentry,capmode)
Is aligned: 0
Is sealed: 1
Tag: 1, Perms: 68117, Type: fffffffffffffffe, Address: 4a7b04, Base: 100000, End: 832000, Flags: 1,
Length: 732000, Offset: 3a7b04

--
Executable: 2, Read: 4, Write: 0 invoke: 256
Capability: 0x4a7080 [rxR,0x100000-0x832000] (sentry,capmode)
Is aligned: 1
Is sealed: 1
Tag: 1, Perms: 68117, Type: fffffffffffffffe, Address: 4a7080, Base: 100000, End: 832000, Flags: 1,
Length: 732000, Offset: 3a7080

Executable: 2, Read: 4, Write: 0 invoke: 256
Capability: 0x49bdc8 [rxR,0x100000-0x832000] (sentry,capmode)
Is aligned: 0
Is sealed: 1
Tag: 1, Perms: 68117, Type: fffffffffffffffe, Address: 49bdc8, Base: 100000, End: 832000, Flags: 1,
Length: 732000, Offset: 39bdc8

--
Executable: 2, Read: 4, Write: 0 invoke: 256
Capability: 0x6aa3e6 [rxR,0x100000-0x832000] (sentry,capmode)
Is aligned: 0
Is sealed: 1
Tag: 1, Perms: 68117, Type: fffffffffffffffe, Address: 6aa3e6, Base: 100000, End: 832000, Flags: 1,
Length: 732000, Offset: 5aa3e6

--
Executable: 2, Read: 4, Write: 0 invoke: 256
Capability: 0x6eaf7e [rxR,0x100000-0x832000] (sentry,capmode)
Is aligned: 0
Is sealed: 1
Tag: 1, Perms: 68117, Type: fffffffffffffffe, Address: 6eaf7e, Base: 100000, End: 832000, Flags: 1,
Length: 732000, Offset: 5eaf7e

Executable: 2, Read: 4, Write: 0 invoke: 256
Capability: 0x4a6e62 [rxR,0x100000-0x832000] (sentry,capmode)
Is aligned: 0
Is sealed: 1
Tag: 1, Perms: 68117, Type: fffffffffffffffe, Address: 4a6e62, Base: 100000, End: 832000, Flags: 1,
Length: 732000, Offset: 3a6e62

Executable: 2, Read: 4, Write: 0 invoke: 256
Capability: 0x4a6e62 [rxR,0x100000-0x832000] (sentry,capmode)
Is aligned: 0
Is sealed: 1
Tag: 1, Perms: 68117, Type: fffffffffffffffe, Address: 4a6e62, Base: 100000, End: 832000, Flags: 1,
Length: 732000, Offset: 3a6e62

--
Executable: 2, Read: 4, Write: 0 invoke: 256
Capability: 0x6dc9c6 [rxR,0x100000-0x832000] (sentry,capmode)
Is aligned: 0
Is sealed: 1
Tag: 1, Perms: 68117, Type: fffffffffffffffe, Address: 6dc9c6, Base: 100000, End: 832000, Flags: 1,
Length: 732000, Offset: 5dc9c6

--
Executable: 2, Read: 4, Write: 0 invoke: 256
Capability: 0x465e42 [rxR,0x100000-0x832000] (sentry,capmode)
Is aligned: 0
Is sealed: 1
Tag: 1, Perms: 68117, Type: fffffffffffffffe, Address: 465e42, Base: 100000, End: 832000, Flags: 1,
Length: 732000, Offset: 365e42

--
Executable: 2, Read: 4, Write: 0 invoke: 256
Capability: 0x465ff8 [rxR,0x100000-0x832000] (sentry,capmode)
Is aligned: 0
Is sealed: 1
Tag: 1, Perms: 68117, Type: fffffffffffffffe, Address: 465ff8, Base: 100000, End: 832000, Flags: 1,
Length: 732000, Offset: 365ff8

--
Executable: 2, Read: 4, Write: 8 invoke: 256
Capability: 0x3fffdfcd60 [rwxRW,0x3fbfe00000-0x3fffe00000] (invalid,sealed,capmode)
Is aligned: 1
Is sealed: 1
Tag: 0, Perms: 78fff, Type: 1f, Address: 3fffdfcd60, Base: 3fbfe00000, End: 3fffe00000, Flags: 1, Le
ngth: 40000000, Offset: 3fffcd60

--
Executable: 2, Read: 4, Write: 0 invoke: 256
Capability: 0x46c93c [rxR,0x100000-0x832000] (sentry,capmode)
Is aligned: 0
Is sealed: 1
Tag: 1, Perms: 68117, Type: fffffffffffffffe, Address: 46c93c, Base: 100000, End: 832000, Flags: 1,
Length: 732000, Offset: 36c93c

--
Executable: 2, Read: 4, Write: 0 invoke: 256
Capability: 0x6dcbe0 [rxR,0x100000-0x832000] (sentry,capmode)
Is aligned: 1
Is sealed: 1
Tag: 1, Perms: 68117, Type: fffffffffffffffe, Address: 6dcbe0, Base: 100000, End: 832000, Flags: 1,
Length: 732000, Offset: 5dcbe0

--
Executable: 2, Read: 4, Write: 0 invoke: 256
Capability: 0x6ad8e6 [rxR,0x100000-0x832000] (sentry,capmode)
Is aligned: 0
Is sealed: 1
Tag: 1, Perms: 68117, Type: fffffffffffffffe, Address: 6ad8e6, Base: 100000, End: 832000, Flags: 1,
Length: 732000, Offset: 5ad8e6

--
Executable: 2, Read: 4, Write: 0 invoke: 256
Capability: 0x6b407a [rxR,0x100000-0x832000] (sentry,capmode)
Is aligned: 0
Is sealed: 1
Tag: 1, Perms: 68117, Type: fffffffffffffffe, Address: 6b407a, Base: 100000, End: 832000, Flags: 1,
Length: 732000, Offset: 5b407a

--
Executable: 2, Read: 4, Write: 0 invoke: 256
Capability: 0x6b5a74 [rxR,0x100000-0x832000] (sentry,capmode)
Is aligned: 0
Is sealed: 1
Tag: 1, Perms: 68117, Type: fffffffffffffffe, Address: 6b5a74, Base: 100000, End: 832000, Flags: 1,
Length: 732000, Offset: 5b5a74

--
Executable: 2, Read: 4, Write: 0 invoke: 256
Capability: 0x4085ac86 [rxR,0x4083f000-0x40879000] (sentry,capmode)
Is aligned: 0
Is sealed: 1
Tag: 1, Perms: 68117, Type: fffffffffffffffe, Address: 4085ac86, Base: 4083f000, End: 40879000, Flag
s: 1, Length: 3a000, Offset: 1bc86

Executable: 2, Read: 4, Write: 0 invoke: 256
Capability: 0x4085743e [rxR,0x4083f000-0x40879000] (sentry,capmode)
Is aligned: 0
Is sealed: 1
Tag: 1, Perms: 68117, Type: fffffffffffffffe, Address: 4085743e, Base: 4083f000, End: 40879000, Flag
s: 1, Length: 3a000, Offset: 1843e

--
Executable: 2, Read: 4, Write: 0 invoke: 256
Capability: 0x40aac5ea [rxR,0x40918000-0x40f30000] (sentry,capmode)
Is aligned: 0
Is sealed: 1
Tag: 1, Perms: 68117, Type: fffffffffffffffe, Address: 40aac5ea, Base: 40918000, End: 40f30000, Flag
s: 1, Length: 618000, Offset: 1945ea

--
Executable: 2, Read: 0, Write: 8 invoke: 0
Capability: 0x55555555 [wxW,0x55552000-0x55552a00] (invalid,sealed,capmode)
Is aligned: 0
Is sealed: 1
Tag: 0, Perms: 20aeb, Type: 2667f, Address: 55555555, Base: 55552000, End: 55552a00, Flags: 1, Lengt
h: 0a00, Offset: 3555

--
Executable: 2, Read: 4, Write: 0 invoke: 256
Capability: 0x4085743e [rxR,0x4083f000-0x40879000] (sentry,capmode)
Is aligned: 0
Is sealed: 1
Tag: 1, Perms: 68117, Type: fffffffffffffffe, Address: 4085743e, Base: 4083f000, End: 40879000, Flag
s: 1, Length: 3a000, Offset: 1843e

Executable: 2, Read: 0, Write: 0 invoke: 256
Capability: 0x136db [xR,0x10ee0-0x11002] (invalid,sealed,capmode)
Is aligned: 0
Is sealed: 1
Tag: 0, Perms: 10913, Type: 41fa, Address: 136db, Base: 10ee0, End: 11002, Flags: 1, Length: 0122, O
ffset: 27fb

--
Executable: 2, Read: 4, Write: 0 invoke: 256
Capability: 0x40a90c30 [rxR,0x40918000-0x40f30000] (sentry,capmode)
Is aligned: 1
Is sealed: 1
Tag: 1, Perms: 68117, Type: fffffffffffffffe, Address: 40a90c30, Base: 40918000, End: 40f30000, Flag
s: 1, Length: 618000, Offset: 178c30

--
Executable: 2, Read: 4, Write: 0 invoke: 256
Capability: 0x40ac716a [rxR,0x40918000-0x40f30000] (sentry,capmode)
Is aligned: 0
Is sealed: 1
Tag: 1, Perms: 68117, Type: fffffffffffffffe, Address: 40ac716a, Base: 40918000, End: 40f30000, Flag
s: 1, Length: 618000, Offset: 1af16a

Executable: 2, Read: 4, Write: 0 invoke: 256
Capability: 0x6b3fa2 [rxR,0x100000-0x832000] (sentry,capmode)
Is aligned: 0
Is sealed: 1
Tag: 1, Perms: 68117, Type: fffffffffffffffe, Address: 6b3fa2, Base: 100000, End: 832000, Flags: 1,
Length: 732000, Offset: 5b3fa2

--
Executable: 2, Read: 4, Write: 0 invoke: 256
Capability: 0x40821e0c [rxR,0x4080c000-0x40834600] (sentry,capmode)
Is aligned: 0
Is sealed: 1
Tag: 1, Perms: 68117, Type: fffffffffffffffe, Address: 40821e0c, Base: 4080c000, End: 40834600, Flag
s: 1, Length: 28600, Offset: 15e0c

--
Executable: 2, Read: 4, Write: 0 invoke: 256
Capability: 0x6243a2 [rxR,0x100000-0x832000] (sentry,capmode)
Is aligned: 0
Is sealed: 1
Tag: 1, Perms: 68117, Type: fffffffffffffffe, Address: 6243a2, Base: 100000, End: 832000, Flags: 1,
Length: 732000, Offset: 5243a2

--
Executable: 2, Read: 4, Write: 0 invoke: 256
Capability: 0x627cbc [rxR,0x100000-0x832000] (sentry,capmode)
Is aligned: 0
Is sealed: 1
Tag: 1, Perms: 68117, Type: fffffffffffffffe, Address: 627cbc, Base: 100000, End: 832000, Flags: 1,
Length: 732000, Offset: 527cbc

--
Executable: 2, Read: 4, Write: 0 invoke: 256
Capability: 0x362aa4 [rxR,0x100000-0x832000] (sentry,capmode)
Is aligned: 0
Is sealed: 1
Tag: 1, Perms: 68117, Type: fffffffffffffffe, Address: 362aa4, Base: 100000, End: 832000, Flags: 1,
Length: 732000, Offset: 262aa4

--
Executable: 2, Read: 4, Write: 0 invoke: 256
Capability: 0x3631ce [rxR,0x100000-0x832000] (sentry,capmode)
Is aligned: 0
Is sealed: 1
Tag: 1, Perms: 68117, Type: fffffffffffffffe, Address: 3631ce, Base: 100000, End: 832000, Flags: 1,
Length: 732000, Offset: 2631ce

--
Executable: 2, Read: 4, Write: 0 invoke: 256
Capability: 0x62396c [rxR,0x100000-0x832000] (sentry,capmode)
Is aligned: 0
Is sealed: 1
Tag: 1, Perms: 68117, Type: fffffffffffffffe, Address: 62396c, Base: 100000, End: 832000, Flags: 1,
Length: 732000, Offset: 52396c

--
Executable: 2, Read: 4, Write: 8 invoke: 256
Capability: 0x7780b000 [rwxRW,0x7780bfbb-0x7780bff9] (invalid,sealed,capmode)
Is aligned: 1
Is sealed: 1
Tag: 0, Perms: 78fff, Type: 0, Address: 7780b000, Base: 7780bfbb, End: 7780bff9, Flags: 1, Length: 0
03e, Offset: fffffffffffff045

--
Executable: 2, Read: 4, Write: 0 invoke: 256
Capability: 0x6154ee [rxR,0x100000-0x832000] (sentry,capmode)
Is aligned: 0
Is sealed: 1
Tag: 1, Perms: 68117, Type: fffffffffffffffe, Address: 6154ee, Base: 100000, End: 832000, Flags: 1,
Length: 732000, Offset: 5154ee

--
Executable: 2, Read: 4, Write: 0 invoke: 256
Capability: 0x658d56 [rxR,0x100000-0x832000] (sentry,capmode)
Is aligned: 0
Is sealed: 1
Tag: 1, Perms: 68117, Type: fffffffffffffffe, Address: 658d56, Base: 100000, End: 832000, Flags: 1,
Length: 732000, Offset: 558d56

--
Executable: 2, Read: 4, Write: 0 invoke: 256
Capability: 0x65626a [rxR,0x100000-0x832000] (sentry,capmode)
Is aligned: 0
Is sealed: 1
Tag: 1, Perms: 68117, Type: fffffffffffffffe, Address: 65626a, Base: 100000, End: 832000, Flags: 1,
Length: 732000, Offset: 55626a

--
Executable: 2, Read: 4, Write: 0 invoke: 256
Capability: 0x654bae [rxR,0x100000-0x832000] (sentry,capmode)
Is aligned: 0
Is sealed: 1
Tag: 1, Perms: 68117, Type: fffffffffffffffe, Address: 654bae, Base: 100000, End: 832000, Flags: 1,
Length: 732000, Offset: 554bae

--
Executable: 2, Read: 4, Write: 0 invoke: 256
Capability: 0x655aa0 [rxR,0x100000-0x832000] (sentry,capmode)
Is aligned: 1
Is sealed: 1
Tag: 1, Perms: 68117, Type: fffffffffffffffe, Address: 655aa0, Base: 100000, End: 832000, Flags: 1,
Length: 732000, Offset: 555aa0

--
Executable: 2, Read: 4, Write: 0 invoke: 0
Capability: 0x600e02 [rxR,0x100000-0x832000] (invalid,sentry,capmode)
Is aligned: 0
Is sealed: 1
Tag: 0, Perms: 0017, Type: fffffffffffffffe, Address: 600e02, Base: 100000, End: 832000, Flags: 1, L
ength: 732000, Offset: 500e02

--
Executable: 2, Read: 4, Write: 0 invoke: 256
Capability: 0x6dd74e [rxR,0x100000-0x832000] (sentry,capmode)
Is aligned: 0
Is sealed: 1
Tag: 1, Perms: 68117, Type: fffffffffffffffe, Address: 6dd74e, Base: 100000, End: 832000, Flags: 1,
Length: 732000, Offset: 5dd74e

--
Executable: 2, Read: 4, Write: 0 invoke: 256
Capability: 0x6edb38 [rxR,0x100000-0x832000] (sentry,capmode)
Is aligned: 0
Is sealed: 1
Tag: 1, Perms: 68117, Type: fffffffffffffffe, Address: 6edb38, Base: 100000, End: 832000, Flags: 1,
Length: 732000, Offset: 5edb38

--
Executable: 2, Read: 4, Write: 0 invoke: 256
Capability: 0x4081df7a [rxR,0x4080c000-0x40834600] (sentry,capmode)
Is aligned: 0
Is sealed: 1
Tag: 1, Perms: 68117, Type: fffffffffffffffe, Address: 4081df7a, Base: 4080c000, End: 40834600, Flag
s: 1, Length: 28600, Offset: 11f7a

--
Executable: 2, Read: 4, Write: 0 invoke: 256
Capability: 0x6f3566 [rxR,0x100000-0x832000] (sentry,capmode)
Is aligned: 0
Is sealed: 1
Tag: 1, Perms: 68117, Type: fffffffffffffffe, Address: 6f3566, Base: 100000, End: 832000, Flags: 1,
Length: 732000, Offset: 5f3566

Executable: 2, Read: 4, Write: 0 invoke: 256
Capability: 0x6f303a [rxR,0x100000-0x832000] (invalid,sentry,capmode)
Is aligned: 0
Is sealed: 1
Tag: 0, Perms: 0117, Type: fffffffffffffffe, Address: 6f303a, Base: 100000, End: 832000, Flags: 1, L
ength: 732000, Offset: 5f303a

--
Executable: 2, Read: 4, Write: 0 invoke: 0
Capability: 0x6aa1e2 [rxR,0x100000-0x832000] (invalid,sentry,capmode)
Is aligned: 0
Is sealed: 1
Tag: 0, Perms: 0017, Type: fffffffffffffffe, Address: 6aa1e2, Base: 100000, End: 832000, Flags: 1, L
ength: 732000, Offset: 5aa1e2

--
Executable: 2, Read: 4, Write: 0 invoke: 256
Capability: 0x6aa1b0 [rxR,0x100000-0x832000] (sentry,capmode)
Is aligned: 1
Is sealed: 1
Tag: 1, Perms: 68117, Type: fffffffffffffffe, Address: 6aa1b0, Base: 100000, End: 832000, Flags: 1,
Length: 732000, Offset: 5aa1b0

Executable: 2, Read: 4, Write: 0 invoke: 256
Capability: 0x6f26a2 [rxR,0x100000-0x832000] (sentry,capmode)
Is aligned: 0
Is sealed: 1
Tag: 1, Perms: 68117, Type: fffffffffffffffe, Address: 6f26a2, Base: 100000, End: 832000, Flags: 1,
Length: 732000, Offset: 5f26a2

--
Executable: 2, Read: 4, Write: 0 invoke: 256
Capability: 0x476b70 [rxR,0x100000-0x832000] (sentry,capmode)
Is aligned: 1
Is sealed: 1
Tag: 1, Perms: 68117, Type: fffffffffffffffe, Address: 476b70, Base: 100000, End: 832000, Flags: 1,
Length: 732000, Offset: 376b70

--
Executable: 2, Read: 4, Write: 0 invoke: 256
Capability: 0x6ca07e [rxR,0x100000-0x832000] (sentry,capmode)
Is aligned: 0
Is sealed: 1
Tag: 1, Perms: 68117, Type: fffffffffffffffe, Address: 6ca07e, Base: 100000, End: 832000, Flags: 1,
Length: 732000, Offset: 5ca07e

--
Executable: 2, Read: 4, Write: 0 invoke: 256
Capability: 0x6addc4 [rxR,0x100000-0x832000] (sentry,capmode)
Is aligned: 0
Is sealed: 1
Tag: 1, Perms: 68117, Type: fffffffffffffffe, Address: 6addc4, Base: 100000, End: 832000, Flags: 1,
Length: 732000, Offset: 5addc4

--
Executable: 2, Read: 4, Write: 0 invoke: 256
Capability: 0x34ef8c [rxR,0x100000-0x832000] (sentry,capmode)
Is aligned: 0
Is sealed: 1
Tag: 1, Perms: 68117, Type: fffffffffffffffe, Address: 34ef8c, Base: 100000, End: 832000, Flags: 1,
Length: 732000, Offset: 24ef8c

--
Executable: 2, Read: 4, Write: 0 invoke: 256
Capability: 0x6add36 [rxR,0x100000-0x832000] (sentry,capmode)
Is aligned: 0
Is sealed: 1
Tag: 1, Perms: 68117, Type: fffffffffffffffe, Address: 6add36, Base: 100000, End: 832000, Flags: 1,
Length: 732000, Offset: 5add36

--
Executable: 2, Read: 4, Write: 0 invoke: 256
Capability: 0x6c7c48 [rxR,0x100000-0x832000] (sentry,capmode)
Is aligned: 0
Is sealed: 1
Tag: 1, Perms: 68117, Type: fffffffffffffffe, Address: 6c7c48, Base: 100000, End: 832000, Flags: 1,
Length: 732000, Offset: 5c7c48

Executable: 2, Read: 4, Write: 0 invoke: 256
Capability: 0x6ca300 [rxR,0x100000-0x832000] (sentry,capmode)
Is aligned: 1
Is sealed: 1
Tag: 1, Perms: 68117, Type: fffffffffffffffe, Address: 6ca300, Base: 100000, End: 832000, Flags: 1,
Length: 732000, Offset: 5ca300

--
Executable: 2, Read: 4, Write: 0 invoke: 256
Capability: 0x6ca1fa [rxR,0x100000-0x832000] (sentry,capmode)
Is aligned: 0
Is sealed: 1
Tag: 1, Perms: 68117, Type: fffffffffffffffe, Address: 6ca1fa, Base: 100000, End: 832000, Flags: 1,
Length: 732000, Offset: 5ca1fa

Executable: 2, Read: 4, Write: 0 invoke: 256
Capability: 0x45085c [rxR,0x100000-0x832000] (sentry,capmode)
Is aligned: 0
Is sealed: 1
Tag: 1, Perms: 68117, Type: fffffffffffffffe, Address: 45085c, Base: 100000, End: 832000, Flags: 1,
Length: 732000, Offset: 35085c

--
Executable: 2, Read: 4, Write: 0 invoke: 256
Capability: 0x34ef8c [rxR,0x100000-0x832000] (sentry,capmode)
Is aligned: 0
Is sealed: 1
Tag: 1, Perms: 68117, Type: fffffffffffffffe, Address: 34ef8c, Base: 100000, End: 832000, Flags: 1,
Length: 732000, Offset: 24ef8c

--
Executable: 2, Read: 4, Write: 0 invoke: 256
Capability: 0x45080a [rxR,0x100000-0x832000] (sentry,capmode)
Is aligned: 0
Is sealed: 1
Tag: 1, Perms: 68117, Type: fffffffffffffffe, Address: 45080a, Base: 100000, End: 832000, Flags: 1,
Length: 732000, Offset: 35080a

--
Executable: 2, Read: 4, Write: 0 invoke: 256
Capability: 0x44fc40 [rxR,0x100000-0x832000] (sentry,capmode)
Is aligned: 1
Is sealed: 1
Tag: 1, Perms: 68117, Type: fffffffffffffffe, Address: 44fc40, Base: 100000, End: 832000, Flags: 1,
Length: 732000, Offset: 34fc40

--
Executable: 2, Read: 4, Write: 0 invoke: 256
Capability: 0x450748 [rxR,0x100000-0x832000] (sentry,capmode)
Is aligned: 0
Is sealed: 1
Tag: 1, Perms: 68117, Type: fffffffffffffffe, Address: 450748, Base: 100000, End: 832000, Flags: 1,
Length: 732000, Offset: 350748

--
Executable: 2, Read: 4, Write: 0 invoke: 256
Capability: 0x34f04e [rxR,0x100000-0x832000] (sentry,capmode)
Is aligned: 0
Is sealed: 1
Tag: 1, Perms: 68117, Type: fffffffffffffffe, Address: 34f04e, Base: 100000, End: 832000, Flags: 1,
Length: 732000, Offset: 24f04e

Executable: 2, Read: 4, Write: 0 invoke: 256
Capability: 0x5f97d8 [rxR,0x100000-0x832000] (sentry,capmode)
Is aligned: 0
Is sealed: 1
Tag: 1, Perms: 68117, Type: fffffffffffffffe, Address: 5f97d8, Base: 100000, End: 832000, Flags: 1,
Length: 732000, Offset: 4f97d8

--
Executable: 2, Read: 4, Write: 0 invoke: 256
Capability: 0x34f004 [rxR,0x100000-0x832000] (sentry,capmode)
Is aligned: 0
Is sealed: 1
Tag: 1, Perms: 68117, Type: fffffffffffffffe, Address: 34f004, Base: 100000, End: 832000, Flags: 1,
Length: 732000, Offset: 24f004

--
Executable: 2, Read: 4, Write: 0 invoke: 256
Capability: 0x409c3bee [rxR,0x40918000-0x40f30000] (sentry,capmode)
Is aligned: 0
Is sealed: 1
Tag: 1, Perms: 68117, Type: fffffffffffffffe, Address: 409c3bee, Base: 40918000, End: 40f30000, Flag
s: 1, Length: 618000, Offset: abbee

--
Executable: 2, Read: 4, Write: 0 invoke: 256
Capability: 0x34ef58 [rxR,0x100000-0x832000] (sentry,capmode)
Is aligned: 0
Is sealed: 1
Tag: 1, Perms: 68117, Type: fffffffffffffffe, Address: 34ef58, Base: 100000, End: 832000, Flags: 1,
Length: 732000, Offset: 24ef58

Executable: 2, Read: 4, Write: 0 invoke: 256
Capability: 0x4081756c [rxR,0x4080c000-0x40834600] (sentry,capmode)
Is aligned: 0
Is sealed: 1
Tag: 1, Perms: 68117, Type: fffffffffffffffe, Address: 4081756c, Base: 4080c000, End: 40834600, Flag
s: 1, Length: 28600, Offset: b56c

--
Executable: 2, Read: 4, Write: 0 invoke: 256
Capability: 0x34ef8c [rxR,0x100000-0x832000] (sentry,capmode)
Is aligned: 0
Is sealed: 1
Tag: 1, Perms: 68117, Type: fffffffffffffffe, Address: 34ef8c, Base: 100000, End: 832000, Flags: 1,
Length: 732000, Offset: 24ef8c

--
Executable: 2, Read: 4, Write: 0 invoke: 256
Capability: 0x46b564 [rxR,0x100000-0x832000] (sentry,capmode)
Is aligned: 0
Is sealed: 1
Tag: 1, Perms: 68117, Type: fffffffffffffffe, Address: 46b564, Base: 100000, End: 832000, Flags: 1,
Length: 732000, Offset: 36b564

--
Executable: 2, Read: 4, Write: 0 invoke: 256
Capability: 0x46b922 [rxR,0x100000-0x832000] (sentry,capmode)
Is aligned: 0
Is sealed: 1
Tag: 1, Perms: 68117, Type: fffffffffffffffe, Address: 46b922, Base: 100000, End: 832000, Flags: 1,
Length: 732000, Offset: 36b922

--
Executable: 2, Read: 4, Write: 0 invoke: 256
Capability: 0x4784f4 [rxR,0x100000-0x832000] (sentry,capmode)
Is aligned: 0
Is sealed: 1
Tag: 1, Perms: 68117, Type: fffffffffffffffe, Address: 4784f4, Base: 100000, End: 832000, Flags: 1,
Length: 732000, Offset: 3784f4

--
Executable: 2, Read: 4, Write: 0 invoke: 256
Capability: 0x47f658 [rxR,0x100000-0x832000] (sentry,capmode)
Is aligned: 0
Is sealed: 1
Tag: 1, Perms: 68117, Type: fffffffffffffffe, Address: 47f658, Base: 100000, End: 832000, Flags: 1,
Length: 732000, Offset: 37f658

--
Executable: 2, Read: 4, Write: 0 invoke: 256
Capability: 0x477ba4 [rxR,0x100000-0x832000] (sentry,capmode)
Is aligned: 0
Is sealed: 1
Tag: 1, Perms: 68117, Type: fffffffffffffffe, Address: 477ba4, Base: 100000, End: 832000, Flags: 1,
Length: 732000, Offset: 377ba4

--
Executable: 2, Read: 4, Write: 0 invoke: 256
Capability: 0x47f21c [rxR,0x100000-0x832000] (sentry,capmode)
Is aligned: 0
Is sealed: 1
Tag: 1, Perms: 68117, Type: fffffffffffffffe, Address: 47f21c, Base: 100000, End: 832000, Flags: 1,
Length: 732000, Offset: 37f21c

--
Executable: 2, Read: 4, Write: 0 invoke: 256
Capability: 0x47e68c [rxR,0x100000-0x832000] (sentry,capmode)
Is aligned: 0
Is sealed: 1
Tag: 1, Perms: 68117, Type: fffffffffffffffe, Address: 47e68c, Base: 100000, End: 832000, Flags: 1,
Length: 732000, Offset: 37e68c

Executable: 2, Read: 4, Write: 0 invoke: 256
Capability: 0x4773fc [rxR,0x100000-0x832000] (sentry,capmode)
Is aligned: 0
Is sealed: 1
Tag: 1, Perms: 68117, Type: fffffffffffffffe, Address: 4773fc, Base: 100000, End: 832000, Flags: 1,
Length: 732000, Offset: 3773fc

--
Executable: 2, Read: 4, Write: 0 invoke: 256
Capability: 0x47e096 [rxR,0x100000-0x832000] (sentry,capmode)
Is aligned: 0
Is sealed: 1
Tag: 1, Perms: 68117, Type: fffffffffffffffe, Address: 47e096, Base: 100000, End: 832000, Flags: 1,
Length: 732000, Offset: 37e096

Executable: 2, Read: 4, Write: 0 invoke: 256
Capability: 0x47743a [rxR,0x100000-0x832000] (sentry,capmode)
Is aligned: 0
Is sealed: 1
Tag: 1, Perms: 68117, Type: fffffffffffffffe, Address: 47743a, Base: 100000, End: 832000, Flags: 1,
Length: 732000, Offset: 37743a

Executable: 2, Read: 4, Write: 0 invoke: 256
Capability: 0x465e98 [rxR,0x100000-0x832000] (sentry,capmode)
Is aligned: 0
Is sealed: 1
Tag: 1, Perms: 68117, Type: fffffffffffffffe, Address: 465e98, Base: 100000, End: 832000, Flags: 1,
Length: 732000, Offset: 365e98

Executable: 2, Read: 4, Write: 0 invoke: 256
Capability: 0x4772bc [rxR,0x100000-0x832000] (sentry,capmode)
Is aligned: 0
Is sealed: 1
Tag: 1, Perms: 68117, Type: fffffffffffffffe, Address: 4772bc, Base: 100000, End: 832000, Flags: 1,
Length: 732000, Offset: 3772bc

--
Executable: 2, Read: 4, Write: 0 invoke: 256
Capability: 0x476c6e [rxR,0x100000-0x832000] (sentry,capmode)
Is aligned: 0
Is sealed: 1
Tag: 1, Perms: 68117, Type: fffffffffffffffe, Address: 476c6e, Base: 100000, End: 832000, Flags: 1,
Length: 732000, Offset: 376c6e

--
Executable: 2, Read: 4, Write: 0 invoke: 256
Capability: 0x476ace [rxR,0x100000-0x832000] (sentry,capmode)
Is aligned: 0
Is sealed: 1
Tag: 1, Perms: 68117, Type: fffffffffffffffe, Address: 476ace, Base: 100000, End: 832000, Flags: 1,
Length: 732000, Offset: 376ace

Executable: 2, Read: 4, Write: 0 invoke: 256
Capability: 0x4710b4 [rxR,0x100000-0x832000] (sentry,capmode)
Is aligned: 0
Is sealed: 1
Tag: 1, Perms: 68117, Type: fffffffffffffffe, Address: 4710b4, Base: 100000, End: 832000, Flags: 1,
Length: 732000, Offset: 3710b4

--
Executable: 2, Read: 4, Write: 0 invoke: 256
Capability: 0x46742c [rxR,0x100000-0x832000] (sentry,capmode)
Is aligned: 0
Is sealed: 1
Tag: 1, Perms: 68117, Type: fffffffffffffffe, Address: 46742c, Base: 100000, End: 832000, Flags: 1,
Length: 732000, Offset: 36742c

--
Executable: 2, Read: 4, Write: 0 invoke: 256
Capability: 0x476b70 [rxR,0x100000-0x832000] (sentry,capmode)
Is aligned: 1
Is sealed: 1
Tag: 1, Perms: 68117, Type: fffffffffffffffe, Address: 476b70, Base: 100000, End: 832000, Flags: 1,
Length: 732000, Offset: 376b70

--
Executable: 2, Read: 4, Write: 0 invoke: 256
Capability: 0x467544 [rxR,0x100000-0x832000] (sentry,capmode)
Is aligned: 0
Is sealed: 1
Tag: 1, Perms: 68117, Type: fffffffffffffffe, Address: 467544, Base: 100000, End: 832000, Flags: 1,
Length: 732000, Offset: 367544

--
Executable: 2, Read: 4, Write: 0 invoke: 256
Capability: 0x36d0f0 [rxR,0x100000-0x832000] (sentry,capmode)
Is aligned: 1
Is sealed: 1
Tag: 1, Perms: 68117, Type: fffffffffffffffe, Address: 36d0f0, Base: 100000, End: 832000, Flags: 1,
Length: 732000, Offset: 26d0f0

--
Executable: 2, Read: 4, Write: 0 invoke: 256
Capability: 0x37e5b0 [rxR,0x100000-0x832000] (sentry,capmode)
Is aligned: 1
Is sealed: 1
Tag: 1, Perms: 68117, Type: fffffffffffffffe, Address: 37e5b0, Base: 100000, End: 832000, Flags: 1,
Length: 732000, Offset: 27e5b0

--
Executable: 2, Read: 4, Write: 0 invoke: 256
Capability: 0x38b412 [rxR,0x100000-0x832000] (sentry,capmode)
Is aligned: 0
Is sealed: 1
Tag: 1, Perms: 68117, Type: fffffffffffffffe, Address: 38b412, Base: 100000, End: 832000, Flags: 1,
Length: 732000, Offset: 28b412

--
Executable: 2, Read: 4, Write: 0 invoke: 256
Capability: 0x37e2b4 [rxR,0x100000-0x832000] (sentry,capmode)
Is aligned: 0
Is sealed: 1
Tag: 1, Perms: 68117, Type: fffffffffffffffe, Address: 37e2b4, Base: 100000, End: 832000, Flags: 1,
Length: 732000, Offset: 27e2b4

--
Executable: 2, Read: 4, Write: 0 invoke: 256
Capability: 0x50884a [rxR,0x100000-0x832000] (sentry,capmode)
Is aligned: 0
Is sealed: 1
Tag: 1, Perms: 68117, Type: fffffffffffffffe, Address: 50884a, Base: 100000, End: 832000, Flags: 1,
Length: 732000, Offset: 40884a

--
Executable: 2, Read: 4, Write: 0 invoke: 256
Capability: 0x51828e [rxR,0x100000-0x832000] (sentry,capmode)
Is aligned: 0
Is sealed: 1
Tag: 1, Perms: 68117, Type: fffffffffffffffe, Address: 51828e, Base: 100000, End: 832000, Flags: 1,
Length: 732000, Offset: 41828e

--
Executable: 2, Read: 4, Write: 0 invoke: 256
Capability: 0x50f944 [rxR,0x100000-0x832000] (sentry,capmode)
Is aligned: 0
Is sealed: 1
Tag: 1, Perms: 68117, Type: fffffffffffffffe, Address: 50f944, Base: 100000, End: 832000, Flags: 1,
Length: 732000, Offset: 40f944

--
Executable: 2, Read: 4, Write: 0 invoke: 256
Capability: 0x50f682 [rxR,0x100000-0x832000] (sentry,capmode)
Is aligned: 0
Is sealed: 1
Tag: 1, Perms: 68117, Type: fffffffffffffffe, Address: 50f682, Base: 100000, End: 832000, Flags: 1,
Length: 732000, Offset: 40f682

--
Executable: 2, Read: 4, Write: 0 invoke: 256
Capability: 0x6eafe8 [rxR,0x100000-0x832000] (sentry,capmode)
Is aligned: 0
Is sealed: 1
Tag: 1, Perms: 68117, Type: fffffffffffffffe, Address: 6eafe8, Base: 100000, End: 832000, Flags: 1,
Length: 732000, Offset: 5eafe8

Executable: 2, Read: 4, Write: 0 invoke: 256
Capability: 0x50f64c [rxR,0x100000-0x832000] (sentry,capmode)
Is aligned: 0
Is sealed: 1
Tag: 1, Perms: 68117, Type: fffffffffffffffe, Address: 50f64c, Base: 100000, End: 832000, Flags: 1,
Length: 732000, Offset: 40f64c

Executable: 2, Read: 4, Write: 0 invoke: 256
Capability: 0x50f64c [rxR,0x100000-0x832000] (sentry,capmode)
Is aligned: 0
Is sealed: 1
Tag: 1, Perms: 68117, Type: fffffffffffffffe, Address: 50f64c, Base: 100000, End: 832000, Flags: 1,
Length: 732000, Offset: 40f64c

--
Executable: 2, Read: 4, Write: 0 invoke: 256
Capability: 0x6dc9c6 [rxR,0x100000-0x832000] (sentry,capmode)
Is aligned: 0
Is sealed: 1
Tag: 1, Perms: 68117, Type: fffffffffffffffe, Address: 6dc9c6, Base: 100000, End: 832000, Flags: 1,
Length: 732000, Offset: 5dc9c6

--
Executable: 2, Read: 4, Write: 0 invoke: 256
Capability: 0x47841e [rxR,0x100000-0x832000] (sentry,capmode)
Is aligned: 0
Is sealed: 1
Tag: 1, Perms: 68117, Type: fffffffffffffffe, Address: 47841e, Base: 100000, End: 832000, Flags: 1,
Length: 732000, Offset: 37841e

--
Executable: 2, Read: 4, Write: 0 invoke: 256
Capability: 0x4783f6 [rxR,0x100000-0x832000] (sentry,capmode)
Is aligned: 0
Is sealed: 1
Tag: 1, Perms: 68117, Type: fffffffffffffffe, Address: 4783f6, Base: 100000, End: 832000, Flags: 1,
Length: 732000, Offset: 3783f6

Executable: 2, Read: 4, Write: 0 invoke: 256
Capability: 0x4783b2 [rxR,0x100000-0x832000] (sentry,capmode)
Is aligned: 0
Is sealed: 1
Tag: 1, Perms: 68117, Type: fffffffffffffffe, Address: 4783b2, Base: 100000, End: 832000, Flags: 1,
Length: 732000, Offset: 3783b2

--
Executable: 2, Read: 4, Write: 0 invoke: 256
Capability: 0x6dcbe0 [rxR,0x100000-0x832000] (sentry,capmode)
Is aligned: 1
Is sealed: 1
Tag: 1, Perms: 68117, Type: fffffffffffffffe, Address: 6dcbe0, Base: 100000, End: 832000, Flags: 1,
Length: 732000, Offset: 5dcbe0

--
Executable: 2, Read: 4, Write: 0 invoke: 256
Capability: 0x6ad8e6 [rxR,0x100000-0x832000] (sentry,capmode)
Is aligned: 0
Is sealed: 1
Tag: 1, Perms: 68117, Type: fffffffffffffffe, Address: 6ad8e6, Base: 100000, End: 832000, Flags: 1,
Length: 732000, Offset: 5ad8e6

--
Executable: 2, Read: 4, Write: 0 invoke: 256
Capability: 0x6b407a [rxR,0x100000-0x832000] (sentry,capmode)
Is aligned: 0
Is sealed: 1
Tag: 1, Perms: 68117, Type: fffffffffffffffe, Address: 6b407a, Base: 100000, End: 832000, Flags: 1,
Length: 732000, Offset: 5b407a

--
Executable: 2, Read: 4, Write: 0 invoke: 256
Capability: 0x6b5a74 [rxR,0x100000-0x832000] (sentry,capmode)
Is aligned: 0
Is sealed: 1
Tag: 1, Perms: 68117, Type: fffffffffffffffe, Address: 6b5a74, Base: 100000, End: 832000, Flags: 1,
Length: 732000, Offset: 5b5a74

--
Executable: 2, Read: 4, Write: 0 invoke: 256
Capability: 0x6b5844 [rxR,0x100000-0x832000] (sentry,capmode)
Is aligned: 0
Is sealed: 1
Tag: 1, Perms: 68117, Type: fffffffffffffffe, Address: 6b5844, Base: 100000, End: 832000, Flags: 1,
Length: 732000, Offset: 5b5844

Executable: 2, Read: 4, Write: 0 invoke: 256
Capability: 0x6b5844 [rxR,0x100000-0x832000] (sentry,capmode)
Is aligned: 0
Is sealed: 1
Tag: 1, Perms: 68117, Type: fffffffffffffffe, Address: 6b5844, Base: 100000, End: 832000, Flags: 1,
Length: 732000, Offset: 5b5844

--
Executable: 2, Read: 4, Write: 0 invoke: 256
Capability: 0x6f1504 [rxR,0x100000-0x832000] (invalid,sentry,capmode)
Is aligned: 0
Is sealed: 1
Tag: 0, Perms: 0117, Type: fffffffffffffffe, Address: 6f1504, Base: 100000, End: 832000, Flags: 1, L
ength: 732000, Offset: 5f1504

--
Executable: 2, Read: 4, Write: 0 invoke: 256
Capability: 0x6aa84c [rxR,0x100000-0x832000] (sentry,capmode)
Is aligned: 0
Is sealed: 1
Tag: 1, Perms: 68117, Type: fffffffffffffffe, Address: 6aa84c, Base: 100000, End: 832000, Flags: 1,
Length: 732000, Offset: 5aa84c

--
Executable: 2, Read: 4, Write: 0 invoke: 256
Capability: 0x6c49fa [rxR,0x100000-0x832000] (sentry,capmode)
Is aligned: 0
Is sealed: 1
Tag: 1, Perms: 68117, Type: fffffffffffffffe, Address: 6c49fa, Base: 100000, End: 832000, Flags: 1,
Length: 732000, Offset: 5c49fa

Executable: 2, Read: 4, Write: 0 invoke: 256
Capability: 0x6a9b26 [rxR,0x100000-0x832000] (sentry,capmode)
Is aligned: 0
Is sealed: 1
Tag: 1, Perms: 68117, Type: fffffffffffffffe, Address: 6a9b26, Base: 100000, End: 832000, Flags: 1,
Length: 732000, Offset: 5a9b26

--
Executable: 2, Read: 4, Write: 0 invoke: 256
Capability: 0x6b5844 [rxR,0x100000-0x832000] (sentry,capmode)
Is aligned: 0
Is sealed: 1
Tag: 1, Perms: 68117, Type: fffffffffffffffe, Address: 6b5844, Base: 100000, End: 832000, Flags: 1,
Length: 732000, Offset: 5b5844

--
Executable: 2, Read: 4, Write: 0 invoke: 256
Capability: 0x6b73cc [rxR,0x100000-0x832000] (sentry,capmode)
Is aligned: 0
Is sealed: 1
Tag: 1, Perms: 68117, Type: fffffffffffffffe, Address: 6b73cc, Base: 100000, End: 832000, Flags: 1,
Length: 732000, Offset: 5b73cc

--
Executable: 2, Read: 4, Write: 0 invoke: 256
Capability: 0x6b5844 [rxR,0x100000-0x832000] (sentry,capmode)
Is aligned: 0
Is sealed: 1
Tag: 1, Perms: 68117, Type: fffffffffffffffe, Address: 6b5844, Base: 100000, End: 832000, Flags: 1,
Length: 732000, Offset: 5b5844

--
Executable: 2, Read: 4, Write: 0 invoke: 256
Capability: 0x6a0964 [rxR,0x100000-0x832000] (sentry,capmode)
Is aligned: 0
Is sealed: 1
Tag: 1, Perms: 68117, Type: fffffffffffffffe, Address: 6a0964, Base: 100000, End: 832000, Flags: 1,
Length: 732000, Offset: 5a0964

--
Executable: 2, Read: 4, Write: 0 invoke: 256
Capability: 0x6a10f4 [rxR,0x100000-0x832000] (invalid,sentry,capmode)
Is aligned: 0
Is sealed: 1
Tag: 0, Perms: 0117, Type: fffffffffffffffe, Address: 6a10f4, Base: 100000, End: 832000, Flags: 1, L
ength: 732000, Offset: 5a10f4

--
Executable: 2, Read: 4, Write: 0 invoke: 256
Capability: 0x44b676 [rxR,0x100000-0x832000] (sentry,capmode)
Is aligned: 0
Is sealed: 1
Tag: 1, Perms: 68117, Type: fffffffffffffffe, Address: 44b676, Base: 100000, End: 832000, Flags: 1,
Length: 732000, Offset: 34b676

--
Executable: 2, Read: 4, Write: 0 invoke: 256
Capability: 0x34ef8c [rxR,0x100000-0x832000] (sentry,capmode)
Is aligned: 0
Is sealed: 1
Tag: 1, Perms: 68117, Type: fffffffffffffffe, Address: 34ef8c, Base: 100000, End: 832000, Flags: 1,
Length: 732000, Offset: 24ef8c

Executable: 2, Read: 4, Write: 0 invoke: 256
Capability: 0x659602 [rxR,0x100000-0x832000] (sentry,capmode)
Is aligned: 0
Is sealed: 1
Tag: 1, Perms: 68117, Type: fffffffffffffffe, Address: 659602, Base: 100000, End: 832000, Flags: 1,
Length: 732000, Offset: 559602

--
Executable: 2, Read: 4, Write: 0 invoke: 256
Capability: 0x34ef8c [rxR,0x100000-0x832000] (sentry,capmode)
Is aligned: 0
Is sealed: 1
Tag: 1, Perms: 68117, Type: fffffffffffffffe, Address: 34ef8c, Base: 100000, End: 832000, Flags: 1,
Length: 732000, Offset: 24ef8c

--
Executable: 2, Read: 4, Write: 0 invoke: 256
Capability: 0x40a7d20c [rxR,0x40918000-0x40f30000] (sentry,capmode)
Is aligned: 0
Is sealed: 1
Tag: 1, Perms: 68117, Type: fffffffffffffffe, Address: 40a7d20c, Base: 40918000, End: 40f30000, Flag
s: 1, Length: 618000, Offset: 16520c

Executable: 2, Read: 4, Write: 0 invoke: 256
Capability: 0x65af76 [rxR,0x100000-0x832000] (sentry,capmode)
Is aligned: 0
Is sealed: 1
Tag: 1, Perms: 68117, Type: fffffffffffffffe, Address: 65af76, Base: 100000, End: 832000, Flags: 1,
Length: 732000, Offset: 55af76

Executable: 2, Read: 4, Write: 0 invoke: 256
Capability: 0x58a716 [rxR,0x100000-0x832000] (sentry,capmode)
Is aligned: 0
Is sealed: 1
Tag: 1, Perms: 68117, Type: fffffffffffffffe, Address: 58a716, Base: 100000, End: 832000, Flags: 1,
Length: 732000, Offset: 48a716

Executable: 2, Read: 4, Write: 0 invoke: 256
Capability: 0x69916e [rxR,0x100000-0x832000] (sentry,capmode)
Is aligned: 0
Is sealed: 1
Tag: 1, Perms: 68117, Type: fffffffffffffffe, Address: 69916e, Base: 100000, End: 832000, Flags: 1,
Length: 732000, Offset: 59916e

--
Executable: 2, Read: 4, Write: 0 invoke: 256
Capability: 0x40a7d20c [rxR,0x40918000-0x40f30000] (sentry,capmode)
Is aligned: 0
Is sealed: 1
Tag: 1, Perms: 68117, Type: fffffffffffffffe, Address: 40a7d20c, Base: 40918000, End: 40f30000, Flag
s: 1, Length: 618000, Offset: 16520c

--
Executable: 2, Read: 4, Write: 0 invoke: 256
Capability: 0x1 [rxR,0x100000-0x832000] (invalid,sentry,capmode)
Is aligned: 0
Is sealed: 1
Tag: 0, Perms: 0117, Type: fffffffffffffffe, Address: 0001, Base: 100000, End: 832000, Flags: 1, Len
gth: 732000, Offset: fffffffffff00001

--
Executable: 2, Read: 4, Write: 0 invoke: 256
Capability: 0x6243a2 [rxR,0x100000-0x832000] (sentry,capmode)
Is aligned: 0
Is sealed: 1
Tag: 1, Perms: 68117, Type: fffffffffffffffe, Address: 6243a2, Base: 100000, End: 832000, Flags: 1,
Length: 732000, Offset: 5243a2

--
Executable: 2, Read: 4, Write: 0 invoke: 256
Capability: 0x6263f6 [rxR,0x100000-0x832000] (sentry,capmode)
Is aligned: 0
Is sealed: 1
Tag: 1, Perms: 68117, Type: fffffffffffffffe, Address: 6263f6, Base: 100000, End: 832000, Flags: 1,
Length: 732000, Offset: 5263f6

Executable: 2, Read: 4, Write: 0 invoke: 256
Capability: 0x623ed8 [rxR,0x100000-0x832000] (sentry,capmode)
Is aligned: 0
Is sealed: 1
Tag: 1, Perms: 68117, Type: fffffffffffffffe, Address: 623ed8, Base: 100000, End: 832000, Flags: 1,
Length: 732000, Offset: 523ed8

Executable: 2, Read: 4, Write: 0 invoke: 256
Capability: 0x62b054 [rxR,0x100000-0x832000] (sentry,capmode)
Is aligned: 0
Is sealed: 1
Tag: 1, Perms: 68117, Type: fffffffffffffffe, Address: 62b054, Base: 100000, End: 832000, Flags: 1,
Length: 732000, Offset: 52b054

--
Executable: 2, Read: 4, Write: 0 invoke: 256
Capability: 0x6257a2 [rxR,0x100000-0x832000] (sentry,capmode)
Is aligned: 0
Is sealed: 1
Tag: 1, Perms: 68117, Type: fffffffffffffffe, Address: 6257a2, Base: 100000, End: 832000, Flags: 1,
Length: 732000, Offset: 5257a2

--
Executable: 2, Read: 4, Write: 0 invoke: 256
Capability: 0x6148c8 [rxR,0x100000-0x832000] (sentry,capmode)
Is aligned: 0
Is sealed: 1
Tag: 1, Perms: 68117, Type: fffffffffffffffe, Address: 6148c8, Base: 100000, End: 832000, Flags: 1,
Length: 732000, Offset: 5148c8

--
Executable: 2, Read: 4, Write: 0 invoke: 256
Capability: 0x6141b4 [rxR,0x100000-0x832000] (sentry,capmode)
Is aligned: 0
Is sealed: 1
Tag: 1, Perms: 68117, Type: fffffffffffffffe, Address: 6141b4, Base: 100000, End: 832000, Flags: 1,
Length: 732000, Offset: 5141b4

--
Executable: 2, Read: 4, Write: 0 invoke: 256
Capability: 0x34ef8c [rxR,0x100000-0x832000] (sentry,capmode)
Is aligned: 0
Is sealed: 1
Tag: 1, Perms: 68117, Type: fffffffffffffffe, Address: 34ef8c, Base: 100000, End: 832000, Flags: 1,
Length: 732000, Offset: 24ef8c

Executable: 2, Read: 4, Write: 0 invoke: 256
Capability: 0x659602 [rxR,0x100000-0x832000] (sentry,capmode)
Is aligned: 0
Is sealed: 1
Tag: 1, Perms: 68117, Type: fffffffffffffffe, Address: 659602, Base: 100000, End: 832000, Flags: 1,
Length: 732000, Offset: 559602

--
Executable: 2, Read: 4, Write: 0 invoke: 256
Capability: 0x65a830 [rxR,0x100000-0x832000] (sentry,capmode)
Is aligned: 1
Is sealed: 1
Tag: 1, Perms: 68117, Type: fffffffffffffffe, Address: 65a830, Base: 100000, End: 832000, Flags: 1,
Length: 732000, Offset: 55a830

--
Executable: 2, Read: 4, Write: 0 invoke: 256
Capability: 0x66753a [rxR,0x100000-0x832000] (sentry,capmode)
Is aligned: 0
Is sealed: 1
Tag: 1, Perms: 68117, Type: fffffffffffffffe, Address: 66753a, Base: 100000, End: 832000, Flags: 1,
Length: 732000, Offset: 56753a

--
Executable: 2, Read: 4, Write: 0 invoke: 256
Capability: 0x6674f8 [rxR,0x100000-0x832000] (sentry,capmode)
Is aligned: 0
Is sealed: 1
Tag: 1, Perms: 68117, Type: fffffffffffffffe, Address: 6674f8, Base: 100000, End: 832000, Flags: 1,
Length: 732000, Offset: 5674f8

--
Executable: 2, Read: 4, Write: 0 invoke: 256
Capability: 0x66748e [rxR,0x100000-0x832000] (sentry,capmode)
Is aligned: 0
Is sealed: 1
Tag: 1, Perms: 68117, Type: fffffffffffffffe, Address: 66748e, Base: 100000, End: 832000, Flags: 1,
Length: 732000, Offset: 56748e

Executable: 2, Read: 4, Write: 0 invoke: 256
Capability: 0x659508 [rxR,0x100000-0x832000] (sentry,capmode)
Is aligned: 0
Is sealed: 1
Tag: 1, Perms: 68117, Type: fffffffffffffffe, Address: 659508, Base: 100000, End: 832000, Flags: 1,
Length: 732000, Offset: 559508

Executable: 2, Read: 4, Write: 0 invoke: 256
Capability: 0x454216 [rxR,0x100000-0x832000] (sentry,capmode)
Is aligned: 0
Is sealed: 1
Tag: 1, Perms: 68117, Type: fffffffffffffffe, Address: 454216, Base: 100000, End: 832000, Flags: 1,
Length: 732000, Offset: 354216

Executable: 2, Read: 4, Write: 0 invoke: 256
Capability: 0x65eb7a [rxR,0x100000-0x832000] (sentry,capmode)
Is aligned: 0
Is sealed: 1
Tag: 1, Perms: 68117, Type: fffffffffffffffe, Address: 65eb7a, Base: 100000, End: 832000, Flags: 1,
Length: 732000, Offset: 55eb7a

--
Executable: 2, Read: 4, Write: 0 invoke: 256
Capability: 0x34ef8c [rxR,0x100000-0x832000] (sentry,capmode)
Is aligned: 0
Is sealed: 1
Tag: 1, Perms: 68117, Type: fffffffffffffffe, Address: 34ef8c, Base: 100000, End: 832000, Flags: 1,
Length: 732000, Offset: 24ef8c

--
Executable: 2, Read: 4, Write: 0 invoke: 256
Capability: 0x65e940 [rxR,0x100000-0x832000] (sentry,capmode)
Is aligned: 1
Is sealed: 1
Tag: 1, Perms: 68117, Type: fffffffffffffffe, Address: 65e940, Base: 100000, End: 832000, Flags: 1,
Length: 732000, Offset: 55e940

--
Executable: 2, Read: 4, Write: 0 invoke: 256
Capability: 0x4b1a4c [rxR,0x100000-0x832000] (sentry,capmode)
Is aligned: 0
Is sealed: 1
Tag: 1, Perms: 68117, Type: fffffffffffffffe, Address: 4b1a4c, Base: 100000, End: 832000, Flags: 1,
Length: 732000, Offset: 3b1a4c

Executable: 2, Read: 4, Write: 0 invoke: 256
Capability: 0x49af48 [rxR,0x100000-0x832000] (sentry,capmode)
Is aligned: 0
Is sealed: 1
Tag: 1, Perms: 68117, Type: fffffffffffffffe, Address: 49af48, Base: 100000, End: 832000, Flags: 1,
Length: 732000, Offset: 39af48

--
Executable: 2, Read: 4, Write: 0 invoke: 256
Capability: 0x4b1a4c [rxR,0x100000-0x832000] (sentry,capmode)
Is aligned: 0
Is sealed: 1
Tag: 1, Perms: 68117, Type: fffffffffffffffe, Address: 4b1a4c, Base: 100000, End: 832000, Flags: 1,
Length: 732000, Offset: 3b1a4c

Executable: 2, Read: 4, Write: 0 invoke: 256
Capability: 0x4b1448 [rxR,0x100000-0x832000] (sentry,capmode)
Is aligned: 0
Is sealed: 1
Tag: 1, Perms: 68117, Type: fffffffffffffffe, Address: 4b1448, Base: 100000, End: 832000, Flags: 1,
Length: 732000, Offset: 3b1448

Executable: 2, Read: 4, Write: 0 invoke: 256
Capability: 0x4b1448 [rxR,0x100000-0x832000] (sentry,capmode)
Is aligned: 0
Is sealed: 1
Tag: 1, Perms: 68117, Type: fffffffffffffffe, Address: 4b1448, Base: 100000, End: 832000, Flags: 1,
Length: 732000, Offset: 3b1448

Executable: 2, Read: 4, Write: 0 invoke: 256
Capability: 0x442a4c [rxR,0x100000-0x832000] (sentry,capmode)
Is aligned: 0
Is sealed: 1
Tag: 1, Perms: 68117, Type: fffffffffffffffe, Address: 442a4c, Base: 100000, End: 832000, Flags: 1,
Length: 732000, Offset: 342a4c

--
Executable: 2, Read: 4, Write: 0 invoke: 256
Capability: 0x65c83e [rxR,0x100000-0x832000] (sentry,capmode)
Is aligned: 0
Is sealed: 1
Tag: 1, Perms: 68117, Type: fffffffffffffffe, Address: 65c83e, Base: 100000, End: 832000, Flags: 1,
Length: 732000, Offset: 55c83e

--
Executable: 2, Read: 4, Write: 0 invoke: 256
Capability: 0x65c718 [rxR,0x100000-0x832000] (sentry,capmode)
Is aligned: 0
Is sealed: 1
Tag: 1, Perms: 68117, Type: fffffffffffffffe, Address: 65c718, Base: 100000, End: 832000, Flags: 1,
Length: 732000, Offset: 55c718

--
Executable: 2, Read: 4, Write: 0 invoke: 256
Capability: 0x4522fc [rxR,0x100000-0x832000] (sentry,capmode)
Is aligned: 0
Is sealed: 1
Tag: 1, Perms: 68117, Type: fffffffffffffffe, Address: 4522fc, Base: 100000, End: 832000, Flags: 1,
Length: 732000, Offset: 3522fc

--
Executable: 2, Read: 4, Write: 0 invoke: 256
Capability: 0x4520ae [rxR,0x100000-0x832000] (sentry,capmode)
Is aligned: 0
Is sealed: 1
Tag: 1, Perms: 68117, Type: fffffffffffffffe, Address: 4520ae, Base: 100000, End: 832000, Flags: 1,
Length: 732000, Offset: 3520ae

--
Executable: 2, Read: 4, Write: 0 invoke: 256
Capability: 0x66753a [rxR,0x100000-0x832000] (sentry,capmode)
Is aligned: 0
Is sealed: 1
Tag: 1, Perms: 68117, Type: fffffffffffffffe, Address: 66753a, Base: 100000, End: 832000, Flags: 1,
Length: 732000, Offset: 56753a

--
Executable: 2, Read: 4, Write: 0 invoke: 256
Capability: 0x65c6c0 [rxR,0x100000-0x832000] (sentry,capmode)
Is aligned: 1
Is sealed: 1
Tag: 1, Perms: 68117, Type: fffffffffffffffe, Address: 65c6c0, Base: 100000, End: 832000, Flags: 1,
Length: 732000, Offset: 55c6c0

Executable: 2, Read: 4, Write: 0 invoke: 256
Capability: 0x4b0f42 [rxR,0x100000-0x832000] (sentry,capmode)
Is aligned: 0
Is sealed: 1
Tag: 1, Perms: 68117, Type: fffffffffffffffe, Address: 4b0f42, Base: 100000, End: 832000, Flags: 1,
Length: 732000, Offset: 3b0f42

Executable: 2, Read: 4, Write: 0 invoke: 256
Capability: 0x65c19e [rxR,0x100000-0x832000] (sentry,capmode)
Is aligned: 0
Is sealed: 1
Tag: 1, Perms: 68117, Type: fffffffffffffffe, Address: 65c19e, Base: 100000, End: 832000, Flags: 1,
Length: 732000, Offset: 55c19e

Executable: 2, Read: 4, Write: 0 invoke: 256
Capability: 0x65ccd8 [rxR,0x100000-0x832000] (sentry,capmode)
Is aligned: 0
Is sealed: 1
Tag: 1, Perms: 68117, Type: fffffffffffffffe, Address: 65ccd8, Base: 100000, End: 832000, Flags: 1,
Length: 732000, Offset: 55ccd8

Executable: 2, Read: 4, Write: 0 invoke: 256
Capability: 0x4b0f42 [rxR,0x100000-0x832000] (sentry,capmode)
Is aligned: 0
Is sealed: 1
Tag: 1, Perms: 68117, Type: fffffffffffffffe, Address: 4b0f42, Base: 100000, End: 832000, Flags: 1,
Length: 732000, Offset: 3b0f42

--
Executable: 2, Read: 4, Write: 0 invoke: 256
Capability: 0x627d28 [rxR,0x100000-0x832000] (sentry,capmode)
Is aligned: 0
Is sealed: 1
Tag: 1, Perms: 68117, Type: fffffffffffffffe, Address: 627d28, Base: 100000, End: 832000, Flags: 1,
Length: 732000, Offset: 527d28

--
Executable: 2, Read: 4, Write: 0 invoke: 256
Capability: 0x4b6412 [rxR,0x100000-0x832000] (sentry,capmode)
Is aligned: 0
Is sealed: 1
Tag: 1, Perms: 68117, Type: fffffffffffffffe, Address: 4b6412, Base: 100000, End: 832000, Flags: 1,
Length: 732000, Offset: 3b6412

--
Executable: 2, Read: 4, Write: 0 invoke: 256
Capability: 0x4b947c [rxR,0x100000-0x832000] (sentry,capmode)
Is aligned: 0
Is sealed: 1
Tag: 1, Perms: 68117, Type: fffffffffffffffe, Address: 4b947c, Base: 100000, End: 832000, Flags: 1,
Length: 732000, Offset: 3b947c

--
Executable: 2, Read: 4, Write: 0 invoke: 256
Capability: 0x6cecf4 [rxR,0x100000-0x832000] (sentry,capmode)
Is aligned: 0
Is sealed: 1
Tag: 1, Perms: 68117, Type: fffffffffffffffe, Address: 6cecf4, Base: 100000, End: 832000, Flags: 1,
Length: 732000, Offset: 5cecf4

Executable: 2, Read: 4, Write: 0 invoke: 256
Capability: 0x6dd74e [rxR,0x100000-0x832000] (sentry,capmode)
Is aligned: 0
Is sealed: 1
Tag: 1, Perms: 68117, Type: fffffffffffffffe, Address: 6dd74e, Base: 100000, End: 832000, Flags: 1,
Length: 732000, Offset: 5dd74e

Executable: 2, Read: 4, Write: 0 invoke: 256
Capability: 0x6c680c [rxR,0x100000-0x832000] (sentry,capmode)
Is aligned: 0
Is sealed: 1
Tag: 1, Perms: 68117, Type: fffffffffffffffe, Address: 6c680c, Base: 100000, End: 832000, Flags: 1,
Length: 732000, Offset: 5c680c

Executable: 2, Read: 4, Write: 0 invoke: 256
Capability: 0x6ee6c2 [rxR,0x100000-0x832000] (sentry,capmode)
Is aligned: 0
Is sealed: 1
Tag: 1, Perms: 68117, Type: fffffffffffffffe, Address: 6ee6c2, Base: 100000, End: 832000, Flags: 1,
Length: 732000, Offset: 5ee6c2

--
Executable: 2, Read: 4, Write: 8 invoke: 256
Capability: 0x3fffdfc110 [rwxRW,0x3fbfe00000-0x3fffe00000] (invalid,sealed,capmode)
Is aligned: 1
Is sealed: 1
Tag: 0, Perms: 78fff, Type: 1f, Address: 3fffdfc110, Base: 3fbfe00000, End: 3fffe00000, Flags: 1, Le
ngth: 40000000, Offset: 3fffc110

--
Executable: 2, Read: 4, Write: 0 invoke: 256
Capability: 0x60ef98 [rxR,0x100000-0x832000] (sentry,capmode)
Is aligned: 0
Is sealed: 1
Tag: 1, Perms: 68117, Type: fffffffffffffffe, Address: 60ef98, Base: 100000, End: 832000, Flags: 1,
Length: 732000, Offset: 50ef98

--
Executable: 2, Read: 4, Write: 0 invoke: 256
Capability: 0x6cecf4 [rxR,0x100000-0x832000] (sentry,capmode)
Is aligned: 0
Is sealed: 1
Tag: 1, Perms: 68117, Type: fffffffffffffffe, Address: 6cecf4, Base: 100000, End: 832000, Flags: 1,
Length: 732000, Offset: 5cecf4

Executable: 2, Read: 4, Write: 0 invoke: 256
Capability: 0x6edb38 [rxR,0x100000-0x832000] (sentry,capmode)
Is aligned: 0
Is sealed: 1
Tag: 1, Perms: 68117, Type: fffffffffffffffe, Address: 6edb38, Base: 100000, End: 832000, Flags: 1,
Length: 732000, Offset: 5edb38

--
Executable: 2, Read: 4, Write: 0 invoke: 256
Capability: 0x6dd74e [rxR,0x100000-0x832000] (sentry,capmode)
Is aligned: 0
Is sealed: 1
Tag: 1, Perms: 68117, Type: fffffffffffffffe, Address: 6dd74e, Base: 100000, End: 832000, Flags: 1,
Length: 732000, Offset: 5dd74e

Executable: 2, Read: 4, Write: 0 invoke: 256
Capability: 0x6c46da [rxR,0x100000-0x832000] (sentry,capmode)
Is aligned: 0
Is sealed: 1
Tag: 1, Perms: 68117, Type: fffffffffffffffe, Address: 6c46da, Base: 100000, End: 832000, Flags: 1,
Length: 732000, Offset: 5c46da

--
Executable: 2, Read: 4, Write: 0 invoke: 256
Capability: 0x6adda6 [rxR,0x100000-0x832000] (sentry,capmode)
Is aligned: 0
Is sealed: 1
Tag: 1, Perms: 68117, Type: fffffffffffffffe, Address: 6adda6, Base: 100000, End: 832000, Flags: 1,
Length: 732000, Offset: 5adda6

--
Executable: 2, Read: 4, Write: 0 invoke: 256
Capability: 0x34ef8c [rxR,0x100000-0x832000] (sentry,capmode)
Is aligned: 0
Is sealed: 1
Tag: 1, Perms: 68117, Type: fffffffffffffffe, Address: 34ef8c, Base: 100000, End: 832000, Flags: 1,
Length: 732000, Offset: 24ef8c

--
Executable: 2, Read: 4, Write: 0 invoke: 256
Capability: 0x6add36 [rxR,0x100000-0x832000] (sentry,capmode)
Is aligned: 0
Is sealed: 1
Tag: 1, Perms: 68117, Type: fffffffffffffffe, Address: 6add36, Base: 100000, End: 832000, Flags: 1,
Length: 732000, Offset: 5add36

--
Executable: 2, Read: 4, Write: 0 invoke: 256
Capability: 0x6f1808 [rxR,0x100000-0x832000] (sentry,capmode)
Is aligned: 0
Is sealed: 1
Tag: 1, Perms: 68117, Type: fffffffffffffffe, Address: 6f1808, Base: 100000, End: 832000, Flags: 1,
Length: 732000, Offset: 5f1808

--
Executable: 2, Read: 4, Write: 0 invoke: 256
Capability: 0x6f14ae [rxR,0x100000-0x832000] (sentry,capmode)
Is aligned: 0
Is sealed: 1
Tag: 1, Perms: 68117, Type: fffffffffffffffe, Address: 6f14ae, Base: 100000, End: 832000, Flags: 1,
Length: 732000, Offset: 5f14ae

--
Executable: 2, Read: 4, Write: 0 invoke: 256
Capability: 0x6c4a64 [rxR,0x100000-0x832000] (sentry,capmode)
Is aligned: 0
Is sealed: 1
Tag: 1, Perms: 68117, Type: fffffffffffffffe, Address: 6c4a64, Base: 100000, End: 832000, Flags: 1,
Length: 732000, Offset: 5c4a64

--
Executable: 2, Read: 4, Write: 0 invoke: 256
Capability: 0x6ef19a [rxR,0x100000-0x832000] (sentry,capmode)
Is aligned: 0
Is sealed: 1
Tag: 1, Perms: 68117, Type: fffffffffffffffe, Address: 6ef19a, Base: 100000, End: 832000, Flags: 1,
Length: 732000, Offset: 5ef19a

--
Executable: 2, Read: 4, Write: 0 invoke: 256
Capability: 0x6c2fe6 [rxR,0x100000-0x832000] (sentry,capmode)
Is aligned: 0
Is sealed: 1
Tag: 1, Perms: 68117, Type: fffffffffffffffe, Address: 6c2fe6, Base: 100000, End: 832000, Flags: 1,
Length: 732000, Offset: 5c2fe6

--
Executable: 2, Read: 4, Write: 0 invoke: 256
Capability: 0x6c3040 [rxR,0x100000-0x832000] (sentry,capmode)
Is aligned: 1
Is sealed: 1
Tag: 1, Perms: 68117, Type: fffffffffffffffe, Address: 6c3040, Base: 100000, End: 832000, Flags: 1,
Length: 732000, Offset: 5c3040

--
Executable: 2, Read: 4, Write: 0 invoke: 256
Capability: 0x5a097a [rxR,0x100000-0x832000] (sentry,capmode)
Is aligned: 0
Is sealed: 1
Tag: 1, Perms: 68117, Type: fffffffffffffffe, Address: 5a097a, Base: 100000, End: 832000, Flags: 1,
Length: 732000, Offset: 4a097a

--
Executable: 2, Read: 4, Write: 0 invoke: 256
Capability: 0x59b444 [rxR,0x100000-0x832000] (sentry,capmode)
Is aligned: 0
Is sealed: 1
Tag: 1, Perms: 68117, Type: fffffffffffffffe, Address: 59b444, Base: 100000, End: 832000, Flags: 1,
Length: 732000, Offset: 49b444

Executable: 2, Read: 4, Write: 0 invoke: 256
Capability: 0x6aa3e6 [rxR,0x100000-0x832000] (sentry,capmode)
Is aligned: 0
Is sealed: 1
Tag: 1, Perms: 68117, Type: fffffffffffffffe, Address: 6aa3e6, Base: 100000, End: 832000, Flags: 1,
Length: 732000, Offset: 5aa3e6

--
Executable: 2, Read: 4, Write: 0 invoke: 256
Capability: 0x6eafb0 [rxR,0x100000-0x832000] (sentry,capmode)
Is aligned: 1
Is sealed: 1
Tag: 1, Perms: 68117, Type: fffffffffffffffe, Address: 6eafb0, Base: 100000, End: 832000, Flags: 1,
Length: 732000, Offset: 5eafb0

Executable: 2, Read: 4, Write: 0 invoke: 256
Capability: 0x59b348 [rxR,0x100000-0x832000] (sentry,capmode)
Is aligned: 0
Is sealed: 1
Tag: 1, Perms: 68117, Type: fffffffffffffffe, Address: 59b348, Base: 100000, End: 832000, Flags: 1,
Length: 732000, Offset: 49b348

Executable: 2, Read: 4, Write: 0 invoke: 256
Capability: 0x59b348 [rxR,0x100000-0x832000] (sentry,capmode)
Is aligned: 0
Is sealed: 1
Tag: 1, Perms: 68117, Type: fffffffffffffffe, Address: 59b348, Base: 100000, End: 832000, Flags: 1,
Length: 732000, Offset: 49b348

--
Executable: 2, Read: 4, Write: 0 invoke: 256
Capability: 0x6dc9c6 [rxR,0x100000-0x832000] (sentry,capmode)
Is aligned: 0
Is sealed: 1
Tag: 1, Perms: 68117, Type: fffffffffffffffe, Address: 6dc9c6, Base: 100000, End: 832000, Flags: 1,
Length: 732000, Offset: 5dc9c6

--
Executable: 2, Read: 4, Write: 0 invoke: 256
Capability: 0x47841e [rxR,0x100000-0x832000] (sentry,capmode)
Is aligned: 0
Is sealed: 1
Tag: 1, Perms: 68117, Type: fffffffffffffffe, Address: 47841e, Base: 100000, End: 832000, Flags: 1,
Length: 732000, Offset: 37841e

--
Executable: 2, Read: 4, Write: 0 invoke: 256
Capability: 0x4783f6 [rxR,0x100000-0x832000] (sentry,capmode)
Is aligned: 0
Is sealed: 1
Tag: 1, Perms: 68117, Type: fffffffffffffffe, Address: 4783f6, Base: 100000, End: 832000, Flags: 1,
Length: 732000, Offset: 3783f6

Executable: 2, Read: 4, Write: 0 invoke: 256
Capability: 0x4783b2 [rxR,0x100000-0x832000] (sentry,capmode)
Is aligned: 0
Is sealed: 1
Tag: 1, Perms: 68117, Type: fffffffffffffffe, Address: 4783b2, Base: 100000, End: 832000, Flags: 1,
Length: 732000, Offset: 3783b2

--
Executable: 2, Read: 4, Write: 0 invoke: 256
Capability: 0x46c93c [rxR,0x100000-0x832000] (sentry,capmode)
Is aligned: 0
Is sealed: 1
Tag: 1, Perms: 68117, Type: fffffffffffffffe, Address: 46c93c, Base: 100000, End: 832000, Flags: 1,
Length: 732000, Offset: 36c93c

--
Executable: 2, Read: 4, Write: 0 invoke: 256
Capability: 0x6dcbe0 [rxR,0x100000-0x832000] (sentry,capmode)
Is aligned: 1
Is sealed: 1
Tag: 1, Perms: 68117, Type: fffffffffffffffe, Address: 6dcbe0, Base: 100000, End: 832000, Flags: 1,
Length: 732000, Offset: 5dcbe0

--
Executable: 2, Read: 4, Write: 0 invoke: 256
Capability: 0x6ad8e6 [rxR,0x100000-0x832000] (sentry,capmode)
Is aligned: 0
Is sealed: 1
Tag: 1, Perms: 68117, Type: fffffffffffffffe, Address: 6ad8e6, Base: 100000, End: 832000, Flags: 1,
Length: 732000, Offset: 5ad8e6

--
Executable: 2, Read: 4, Write: 0 invoke: 256
Capability: 0x0 [rxR,0x100000-0x832000] (invalid,sentry,capmode)
Is aligned: 1
Is sealed: 1
Tag: 0, Perms: 68117, Type: fffffffffffffffe, Address: 0000, Base: 100000, End: 832000, Flags: 1, Le
ngth: 732000, Offset: fffffffffff00000

--
Executable: 2, Read: 4, Write: 0 invoke: 256
Capability: 0x6b3b74 [rxR,0x100000-0x832000] (sentry,capmode)
Is aligned: 0
Is sealed: 1
Tag: 1, Perms: 68117, Type: fffffffffffffffe, Address: 6b3b74, Base: 100000, End: 832000, Flags: 1,
Length: 732000, Offset: 5b3b74

--
Executable: 2, Read: 4, Write: 0 invoke: 256
Capability: 0x4085743e [rxR,0x4083f000-0x40879000] (sentry,capmode)
Is aligned: 0
Is sealed: 1
Tag: 1, Perms: 68117, Type: fffffffffffffffe, Address: 4085743e, Base: 4083f000, End: 40879000, Flag
s: 1, Length: 3a000, Offset: 1843e

--
Executable: 2, Read: 0, Write: 8 invoke: 0
Capability: 0x55555555 [wxW,0x55552000-0x55552a00] (invalid,sealed,capmode)
Is aligned: 0
Is sealed: 1
Tag: 0, Perms: 20aeb, Type: 2667f, Address: 55555555, Base: 55552000, End: 55552a00, Flags: 1, Lengt
h: 0a00, Offset: 3555

--
Executable: 2, Read: 4, Write: 0 invoke: 256
Capability: 0x40a90c30 [rxR,0x40918000-0x40f30000] (sentry,capmode)
Is aligned: 1
Is sealed: 1
Tag: 1, Perms: 68117, Type: fffffffffffffffe, Address: 40a90c30, Base: 40918000, End: 40f30000, Flag
s: 1, Length: 618000, Offset: 178c30

--
Executable: 2, Read: 4, Write: 0 invoke: 256
Capability: 0x6b3a6e [rxR,0x100000-0x832000] (sentry,capmode)
Is aligned: 0
Is sealed: 1
Tag: 1, Perms: 68117, Type: fffffffffffffffe, Address: 6b3a6e, Base: 100000, End: 832000, Flags: 1,
Length: 732000, Offset: 5b3a6e

--
Executable: 2, Read: 4, Write: 0 invoke: 256
Capability: 0x6243a2 [rxR,0x100000-0x832000] (invalid,sentry,capmode)
Is aligned: 0
Is sealed: 1
Tag: 0, Perms: 0117, Type: fffffffffffffffe, Address: 6243a2, Base: 100000, End: 832000, Flags: 1, L
ength: 732000, Offset: 5243a2

--
Executable: 2, Read: 4, Write: 0 invoke: 0
Capability: 0x362aa4 [rxR,0x100000-0x832000] (invalid,sentry,capmode)
Is aligned: 0
Is sealed: 1
Tag: 0, Perms: 0017, Type: fffffffffffffffe, Address: 362aa4, Base: 100000, End: 832000, Flags: 1, L
ength: 732000, Offset: 262aa4

--
Executable: 2, Read: 4, Write: 0 invoke: 256
Capability: 0x62396c [rxR,0x100000-0x832000] (sentry,capmode)
Is aligned: 0
Is sealed: 1
Tag: 1, Perms: 68117, Type: fffffffffffffffe, Address: 62396c, Base: 100000, End: 832000, Flags: 1,
Length: 732000, Offset: 52396c

--
Executable: 2, Read: 4, Write: 8 invoke: 256
Capability: 0x7780b000 [rwxRW,0x7780bfee-0x7780bff9] (invalid,sealed,capmode)
Is aligned: 1
Is sealed: 1
Tag: 0, Perms: 78fff, Type: 0, Address: 7780b000, Base: 7780bfee, End: 7780bff9, Flags: 1, Length: 0
00b, Offset: fffffffffffff012

--
Executable: 2, Read: 4, Write: 0 invoke: 256
Capability: 0x6154ee [rxR,0x100000-0x832000] (sentry,capmode)
Is aligned: 0
Is sealed: 1
Tag: 1, Perms: 68117, Type: fffffffffffffffe, Address: 6154ee, Base: 100000, End: 832000, Flags: 1,
Length: 732000, Offset: 5154ee

--
Executable: 2, Read: 4, Write: 0 invoke: 256
Capability: 0x658d56 [rxR,0x100000-0x832000] (sentry,capmode)
Is aligned: 0
Is sealed: 1
Tag: 1, Perms: 68117, Type: fffffffffffffffe, Address: 658d56, Base: 100000, End: 832000, Flags: 1,
Length: 732000, Offset: 558d56

--
Executable: 2, Read: 4, Write: 0 invoke: 256
Capability: 0x65626a [rxR,0x100000-0x832000] (sentry,capmode)
Is aligned: 0
Is sealed: 1
Tag: 1, Perms: 68117, Type: fffffffffffffffe, Address: 65626a, Base: 100000, End: 832000, Flags: 1,
Length: 732000, Offset: 55626a

--
Executable: 2, Read: 4, Write: 0 invoke: 256
Capability: 0x654bae [rxR,0x100000-0x832000] (sentry,capmode)
Is aligned: 0
Is sealed: 1
Tag: 1, Perms: 68117, Type: fffffffffffffffe, Address: 654bae, Base: 100000, End: 832000, Flags: 1,
Length: 732000, Offset: 554bae

--
Executable: 2, Read: 4, Write: 0 invoke: 256
Capability: 0x655aa0 [rxR,0x100000-0x832000] (sentry,capmode)
Is aligned: 1
Is sealed: 1
Tag: 1, Perms: 68117, Type: fffffffffffffffe, Address: 655aa0, Base: 100000, End: 832000, Flags: 1,
Length: 732000, Offset: 555aa0

--
Executable: 2, Read: 4, Write: 0 invoke: 256
Capability: 0x6dd74e [rxR,0x100000-0x832000] (sentry,capmode)
Is aligned: 0
Is sealed: 1
Tag: 1, Perms: 68117, Type: fffffffffffffffe, Address: 6dd74e, Base: 100000, End: 832000, Flags: 1,
Length: 732000, Offset: 5dd74e

--
Executable: 2, Read: 4, Write: 0 invoke: 256
Capability: 0x6edb38 [rxR,0x100000-0x832000] (sentry,capmode)
Is aligned: 0
Is sealed: 1
Tag: 1, Perms: 68117, Type: fffffffffffffffe, Address: 6edb38, Base: 100000, End: 832000, Flags: 1,
Length: 732000, Offset: 5edb38

--
Executable: 2, Read: 4, Write: 0 invoke: 256
Capability: 0x4081df7a [rxR,0x4080c000-0x40834600] (invalid,sentry,capmode)
Is aligned: 0
Is sealed: 1
Tag: 0, Perms: 0117, Type: fffffffffffffffe, Address: 4081df7a, Base: 4080c000, End: 40834600, Flags
: 1, Length: 28600, Offset: 11f7a

--
Executable: 2, Read: 4, Write: 0 invoke: 256
Capability: 0x3 [rxR,0x100000-0x832000] (invalid,sentry,capmode)
Is aligned: 0
Is sealed: 1
Tag: 0, Perms: 0117, Type: fffffffffffffffe, Address: 0003, Base: 100000, End: 832000, Flags: 1, Len
gth: 732000, Offset: fffffffffff00003

--
Executable: 2, Read: 4, Write: 0 invoke: 256
Capability: 0x6aa3e6 [rxR,0x100000-0x832000] (sentry,capmode)
Is aligned: 0
Is sealed: 1
Tag: 1, Perms: 68117, Type: fffffffffffffffe, Address: 6aa3e6, Base: 100000, End: 832000, Flags: 1,
Length: 732000, Offset: 5aa3e6

--
Executable: 2, Read: 4, Write: 0 invoke: 0
Capability: 0x6aa1e2 [rxR,0x100000-0x832000] (invalid,sentry,capmode)
Is aligned: 0
Is sealed: 1
Tag: 0, Perms: 0017, Type: fffffffffffffffe, Address: 6aa1e2, Base: 100000, End: 832000, Flags: 1, L
ength: 732000, Offset: 5aa1e2

--
Executable: 2, Read: 4, Write: 0 invoke: 256
Capability: 0x6aa1b0 [rxR,0x100000-0x832000] (sentry,capmode)
Is aligned: 1
Is sealed: 1
Tag: 1, Perms: 68117, Type: fffffffffffffffe, Address: 6aa1b0, Base: 100000, End: 832000, Flags: 1,
Length: 732000, Offset: 5aa1b0

Executable: 2, Read: 4, Write: 0 invoke: 256
Capability: 0x6f26a2 [rxR,0x100000-0x832000] (sentry,capmode)
Is aligned: 0
Is sealed: 1
Tag: 1, Perms: 68117, Type: fffffffffffffffe, Address: 6f26a2, Base: 100000, End: 832000, Flags: 1,
Length: 732000, Offset: 5f26a2

--
Executable: 2, Read: 4, Write: 0 invoke: 256
Capability: 0x476b70 [rxR,0x100000-0x832000] (sentry,capmode)
Is aligned: 1
Is sealed: 1
Tag: 1, Perms: 68117, Type: fffffffffffffffe, Address: 476b70, Base: 100000, End: 832000, Flags: 1,
Length: 732000, Offset: 376b70

--
Executable: 2, Read: 4, Write: 0 invoke: 256
Capability: 0x6ca07e [rxR,0x100000-0x832000] (sentry,capmode)
Is aligned: 0
Is sealed: 1
Tag: 1, Perms: 68117, Type: fffffffffffffffe, Address: 6ca07e, Base: 100000, End: 832000, Flags: 1,
Length: 732000, Offset: 5ca07e

--
Executable: 2, Read: 4, Write: 0 invoke: 256
Capability: 0x6adde2 [rxR,0x100000-0x832000] (sentry,capmode)
Is aligned: 0
Is sealed: 1
Tag: 1, Perms: 68117, Type: fffffffffffffffe, Address: 6adde2, Base: 100000, End: 832000, Flags: 1,
Length: 732000, Offset: 5adde2

--
Executable: 2, Read: 4, Write: 0 invoke: 256
Capability: 0x34ef8c [rxR,0x100000-0x832000] (sentry,capmode)
Is aligned: 0
Is sealed: 1
Tag: 1, Perms: 68117, Type: fffffffffffffffe, Address: 34ef8c, Base: 100000, End: 832000, Flags: 1,
Length: 732000, Offset: 24ef8c

--
Executable: 2, Read: 4, Write: 0 invoke: 256
Capability: 0x6add36 [rxR,0x100000-0x832000] (sentry,capmode)
Is aligned: 0
Is sealed: 1
Tag: 1, Perms: 68117, Type: fffffffffffffffe, Address: 6add36, Base: 100000, End: 832000, Flags: 1,
Length: 732000, Offset: 5add36

--
Executable: 2, Read: 4, Write: 0 invoke: 256
Capability: 0x6c7c48 [rxR,0x100000-0x832000] (sentry,capmode)
Is aligned: 0
Is sealed: 1
Tag: 1, Perms: 68117, Type: fffffffffffffffe, Address: 6c7c48, Base: 100000, End: 832000, Flags: 1,
Length: 732000, Offset: 5c7c48

Executable: 2, Read: 4, Write: 0 invoke: 256
Capability: 0x6ca300 [rxR,0x100000-0x832000] (sentry,capmode)
Is aligned: 1
Is sealed: 1
Tag: 1, Perms: 68117, Type: fffffffffffffffe, Address: 6ca300, Base: 100000, End: 832000, Flags: 1,
Length: 732000, Offset: 5ca300

--
Executable: 2, Read: 4, Write: 0 invoke: 256
Capability: 0x6ca1fa [rxR,0x100000-0x832000] (sentry,capmode)
Is aligned: 0
Is sealed: 1
Tag: 1, Perms: 68117, Type: fffffffffffffffe, Address: 6ca1fa, Base: 100000, End: 832000, Flags: 1,
Length: 732000, Offset: 5ca1fa

Executable: 2, Read: 4, Write: 0 invoke: 256
Capability: 0x45085c [rxR,0x100000-0x832000] (sentry,capmode)
Is aligned: 0
Is sealed: 1
Tag: 1, Perms: 68117, Type: fffffffffffffffe, Address: 45085c, Base: 100000, End: 832000, Flags: 1,
Length: 732000, Offset: 35085c

--
Executable: 2, Read: 4, Write: 0 invoke: 256
Capability: 0x34ef8c [rxR,0x100000-0x832000] (sentry,capmode)
Is aligned: 0
Is sealed: 1
Tag: 1, Perms: 68117, Type: fffffffffffffffe, Address: 34ef8c, Base: 100000, End: 832000, Flags: 1,
Length: 732000, Offset: 24ef8c

--
Executable: 2, Read: 4, Write: 0 invoke: 256
Capability: 0x45080a [rxR,0x100000-0x832000] (sentry,capmode)
Is aligned: 0
Is sealed: 1
Tag: 1, Perms: 68117, Type: fffffffffffffffe, Address: 45080a, Base: 100000, End: 832000, Flags: 1,
Length: 732000, Offset: 35080a

--
Executable: 2, Read: 4, Write: 0 invoke: 256
Capability: 0x44fc40 [rxR,0x100000-0x832000] (sentry,capmode)
Is aligned: 1
Is sealed: 1
Tag: 1, Perms: 68117, Type: fffffffffffffffe, Address: 44fc40, Base: 100000, End: 832000, Flags: 1,
Length: 732000, Offset: 34fc40

--
Executable: 2, Read: 4, Write: 0 invoke: 256
Capability: 0x450748 [rxR,0x100000-0x832000] (sentry,capmode)
Is aligned: 0
Is sealed: 1
Tag: 1, Perms: 68117, Type: fffffffffffffffe, Address: 450748, Base: 100000, End: 832000, Flags: 1,
Length: 732000, Offset: 350748

--
Executable: 2, Read: 4, Write: 0 invoke: 256
Capability: 0x34f04e [rxR,0x100000-0x832000] (sentry,capmode)
Is aligned: 0
Is sealed: 1
Tag: 1, Perms: 68117, Type: fffffffffffffffe, Address: 34f04e, Base: 100000, End: 832000, Flags: 1,
Length: 732000, Offset: 24f04e

Executable: 2, Read: 4, Write: 0 invoke: 256
Capability: 0x5f97d8 [rxR,0x100000-0x832000] (sentry,capmode)
Is aligned: 0
Is sealed: 1
Tag: 1, Perms: 68117, Type: fffffffffffffffe, Address: 5f97d8, Base: 100000, End: 832000, Flags: 1,
Length: 732000, Offset: 4f97d8

--
Executable: 2, Read: 4, Write: 0 invoke: 256
Capability: 0x34f004 [rxR,0x100000-0x832000] (sentry,capmode)
Is aligned: 0
Is sealed: 1
Tag: 1, Perms: 68117, Type: fffffffffffffffe, Address: 34f004, Base: 100000, End: 832000, Flags: 1,
Length: 732000, Offset: 24f004

--
Executable: 2, Read: 4, Write: 0 invoke: 256
Capability: 0x409c3bee [rxR,0x40918000-0x40f30000] (sentry,capmode)
Is aligned: 0
Is sealed: 1
Tag: 1, Perms: 68117, Type: fffffffffffffffe, Address: 409c3bee, Base: 40918000, End: 40f30000, Flag
s: 1, Length: 618000, Offset: abbee

--
Executable: 2, Read: 4, Write: 0 invoke: 256
Capability: 0x34ef58 [rxR,0x100000-0x832000] (sentry,capmode)
Is aligned: 0
Is sealed: 1
Tag: 1, Perms: 68117, Type: fffffffffffffffe, Address: 34ef58, Base: 100000, End: 832000, Flags: 1,
Length: 732000, Offset: 24ef58

Executable: 2, Read: 4, Write: 0 invoke: 256
Capability: 0x4081756c [rxR,0x4080c000-0x40834600] (sentry,capmode)
Is aligned: 0
Is sealed: 1
Tag: 1, Perms: 68117, Type: fffffffffffffffe, Address: 4081756c, Base: 4080c000, End: 40834600, Flag
s: 1, Length: 28600, Offset: b56c

--
Executable: 2, Read: 4, Write: 0 invoke: 256
Capability: 0x34ef8c [rxR,0x100000-0x832000] (sentry,capmode)
Is aligned: 0
Is sealed: 1
Tag: 1, Perms: 68117, Type: fffffffffffffffe, Address: 34ef8c, Base: 100000, End: 832000, Flags: 1,
Length: 732000, Offset: 24ef8c

--
Executable: 2, Read: 4, Write: 0 invoke: 256
Capability: 0x46b564 [rxR,0x100000-0x832000] (sentry,capmode)
Is aligned: 0
Is sealed: 1
Tag: 1, Perms: 68117, Type: fffffffffffffffe, Address: 46b564, Base: 100000, End: 832000, Flags: 1,
Length: 732000, Offset: 36b564

--
Executable: 2, Read: 4, Write: 0 invoke: 256
Capability: 0x46b922 [rxR,0x100000-0x832000] (sentry,capmode)
Is aligned: 0
Is sealed: 1
Tag: 1, Perms: 68117, Type: fffffffffffffffe, Address: 46b922, Base: 100000, End: 832000, Flags: 1,
Length: 732000, Offset: 36b922

--
Executable: 2, Read: 4, Write: 0 invoke: 256
Capability: 0x4784f4 [rxR,0x100000-0x832000] (sentry,capmode)
Is aligned: 0
Is sealed: 1
Tag: 1, Perms: 68117, Type: fffffffffffffffe, Address: 4784f4, Base: 100000, End: 832000, Flags: 1,
Length: 732000, Offset: 3784f4

--
Executable: 2, Read: 4, Write: 0 invoke: 256
Capability: 0x47f658 [rxR,0x100000-0x832000] (sentry,capmode)
Is aligned: 0
Is sealed: 1
Tag: 1, Perms: 68117, Type: fffffffffffffffe, Address: 47f658, Base: 100000, End: 832000, Flags: 1,
Length: 732000, Offset: 37f658

Executable: 2, Read: 4, Write: 0 invoke: 256
Capability: 0x477ba4 [rxR,0x100000-0x832000] (sentry,capmode)
Is aligned: 0
Is sealed: 1
Tag: 1, Perms: 68117, Type: fffffffffffffffe, Address: 477ba4, Base: 100000, End: 832000, Flags: 1,
Length: 732000, Offset: 377ba4

--
Executable: 2, Read: 4, Write: 0 invoke: 256
Capability: 0x47f21c [rxR,0x100000-0x832000] (sentry,capmode)
Is aligned: 0
Is sealed: 1
Tag: 1, Perms: 68117, Type: fffffffffffffffe, Address: 47f21c, Base: 100000, End: 832000, Flags: 1,
Length: 732000, Offset: 37f21c

--
Executable: 2, Read: 4, Write: 0 invoke: 256
Capability: 0x47e68c [rxR,0x100000-0x832000] (sentry,capmode)
Is aligned: 0
Is sealed: 1
Tag: 1, Perms: 68117, Type: fffffffffffffffe, Address: 47e68c, Base: 100000, End: 832000, Flags: 1,
Length: 732000, Offset: 37e68c

Executable: 2, Read: 4, Write: 0 invoke: 256
Capability: 0x4773fc [rxR,0x100000-0x832000] (sentry,capmode)
Is aligned: 0
Is sealed: 1
Tag: 1, Perms: 68117, Type: fffffffffffffffe, Address: 4773fc, Base: 100000, End: 832000, Flags: 1,
Length: 732000, Offset: 3773fc

--
Executable: 2, Read: 4, Write: 0 invoke: 256
Capability: 0x47e096 [rxR,0x100000-0x832000] (sentry,capmode)
Is aligned: 0
Is sealed: 1
Tag: 1, Perms: 68117, Type: fffffffffffffffe, Address: 47e096, Base: 100000, End: 832000, Flags: 1,
Length: 732000, Offset: 37e096

Executable: 2, Read: 4, Write: 0 invoke: 256
Capability: 0x47743a [rxR,0x100000-0x832000] (sentry,capmode)
Is aligned: 0
Is sealed: 1
Tag: 1, Perms: 68117, Type: fffffffffffffffe, Address: 47743a, Base: 100000, End: 832000, Flags: 1,
Length: 732000, Offset: 37743a

Executable: 2, Read: 4, Write: 0 invoke: 256
Capability: 0x465e98 [rxR,0x100000-0x832000] (sentry,capmode)
Is aligned: 0
Is sealed: 1
Tag: 1, Perms: 68117, Type: fffffffffffffffe, Address: 465e98, Base: 100000, End: 832000, Flags: 1,
Length: 732000, Offset: 365e98

Executable: 2, Read: 4, Write: 0 invoke: 256
Capability: 0x4772bc [rxR,0x100000-0x832000] (sentry,capmode)
Is aligned: 0
Is sealed: 1
Tag: 1, Perms: 68117, Type: fffffffffffffffe, Address: 4772bc, Base: 100000, End: 832000, Flags: 1,
Length: 732000, Offset: 3772bc

--
Executable: 2, Read: 4, Write: 0 invoke: 256
Capability: 0x476c6e [rxR,0x100000-0x832000] (sentry,capmode)
Is aligned: 0
Is sealed: 1
Tag: 1, Perms: 68117, Type: fffffffffffffffe, Address: 476c6e, Base: 100000, End: 832000, Flags: 1,
Length: 732000, Offset: 376c6e

--
Executable: 2, Read: 4, Write: 0 invoke: 256
Capability: 0x476ace [rxR,0x100000-0x832000] (sentry,capmode)
Is aligned: 0
Is sealed: 1
Tag: 1, Perms: 68117, Type: fffffffffffffffe, Address: 476ace, Base: 100000, End: 832000, Flags: 1,
Length: 732000, Offset: 376ace

--
Executable: 2, Read: 4, Write: 0 invoke: 256
Capability: 0x62b054 [rxR,0x100000-0x832000] (sentry,capmode)
Is aligned: 0
Is sealed: 1
Tag: 1, Perms: 68117, Type: fffffffffffffffe, Address: 62b054, Base: 100000, End: 832000, Flags: 1,
Length: 732000, Offset: 52b054

--
Executable: 2, Read: 4, Write: 0 invoke: 256
Capability: 0x46742c [rxR,0x100000-0x832000] (sentry,capmode)
Is aligned: 0
Is sealed: 1
Tag: 1, Perms: 68117, Type: fffffffffffffffe, Address: 46742c, Base: 100000, End: 832000, Flags: 1,
Length: 732000, Offset: 36742c

--
Executable: 2, Read: 4, Write: 0 invoke: 256
Capability: 0x467544 [rxR,0x100000-0x832000] (sentry,capmode)
Is aligned: 0
Is sealed: 1
Tag: 1, Perms: 68117, Type: fffffffffffffffe, Address: 467544, Base: 100000, End: 832000, Flags: 1,
Length: 732000, Offset: 367544

--
Executable: 2, Read: 4, Write: 0 invoke: 256
Capability: 0x627f82 [rxR,0x100000-0x832000] (sentry,capmode)
Is aligned: 0
Is sealed: 1
Tag: 1, Perms: 68117, Type: fffffffffffffffe, Address: 627f82, Base: 100000, End: 832000, Flags: 1,
Length: 732000, Offset: 527f82

--
Executable: 2, Read: 4, Write: 0 invoke: 256
Capability: 0x626736 [rxR,0x100000-0x832000] (sentry,capmode)
Is aligned: 0
Is sealed: 1
Tag: 1, Perms: 68117, Type: fffffffffffffffe, Address: 626736, Base: 100000, End: 832000, Flags: 1,
Length: 732000, Offset: 526736

--
Executable: 2, Read: 4, Write: 0 invoke: 256
Capability: 0x5afc20 [rxR,0x100000-0x832000] (sentry,capmode)
Is aligned: 1
Is sealed: 1
Tag: 1, Perms: 68117, Type: fffffffffffffffe, Address: 5afc20, Base: 100000, End: 832000, Flags: 1,
Length: 732000, Offset: 4afc20

--
Executable: 2, Read: 4, Write: 0 invoke: 256
Capability: 0x5b1252 [rxR,0x100000-0x832000] (sentry,capmode)
Is aligned: 0
Is sealed: 1
Tag: 1, Perms: 68117, Type: fffffffffffffffe, Address: 5b1252, Base: 100000, End: 832000, Flags: 1,
Length: 732000, Offset: 4b1252

Executable: 2, Read: 4, Write: 0 invoke: 256
Capability: 0x3526a4 [rxR,0x100000-0x832000] (sentry,capmode)
Is aligned: 0
Is sealed: 1
Tag: 1, Perms: 68117, Type: fffffffffffffffe, Address: 3526a4, Base: 100000, End: 832000, Flags: 1,
Length: 732000, Offset: 2526a4

--
Executable: 2, Read: 4, Write: 0 invoke: 256
Capability: 0x5b1072 [rxR,0x100000-0x832000] (sentry,capmode)
Is aligned: 0
Is sealed: 1
Tag: 1, Perms: 68117, Type: fffffffffffffffe, Address: 5b1072, Base: 100000, End: 832000, Flags: 1,
Length: 732000, Offset: 4b1072

--
Executable: 2, Read: 4, Write: 0 invoke: 256
Capability: 0x6b1286 [rxR,0x100000-0x832000] (sentry,capmode)
Is aligned: 0
Is sealed: 1
Tag: 1, Perms: 68117, Type: fffffffffffffffe, Address: 6b1286, Base: 100000, End: 832000, Flags: 1,
Length: 732000, Offset: 5b1286

--
Executable: 2, Read: 4, Write: 0 invoke: 256
Capability: 0x6b5a74 [rxR,0x100000-0x832000] (sentry,capmode)
Is aligned: 0
Is sealed: 1
Tag: 1, Perms: 68117, Type: fffffffffffffffe, Address: 6b5a74, Base: 100000, End: 832000, Flags: 1,
Length: 732000, Offset: 5b5a74

--
Executable: 2, Read: 4, Write: 0 invoke: 256
Capability: 0x6b5844 [rxR,0x100000-0x832000] (sentry,capmode)
Is aligned: 0
Is sealed: 1
Tag: 1, Perms: 68117, Type: fffffffffffffffe, Address: 6b5844, Base: 100000, End: 832000, Flags: 1,
Length: 732000, Offset: 5b5844

Executable: 2, Read: 4, Write: 0 invoke: 256
Capability: 0x6b5844 [rxR,0x100000-0x832000] (sentry,capmode)
Is aligned: 0
Is sealed: 1
Tag: 1, Perms: 68117, Type: fffffffffffffffe, Address: 6b5844, Base: 100000, End: 832000, Flags: 1,
Length: 732000, Offset: 5b5844

--
Executable: 2, Read: 4, Write: 0 invoke: 256
Capability: 0x6f1504 [rxR,0x100000-0x832000] (invalid,sentry,capmode)
Is aligned: 0
Is sealed: 1
Tag: 0, Perms: 0117, Type: fffffffffffffffe, Address: 6f1504, Base: 100000, End: 832000, Flags: 1, L
ength: 732000, Offset: 5f1504

--
Executable: 2, Read: 4, Write: 0 invoke: 256
Capability: 0x6aa84c [rxR,0x100000-0x832000] (sentry,capmode)
Is aligned: 0
Is sealed: 1
Tag: 1, Perms: 68117, Type: fffffffffffffffe, Address: 6aa84c, Base: 100000, End: 832000, Flags: 1,
Length: 732000, Offset: 5aa84c

--
Executable: 2, Read: 4, Write: 0 invoke: 256
Capability: 0x6c49fa [rxR,0x100000-0x832000] (sentry,capmode)
Is aligned: 0
Is sealed: 1
Tag: 1, Perms: 68117, Type: fffffffffffffffe, Address: 6c49fa, Base: 100000, End: 832000, Flags: 1,
Length: 732000, Offset: 5c49fa

Executable: 2, Read: 4, Write: 0 invoke: 256
Capability: 0x6a9b26 [rxR,0x100000-0x832000] (sentry,capmode)
Is aligned: 0
Is sealed: 1
Tag: 1, Perms: 68117, Type: fffffffffffffffe, Address: 6a9b26, Base: 100000, End: 832000, Flags: 1,
Length: 732000, Offset: 5a9b26

--
Executable: 2, Read: 4, Write: 0 invoke: 256
Capability: 0x5dc08c [rxR,0x100000-0x832000] (sentry,capmode)
Is aligned: 0
Is sealed: 1
Tag: 1, Perms: 68117, Type: fffffffffffffffe, Address: 5dc08c, Base: 100000, End: 832000, Flags: 1,
Length: 732000, Offset: 4dc08c

--
Executable: 2, Read: 4, Write: 0 invoke: 256
Capability: 0x6b11b2 [rxR,0x100000-0x832000] (sentry,capmode)
Is aligned: 0
Is sealed: 1
Tag: 1, Perms: 68117, Type: fffffffffffffffe, Address: 6b11b2, Base: 100000, End: 832000, Flags: 1,
Length: 732000, Offset: 5b11b2

--
Executable: 2, Read: 4, Write: 0 invoke: 256
Capability: 0x6a10f4 [rxR,0x100000-0x832000] (invalid,sentry,capmode)
Is aligned: 0
Is sealed: 1
Tag: 0, Perms: 0117, Type: fffffffffffffffe, Address: 6a10f4, Base: 100000, End: 832000, Flags: 1, L
ength: 732000, Offset: 5a10f4

--
Executable: 2, Read: 4, Write: 0 invoke: 256
Capability: 0x44b676 [rxR,0x100000-0x832000] (sentry,capmode)
Is aligned: 0
Is sealed: 1
Tag: 1, Perms: 68117, Type: fffffffffffffffe, Address: 44b676, Base: 100000, End: 832000, Flags: 1,
Length: 732000, Offset: 34b676

--
Executable: 2, Read: 4, Write: 0 invoke: 256
Capability: 0x34ef8c [rxR,0x100000-0x832000] (sentry,capmode)
Is aligned: 0
Is sealed: 1
Tag: 1, Perms: 68117, Type: fffffffffffffffe, Address: 34ef8c, Base: 100000, End: 832000, Flags: 1,
Length: 732000, Offset: 24ef8c

Executable: 2, Read: 4, Write: 0 invoke: 256
Capability: 0x659602 [rxR,0x100000-0x832000] (sentry,capmode)
Is aligned: 0
Is sealed: 1
Tag: 1, Perms: 68117, Type: fffffffffffffffe, Address: 659602, Base: 100000, End: 832000, Flags: 1,
Length: 732000, Offset: 559602

--
Executable: 2, Read: 4, Write: 0 invoke: 256
Capability: 0x34ef8c [rxR,0x100000-0x832000] (sentry,capmode)
Is aligned: 0
Is sealed: 1
Tag: 1, Perms: 68117, Type: fffffffffffffffe, Address: 34ef8c, Base: 100000, End: 832000, Flags: 1,
Length: 732000, Offset: 24ef8c

--
Executable: 2, Read: 4, Write: 0 invoke: 256
Capability: 0x40a7d20c [rxR,0x40918000-0x40f30000] (sentry,capmode)
Is aligned: 0
Is sealed: 1
Tag: 1, Perms: 68117, Type: fffffffffffffffe, Address: 40a7d20c, Base: 40918000, End: 40f30000, Flag
s: 1, Length: 618000, Offset: 16520c

Executable: 2, Read: 4, Write: 0 invoke: 256
Capability: 0x65af76 [rxR,0x100000-0x832000] (sentry,capmode)
Is aligned: 0
Is sealed: 1
Tag: 1, Perms: 68117, Type: fffffffffffffffe, Address: 65af76, Base: 100000, End: 832000, Flags: 1,
Length: 732000, Offset: 55af76

Executable: 2, Read: 4, Write: 0 invoke: 256
Capability: 0x58a716 [rxR,0x100000-0x832000] (sentry,capmode)
Is aligned: 0
Is sealed: 1
Tag: 1, Perms: 68117, Type: fffffffffffffffe, Address: 58a716, Base: 100000, End: 832000, Flags: 1,
Length: 732000, Offset: 48a716

Executable: 2, Read: 4, Write: 0 invoke: 256
Capability: 0x69916e [rxR,0x100000-0x832000] (sentry,capmode)
Is aligned: 0
Is sealed: 1
Tag: 1, Perms: 68117, Type: fffffffffffffffe, Address: 69916e, Base: 100000, End: 832000, Flags: 1,
Length: 732000, Offset: 59916e

Executable: 2, Read: 4, Write: 0 invoke: 256
Capability: 0x5dc08c [rxR,0x100000-0x832000] (sentry,capmode)
Is aligned: 0
Is sealed: 1
Tag: 1, Perms: 68117, Type: fffffffffffffffe, Address: 5dc08c, Base: 100000, End: 832000, Flags: 1,
Length: 732000, Offset: 4dc08c

--
Executable: 2, Read: 4, Write: 0 invoke: 256
Capability: 0x5cf4cc [rxR,0x100000-0x832000] (sentry,capmode)
Is aligned: 0
Is sealed: 1
Tag: 1, Perms: 68117, Type: fffffffffffffffe, Address: 5cf4cc, Base: 100000, End: 832000, Flags: 1,
Length: 732000, Offset: 4cf4cc

--
Executable: 2, Read: 4, Write: 0 invoke: 256
Capability: 0x34ef8c [rxR,0x100000-0x832000] (sentry,capmode)
Is aligned: 0
Is sealed: 1
Tag: 1, Perms: 68117, Type: fffffffffffffffe, Address: 34ef8c, Base: 100000, End: 832000, Flags: 1,
Length: 732000, Offset: 24ef8c

Executable: 2, Read: 4, Write: 0 invoke: 256
Capability: 0x659602 [rxR,0x100000-0x832000] (sentry,capmode)
Is aligned: 0
Is sealed: 1
Tag: 1, Perms: 68117, Type: fffffffffffffffe, Address: 659602, Base: 100000, End: 832000, Flags: 1,
Length: 732000, Offset: 559602

--
Executable: 2, Read: 4, Write: 0 invoke: 256
Capability: 0x65a830 [rxR,0x100000-0x832000] (sentry,capmode)
Is aligned: 1
Is sealed: 1
Tag: 1, Perms: 68117, Type: fffffffffffffffe, Address: 65a830, Base: 100000, End: 832000, Flags: 1,
Length: 732000, Offset: 55a830

--
Executable: 2, Read: 4, Write: 0 invoke: 256
Capability: 0x66753a [rxR,0x100000-0x832000] (sentry,capmode)
Is aligned: 0
Is sealed: 1
Tag: 1, Perms: 68117, Type: fffffffffffffffe, Address: 66753a, Base: 100000, End: 832000, Flags: 1,
Length: 732000, Offset: 56753a

--
Executable: 2, Read: 4, Write: 0 invoke: 256
Capability: 0x6674f8 [rxR,0x100000-0x832000] (sentry,capmode)
Is aligned: 0
Is sealed: 1
Tag: 1, Perms: 68117, Type: fffffffffffffffe, Address: 6674f8, Base: 100000, End: 832000, Flags: 1,
Length: 732000, Offset: 5674f8

--
Executable: 2, Read: 4, Write: 0 invoke: 256
Capability: 0x66748e [rxR,0x100000-0x832000] (sentry,capmode)
Is aligned: 0
Is sealed: 1
Tag: 1, Perms: 68117, Type: fffffffffffffffe, Address: 66748e, Base: 100000, End: 832000, Flags: 1,
Length: 732000, Offset: 56748e

Executable: 2, Read: 4, Write: 0 invoke: 256
Capability: 0x659508 [rxR,0x100000-0x832000] (sentry,capmode)
Is aligned: 0
Is sealed: 1
Tag: 1, Perms: 68117, Type: fffffffffffffffe, Address: 659508, Base: 100000, End: 832000, Flags: 1,
Length: 732000, Offset: 559508

Executable: 2, Read: 4, Write: 0 invoke: 256
Capability: 0x454216 [rxR,0x100000-0x832000] (sentry,capmode)
Is aligned: 0
Is sealed: 1
Tag: 1, Perms: 68117, Type: fffffffffffffffe, Address: 454216, Base: 100000, End: 832000, Flags: 1,
Length: 732000, Offset: 354216

Executable: 2, Read: 4, Write: 0 invoke: 0
Capability: 0x65eb7a [rxR,0x100000-0x832000] (invalid,sentry,capmode)
Is aligned: 0
Is sealed: 1
Tag: 0, Perms: 0017, Type: fffffffffffffffe, Address: 65eb7a, Base: 100000, End: 832000, Flags: 1, L
ength: 732000, Offset: 55eb7a

--
Executable: 2, Read: 4, Write: 0 invoke: 256
Capability: 0x34ef8c [rxR,0x100000-0x832000] (sentry,capmode)
Is aligned: 0
Is sealed: 1
Tag: 1, Perms: 68117, Type: fffffffffffffffe, Address: 34ef8c, Base: 100000, End: 832000, Flags: 1,
Length: 732000, Offset: 24ef8c

--
Executable: 2, Read: 4, Write: 0 invoke: 256
Capability: 0x65e940 [rxR,0x100000-0x832000] (sentry,capmode)
Is aligned: 1
Is sealed: 1
Tag: 1, Perms: 68117, Type: fffffffffffffffe, Address: 65e940, Base: 100000, End: 832000, Flags: 1,
Length: 732000, Offset: 55e940

--
Executable: 2, Read: 4, Write: 0 invoke: 256
Capability: 0x4b1a4c [rxR,0x100000-0x832000] (sentry,capmode)
Is aligned: 0
Is sealed: 1
Tag: 1, Perms: 68117, Type: fffffffffffffffe, Address: 4b1a4c, Base: 100000, End: 832000, Flags: 1,
Length: 732000, Offset: 3b1a4c

Executable: 2, Read: 4, Write: 0 invoke: 256
Capability: 0x49af48 [rxR,0x100000-0x832000] (sentry,capmode)
Is aligned: 0
Is sealed: 1
Tag: 1, Perms: 68117, Type: fffffffffffffffe, Address: 49af48, Base: 100000, End: 832000, Flags: 1,
Length: 732000, Offset: 39af48

--
Executable: 2, Read: 4, Write: 0 invoke: 256
Capability: 0x4b1a4c [rxR,0x100000-0x832000] (sentry,capmode)
Is aligned: 0
Is sealed: 1
Tag: 1, Perms: 68117, Type: fffffffffffffffe, Address: 4b1a4c, Base: 100000, End: 832000, Flags: 1,
Length: 732000, Offset: 3b1a4c

Executable: 2, Read: 4, Write: 0 invoke: 256
Capability: 0x4b1448 [rxR,0x100000-0x832000] (sentry,capmode)
Is aligned: 0
Is sealed: 1
Tag: 1, Perms: 68117, Type: fffffffffffffffe, Address: 4b1448, Base: 100000, End: 832000, Flags: 1,
Length: 732000, Offset: 3b1448

Executable: 2, Read: 4, Write: 0 invoke: 256
Capability: 0x4b1448 [rxR,0x100000-0x832000] (sentry,capmode)
Is aligned: 0
Is sealed: 1
Tag: 1, Perms: 68117, Type: fffffffffffffffe, Address: 4b1448, Base: 100000, End: 832000, Flags: 1,
Length: 732000, Offset: 3b1448

Executable: 2, Read: 4, Write: 0 invoke: 256
Capability: 0x442a4c [rxR,0x100000-0x832000] (sentry,capmode)
Is aligned: 0
Is sealed: 1
Tag: 1, Perms: 68117, Type: fffffffffffffffe, Address: 442a4c, Base: 100000, End: 832000, Flags: 1,
Length: 732000, Offset: 342a4c

--
Executable: 2, Read: 4, Write: 0 invoke: 256
Capability: 0x65c83e [rxR,0x100000-0x832000] (sentry,capmode)
Is aligned: 0
Is sealed: 1
Tag: 1, Perms: 68117, Type: fffffffffffffffe, Address: 65c83e, Base: 100000, End: 832000, Flags: 1,
Length: 732000, Offset: 55c83e

--
Executable: 2, Read: 4, Write: 0 invoke: 256
Capability: 0x65c718 [rxR,0x100000-0x832000] (sentry,capmode)
Is aligned: 0
Is sealed: 1
Tag: 1, Perms: 68117, Type: fffffffffffffffe, Address: 65c718, Base: 100000, End: 832000, Flags: 1,
Length: 732000, Offset: 55c718

--
Executable: 2, Read: 4, Write: 0 invoke: 256
Capability: 0x4522fc [rxR,0x100000-0x832000] (sentry,capmode)
Is aligned: 0
Is sealed: 1
Tag: 1, Perms: 68117, Type: fffffffffffffffe, Address: 4522fc, Base: 100000, End: 832000, Flags: 1,
Length: 732000, Offset: 3522fc

--
Executable: 2, Read: 4, Write: 0 invoke: 256
Capability: 0x4520ae [rxR,0x100000-0x832000] (sentry,capmode)
Is aligned: 0
Is sealed: 1
Tag: 1, Perms: 68117, Type: fffffffffffffffe, Address: 4520ae, Base: 100000, End: 832000, Flags: 1,
Length: 732000, Offset: 3520ae

--
Executable: 2, Read: 4, Write: 0 invoke: 256
Capability: 0x66753a [rxR,0x100000-0x832000] (sentry,capmode)
Is aligned: 0
Is sealed: 1
Tag: 1, Perms: 68117, Type: fffffffffffffffe, Address: 66753a, Base: 100000, End: 832000, Flags: 1,
Length: 732000, Offset: 56753a

--
Executable: 2, Read: 4, Write: 0 invoke: 256
Capability: 0x65c6c0 [rxR,0x100000-0x832000] (sentry,capmode)
Is aligned: 1
Is sealed: 1
Tag: 1, Perms: 68117, Type: fffffffffffffffe, Address: 65c6c0, Base: 100000, End: 832000, Flags: 1,
Length: 732000, Offset: 55c6c0

Executable: 2, Read: 4, Write: 0 invoke: 256
Capability: 0x4b0f42 [rxR,0x100000-0x832000] (sentry,capmode)
Is aligned: 0
Is sealed: 1
Tag: 1, Perms: 68117, Type: fffffffffffffffe, Address: 4b0f42, Base: 100000, End: 832000, Flags: 1,
Length: 732000, Offset: 3b0f42

Executable: 2, Read: 4, Write: 0 invoke: 256
Capability: 0x65c19e [rxR,0x100000-0x832000] (sentry,capmode)
Is aligned: 0
Is sealed: 1
Tag: 1, Perms: 68117, Type: fffffffffffffffe, Address: 65c19e, Base: 100000, End: 832000, Flags: 1,
Length: 732000, Offset: 55c19e

Executable: 2, Read: 4, Write: 0 invoke: 256
Capability: 0x65ccd8 [rxR,0x100000-0x832000] (sentry,capmode)
Is aligned: 0
Is sealed: 1
Tag: 1, Perms: 68117, Type: fffffffffffffffe, Address: 65ccd8, Base: 100000, End: 832000, Flags: 1,
Length: 732000, Offset: 55ccd8

Executable: 2, Read: 4, Write: 0 invoke: 256
Capability: 0x4b0f42 [rxR,0x100000-0x832000] (sentry,capmode)
Is aligned: 0
Is sealed: 1
Tag: 1, Perms: 68117, Type: fffffffffffffffe, Address: 4b0f42, Base: 100000, End: 832000, Flags: 1,
Length: 732000, Offset: 3b0f42

--
Executable: 2, Read: 4, Write: 0 invoke: 256
Capability: 0x4b6412 [rxR,0x100000-0x832000] (sentry,capmode)
Is aligned: 0
Is sealed: 1
Tag: 1, Perms: 68117, Type: fffffffffffffffe, Address: 4b6412, Base: 100000, End: 832000, Flags: 1,
Length: 732000, Offset: 3b6412

--
Executable: 2, Read: 4, Write: 0 invoke: 256
Capability: 0x4b947c [rxR,0x100000-0x832000] (sentry,capmode)
Is aligned: 0
Is sealed: 1
Tag: 1, Perms: 68117, Type: fffffffffffffffe, Address: 4b947c, Base: 100000, End: 832000, Flags: 1,
Length: 732000, Offset: 3b947c

--
Executable: 2, Read: 4, Write: 0 invoke: 256
Capability: 0x6cecf4 [rxR,0x100000-0x832000] (sentry,capmode)
Is aligned: 0
Is sealed: 1
Tag: 1, Perms: 68117, Type: fffffffffffffffe, Address: 6cecf4, Base: 100000, End: 832000, Flags: 1,
Length: 732000, Offset: 5cecf4

Executable: 2, Read: 4, Write: 0 invoke: 256
Capability: 0x6dd74e [rxR,0x100000-0x832000] (sentry,capmode)
Is aligned: 0
Is sealed: 1
Tag: 1, Perms: 68117, Type: fffffffffffffffe, Address: 6dd74e, Base: 100000, End: 832000, Flags: 1,
Length: 732000, Offset: 5dd74e

Executable: 2, Read: 4, Write: 0 invoke: 256
Capability: 0x6c680c [rxR,0x100000-0x832000] (sentry,capmode)
Is aligned: 0
Is sealed: 1
Tag: 1, Perms: 68117, Type: fffffffffffffffe, Address: 6c680c, Base: 100000, End: 832000, Flags: 1,
Length: 732000, Offset: 5c680c

Executable: 2, Read: 4, Write: 0 invoke: 256
Capability: 0x6ee6c2 [rxR,0x100000-0x832000] (sentry,capmode)
Is aligned: 0
Is sealed: 1
Tag: 1, Perms: 68117, Type: fffffffffffffffe, Address: 6ee6c2, Base: 100000, End: 832000, Flags: 1,
Length: 732000, Offset: 5ee6c2

--
Executable: 2, Read: 4, Write: 8 invoke: 256
Capability: 0x3fffdfc110 [rwxRW,0x3fbfe00000-0x3fffe00000] (invalid,sealed,capmode)
Is aligned: 1
Is sealed: 1
Tag: 0, Perms: 78fff, Type: 1f, Address: 3fffdfc110, Base: 3fbfe00000, End: 3fffe00000, Flags: 1, Le
ngth: 40000000, Offset: 3fffc110

--
Executable: 2, Read: 4, Write: 0 invoke: 256
Capability: 0x60ef98 [rxR,0x100000-0x832000] (sentry,capmode)
Is aligned: 0
Is sealed: 1
Tag: 1, Perms: 68117, Type: fffffffffffffffe, Address: 60ef98, Base: 100000, End: 832000, Flags: 1,
Length: 732000, Offset: 50ef98

--
Executable: 2, Read: 4, Write: 0 invoke: 256
Capability: 0x6cecf4 [rxR,0x100000-0x832000] (sentry,capmode)
Is aligned: 0
Is sealed: 1
Tag: 1, Perms: 68117, Type: fffffffffffffffe, Address: 6cecf4, Base: 100000, End: 832000, Flags: 1,
Length: 732000, Offset: 5cecf4

Executable: 2, Read: 4, Write: 0 invoke: 256
Capability: 0x6edb38 [rxR,0x100000-0x832000] (sentry,capmode)
Is aligned: 0
Is sealed: 1
Tag: 1, Perms: 68117, Type: fffffffffffffffe, Address: 6edb38, Base: 100000, End: 832000, Flags: 1,
Length: 732000, Offset: 5edb38

--
Executable: 2, Read: 4, Write: 0 invoke: 256
Capability: 0x6dd74e [rxR,0x100000-0x832000] (sentry,capmode)
Is aligned: 0
Is sealed: 1
Tag: 1, Perms: 68117, Type: fffffffffffffffe, Address: 6dd74e, Base: 100000, End: 832000, Flags: 1,
Length: 732000, Offset: 5dd74e

Executable: 2, Read: 4, Write: 0 invoke: 256
Capability: 0x6c46da [rxR,0x100000-0x832000] (sentry,capmode)
Is aligned: 0
Is sealed: 1
Tag: 1, Perms: 68117, Type: fffffffffffffffe, Address: 6c46da, Base: 100000, End: 832000, Flags: 1,
Length: 732000, Offset: 5c46da

--
Executable: 2, Read: 4, Write: 0 invoke: 256
Capability: 0x6adda6 [rxR,0x100000-0x832000] (sentry,capmode)
Is aligned: 0
Is sealed: 1
Tag: 1, Perms: 68117, Type: fffffffffffffffe, Address: 6adda6, Base: 100000, End: 832000, Flags: 1,
Length: 732000, Offset: 5adda6

--
Executable: 2, Read: 4, Write: 0 invoke: 256
Capability: 0x34ef8c [rxR,0x100000-0x832000] (sentry,capmode)
Is aligned: 0
Is sealed: 1
Tag: 1, Perms: 68117, Type: fffffffffffffffe, Address: 34ef8c, Base: 100000, End: 832000, Flags: 1,
Length: 732000, Offset: 24ef8c

--
Executable: 2, Read: 4, Write: 0 invoke: 256
Capability: 0x6add36 [rxR,0x100000-0x832000] (sentry,capmode)
Is aligned: 0
Is sealed: 1
Tag: 1, Perms: 68117, Type: fffffffffffffffe, Address: 6add36, Base: 100000, End: 832000, Flags: 1,
Length: 732000, Offset: 5add36

--
Executable: 2, Read: 4, Write: 0 invoke: 256
Capability: 0x6f1808 [rxR,0x100000-0x832000] (sentry,capmode)
Is aligned: 0
Is sealed: 1
Tag: 1, Perms: 68117, Type: fffffffffffffffe, Address: 6f1808, Base: 100000, End: 832000, Flags: 1,
Length: 732000, Offset: 5f1808

--
Executable: 2, Read: 4, Write: 0 invoke: 256
Capability: 0x6f14ae [rxR,0x100000-0x832000] (sentry,capmode)
Is aligned: 0
Is sealed: 1
Tag: 1, Perms: 68117, Type: fffffffffffffffe, Address: 6f14ae, Base: 100000, End: 832000, Flags: 1,
Length: 732000, Offset: 5f14ae

Executable: 2, Read: 4, Write: 0 invoke: 256
Capability: 0x610968 [rxR,0x100000-0x832000] (sentry,capmode)
Is aligned: 0
Is sealed: 1
Tag: 1, Perms: 68117, Type: fffffffffffffffe, Address: 610968, Base: 100000, End: 832000, Flags: 1,
Length: 732000, Offset: 510968

--
Executable: 2, Read: 4, Write: 0 invoke: 256
Capability: 0x6c4a64 [rxR,0x100000-0x832000] (sentry,capmode)
Is aligned: 0
Is sealed: 1
Tag: 1, Perms: 68117, Type: fffffffffffffffe, Address: 6c4a64, Base: 100000, End: 832000, Flags: 1,
Length: 732000, Offset: 5c4a64

--
Executable: 2, Read: 4, Write: 0 invoke: 256
Capability: 0x6ef19a [rxR,0x100000-0x832000] (sentry,capmode)
Is aligned: 0
Is sealed: 1
Tag: 1, Perms: 68117, Type: fffffffffffffffe, Address: 6ef19a, Base: 100000, End: 832000, Flags: 1,
Length: 732000, Offset: 5ef19a

--
Executable: 2, Read: 4, Write: 0 invoke: 256
Capability: 0x6c2fe6 [rxR,0x100000-0x832000] (sentry,capmode)
Is aligned: 0
Is sealed: 1
Tag: 1, Perms: 68117, Type: fffffffffffffffe, Address: 6c2fe6, Base: 100000, End: 832000, Flags: 1,
Length: 732000, Offset: 5c2fe6

--
Executable: 2, Read: 4, Write: 0 invoke: 256
Capability: 0x6c3040 [rxR,0x100000-0x832000] (sentry,capmode)
Is aligned: 1
Is sealed: 1
Tag: 1, Perms: 68117, Type: fffffffffffffffe, Address: 6c3040, Base: 100000, End: 832000, Flags: 1,
Length: 732000, Offset: 5c3040

--
Executable: 2, Read: 4, Write: 0 invoke: 256
Capability: 0x5a097a [rxR,0x100000-0x832000] (sentry,capmode)
Is aligned: 0
Is sealed: 1
Tag: 1, Perms: 68117, Type: fffffffffffffffe, Address: 5a097a, Base: 100000, End: 832000, Flags: 1,
Length: 732000, Offset: 4a097a

--
Executable: 2, Read: 4, Write: 0 invoke: 256
Capability: 0x59b444 [rxR,0x100000-0x832000] (sentry,capmode)
Is aligned: 0
Is sealed: 1
Tag: 1, Perms: 68117, Type: fffffffffffffffe, Address: 59b444, Base: 100000, End: 832000, Flags: 1,
Length: 732000, Offset: 49b444

Executable: 2, Read: 4, Write: 0 invoke: 256
Capability: 0x6aa3e6 [rxR,0x100000-0x832000] (sentry,capmode)
Is aligned: 0
Is sealed: 1
Tag: 1, Perms: 68117, Type: fffffffffffffffe, Address: 6aa3e6, Base: 100000, End: 832000, Flags: 1,
Length: 732000, Offset: 5aa3e6

--
Executable: 2, Read: 4, Write: 0 invoke: 256
Capability: 0x6eafb0 [rxR,0x100000-0x832000] (sentry,capmode)
Is aligned: 1
Is sealed: 1
Tag: 1, Perms: 68117, Type: fffffffffffffffe, Address: 6eafb0, Base: 100000, End: 832000, Flags: 1,
Length: 732000, Offset: 5eafb0

Executable: 2, Read: 4, Write: 0 invoke: 256
Capability: 0x59b348 [rxR,0x100000-0x832000] (sentry,capmode)
Is aligned: 0
Is sealed: 1
Tag: 1, Perms: 68117, Type: fffffffffffffffe, Address: 59b348, Base: 100000, End: 832000, Flags: 1,
Length: 732000, Offset: 49b348

Executable: 2, Read: 4, Write: 0 invoke: 256
Capability: 0x59b348 [rxR,0x100000-0x832000] (sentry,capmode)
Is aligned: 0
Is sealed: 1
Tag: 1, Perms: 68117, Type: fffffffffffffffe, Address: 59b348, Base: 100000, End: 832000, Flags: 1,
Length: 732000, Offset: 49b348

--
Executable: 2, Read: 4, Write: 0 invoke: 256
Capability: 0x6dc9c6 [rxR,0x100000-0x832000] (sentry,capmode)
Is aligned: 0
Is sealed: 1
Tag: 1, Perms: 68117, Type: fffffffffffffffe, Address: 6dc9c6, Base: 100000, End: 832000, Flags: 1,
Length: 732000, Offset: 5dc9c6

--
Executable: 2, Read: 4, Write: 0 invoke: 256
Capability: 0x47c504 [rxR,0x100000-0x832000] (sentry,capmode)
Is aligned: 0
Is sealed: 1
Tag: 1, Perms: 68117, Type: fffffffffffffffe, Address: 47c504, Base: 100000, End: 832000, Flags: 1,
Length: 732000, Offset: 37c504

Executable: 2, Read: 4, Write: 0 invoke: 256
Capability: 0x480b18 [rxR,0x100000-0x832000] (sentry,capmode)
Is aligned: 0
Is sealed: 1
Tag: 1, Perms: 68117, Type: fffffffffffffffe, Address: 480b18, Base: 100000, End: 832000, Flags: 1,
Length: 732000, Offset: 380b18

--
Executable: 2, Read: 4, Write: 0 invoke: 256
Capability: 0x46c93c [rxR,0x100000-0x832000] (sentry,capmode)
Is aligned: 0
Is sealed: 1
Tag: 1, Perms: 68117, Type: fffffffffffffffe, Address: 46c93c, Base: 100000, End: 832000, Flags: 1,
Length: 732000, Offset: 36c93c

--
Executable: 2, Read: 4, Write: 0 invoke: 256
Capability: 0x6dcbe0 [rxR,0x100000-0x832000] (sentry,capmode)
Is aligned: 1
Is sealed: 1
Tag: 1, Perms: 68117, Type: fffffffffffffffe, Address: 6dcbe0, Base: 100000, End: 832000, Flags: 1,
Length: 732000, Offset: 5dcbe0

--
Executable: 2, Read: 4, Write: 0 invoke: 256
Capability: 0x6ad8e6 [rxR,0x100000-0x832000] (sentry,capmode)
Is aligned: 0
Is sealed: 1
Tag: 1, Perms: 68117, Type: fffffffffffffffe, Address: 6ad8e6, Base: 100000, End: 832000, Flags: 1,
Length: 732000, Offset: 5ad8e6

--
Executable: 2, Read: 4, Write: 0 invoke: 256
Capability: 0x0 [rxR,0x100000-0x832000] (invalid,sentry,capmode)
Is aligned: 1
Is sealed: 1
Tag: 0, Perms: 68117, Type: fffffffffffffffe, Address: 0000, Base: 100000, End: 832000, Flags: 1, Le
ngth: 732000, Offset: fffffffffff00000

--
Executable: 2, Read: 4, Write: 0 invoke: 256
Capability: 0x6b3b74 [rxR,0x100000-0x832000] (sentry,capmode)
Is aligned: 0
Is sealed: 1
Tag: 1, Perms: 68117, Type: fffffffffffffffe, Address: 6b3b74, Base: 100000, End: 832000, Flags: 1,
Length: 732000, Offset: 5b3b74

--
Executable: 2, Read: 4, Write: 0 invoke: 256
Capability: 0x4085743e [rxR,0x4083f000-0x40879000] (sentry,capmode)
Is aligned: 0
Is sealed: 1
Tag: 1, Perms: 68117, Type: fffffffffffffffe, Address: 4085743e, Base: 4083f000, End: 40879000, Flag
s: 1, Length: 3a000, Offset: 1843e

--
Executable: 2, Read: 0, Write: 8 invoke: 0
Capability: 0x55555555 [wxW,0x55552000-0x55552a00] (invalid,sealed,capmode)
Is aligned: 0
Is sealed: 1
Tag: 0, Perms: 20aeb, Type: 2667f, Address: 55555555, Base: 55552000, End: 55552a00, Flags: 1, Lengt
h: 0a00, Offset: 3555

--
Executable: 2, Read: 4, Write: 0 invoke: 256
Capability: 0x40a90c30 [rxR,0x40918000-0x40f30000] (sentry,capmode)
Is aligned: 1
Is sealed: 1
Tag: 1, Perms: 68117, Type: fffffffffffffffe, Address: 40a90c30, Base: 40918000, End: 40f30000, Flag
s: 1, Length: 618000, Offset: 178c30

--
Executable: 2, Read: 4, Write: 0 invoke: 256
Capability: 0x6b3a6e [rxR,0x100000-0x832000] (sentry,capmode)
Is aligned: 0
Is sealed: 1
Tag: 1, Perms: 68117, Type: fffffffffffffffe, Address: 6b3a6e, Base: 100000, End: 832000, Flags: 1,
Length: 732000, Offset: 5b3a6e

--
Executable: 2, Read: 4, Write: 0 invoke: 256
Capability: 0x6243a2 [rxR,0x100000-0x832000] (invalid,sentry,capmode)
Is aligned: 0
Is sealed: 1
Tag: 0, Perms: 0117, Type: fffffffffffffffe, Address: 6243a2, Base: 100000, End: 832000, Flags: 1, L
ength: 732000, Offset: 5243a2

--
Executable: 2, Read: 4, Write: 0 invoke: 0
Capability: 0x362aa4 [rxR,0x100000-0x832000] (invalid,sentry,capmode)
Is aligned: 0
Is sealed: 1
Tag: 0, Perms: 0017, Type: fffffffffffffffe, Address: 362aa4, Base: 100000, End: 832000, Flags: 1, L
ength: 732000, Offset: 262aa4

--
Executable: 2, Read: 4, Write: 0 invoke: 256
Capability: 0x62396c [rxR,0x100000-0x832000] (sentry,capmode)
Is aligned: 0
Is sealed: 1
Tag: 1, Perms: 68117, Type: fffffffffffffffe, Address: 62396c, Base: 100000, End: 832000, Flags: 1,
Length: 732000, Offset: 52396c

--
Executable: 2, Read: 4, Write: 0 invoke: 256
Capability: 0x6154ee [rxR,0x100000-0x832000] (sentry,capmode)
Is aligned: 0
Is sealed: 1
Tag: 1, Perms: 68117, Type: fffffffffffffffe, Address: 6154ee, Base: 100000, End: 832000, Flags: 1,
Length: 732000, Offset: 5154ee

--
Executable: 2, Read: 4, Write: 0 invoke: 256
Capability: 0x658d56 [rxR,0x100000-0x832000] (sentry,capmode)
Is aligned: 0
Is sealed: 1
Tag: 1, Perms: 68117, Type: fffffffffffffffe, Address: 658d56, Base: 100000, End: 832000, Flags: 1,
Length: 732000, Offset: 558d56

--
Executable: 2, Read: 4, Write: 0 invoke: 256
Capability: 0x65626a [rxR,0x100000-0x832000] (sentry,capmode)
Is aligned: 0
Is sealed: 1
Tag: 1, Perms: 68117, Type: fffffffffffffffe, Address: 65626a, Base: 100000, End: 832000, Flags: 1,
Length: 732000, Offset: 55626a

--
Executable: 2, Read: 4, Write: 0 invoke: 256
Capability: 0x654bae [rxR,0x100000-0x832000] (sentry,capmode)
Is aligned: 0
Is sealed: 1
Tag: 1, Perms: 68117, Type: fffffffffffffffe, Address: 654bae, Base: 100000, End: 832000, Flags: 1,
Length: 732000, Offset: 554bae

--
Executable: 2, Read: 4, Write: 0 invoke: 256
Capability: 0x655aa0 [rxR,0x100000-0x832000] (sentry,capmode)
Is aligned: 1
Is sealed: 1
Tag: 1, Perms: 68117, Type: fffffffffffffffe, Address: 655aa0, Base: 100000, End: 832000, Flags: 1,
Length: 732000, Offset: 555aa0

--
Executable: 2, Read: 4, Write: 0 invoke: 256
Capability: 0x6dd74e [rxR,0x100000-0x832000] (sentry,capmode)
Is aligned: 0
Is sealed: 1
Tag: 1, Perms: 68117, Type: fffffffffffffffe, Address: 6dd74e, Base: 100000, End: 832000, Flags: 1,
Length: 732000, Offset: 5dd74e

--
Executable: 2, Read: 4, Write: 0 invoke: 256
Capability: 0x6edb38 [rxR,0x100000-0x832000] (sentry,capmode)
Is aligned: 0
Is sealed: 1
Tag: 1, Perms: 68117, Type: fffffffffffffffe, Address: 6edb38, Base: 100000, End: 832000, Flags: 1,
Length: 732000, Offset: 5edb38

--
Executable: 2, Read: 4, Write: 0 invoke: 256
Capability: 0x4081df7a [rxR,0x4080c000-0x40834600] (invalid,sentry,capmode)
Is aligned: 0
Is sealed: 1
Tag: 0, Perms: 0117, Type: fffffffffffffffe, Address: 4081df7a, Base: 4080c000, End: 40834600, Flags
: 1, Length: 28600, Offset: 11f7a

--
Executable: 2, Read: 4, Write: 0 invoke: 256
Capability: 0x3 [rxR,0x100000-0x832000] (invalid,sentry,capmode)
Is aligned: 0
Is sealed: 1
Tag: 0, Perms: 0117, Type: fffffffffffffffe, Address: 0003, Base: 100000, End: 832000, Flags: 1, Len
gth: 732000, Offset: fffffffffff00003

--
Executable: 2, Read: 4, Write: 0 invoke: 256
Capability: 0x6aa3e6 [rxR,0x100000-0x832000] (sentry,capmode)
Is aligned: 0
Is sealed: 1
Tag: 1, Perms: 68117, Type: fffffffffffffffe, Address: 6aa3e6, Base: 100000, End: 832000, Flags: 1,
Length: 732000, Offset: 5aa3e6

--
Executable: 2, Read: 4, Write: 0 invoke: 0
Capability: 0x6aa1e2 [rxR,0x100000-0x832000] (invalid,sentry,capmode)
Is aligned: 0
Is sealed: 1
Tag: 0, Perms: 0017, Type: fffffffffffffffe, Address: 6aa1e2, Base: 100000, End: 832000, Flags: 1, L
ength: 732000, Offset: 5aa1e2

--
Executable: 2, Read: 4, Write: 0 invoke: 0
Capability: 0x6aa1b0 [rxR,0x100000-0x832000] (invalid,sentry,capmode)
Is aligned: 1
Is sealed: 1
Tag: 0, Perms: 0017, Type: fffffffffffffffe, Address: 6aa1b0, Base: 100000, End: 832000, Flags: 1, L
ength: 732000, Offset: 5aa1b0

--
Executable: 2, Read: 4, Write: 0 invoke: 256
Capability: 0x6f26a2 [rxR,0x100000-0x832000] (sentry,capmode)
Is aligned: 0
Is sealed: 1
Tag: 1, Perms: 68117, Type: fffffffffffffffe, Address: 6f26a2, Base: 100000, End: 832000, Flags: 1,
Length: 732000, Offset: 5f26a2

--
Executable: 2, Read: 4, Write: 0 invoke: 256
Capability: 0x476b70 [rxR,0x100000-0x832000] (sentry,capmode)
Is aligned: 1
Is sealed: 1
Tag: 1, Perms: 68117, Type: fffffffffffffffe, Address: 476b70, Base: 100000, End: 832000, Flags: 1,
Length: 732000, Offset: 376b70

--
Executable: 2, Read: 4, Write: 0 invoke: 256
Capability: 0x6ca07e [rxR,0x100000-0x832000] (sentry,capmode)
Is aligned: 0
Is sealed: 1
Tag: 1, Perms: 68117, Type: fffffffffffffffe, Address: 6ca07e, Base: 100000, End: 832000, Flags: 1,
Length: 732000, Offset: 5ca07e

--
Executable: 2, Read: 4, Write: 0 invoke: 256
Capability: 0x6adde2 [rxR,0x100000-0x832000] (sentry,capmode)
Is aligned: 0
Is sealed: 1
Tag: 1, Perms: 68117, Type: fffffffffffffffe, Address: 6adde2, Base: 100000, End: 832000, Flags: 1,
Length: 732000, Offset: 5adde2

--
Executable: 2, Read: 4, Write: 0 invoke: 256
Capability: 0x34ef8c [rxR,0x100000-0x832000] (sentry,capmode)
Is aligned: 0
Is sealed: 1
Tag: 1, Perms: 68117, Type: fffffffffffffffe, Address: 34ef8c, Base: 100000, End: 832000, Flags: 1,
Length: 732000, Offset: 24ef8c

--
Executable: 2, Read: 4, Write: 0 invoke: 256
Capability: 0x6add36 [rxR,0x100000-0x832000] (sentry,capmode)
Is aligned: 0
Is sealed: 1
Tag: 1, Perms: 68117, Type: fffffffffffffffe, Address: 6add36, Base: 100000, End: 832000, Flags: 1,
Length: 732000, Offset: 5add36

--
Executable: 2, Read: 4, Write: 0 invoke: 256
Capability: 0x6c7c48 [rxR,0x100000-0x832000] (sentry,capmode)
Is aligned: 0
Is sealed: 1
Tag: 1, Perms: 68117, Type: fffffffffffffffe, Address: 6c7c48, Base: 100000, End: 832000, Flags: 1,
Length: 732000, Offset: 5c7c48

Executable: 2, Read: 4, Write: 0 invoke: 256
Capability: 0x6ca300 [rxR,0x100000-0x832000] (sentry,capmode)
Is aligned: 1
Is sealed: 1
Tag: 1, Perms: 68117, Type: fffffffffffffffe, Address: 6ca300, Base: 100000, End: 832000, Flags: 1,
Length: 732000, Offset: 5ca300

--
Executable: 2, Read: 4, Write: 0 invoke: 256
Capability: 0x6ca1fa [rxR,0x100000-0x832000] (sentry,capmode)
Is aligned: 0
Is sealed: 1
Tag: 1, Perms: 68117, Type: fffffffffffffffe, Address: 6ca1fa, Base: 100000, End: 832000, Flags: 1,
Length: 732000, Offset: 5ca1fa

Executable: 2, Read: 4, Write: 0 invoke: 256
Capability: 0x45085c [rxR,0x100000-0x832000] (sentry,capmode)
Is aligned: 0
Is sealed: 1
Tag: 1, Perms: 68117, Type: fffffffffffffffe, Address: 45085c, Base: 100000, End: 832000, Flags: 1,
Length: 732000, Offset: 35085c

--
Executable: 2, Read: 4, Write: 0 invoke: 256
Capability: 0x34ef8c [rxR,0x100000-0x832000] (sentry,capmode)
Is aligned: 0
Is sealed: 1
Tag: 1, Perms: 68117, Type: fffffffffffffffe, Address: 34ef8c, Base: 100000, End: 832000, Flags: 1,
Length: 732000, Offset: 24ef8c

--
Executable: 2, Read: 4, Write: 0 invoke: 256
Capability: 0x45080a [rxR,0x100000-0x832000] (sentry,capmode)
Is aligned: 0
Is sealed: 1
Tag: 1, Perms: 68117, Type: fffffffffffffffe, Address: 45080a, Base: 100000, End: 832000, Flags: 1,
Length: 732000, Offset: 35080a

--
Executable: 2, Read: 4, Write: 0 invoke: 256
Capability: 0x44fc40 [rxR,0x100000-0x832000] (sentry,capmode)
Is aligned: 1
Is sealed: 1
Tag: 1, Perms: 68117, Type: fffffffffffffffe, Address: 44fc40, Base: 100000, End: 832000, Flags: 1,
Length: 732000, Offset: 34fc40

--
Executable: 2, Read: 4, Write: 0 invoke: 256
Capability: 0x450748 [rxR,0x100000-0x832000] (sentry,capmode)
Is aligned: 0
Is sealed: 1
Tag: 1, Perms: 68117, Type: fffffffffffffffe, Address: 450748, Base: 100000, End: 832000, Flags: 1,
Length: 732000, Offset: 350748

--
Executable: 2, Read: 4, Write: 0 invoke: 256
Capability: 0x34f04e [rxR,0x100000-0x832000] (sentry,capmode)
Is aligned: 0
Is sealed: 1
Tag: 1, Perms: 68117, Type: fffffffffffffffe, Address: 34f04e, Base: 100000, End: 832000, Flags: 1,
Length: 732000, Offset: 24f04e

Executable: 2, Read: 4, Write: 0 invoke: 256
Capability: 0x5f97d8 [rxR,0x100000-0x832000] (sentry,capmode)
Is aligned: 0
Is sealed: 1
Tag: 1, Perms: 68117, Type: fffffffffffffffe, Address: 5f97d8, Base: 100000, End: 832000, Flags: 1,
Length: 732000, Offset: 4f97d8

--
Executable: 2, Read: 4, Write: 0 invoke: 256
Capability: 0x34f004 [rxR,0x100000-0x832000] (sentry,capmode)
Is aligned: 0
Is sealed: 1
Tag: 1, Perms: 68117, Type: fffffffffffffffe, Address: 34f004, Base: 100000, End: 832000, Flags: 1,
Length: 732000, Offset: 24f004

--
Executable: 2, Read: 4, Write: 0 invoke: 256
Capability: 0x409c3bee [rxR,0x40918000-0x40f30000] (sentry,capmode)
Is aligned: 0
Is sealed: 1
Tag: 1, Perms: 68117, Type: fffffffffffffffe, Address: 409c3bee, Base: 40918000, End: 40f30000, Flag
s: 1, Length: 618000, Offset: abbee

--
Executable: 2, Read: 4, Write: 0 invoke: 256
Capability: 0x34ef58 [rxR,0x100000-0x832000] (sentry,capmode)
Is aligned: 0
Is sealed: 1
Tag: 1, Perms: 68117, Type: fffffffffffffffe, Address: 34ef58, Base: 100000, End: 832000, Flags: 1,
Length: 732000, Offset: 24ef58

Executable: 2, Read: 4, Write: 0 invoke: 256
Capability: 0x4081756c [rxR,0x4080c000-0x40834600] (sentry,capmode)
Is aligned: 0
Is sealed: 1
Tag: 1, Perms: 68117, Type: fffffffffffffffe, Address: 4081756c, Base: 4080c000, End: 40834600, Flag
s: 1, Length: 28600, Offset: b56c

--
Executable: 2, Read: 4, Write: 0 invoke: 256
Capability: 0x34ef8c [rxR,0x100000-0x832000] (sentry,capmode)
Is aligned: 0
Is sealed: 1
Tag: 1, Perms: 68117, Type: fffffffffffffffe, Address: 34ef8c, Base: 100000, End: 832000, Flags: 1,
Length: 732000, Offset: 24ef8c

--
Executable: 2, Read: 4, Write: 0 invoke: 256
Capability: 0x46b564 [rxR,0x100000-0x832000] (sentry,capmode)
Is aligned: 0
Is sealed: 1
Tag: 1, Perms: 68117, Type: fffffffffffffffe, Address: 46b564, Base: 100000, End: 832000, Flags: 1,
Length: 732000, Offset: 36b564

--
Executable: 2, Read: 4, Write: 0 invoke: 256
Capability: 0x46b922 [rxR,0x100000-0x832000] (sentry,capmode)
Is aligned: 0
Is sealed: 1
Tag: 1, Perms: 68117, Type: fffffffffffffffe, Address: 46b922, Base: 100000, End: 832000, Flags: 1,
Length: 732000, Offset: 36b922

--
Executable: 2, Read: 4, Write: 0 invoke: 256
Capability: 0x4784f4 [rxR,0x100000-0x832000] (sentry,capmode)
Is aligned: 0
Is sealed: 1
Tag: 1, Perms: 68117, Type: fffffffffffffffe, Address: 4784f4, Base: 100000, End: 832000, Flags: 1,
Length: 732000, Offset: 3784f4

--
Executable: 2, Read: 4, Write: 0 invoke: 256
Capability: 0x477c24 [rxR,0x100000-0x832000] (sentry,capmode)
Is aligned: 0
Is sealed: 1
Tag: 1, Perms: 68117, Type: fffffffffffffffe, Address: 477c24, Base: 100000, End: 832000, Flags: 1,
Length: 732000, Offset: 377c24

--
Executable: 2, Read: 4, Write: 0 invoke: 256
Capability: 0x477bea [rxR,0x100000-0x832000] (sentry,capmode)
Is aligned: 0
Is sealed: 1
Tag: 1, Perms: 68117, Type: fffffffffffffffe, Address: 477bea, Base: 100000, End: 832000, Flags: 1,
Length: 732000, Offset: 377bea

--
Executable: 2, Read: 4, Write: 0 invoke: 256
Capability: 0x477a6c [rxR,0x100000-0x832000] (sentry,capmode)
Is aligned: 0
Is sealed: 1
Tag: 1, Perms: 68117, Type: fffffffffffffffe, Address: 477a6c, Base: 100000, End: 832000, Flags: 1,
Length: 732000, Offset: 377a6c

--
Executable: 2, Read: 4, Write: 0 invoke: 256
Capability: 0x477636 [rxR,0x100000-0x832000] (sentry,capmode)
Is aligned: 0
Is sealed: 1
Tag: 1, Perms: 68117, Type: fffffffffffffffe, Address: 477636, Base: 100000, End: 832000, Flags: 1,
Length: 732000, Offset: 377636

--
Executable: 2, Read: 4, Write: 0 invoke: 256
Capability: 0x47738c [rxR,0x100000-0x832000] (sentry,capmode)
Is aligned: 0
Is sealed: 1
Tag: 1, Perms: 68117, Type: fffffffffffffffe, Address: 47738c, Base: 100000, End: 832000, Flags: 1,
Length: 732000, Offset: 37738c

--
Executable: 2, Read: 4, Write: 0 invoke: 256
Capability: 0x477274 [rxR,0x100000-0x832000] (sentry,capmode)
Is aligned: 0
Is sealed: 1
Tag: 1, Perms: 68117, Type: fffffffffffffffe, Address: 477274, Base: 100000, End: 832000, Flags: 1,
Length: 732000, Offset: 377274

Executable: 2, Read: 4, Write: 0 invoke: 256
Capability: 0x465ff8 [rxR,0x100000-0x832000] (sentry,capmode)
Is aligned: 0
Is sealed: 1
Tag: 1, Perms: 68117, Type: fffffffffffffffe, Address: 465ff8, Base: 100000, End: 832000, Flags: 1,
Length: 732000, Offset: 365ff8

--
Executable: 2, Read: 4, Write: 0 invoke: 256
Capability: 0x476c6e [rxR,0x100000-0x832000] (sentry,capmode)
Is aligned: 0
Is sealed: 1
Tag: 1, Perms: 68117, Type: fffffffffffffffe, Address: 476c6e, Base: 100000, End: 832000, Flags: 1,
Length: 732000, Offset: 376c6e

--
Executable: 2, Read: 4, Write: 0 invoke: 256
Capability: 0x476ace [rxR,0x100000-0x832000] (sentry,capmode)
Is aligned: 0
Is sealed: 1
Tag: 1, Perms: 68117, Type: fffffffffffffffe, Address: 476ace, Base: 100000, End: 832000, Flags: 1,
Length: 732000, Offset: 376ace

--
Executable: 2, Read: 4, Write: 0 invoke: 256
Capability: 0x5b059c [rxR,0x100000-0x832000] (sentry,capmode)
Is aligned: 0
Is sealed: 1
Tag: 1, Perms: 68117, Type: fffffffffffffffe, Address: 5b059c, Base: 100000, End: 832000, Flags: 1,
Length: 732000, Offset: 4b059c

--
Executable: 2, Read: 4, Write: 0 invoke: 256
Capability: 0x46742c [rxR,0x100000-0x832000] (sentry,capmode)
Is aligned: 0
Is sealed: 1
Tag: 1, Perms: 68117, Type: fffffffffffffffe, Address: 46742c, Base: 100000, End: 832000, Flags: 1,
Length: 732000, Offset: 36742c

--
Executable: 2, Read: 4, Write: 0 invoke: 256
Capability: 0x33 [rxR,0x100000-0x832000] (invalid,sentry,capmode)
Is aligned: 0
Is sealed: 1
Tag: 0, Perms: 0117, Type: fffffffffffffffe, Address: 0033, Base: 100000, End: 832000, Flags: 1, Len
gth: 732000, Offset: fffffffffff00033

--
Executable: 2, Read: 4, Write: 0 invoke: 256
Capability: 0x467544 [rxR,0x100000-0x832000] (sentry,capmode)
Is aligned: 0
Is sealed: 1
Tag: 1, Perms: 68117, Type: fffffffffffffffe, Address: 467544, Base: 100000, End: 832000, Flags: 1,
Length: 732000, Offset: 367544

--
Executable: 2, Read: 4, Write: 0 invoke: 256
Capability: 0x628ea4 [rxR,0x100000-0x832000] (sentry,capmode)
Is aligned: 0
Is sealed: 1
Tag: 1, Perms: 68117, Type: fffffffffffffffe, Address: 628ea4, Base: 100000, End: 832000, Flags: 1,
Length: 732000, Offset: 528ea4

--
Executable: 2, Read: 4, Write: 0 invoke: 256
Capability: 0x628d66 [rxR,0x100000-0x832000] (sentry,capmode)
Is aligned: 0
Is sealed: 1
Tag: 1, Perms: 68117, Type: fffffffffffffffe, Address: 628d66, Base: 100000, End: 832000, Flags: 1,
Length: 732000, Offset: 528d66

--
Executable: 2, Read: 4, Write: 0 invoke: 256
Capability: 0x357654 [rxR,0x100000-0x832000] (sentry,capmode)
Is aligned: 0
Is sealed: 1
Tag: 1, Perms: 68117, Type: fffffffffffffffe, Address: 357654, Base: 100000, End: 832000, Flags: 1,
Length: 732000, Offset: 257654

--
Executable: 2, Read: 4, Write: 0 invoke: 256
Capability: 0x6b0f86 [rxR,0x100000-0x832000] (sentry,capmode)
Is aligned: 0
Is sealed: 1
Tag: 1, Perms: 68117, Type: fffffffffffffffe, Address: 6b0f86, Base: 100000, End: 832000, Flags: 1,
Length: 732000, Offset: 5b0f86

--
Executable: 2, Read: 4, Write: 0 invoke: 256
Capability: 0x6b5a74 [rxR,0x100000-0x832000] (sentry,capmode)
Is aligned: 0
Is sealed: 1
Tag: 1, Perms: 68117, Type: fffffffffffffffe, Address: 6b5a74, Base: 100000, End: 832000, Flags: 1,
Length: 732000, Offset: 5b5a74

--
Executable: 2, Read: 4, Write: 0 invoke: 256
Capability: 0x6b5844 [rxR,0x100000-0x832000] (sentry,capmode)
Is aligned: 0
Is sealed: 1
Tag: 1, Perms: 68117, Type: fffffffffffffffe, Address: 6b5844, Base: 100000, End: 832000, Flags: 1,
Length: 732000, Offset: 5b5844

Executable: 2, Read: 4, Write: 0 invoke: 256
Capability: 0x6b5844 [rxR,0x100000-0x832000] (sentry,capmode)
Is aligned: 0
Is sealed: 1
Tag: 1, Perms: 68117, Type: fffffffffffffffe, Address: 6b5844, Base: 100000, End: 832000, Flags: 1,
Length: 732000, Offset: 5b5844

--
Executable: 2, Read: 4, Write: 0 invoke: 256
Capability: 0x6f1504 [rxR,0x100000-0x832000] (invalid,sentry,capmode)
Is aligned: 0
Is sealed: 1
Tag: 0, Perms: 0117, Type: fffffffffffffffe, Address: 6f1504, Base: 100000, End: 832000, Flags: 1, L
ength: 732000, Offset: 5f1504

--
Executable: 2, Read: 4, Write: 0 invoke: 256
Capability: 0x6aa84c [rxR,0x100000-0x832000] (sentry,capmode)
Is aligned: 0
Is sealed: 1
Tag: 1, Perms: 68117, Type: fffffffffffffffe, Address: 6aa84c, Base: 100000, End: 832000, Flags: 1,
Length: 732000, Offset: 5aa84c

--
Executable: 2, Read: 4, Write: 0 invoke: 256
Capability: 0x6c49fa [rxR,0x100000-0x832000] (sentry,capmode)
Is aligned: 0
Is sealed: 1
Tag: 1, Perms: 68117, Type: fffffffffffffffe, Address: 6c49fa, Base: 100000, End: 832000, Flags: 1,
Length: 732000, Offset: 5c49fa

Executable: 2, Read: 4, Write: 0 invoke: 256
Capability: 0x6a9b26 [rxR,0x100000-0x832000] (sentry,capmode)
Is aligned: 0
Is sealed: 1
Tag: 1, Perms: 68117, Type: fffffffffffffffe, Address: 6a9b26, Base: 100000, End: 832000, Flags: 1,
Length: 732000, Offset: 5a9b26

--
Executable: 2, Read: 4, Write: 0 invoke: 256
Capability: 0x5dc08c [rxR,0x100000-0x832000] (sentry,capmode)
Is aligned: 0
Is sealed: 1
Tag: 1, Perms: 68117, Type: fffffffffffffffe, Address: 5dc08c, Base: 100000, End: 832000, Flags: 1,
Length: 732000, Offset: 4dc08c

--
Executable: 2, Read: 4, Write: 0 invoke: 256
Capability: 0x6b0f08 [rxR,0x100000-0x832000] (sentry,capmode)
Is aligned: 0
Is sealed: 1
Tag: 1, Perms: 68117, Type: fffffffffffffffe, Address: 6b0f08, Base: 100000, End: 832000, Flags: 1,
Length: 732000, Offset: 5b0f08

--
Executable: 2, Read: 4, Write: 0 invoke: 256
Capability: 0x6a10f4 [rxR,0x100000-0x832000] (invalid,sentry,capmode)
Is aligned: 0
Is sealed: 1
Tag: 0, Perms: 0117, Type: fffffffffffffffe, Address: 6a10f4, Base: 100000, End: 832000, Flags: 1, L
ength: 732000, Offset: 5a10f4

--
Executable: 2, Read: 4, Write: 0 invoke: 256
Capability: 0x44b676 [rxR,0x100000-0x832000] (sentry,capmode)
Is aligned: 0
Is sealed: 1
Tag: 1, Perms: 68117, Type: fffffffffffffffe, Address: 44b676, Base: 100000, End: 832000, Flags: 1,
Length: 732000, Offset: 34b676

--
Executable: 2, Read: 4, Write: 0 invoke: 256
Capability: 0x34ef8c [rxR,0x100000-0x832000] (sentry,capmode)
Is aligned: 0
Is sealed: 1
Tag: 1, Perms: 68117, Type: fffffffffffffffe, Address: 34ef8c, Base: 100000, End: 832000, Flags: 1,
Length: 732000, Offset: 24ef8c

Executable: 2, Read: 4, Write: 0 invoke: 256
Capability: 0x659602 [rxR,0x100000-0x832000] (sentry,capmode)
Is aligned: 0
Is sealed: 1
Tag: 1, Perms: 68117, Type: fffffffffffffffe, Address: 659602, Base: 100000, End: 832000, Flags: 1,
Length: 732000, Offset: 559602

--
Executable: 2, Read: 4, Write: 0 invoke: 256
Capability: 0x34ef8c [rxR,0x100000-0x832000] (sentry,capmode)
Is aligned: 0
Is sealed: 1
Tag: 1, Perms: 68117, Type: fffffffffffffffe, Address: 34ef8c, Base: 100000, End: 832000, Flags: 1,
Length: 732000, Offset: 24ef8c

--
Executable: 2, Read: 4, Write: 0 invoke: 256
Capability: 0x40a7d20c [rxR,0x40918000-0x40f30000] (sentry,capmode)
Is aligned: 0
Is sealed: 1
Tag: 1, Perms: 68117, Type: fffffffffffffffe, Address: 40a7d20c, Base: 40918000, End: 40f30000, Flag
s: 1, Length: 618000, Offset: 16520c

Executable: 2, Read: 4, Write: 0 invoke: 256
Capability: 0x65af76 [rxR,0x100000-0x832000] (sentry,capmode)
Is aligned: 0
Is sealed: 1
Tag: 1, Perms: 68117, Type: fffffffffffffffe, Address: 65af76, Base: 100000, End: 832000, Flags: 1,
Length: 732000, Offset: 55af76

Executable: 2, Read: 4, Write: 0 invoke: 256
Capability: 0x58a716 [rxR,0x100000-0x832000] (sentry,capmode)
Is aligned: 0
Is sealed: 1
Tag: 1, Perms: 68117, Type: fffffffffffffffe, Address: 58a716, Base: 100000, End: 832000, Flags: 1,
Length: 732000, Offset: 48a716

Executable: 2, Read: 4, Write: 0 invoke: 256
Capability: 0x69916e [rxR,0x100000-0x832000] (sentry,capmode)
Is aligned: 0
Is sealed: 1
Tag: 1, Perms: 68117, Type: fffffffffffffffe, Address: 69916e, Base: 100000, End: 832000, Flags: 1,
Length: 732000, Offset: 59916e

Executable: 2, Read: 4, Write: 0 invoke: 256
Capability: 0x5dc08c [rxR,0x100000-0x832000] (sentry,capmode)
Is aligned: 0
Is sealed: 1
Tag: 1, Perms: 68117, Type: fffffffffffffffe, Address: 5dc08c, Base: 100000, End: 832000, Flags: 1,
Length: 732000, Offset: 4dc08c

--
Executable: 2, Read: 4, Write: 0 invoke: 256
Capability: 0x5cf4cc [rxR,0x100000-0x832000] (sentry,capmode)
Is aligned: 0
Is sealed: 1
Tag: 1, Perms: 68117, Type: fffffffffffffffe, Address: 5cf4cc, Base: 100000, End: 832000, Flags: 1,
Length: 732000, Offset: 4cf4cc

--
Executable: 2, Read: 4, Write: 0 invoke: 256
Capability: 0x34ef8c [rxR,0x100000-0x832000] (sentry,capmode)
Is aligned: 0
Is sealed: 1
Tag: 1, Perms: 68117, Type: fffffffffffffffe, Address: 34ef8c, Base: 100000, End: 832000, Flags: 1,
Length: 732000, Offset: 24ef8c

Executable: 2, Read: 4, Write: 0 invoke: 256
Capability: 0x659602 [rxR,0x100000-0x832000] (sentry,capmode)
Is aligned: 0
Is sealed: 1
Tag: 1, Perms: 68117, Type: fffffffffffffffe, Address: 659602, Base: 100000, End: 832000, Flags: 1,
Length: 732000, Offset: 559602

--
Executable: 2, Read: 4, Write: 0 invoke: 256
Capability: 0x65a830 [rxR,0x100000-0x832000] (sentry,capmode)
Is aligned: 1
Is sealed: 1
Tag: 1, Perms: 68117, Type: fffffffffffffffe, Address: 65a830, Base: 100000, End: 832000, Flags: 1,
Length: 732000, Offset: 55a830

--
Executable: 2, Read: 4, Write: 0 invoke: 256
Capability: 0x66753a [rxR,0x100000-0x832000] (sentry,capmode)
Is aligned: 0
Is sealed: 1
Tag: 1, Perms: 68117, Type: fffffffffffffffe, Address: 66753a, Base: 100000, End: 832000, Flags: 1,
Length: 732000, Offset: 56753a

--
Executable: 2, Read: 4, Write: 0 invoke: 256
Capability: 0x6674f8 [rxR,0x100000-0x832000] (sentry,capmode)
Is aligned: 0
Is sealed: 1
Tag: 1, Perms: 68117, Type: fffffffffffffffe, Address: 6674f8, Base: 100000, End: 832000, Flags: 1,
Length: 732000, Offset: 5674f8

--
Executable: 2, Read: 4, Write: 0 invoke: 256
Capability: 0x66748e [rxR,0x100000-0x832000] (sentry,capmode)
Is aligned: 0
Is sealed: 1
Tag: 1, Perms: 68117, Type: fffffffffffffffe, Address: 66748e, Base: 100000, End: 832000, Flags: 1,
Length: 732000, Offset: 56748e

Executable: 2, Read: 4, Write: 0 invoke: 256
Capability: 0x659508 [rxR,0x100000-0x832000] (sentry,capmode)
Is aligned: 0
Is sealed: 1
Tag: 1, Perms: 68117, Type: fffffffffffffffe, Address: 659508, Base: 100000, End: 832000, Flags: 1,
Length: 732000, Offset: 559508

Executable: 2, Read: 4, Write: 0 invoke: 256
Capability: 0x454216 [rxR,0x100000-0x832000] (sentry,capmode)
Is aligned: 0
Is sealed: 1
Tag: 1, Perms: 68117, Type: fffffffffffffffe, Address: 454216, Base: 100000, End: 832000, Flags: 1,
Length: 732000, Offset: 354216

Executable: 2, Read: 4, Write: 0 invoke: 0
Capability: 0x65eb7a [rxR,0x100000-0x832000] (invalid,sentry,capmode)
Is aligned: 0
Is sealed: 1
Tag: 0, Perms: 0017, Type: fffffffffffffffe, Address: 65eb7a, Base: 100000, End: 832000, Flags: 1, L
ength: 732000, Offset: 55eb7a

--
Executable: 2, Read: 4, Write: 0 invoke: 256
Capability: 0x34ef8c [rxR,0x100000-0x832000] (sentry,capmode)
Is aligned: 0
Is sealed: 1
Tag: 1, Perms: 68117, Type: fffffffffffffffe, Address: 34ef8c, Base: 100000, End: 832000, Flags: 1,
Length: 732000, Offset: 24ef8c

--
Executable: 2, Read: 4, Write: 0 invoke: 256
Capability: 0x65e940 [rxR,0x100000-0x832000] (sentry,capmode)
Is aligned: 1
Is sealed: 1
Tag: 1, Perms: 68117, Type: fffffffffffffffe, Address: 65e940, Base: 100000, End: 832000, Flags: 1,
Length: 732000, Offset: 55e940

--
Executable: 2, Read: 4, Write: 0 invoke: 256
Capability: 0x4b1a4c [rxR,0x100000-0x832000] (sentry,capmode)
Is aligned: 0
Is sealed: 1
Tag: 1, Perms: 68117, Type: fffffffffffffffe, Address: 4b1a4c, Base: 100000, End: 832000, Flags: 1,
Length: 732000, Offset: 3b1a4c

Executable: 2, Read: 4, Write: 0 invoke: 256
Capability: 0x49af48 [rxR,0x100000-0x832000] (sentry,capmode)
Is aligned: 0
Is sealed: 1
Tag: 1, Perms: 68117, Type: fffffffffffffffe, Address: 49af48, Base: 100000, End: 832000, Flags: 1,
Length: 732000, Offset: 39af48

--
Executable: 2, Read: 4, Write: 0 invoke: 256
Capability: 0x4b1a4c [rxR,0x100000-0x832000] (sentry,capmode)
Is aligned: 0
Is sealed: 1
Tag: 1, Perms: 68117, Type: fffffffffffffffe, Address: 4b1a4c, Base: 100000, End: 832000, Flags: 1,
Length: 732000, Offset: 3b1a4c

Executable: 2, Read: 4, Write: 0 invoke: 256
Capability: 0x4b1448 [rxR,0x100000-0x832000] (sentry,capmode)
Is aligned: 0
Is sealed: 1
Tag: 1, Perms: 68117, Type: fffffffffffffffe, Address: 4b1448, Base: 100000, End: 832000, Flags: 1,
Length: 732000, Offset: 3b1448

Executable: 2, Read: 4, Write: 0 invoke: 256
Capability: 0x4b1448 [rxR,0x100000-0x832000] (sentry,capmode)
Is aligned: 0
Is sealed: 1
Tag: 1, Perms: 68117, Type: fffffffffffffffe, Address: 4b1448, Base: 100000, End: 832000, Flags: 1,
Length: 732000, Offset: 3b1448

Executable: 2, Read: 4, Write: 0 invoke: 256
Capability: 0x442a4c [rxR,0x100000-0x832000] (sentry,capmode)
Is aligned: 0
Is sealed: 1
Tag: 1, Perms: 68117, Type: fffffffffffffffe, Address: 442a4c, Base: 100000, End: 832000, Flags: 1,
Length: 732000, Offset: 342a4c

--
Executable: 2, Read: 4, Write: 0 invoke: 256
Capability: 0x65c83e [rxR,0x100000-0x832000] (sentry,capmode)
Is aligned: 0
Is sealed: 1
Tag: 1, Perms: 68117, Type: fffffffffffffffe, Address: 65c83e, Base: 100000, End: 832000, Flags: 1,
Length: 732000, Offset: 55c83e

--
Executable: 2, Read: 4, Write: 0 invoke: 256
Capability: 0x65c718 [rxR,0x100000-0x832000] (sentry,capmode)
Is aligned: 0
Is sealed: 1
Tag: 1, Perms: 68117, Type: fffffffffffffffe, Address: 65c718, Base: 100000, End: 832000, Flags: 1,
Length: 732000, Offset: 55c718

--
Executable: 2, Read: 4, Write: 0 invoke: 256
Capability: 0x4522fc [rxR,0x100000-0x832000] (sentry,capmode)
Is aligned: 0
Is sealed: 1
Tag: 1, Perms: 68117, Type: fffffffffffffffe, Address: 4522fc, Base: 100000, End: 832000, Flags: 1,
Length: 732000, Offset: 3522fc

--
Executable: 2, Read: 4, Write: 0 invoke: 256
Capability: 0x4520ae [rxR,0x100000-0x832000] (sentry,capmode)
Is aligned: 0
Is sealed: 1
Tag: 1, Perms: 68117, Type: fffffffffffffffe, Address: 4520ae, Base: 100000, End: 832000, Flags: 1,
Length: 732000, Offset: 3520ae

--
Executable: 2, Read: 4, Write: 0 invoke: 256
Capability: 0x66753a [rxR,0x100000-0x832000] (sentry,capmode)
Is aligned: 0
Is sealed: 1
Tag: 1, Perms: 68117, Type: fffffffffffffffe, Address: 66753a, Base: 100000, End: 832000, Flags: 1,
Length: 732000, Offset: 56753a

--
Executable: 2, Read: 4, Write: 0 invoke: 256
Capability: 0x65c6c0 [rxR,0x100000-0x832000] (sentry,capmode)
Is aligned: 1
Is sealed: 1
Tag: 1, Perms: 68117, Type: fffffffffffffffe, Address: 65c6c0, Base: 100000, End: 832000, Flags: 1,
Length: 732000, Offset: 55c6c0

Executable: 2, Read: 4, Write: 0 invoke: 256
Capability: 0x4b0f42 [rxR,0x100000-0x832000] (sentry,capmode)
Is aligned: 0
Is sealed: 1
Tag: 1, Perms: 68117, Type: fffffffffffffffe, Address: 4b0f42, Base: 100000, End: 832000, Flags: 1,
Length: 732000, Offset: 3b0f42

Executable: 2, Read: 4, Write: 0 invoke: 256
Capability: 0x65c19e [rxR,0x100000-0x832000] (sentry,capmode)
Is aligned: 0
Is sealed: 1
Tag: 1, Perms: 68117, Type: fffffffffffffffe, Address: 65c19e, Base: 100000, End: 832000, Flags: 1,
Length: 732000, Offset: 55c19e

Executable: 2, Read: 4, Write: 0 invoke: 256
Capability: 0x65ccd8 [rxR,0x100000-0x832000] (sentry,capmode)
Is aligned: 0
Is sealed: 1
Tag: 1, Perms: 68117, Type: fffffffffffffffe, Address: 65ccd8, Base: 100000, End: 832000, Flags: 1,
Length: 732000, Offset: 55ccd8

Executable: 2, Read: 4, Write: 0 invoke: 256
Capability: 0x4b0f42 [rxR,0x100000-0x832000] (sentry,capmode)
Is aligned: 0
Is sealed: 1
Tag: 1, Perms: 68117, Type: fffffffffffffffe, Address: 4b0f42, Base: 100000, End: 832000, Flags: 1,
Length: 732000, Offset: 3b0f42

--
Executable: 2, Read: 4, Write: 0 invoke: 256
Capability: 0x4b6412 [rxR,0x100000-0x832000] (sentry,capmode)
Is aligned: 0
Is sealed: 1
Tag: 1, Perms: 68117, Type: fffffffffffffffe, Address: 4b6412, Base: 100000, End: 832000, Flags: 1,
Length: 732000, Offset: 3b6412

--
Executable: 2, Read: 4, Write: 0 invoke: 256
Capability: 0x4b947c [rxR,0x100000-0x832000] (sentry,capmode)
Is aligned: 0
Is sealed: 1
Tag: 1, Perms: 68117, Type: fffffffffffffffe, Address: 4b947c, Base: 100000, End: 832000, Flags: 1,
Length: 732000, Offset: 3b947c

--
Executable: 2, Read: 4, Write: 0 invoke: 256
Capability: 0x6cecf4 [rxR,0x100000-0x832000] (sentry,capmode)
Is aligned: 0
Is sealed: 1
Tag: 1, Perms: 68117, Type: fffffffffffffffe, Address: 6cecf4, Base: 100000, End: 832000, Flags: 1,
Length: 732000, Offset: 5cecf4

Executable: 2, Read: 4, Write: 0 invoke: 256
Capability: 0x6dd74e [rxR,0x100000-0x832000] (sentry,capmode)
Is aligned: 0
Is sealed: 1
Tag: 1, Perms: 68117, Type: fffffffffffffffe, Address: 6dd74e, Base: 100000, End: 832000, Flags: 1,
Length: 732000, Offset: 5dd74e

Executable: 2, Read: 4, Write: 0 invoke: 256
Capability: 0x6c680c [rxR,0x100000-0x832000] (sentry,capmode)
Is aligned: 0
Is sealed: 1
Tag: 1, Perms: 68117, Type: fffffffffffffffe, Address: 6c680c, Base: 100000, End: 832000, Flags: 1,
Length: 732000, Offset: 5c680c

Executable: 2, Read: 4, Write: 0 invoke: 256
Capability: 0x6ee6c2 [rxR,0x100000-0x832000] (sentry,capmode)
Is aligned: 0
Is sealed: 1
Tag: 1, Perms: 68117, Type: fffffffffffffffe, Address: 6ee6c2, Base: 100000, End: 832000, Flags: 1,
Length: 732000, Offset: 5ee6c2

--
Executable: 2, Read: 4, Write: 8 invoke: 256
Capability: 0x3fffdfc110 [rwxRW,0x3fbfe00000-0x3fffe00000] (invalid,sealed,capmode)
Is aligned: 1
Is sealed: 1
Tag: 0, Perms: 78fff, Type: 1f, Address: 3fffdfc110, Base: 3fbfe00000, End: 3fffe00000, Flags: 1, Le
ngth: 40000000, Offset: 3fffc110

--
Executable: 2, Read: 4, Write: 0 invoke: 256
Capability: 0x60ef98 [rxR,0x100000-0x832000] (sentry,capmode)
Is aligned: 0
Is sealed: 1
Tag: 1, Perms: 68117, Type: fffffffffffffffe, Address: 60ef98, Base: 100000, End: 832000, Flags: 1,
Length: 732000, Offset: 50ef98

--
Executable: 2, Read: 4, Write: 0 invoke: 256
Capability: 0x6cecf4 [rxR,0x100000-0x832000] (sentry,capmode)
Is aligned: 0
Is sealed: 1
Tag: 1, Perms: 68117, Type: fffffffffffffffe, Address: 6cecf4, Base: 100000, End: 832000, Flags: 1,
Length: 732000, Offset: 5cecf4

Executable: 2, Read: 4, Write: 0 invoke: 256
Capability: 0x6edb38 [rxR,0x100000-0x832000] (sentry,capmode)
Is aligned: 0
Is sealed: 1
Tag: 1, Perms: 68117, Type: fffffffffffffffe, Address: 6edb38, Base: 100000, End: 832000, Flags: 1,
Length: 732000, Offset: 5edb38

--
Executable: 2, Read: 4, Write: 0 invoke: 256
Capability: 0x6dd74e [rxR,0x100000-0x832000] (sentry,capmode)
Is aligned: 0
Is sealed: 1
Tag: 1, Perms: 68117, Type: fffffffffffffffe, Address: 6dd74e, Base: 100000, End: 832000, Flags: 1,
Length: 732000, Offset: 5dd74e

Executable: 2, Read: 4, Write: 0 invoke: 256
Capability: 0x6c46da [rxR,0x100000-0x832000] (sentry,capmode)
Is aligned: 0
Is sealed: 1
Tag: 1, Perms: 68117, Type: fffffffffffffffe, Address: 6c46da, Base: 100000, End: 832000, Flags: 1,
Length: 732000, Offset: 5c46da

--
Executable: 2, Read: 4, Write: 0 invoke: 256
Capability: 0x6adda6 [rxR,0x100000-0x832000] (sentry,capmode)
Is aligned: 0
Is sealed: 1
Tag: 1, Perms: 68117, Type: fffffffffffffffe, Address: 6adda6, Base: 100000, End: 832000, Flags: 1,
Length: 732000, Offset: 5adda6

--
Executable: 2, Read: 4, Write: 0 invoke: 256
Capability: 0x34ef8c [rxR,0x100000-0x832000] (sentry,capmode)
Is aligned: 0
Is sealed: 1
Tag: 1, Perms: 68117, Type: fffffffffffffffe, Address: 34ef8c, Base: 100000, End: 832000, Flags: 1,
Length: 732000, Offset: 24ef8c

--
Executable: 2, Read: 4, Write: 0 invoke: 256
Capability: 0x6add36 [rxR,0x100000-0x832000] (sentry,capmode)
Is aligned: 0
Is sealed: 1
Tag: 1, Perms: 68117, Type: fffffffffffffffe, Address: 6add36, Base: 100000, End: 832000, Flags: 1,
Length: 732000, Offset: 5add36

--
Executable: 2, Read: 4, Write: 0 invoke: 256
Capability: 0x6f1808 [rxR,0x100000-0x832000] (sentry,capmode)
Is aligned: 0
Is sealed: 1
Tag: 1, Perms: 68117, Type: fffffffffffffffe, Address: 6f1808, Base: 100000, End: 832000, Flags: 1,
Length: 732000, Offset: 5f1808

--
Executable: 2, Read: 4, Write: 0 invoke: 256
Capability: 0x6f14ae [rxR,0x100000-0x832000] (sentry,capmode)
Is aligned: 0
Is sealed: 1
Tag: 1, Perms: 68117, Type: fffffffffffffffe, Address: 6f14ae, Base: 100000, End: 832000, Flags: 1,
Length: 732000, Offset: 5f14ae

Executable: 2, Read: 4, Write: 0 invoke: 256
Capability: 0x610968 [rxR,0x100000-0x832000] (sentry,capmode)
Is aligned: 0
Is sealed: 1
Tag: 1, Perms: 68117, Type: fffffffffffffffe, Address: 610968, Base: 100000, End: 832000, Flags: 1,
Length: 732000, Offset: 510968

--
Executable: 2, Read: 4, Write: 0 invoke: 256
Capability: 0x6c4a64 [rxR,0x100000-0x832000] (sentry,capmode)
Is aligned: 0
Is sealed: 1
Tag: 1, Perms: 68117, Type: fffffffffffffffe, Address: 6c4a64, Base: 100000, End: 832000, Flags: 1,
Length: 732000, Offset: 5c4a64

--
Executable: 2, Read: 4, Write: 0 invoke: 256
Capability: 0x6ef19a [rxR,0x100000-0x832000] (sentry,capmode)
Is aligned: 0
Is sealed: 1
Tag: 1, Perms: 68117, Type: fffffffffffffffe, Address: 6ef19a, Base: 100000, End: 832000, Flags: 1,
Length: 732000, Offset: 5ef19a

--
Executable: 2, Read: 4, Write: 0 invoke: 256
Capability: 0x6c2fe6 [rxR,0x100000-0x832000] (sentry,capmode)
Is aligned: 0
Is sealed: 1
Tag: 1, Perms: 68117, Type: fffffffffffffffe, Address: 6c2fe6, Base: 100000, End: 832000, Flags: 1,
Length: 732000, Offset: 5c2fe6

--
Executable: 2, Read: 4, Write: 0 invoke: 256
Capability: 0x6c3040 [rxR,0x100000-0x832000] (sentry,capmode)
Is aligned: 1
Is sealed: 1
Tag: 1, Perms: 68117, Type: fffffffffffffffe, Address: 6c3040, Base: 100000, End: 832000, Flags: 1,
Length: 732000, Offset: 5c3040

--
Executable: 2, Read: 4, Write: 0 invoke: 256
Capability: 0x5a097a [rxR,0x100000-0x832000] (sentry,capmode)
Is aligned: 0
Is sealed: 1
Tag: 1, Perms: 68117, Type: fffffffffffffffe, Address: 5a097a, Base: 100000, End: 832000, Flags: 1,
Length: 732000, Offset: 4a097a

--
Executable: 2, Read: 4, Write: 0 invoke: 256
Capability: 0x59b444 [rxR,0x100000-0x832000] (sentry,capmode)
Is aligned: 0
Is sealed: 1
Tag: 1, Perms: 68117, Type: fffffffffffffffe, Address: 59b444, Base: 100000, End: 832000, Flags: 1,
Length: 732000, Offset: 49b444

Executable: 2, Read: 4, Write: 0 invoke: 256
Capability: 0x6aa3e6 [rxR,0x100000-0x832000] (sentry,capmode)
Is aligned: 0
Is sealed: 1
Tag: 1, Perms: 68117, Type: fffffffffffffffe, Address: 6aa3e6, Base: 100000, End: 832000, Flags: 1,
Length: 732000, Offset: 5aa3e6

--
Executable: 2, Read: 4, Write: 0 invoke: 256
Capability: 0x6eafb0 [rxR,0x100000-0x832000] (sentry,capmode)
Is aligned: 1
Is sealed: 1
Tag: 1, Perms: 68117, Type: fffffffffffffffe, Address: 6eafb0, Base: 100000, End: 832000, Flags: 1,
Length: 732000, Offset: 5eafb0

Executable: 2, Read: 4, Write: 0 invoke: 256
Capability: 0x59b348 [rxR,0x100000-0x832000] (sentry,capmode)
Is aligned: 0
Is sealed: 1
Tag: 1, Perms: 68117, Type: fffffffffffffffe, Address: 59b348, Base: 100000, End: 832000, Flags: 1,
Length: 732000, Offset: 49b348

Executable: 2, Read: 4, Write: 0 invoke: 256
Capability: 0x59b348 [rxR,0x100000-0x832000] (sentry,capmode)
Is aligned: 0
Is sealed: 1
Tag: 1, Perms: 68117, Type: fffffffffffffffe, Address: 59b348, Base: 100000, End: 832000, Flags: 1,
Length: 732000, Offset: 49b348

--
Executable: 2, Read: 4, Write: 0 invoke: 256
Capability: 0x6dc9c6 [rxR,0x100000-0x832000] (sentry,capmode)
Is aligned: 0
Is sealed: 1
Tag: 1, Perms: 68117, Type: fffffffffffffffe, Address: 6dc9c6, Base: 100000, End: 832000, Flags: 1,
Length: 732000, Offset: 5dc9c6

--
Executable: 2, Read: 4, Write: 0 invoke: 256
Capability: 0x47c504 [rxR,0x100000-0x832000] (sentry,capmode)
Is aligned: 0
Is sealed: 1
Tag: 1, Perms: 68117, Type: fffffffffffffffe, Address: 47c504, Base: 100000, End: 832000, Flags: 1,
Length: 732000, Offset: 37c504

Executable: 2, Read: 4, Write: 0 invoke: 256
Capability: 0x480b18 [rxR,0x100000-0x832000] (sentry,capmode)
Is aligned: 0
Is sealed: 1
Tag: 1, Perms: 68117, Type: fffffffffffffffe, Address: 480b18, Base: 100000, End: 832000, Flags: 1,
Length: 732000, Offset: 380b18

--
Executable: 2, Read: 4, Write: 0 invoke: 256
Capability: 0x46c93c [rxR,0x100000-0x832000] (sentry,capmode)
Is aligned: 0
Is sealed: 1
Tag: 1, Perms: 68117, Type: fffffffffffffffe, Address: 46c93c, Base: 100000, End: 832000, Flags: 1,
Length: 732000, Offset: 36c93c

--
Executable: 2, Read: 4, Write: 0 invoke: 256
Capability: 0x6dcbe0 [rxR,0x100000-0x832000] (sentry,capmode)
Is aligned: 1
Is sealed: 1
Tag: 1, Perms: 68117, Type: fffffffffffffffe, Address: 6dcbe0, Base: 100000, End: 832000, Flags: 1,
Length: 732000, Offset: 5dcbe0

--
Executable: 2, Read: 4, Write: 0 invoke: 256
Capability: 0x6ad8e6 [rxR,0x100000-0x832000] (sentry,capmode)
Is aligned: 0
Is sealed: 1
Tag: 1, Perms: 68117, Type: fffffffffffffffe, Address: 6ad8e6, Base: 100000, End: 832000, Flags: 1,
Length: 732000, Offset: 5ad8e6

--
Executable: 2, Read: 4, Write: 0 invoke: 256
Capability: 0x0 [rxR,0x100000-0x832000] (invalid,sentry,capmode)
Is aligned: 1
Is sealed: 1
Tag: 0, Perms: 68117, Type: fffffffffffffffe, Address: 0000, Base: 100000, End: 832000, Flags: 1, Le
ngth: 732000, Offset: fffffffffff00000

--
Executable: 2, Read: 4, Write: 0 invoke: 256
Capability: 0x6b3b74 [rxR,0x100000-0x832000] (sentry,capmode)
Is aligned: 0
Is sealed: 1
Tag: 1, Perms: 68117, Type: fffffffffffffffe, Address: 6b3b74, Base: 100000, End: 832000, Flags: 1,
Length: 732000, Offset: 5b3b74

--
Executable: 2, Read: 4, Write: 0 invoke: 256
Capability: 0x4085743e [rxR,0x4083f000-0x40879000] (sentry,capmode)
Is aligned: 0
Is sealed: 1
Tag: 1, Perms: 68117, Type: fffffffffffffffe, Address: 4085743e, Base: 4083f000, End: 40879000, Flag
s: 1, Length: 3a000, Offset: 1843e

--
Executable: 2, Read: 0, Write: 8 invoke: 0
Capability: 0x55555555 [wxW,0x55552000-0x55552a00] (invalid,sealed,capmode)
Is aligned: 0
Is sealed: 1
Tag: 0, Perms: 20aeb, Type: 2667f, Address: 55555555, Base: 55552000, End: 55552a00, Flags: 1, Lengt
h: 0a00, Offset: 3555

--
Executable: 2, Read: 4, Write: 0 invoke: 256
Capability: 0x40a90c30 [rxR,0x40918000-0x40f30000] (sentry,capmode)
Is aligned: 1
Is sealed: 1
Tag: 1, Perms: 68117, Type: fffffffffffffffe, Address: 40a90c30, Base: 40918000, End: 40f30000, Flag
s: 1, Length: 618000, Offset: 178c30

--
Executable: 2, Read: 4, Write: 0 invoke: 256
Capability: 0x6b3a6e [rxR,0x100000-0x832000] (sentry,capmode)
Is aligned: 0
Is sealed: 1
Tag: 1, Perms: 68117, Type: fffffffffffffffe, Address: 6b3a6e, Base: 100000, End: 832000, Flags: 1,
Length: 732000, Offset: 5b3a6e

--
Executable: 2, Read: 4, Write: 0 invoke: 256
Capability: 0x6243a2 [rxR,0x100000-0x832000] (invalid,sentry,capmode)
Is aligned: 0
Is sealed: 1
Tag: 0, Perms: 0117, Type: fffffffffffffffe, Address: 6243a2, Base: 100000, End: 832000, Flags: 1, L
ength: 732000, Offset: 5243a2

--
Executable: 2, Read: 4, Write: 0 invoke: 0
Capability: 0x362aa4 [rxR,0x100000-0x832000] (invalid,sentry,capmode)
Is aligned: 0
Is sealed: 1
Tag: 0, Perms: 0017, Type: fffffffffffffffe, Address: 362aa4, Base: 100000, End: 832000, Flags: 1, L
ength: 732000, Offset: 262aa4

--
Executable: 2, Read: 4, Write: 0 invoke: 256
Capability: 0x62396c [rxR,0x100000-0x832000] (sentry,capmode)
Is aligned: 0
Is sealed: 1
Tag: 1, Perms: 68117, Type: fffffffffffffffe, Address: 62396c, Base: 100000, End: 832000, Flags: 1,
Length: 732000, Offset: 52396c

--
Executable: 2, Read: 4, Write: 0 invoke: 256
Capability: 0x6154ee [rxR,0x100000-0x832000] (sentry,capmode)
Is aligned: 0
Is sealed: 1
Tag: 1, Perms: 68117, Type: fffffffffffffffe, Address: 6154ee, Base: 100000, End: 832000, Flags: 1,
Length: 732000, Offset: 5154ee

--
Executable: 2, Read: 4, Write: 0 invoke: 256
Capability: 0x658d56 [rxR,0x100000-0x832000] (sentry,capmode)
Is aligned: 0
Is sealed: 1
Tag: 1, Perms: 68117, Type: fffffffffffffffe, Address: 658d56, Base: 100000, End: 832000, Flags: 1,
Length: 732000, Offset: 558d56

--
Executable: 2, Read: 4, Write: 0 invoke: 256
Capability: 0x65626a [rxR,0x100000-0x832000] (sentry,capmode)
Is aligned: 0
Is sealed: 1
Tag: 1, Perms: 68117, Type: fffffffffffffffe, Address: 65626a, Base: 100000, End: 832000, Flags: 1,
Length: 732000, Offset: 55626a

--
Executable: 2, Read: 4, Write: 0 invoke: 256
Capability: 0x654bae [rxR,0x100000-0x832000] (sentry,capmode)
Is aligned: 0
Is sealed: 1
Tag: 1, Perms: 68117, Type: fffffffffffffffe, Address: 654bae, Base: 100000, End: 832000, Flags: 1,
Length: 732000, Offset: 554bae

--
Executable: 2, Read: 4, Write: 0 invoke: 256
Capability: 0x655aa0 [rxR,0x100000-0x832000] (sentry,capmode)
Is aligned: 1
Is sealed: 1
Tag: 1, Perms: 68117, Type: fffffffffffffffe, Address: 655aa0, Base: 100000, End: 832000, Flags: 1,
Length: 732000, Offset: 555aa0

--
Executable: 2, Read: 4, Write: 0 invoke: 256
Capability: 0x6dd74e [rxR,0x100000-0x832000] (sentry,capmode)
Is aligned: 0
Is sealed: 1
Tag: 1, Perms: 68117, Type: fffffffffffffffe, Address: 6dd74e, Base: 100000, End: 832000, Flags: 1,
Length: 732000, Offset: 5dd74e

--
Executable: 2, Read: 4, Write: 0 invoke: 256
Capability: 0x6edb38 [rxR,0x100000-0x832000] (sentry,capmode)
Is aligned: 0
Is sealed: 1
Tag: 1, Perms: 68117, Type: fffffffffffffffe, Address: 6edb38, Base: 100000, End: 832000, Flags: 1,
Length: 732000, Offset: 5edb38

--
Executable: 2, Read: 4, Write: 0 invoke: 256
Capability: 0x4081df7a [rxR,0x4080c000-0x40834600] (invalid,sentry,capmode)
Is aligned: 0
Is sealed: 1
Tag: 0, Perms: 0117, Type: fffffffffffffffe, Address: 4081df7a, Base: 4080c000, End: 40834600, Flags
: 1, Length: 28600, Offset: 11f7a

--
Executable: 2, Read: 4, Write: 0 invoke: 256
Capability: 0x3 [rxR,0x100000-0x832000] (invalid,sentry,capmode)
Is aligned: 0
Is sealed: 1
Tag: 0, Perms: 0117, Type: fffffffffffffffe, Address: 0003, Base: 100000, End: 832000, Flags: 1, Len
gth: 732000, Offset: fffffffffff00003

--
Executable: 2, Read: 4, Write: 0 invoke: 256
Capability: 0x6aa3e6 [rxR,0x100000-0x832000] (sentry,capmode)
Is aligned: 0
Is sealed: 1
Tag: 1, Perms: 68117, Type: fffffffffffffffe, Address: 6aa3e6, Base: 100000, End: 832000, Flags: 1,
Length: 732000, Offset: 5aa3e6

--
Executable: 2, Read: 4, Write: 0 invoke: 0
Capability: 0x6aa1e2 [rxR,0x100000-0x832000] (invalid,sentry,capmode)
Is aligned: 0
Is sealed: 1
Tag: 0, Perms: 0017, Type: fffffffffffffffe, Address: 6aa1e2, Base: 100000, End: 832000, Flags: 1, L
ength: 732000, Offset: 5aa1e2

--
Executable: 2, Read: 4, Write: 0 invoke: 0
Capability: 0x6aa1b0 [rxR,0x100000-0x832000] (invalid,sentry,capmode)
Is aligned: 1
Is sealed: 1
Tag: 0, Perms: 0017, Type: fffffffffffffffe, Address: 6aa1b0, Base: 100000, End: 832000, Flags: 1, L
ength: 732000, Offset: 5aa1b0

--
Executable: 2, Read: 4, Write: 0 invoke: 256
Capability: 0x6f26a2 [rxR,0x100000-0x832000] (sentry,capmode)
Is aligned: 0
Is sealed: 1
Tag: 1, Perms: 68117, Type: fffffffffffffffe, Address: 6f26a2, Base: 100000, End: 832000, Flags: 1,
Length: 732000, Offset: 5f26a2

--
Executable: 2, Read: 4, Write: 0 invoke: 256
Capability: 0x476b70 [rxR,0x100000-0x832000] (sentry,capmode)
Is aligned: 1
Is sealed: 1
Tag: 1, Perms: 68117, Type: fffffffffffffffe, Address: 476b70, Base: 100000, End: 832000, Flags: 1,
Length: 732000, Offset: 376b70

--
Executable: 2, Read: 4, Write: 0 invoke: 256
Capability: 0x6ca07e [rxR,0x100000-0x832000] (sentry,capmode)
Is aligned: 0
Is sealed: 1
Tag: 1, Perms: 68117, Type: fffffffffffffffe, Address: 6ca07e, Base: 100000, End: 832000, Flags: 1,
Length: 732000, Offset: 5ca07e

--
Executable: 2, Read: 4, Write: 0 invoke: 256
Capability: 0x6adde2 [rxR,0x100000-0x832000] (sentry,capmode)
Is aligned: 0
Is sealed: 1
Tag: 1, Perms: 68117, Type: fffffffffffffffe, Address: 6adde2, Base: 100000, End: 832000, Flags: 1,
Length: 732000, Offset: 5adde2

--
Executable: 2, Read: 4, Write: 0 invoke: 256
Capability: 0x34ef8c [rxR,0x100000-0x832000] (sentry,capmode)
Is aligned: 0
Is sealed: 1
Tag: 1, Perms: 68117, Type: fffffffffffffffe, Address: 34ef8c, Base: 100000, End: 832000, Flags: 1,
Length: 732000, Offset: 24ef8c

--
Executable: 2, Read: 4, Write: 0 invoke: 256
Capability: 0x6add36 [rxR,0x100000-0x832000] (sentry,capmode)
Is aligned: 0
Is sealed: 1
Tag: 1, Perms: 68117, Type: fffffffffffffffe, Address: 6add36, Base: 100000, End: 832000, Flags: 1,
Length: 732000, Offset: 5add36

--
Executable: 2, Read: 4, Write: 0 invoke: 256
Capability: 0x6c7c48 [rxR,0x100000-0x832000] (sentry,capmode)
Is aligned: 0
Is sealed: 1
Tag: 1, Perms: 68117, Type: fffffffffffffffe, Address: 6c7c48, Base: 100000, End: 832000, Flags: 1,
Length: 732000, Offset: 5c7c48

Executable: 2, Read: 4, Write: 0 invoke: 256
Capability: 0x6ca300 [rxR,0x100000-0x832000] (sentry,capmode)
Is aligned: 1
Is sealed: 1
Tag: 1, Perms: 68117, Type: fffffffffffffffe, Address: 6ca300, Base: 100000, End: 832000, Flags: 1,
Length: 732000, Offset: 5ca300

--
Executable: 2, Read: 4, Write: 0 invoke: 256
Capability: 0x6ca1fa [rxR,0x100000-0x832000] (sentry,capmode)
Is aligned: 0
Is sealed: 1
Tag: 1, Perms: 68117, Type: fffffffffffffffe, Address: 6ca1fa, Base: 100000, End: 832000, Flags: 1,
Length: 732000, Offset: 5ca1fa

Executable: 2, Read: 4, Write: 0 invoke: 256
Capability: 0x45085c [rxR,0x100000-0x832000] (sentry,capmode)
Is aligned: 0
Is sealed: 1
Tag: 1, Perms: 68117, Type: fffffffffffffffe, Address: 45085c, Base: 100000, End: 832000, Flags: 1,
Length: 732000, Offset: 35085c

--
Executable: 2, Read: 4, Write: 0 invoke: 256
Capability: 0x34ef8c [rxR,0x100000-0x832000] (sentry,capmode)
Is aligned: 0
Is sealed: 1
Tag: 1, Perms: 68117, Type: fffffffffffffffe, Address: 34ef8c, Base: 100000, End: 832000, Flags: 1,
Length: 732000, Offset: 24ef8c

--
Executable: 2, Read: 4, Write: 0 invoke: 256
Capability: 0x45080a [rxR,0x100000-0x832000] (sentry,capmode)
Is aligned: 0
Is sealed: 1
Tag: 1, Perms: 68117, Type: fffffffffffffffe, Address: 45080a, Base: 100000, End: 832000, Flags: 1,
Length: 732000, Offset: 35080a

--
Executable: 2, Read: 4, Write: 0 invoke: 256
Capability: 0x44fc40 [rxR,0x100000-0x832000] (sentry,capmode)
Is aligned: 1
Is sealed: 1
Tag: 1, Perms: 68117, Type: fffffffffffffffe, Address: 44fc40, Base: 100000, End: 832000, Flags: 1,
Length: 732000, Offset: 34fc40

--
Executable: 2, Read: 4, Write: 0 invoke: 256
Capability: 0x450748 [rxR,0x100000-0x832000] (sentry,capmode)
Is aligned: 0
Is sealed: 1
Tag: 1, Perms: 68117, Type: fffffffffffffffe, Address: 450748, Base: 100000, End: 832000, Flags: 1,
Length: 732000, Offset: 350748

--
Executable: 2, Read: 4, Write: 0 invoke: 256
Capability: 0x34f04e [rxR,0x100000-0x832000] (sentry,capmode)
Is aligned: 0
Is sealed: 1
Tag: 1, Perms: 68117, Type: fffffffffffffffe, Address: 34f04e, Base: 100000, End: 832000, Flags: 1,
Length: 732000, Offset: 24f04e

Executable: 2, Read: 4, Write: 0 invoke: 256
Capability: 0x5f97d8 [rxR,0x100000-0x832000] (sentry,capmode)
Is aligned: 0
Is sealed: 1
Tag: 1, Perms: 68117, Type: fffffffffffffffe, Address: 5f97d8, Base: 100000, End: 832000, Flags: 1,
Length: 732000, Offset: 4f97d8

--
Executable: 2, Read: 4, Write: 0 invoke: 256
Capability: 0x34f004 [rxR,0x100000-0x832000] (sentry,capmode)
Is aligned: 0
Is sealed: 1
Tag: 1, Perms: 68117, Type: fffffffffffffffe, Address: 34f004, Base: 100000, End: 832000, Flags: 1,
Length: 732000, Offset: 24f004

--
Executable: 2, Read: 4, Write: 0 invoke: 256
Capability: 0x409c3bee [rxR,0x40918000-0x40f30000] (sentry,capmode)
Is aligned: 0
Is sealed: 1
Tag: 1, Perms: 68117, Type: fffffffffffffffe, Address: 409c3bee, Base: 40918000, End: 40f30000, Flag
s: 1, Length: 618000, Offset: abbee

--
Executable: 2, Read: 4, Write: 0 invoke: 256
Capability: 0x34ef58 [rxR,0x100000-0x832000] (sentry,capmode)
Is aligned: 0
Is sealed: 1
Tag: 1, Perms: 68117, Type: fffffffffffffffe, Address: 34ef58, Base: 100000, End: 832000, Flags: 1,
Length: 732000, Offset: 24ef58

Executable: 2, Read: 4, Write: 0 invoke: 256
Capability: 0x4081756c [rxR,0x4080c000-0x40834600] (sentry,capmode)
Is aligned: 0
Is sealed: 1
Tag: 1, Perms: 68117, Type: fffffffffffffffe, Address: 4081756c, Base: 4080c000, End: 40834600, Flag
s: 1, Length: 28600, Offset: b56c

--
Executable: 2, Read: 4, Write: 0 invoke: 256
Capability: 0x34ef8c [rxR,0x100000-0x832000] (sentry,capmode)
Is aligned: 0
Is sealed: 1
Tag: 1, Perms: 68117, Type: fffffffffffffffe, Address: 34ef8c, Base: 100000, End: 832000, Flags: 1,
Length: 732000, Offset: 24ef8c

--
Executable: 2, Read: 4, Write: 0 invoke: 256
Capability: 0x46b564 [rxR,0x100000-0x832000] (sentry,capmode)
Is aligned: 0
Is sealed: 1
Tag: 1, Perms: 68117, Type: fffffffffffffffe, Address: 46b564, Base: 100000, End: 832000, Flags: 1,
Length: 732000, Offset: 36b564

--
.Executable: 2, Read: 4, Write: 0 invoke: 256
Capability: 0x46b922 [rxR,0x100000-0x832000] (sentry,capmode)
Is aligned: 0
Is sealed: 1
Tag: 1, Perms: 68117, Type: fffffffffffffffe, Address: 46b922, Base: 100000, End: 832000, Flags: 1,
Length: 732000, Offset: 36b922

--
Executable: 2, Read: 4, Write: 0 invoke: 256
Capability: 0x4784f4 [rxR,0x100000-0x832000] (sentry,capmode)
Is aligned: 0
Is sealed: 1
Tag: 1, Perms: 68117, Type: fffffffffffffffe, Address: 4784f4, Base: 100000, End: 832000, Flags: 1,
Length: 732000, Offset: 3784f4

--
Executable: 2, Read: 4, Write: 0 invoke: 256
Capability: 0x47f658 [rxR,0x100000-0x832000] (sentry,capmode)
Is aligned: 0
Is sealed: 1
Tag: 1, Perms: 68117, Type: fffffffffffffffe, Address: 47f658, Base: 100000, End: 832000, Flags: 1,
Length: 732000, Offset: 37f658

--
Executable: 2, Read: 4, Write: 0 invoke: 256
Capability: 0x477ba4 [rxR,0x100000-0x832000] (sentry,capmode)
Is aligned: 0
Is sealed: 1
Tag: 1, Perms: 68117, Type: fffffffffffffffe, Address: 477ba4, Base: 100000, End: 832000, Flags: 1,
Length: 732000, Offset: 377ba4

--
Executable: 2, Read: 4, Write: 0 invoke: 256
Capability: 0x47f21c [rxR,0x100000-0x832000] (sentry,capmode)
Is aligned: 0
Is sealed: 1
Tag: 1, Perms: 68117, Type: fffffffffffffffe, Address: 47f21c, Base: 100000, End: 832000, Flags: 1,
Length: 732000, Offset: 37f21c

--
Executable: 2, Read: 4, Write: 0 invoke: 256
Capability: 0x47e68c [rxR,0x100000-0x832000] (sentry,capmode)
Is aligned: 0
Is sealed: 1
Tag: 1, Perms: 68117, Type: fffffffffffffffe, Address: 47e68c, Base: 100000, End: 832000, Flags: 1,
Length: 732000, Offset: 37e68c

Executable: 2, Read: 4, Write: 0 invoke: 256
Capability: 0x4773fc [rxR,0x100000-0x832000] (sentry,capmode)
Is aligned: 0
Is sealed: 1
Tag: 1, Perms: 68117, Type: fffffffffffffffe, Address: 4773fc, Base: 100000, End: 832000, Flags: 1,
Length: 732000, Offset: 3773fc

--
Executable: 2, Read: 4, Write: 0 invoke: 256
Capability: 0x47e096 [rxR,0x100000-0x832000] (sentry,capmode)
Is aligned: 0
Is sealed: 1
Tag: 1, Perms: 68117, Type: fffffffffffffffe, Address: 47e096, Base: 100000, End: 832000, Flags: 1,
Length: 732000, Offset: 37e096

Executable: 2, Read: 4, Write: 0 invoke: 256
Capability: 0x47743a [rxR,0x100000-0x832000] (sentry,capmode)
Is aligned: 0
Is sealed: 1
Tag: 1, Perms: 68117, Type: fffffffffffffffe, Address: 47743a, Base: 100000, End: 832000, Flags: 1,
Length: 732000, Offset: 37743a

Executable: 2, Read: 4, Write: 0 invoke: 256
Capability: 0x465e98 [rxR,0x100000-0x832000] (sentry,capmode)
Is aligned: 0
Is sealed: 1
Tag: 1, Perms: 68117, Type: fffffffffffffffe, Address: 465e98, Base: 100000, End: 832000, Flags: 1,
Length: 732000, Offset: 365e98

Executable: 2, Read: 4, Write: 0 invoke: 256
Capability: 0x4772bc [rxR,0x100000-0x832000] (sentry,capmode)
Is aligned: 0
Is sealed: 1
Tag: 1, Perms: 68117, Type: fffffffffffffffe, Address: 4772bc, Base: 100000, End: 832000, Flags: 1,
Length: 732000, Offset: 3772bc

--
Executable: 2, Read: 4, Write: 0 invoke: 256
Capability: 0x476c6e [rxR,0x100000-0x832000] (sentry,capmode)
Is aligned: 0
Is sealed: 1
Tag: 1, Perms: 68117, Type: fffffffffffffffe, Address: 476c6e, Base: 100000, End: 832000, Flags: 1,
Length: 732000, Offset: 376c6e

--
Executable: 2, Read: 4, Write: 0 invoke: 256
Capability: 0x476ace [rxR,0x100000-0x832000] (sentry,capmode)
Is aligned: 0
Is sealed: 1
Tag: 1, Perms: 68117, Type: fffffffffffffffe, Address: 476ace, Base: 100000, End: 832000, Flags: 1,
Length: 732000, Offset: 376ace

--
Executable: 2, Read: 4, Write: 0 invoke: 256
Capability: 0x4b0f42 [rxR,0x100000-0x832000] (invalid,sentry,capmode)
Is aligned: 0
Is sealed: 1
Tag: 0, Perms: 0117, Type: fffffffffffffffe, Address: 4b0f42, Base: 100000, End: 832000, Flags: 1, L
ength: 732000, Offset: 3b0f42

--
Executable: 2, Read: 4, Write: 0 invoke: 256
Capability: 0x46742c [rxR,0x100000-0x832000] (sentry,capmode)
Is aligned: 0
Is sealed: 1
Tag: 1, Perms: 68117, Type: fffffffffffffffe, Address: 46742c, Base: 100000, End: 832000, Flags: 1,
Length: 732000, Offset: 36742c

--
Executable: 2, Read: 4, Write: 0 invoke: 256
Capability: 0x467544 [rxR,0x100000-0x832000] (sentry,capmode)
Is aligned: 0
Is sealed: 1
Tag: 1, Perms: 68117, Type: fffffffffffffffe, Address: 467544, Base: 100000, End: 832000, Flags: 1,
Length: 732000, Offset: 367544

--
Executable: 2, Read: 4, Write: 0 invoke: 256
Capability: 0x627f82 [rxR,0x100000-0x832000] (sentry,capmode)
Is aligned: 0
Is sealed: 1
Tag: 1, Perms: 68117, Type: fffffffffffffffe, Address: 627f82, Base: 100000, End: 832000, Flags: 1,
Length: 732000, Offset: 527f82

--
Executable: 2, Read: 4, Write: 0 invoke: 256
Capability: 0x625be4 [rxR,0x100000-0x832000] (sentry,capmode)
Is aligned: 0
Is sealed: 1
Tag: 1, Perms: 68117, Type: fffffffffffffffe, Address: 625be4, Base: 100000, End: 832000, Flags: 1,
Length: 732000, Offset: 525be4

Executable: 2, Read: 4, Write: 0 invoke: 256
Capability: 0x623ed8 [rxR,0x100000-0x832000] (sentry,capmode)
Is aligned: 0
Is sealed: 1
Tag: 1, Perms: 68117, Type: fffffffffffffffe, Address: 623ed8, Base: 100000, End: 832000, Flags: 1,
Length: 732000, Offset: 523ed8

--
Executable: 2, Read: 4, Write: 0 invoke: 256
Capability: 0x627220 [rxR,0x100000-0x832000] (sentry,capmode)
Is aligned: 1
Is sealed: 1
Tag: 1, Perms: 68117, Type: fffffffffffffffe, Address: 627220, Base: 100000, End: 832000, Flags: 1,
Length: 732000, Offset: 527220

--
Executable: 2, Read: 4, Write: 0 invoke: 256
Capability: 0x41cb58 [rxR,0x100000-0x832000] (sentry,capmode)
Is aligned: 0
Is sealed: 1
Tag: 1, Perms: 68117, Type: fffffffffffffffe, Address: 41cb58, Base: 100000, End: 832000, Flags: 1,
Length: 732000, Offset: 31cb58

Executable: 2, Read: 4, Write: 0 invoke: 256
Capability: 0x41caa8 [rxR,0x100000-0x832000] (sentry,capmode)
Is aligned: 0
Is sealed: 1
Tag: 1, Perms: 68117, Type: fffffffffffffffe, Address: 41caa8, Base: 100000, End: 832000, Flags: 1,
Length: 732000, Offset: 31caa8

--
Executable: 2, Read: 4, Write: 0 invoke: 256
Capability: 0x41c77c [rxR,0x100000-0x832000] (sentry,capmode)
Is aligned: 0
Is sealed: 1
Tag: 1, Perms: 68117, Type: fffffffffffffffe, Address: 41c77c, Base: 100000, End: 832000, Flags: 1,
Length: 732000, Offset: 31c77c

--
Executable: 2, Read: 4, Write: 0 invoke: 256
Capability: 0x6270b6 [rxR,0x100000-0x832000] (sentry,capmode)
Is aligned: 0
Is sealed: 1
Tag: 1, Perms: 68117, Type: fffffffffffffffe, Address: 6270b6, Base: 100000, End: 832000, Flags: 1,
Length: 732000, Offset: 5270b6

Executable: 2, Read: 4, Write: 0 invoke: 256
Capability: 0x60aeba [rxR,0x100000-0x832000] (sentry,capmode)
Is aligned: 0
Is sealed: 1
Tag: 1, Perms: 68117, Type: fffffffffffffffe, Address: 60aeba, Base: 100000, End: 832000, Flags: 1,
Length: 732000, Offset: 50aeba

--
Executable: 2, Read: 4, Write: 0 invoke: 256
Capability: 0x657a76 [rxR,0x100000-0x832000] (sentry,capmode)
Is aligned: 0
Is sealed: 1
Tag: 1, Perms: 68117, Type: fffffffffffffffe, Address: 657a76, Base: 100000, End: 832000, Flags: 1,
Length: 732000, Offset: 557a76

Executable: 2, Read: 4, Write: 0 invoke: 256
Capability: 0x6cecf4 [rxR,0x100000-0x832000] (sentry,capmode)
Is aligned: 0
Is sealed: 1
Tag: 1, Perms: 68117, Type: fffffffffffffffe, Address: 6cecf4, Base: 100000, End: 832000, Flags: 1,
Length: 732000, Offset: 5cecf4

Executable: 2, Read: 4, Write: 0 invoke: 256
Capability: 0x6edb38 [rxR,0x100000-0x832000] (sentry,capmode)
Is aligned: 0
Is sealed: 1
Tag: 1, Perms: 68117, Type: fffffffffffffffe, Address: 6edb38, Base: 100000, End: 832000, Flags: 1,
Length: 732000, Offset: 5edb38

--
Executable: 2, Read: 4, Write: 0 invoke: 256
Capability: 0x4710b4 [rxR,0x100000-0x832000] (sentry,capmode)
Is aligned: 0
Is sealed: 1
Tag: 1, Perms: 68117, Type: fffffffffffffffe, Address: 4710b4, Base: 100000, End: 832000, Flags: 1,
Length: 732000, Offset: 3710b4

--
Executable: 2, Read: 4, Write: 0 invoke: 256
Capability: 0x4771ae [rxR,0x100000-0x832000] (sentry,capmode)
Is aligned: 0
Is sealed: 1
Tag: 1, Perms: 68117, Type: fffffffffffffffe, Address: 4771ae, Base: 100000, End: 832000, Flags: 1,
Length: 732000, Offset: 3771ae

--
Executable: 2, Read: 4, Write: 0 invoke: 256
Capability: 0x61035c [rxR,0x100000-0x832000] (sentry,capmode)
Is aligned: 0
Is sealed: 1
Tag: 1, Perms: 68117, Type: fffffffffffffffe, Address: 61035c, Base: 100000, End: 832000, Flags: 1,
Length: 732000, Offset: 51035c

Executable: 2, Read: 4, Write: 0 invoke: 256
Capability: 0x610968 [rxR,0x100000-0x832000] (sentry,capmode)
Is aligned: 0
Is sealed: 1
Tag: 1, Perms: 68117, Type: fffffffffffffffe, Address: 610968, Base: 100000, End: 832000, Flags: 1,
Length: 732000, Offset: 510968

--
Executable: 2, Read: 4, Write: 0 invoke: 256
Capability: 0x47841e [rxR,0x100000-0x832000] (sentry,capmode)
Is aligned: 0
Is sealed: 1
Tag: 1, Perms: 68117, Type: fffffffffffffffe, Address: 47841e, Base: 100000, End: 832000, Flags: 1,
Length: 732000, Offset: 37841e

--
Executable: 2, Read: 4, Write: 0 invoke: 256
Capability: 0x4783f6 [rxR,0x100000-0x832000] (sentry,capmode)
Is aligned: 0
Is sealed: 1
Tag: 1, Perms: 68117, Type: fffffffffffffffe, Address: 4783f6, Base: 100000, End: 832000, Flags: 1,
Length: 732000, Offset: 3783f6

Executable: 2, Read: 4, Write: 0 invoke: 256
Capability: 0x4783b2 [rxR,0x100000-0x832000] (sentry,capmode)
Is aligned: 0
Is sealed: 1
Tag: 1, Perms: 68117, Type: fffffffffffffffe, Address: 4783b2, Base: 100000, End: 832000, Flags: 1,
Length: 732000, Offset: 3783b2

--
Executable: 2, Read: 4, Write: 0 invoke: 256
Capability: 0x6c171a [rxR,0x100000-0x832000] (sentry,capmode)
Is aligned: 0
Is sealed: 1
Tag: 1, Perms: 68117, Type: fffffffffffffffe, Address: 6c171a, Base: 100000, End: 832000, Flags: 1,
Length: 732000, Offset: 5c171a

--
Executable: 2, Read: 4, Write: 0 invoke: 256
Capability: 0x100000000 [rxR,0x0-0xffffffffffffffff] (invalid,capmode)
Is aligned: 1
Is sealed: 0
Tag: 0, Perms: 68117, Type: ffffffffffffffff, Address: 100000000, Base: 0000, End: ffffffffffffffff,
 Flags: 1, Length: ffffffffffffffff, Offset: 100000000

--
Executable: 2, Read: 4, Write: 0 invoke: 256
Capability: 0x60ad38 [rxR,0x100000-0x832000] (sentry,capmode)
Is aligned: 0
Is sealed: 1
Tag: 1, Perms: 68117, Type: fffffffffffffffe, Address: 60ad38, Base: 100000, End: 832000, Flags: 1,
Length: 732000, Offset: 50ad38

--
Executable: 2, Read: 4, Write: 0 invoke: 256
Capability: 0x4a72b2 [rxR,0x100000-0x832000] (sentry,capmode)
Is aligned: 0
Is sealed: 1
Tag: 1, Perms: 68117, Type: fffffffffffffffe, Address: 4a72b2, Base: 100000, End: 832000, Flags: 1,
Length: 732000, Offset: 3a72b2

--
Executable: 2, Read: 4, Write: 0 invoke: 256
Capability: 0x6eaf7e [rxR,0x100000-0x832000] (sentry,capmode)
Is aligned: 0
Is sealed: 1
Tag: 1, Perms: 68117, Type: fffffffffffffffe, Address: 6eaf7e, Base: 100000, End: 832000, Flags: 1,
Length: 732000, Offset: 5eaf7e

Executable: 2, Read: 4, Write: 0 invoke: 256
Capability: 0x4a7094 [rxR,0x100000-0x832000] (sentry,capmode)
Is aligned: 0
Is sealed: 1
Tag: 1, Perms: 68117, Type: fffffffffffffffe, Address: 4a7094, Base: 100000, End: 832000, Flags: 1,
Length: 732000, Offset: 3a7094

Executable: 2, Read: 4, Write: 0 invoke: 256
Capability: 0x4a7094 [rxR,0x100000-0x832000] (sentry,capmode)
Is aligned: 0
Is sealed: 1
Tag: 1, Perms: 68117, Type: fffffffffffffffe, Address: 4a7094, Base: 100000, End: 832000, Flags: 1,
Length: 732000, Offset: 3a7094

--
Executable: 2, Read: 4, Write: 0 invoke: 256
Capability: 0x6dc9c6 [rxR,0x100000-0x832000] (sentry,capmode)
Is aligned: 0
Is sealed: 1
Tag: 1, Perms: 68117, Type: fffffffffffffffe, Address: 6dc9c6, Base: 100000, End: 832000, Flags: 1,
Length: 732000, Offset: 5dc9c6

--
Executable: 2, Read: 4, Write: 0 invoke: 256
Capability: 0x476b70 [rxR,0x100000-0x832000] (sentry,capmode)
Is aligned: 1
Is sealed: 1
Tag: 1, Perms: 68117, Type: fffffffffffffffe, Address: 476b70, Base: 100000, End: 832000, Flags: 1,
Length: 732000, Offset: 376b70

Executable: 2, Read: 4, Write: 8 invoke: 256
Capability: 0x7780ae40 [rwxRW,0x0-0xffffffffffffffff] (invalid,sealed,capmode)
Is aligned: 1
Is sealed: 1
Tag: 0, Perms: 78fff, Type: 1f, Address: 7780ae40, Base: 0000, End: ffffffffffffffff, Flags: 1, Leng
th: ffffffffffffffff, Offset: 7780ae40

--
Executable: 2, Read: 4, Write: 0 invoke: 256
Capability: 0x6dcbe0 [rxR,0x100000-0x832000] (sentry,capmode)
Is aligned: 1
Is sealed: 1
Tag: 1, Perms: 68117, Type: fffffffffffffffe, Address: 6dcbe0, Base: 100000, End: 832000, Flags: 1,
Length: 732000, Offset: 5dcbe0

--
Executable: 2, Read: 4, Write: 0 invoke: 256
Capability: 0x6ad8e6 [rxR,0x100000-0x832000] (sentry,capmode)
Is aligned: 0
Is sealed: 1
Tag: 1, Perms: 68117, Type: fffffffffffffffe, Address: 6ad8e6, Base: 100000, End: 832000, Flags: 1,
Length: 732000, Offset: 5ad8e6

--
Executable: 2, Read: 4, Write: 0 invoke: 256
Capability: 0x6b407a [rxR,0x100000-0x832000] (sentry,capmode)
Is aligned: 0
Is sealed: 1
Tag: 1, Perms: 68117, Type: fffffffffffffffe, Address: 6b407a, Base: 100000, End: 832000, Flags: 1,
Length: 732000, Offset: 5b407a

--
Executable: 2, Read: 4, Write: 0 invoke: 256
Capability: 0x4085743e [rxR,0x4083f000-0x40879000] (sentry,capmode)
Is aligned: 0
Is sealed: 1
Tag: 1, Perms: 68117, Type: fffffffffffffffe, Address: 4085743e, Base: 4083f000, End: 40879000, Flag
s: 1, Length: 3a000, Offset: 1843e

--
Executable: 2, Read: 0, Write: 8 invoke: 0
Capability: 0x55555555 [wxW,0x55552000-0x55552a00] (invalid,sealed,capmode)
Is aligned: 0
Is sealed: 1
Tag: 0, Perms: 20aeb, Type: 2667f, Address: 55555555, Base: 55552000, End: 55552a00, Flags: 1, Lengt
h: 0a00, Offset: 3555

--
Executable: 2, Read: 4, Write: 0 invoke: 256
Capability: 0x40a90c30 [rxR,0x40918000-0x40f30000] (sentry,capmode)
Is aligned: 1
Is sealed: 1
Tag: 1, Perms: 68117, Type: fffffffffffffffe, Address: 40a90c30, Base: 40918000, End: 40f30000, Flag
s: 1, Length: 618000, Offset: 178c30

--
Executable: 2, Read: 4, Write: 0 invoke: 256
Capability: 0x6b3fa2 [rxR,0x100000-0x832000] (sentry,capmode)
Is aligned: 0
Is sealed: 1
Tag: 1, Perms: 68117, Type: fffffffffffffffe, Address: 6b3fa2, Base: 100000, End: 832000, Flags: 1,
Length: 732000, Offset: 5b3fa2

--
Executable: 2, Read: 4, Write: 0 invoke: 256
Capability: 0x6243a2 [rxR,0x100000-0x832000] (invalid,sentry,capmode)
Is aligned: 0
Is sealed: 1
Tag: 0, Perms: 0117, Type: fffffffffffffffe, Address: 6243a2, Base: 100000, End: 832000, Flags: 1, L
ength: 732000, Offset: 5243a2

--
Executable: 2, Read: 4, Write: 0 invoke: 256
Capability: 0x11e06522c8b09f2 [rxR,0x11e06522c100000-0x11e06522c832000] (invalid,sentry,capmode)
Is aligned: 0
Is sealed: 1
Tag: 0, Perms: 68117, Type: fffffffffffffffe, Address: 11e06522c8b09f2, Base: 11e06522c100000, End:
11e06522c832000, Flags: 1, Length: 732000, Offset: 7b09f2

--
Executable: 2, Read: 4, Write: 0 invoke: 0
Capability: 0x362aa4 [rxR,0x100000-0x832000] (invalid,sentry,capmode)
Is aligned: 0
Is sealed: 1
Tag: 0, Perms: 0017, Type: fffffffffffffffe, Address: 362aa4, Base: 100000, End: 832000, Flags: 1, L
ength: 732000, Offset: 262aa4

--
Executable: 2, Read: 4, Write: 0 invoke: 256
Capability: 0x62396c [rxR,0x100000-0x832000] (sentry,capmode)
Is aligned: 0
Is sealed: 1
Tag: 1, Perms: 68117, Type: fffffffffffffffe, Address: 62396c, Base: 100000, End: 832000, Flags: 1,
Length: 732000, Offset: 52396c

--
Executable: 2, Read: 4, Write: 0 invoke: 256
Capability: 0x6154ee [rxR,0x100000-0x832000] (sentry,capmode)
Is aligned: 0
Is sealed: 1
Tag: 1, Perms: 68117, Type: fffffffffffffffe, Address: 6154ee, Base: 100000, End: 832000, Flags: 1,
Length: 732000, Offset: 5154ee

--
Executable: 2, Read: 4, Write: 0 invoke: 256
Capability: 0x658d56 [rxR,0x100000-0x832000] (sentry,capmode)
Is aligned: 0
Is sealed: 1
Tag: 1, Perms: 68117, Type: fffffffffffffffe, Address: 658d56, Base: 100000, End: 832000, Flags: 1,
Length: 732000, Offset: 558d56

--
Executable: 2, Read: 4, Write: 0 invoke: 256
Capability: 0x65626a [rxR,0x100000-0x832000] (sentry,capmode)
Is aligned: 0
Is sealed: 1
Tag: 1, Perms: 68117, Type: fffffffffffffffe, Address: 65626a, Base: 100000, End: 832000, Flags: 1,
Length: 732000, Offset: 55626a

--
Executable: 2, Read: 4, Write: 0 invoke: 256
Capability: 0x654bae [rxR,0x100000-0x832000] (sentry,capmode)
Is aligned: 0
Is sealed: 1
Tag: 1, Perms: 68117, Type: fffffffffffffffe, Address: 654bae, Base: 100000, End: 832000, Flags: 1,
Length: 732000, Offset: 554bae

--
Executable: 2, Read: 4, Write: 0 invoke: 256
Capability: 0x655aa0 [rxR,0x100000-0x832000] (sentry,capmode)
Is aligned: 1
Is sealed: 1
Tag: 1, Perms: 68117, Type: fffffffffffffffe, Address: 655aa0, Base: 100000, End: 832000, Flags: 1,
Length: 732000, Offset: 555aa0

--
Executable: 2, Read: 4, Write: 0 invoke: 256
Capability: 0x6dd74e [rxR,0x100000-0x832000] (sentry,capmode)
Is aligned: 0
Is sealed: 1
Tag: 1, Perms: 68117, Type: fffffffffffffffe, Address: 6dd74e, Base: 100000, End: 832000, Flags: 1,
Length: 732000, Offset: 5dd74e

--
Executable: 2, Read: 4, Write: 0 invoke: 256
Capability: 0x6edb38 [rxR,0x100000-0x832000] (sentry,capmode)
Is aligned: 0
Is sealed: 1
Tag: 1, Perms: 68117, Type: fffffffffffffffe, Address: 6edb38, Base: 100000, End: 832000, Flags: 1,
Length: 732000, Offset: 5edb38

--
Executable: 2, Read: 4, Write: 0 invoke: 256
Capability: 0x4081df7a [rxR,0x4080c000-0x40834600] (invalid,sentry,capmode)
Is aligned: 0
Is sealed: 1
Tag: 0, Perms: 0117, Type: fffffffffffffffe, Address: 4081df7a, Base: 4080c000, End: 40834600, Flags
: 1, Length: 28600, Offset: 11f7a

--
Executable: 2, Read: 4, Write: 0 invoke: 256
Capability: 0x3 [rxR,0x100000-0x832000] (invalid,sentry,capmode)
Is aligned: 0
Is sealed: 1
Tag: 0, Perms: 0117, Type: fffffffffffffffe, Address: 0003, Base: 100000, End: 832000, Flags: 1, Len
gth: 732000, Offset: fffffffffff00003

--
Executable: 2, Read: 4, Write: 0 invoke: 256
Capability: 0x6aa3e6 [rxR,0x100000-0x832000] (sentry,capmode)
Is aligned: 0
Is sealed: 1
Tag: 1, Perms: 68117, Type: fffffffffffffffe, Address: 6aa3e6, Base: 100000, End: 832000, Flags: 1,
Length: 732000, Offset: 5aa3e6

--
Executable: 2, Read: 4, Write: 0 invoke: 256
Capability: 0x6f2d56 [rxR,0x100000-0x832000] (sentry,capmode)
Is aligned: 0
Is sealed: 1
Tag: 1, Perms: 68117, Type: fffffffffffffffe, Address: 6f2d56, Base: 100000, End: 832000, Flags: 1,
Length: 732000, Offset: 5f2d56

--
Executable: 2, Read: 4, Write: 0 invoke: 256
Capability: 0x476b70 [rxR,0x100000-0x832000] (sentry,capmode)
Is aligned: 1
Is sealed: 1
Tag: 1, Perms: 68117, Type: fffffffffffffffe, Address: 476b70, Base: 100000, End: 832000, Flags: 1,
Length: 732000, Offset: 376b70

--
Executable: 2, Read: 4, Write: 0 invoke: 256
Capability: 0x6ca07e [rxR,0x100000-0x832000] (sentry,capmode)
Is aligned: 0
Is sealed: 1
Tag: 1, Perms: 68117, Type: fffffffffffffffe, Address: 6ca07e, Base: 100000, End: 832000, Flags: 1,
Length: 732000, Offset: 5ca07e

--
Executable: 2, Read: 4, Write: 0 invoke: 256
Capability: 0x6adde2 [rxR,0x100000-0x832000] (sentry,capmode)
Is aligned: 0
Is sealed: 1
Tag: 1, Perms: 68117, Type: fffffffffffffffe, Address: 6adde2, Base: 100000, End: 832000, Flags: 1,
Length: 732000, Offset: 5adde2

--
Executable: 2, Read: 4, Write: 0 invoke: 256
Capability: 0x34ef8c [rxR,0x100000-0x832000] (sentry,capmode)
Is aligned: 0
Is sealed: 1
Tag: 1, Perms: 68117, Type: fffffffffffffffe, Address: 34ef8c, Base: 100000, End: 832000, Flags: 1,
Length: 732000, Offset: 24ef8c

--
Executable: 2, Read: 4, Write: 0 invoke: 256
Capability: 0x6add36 [rxR,0x100000-0x832000] (sentry,capmode)
Is aligned: 0
Is sealed: 1
Tag: 1, Perms: 68117, Type: fffffffffffffffe, Address: 6add36, Base: 100000, End: 832000, Flags: 1,
Length: 732000, Offset: 5add36

--
Executable: 2, Read: 4, Write: 0 invoke: 256
Capability: 0x6c7c48 [rxR,0x100000-0x832000] (sentry,capmode)
Is aligned: 0
Is sealed: 1
Tag: 1, Perms: 68117, Type: fffffffffffffffe, Address: 6c7c48, Base: 100000, End: 832000, Flags: 1,
Length: 732000, Offset: 5c7c48

Executable: 2, Read: 4, Write: 0 invoke: 256
Capability: 0x6ca300 [rxR,0x100000-0x832000] (sentry,capmode)
Is aligned: 1
Is sealed: 1
Tag: 1, Perms: 68117, Type: fffffffffffffffe, Address: 6ca300, Base: 100000, End: 832000, Flags: 1,
Length: 732000, Offset: 5ca300

--
Executable: 2, Read: 4, Write: 0 invoke: 256
Capability: 0x6ca1fa [rxR,0x100000-0x832000] (sentry,capmode)
Is aligned: 0
Is sealed: 1
Tag: 1, Perms: 68117, Type: fffffffffffffffe, Address: 6ca1fa, Base: 100000, End: 832000, Flags: 1,
Length: 732000, Offset: 5ca1fa

Executable: 2, Read: 4, Write: 0 invoke: 256
Capability: 0x45085c [rxR,0x100000-0x832000] (sentry,capmode)
Is aligned: 0
Is sealed: 1
Tag: 1, Perms: 68117, Type: fffffffffffffffe, Address: 45085c, Base: 100000, End: 832000, Flags: 1,
Length: 732000, Offset: 35085c

--
Executable: 2, Read: 4, Write: 0 invoke: 256
Capability: 0x34ef8c [rxR,0x100000-0x832000] (sentry,capmode)
Is aligned: 0
Is sealed: 1
Tag: 1, Perms: 68117, Type: fffffffffffffffe, Address: 34ef8c, Base: 100000, End: 832000, Flags: 1,
Length: 732000, Offset: 24ef8c

--
Executable: 2, Read: 4, Write: 0 invoke: 256
Capability: 0x45080a [rxR,0x100000-0x832000] (sentry,capmode)
Is aligned: 0
Is sealed: 1
Tag: 1, Perms: 68117, Type: fffffffffffffffe, Address: 45080a, Base: 100000, End: 832000, Flags: 1,
Length: 732000, Offset: 35080a

--
Executable: 2, Read: 4, Write: 0 invoke: 256
Capability: 0x44fc40 [rxR,0x100000-0x832000] (sentry,capmode)
Is aligned: 1
Is sealed: 1
Tag: 1, Perms: 68117, Type: fffffffffffffffe, Address: 44fc40, Base: 100000, End: 832000, Flags: 1,
Length: 732000, Offset: 34fc40

--
Executable: 2, Read: 4, Write: 0 invoke: 256
Capability: 0x450748 [rxR,0x100000-0x832000] (sentry,capmode)
Is aligned: 0
Is sealed: 1
Tag: 1, Perms: 68117, Type: fffffffffffffffe, Address: 450748, Base: 100000, End: 832000, Flags: 1,
Length: 732000, Offset: 350748

--
Executable: 2, Read: 4, Write: 0 invoke: 256
Capability: 0x34f04e [rxR,0x100000-0x832000] (sentry,capmode)
Is aligned: 0
Is sealed: 1
Tag: 1, Perms: 68117, Type: fffffffffffffffe, Address: 34f04e, Base: 100000, End: 832000, Flags: 1,
Length: 732000, Offset: 24f04e

Executable: 2, Read: 4, Write: 0 invoke: 256
Capability: 0x5f97d8 [rxR,0x100000-0x832000] (sentry,capmode)
Is aligned: 0
Is sealed: 1
Tag: 1, Perms: 68117, Type: fffffffffffffffe, Address: 5f97d8, Base: 100000, End: 832000, Flags: 1,
Length: 732000, Offset: 4f97d8

--
Executable: 2, Read: 4, Write: 0 invoke: 256
Capability: 0x34f004 [rxR,0x100000-0x832000] (sentry,capmode)
Is aligned: 0
Is sealed: 1
Tag: 1, Perms: 68117, Type: fffffffffffffffe, Address: 34f004, Base: 100000, End: 832000, Flags: 1,
Length: 732000, Offset: 24f004

--
Executable: 2, Read: 4, Write: 0 invoke: 256
Capability: 0x409c3bee [rxR,0x40918000-0x40f30000] (sentry,capmode)
Is aligned: 0
Is sealed: 1
Tag: 1, Perms: 68117, Type: fffffffffffffffe, Address: 409c3bee, Base: 40918000, End: 40f30000, Flag
s: 1, Length: 618000, Offset: abbee

--
Executable: 2, Read: 4, Write: 0 invoke: 256
Capability: 0x34ef58 [rxR,0x100000-0x832000] (sentry,capmode)
Is aligned: 0
Is sealed: 1
Tag: 1, Perms: 68117, Type: fffffffffffffffe, Address: 34ef58, Base: 100000, End: 832000, Flags: 1,
Length: 732000, Offset: 24ef58

Executable: 2, Read: 4, Write: 0 invoke: 256
Capability: 0x4081756c [rxR,0x4080c000-0x40834600] (sentry,capmode)
Is aligned: 0
Is sealed: 1
Tag: 1, Perms: 68117, Type: fffffffffffffffe, Address: 4081756c, Base: 4080c000, End: 40834600, Flag
s: 1, Length: 28600, Offset: b56c

--
Executable: 2, Read: 4, Write: 0 invoke: 256
Capability: 0x34ef8c [rxR,0x100000-0x832000] (sentry,capmode)
Is aligned: 0
Is sealed: 1
Tag: 1, Perms: 68117, Type: fffffffffffffffe, Address: 34ef8c, Base: 100000, End: 832000, Flags: 1,
Length: 732000, Offset: 24ef8c

--
Executable: 2, Read: 4, Write: 0 invoke: 256
Capability: 0x46b564 [rxR,0x100000-0x832000] (sentry,capmode)
Is aligned: 0
Is sealed: 1
Tag: 1, Perms: 68117, Type: fffffffffffffffe, Address: 46b564, Base: 100000, End: 832000, Flags: 1,
Length: 732000, Offset: 36b564

--
../basictest/test.rb:gc Executable: 2, Read: 4, Write: 0 invoke: 256
Capability: 0x46b922 [rxR,0x100000-0x832000] (sentry,capmode)
Is aligned: 0
Is sealed: 1
Tag: 1, Perms: 68117, Type: fffffffffffffffe, Address: 46b922, Base: 100000, End: 832000, Flags: 1,
Length: 732000, Offset: 36b922

--
Executable: 2, Read: 4, Write: 0 invoke: 256
Capability: 0x4784f4 [rxR,0x100000-0x832000] (sentry,capmode)
Is aligned: 0
Is sealed: 1
Tag: 1, Perms: 68117, Type: fffffffffffffffe, Address: 4784f4, Base: 100000, End: 832000, Flags: 1,
Length: 732000, Offset: 3784f4

--
Executable: 2, Read: 4, Write: 0 invoke: 256
Capability: 0x47f658 [rxR,0x100000-0x832000] (sentry,capmode)
Is aligned: 0
Is sealed: 1
Tag: 1, Perms: 68117, Type: fffffffffffffffe, Address: 47f658, Base: 100000, End: 832000, Flags: 1,
Length: 732000, Offset: 37f658

--
Executable: 2, Read: 4, Write: 0 invoke: 256
Capability: 0x477ba4 [rxR,0x100000-0x832000] (sentry,capmode)
Is aligned: 0
Is sealed: 1
Tag: 1, Perms: 68117, Type: fffffffffffffffe, Address: 477ba4, Base: 100000, End: 832000, Flags: 1,
Length: 732000, Offset: 377ba4

--
Executable: 2, Read: 4, Write: 0 invoke: 256
Capability: 0x47f21c [rxR,0x100000-0x832000] (sentry,capmode)
Is aligned: 0
Is sealed: 1
Tag: 1, Perms: 68117, Type: fffffffffffffffe, Address: 47f21c, Base: 100000, End: 832000, Flags: 1,
Length: 732000, Offset: 37f21c

--
Executable: 2, Read: 4, Write: 0 invoke: 256
Capability: 0x47e68c [rxR,0x100000-0x832000] (sentry,capmode)
Is aligned: 0
Is sealed: 1
Tag: 1, Perms: 68117, Type: fffffffffffffffe, Address: 47e68c, Base: 100000, End: 832000, Flags: 1,
Length: 732000, Offset: 37e68c

Executable: 2, Read: 4, Write: 0 invoke: 256
Capability: 0x4773fc [rxR,0x100000-0x832000] (sentry,capmode)
Is aligned: 0
Is sealed: 1
Tag: 1, Perms: 68117, Type: fffffffffffffffe, Address: 4773fc, Base: 100000, End: 832000, Flags: 1,
Length: 732000, Offset: 3773fc

--
Executable: 2, Read: 4, Write: 0 invoke: 256
Capability: 0x47e096 [rxR,0x100000-0x832000] (sentry,capmode)
Is aligned: 0
Is sealed: 1
Tag: 1, Perms: 68117, Type: fffffffffffffffe, Address: 47e096, Base: 100000, End: 832000, Flags: 1,
Length: 732000, Offset: 37e096

Executable: 2, Read: 4, Write: 0 invoke: 256
Capability: 0x47743a [rxR,0x100000-0x832000] (sentry,capmode)
Is aligned: 0
Is sealed: 1
Tag: 1, Perms: 68117, Type: fffffffffffffffe, Address: 47743a, Base: 100000, End: 832000, Flags: 1,
Length: 732000, Offset: 37743a

Executable: 2, Read: 4, Write: 0 invoke: 256
Capability: 0x465e98 [rxR,0x100000-0x832000] (sentry,capmode)
Is aligned: 0
Is sealed: 1
Tag: 1, Perms: 68117, Type: fffffffffffffffe, Address: 465e98, Base: 100000, End: 832000, Flags: 1,
Length: 732000, Offset: 365e98

Executable: 2, Read: 4, Write: 0 invoke: 256
Capability: 0x4772bc [rxR,0x100000-0x832000] (sentry,capmode)
Is aligned: 0
Is sealed: 1
Tag: 1, Perms: 68117, Type: fffffffffffffffe, Address: 4772bc, Base: 100000, End: 832000, Flags: 1,
Length: 732000, Offset: 3772bc

--
Executable: 2, Read: 4, Write: 0 invoke: 256
Capability: 0x476c6e [rxR,0x100000-0x832000] (sentry,capmode)
Is aligned: 0
Is sealed: 1
Tag: 1, Perms: 68117, Type: fffffffffffffffe, Address: 476c6e, Base: 100000, End: 832000, Flags: 1,
Length: 732000, Offset: 376c6e

--
Executable: 2, Read: 4, Write: 0 invoke: 256
Capability: 0x476ace [rxR,0x100000-0x832000] (sentry,capmode)
Is aligned: 0
Is sealed: 1
Tag: 1, Perms: 68117, Type: fffffffffffffffe, Address: 476ace, Base: 100000, End: 832000, Flags: 1,
Length: 732000, Offset: 376ace

--
Executable: 2, Read: 4, Write: 0 invoke: 256
Capability: 0x4783f6 [rxR,0x100000-0x832000] (sentry,capmode)
Is aligned: 0
Is sealed: 1
Tag: 1, Perms: 68117, Type: fffffffffffffffe, Address: 4783f6, Base: 100000, End: 832000, Flags: 1,
Length: 732000, Offset: 3783f6

Executable: 2, Read: 4, Write: 0 invoke: 256
Capability: 0x4783b2 [rxR,0x100000-0x832000] (invalid,sentry,capmode)
Is aligned: 0
Is sealed: 1
Tag: 0, Perms: 0117, Type: fffffffffffffffe, Address: 4783b2, Base: 100000, End: 832000, Flags: 1, L
ength: 732000, Offset: 3783b2

--
Executable: 2, Read: 4, Write: 0 invoke: 256
Capability: 0x46742c [rxR,0x100000-0x832000] (sentry,capmode)
Is aligned: 0
Is sealed: 1
Tag: 1, Perms: 68117, Type: fffffffffffffffe, Address: 46742c, Base: 100000, End: 832000, Flags: 1,
Length: 732000, Offset: 36742c

--
Executable: 2, Read: 4, Write: 0 invoke: 256
Capability: 0x46c93c [rxR,0x100000-0x832000] (sentry,capmode)
Is aligned: 0
Is sealed: 1
Tag: 1, Perms: 68117, Type: fffffffffffffffe, Address: 46c93c, Base: 100000, End: 832000, Flags: 1,
Length: 732000, Offset: 36c93c

Executable: 2, Read: 4, Write: 0 invoke: 256
Capability: 0x50 [rxR,0x100000-0x832000] (invalid,sentry,capmode)
Is aligned: 1
Is sealed: 1
Tag: 0, Perms: 0117, Type: fffffffffffffffe, Address: 0050, Base: 100000, End: 832000, Flags: 1, Len
gth: 732000, Offset: fffffffffff00050

--
Executable: 2, Read: 4, Write: 0 invoke: 256
Capability: 0x467544 [rxR,0x100000-0x832000] (sentry,capmode)
Is aligned: 0
Is sealed: 1
Tag: 1, Perms: 68117, Type: fffffffffffffffe, Address: 467544, Base: 100000, End: 832000, Flags: 1,
Length: 732000, Offset: 367544

--
Executable: 2, Read: 4, Write: 0 invoke: 256
Capability: 0x362f7a [rxR,0x100000-0x832000] (sentry,capmode)
Is aligned: 0
Is sealed: 1
Tag: 1, Perms: 68117, Type: fffffffffffffffe, Address: 362f7a, Base: 100000, End: 832000, Flags: 1,
Length: 732000, Offset: 262f7a

--
Executable: 2, Read: 4, Write: 0 invoke: 256
Capability: 0x35396a [rxR,0x100000-0x832000] (sentry,capmode)
Is aligned: 0
Is sealed: 1
Tag: 1, Perms: 68117, Type: fffffffffffffffe, Address: 35396a, Base: 100000, End: 832000, Flags: 1,
Length: 732000, Offset: 25396a

Executable: 2, Read: 4, Write: 0 invoke: 256
Capability: 0x362b08 [rxR,0x100000-0x832000] (sentry,capmode)
Is aligned: 0
Is sealed: 1
Tag: 1, Perms: 68117, Type: fffffffffffffffe, Address: 362b08, Base: 100000, End: 832000, Flags: 1,
Length: 732000, Offset: 262b08

--
Executable: 2, Read: 4, Write: 0 invoke: 256
Capability: 0x354ddc [rxR,0x100000-0x832000] (sentry,capmode)
Is aligned: 0
Is sealed: 1
Tag: 1, Perms: 68117, Type: fffffffffffffffe, Address: 354ddc, Base: 100000, End: 832000, Flags: 1,
Length: 732000, Offset: 254ddc

Executable: 2, Read: 4, Write: 0 invoke: 256
Capability: 0x6b170c [rxR,0x100000-0x832000] (sentry,capmode)
Is aligned: 0
Is sealed: 1
Tag: 1, Perms: 68117, Type: fffffffffffffffe, Address: 6b170c, Base: 100000, End: 832000, Flags: 1,
Length: 732000, Offset: 5b170c

Executable: 2, Read: 4, Write: 0 invoke: 256
Capability: 0x6b5932 [rxR,0x100000-0x832000] (sentry,capmode)
Is aligned: 0
Is sealed: 1
Tag: 1, Perms: 68117, Type: fffffffffffffffe, Address: 6b5932, Base: 100000, End: 832000, Flags: 1,
Length: 732000, Offset: 5b5932

--
Executable: 2, Read: 4, Write: 0 invoke: 256
Capability: 0x47841e [rxR,0x100000-0x832000] (sentry,capmode)
Is aligned: 0
Is sealed: 1
Tag: 1, Perms: 68117, Type: fffffffffffffffe, Address: 47841e, Base: 100000, End: 832000, Flags: 1,
Length: 732000, Offset: 37841e

--
Executable: 2, Read: 4, Write: 0 invoke: 256
Capability: 0x4783f6 [rxR,0x100000-0x832000] (sentry,capmode)
Is aligned: 0
Is sealed: 1
Tag: 1, Perms: 68117, Type: fffffffffffffffe, Address: 4783f6, Base: 100000, End: 832000, Flags: 1,
Length: 732000, Offset: 3783f6

--
Executable: 2, Read: 4, Write: 0 invoke: 256
Capability: 0x4085ac86 [rxR,0x4083f000-0x40879000] (sentry,capmode)
Is aligned: 0
Is sealed: 1
Tag: 1, Perms: 68117, Type: fffffffffffffffe, Address: 4085ac86, Base: 4083f000, End: 40879000, Flag
s: 1, Length: 3a000, Offset: 1bc86

--
Executable: 2, Read: 4, Write: 0 invoke: 256
Capability: 0x4085743e [rxR,0x4083f000-0x40879000] (sentry,capmode)
Is aligned: 0
Is sealed: 1
Tag: 1, Perms: 68117, Type: fffffffffffffffe, Address: 4085743e, Base: 4083f000, End: 40879000, Flag
s: 1, Length: 3a000, Offset: 1843e

Executable: 2, Read: 4, Write: 0 invoke: 256
Capability: 0x40856998 [rxR,0x4083f000-0x40879000] (sentry,capmode)
Is aligned: 0
Is sealed: 1
Tag: 1, Perms: 68117, Type: fffffffffffffffe, Address: 40856998, Base: 4083f000, End: 40879000, Flag
s: 1, Length: 3a000, Offset: 17998

--
Executable: 2, Read: 4, Write: 0 invoke: 256
Capability: 0x4085743e [rxR,0x4083f000-0x40879000] (sentry,capmode)
Is aligned: 0
Is sealed: 1
Tag: 1, Perms: 68117, Type: fffffffffffffffe, Address: 4085743e, Base: 4083f000, End: 40879000, Flag
s: 1, Length: 3a000, Offset: 1843e

--
Executable: 2, Read: 4, Write: 0 invoke: 256
Capability: 0x6aa3e6 [rxR,0x100000-0x832000] (sentry,capmode)
Is aligned: 0
Is sealed: 1
Tag: 1, Perms: 68117, Type: fffffffffffffffe, Address: 6aa3e6, Base: 100000, End: 832000, Flags: 1,
Length: 732000, Offset: 5aa3e6

--
Executable: 2, Read: 4, Write: 0 invoke: 256
Capability: 0x6aa3e6 [rxR,0x100000-0x832000] (sentry,capmode)
Is aligned: 0
Is sealed: 1
Tag: 1, Perms: 68117, Type: fffffffffffffffe, Address: 6aa3e6, Base: 100000, End: 832000, Flags: 1,
Length: 732000, Offset: 5aa3e6

--
Executable: 2, Read: 4, Write: 0 invoke: 256
Capability: 0x6cecf4 [rxR,0x100000-0x832000] (sentry,capmode)
Is aligned: 0
Is sealed: 1
Tag: 1, Perms: 68117, Type: fffffffffffffffe, Address: 6cecf4, Base: 100000, End: 832000, Flags: 1,
Length: 732000, Offset: 5cecf4

Executable: 2, Read: 4, Write: 0 invoke: 256
Capability: 0x4085743e [rxR,0x4083f000-0x40879000] (sentry,capmode)
Is aligned: 0
Is sealed: 1
Tag: 1, Perms: 68117, Type: fffffffffffffffe, Address: 4085743e, Base: 4083f000, End: 40879000, Flag
s: 1, Length: 3a000, Offset: 1843e

Executable: 2, Read: 4, Write: 0 invoke: 256
Capability: 0x6dd74e [rxR,0x100000-0x832000] (sentry,capmode)
Is aligned: 0
Is sealed: 1
Tag: 1, Perms: 68117, Type: fffffffffffffffe, Address: 6dd74e, Base: 100000, End: 832000, Flags: 1,
Length: 732000, Offset: 5dd74e

--
Executable: 2, Read: 4, Write: 0 invoke: 256
Capability: 0x40856998 [rxR,0x4083f000-0x40879000] (sentry,capmode)
Is aligned: 0
Is sealed: 1
Tag: 1, Perms: 68117, Type: fffffffffffffffe, Address: 40856998, Base: 4083f000, End: 40879000, Flag
s: 1, Length: 3a000, Offset: 17998

--
Executable: 2, Read: 4, Write: 0 invoke: 256
Capability: 0x4085743e [rxR,0x4083f000-0x40879000] (sentry,capmode)
Is aligned: 0
Is sealed: 1
Tag: 1, Perms: 68117, Type: fffffffffffffffe, Address: 4085743e, Base: 4083f000, End: 40879000, Flag
s: 1, Length: 3a000, Offset: 1843e

--
Executable: 2, Read: 4, Write: 0 invoke: 256
Capability: 0x4085743e [rxR,0x4083f000-0x40879000] (sentry,capmode)
Is aligned: 0
Is sealed: 1
Tag: 1, Perms: 68117, Type: fffffffffffffffe, Address: 4085743e, Base: 4083f000, End: 40879000, Flag
s: 1, Length: 3a000, Offset: 1843e

--
Executable: 2, Read: 4, Write: 0 invoke: 256
Capability: 0x40aae45a [rxR,0x40918000-0x40f30000] (sentry,capmode)
Is aligned: 0
Is sealed: 1
Tag: 1, Perms: 68117, Type: fffffffffffffffe, Address: 40aae45a, Base: 40918000, End: 40f30000, Flag
s: 1, Length: 618000, Offset: 19645a

--
Executable: 2, Read: 4, Write: 0 invoke: 256
Capability: 0x6edb38 [rxR,0x100000-0x832000] (sentry,capmode)
Is aligned: 0
Is sealed: 1
Tag: 1, Perms: 68117, Type: fffffffffffffffe, Address: 6edb38, Base: 100000, End: 832000, Flags: 1,
Length: 732000, Offset: 5edb38

--
Executable: 2, Read: 4, Write: 0 invoke: 256
Capability: 0x6b166a [rxR,0x100000-0x832000] (sentry,capmode)
Is aligned: 0
Is sealed: 1
Tag: 1, Perms: 68117, Type: fffffffffffffffe, Address: 6b166a, Base: 100000, End: 832000, Flags: 1,
Length: 732000, Offset: 5b166a

--
Executable: 2, Read: 4, Write: 0 invoke: 256
Capability: 0x40a32e08 [rxR,0x40918000-0x40f30000] (sentry,capmode)
Is aligned: 0
Is sealed: 1
Tag: 1, Perms: 68117, Type: fffffffffffffffe, Address: 40a32e08, Base: 40918000, End: 40f30000, Flag
s: 1, Length: 618000, Offset: 11ae08

Executable: 2, Read: 4, Write: 0 invoke: 256
Capability: 0x40a39188 [rxR,0x40918000-0x40f30000] (sentry,capmode)
Is aligned: 0
Is sealed: 1
Tag: 1, Perms: 68117, Type: fffffffffffffffe, Address: 40a39188, Base: 40918000, End: 40f30000, Flag
s: 1, Length: 618000, Offset: 121188

--
Executable: 2, Read: 4, Write: 0 invoke: 256
Capability: 0x40a32e08 [rxR,0x40918000-0x40f30000] (sentry,capmode)
Is aligned: 0
Is sealed: 1
Tag: 1, Perms: 68117, Type: fffffffffffffffe, Address: 40a32e08, Base: 40918000, End: 40f30000, Flag
s: 1, Length: 618000, Offset: 11ae08

--
Executable: 2, Read: 4, Write: 0 invoke: 256
Capability: 0x40a359d2 [rxR,0x40918000-0x40f30000] (sentry,capmode)
Is aligned: 0
Is sealed: 1
Tag: 1, Perms: 68117, Type: fffffffffffffffe, Address: 40a359d2, Base: 40918000, End: 40f30000, Flag
s: 1, Length: 618000, Offset: 11d9d2

--
Executable: 2, Read: 4, Write: 0 invoke: 256
Capability: 0x40a3c1d4 [rxR,0x40918000-0x40f30000] (sentry,capmode)
Is aligned: 0
Is sealed: 1
Tag: 1, Perms: 68117, Type: fffffffffffffffe, Address: 40a3c1d4, Base: 40918000, End: 40f30000, Flag
s: 1, Length: 618000, Offset: 1241d4

--
Executable: 2, Read: 4, Write: 0 invoke: 256
Capability: 0x1 [rxR,0xfffffffffffbf000-0xffffffffffff9000] (invalid,sentry,capmode)
Is aligned: 0
Is sealed: 1
Tag: 0, Perms: 68117, Type: fffffffffffffffe, Address: 0001, Base: fffffffffffbf000, End: ffffffffff
ff9000, Flags: 1, Length: 3a000, Offset: 41001

Executable: 2, Read: 4, Write: 8 invoke: 256
Capability: 0xa [rwxRW,0xfffffffffffffffb-0xff9] (invalid,sealed,capmode)
Is aligned: 0
Is sealed: 1
Tag: 0, Perms: 78fff, Type: 0, Address: 000a, Base: fffffffffffffffb, End: 0ff9, Flags: 1, Length: 0
ffe, Offset: 000f

--
Executable: 2, Read: 4, Write: 0 invoke: 256
Capability: 0x4085743e [rxR,0x4083f000-0x40879000] (sentry,capmode)
Is aligned: 0
Is sealed: 1
Tag: 1, Perms: 68117, Type: fffffffffffffffe, Address: 4085743e, Base: 4083f000, End: 40879000, Flag
s: 1, Length: 3a000, Offset: 1843e

--
Executable: 2, Read: 4, Write: 0 invoke: 256
Capability: 0x40aac28a [rxR,0x40918000-0x40f30000] (sentry,capmode)
Is aligned: 0
Is sealed: 1
Tag: 1, Perms: 68117, Type: fffffffffffffffe, Address: 40aac28a, Base: 40918000, End: 40f30000, Flag
s: 1, Length: 618000, Offset: 19428a

--
Executable: 2, Read: 4, Write: 0 invoke: 256
Capability: 0x6666666666666666 [rxRW,0x3030000000000000-0x48e0000000000000] (invalid,sealed,capmode)
Is aligned: 0
Is sealed: 1
Tag: 0, Perms: 30336, Type: 153b9, Address: 6666666666666666, Base: 3030000000000000, End: 48e000000
0000000, Flags: 1, Length: 18b0000000000000, Offset: 3636666666666666

--
Executable: 2, Read: 4, Write: 0 invoke: 0
Capability: 0x6666666666666666 [rxW,0x6666666666666662-0x666666666666699f] (invalid,sealed,capmode)
Is aligned: 0
Is sealed: 1
Tag: 0, Perms: 18066, Type: 33333, Address: 6666666666666666, Base: 6666666666666662, End: 666666666
666699f, Flags: 1, Length: 033d, Offset: 0004

--
Executable: 2, Read: 4, Write: 0 invoke: 256
Capability: 0x1 [rxR,0x100000-0x832000] (invalid,sentry,capmode)
Is aligned: 0
Is sealed: 1
Tag: 0, Perms: 68117, Type: fffffffffffffffe, Address: 0001, Base: 100000, End: 832000, Flags: 1, Le
ngth: 732000, Offset: fffffffffff00001

Executable: 2, Read: 4, Write: 0 invoke: 256
Capability: 0x65eb7a [rxR,0x100000-0x832000] (sentry,capmode)
Is aligned: 0
Is sealed: 1
Tag: 1, Perms: 68117, Type: fffffffffffffffe, Address: 65eb7a, Base: 100000, End: 832000, Flags: 1,
Length: 732000, Offset: 55eb7a

--
Executable: 2, Read: 4, Write: 0 invoke: 256
Capability: 0x34ef8c [rxR,0x100000-0x832000] (sentry,capmode)
Is aligned: 0
Is sealed: 1
Tag: 1, Perms: 68117, Type: fffffffffffffffe, Address: 34ef8c, Base: 100000, End: 832000, Flags: 1,
Length: 732000, Offset: 24ef8c

--
Executable: 2, Read: 4, Write: 0 invoke: 256
Capability: 0x65e940 [rxR,0x100000-0x832000] (sentry,capmode)
Is aligned: 1
Is sealed: 1
Tag: 1, Perms: 68117, Type: fffffffffffffffe, Address: 65e940, Base: 100000, End: 832000, Flags: 1,
Length: 732000, Offset: 55e940

--
Executable: 2, Read: 4, Write: 0 invoke: 256
Capability: 0x4085743e [rxR,0x4083f000-0x40879000] (sentry,capmode)
Is aligned: 0
Is sealed: 1
Tag: 1, Perms: 68117, Type: fffffffffffffffe, Address: 4085743e, Base: 4083f000, End: 40879000, Flag
s: 1, Length: 3a000, Offset: 1843e

--
Executable: 2, Read: 4, Write: 0 invoke: 256
Capability: 0x40856998 [rxR,0x4083f000-0x40879000] (sentry,capmode)
Is aligned: 0
Is sealed: 1
Tag: 1, Perms: 68117, Type: fffffffffffffffe, Address: 40856998, Base: 4083f000, End: 40879000, Flag
s: 1, Length: 3a000, Offset: 17998

--
Executable: 2, Read: 4, Write: 0 invoke: 256
Capability: 0x4085743e [rxR,0x4083f000-0x40879000] (sentry,capmode)
Is aligned: 0
Is sealed: 1
Tag: 1, Perms: 68117, Type: fffffffffffffffe, Address: 4085743e, Base: 4083f000, End: 40879000, Flag
s: 1, Length: 3a000, Offset: 1843e

--
Executable: 2, Read: 4, Write: 0 invoke: 256
Capability: 0x34ef8c [rxR,0x100000-0x832000] (sentry,capmode)
Is aligned: 0
Is sealed: 1
Tag: 1, Perms: 68117, Type: fffffffffffffffe, Address: 34ef8c, Base: 100000, End: 832000, Flags: 1,
Length: 732000, Offset: 24ef8c

Executable: 2, Read: 4, Write: 0 invoke: 256
Capability: 0x659602 [rxR,0x100000-0x832000] (sentry,capmode)
Is aligned: 0
Is sealed: 1
Tag: 1, Perms: 68117, Type: fffffffffffffffe, Address: 659602, Base: 100000, End: 832000, Flags: 1,
Length: 732000, Offset: 559602

--
Executable: 2, Read: 4, Write: 0 invoke: 256
Capability: 0x65a830 [rxR,0x100000-0x832000] (sentry,capmode)
Is aligned: 1
Is sealed: 1
Tag: 1, Perms: 68117, Type: fffffffffffffffe, Address: 65a830, Base: 100000, End: 832000, Flags: 1,
Length: 732000, Offset: 55a830

--
Executable: 2, Read: 4, Write: 0 invoke: 256
Capability: 0x65af76 [rxR,0x100000-0x832000] (sentry,capmode)
Is aligned: 0
Is sealed: 1
Tag: 1, Perms: 68117, Type: fffffffffffffffe, Address: 65af76, Base: 100000, End: 832000, Flags: 1,
Length: 732000, Offset: 55af76

Executable: 2, Read: 4, Write: 0 invoke: 256
Capability: 0x58a716 [rxR,0x100000-0x832000] (sentry,capmode)
Is aligned: 0
Is sealed: 1
Tag: 1, Perms: 68117, Type: fffffffffffffffe, Address: 58a716, Base: 100000, End: 832000, Flags: 1,
Length: 732000, Offset: 48a716

--
Executable: 2, Read: 4, Write: 0 invoke: 256
Capability: 0x6aa3e6 [rxR,0x100000-0x832000] (sentry,capmode)
Is aligned: 0
Is sealed: 1
Tag: 1, Perms: 68117, Type: fffffffffffffffe, Address: 6aa3e6, Base: 100000, End: 832000, Flags: 1,
Length: 732000, Offset: 5aa3e6

--
Executable: 2, Read: 4, Write: 0 invoke: 256
Capability: 0x6cecf4 [rxR,0x100000-0x832000] (sentry,capmode)
Is aligned: 0
Is sealed: 1
Tag: 1, Perms: 68117, Type: fffffffffffffffe, Address: 6cecf4, Base: 100000, End: 832000, Flags: 1,
Length: 732000, Offset: 5cecf4

Executable: 2, Read: 4, Write: 0 invoke: 256
Capability: 0x6dd74e [rxR,0x100000-0x832000] (sentry,capmode)
Is aligned: 0
Is sealed: 1
Tag: 1, Perms: 68117, Type: fffffffffffffffe, Address: 6dd74e, Base: 100000, End: 832000, Flags: 1,
Length: 732000, Offset: 5dd74e

Executable: 2, Read: 4, Write: 0 invoke: 256
Capability: 0x6c680c [rxR,0x100000-0x832000] (sentry,capmode)
Is aligned: 0
Is sealed: 1
Tag: 1, Perms: 68117, Type: fffffffffffffffe, Address: 6c680c, Base: 100000, End: 832000, Flags: 1,
Length: 732000, Offset: 5c680c

Executable: 2, Read: 4, Write: 0 invoke: 256
Capability: 0x6ee6c2 [rxR,0x100000-0x832000] (sentry,capmode)
Is aligned: 0
Is sealed: 1
Tag: 1, Perms: 68117, Type: fffffffffffffffe, Address: 6ee6c2, Base: 100000, End: 832000, Flags: 1,
Length: 732000, Offset: 5ee6c2

--
Executable: 2, Read: 4, Write: 0 invoke: 256
Capability: 0x6cecf4 [rxR,0x100000-0x832000] (sentry,capmode)
Is aligned: 0
Is sealed: 1
Tag: 1, Perms: 68117, Type: fffffffffffffffe, Address: 6cecf4, Base: 100000, End: 832000, Flags: 1,
Length: 732000, Offset: 5cecf4

Executable: 2, Read: 4, Write: 0 invoke: 256
Capability: 0x6edb38 [rxR,0x100000-0x832000] (sentry,capmode)
Is aligned: 0
Is sealed: 1
Tag: 1, Perms: 68117, Type: fffffffffffffffe, Address: 6edb38, Base: 100000, End: 832000, Flags: 1,
Length: 732000, Offset: 5edb38

--
Executable: 2, Read: 4, Write: 0 invoke: 256
Capability: 0x6dd74e [rxR,0x100000-0x832000] (sentry,capmode)
Is aligned: 0
Is sealed: 1
Tag: 1, Perms: 68117, Type: fffffffffffffffe, Address: 6dd74e, Base: 100000, End: 832000, Flags: 1,
Length: 732000, Offset: 5dd74e

Executable: 2, Read: 4, Write: 0 invoke: 256
Capability: 0x6c46da [rxR,0x100000-0x832000] (sentry,capmode)
Is aligned: 0
Is sealed: 1
Tag: 1, Perms: 68117, Type: fffffffffffffffe, Address: 6c46da, Base: 100000, End: 832000, Flags: 1,
Length: 732000, Offset: 5c46da

--
Executable: 2, Read: 4, Write: 0 invoke: 256
Capability: 0x4b1a4c [rxR,0x100000-0x832000] (sentry,capmode)
Is aligned: 0
Is sealed: 1
Tag: 1, Perms: 68117, Type: fffffffffffffffe, Address: 4b1a4c, Base: 100000, End: 832000, Flags: 1,
Length: 732000, Offset: 3b1a4c

Executable: 2, Read: 4, Write: 0 invoke: 256
Capability: 0x49af48 [rxR,0x100000-0x832000] (sentry,capmode)
Is aligned: 0
Is sealed: 1
Tag: 1, Perms: 68117, Type: fffffffffffffffe, Address: 49af48, Base: 100000, End: 832000, Flags: 1,
Length: 732000, Offset: 39af48

--
Executable: 2, Read: 4, Write: 0 invoke: 256
Capability: 0x4b1a4c [rxR,0x100000-0x832000] (sentry,capmode)
Is aligned: 0
Is sealed: 1
Tag: 1, Perms: 68117, Type: fffffffffffffffe, Address: 4b1a4c, Base: 100000, End: 832000, Flags: 1,
Length: 732000, Offset: 3b1a4c

Executable: 2, Read: 4, Write: 0 invoke: 256
Capability: 0x4b1448 [rxR,0x100000-0x832000] (sentry,capmode)
Is aligned: 0
Is sealed: 1
Tag: 1, Perms: 68117, Type: fffffffffffffffe, Address: 4b1448, Base: 100000, End: 832000, Flags: 1,
Length: 732000, Offset: 3b1448

Executable: 2, Read: 4, Write: 0 invoke: 256
Capability: 0x6add36 [rxR,0x100000-0x832000] (sentry,capmode)
Is aligned: 0
Is sealed: 1
Tag: 1, Perms: 68117, Type: fffffffffffffffe, Address: 6add36, Base: 100000, End: 832000, Flags: 1,
Length: 732000, Offset: 5add36

Executable: 2, Read: 4, Write: 0 invoke: 256
Capability: 0x442a4c [rxR,0x100000-0x832000] (sentry,capmode)
Is aligned: 0
Is sealed: 1
Tag: 1, Perms: 68117, Type: fffffffffffffffe, Address: 442a4c, Base: 100000, End: 832000, Flags: 1,
Length: 732000, Offset: 342a4c

--
Executable: 2, Read: 4, Write: 0 invoke: 256
Capability: 0x65c718 [rxR,0x100000-0x832000] (sentry,capmode)
Is aligned: 0
Is sealed: 1
Tag: 1, Perms: 68117, Type: fffffffffffffffe, Address: 65c718, Base: 100000, End: 832000, Flags: 1,
Length: 732000, Offset: 55c718

--
Executable: 2, Read: 4, Write: 0 invoke: 256
Capability: 0x4522fc [rxR,0x100000-0x832000] (sentry,capmode)
Is aligned: 0
Is sealed: 1
Tag: 1, Perms: 68117, Type: fffffffffffffffe, Address: 4522fc, Base: 100000, End: 832000, Flags: 1,
Length: 732000, Offset: 3522fc

--
Executable: 2, Read: 4, Write: 0 invoke: 256
Capability: 0x6c171a [rxR,0x100000-0x832000] (sentry,capmode)
Is aligned: 0
Is sealed: 1
Tag: 1, Perms: 68117, Type: fffffffffffffffe, Address: 6c171a, Base: 100000, End: 832000, Flags: 1,
Length: 732000, Offset: 5c171a

--
Executable: 2, Read: 4, Write: 0 invoke: 256
Capability: 0x6c2628 [rxR,0x100000-0x832000] (sentry,capmode)
Is aligned: 0
Is sealed: 1
Tag: 1, Perms: 68117, Type: fffffffffffffffe, Address: 6c2628, Base: 100000, End: 832000, Flags: 1,
Length: 732000, Offset: 5c2628

--
Executable: 2, Read: 4, Write: 0 invoke: 256
Capability: 0x51b670 [rxR,0x100000-0x832000] (sentry,capmode)
Is aligned: 1
Is sealed: 1
Tag: 1, Perms: 68117, Type: fffffffffffffffe, Address: 51b670, Base: 100000, End: 832000, Flags: 1,
Length: 732000, Offset: 41b670

--
Executable: 2, Read: 4, Write: 0 invoke: 256
Capability: 0x51d734 [rxR,0x100000-0x832000] (sentry,capmode)
Is aligned: 0
Is sealed: 1
Tag: 1, Perms: 68117, Type: fffffffffffffffe, Address: 51d734, Base: 100000, End: 832000, Flags: 1,
Length: 732000, Offset: 41d734

--
Executable: 2, Read: 4, Write: 0 invoke: 256
Capability: 0x51f9d8 [rxR,0x100000-0x832000] (sentry,capmode)
Is aligned: 0
Is sealed: 1
Tag: 1, Perms: 68117, Type: fffffffffffffffe, Address: 51f9d8, Base: 100000, End: 832000, Flags: 1,
Length: 732000, Offset: 41f9d8

--
Executable: 2, Read: 4, Write: 0 invoke: 256
Capability: 0x49bae6 [rxR,0x100000-0x832000] (sentry,capmode)
Is aligned: 0
Is sealed: 1
Tag: 1, Perms: 68117, Type: fffffffffffffffe, Address: 49bae6, Base: 100000, End: 832000, Flags: 1,
Length: 732000, Offset: 39bae6

Executable: 2, Read: 4, Write: 0 invoke: 256
Capability: 0x4b93ea [rxR,0x100000-0x832000] (sentry,capmode)
Is aligned: 0
Is sealed: 1
Tag: 1, Perms: 68117, Type: fffffffffffffffe, Address: 4b93ea, Base: 100000, End: 832000, Flags: 1,
Length: 732000, Offset: 3b93ea

--
Executable: 2, Read: 4, Write: 0 invoke: 256
Capability: 0x6cecf4 [rxR,0x100000-0x832000] (sentry,capmode)
Is aligned: 0
Is sealed: 1
Tag: 1, Perms: 68117, Type: fffffffffffffffe, Address: 6cecf4, Base: 100000, End: 832000, Flags: 1,
Length: 732000, Offset: 5cecf4

Executable: 2, Read: 4, Write: 0 invoke: 256
Capability: 0x6dd74e [rxR,0x100000-0x832000] (sentry,capmode)
Is aligned: 0
Is sealed: 1
Tag: 1, Perms: 68117, Type: fffffffffffffffe, Address: 6dd74e, Base: 100000, End: 832000, Flags: 1,
Length: 732000, Offset: 5dd74e

Executable: 2, Read: 4, Write: 0 invoke: 256
Capability: 0x6c680c [rxR,0x100000-0x832000] (sentry,capmode)
Is aligned: 0
Is sealed: 1
Tag: 1, Perms: 68117, Type: fffffffffffffffe, Address: 6c680c, Base: 100000, End: 832000, Flags: 1,
Length: 732000, Offset: 5c680c

Executable: 2, Read: 4, Write: 0 invoke: 256
Capability: 0x6ee6c2 [rxR,0x100000-0x832000] (sentry,capmode)
Is aligned: 0
Is sealed: 1
Tag: 1, Perms: 68117, Type: fffffffffffffffe, Address: 6ee6c2, Base: 100000, End: 832000, Flags: 1,
Length: 732000, Offset: 5ee6c2

--
Executable: 2, Read: 4, Write: 8 invoke: 256
Capability: 0x41462c80 [rwxRW,0x41462c00-0x41463800] (invalid,sealed,capmode)
Is aligned: 1
Is sealed: 1
Tag: 0, Perms: 78fff, Type: 1f, Address: 41462c80, Base: 41462c00, End: 41463800, Flags: 1, Length:
0c00, Offset: 0080

--
Executable: 2, Read: 4, Write: 0 invoke: 256
Capability: 0x6cecf4 [rxR,0x100000-0x832000] (sentry,capmode)
Is aligned: 0
Is sealed: 1
Tag: 1, Perms: 68117, Type: fffffffffffffffe, Address: 6cecf4, Base: 100000, End: 832000, Flags: 1,
Length: 732000, Offset: 5cecf4

Executable: 2, Read: 4, Write: 0 invoke: 256
Capability: 0x6edb38 [rxR,0x100000-0x832000] (sentry,capmode)
Is aligned: 0
Is sealed: 1
Tag: 1, Perms: 68117, Type: fffffffffffffffe, Address: 6edb38, Base: 100000, End: 832000, Flags: 1,
Length: 732000, Offset: 5edb38

--
Executable: 2, Read: 4, Write: 0 invoke: 256
Capability: 0x486a7e [rxR,0x100000-0x832000] (sentry,capmode)
Is aligned: 0
Is sealed: 1
Tag: 1, Perms: 68117, Type: fffffffffffffffe, Address: 486a7e, Base: 100000, End: 832000, Flags: 1,
Length: 732000, Offset: 386a7e

--
Executable: 2, Read: 4, Write: 0 invoke: 256
Capability: 0x6dd74e [rxR,0x100000-0x832000] (sentry,capmode)
Is aligned: 0
Is sealed: 1
Tag: 1, Perms: 68117, Type: fffffffffffffffe, Address: 6dd74e, Base: 100000, End: 832000, Flags: 1,
Length: 732000, Offset: 5dd74e

Executable: 2, Read: 4, Write: 0 invoke: 256
Capability: 0x6c46da [rxR,0x100000-0x832000] (sentry,capmode)
Is aligned: 0
Is sealed: 1
Tag: 1, Perms: 68117, Type: fffffffffffffffe, Address: 6c46da, Base: 100000, End: 832000, Flags: 1,
Length: 732000, Offset: 5c46da

--
Executable: 2, Read: 4, Write: 0 invoke: 256
Capability: 0x6adda6 [rxR,0x100000-0x832000] (sentry,capmode)
Is aligned: 0
Is sealed: 1
Tag: 1, Perms: 68117, Type: fffffffffffffffe, Address: 6adda6, Base: 100000, End: 832000, Flags: 1,
Length: 732000, Offset: 5adda6

--
Executable: 2, Read: 4, Write: 0 invoke: 256
Capability: 0x34ef8c [rxR,0x100000-0x832000] (sentry,capmode)
Is aligned: 0
Is sealed: 1
Tag: 1, Perms: 68117, Type: fffffffffffffffe, Address: 34ef8c, Base: 100000, End: 832000, Flags: 1,
Length: 732000, Offset: 24ef8c

--
Executable: 2, Read: 4, Write: 0 invoke: 256
Capability: 0x6add36 [rxR,0x100000-0x832000] (sentry,capmode)
Is aligned: 0
Is sealed: 1
Tag: 1, Perms: 68117, Type: fffffffffffffffe, Address: 6add36, Base: 100000, End: 832000, Flags: 1,
Length: 732000, Offset: 5add36

--
Executable: 2, Read: 4, Write: 0 invoke: 256
Capability: 0x6f1808 [rxR,0x100000-0x832000] (sentry,capmode)
Is aligned: 0
Is sealed: 1
Tag: 1, Perms: 68117, Type: fffffffffffffffe, Address: 6f1808, Base: 100000, End: 832000, Flags: 1,
Length: 732000, Offset: 5f1808

--
Executable: 2, Read: 4, Write: 0 invoke: 256
Capability: 0x6f14ae [rxR,0x100000-0x832000] (sentry,capmode)
Is aligned: 0
Is sealed: 1
Tag: 1, Perms: 68117, Type: fffffffffffffffe, Address: 6f14ae, Base: 100000, End: 832000, Flags: 1,
Length: 732000, Offset: 5f14ae

--
Executable: 2, Read: 4, Write: 0 invoke: 256
Capability: 0x6c4a64 [rxR,0x100000-0x832000] (sentry,capmode)
Is aligned: 0
Is sealed: 1
Tag: 1, Perms: 68117, Type: fffffffffffffffe, Address: 6c4a64, Base: 100000, End: 832000, Flags: 1,
Length: 732000, Offset: 5c4a64

Executable: 2, Read: 4, Write: 0 invoke: 256
Capability: 0x0 [rxR,0x100000-0x832000] (invalid,sentry,capmode)
Is aligned: 1
Is sealed: 1
Tag: 0, Perms: 68117, Type: fffffffffffffffe, Address: 0000, Base: 100000, End: 832000, Flags: 1, Le
ngth: 732000, Offset: fffffffffff00000

--
Executable: 2, Read: 4, Write: 0 invoke: 256
Capability: 0x6ef19a [rxR,0x100000-0x832000] (sentry,capmode)
Is aligned: 0
Is sealed: 1
Tag: 1, Perms: 68117, Type: fffffffffffffffe, Address: 6ef19a, Base: 100000, End: 832000, Flags: 1,
Length: 732000, Offset: 5ef19a

--
Executable: 2, Read: 4, Write: 0 invoke: 256
Capability: 0x6c2fe6 [rxR,0x100000-0x832000] (sentry,capmode)
Is aligned: 0
Is sealed: 1
Tag: 1, Perms: 68117, Type: fffffffffffffffe, Address: 6c2fe6, Base: 100000, End: 832000, Flags: 1,
Length: 732000, Offset: 5c2fe6

--
Executable: 2, Read: 4, Write: 0 invoke: 256
Capability: 0x6c3040 [rxR,0x100000-0x832000] (sentry,capmode)
Is aligned: 1
Is sealed: 1
Tag: 1, Perms: 68117, Type: fffffffffffffffe, Address: 6c3040, Base: 100000, End: 832000, Flags: 1,
Length: 732000, Offset: 5c3040

--
Executable: 2, Read: 4, Write: 0 invoke: 256
Capability: 0x5133c2 [rxR,0x100000-0x832000] (sentry,capmode)
Is aligned: 0
Is sealed: 1
Tag: 1, Perms: 68117, Type: fffffffffffffffe, Address: 5133c2, Base: 100000, End: 832000, Flags: 1,
Length: 732000, Offset: 4133c2

--
Executable: 2, Read: 4, Write: 0 invoke: 256
Capability: 0x6eafe8 [rxR,0x100000-0x832000] (sentry,capmode)
Is aligned: 0
Is sealed: 1
Tag: 1, Perms: 68117, Type: fffffffffffffffe, Address: 6eafe8, Base: 100000, End: 832000, Flags: 1,
Length: 732000, Offset: 5eafe8

Executable: 2, Read: 4, Write: 0 invoke: 256
Capability: 0x5132d6 [rxR,0x100000-0x832000] (sentry,capmode)
Is aligned: 0
Is sealed: 1
Tag: 1, Perms: 68117, Type: fffffffffffffffe, Address: 5132d6, Base: 100000, End: 832000, Flags: 1,
Length: 732000, Offset: 4132d6

Executable: 2, Read: 4, Write: 0 invoke: 256
Capability: 0x5132d6 [rxR,0x100000-0x832000] (sentry,capmode)
Is aligned: 0
Is sealed: 1
Tag: 1, Perms: 68117, Type: fffffffffffffffe, Address: 5132d6, Base: 100000, End: 832000, Flags: 1,
Length: 732000, Offset: 4132d6

--
Executable: 2, Read: 4, Write: 0 invoke: 256
Capability: 0x6dc9c6 [rxR,0x100000-0x832000] (sentry,capmode)
Is aligned: 0
Is sealed: 1
Tag: 1, Perms: 68117, Type: fffffffffffffffe, Address: 6dc9c6, Base: 100000, End: 832000, Flags: 1,
Length: 732000, Offset: 5dc9c6

--
Executable: 2, Read: 4, Write: 0 invoke: 256
Capability: 0x47841e [rxR,0x100000-0x832000] (sentry,capmode)
Is aligned: 0
Is sealed: 1
Tag: 1, Perms: 68117, Type: fffffffffffffffe, Address: 47841e, Base: 100000, End: 832000, Flags: 1,
Length: 732000, Offset: 37841e

--
Executable: 2, Read: 4, Write: 0 invoke: 256
Capability: 0x4783f6 [rxR,0x100000-0x832000] (sentry,capmode)
Is aligned: 0
Is sealed: 1
Tag: 1, Perms: 68117, Type: fffffffffffffffe, Address: 4783f6, Base: 100000, End: 832000, Flags: 1,
Length: 732000, Offset: 3783f6

Executable: 2, Read: 4, Write: 0 invoke: 256
Capability: 0x4783b2 [rxR,0x100000-0x832000] (sentry,capmode)
Is aligned: 0
Is sealed: 1
Tag: 1, Perms: 68117, Type: fffffffffffffffe, Address: 4783b2, Base: 100000, End: 832000, Flags: 1,
Length: 732000, Offset: 3783b2

--
Executable: 2, Read: 4, Write: 0 invoke: 256
Capability: 0x46c93c [rxR,0x100000-0x832000] (sentry,capmode)
Is aligned: 0
Is sealed: 1
Tag: 1, Perms: 68117, Type: fffffffffffffffe, Address: 46c93c, Base: 100000, End: 832000, Flags: 1,
Length: 732000, Offset: 36c93c

--
Executable: 2, Read: 4, Write: 0 invoke: 256
Capability: 0x6dcbe0 [rxR,0x100000-0x832000] (sentry,capmode)
Is aligned: 1
Is sealed: 1
Tag: 1, Perms: 68117, Type: fffffffffffffffe, Address: 6dcbe0, Base: 100000, End: 832000, Flags: 1,
Length: 732000, Offset: 5dcbe0

--
Executable: 2, Read: 4, Write: 0 invoke: 256
Capability: 0x6ad8e6 [rxR,0x100000-0x832000] (sentry,capmode)
Is aligned: 0
Is sealed: 1
Tag: 1, Perms: 68117, Type: fffffffffffffffe, Address: 6ad8e6, Base: 100000, End: 832000, Flags: 1,
Length: 732000, Offset: 5ad8e6

--
Executable: 2, Read: 4, Write: 0 invoke: 256
Capability: 0x1 [rxR,0x100000-0x832000] (invalid,sentry,capmode)
Is aligned: 0
Is sealed: 1
Tag: 0, Perms: 68117, Type: fffffffffffffffe, Address: 0001, Base: 100000, End: 832000, Flags: 1, Le
ngth: 732000, Offset: fffffffffff00001

--
Executable: 2, Read: 4, Write: 0 invoke: 256
Capability: 0x6b3b74 [rxR,0x100000-0x832000] (sentry,capmode)
Is aligned: 0
Is sealed: 1
Tag: 1, Perms: 68117, Type: fffffffffffffffe, Address: 6b3b74, Base: 100000, End: 832000, Flags: 1,
Length: 732000, Offset: 5b3b74

--
Executable: 2, Read: 4, Write: 0 invoke: 256
Capability: 0x4085743e [rxR,0x4083f000-0x40879000] (sentry,capmode)
Is aligned: 0
Is sealed: 1
Tag: 1, Perms: 68117, Type: fffffffffffffffe, Address: 4085743e, Base: 4083f000, End: 40879000, Flag
s: 1, Length: 3a000, Offset: 1843e

--
Executable: 2, Read: 0, Write: 8 invoke: 0
Capability: 0x55555555 [wxW,0x55552000-0x55552a00] (invalid,sealed,capmode)
Is aligned: 0
Is sealed: 1
Tag: 0, Perms: 20aeb, Type: 2667f, Address: 55555555, Base: 55552000, End: 55552a00, Flags: 1, Lengt
h: 0a00, Offset: 3555

--
Executable: 2, Read: 4, Write: 0 invoke: 256
Capability: 0x40a90c30 [rxR,0x40918000-0x40f30000] (sentry,capmode)
Is aligned: 1
Is sealed: 1
Tag: 1, Perms: 68117, Type: fffffffffffffffe, Address: 40a90c30, Base: 40918000, End: 40f30000, Flag
s: 1, Length: 618000, Offset: 178c30

--
Executable: 2, Read: 4, Write: 0 invoke: 256
Capability: 0x6b3a6e [rxR,0x100000-0x832000] (sentry,capmode)
Is aligned: 0
Is sealed: 1
Tag: 1, Perms: 68117, Type: fffffffffffffffe, Address: 6b3a6e, Base: 100000, End: 832000, Flags: 1,
Length: 732000, Offset: 5b3a6e

--
Executable: 2, Read: 4, Write: 0 invoke: 256
Capability: 0x6243a2 [rxR,0x100000-0x832000] (invalid,sentry,capmode)
Is aligned: 0
Is sealed: 1
Tag: 0, Perms: 0117, Type: fffffffffffffffe, Address: 6243a2, Base: 100000, End: 832000, Flags: 1, L
ength: 732000, Offset: 5243a2

--
Executable: 2, Read: 4, Write: 0 invoke: 256
Capability: 0x11e06522c8b09f2 [rxR,0x11e06522c100000-0x11e06522c832000] (invalid,sentry,capmode)
Is aligned: 0
Is sealed: 1
Tag: 0, Perms: 68117, Type: fffffffffffffffe, Address: 11e06522c8b09f2, Base: 11e06522c100000, End:
11e06522c832000, Flags: 1, Length: 732000, Offset: 7b09f2

--
Executable: 2, Read: 4, Write: 0 invoke: 0
Capability: 0x362aa4 [rxR,0x100000-0x832000] (invalid,sentry,capmode)
Is aligned: 0
Is sealed: 1
Tag: 0, Perms: 0017, Type: fffffffffffffffe, Address: 362aa4, Base: 100000, End: 832000, Flags: 1, L
ength: 732000, Offset: 262aa4

--
Executable: 2, Read: 4, Write: 0 invoke: 256
Capability: 0x62396c [rxR,0x100000-0x832000] (sentry,capmode)
Is aligned: 0
Is sealed: 1
Tag: 1, Perms: 68117, Type: fffffffffffffffe, Address: 62396c, Base: 100000, End: 832000, Flags: 1,
Length: 732000, Offset: 52396c

--
Executable: 2, Read: 4, Write: 0 invoke: 256
Capability: 0x6154ee [rxR,0x100000-0x832000] (sentry,capmode)
Is aligned: 0
Is sealed: 1
Tag: 1, Perms: 68117, Type: fffffffffffffffe, Address: 6154ee, Base: 100000, End: 832000, Flags: 1,
Length: 732000, Offset: 5154ee

--
Executable: 2, Read: 4, Write: 0 invoke: 256
Capability: 0x658d56 [rxR,0x100000-0x832000] (sentry,capmode)
Is aligned: 0
Is sealed: 1
Tag: 1, Perms: 68117, Type: fffffffffffffffe, Address: 658d56, Base: 100000, End: 832000, Flags: 1,
Length: 732000, Offset: 558d56

--
Executable: 2, Read: 4, Write: 0 invoke: 256
Capability: 0x65626a [rxR,0x100000-0x832000] (sentry,capmode)
Is aligned: 0
Is sealed: 1
Tag: 1, Perms: 68117, Type: fffffffffffffffe, Address: 65626a, Base: 100000, End: 832000, Flags: 1,
Length: 732000, Offset: 55626a

--
Executable: 2, Read: 4, Write: 0 invoke: 256
Capability: 0x654bae [rxR,0x100000-0x832000] (sentry,capmode)
Is aligned: 0
Is sealed: 1
Tag: 1, Perms: 68117, Type: fffffffffffffffe, Address: 654bae, Base: 100000, End: 832000, Flags: 1,
Length: 732000, Offset: 554bae

--
Executable: 2, Read: 4, Write: 0 invoke: 256
Capability: 0x655aa0 [rxR,0x100000-0x832000] (sentry,capmode)
Is aligned: 1
Is sealed: 1
Tag: 1, Perms: 68117, Type: fffffffffffffffe, Address: 655aa0, Base: 100000, End: 832000, Flags: 1,
Length: 732000, Offset: 555aa0

--
Executable: 2, Read: 4, Write: 0 invoke: 256
Capability: 0x6dd74e [rxR,0x100000-0x832000] (sentry,capmode)
Is aligned: 0
Is sealed: 1
Tag: 1, Perms: 68117, Type: fffffffffffffffe, Address: 6dd74e, Base: 100000, End: 832000, Flags: 1,
Length: 732000, Offset: 5dd74e

--
Executable: 2, Read: 4, Write: 0 invoke: 256
Capability: 0x6edb38 [rxR,0x100000-0x832000] (sentry,capmode)
Is aligned: 0
Is sealed: 1
Tag: 1, Perms: 68117, Type: fffffffffffffffe, Address: 6edb38, Base: 100000, End: 832000, Flags: 1,
Length: 732000, Offset: 5edb38

--
Executable: 2, Read: 4, Write: 0 invoke: 256
Capability: 0x4081df7a [rxR,0x4080c000-0x40834600] (invalid,sentry,capmode)
Is aligned: 0
Is sealed: 1
Tag: 0, Perms: 0117, Type: fffffffffffffffe, Address: 4081df7a, Base: 4080c000, End: 40834600, Flags
: 1, Length: 28600, Offset: 11f7a

--
Executable: 2, Read: 4, Write: 0 invoke: 256
Capability: 0x3 [rxR,0x100000-0x832000] (invalid,sentry,capmode)
Is aligned: 0
Is sealed: 1
Tag: 0, Perms: 0117, Type: fffffffffffffffe, Address: 0003, Base: 100000, End: 832000, Flags: 1, Len
gth: 732000, Offset: fffffffffff00003

--
Executable: 2, Read: 4, Write: 0 invoke: 256
Capability: 0x6aa3e6 [rxR,0x100000-0x832000] (sentry,capmode)
Is aligned: 0
Is sealed: 1
Tag: 1, Perms: 68117, Type: fffffffffffffffe, Address: 6aa3e6, Base: 100000, End: 832000, Flags: 1,
Length: 732000, Offset: 5aa3e6

--
Executable: 2, Read: 4, Write: 0 invoke: 256
Capability: 0x6f2d56 [rxR,0x100000-0x832000] (sentry,capmode)
Is aligned: 0
Is sealed: 1
Tag: 1, Perms: 68117, Type: fffffffffffffffe, Address: 6f2d56, Base: 100000, End: 832000, Flags: 1,
Length: 732000, Offset: 5f2d56

--
Executable: 2, Read: 4, Write: 0 invoke: 256
Capability: 0x476b70 [rxR,0x100000-0x832000] (sentry,capmode)
Is aligned: 1
Is sealed: 1
Tag: 1, Perms: 68117, Type: fffffffffffffffe, Address: 476b70, Base: 100000, End: 832000, Flags: 1,
Length: 732000, Offset: 376b70

--
Executable: 2, Read: 4, Write: 0 invoke: 256
Capability: 0x6ca07e [rxR,0x100000-0x832000] (sentry,capmode)
Is aligned: 0
Is sealed: 1
Tag: 1, Perms: 68117, Type: fffffffffffffffe, Address: 6ca07e, Base: 100000, End: 832000, Flags: 1,
Length: 732000, Offset: 5ca07e

--
Executable: 2, Read: 4, Write: 0 invoke: 256
Capability: 0x6adde2 [rxR,0x100000-0x832000] (sentry,capmode)
Is aligned: 0
Is sealed: 1
Tag: 1, Perms: 68117, Type: fffffffffffffffe, Address: 6adde2, Base: 100000, End: 832000, Flags: 1,
Length: 732000, Offset: 5adde2

--
Executable: 2, Read: 4, Write: 0 invoke: 256
Capability: 0x34ef8c [rxR,0x100000-0x832000] (sentry,capmode)
Is aligned: 0
Is sealed: 1
Tag: 1, Perms: 68117, Type: fffffffffffffffe, Address: 34ef8c, Base: 100000, End: 832000, Flags: 1,
Length: 732000, Offset: 24ef8c

--
Executable: 2, Read: 4, Write: 0 invoke: 256
Capability: 0x6add36 [rxR,0x100000-0x832000] (sentry,capmode)
Is aligned: 0
Is sealed: 1
Tag: 1, Perms: 68117, Type: fffffffffffffffe, Address: 6add36, Base: 100000, End: 832000, Flags: 1,
Length: 732000, Offset: 5add36

--
Executable: 2, Read: 4, Write: 0 invoke: 256
Capability: 0x6c7c48 [rxR,0x100000-0x832000] (sentry,capmode)
Is aligned: 0
Is sealed: 1
Tag: 1, Perms: 68117, Type: fffffffffffffffe, Address: 6c7c48, Base: 100000, End: 832000, Flags: 1,
Length: 732000, Offset: 5c7c48

Executable: 2, Read: 4, Write: 0 invoke: 256
Capability: 0x6ca300 [rxR,0x100000-0x832000] (sentry,capmode)
Is aligned: 1
Is sealed: 1
Tag: 1, Perms: 68117, Type: fffffffffffffffe, Address: 6ca300, Base: 100000, End: 832000, Flags: 1,
Length: 732000, Offset: 5ca300

--
Executable: 2, Read: 4, Write: 0 invoke: 256
Capability: 0x6ca1fa [rxR,0x100000-0x832000] (sentry,capmode)
Is aligned: 0
Is sealed: 1
Tag: 1, Perms: 68117, Type: fffffffffffffffe, Address: 6ca1fa, Base: 100000, End: 832000, Flags: 1,
Length: 732000, Offset: 5ca1fa

Executable: 2, Read: 4, Write: 0 invoke: 256
Capability: 0x45085c [rxR,0x100000-0x832000] (sentry,capmode)
Is aligned: 0
Is sealed: 1
Tag: 1, Perms: 68117, Type: fffffffffffffffe, Address: 45085c, Base: 100000, End: 832000, Flags: 1,
Length: 732000, Offset: 35085c

--
Executable: 2, Read: 4, Write: 0 invoke: 256
Capability: 0x34ef8c [rxR,0x100000-0x832000] (sentry,capmode)
Is aligned: 0
Is sealed: 1
Tag: 1, Perms: 68117, Type: fffffffffffffffe, Address: 34ef8c, Base: 100000, End: 832000, Flags: 1,
Length: 732000, Offset: 24ef8c

--
Executable: 2, Read: 4, Write: 0 invoke: 256
Capability: 0x45080a [rxR,0x100000-0x832000] (sentry,capmode)
Is aligned: 0
Is sealed: 1
Tag: 1, Perms: 68117, Type: fffffffffffffffe, Address: 45080a, Base: 100000, End: 832000, Flags: 1,
Length: 732000, Offset: 35080a

--
Executable: 2, Read: 4, Write: 0 invoke: 256
Capability: 0x44fc40 [rxR,0x100000-0x832000] (sentry,capmode)
Is aligned: 1
Is sealed: 1
Tag: 1, Perms: 68117, Type: fffffffffffffffe, Address: 44fc40, Base: 100000, End: 832000, Flags: 1,
Length: 732000, Offset: 34fc40

--
Executable: 2, Read: 4, Write: 0 invoke: 256
Capability: 0x450748 [rxR,0x100000-0x832000] (sentry,capmode)
Is aligned: 0
Is sealed: 1
Tag: 1, Perms: 68117, Type: fffffffffffffffe, Address: 450748, Base: 100000, End: 832000, Flags: 1,
Length: 732000, Offset: 350748

--
Executable: 2, Read: 4, Write: 0 invoke: 256
Capability: 0x34f04e [rxR,0x100000-0x832000] (sentry,capmode)
Is aligned: 0
Is sealed: 1
Tag: 1, Perms: 68117, Type: fffffffffffffffe, Address: 34f04e, Base: 100000, End: 832000, Flags: 1,
Length: 732000, Offset: 24f04e

Executable: 2, Read: 4, Write: 0 invoke: 256
Capability: 0x5f97d8 [rxR,0x100000-0x832000] (sentry,capmode)
Is aligned: 0
Is sealed: 1
Tag: 1, Perms: 68117, Type: fffffffffffffffe, Address: 5f97d8, Base: 100000, End: 832000, Flags: 1,
Length: 732000, Offset: 4f97d8

--
Executable: 2, Read: 4, Write: 0 invoke: 256
Capability: 0x34f004 [rxR,0x100000-0x832000] (sentry,capmode)
Is aligned: 0
Is sealed: 1
Tag: 1, Perms: 68117, Type: fffffffffffffffe, Address: 34f004, Base: 100000, End: 832000, Flags: 1,
Length: 732000, Offset: 24f004

--
Executable: 2, Read: 4, Write: 0 invoke: 256
Capability: 0x409c3bee [rxR,0x40918000-0x40f30000] (sentry,capmode)
Is aligned: 0
Is sealed: 1
Tag: 1, Perms: 68117, Type: fffffffffffffffe, Address: 409c3bee, Base: 40918000, End: 40f30000, Flag
s: 1, Length: 618000, Offset: abbee

--
Executable: 2, Read: 4, Write: 0 invoke: 256
Capability: 0x34ef58 [rxR,0x100000-0x832000] (sentry,capmode)
Is aligned: 0
Is sealed: 1
Tag: 1, Perms: 68117, Type: fffffffffffffffe, Address: 34ef58, Base: 100000, End: 832000, Flags: 1,
Length: 732000, Offset: 24ef58

Executable: 2, Read: 4, Write: 0 invoke: 256
Capability: 0x4081756c [rxR,0x4080c000-0x40834600] (sentry,capmode)
Is aligned: 0
Is sealed: 1
Tag: 1, Perms: 68117, Type: fffffffffffffffe, Address: 4081756c, Base: 4080c000, End: 40834600, Flag
s: 1, Length: 28600, Offset: b56c

--
Executable: 2, Read: 4, Write: 0 invoke: 256
Capability: 0x34ef8c [rxR,0x100000-0x832000] (sentry,capmode)
Is aligned: 0
Is sealed: 1
Tag: 1, Perms: 68117, Type: fffffffffffffffe, Address: 34ef8c, Base: 100000, End: 832000, Flags: 1,
Length: 732000, Offset: 24ef8c

--
Executable: 2, Read: 4, Write: 0 invoke: 256
Capability: 0x46b564 [rxR,0x100000-0x832000] (sentry,capmode)
Is aligned: 0
Is sealed: 1
Tag: 1, Perms: 68117, Type: fffffffffffffffe, Address: 46b564, Base: 100000, End: 832000, Flags: 1,
Length: 732000, Offset: 36b564

--
Executable: 2, Read: 4, Write: 0 invoke: 256
Capability: 0x46b922 [rxR,0x100000-0x832000] (sentry,capmode)
Is aligned: 0
Is sealed: 1
Tag: 1, Perms: 68117, Type: fffffffffffffffe, Address: 46b922, Base: 100000, End: 832000, Flags: 1,
Length: 732000, Offset: 36b922

--
Executable: 2, Read: 4, Write: 0 invoke: 256
Capability: 0x4784f4 [rxR,0x100000-0x832000] (sentry,capmode)
Is aligned: 0
Is sealed: 1
Tag: 1, Perms: 68117, Type: fffffffffffffffe, Address: 4784f4, Base: 100000, End: 832000, Flags: 1,
Length: 732000, Offset: 3784f4

--
Executable: 2, Read: 4, Write: 0 invoke: 256
Capability: 0x47f658 [rxR,0x100000-0x832000] (sentry,capmode)
Is aligned: 0
Is sealed: 1
Tag: 1, Perms: 68117, Type: fffffffffffffffe, Address: 47f658, Base: 100000, End: 832000, Flags: 1,
Length: 732000, Offset: 37f658

--
Executable: 2, Read: 4, Write: 0 invoke: 256
Capability: 0x477ba4 [rxR,0x100000-0x832000] (sentry,capmode)
Is aligned: 0
Is sealed: 1
Tag: 1, Perms: 68117, Type: fffffffffffffffe, Address: 477ba4, Base: 100000, End: 832000, Flags: 1,
Length: 732000, Offset: 377ba4

--
Executable: 2, Read: 4, Write: 0 invoke: 256
Capability: 0x47f21c [rxR,0x100000-0x832000] (sentry,capmode)
Is aligned: 0
Is sealed: 1
Tag: 1, Perms: 68117, Type: fffffffffffffffe, Address: 47f21c, Base: 100000, End: 832000, Flags: 1,
Length: 732000, Offset: 37f21c

--
Executable: 2, Read: 4, Write: 0 invoke: 256
Capability: 0x47e68c [rxR,0x100000-0x832000] (sentry,capmode)
Is aligned: 0
Is sealed: 1
Tag: 1, Perms: 68117, Type: fffffffffffffffe, Address: 47e68c, Base: 100000, End: 832000, Flags: 1,
Length: 732000, Offset: 37e68c

Executable: 2, Read: 4, Write: 0 invoke: 256
Capability: 0x4773fc [rxR,0x100000-0x832000] (sentry,capmode)
Is aligned: 0
Is sealed: 1
Tag: 1, Perms: 68117, Type: fffffffffffffffe, Address: 4773fc, Base: 100000, End: 832000, Flags: 1,
Length: 732000, Offset: 3773fc

--
Executable: 2, Read: 4, Write: 0 invoke: 256
Capability: 0x47e096 [rxR,0x100000-0x832000] (sentry,capmode)
Is aligned: 0
Is sealed: 1
Tag: 1, Perms: 68117, Type: fffffffffffffffe, Address: 47e096, Base: 100000, End: 832000, Flags: 1,
Length: 732000, Offset: 37e096

Executable: 2, Read: 4, Write: 0 invoke: 256
Capability: 0x47743a [rxR,0x100000-0x832000] (sentry,capmode)
Is aligned: 0
Is sealed: 1
Tag: 1, Perms: 68117, Type: fffffffffffffffe, Address: 47743a, Base: 100000, End: 832000, Flags: 1,
Length: 732000, Offset: 37743a

Executable: 2, Read: 4, Write: 0 invoke: 256
Capability: 0x465e98 [rxR,0x100000-0x832000] (sentry,capmode)
Is aligned: 0
Is sealed: 1
Tag: 1, Perms: 68117, Type: fffffffffffffffe, Address: 465e98, Base: 100000, End: 832000, Flags: 1,
Length: 732000, Offset: 365e98

Executable: 2, Read: 4, Write: 0 invoke: 256
Capability: 0x4772bc [rxR,0x100000-0x832000] (sentry,capmode)
Is aligned: 0
Is sealed: 1
Tag: 1, Perms: 68117, Type: fffffffffffffffe, Address: 4772bc, Base: 100000, End: 832000, Flags: 1,
Length: 732000, Offset: 3772bc

--
Executable: 2, Read: 4, Write: 0 invoke: 256
Capability: 0x476c6e [rxR,0x100000-0x832000] (sentry,capmode)
Is aligned: 0
Is sealed: 1
Tag: 1, Perms: 68117, Type: fffffffffffffffe, Address: 476c6e, Base: 100000, End: 832000, Flags: 1,
Length: 732000, Offset: 376c6e

--
Executable: 2, Read: 4, Write: 0 invoke: 256
Capability: 0x476ace [rxR,0x100000-0x832000] (sentry,capmode)
Is aligned: 0
Is sealed: 1
Tag: 1, Perms: 68117, Type: fffffffffffffffe, Address: 476ace, Base: 100000, End: 832000, Flags: 1,
Length: 732000, Offset: 376ace

--
Executable: 2, Read: 4, Write: 0 invoke: 256
Capability: 0x4783f6 [rxR,0x100000-0x832000] (sentry,capmode)
Is aligned: 0
Is sealed: 1
Tag: 1, Perms: 68117, Type: fffffffffffffffe, Address: 4783f6, Base: 100000, End: 832000, Flags: 1,
Length: 732000, Offset: 3783f6

Executable: 2, Read: 4, Write: 0 invoke: 256
Capability: 0x4783b2 [rxR,0x100000-0x832000] (invalid,sentry,capmode)
Is aligned: 0
Is sealed: 1
Tag: 0, Perms: 0117, Type: fffffffffffffffe, Address: 4783b2, Base: 100000, End: 832000, Flags: 1, L
ength: 732000, Offset: 3783b2

--
Executable: 2, Read: 4, Write: 0 invoke: 256
Capability: 0x46742c [rxR,0x100000-0x832000] (sentry,capmode)
Is aligned: 0
Is sealed: 1
Tag: 1, Perms: 68117, Type: fffffffffffffffe, Address: 46742c, Base: 100000, End: 832000, Flags: 1,
Length: 732000, Offset: 36742c

--
Executable: 2, Read: 4, Write: 0 invoke: 256
Capability: 0x46c93c [rxR,0x100000-0x832000] (sentry,capmode)
Is aligned: 0
Is sealed: 1
Tag: 1, Perms: 68117, Type: fffffffffffffffe, Address: 46c93c, Base: 100000, End: 832000, Flags: 1,
Length: 732000, Offset: 36c93c

Executable: 2, Read: 4, Write: 0 invoke: 256
Capability: 0x50 [rxR,0x100000-0x832000] (invalid,sentry,capmode)
Is aligned: 1
Is sealed: 1
Tag: 0, Perms: 0117, Type: fffffffffffffffe, Address: 0050, Base: 100000, End: 832000, Flags: 1, Len
gth: 732000, Offset: fffffffffff00050

--
Executable: 2, Read: 4, Write: 0 invoke: 256
Capability: 0x467544 [rxR,0x100000-0x832000] (sentry,capmode)
Is aligned: 0
Is sealed: 1
Tag: 1, Perms: 68117, Type: fffffffffffffffe, Address: 467544, Base: 100000, End: 832000, Flags: 1,
Length: 732000, Offset: 367544

--
Executable: 2, Read: 4, Write: 0 invoke: 256
Capability: 0x362f7a [rxR,0x100000-0x832000] (sentry,capmode)
Is aligned: 0
Is sealed: 1
Tag: 1, Perms: 68117, Type: fffffffffffffffe, Address: 362f7a, Base: 100000, End: 832000, Flags: 1,
Length: 732000, Offset: 262f7a

--
Executable: 2, Read: 4, Write: 0 invoke: 256
Capability: 0x35396a [rxR,0x100000-0x832000] (sentry,capmode)
Is aligned: 0
Is sealed: 1
Tag: 1, Perms: 68117, Type: fffffffffffffffe, Address: 35396a, Base: 100000, End: 832000, Flags: 1,
Length: 732000, Offset: 25396a

Executable: 2, Read: 4, Write: 0 invoke: 256
Capability: 0x362b08 [rxR,0x100000-0x832000] (sentry,capmode)
Is aligned: 0
Is sealed: 1
Tag: 1, Perms: 68117, Type: fffffffffffffffe, Address: 362b08, Base: 100000, End: 832000, Flags: 1,
Length: 732000, Offset: 262b08

--
Executable: 2, Read: 4, Write: 0 invoke: 256
Capability: 0x354ddc [rxR,0x100000-0x832000] (sentry,capmode)
Is aligned: 0
Is sealed: 1
Tag: 1, Perms: 68117, Type: fffffffffffffffe, Address: 354ddc, Base: 100000, End: 832000, Flags: 1,
Length: 732000, Offset: 254ddc

Executable: 2, Read: 4, Write: 0 invoke: 256
Capability: 0x6b170c [rxR,0x100000-0x832000] (sentry,capmode)
Is aligned: 0
Is sealed: 1
Tag: 1, Perms: 68117, Type: fffffffffffffffe, Address: 6b170c, Base: 100000, End: 832000, Flags: 1,
Length: 732000, Offset: 5b170c

Executable: 2, Read: 4, Write: 0 invoke: 256
Capability: 0x6b5932 [rxR,0x100000-0x832000] (sentry,capmode)
Is aligned: 0
Is sealed: 1
Tag: 1, Perms: 68117, Type: fffffffffffffffe, Address: 6b5932, Base: 100000, End: 832000, Flags: 1,
Length: 732000, Offset: 5b5932

--
Executable: 2, Read: 4, Write: 0 invoke: 256
Capability: 0x47841e [rxR,0x100000-0x832000] (sentry,capmode)
Is aligned: 0
Is sealed: 1
Tag: 1, Perms: 68117, Type: fffffffffffffffe, Address: 47841e, Base: 100000, End: 832000, Flags: 1,
Length: 732000, Offset: 37841e

--
Executable: 2, Read: 4, Write: 0 invoke: 256
Capability: 0x4783f6 [rxR,0x100000-0x832000] (sentry,capmode)
Is aligned: 0
Is sealed: 1
Tag: 1, Perms: 68117, Type: fffffffffffffffe, Address: 4783f6, Base: 100000, End: 832000, Flags: 1,
Length: 732000, Offset: 3783f6

--
Executable: 2, Read: 4, Write: 0 invoke: 256
Capability: 0x4085ac86 [rxR,0x4083f000-0x40879000] (sentry,capmode)
Is aligned: 0
Is sealed: 1
Tag: 1, Perms: 68117, Type: fffffffffffffffe, Address: 4085ac86, Base: 4083f000, End: 40879000, Flag
s: 1, Length: 3a000, Offset: 1bc86

--
Executable: 2, Read: 4, Write: 0 invoke: 256
Capability: 0x4085743e [rxR,0x4083f000-0x40879000] (sentry,capmode)
Is aligned: 0
Is sealed: 1
Tag: 1, Perms: 68117, Type: fffffffffffffffe, Address: 4085743e, Base: 4083f000, End: 40879000, Flag
s: 1, Length: 3a000, Offset: 1843e

Executable: 2, Read: 4, Write: 0 invoke: 256
Capability: 0x40856998 [rxR,0x4083f000-0x40879000] (sentry,capmode)
Is aligned: 0
Is sealed: 1
Tag: 1, Perms: 68117, Type: fffffffffffffffe, Address: 40856998, Base: 4083f000, End: 40879000, Flag
s: 1, Length: 3a000, Offset: 17998

--
Executable: 2, Read: 4, Write: 0 invoke: 256
Capability: 0x4085743e [rxR,0x4083f000-0x40879000] (sentry,capmode)
Is aligned: 0
Is sealed: 1
Tag: 1, Perms: 68117, Type: fffffffffffffffe, Address: 4085743e, Base: 4083f000, End: 40879000, Flag
s: 1, Length: 3a000, Offset: 1843e

--
Executable: 2, Read: 4, Write: 0 invoke: 256
Capability: 0x6aa3e6 [rxR,0x100000-0x832000] (sentry,capmode)
Is aligned: 0
Is sealed: 1
Tag: 1, Perms: 68117, Type: fffffffffffffffe, Address: 6aa3e6, Base: 100000, End: 832000, Flags: 1,
Length: 732000, Offset: 5aa3e6

--
Executable: 2, Read: 4, Write: 0 invoke: 256
Capability: 0x6aa3e6 [rxR,0x100000-0x832000] (sentry,capmode)
Is aligned: 0
Is sealed: 1
Tag: 1, Perms: 68117, Type: fffffffffffffffe, Address: 6aa3e6, Base: 100000, End: 832000, Flags: 1,
Length: 732000, Offset: 5aa3e6

--
Executable: 2, Read: 4, Write: 0 invoke: 256
Capability: 0x6cecf4 [rxR,0x100000-0x832000] (sentry,capmode)
Is aligned: 0
Is sealed: 1
Tag: 1, Perms: 68117, Type: fffffffffffffffe, Address: 6cecf4, Base: 100000, End: 832000, Flags: 1,
Length: 732000, Offset: 5cecf4

Executable: 2, Read: 4, Write: 0 invoke: 256
Capability: 0x4085743e [rxR,0x4083f000-0x40879000] (sentry,capmode)
Is aligned: 0
Is sealed: 1
Tag: 1, Perms: 68117, Type: fffffffffffffffe, Address: 4085743e, Base: 4083f000, End: 40879000, Flag
s: 1, Length: 3a000, Offset: 1843e

Executable: 2, Read: 4, Write: 0 invoke: 256
Capability: 0x6dd74e [rxR,0x100000-0x832000] (sentry,capmode)
Is aligned: 0
Is sealed: 1
Tag: 1, Perms: 68117, Type: fffffffffffffffe, Address: 6dd74e, Base: 100000, End: 832000, Flags: 1,
Length: 732000, Offset: 5dd74e

--
Executable: 2, Read: 4, Write: 0 invoke: 256
Capability: 0x40856998 [rxR,0x4083f000-0x40879000] (sentry,capmode)
Is aligned: 0
Is sealed: 1
Tag: 1, Perms: 68117, Type: fffffffffffffffe, Address: 40856998, Base: 4083f000, End: 40879000, Flag
s: 1, Length: 3a000, Offset: 17998

--
Executable: 2, Read: 4, Write: 0 invoke: 256
Capability: 0x4085743e [rxR,0x4083f000-0x40879000] (sentry,capmode)
Is aligned: 0
Is sealed: 1
Tag: 1, Perms: 68117, Type: fffffffffffffffe, Address: 4085743e, Base: 4083f000, End: 40879000, Flag
s: 1, Length: 3a000, Offset: 1843e

--
Executable: 2, Read: 4, Write: 0 invoke: 256
Capability: 0x4085743e [rxR,0x4083f000-0x40879000] (sentry,capmode)
Is aligned: 0
Is sealed: 1
Tag: 1, Perms: 68117, Type: fffffffffffffffe, Address: 4085743e, Base: 4083f000, End: 40879000, Flag
s: 1, Length: 3a000, Offset: 1843e

--
Executable: 2, Read: 4, Write: 0 invoke: 256
Capability: 0x40aae45a [rxR,0x40918000-0x40f30000] (sentry,capmode)
Is aligned: 0
Is sealed: 1
Tag: 1, Perms: 68117, Type: fffffffffffffffe, Address: 40aae45a, Base: 40918000, End: 40f30000, Flag
s: 1, Length: 618000, Offset: 19645a

--
Executable: 2, Read: 4, Write: 0 invoke: 256
Capability: 0x6edb38 [rxR,0x100000-0x832000] (sentry,capmode)
Is aligned: 0
Is sealed: 1
Tag: 1, Perms: 68117, Type: fffffffffffffffe, Address: 6edb38, Base: 100000, End: 832000, Flags: 1,
Length: 732000, Offset: 5edb38

--
Executable: 2, Read: 4, Write: 0 invoke: 256
Capability: 0x6b166a [rxR,0x100000-0x832000] (sentry,capmode)
Is aligned: 0
Is sealed: 1
Tag: 1, Perms: 68117, Type: fffffffffffffffe, Address: 6b166a, Base: 100000, End: 832000, Flags: 1,
Length: 732000, Offset: 5b166a

--
Executable: 2, Read: 4, Write: 0 invoke: 256
Capability: 0x40a32e08 [rxR,0x40918000-0x40f30000] (sentry,capmode)
Is aligned: 0
Is sealed: 1
Tag: 1, Perms: 68117, Type: fffffffffffffffe, Address: 40a32e08, Base: 40918000, End: 40f30000, Flag
s: 1, Length: 618000, Offset: 11ae08

Executable: 2, Read: 4, Write: 0 invoke: 256
Capability: 0x40a39188 [rxR,0x40918000-0x40f30000] (sentry,capmode)
Is aligned: 0
Is sealed: 1
Tag: 1, Perms: 68117, Type: fffffffffffffffe, Address: 40a39188, Base: 40918000, End: 40f30000, Flag
s: 1, Length: 618000, Offset: 121188

--
Executable: 2, Read: 4, Write: 0 invoke: 256
Capability: 0x40a32e08 [rxR,0x40918000-0x40f30000] (sentry,capmode)
Is aligned: 0
Is sealed: 1
Tag: 1, Perms: 68117, Type: fffffffffffffffe, Address: 40a32e08, Base: 40918000, End: 40f30000, Flag
s: 1, Length: 618000, Offset: 11ae08

--
Executable: 2, Read: 4, Write: 0 invoke: 256
Capability: 0x40a359d2 [rxR,0x40918000-0x40f30000] (sentry,capmode)
Is aligned: 0
Is sealed: 1
Tag: 1, Perms: 68117, Type: fffffffffffffffe, Address: 40a359d2, Base: 40918000, End: 40f30000, Flag
s: 1, Length: 618000, Offset: 11d9d2

--
Executable: 2, Read: 4, Write: 0 invoke: 256
Capability: 0x40a3c1d4 [rxR,0x40918000-0x40f30000] (sentry,capmode)
Is aligned: 0
Is sealed: 1
Tag: 1, Perms: 68117, Type: fffffffffffffffe, Address: 40a3c1d4, Base: 40918000, End: 40f30000, Flag
s: 1, Length: 618000, Offset: 1241d4

--
Executable: 2, Read: 4, Write: 0 invoke: 256
Capability: 0x1 [rxR,0xfffffffffffbf000-0xffffffffffff9000] (invalid,sentry,capmode)
Is aligned: 0
Is sealed: 1
Tag: 0, Perms: 68117, Type: fffffffffffffffe, Address: 0001, Base: fffffffffffbf000, End: ffffffffff
ff9000, Flags: 1, Length: 3a000, Offset: 41001

Executable: 2, Read: 4, Write: 8 invoke: 256
Capability: 0xa [rwxRW,0xfffffffffffffffb-0xff9] (invalid,sealed,capmode)
Is aligned: 0
Is sealed: 1
Tag: 0, Perms: 78fff, Type: 0, Address: 000a, Base: fffffffffffffffb, End: 0ff9, Flags: 1, Length: 0
ffe, Offset: 000f

--
Executable: 2, Read: 4, Write: 0 invoke: 256
Capability: 0x4085743e [rxR,0x4083f000-0x40879000] (sentry,capmode)
Is aligned: 0
Is sealed: 1
Tag: 1, Perms: 68117, Type: fffffffffffffffe, Address: 4085743e, Base: 4083f000, End: 40879000, Flag
s: 1, Length: 3a000, Offset: 1843e

--
Executable: 2, Read: 4, Write: 0 invoke: 256
Capability: 0x40aac28a [rxR,0x40918000-0x40f30000] (sentry,capmode)
Is aligned: 0
Is sealed: 1
Tag: 1, Perms: 68117, Type: fffffffffffffffe, Address: 40aac28a, Base: 40918000, End: 40f30000, Flag
s: 1, Length: 618000, Offset: 19428a

--
Executable: 2, Read: 4, Write: 0 invoke: 256
Capability: 0x6666666666666666 [rxRW,0x3030000000000000-0x48e0000000000000] (invalid,sealed,capmode)
Is aligned: 0
Is sealed: 1
Tag: 0, Perms: 30336, Type: 153b9, Address: 6666666666666666, Base: 3030000000000000, End: 48e000000
0000000, Flags: 1, Length: 18b0000000000000, Offset: 3636666666666666

--
Executable: 2, Read: 4, Write: 0 invoke: 0
Capability: 0x6666666666666666 [rxW,0x6666666666666662-0x666666666666699f] (invalid,sealed,capmode)
Is aligned: 0
Is sealed: 1
Tag: 0, Perms: 18066, Type: 33333, Address: 6666666666666666, Base: 6666666666666662, End: 666666666
666699f, Flags: 1, Length: 033d, Offset: 0004

--
Executable: 2, Read: 4, Write: 0 invoke: 256
Capability: 0x1 [rxR,0x100000-0x832000] (invalid,sentry,capmode)
Is aligned: 0
Is sealed: 1
Tag: 0, Perms: 68117, Type: fffffffffffffffe, Address: 0001, Base: 100000, End: 832000, Flags: 1, Le
ngth: 732000, Offset: fffffffffff00001

Executable: 2, Read: 4, Write: 0 invoke: 256
Capability: 0x65eb7a [rxR,0x100000-0x832000] (sentry,capmode)
Is aligned: 0
Is sealed: 1
Tag: 1, Perms: 68117, Type: fffffffffffffffe, Address: 65eb7a, Base: 100000, End: 832000, Flags: 1,
Length: 732000, Offset: 55eb7a

--
Executable: 2, Read: 4, Write: 0 invoke: 256
Capability: 0x34ef8c [rxR,0x100000-0x832000] (sentry,capmode)
Is aligned: 0
Is sealed: 1
Tag: 1, Perms: 68117, Type: fffffffffffffffe, Address: 34ef8c, Base: 100000, End: 832000, Flags: 1,
Length: 732000, Offset: 24ef8c

--
Executable: 2, Read: 4, Write: 0 invoke: 256
Capability: 0x65e940 [rxR,0x100000-0x832000] (sentry,capmode)
Is aligned: 1
Is sealed: 1
Tag: 1, Perms: 68117, Type: fffffffffffffffe, Address: 65e940, Base: 100000, End: 832000, Flags: 1,
Length: 732000, Offset: 55e940

--
Executable: 2, Read: 4, Write: 0 invoke: 256
Capability: 0x4085743e [rxR,0x4083f000-0x40879000] (sentry,capmode)
Is aligned: 0
Is sealed: 1
Tag: 1, Perms: 68117, Type: fffffffffffffffe, Address: 4085743e, Base: 4083f000, End: 40879000, Flag
s: 1, Length: 3a000, Offset: 1843e

--
Executable: 2, Read: 4, Write: 0 invoke: 256
Capability: 0x40856998 [rxR,0x4083f000-0x40879000] (sentry,capmode)
Is aligned: 0
Is sealed: 1
Tag: 1, Perms: 68117, Type: fffffffffffffffe, Address: 40856998, Base: 4083f000, End: 40879000, Flag
s: 1, Length: 3a000, Offset: 17998

--
Executable: 2, Read: 4, Write: 0 invoke: 256
Capability: 0x4085743e [rxR,0x4083f000-0x40879000] (sentry,capmode)
Is aligned: 0
Is sealed: 1
Tag: 1, Perms: 68117, Type: fffffffffffffffe, Address: 4085743e, Base: 4083f000, End: 40879000, Flag
s: 1, Length: 3a000, Offset: 1843e

--
Executable: 2, Read: 4, Write: 0 invoke: 256
Capability: 0x34ef8c [rxR,0x100000-0x832000] (sentry,capmode)
Is aligned: 0
Is sealed: 1
Tag: 1, Perms: 68117, Type: fffffffffffffffe, Address: 34ef8c, Base: 100000, End: 832000, Flags: 1,
Length: 732000, Offset: 24ef8c

Executable: 2, Read: 4, Write: 0 invoke: 256
Capability: 0x659602 [rxR,0x100000-0x832000] (sentry,capmode)
Is aligned: 0
Is sealed: 1
Tag: 1, Perms: 68117, Type: fffffffffffffffe, Address: 659602, Base: 100000, End: 832000, Flags: 1,
Length: 732000, Offset: 559602

--
Executable: 2, Read: 4, Write: 0 invoke: 256
Capability: 0x65a830 [rxR,0x100000-0x832000] (sentry,capmode)
Is aligned: 1
Is sealed: 1
Tag: 1, Perms: 68117, Type: fffffffffffffffe, Address: 65a830, Base: 100000, End: 832000, Flags: 1,
Length: 732000, Offset: 55a830

--
Executable: 2, Read: 4, Write: 0 invoke: 256
Capability: 0x65af76 [rxR,0x100000-0x832000] (sentry,capmode)
Is aligned: 0
Is sealed: 1
Tag: 1, Perms: 68117, Type: fffffffffffffffe, Address: 65af76, Base: 100000, End: 832000, Flags: 1,
Length: 732000, Offset: 55af76

Executable: 2, Read: 4, Write: 0 invoke: 256
Capability: 0x58a716 [rxR,0x100000-0x832000] (sentry,capmode)
Is aligned: 0
Is sealed: 1
Tag: 1, Perms: 68117, Type: fffffffffffffffe, Address: 58a716, Base: 100000, End: 832000, Flags: 1,
Length: 732000, Offset: 48a716

--
Executable: 2, Read: 4, Write: 0 invoke: 256
Capability: 0x6aa3e6 [rxR,0x100000-0x832000] (sentry,capmode)
Is aligned: 0
Is sealed: 1
Tag: 1, Perms: 68117, Type: fffffffffffffffe, Address: 6aa3e6, Base: 100000, End: 832000, Flags: 1,
Length: 732000, Offset: 5aa3e6

--
Executable: 2, Read: 4, Write: 0 invoke: 256
Capability: 0x6cecf4 [rxR,0x100000-0x832000] (sentry,capmode)
Is aligned: 0
Is sealed: 1
Tag: 1, Perms: 68117, Type: fffffffffffffffe, Address: 6cecf4, Base: 100000, End: 832000, Flags: 1,
Length: 732000, Offset: 5cecf4

Executable: 2, Read: 4, Write: 0 invoke: 256
Capability: 0x6dd74e [rxR,0x100000-0x832000] (sentry,capmode)
Is aligned: 0
Is sealed: 1
Tag: 1, Perms: 68117, Type: fffffffffffffffe, Address: 6dd74e, Base: 100000, End: 832000, Flags: 1,
Length: 732000, Offset: 5dd74e

Executable: 2, Read: 4, Write: 0 invoke: 256
Capability: 0x6c680c [rxR,0x100000-0x832000] (sentry,capmode)
Is aligned: 0
Is sealed: 1
Tag: 1, Perms: 68117, Type: fffffffffffffffe, Address: 6c680c, Base: 100000, End: 832000, Flags: 1,
Length: 732000, Offset: 5c680c

Executable: 2, Read: 4, Write: 0 invoke: 256
Capability: 0x6ee6c2 [rxR,0x100000-0x832000] (sentry,capmode)
Is aligned: 0
Is sealed: 1
Tag: 1, Perms: 68117, Type: fffffffffffffffe, Address: 6ee6c2, Base: 100000, End: 832000, Flags: 1,
Length: 732000, Offset: 5ee6c2

--
Executable: 2, Read: 4, Write: 0 invoke: 256
Capability: 0x6cecf4 [rxR,0x100000-0x832000] (sentry,capmode)
Is aligned: 0
Is sealed: 1
Tag: 1, Perms: 68117, Type: fffffffffffffffe, Address: 6cecf4, Base: 100000, End: 832000, Flags: 1,
Length: 732000, Offset: 5cecf4

Executable: 2, Read: 4, Write: 0 invoke: 256
Capability: 0x6edb38 [rxR,0x100000-0x832000] (sentry,capmode)
Is aligned: 0
Is sealed: 1
Tag: 1, Perms: 68117, Type: fffffffffffffffe, Address: 6edb38, Base: 100000, End: 832000, Flags: 1,
Length: 732000, Offset: 5edb38

--
Executable: 2, Read: 4, Write: 0 invoke: 256
Capability: 0x6dd74e [rxR,0x100000-0x832000] (sentry,capmode)
Is aligned: 0
Is sealed: 1
Tag: 1, Perms: 68117, Type: fffffffffffffffe, Address: 6dd74e, Base: 100000, End: 832000, Flags: 1,
Length: 732000, Offset: 5dd74e

Executable: 2, Read: 4, Write: 0 invoke: 256
Capability: 0x6c46da [rxR,0x100000-0x832000] (sentry,capmode)
Is aligned: 0
Is sealed: 1
Tag: 1, Perms: 68117, Type: fffffffffffffffe, Address: 6c46da, Base: 100000, End: 832000, Flags: 1,
Length: 732000, Offset: 5c46da

--
Executable: 2, Read: 4, Write: 0 invoke: 256
Capability: 0x4b1a4c [rxR,0x100000-0x832000] (sentry,capmode)
Is aligned: 0
Is sealed: 1
Tag: 1, Perms: 68117, Type: fffffffffffffffe, Address: 4b1a4c, Base: 100000, End: 832000, Flags: 1,
Length: 732000, Offset: 3b1a4c

Executable: 2, Read: 4, Write: 0 invoke: 256
Capability: 0x49af48 [rxR,0x100000-0x832000] (sentry,capmode)
Is aligned: 0
Is sealed: 1
Tag: 1, Perms: 68117, Type: fffffffffffffffe, Address: 49af48, Base: 100000, End: 832000, Flags: 1,
Length: 732000, Offset: 39af48

--
Executable: 2, Read: 4, Write: 0 invoke: 256
Capability: 0x4b1a4c [rxR,0x100000-0x832000] (sentry,capmode)
Is aligned: 0
Is sealed: 1
Tag: 1, Perms: 68117, Type: fffffffffffffffe, Address: 4b1a4c, Base: 100000, End: 832000, Flags: 1,
Length: 732000, Offset: 3b1a4c

Executable: 2, Read: 4, Write: 0 invoke: 256
Capability: 0x4b1448 [rxR,0x100000-0x832000] (sentry,capmode)
Is aligned: 0
Is sealed: 1
Tag: 1, Perms: 68117, Type: fffffffffffffffe, Address: 4b1448, Base: 100000, End: 832000, Flags: 1,
Length: 732000, Offset: 3b1448

Executable: 2, Read: 4, Write: 0 invoke: 256
Capability: 0x6add36 [rxR,0x100000-0x832000] (sentry,capmode)
Is aligned: 0
Is sealed: 1
Tag: 1, Perms: 68117, Type: fffffffffffffffe, Address: 6add36, Base: 100000, End: 832000, Flags: 1,
Length: 732000, Offset: 5add36

Executable: 2, Read: 4, Write: 0 invoke: 256
Capability: 0x442a4c [rxR,0x100000-0x832000] (sentry,capmode)
Is aligned: 0
Is sealed: 1
Tag: 1, Perms: 68117, Type: fffffffffffffffe, Address: 442a4c, Base: 100000, End: 832000, Flags: 1,
Length: 732000, Offset: 342a4c

--
Executable: 2, Read: 4, Write: 0 invoke: 256
Capability: 0x65c718 [rxR,0x100000-0x832000] (sentry,capmode)
Is aligned: 0
Is sealed: 1
Tag: 1, Perms: 68117, Type: fffffffffffffffe, Address: 65c718, Base: 100000, End: 832000, Flags: 1,
Length: 732000, Offset: 55c718

--
Executable: 2, Read: 4, Write: 0 invoke: 256
Capability: 0x4522fc [rxR,0x100000-0x832000] (sentry,capmode)
Is aligned: 0
Is sealed: 1
Tag: 1, Perms: 68117, Type: fffffffffffffffe, Address: 4522fc, Base: 100000, End: 832000, Flags: 1,
Length: 732000, Offset: 3522fc

--
Executable: 2, Read: 4, Write: 0 invoke: 256
Capability: 0x6c171a [rxR,0x100000-0x832000] (sentry,capmode)
Is aligned: 0
Is sealed: 1
Tag: 1, Perms: 68117, Type: fffffffffffffffe, Address: 6c171a, Base: 100000, End: 832000, Flags: 1,
Length: 732000, Offset: 5c171a

--
Executable: 2, Read: 4, Write: 0 invoke: 256
Capability: 0x6c2628 [rxR,0x100000-0x832000] (sentry,capmode)
Is aligned: 0
Is sealed: 1
Tag: 1, Perms: 68117, Type: fffffffffffffffe, Address: 6c2628, Base: 100000, End: 832000, Flags: 1,
Length: 732000, Offset: 5c2628

--
Executable: 2, Read: 4, Write: 0 invoke: 256
Capability: 0x51b670 [rxR,0x100000-0x832000] (sentry,capmode)
Is aligned: 1
Is sealed: 1
Tag: 1, Perms: 68117, Type: fffffffffffffffe, Address: 51b670, Base: 100000, End: 832000, Flags: 1,
Length: 732000, Offset: 41b670

--
Executable: 2, Read: 4, Write: 0 invoke: 256
Capability: 0x51d734 [rxR,0x100000-0x832000] (sentry,capmode)
Is aligned: 0
Is sealed: 1
Tag: 1, Perms: 68117, Type: fffffffffffffffe, Address: 51d734, Base: 100000, End: 832000, Flags: 1,
Length: 732000, Offset: 41d734

--
Executable: 2, Read: 4, Write: 0 invoke: 256
Capability: 0x51f9d8 [rxR,0x100000-0x832000] (sentry,capmode)
Is aligned: 0
Is sealed: 1
Tag: 1, Perms: 68117, Type: fffffffffffffffe, Address: 51f9d8, Base: 100000, End: 832000, Flags: 1,
Length: 732000, Offset: 41f9d8

--
Executable: 2, Read: 4, Write: 0 invoke: 256
Capability: 0x49bae6 [rxR,0x100000-0x832000] (sentry,capmode)
Is aligned: 0
Is sealed: 1
Tag: 1, Perms: 68117, Type: fffffffffffffffe, Address: 49bae6, Base: 100000, End: 832000, Flags: 1,
Length: 732000, Offset: 39bae6

Executable: 2, Read: 4, Write: 0 invoke: 256
Capability: 0x4b93ea [rxR,0x100000-0x832000] (sentry,capmode)
Is aligned: 0
Is sealed: 1
Tag: 1, Perms: 68117, Type: fffffffffffffffe, Address: 4b93ea, Base: 100000, End: 832000, Flags: 1,
Length: 732000, Offset: 3b93ea

--
Executable: 2, Read: 4, Write: 0 invoke: 256
Capability: 0x6cecf4 [rxR,0x100000-0x832000] (sentry,capmode)
Is aligned: 0
Is sealed: 1
Tag: 1, Perms: 68117, Type: fffffffffffffffe, Address: 6cecf4, Base: 100000, End: 832000, Flags: 1,
Length: 732000, Offset: 5cecf4

Executable: 2, Read: 4, Write: 0 invoke: 256
Capability: 0x6dd74e [rxR,0x100000-0x832000] (sentry,capmode)
Is aligned: 0
Is sealed: 1
Tag: 1, Perms: 68117, Type: fffffffffffffffe, Address: 6dd74e, Base: 100000, End: 832000, Flags: 1,
Length: 732000, Offset: 5dd74e

Executable: 2, Read: 4, Write: 0 invoke: 256
Capability: 0x6c680c [rxR,0x100000-0x832000] (sentry,capmode)
Is aligned: 0
Is sealed: 1
Tag: 1, Perms: 68117, Type: fffffffffffffffe, Address: 6c680c, Base: 100000, End: 832000, Flags: 1,
Length: 732000, Offset: 5c680c

Executable: 2, Read: 4, Write: 0 invoke: 256
Capability: 0x6ee6c2 [rxR,0x100000-0x832000] (sentry,capmode)
Is aligned: 0
Is sealed: 1
Tag: 1, Perms: 68117, Type: fffffffffffffffe, Address: 6ee6c2, Base: 100000, End: 832000, Flags: 1,
Length: 732000, Offset: 5ee6c2

--
Executable: 2, Read: 4, Write: 8 invoke: 256
Capability: 0x41462c80 [rwxRW,0x41462c00-0x41463800] (invalid,sealed,capmode)
Is aligned: 1
Is sealed: 1
Tag: 0, Perms: 78fff, Type: 1f, Address: 41462c80, Base: 41462c00, End: 41463800, Flags: 1, Length:
0c00, Offset: 0080

--
Executable: 2, Read: 4, Write: 0 invoke: 256
Capability: 0x6cecf4 [rxR,0x100000-0x832000] (sentry,capmode)
Is aligned: 0
Is sealed: 1
Tag: 1, Perms: 68117, Type: fffffffffffffffe, Address: 6cecf4, Base: 100000, End: 832000, Flags: 1,
Length: 732000, Offset: 5cecf4

Executable: 2, Read: 4, Write: 0 invoke: 256
Capability: 0x6edb38 [rxR,0x100000-0x832000] (sentry,capmode)
Is aligned: 0
Is sealed: 1
Tag: 1, Perms: 68117, Type: fffffffffffffffe, Address: 6edb38, Base: 100000, End: 832000, Flags: 1,
Length: 732000, Offset: 5edb38

--
Executable: 2, Read: 4, Write: 0 invoke: 256
Capability: 0x486a7e [rxR,0x100000-0x832000] (sentry,capmode)
Is aligned: 0
Is sealed: 1
Tag: 1, Perms: 68117, Type: fffffffffffffffe, Address: 486a7e, Base: 100000, End: 832000, Flags: 1,
Length: 732000, Offset: 386a7e

--
Executable: 2, Read: 4, Write: 0 invoke: 256
Capability: 0x6dd74e [rxR,0x100000-0x832000] (sentry,capmode)
Is aligned: 0
Is sealed: 1
Tag: 1, Perms: 68117, Type: fffffffffffffffe, Address: 6dd74e, Base: 100000, End: 832000, Flags: 1,
Length: 732000, Offset: 5dd74e

Executable: 2, Read: 4, Write: 0 invoke: 256
Capability: 0x6c46da [rxR,0x100000-0x832000] (sentry,capmode)
Is aligned: 0
Is sealed: 1
Tag: 1, Perms: 68117, Type: fffffffffffffffe, Address: 6c46da, Base: 100000, End: 832000, Flags: 1,
Length: 732000, Offset: 5c46da

--
Executable: 2, Read: 4, Write: 0 invoke: 256
Capability: 0x6adda6 [rxR,0x100000-0x832000] (sentry,capmode)
Is aligned: 0
Is sealed: 1
Tag: 1, Perms: 68117, Type: fffffffffffffffe, Address: 6adda6, Base: 100000, End: 832000, Flags: 1,
Length: 732000, Offset: 5adda6

--
Executable: 2, Read: 4, Write: 0 invoke: 256
Capability: 0x34ef8c [rxR,0x100000-0x832000] (sentry,capmode)
Is aligned: 0
Is sealed: 1
Tag: 1, Perms: 68117, Type: fffffffffffffffe, Address: 34ef8c, Base: 100000, End: 832000, Flags: 1,
Length: 732000, Offset: 24ef8c

--
Executable: 2, Read: 4, Write: 0 invoke: 256
Capability: 0x6add36 [rxR,0x100000-0x832000] (sentry,capmode)
Is aligned: 0
Is sealed: 1
Tag: 1, Perms: 68117, Type: fffffffffffffffe, Address: 6add36, Base: 100000, End: 832000, Flags: 1,
Length: 732000, Offset: 5add36

--
Executable: 2, Read: 4, Write: 0 invoke: 256
Capability: 0x6f1808 [rxR,0x100000-0x832000] (sentry,capmode)
Is aligned: 0
Is sealed: 1
Tag: 1, Perms: 68117, Type: fffffffffffffffe, Address: 6f1808, Base: 100000, End: 832000, Flags: 1,
Length: 732000, Offset: 5f1808

--
Executable: 2, Read: 4, Write: 0 invoke: 256
Capability: 0x6f14ae [rxR,0x100000-0x832000] (sentry,capmode)
Is aligned: 0
Is sealed: 1
Tag: 1, Perms: 68117, Type: fffffffffffffffe, Address: 6f14ae, Base: 100000, End: 832000, Flags: 1,
Length: 732000, Offset: 5f14ae

--
Executable: 2, Read: 4, Write: 0 invoke: 256
Capability: 0x6c4a64 [rxR,0x100000-0x832000] (sentry,capmode)
Is aligned: 0
Is sealed: 1
Tag: 1, Perms: 68117, Type: fffffffffffffffe, Address: 6c4a64, Base: 100000, End: 832000, Flags: 1,
Length: 732000, Offset: 5c4a64

Executable: 2, Read: 4, Write: 0 invoke: 256
Capability: 0x0 [rxR,0x100000-0x832000] (invalid,sentry,capmode)
Is aligned: 1
Is sealed: 1
Tag: 0, Perms: 68117, Type: fffffffffffffffe, Address: 0000, Base: 100000, End: 832000, Flags: 1, Le
ngth: 732000, Offset: fffffffffff00000

--
Executable: 2, Read: 4, Write: 0 invoke: 256
Capability: 0x6ef19a [rxR,0x100000-0x832000] (sentry,capmode)
Is aligned: 0
Is sealed: 1
Tag: 1, Perms: 68117, Type: fffffffffffffffe, Address: 6ef19a, Base: 100000, End: 832000, Flags: 1,
Length: 732000, Offset: 5ef19a

--
Executable: 2, Read: 4, Write: 0 invoke: 256
Capability: 0x6c2fe6 [rxR,0x100000-0x832000] (sentry,capmode)
Is aligned: 0
Is sealed: 1
Tag: 1, Perms: 68117, Type: fffffffffffffffe, Address: 6c2fe6, Base: 100000, End: 832000, Flags: 1,
Length: 732000, Offset: 5c2fe6

--
Executable: 2, Read: 4, Write: 0 invoke: 256
Capability: 0x6c3040 [rxR,0x100000-0x832000] (sentry,capmode)
Is aligned: 1
Is sealed: 1
Tag: 1, Perms: 68117, Type: fffffffffffffffe, Address: 6c3040, Base: 100000, End: 832000, Flags: 1,
Length: 732000, Offset: 5c3040

--
Executable: 2, Read: 4, Write: 0 invoke: 256
Capability: 0x5133c2 [rxR,0x100000-0x832000] (sentry,capmode)
Is aligned: 0
Is sealed: 1
Tag: 1, Perms: 68117, Type: fffffffffffffffe, Address: 5133c2, Base: 100000, End: 832000, Flags: 1,
Length: 732000, Offset: 4133c2

--
Executable: 2, Read: 4, Write: 0 invoke: 256
Capability: 0x6eafe8 [rxR,0x100000-0x832000] (sentry,capmode)
Is aligned: 0
Is sealed: 1
Tag: 1, Perms: 68117, Type: fffffffffffffffe, Address: 6eafe8, Base: 100000, End: 832000, Flags: 1,
Length: 732000, Offset: 5eafe8

Executable: 2, Read: 4, Write: 0 invoke: 256
Capability: 0x5132d6 [rxR,0x100000-0x832000] (sentry,capmode)
Is aligned: 0
Is sealed: 1
Tag: 1, Perms: 68117, Type: fffffffffffffffe, Address: 5132d6, Base: 100000, End: 832000, Flags: 1,
Length: 732000, Offset: 4132d6

Executable: 2, Read: 4, Write: 0 invoke: 256
Capability: 0x5132d6 [rxR,0x100000-0x832000] (sentry,capmode)
Is aligned: 0
Is sealed: 1
Tag: 1, Perms: 68117, Type: fffffffffffffffe, Address: 5132d6, Base: 100000, End: 832000, Flags: 1,
Length: 732000, Offset: 4132d6

--
Executable: 2, Read: 4, Write: 0 invoke: 256
Capability: 0x6dc9c6 [rxR,0x100000-0x832000] (sentry,capmode)
Is aligned: 0
Is sealed: 1
Tag: 1, Perms: 68117, Type: fffffffffffffffe, Address: 6dc9c6, Base: 100000, End: 832000, Flags: 1,
Length: 732000, Offset: 5dc9c6

--
Executable: 2, Read: 4, Write: 0 invoke: 256
Capability: 0x47841e [rxR,0x100000-0x832000] (sentry,capmode)
Is aligned: 0
Is sealed: 1
Tag: 1, Perms: 68117, Type: fffffffffffffffe, Address: 47841e, Base: 100000, End: 832000, Flags: 1,
Length: 732000, Offset: 37841e

--
Executable: 2, Read: 4, Write: 0 invoke: 256
Capability: 0x4783f6 [rxR,0x100000-0x832000] (sentry,capmode)
Is aligned: 0
Is sealed: 1
Tag: 1, Perms: 68117, Type: fffffffffffffffe, Address: 4783f6, Base: 100000, End: 832000, Flags: 1,
Length: 732000, Offset: 3783f6

Executable: 2, Read: 4, Write: 0 invoke: 256
Capability: 0x4783b2 [rxR,0x100000-0x832000] (sentry,capmode)
Is aligned: 0
Is sealed: 1
Tag: 1, Perms: 68117, Type: fffffffffffffffe, Address: 4783b2, Base: 100000, End: 832000, Flags: 1,
Length: 732000, Offset: 3783b2

--
Executable: 2, Read: 4, Write: 0 invoke: 256
Capability: 0x46c93c [rxR,0x100000-0x832000] (sentry,capmode)
Is aligned: 0
Is sealed: 1
Tag: 1, Perms: 68117, Type: fffffffffffffffe, Address: 46c93c, Base: 100000, End: 832000, Flags: 1,
Length: 732000, Offset: 36c93c

--
Executable: 2, Read: 4, Write: 0 invoke: 256
Capability: 0x6dcbe0 [rxR,0x100000-0x832000] (sentry,capmode)
Is aligned: 1
Is sealed: 1
Tag: 1, Perms: 68117, Type: fffffffffffffffe, Address: 6dcbe0, Base: 100000, End: 832000, Flags: 1,
Length: 732000, Offset: 5dcbe0

--
Executable: 2, Read: 4, Write: 0 invoke: 256
Capability: 0x6ad8e6 [rxR,0x100000-0x832000] (sentry,capmode)
Is aligned: 0
Is sealed: 1
Tag: 1, Perms: 68117, Type: fffffffffffffffe, Address: 6ad8e6, Base: 100000, End: 832000, Flags: 1,
Length: 732000, Offset: 5ad8e6

--
Executable: 2, Read: 4, Write: 0 invoke: 256
Capability: 0x1 [rxR,0x100000-0x832000] (invalid,sentry,capmode)
Is aligned: 0
Is sealed: 1
Tag: 0, Perms: 68117, Type: fffffffffffffffe, Address: 0001, Base: 100000, End: 832000, Flags: 1, Le
ngth: 732000, Offset: fffffffffff00001

--
Executable: 2, Read: 4, Write: 0 invoke: 256
Capability: 0x6b3b74 [rxR,0x100000-0x832000] (sentry,capmode)
Is aligned: 0
Is sealed: 1
Tag: 1, Perms: 68117, Type: fffffffffffffffe, Address: 6b3b74, Base: 100000, End: 832000, Flags: 1,
Length: 732000, Offset: 5b3b74

--
Executable: 2, Read: 4, Write: 0 invoke: 256
Capability: 0x4085743e [rxR,0x4083f000-0x40879000] (sentry,capmode)
Is aligned: 0
Is sealed: 1
Tag: 1, Perms: 68117, Type: fffffffffffffffe, Address: 4085743e, Base: 4083f000, End: 40879000, Flag
s: 1, Length: 3a000, Offset: 1843e

--
Executable: 2, Read: 0, Write: 8 invoke: 0
Capability: 0x55555555 [wxW,0x55552000-0x55552a00] (invalid,sealed,capmode)
Is aligned: 0
Is sealed: 1
Tag: 0, Perms: 20aeb, Type: 2667f, Address: 55555555, Base: 55552000, End: 55552a00, Flags: 1, Lengt
h: 0a00, Offset: 3555

--
Executable: 2, Read: 4, Write: 0 invoke: 256
Capability: 0x40a90c30 [rxR,0x40918000-0x40f30000] (sentry,capmode)
Is aligned: 1
Is sealed: 1
Tag: 1, Perms: 68117, Type: fffffffffffffffe, Address: 40a90c30, Base: 40918000, End: 40f30000, Flag
s: 1, Length: 618000, Offset: 178c30

--
Executable: 2, Read: 4, Write: 0 invoke: 256
Capability: 0x6b3a6e [rxR,0x100000-0x832000] (sentry,capmode)
Is aligned: 0
Is sealed: 1
Tag: 1, Perms: 68117, Type: fffffffffffffffe, Address: 6b3a6e, Base: 100000, End: 832000, Flags: 1,
Length: 732000, Offset: 5b3a6e

--
Executable: 2, Read: 4, Write: 0 invoke: 256
Capability: 0x6243a2 [rxR,0x100000-0x832000] (invalid,sentry,capmode)
Is aligned: 0
Is sealed: 1
Tag: 0, Perms: 0117, Type: fffffffffffffffe, Address: 6243a2, Base: 100000, End: 832000, Flags: 1, L
ength: 732000, Offset: 5243a2

--
Executable: 2, Read: 4, Write: 0 invoke: 256
Capability: 0x11e06522c8b09f2 [rxR,0x11e06522c100000-0x11e06522c832000] (invalid,sentry,capmode)
Is aligned: 0
Is sealed: 1
Tag: 0, Perms: 68117, Type: fffffffffffffffe, Address: 11e06522c8b09f2, Base: 11e06522c100000, End:
11e06522c832000, Flags: 1, Length: 732000, Offset: 7b09f2

--
Executable: 2, Read: 4, Write: 0 invoke: 0
Capability: 0x362aa4 [rxR,0x100000-0x832000] (invalid,sentry,capmode)
Is aligned: 0
Is sealed: 1
Tag: 0, Perms: 0017, Type: fffffffffffffffe, Address: 362aa4, Base: 100000, End: 832000, Flags: 1, L
ength: 732000, Offset: 262aa4

--
Executable: 2, Read: 4, Write: 0 invoke: 256
Capability: 0x62396c [rxR,0x100000-0x832000] (sentry,capmode)
Is aligned: 0
Is sealed: 1
Tag: 1, Perms: 68117, Type: fffffffffffffffe, Address: 62396c, Base: 100000, End: 832000, Flags: 1,
Length: 732000, Offset: 52396c

--
Executable: 2, Read: 4, Write: 0 invoke: 256
Capability: 0x6154ee [rxR,0x100000-0x832000] (sentry,capmode)
Is aligned: 0
Is sealed: 1
Tag: 1, Perms: 68117, Type: fffffffffffffffe, Address: 6154ee, Base: 100000, End: 832000, Flags: 1,
Length: 732000, Offset: 5154ee

--
Executable: 2, Read: 4, Write: 0 invoke: 256
Capability: 0x658d56 [rxR,0x100000-0x832000] (sentry,capmode)
Is aligned: 0
Is sealed: 1
Tag: 1, Perms: 68117, Type: fffffffffffffffe, Address: 658d56, Base: 100000, End: 832000, Flags: 1,
Length: 732000, Offset: 558d56

--
Executable: 2, Read: 4, Write: 0 invoke: 256
Capability: 0x65626a [rxR,0x100000-0x832000] (sentry,capmode)
Is aligned: 0
Is sealed: 1
Tag: 1, Perms: 68117, Type: fffffffffffffffe, Address: 65626a, Base: 100000, End: 832000, Flags: 1,
Length: 732000, Offset: 55626a

--
Executable: 2, Read: 4, Write: 0 invoke: 256
Capability: 0x654bae [rxR,0x100000-0x832000] (sentry,capmode)
Is aligned: 0
Is sealed: 1
Tag: 1, Perms: 68117, Type: fffffffffffffffe, Address: 654bae, Base: 100000, End: 832000, Flags: 1,
Length: 732000, Offset: 554bae

--
Executable: 2, Read: 4, Write: 0 invoke: 256
Capability: 0x655aa0 [rxR,0x100000-0x832000] (sentry,capmode)
Is aligned: 1
Is sealed: 1
Tag: 1, Perms: 68117, Type: fffffffffffffffe, Address: 655aa0, Base: 100000, End: 832000, Flags: 1,
Length: 732000, Offset: 555aa0

--
Executable: 2, Read: 4, Write: 0 invoke: 256
Capability: 0x6dd74e [rxR,0x100000-0x832000] (sentry,capmode)
Is aligned: 0
Is sealed: 1
Tag: 1, Perms: 68117, Type: fffffffffffffffe, Address: 6dd74e, Base: 100000, End: 832000, Flags: 1,
Length: 732000, Offset: 5dd74e

--
Executable: 2, Read: 4, Write: 0 invoke: 256
Capability: 0x6edb38 [rxR,0x100000-0x832000] (sentry,capmode)
Is aligned: 0
Is sealed: 1
Tag: 1, Perms: 68117, Type: fffffffffffffffe, Address: 6edb38, Base: 100000, End: 832000, Flags: 1,
Length: 732000, Offset: 5edb38

--
Executable: 2, Read: 4, Write: 0 invoke: 256
Capability: 0x4081df7a [rxR,0x4080c000-0x40834600] (invalid,sentry,capmode)
Is aligned: 0
Is sealed: 1
Tag: 0, Perms: 0117, Type: fffffffffffffffe, Address: 4081df7a, Base: 4080c000, End: 40834600, Flags
: 1, Length: 28600, Offset: 11f7a

--
Executable: 2, Read: 4, Write: 0 invoke: 256
Capability: 0x3 [rxR,0x100000-0x832000] (invalid,sentry,capmode)
Is aligned: 0
Is sealed: 1
Tag: 0, Perms: 0117, Type: fffffffffffffffe, Address: 0003, Base: 100000, End: 832000, Flags: 1, Len
gth: 732000, Offset: fffffffffff00003

--
Executable: 2, Read: 4, Write: 0 invoke: 256
Capability: 0x6aa3e6 [rxR,0x100000-0x832000] (sentry,capmode)
Is aligned: 0
Is sealed: 1
Tag: 1, Perms: 68117, Type: fffffffffffffffe, Address: 6aa3e6, Base: 100000, End: 832000, Flags: 1,
Length: 732000, Offset: 5aa3e6

--
Executable: 2, Read: 4, Write: 0 invoke: 256
Capability: 0x6f2d56 [rxR,0x100000-0x832000] (sentry,capmode)
Is aligned: 0
Is sealed: 1
Tag: 1, Perms: 68117, Type: fffffffffffffffe, Address: 6f2d56, Base: 100000, End: 832000, Flags: 1,
Length: 732000, Offset: 5f2d56

--
Executable: 2, Read: 4, Write: 0 invoke: 256
Capability: 0x476b70 [rxR,0x100000-0x832000] (sentry,capmode)
Is aligned: 1
Is sealed: 1
Tag: 1, Perms: 68117, Type: fffffffffffffffe, Address: 476b70, Base: 100000, End: 832000, Flags: 1,
Length: 732000, Offset: 376b70

--
Executable: 2, Read: 4, Write: 0 invoke: 256
Capability: 0x6ca07e [rxR,0x100000-0x832000] (sentry,capmode)
Is aligned: 0
Is sealed: 1
Tag: 1, Perms: 68117, Type: fffffffffffffffe, Address: 6ca07e, Base: 100000, End: 832000, Flags: 1,
Length: 732000, Offset: 5ca07e

--
Executable: 2, Read: 4, Write: 0 invoke: 256
Capability: 0x6adde2 [rxR,0x100000-0x832000] (sentry,capmode)
Is aligned: 0
Is sealed: 1
Tag: 1, Perms: 68117, Type: fffffffffffffffe, Address: 6adde2, Base: 100000, End: 832000, Flags: 1,
Length: 732000, Offset: 5adde2

--
Executable: 2, Read: 4, Write: 0 invoke: 256
Capability: 0x34ef8c [rxR,0x100000-0x832000] (sentry,capmode)
Is aligned: 0
Is sealed: 1
Tag: 1, Perms: 68117, Type: fffffffffffffffe, Address: 34ef8c, Base: 100000, End: 832000, Flags: 1,
Length: 732000, Offset: 24ef8c

--
Executable: 2, Read: 4, Write: 0 invoke: 256
Capability: 0x6add36 [rxR,0x100000-0x832000] (sentry,capmode)
Is aligned: 0
Is sealed: 1
Tag: 1, Perms: 68117, Type: fffffffffffffffe, Address: 6add36, Base: 100000, End: 832000, Flags: 1,
Length: 732000, Offset: 5add36

--
Executable: 2, Read: 4, Write: 0 invoke: 256
Capability: 0x6c7c48 [rxR,0x100000-0x832000] (sentry,capmode)
Is aligned: 0
Is sealed: 1
Tag: 1, Perms: 68117, Type: fffffffffffffffe, Address: 6c7c48, Base: 100000, End: 832000, Flags: 1,
Length: 732000, Offset: 5c7c48

Executable: 2, Read: 4, Write: 0 invoke: 256
Capability: 0x6ca300 [rxR,0x100000-0x832000] (sentry,capmode)
Is aligned: 1
Is sealed: 1
Tag: 1, Perms: 68117, Type: fffffffffffffffe, Address: 6ca300, Base: 100000, End: 832000, Flags: 1,
Length: 732000, Offset: 5ca300

--
Executable: 2, Read: 4, Write: 0 invoke: 256
Capability: 0x6ca1fa [rxR,0x100000-0x832000] (sentry,capmode)
Is aligned: 0
Is sealed: 1
Tag: 1, Perms: 68117, Type: fffffffffffffffe, Address: 6ca1fa, Base: 100000, End: 832000, Flags: 1,
Length: 732000, Offset: 5ca1fa

Executable: 2, Read: 4, Write: 0 invoke: 256
Capability: 0x45085c [rxR,0x100000-0x832000] (sentry,capmode)
Is aligned: 0
Is sealed: 1
Tag: 1, Perms: 68117, Type: fffffffffffffffe, Address: 45085c, Base: 100000, End: 832000, Flags: 1,
Length: 732000, Offset: 35085c

--
Executable: 2, Read: 4, Write: 0 invoke: 256
Capability: 0x34ef8c [rxR,0x100000-0x832000] (sentry,capmode)
Is aligned: 0
Is sealed: 1
Tag: 1, Perms: 68117, Type: fffffffffffffffe, Address: 34ef8c, Base: 100000, End: 832000, Flags: 1,
Length: 732000, Offset: 24ef8c

--
Executable: 2, Read: 4, Write: 0 invoke: 256
Capability: 0x45080a [rxR,0x100000-0x832000] (sentry,capmode)
Is aligned: 0
Is sealed: 1
Tag: 1, Perms: 68117, Type: fffffffffffffffe, Address: 45080a, Base: 100000, End: 832000, Flags: 1,
Length: 732000, Offset: 35080a

--
Executable: 2, Read: 4, Write: 0 invoke: 256
Capability: 0x44fc40 [rxR,0x100000-0x832000] (sentry,capmode)
Is aligned: 1
Is sealed: 1
Tag: 1, Perms: 68117, Type: fffffffffffffffe, Address: 44fc40, Base: 100000, End: 832000, Flags: 1,
Length: 732000, Offset: 34fc40

--
Executable: 2, Read: 4, Write: 0 invoke: 256
Capability: 0x450748 [rxR,0x100000-0x832000] (sentry,capmode)
Is aligned: 0
Is sealed: 1
Tag: 1, Perms: 68117, Type: fffffffffffffffe, Address: 450748, Base: 100000, End: 832000, Flags: 1,
Length: 732000, Offset: 350748

--
Executable: 2, Read: 4, Write: 0 invoke: 256
Capability: 0x34f04e [rxR,0x100000-0x832000] (sentry,capmode)
Is aligned: 0
Is sealed: 1
Tag: 1, Perms: 68117, Type: fffffffffffffffe, Address: 34f04e, Base: 100000, End: 832000, Flags: 1,
Length: 732000, Offset: 24f04e

Executable: 2, Read: 4, Write: 0 invoke: 256
Capability: 0x5f97d8 [rxR,0x100000-0x832000] (sentry,capmode)
Is aligned: 0
Is sealed: 1
Tag: 1, Perms: 68117, Type: fffffffffffffffe, Address: 5f97d8, Base: 100000, End: 832000, Flags: 1,
Length: 732000, Offset: 4f97d8

--
Executable: 2, Read: 4, Write: 0 invoke: 256
Capability: 0x34f004 [rxR,0x100000-0x832000] (sentry,capmode)
Is aligned: 0
Is sealed: 1
Tag: 1, Perms: 68117, Type: fffffffffffffffe, Address: 34f004, Base: 100000, End: 832000, Flags: 1,
Length: 732000, Offset: 24f004

--
Executable: 2, Read: 4, Write: 0 invoke: 256
Capability: 0x409c3bee [rxR,0x40918000-0x40f30000] (sentry,capmode)
Is aligned: 0
Is sealed: 1
Tag: 1, Perms: 68117, Type: fffffffffffffffe, Address: 409c3bee, Base: 40918000, End: 40f30000, Flag
s: 1, Length: 618000, Offset: abbee

--
Executable: 2, Read: 4, Write: 0 invoke: 256
Capability: 0x34ef58 [rxR,0x100000-0x832000] (sentry,capmode)
Is aligned: 0
Is sealed: 1
Tag: 1, Perms: 68117, Type: fffffffffffffffe, Address: 34ef58, Base: 100000, End: 832000, Flags: 1,
Length: 732000, Offset: 24ef58

Executable: 2, Read: 4, Write: 0 invoke: 256
Capability: 0x4081756c [rxR,0x4080c000-0x40834600] (sentry,capmode)
Is aligned: 0
Is sealed: 1
Tag: 1, Perms: 68117, Type: fffffffffffffffe, Address: 4081756c, Base: 4080c000, End: 40834600, Flag
s: 1, Length: 28600, Offset: b56c

--
Executable: 2, Read: 4, Write: 0 invoke: 256
Capability: 0x34ef8c [rxR,0x100000-0x832000] (sentry,capmode)
Is aligned: 0
Is sealed: 1
Tag: 1, Perms: 68117, Type: fffffffffffffffe, Address: 34ef8c, Base: 100000, End: 832000, Flags: 1,
Length: 732000, Offset: 24ef8c

--
Executable: 2, Read: 4, Write: 0 invoke: 256
Capability: 0x46b564 [rxR,0x100000-0x832000] (sentry,capmode)
Is aligned: 0
Is sealed: 1
Tag: 1, Perms: 68117, Type: fffffffffffffffe, Address: 46b564, Base: 100000, End: 832000, Flags: 1,
Length: 732000, Offset: 36b564

--
Executable: 2, Read: 4, Write: 0 invoke: 256
Capability: 0x46b922 [rxR,0x100000-0x832000] (sentry,capmode)
Is aligned: 0
Is sealed: 1
Tag: 1, Perms: 68117, Type: fffffffffffffffe, Address: 46b922, Base: 100000, End: 832000, Flags: 1,
Length: 732000, Offset: 36b922

--
Executable: 2, Read: 4, Write: 0 invoke: 256
Capability: 0x4784f4 [rxR,0x100000-0x832000] (sentry,capmode)
Is aligned: 0
Is sealed: 1
Tag: 1, Perms: 68117, Type: fffffffffffffffe, Address: 4784f4, Base: 100000, End: 832000, Flags: 1,
Length: 732000, Offset: 3784f4

--
Executable: 2, Read: 4, Write: 0 invoke: 256
Capability: 0x47f658 [rxR,0x100000-0x832000] (sentry,capmode)
Is aligned: 0
Is sealed: 1
Tag: 1, Perms: 68117, Type: fffffffffffffffe, Address: 47f658, Base: 100000, End: 832000, Flags: 1,
Length: 732000, Offset: 37f658

--
Executable: 2, Read: 4, Write: 0 invoke: 256
Capability: 0x477ba4 [rxR,0x100000-0x832000] (sentry,capmode)
Is aligned: 0
Is sealed: 1
Tag: 1, Perms: 68117, Type: fffffffffffffffe, Address: 477ba4, Base: 100000, End: 832000, Flags: 1,
Length: 732000, Offset: 377ba4

--
Executable: 2, Read: 4, Write: 0 invoke: 256
Capability: 0x47f21c [rxR,0x100000-0x832000] (sentry,capmode)
Is aligned: 0
Is sealed: 1
Tag: 1, Perms: 68117, Type: fffffffffffffffe, Address: 47f21c, Base: 100000, End: 832000, Flags: 1,
Length: 732000, Offset: 37f21c

--
Executable: 2, Read: 4, Write: 0 invoke: 256
Capability: 0x47e68c [rxR,0x100000-0x832000] (sentry,capmode)
Is aligned: 0
Is sealed: 1
Tag: 1, Perms: 68117, Type: fffffffffffffffe, Address: 47e68c, Base: 100000, End: 832000, Flags: 1,
Length: 732000, Offset: 37e68c

Executable: 2, Read: 4, Write: 0 invoke: 256
Capability: 0x4773fc [rxR,0x100000-0x832000] (sentry,capmode)
Is aligned: 0
Is sealed: 1
Tag: 1, Perms: 68117, Type: fffffffffffffffe, Address: 4773fc, Base: 100000, End: 832000, Flags: 1,
Length: 732000, Offset: 3773fc

--
Executable: 2, Read: 4, Write: 0 invoke: 256
Capability: 0x47e096 [rxR,0x100000-0x832000] (sentry,capmode)
Is aligned: 0
Is sealed: 1
Tag: 1, Perms: 68117, Type: fffffffffffffffe, Address: 47e096, Base: 100000, End: 832000, Flags: 1,
Length: 732000, Offset: 37e096

Executable: 2, Read: 4, Write: 0 invoke: 256
Capability: 0x47743a [rxR,0x100000-0x832000] (sentry,capmode)
Is aligned: 0
Is sealed: 1
Tag: 1, Perms: 68117, Type: fffffffffffffffe, Address: 47743a, Base: 100000, End: 832000, Flags: 1,
Length: 732000, Offset: 37743a

Executable: 2, Read: 4, Write: 0 invoke: 256
Capability: 0x465e98 [rxR,0x100000-0x832000] (sentry,capmode)
Is aligned: 0
Is sealed: 1
Tag: 1, Perms: 68117, Type: fffffffffffffffe, Address: 465e98, Base: 100000, End: 832000, Flags: 1,
Length: 732000, Offset: 365e98

Executable: 2, Read: 4, Write: 0 invoke: 256
Capability: 0x4772bc [rxR,0x100000-0x832000] (sentry,capmode)
Is aligned: 0
Is sealed: 1
Tag: 1, Perms: 68117, Type: fffffffffffffffe, Address: 4772bc, Base: 100000, End: 832000, Flags: 1,
Length: 732000, Offset: 3772bc

--
Executable: 2, Read: 4, Write: 0 invoke: 256
Capability: 0x476c6e [rxR,0x100000-0x832000] (sentry,capmode)
Is aligned: 0
Is sealed: 1
Tag: 1, Perms: 68117, Type: fffffffffffffffe, Address: 476c6e, Base: 100000, End: 832000, Flags: 1,
Length: 732000, Offset: 376c6e

--
Executable: 2, Read: 4, Write: 0 invoke: 256
Capability: 0x476ace [rxR,0x100000-0x832000] (sentry,capmode)
Is aligned: 0
Is sealed: 1
Tag: 1, Perms: 68117, Type: fffffffffffffffe, Address: 476ace, Base: 100000, End: 832000, Flags: 1,
Length: 732000, Offset: 376ace

--
Executable: 2, Read: 4, Write: 0 invoke: 256
Capability: 0x4783f6 [rxR,0x100000-0x832000] (sentry,capmode)
Is aligned: 0
Is sealed: 1
Tag: 1, Perms: 68117, Type: fffffffffffffffe, Address: 4783f6, Base: 100000, End: 832000, Flags: 1,
Length: 732000, Offset: 3783f6

Executable: 2, Read: 4, Write: 0 invoke: 256
Capability: 0x4783b2 [rxR,0x100000-0x832000] (invalid,sentry,capmode)
Is aligned: 0
Is sealed: 1
Tag: 0, Perms: 0117, Type: fffffffffffffffe, Address: 4783b2, Base: 100000, End: 832000, Flags: 1, L
ength: 732000, Offset: 3783b2

--
Executable: 2, Read: 4, Write: 0 invoke: 256
Capability: 0x46742c [rxR,0x100000-0x832000] (sentry,capmode)
Is aligned: 0
Is sealed: 1
Tag: 1, Perms: 68117, Type: fffffffffffffffe, Address: 46742c, Base: 100000, End: 832000, Flags: 1,
Length: 732000, Offset: 36742c

--
Executable: 2, Read: 4, Write: 0 invoke: 256
Capability: 0x46c93c [rxR,0x100000-0x832000] (sentry,capmode)
Is aligned: 0
Is sealed: 1
Tag: 1, Perms: 68117, Type: fffffffffffffffe, Address: 46c93c, Base: 100000, End: 832000, Flags: 1,
Length: 732000, Offset: 36c93c

Executable: 2, Read: 4, Write: 0 invoke: 256
Capability: 0x50 [rxR,0x100000-0x832000] (invalid,sentry,capmode)
Is aligned: 1
Is sealed: 1
Tag: 0, Perms: 0117, Type: fffffffffffffffe, Address: 0050, Base: 100000, End: 832000, Flags: 1, Len
gth: 732000, Offset: fffffffffff00050

--
Executable: 2, Read: 4, Write: 0 invoke: 256
Capability: 0x467544 [rxR,0x100000-0x832000] (sentry,capmode)
Is aligned: 0
Is sealed: 1
Tag: 1, Perms: 68117, Type: fffffffffffffffe, Address: 467544, Base: 100000, End: 832000, Flags: 1,
Length: 732000, Offset: 367544

--
Executable: 2, Read: 4, Write: 0 invoke: 256
Capability: 0x362f7a [rxR,0x100000-0x832000] (sentry,capmode)
Is aligned: 0
Is sealed: 1
Tag: 1, Perms: 68117, Type: fffffffffffffffe, Address: 362f7a, Base: 100000, End: 832000, Flags: 1,
Length: 732000, Offset: 262f7a

--
Executable: 2, Read: 4, Write: 0 invoke: 256
Capability: 0x35396a [rxR,0x100000-0x832000] (sentry,capmode)
Is aligned: 0
Is sealed: 1
Tag: 1, Perms: 68117, Type: fffffffffffffffe, Address: 35396a, Base: 100000, End: 832000, Flags: 1,
Length: 732000, Offset: 25396a

Executable: 2, Read: 4, Write: 0 invoke: 256
Capability: 0x362b08 [rxR,0x100000-0x832000] (sentry,capmode)
Is aligned: 0
Is sealed: 1
Tag: 1, Perms: 68117, Type: fffffffffffffffe, Address: 362b08, Base: 100000, End: 832000, Flags: 1,
Length: 732000, Offset: 262b08

--
Executable: 2, Read: 4, Write: 0 invoke: 256
Capability: 0x354ddc [rxR,0x100000-0x832000] (sentry,capmode)
Is aligned: 0
Is sealed: 1
Tag: 1, Perms: 68117, Type: fffffffffffffffe, Address: 354ddc, Base: 100000, End: 832000, Flags: 1,
Length: 732000, Offset: 254ddc

Executable: 2, Read: 4, Write: 0 invoke: 256
Capability: 0x6b170c [rxR,0x100000-0x832000] (sentry,capmode)
Is aligned: 0
Is sealed: 1
Tag: 1, Perms: 68117, Type: fffffffffffffffe, Address: 6b170c, Base: 100000, End: 832000, Flags: 1,
Length: 732000, Offset: 5b170c

Executable: 2, Read: 4, Write: 0 invoke: 256
Capability: 0x6b5932 [rxR,0x100000-0x832000] (sentry,capmode)
Is aligned: 0
Is sealed: 1
Tag: 1, Perms: 68117, Type: fffffffffffffffe, Address: 6b5932, Base: 100000, End: 832000, Flags: 1,
Length: 732000, Offset: 5b5932

--
Executable: 2, Read: 4, Write: 0 invoke: 256
Capability: 0x47841e [rxR,0x100000-0x832000] (sentry,capmode)
Is aligned: 0
Is sealed: 1
Tag: 1, Perms: 68117, Type: fffffffffffffffe, Address: 47841e, Base: 100000, End: 832000, Flags: 1,
Length: 732000, Offset: 37841e

--
Executable: 2, Read: 4, Write: 0 invoke: 256
Capability: 0x4783f6 [rxR,0x100000-0x832000] (sentry,capmode)
Is aligned: 0
Is sealed: 1
Tag: 1, Perms: 68117, Type: fffffffffffffffe, Address: 4783f6, Base: 100000, End: 832000, Flags: 1,
Length: 732000, Offset: 3783f6

--
Executable: 2, Read: 4, Write: 0 invoke: 256
Capability: 0x4085ac86 [rxR,0x4083f000-0x40879000] (sentry,capmode)
Is aligned: 0
Is sealed: 1
Tag: 1, Perms: 68117, Type: fffffffffffffffe, Address: 4085ac86, Base: 4083f000, End: 40879000, Flag
s: 1, Length: 3a000, Offset: 1bc86

--
Executable: 2, Read: 4, Write: 0 invoke: 256
Capability: 0x4085743e [rxR,0x4083f000-0x40879000] (sentry,capmode)
Is aligned: 0
Is sealed: 1
Tag: 1, Perms: 68117, Type: fffffffffffffffe, Address: 4085743e, Base: 4083f000, End: 40879000, Flag
s: 1, Length: 3a000, Offset: 1843e

Executable: 2, Read: 4, Write: 0 invoke: 256
Capability: 0x40856998 [rxR,0x4083f000-0x40879000] (sentry,capmode)
Is aligned: 0
Is sealed: 1
Tag: 1, Perms: 68117, Type: fffffffffffffffe, Address: 40856998, Base: 4083f000, End: 40879000, Flag
s: 1, Length: 3a000, Offset: 17998

--
Executable: 2, Read: 4, Write: 0 invoke: 256
Capability: 0x4085743e [rxR,0x4083f000-0x40879000] (sentry,capmode)
Is aligned: 0
Is sealed: 1
Tag: 1, Perms: 68117, Type: fffffffffffffffe, Address: 4085743e, Base: 4083f000, End: 40879000, Flag
s: 1, Length: 3a000, Offset: 1843e

--
Executable: 2, Read: 4, Write: 0 invoke: 256
Capability: 0x6aa3e6 [rxR,0x100000-0x832000] (sentry,capmode)
Is aligned: 0
Is sealed: 1
Tag: 1, Perms: 68117, Type: fffffffffffffffe, Address: 6aa3e6, Base: 100000, End: 832000, Flags: 1,
Length: 732000, Offset: 5aa3e6

--
Executable: 2, Read: 4, Write: 0 invoke: 256
Capability: 0x6aa3e6 [rxR,0x100000-0x832000] (sentry,capmode)
Is aligned: 0
Is sealed: 1
Tag: 1, Perms: 68117, Type: fffffffffffffffe, Address: 6aa3e6, Base: 100000, End: 832000, Flags: 1,
Length: 732000, Offset: 5aa3e6

--
Executable: 2, Read: 4, Write: 0 invoke: 256
Capability: 0x6cecf4 [rxR,0x100000-0x832000] (sentry,capmode)
Is aligned: 0
Is sealed: 1
Tag: 1, Perms: 68117, Type: fffffffffffffffe, Address: 6cecf4, Base: 100000, End: 832000, Flags: 1,
Length: 732000, Offset: 5cecf4

Executable: 2, Read: 4, Write: 0 invoke: 256
Capability: 0x4085743e [rxR,0x4083f000-0x40879000] (sentry,capmode)
Is aligned: 0
Is sealed: 1
Tag: 1, Perms: 68117, Type: fffffffffffffffe, Address: 4085743e, Base: 4083f000, End: 40879000, Flag
s: 1, Length: 3a000, Offset: 1843e

Executable: 2, Read: 4, Write: 0 invoke: 256
Capability: 0x6dd74e [rxR,0x100000-0x832000] (sentry,capmode)
Is aligned: 0
Is sealed: 1
Tag: 1, Perms: 68117, Type: fffffffffffffffe, Address: 6dd74e, Base: 100000, End: 832000, Flags: 1,
Length: 732000, Offset: 5dd74e

--
Executable: 2, Read: 4, Write: 0 invoke: 256
Capability: 0x40856998 [rxR,0x4083f000-0x40879000] (sentry,capmode)
Is aligned: 0
Is sealed: 1
Tag: 1, Perms: 68117, Type: fffffffffffffffe, Address: 40856998, Base: 4083f000, End: 40879000, Flag
s: 1, Length: 3a000, Offset: 17998

--
Executable: 2, Read: 4, Write: 0 invoke: 256
Capability: 0x4085743e [rxR,0x4083f000-0x40879000] (sentry,capmode)
Is aligned: 0
Is sealed: 1
Tag: 1, Perms: 68117, Type: fffffffffffffffe, Address: 4085743e, Base: 4083f000, End: 40879000, Flag
s: 1, Length: 3a000, Offset: 1843e

--
Executable: 2, Read: 4, Write: 0 invoke: 256
Capability: 0x4085743e [rxR,0x4083f000-0x40879000] (sentry,capmode)
Is aligned: 0
Is sealed: 1
Tag: 1, Perms: 68117, Type: fffffffffffffffe, Address: 4085743e, Base: 4083f000, End: 40879000, Flag
s: 1, Length: 3a000, Offset: 1843e

--
Executable: 2, Read: 4, Write: 0 invoke: 256
Capability: 0x40aae45a [rxR,0x40918000-0x40f30000] (sentry,capmode)
Is aligned: 0
Is sealed: 1
Tag: 1, Perms: 68117, Type: fffffffffffffffe, Address: 40aae45a, Base: 40918000, End: 40f30000, Flag
s: 1, Length: 618000, Offset: 19645a

--
Executable: 2, Read: 4, Write: 0 invoke: 256
Capability: 0x6edb38 [rxR,0x100000-0x832000] (sentry,capmode)
Is aligned: 0
Is sealed: 1
Tag: 1, Perms: 68117, Type: fffffffffffffffe, Address: 6edb38, Base: 100000, End: 832000, Flags: 1,
Length: 732000, Offset: 5edb38

--
Executable: 2, Read: 4, Write: 0 invoke: 256
Capability: 0x6b166a [rxR,0x100000-0x832000] (sentry,capmode)
Is aligned: 0
Is sealed: 1
Tag: 1, Perms: 68117, Type: fffffffffffffffe, Address: 6b166a, Base: 100000, End: 832000, Flags: 1,
Length: 732000, Offset: 5b166a

--
Executable: 2, Read: 4, Write: 0 invoke: 256
Capability: 0x40a32e08 [rxR,0x40918000-0x40f30000] (sentry,capmode)
Is aligned: 0
Is sealed: 1
Tag: 1, Perms: 68117, Type: fffffffffffffffe, Address: 40a32e08, Base: 40918000, End: 40f30000, Flag
s: 1, Length: 618000, Offset: 11ae08

Executable: 2, Read: 4, Write: 0 invoke: 256
Capability: 0x40a39188 [rxR,0x40918000-0x40f30000] (sentry,capmode)
Is aligned: 0
Is sealed: 1
Tag: 1, Perms: 68117, Type: fffffffffffffffe, Address: 40a39188, Base: 40918000, End: 40f30000, Flag
s: 1, Length: 618000, Offset: 121188

--
Executable: 2, Read: 4, Write: 0 invoke: 256
Capability: 0x40a32e08 [rxR,0x40918000-0x40f30000] (sentry,capmode)
Is aligned: 0
Is sealed: 1
Tag: 1, Perms: 68117, Type: fffffffffffffffe, Address: 40a32e08, Base: 40918000, End: 40f30000, Flag
s: 1, Length: 618000, Offset: 11ae08

--
Executable: 2, Read: 4, Write: 0 invoke: 256
Capability: 0x40a359d2 [rxR,0x40918000-0x40f30000] (sentry,capmode)
Is aligned: 0
Is sealed: 1
Tag: 1, Perms: 68117, Type: fffffffffffffffe, Address: 40a359d2, Base: 40918000, End: 40f30000, Flag
s: 1, Length: 618000, Offset: 11d9d2

--
Executable: 2, Read: 4, Write: 0 invoke: 256
Capability: 0x40a3c1d4 [rxR,0x40918000-0x40f30000] (sentry,capmode)
Is aligned: 0
Is sealed: 1
Tag: 1, Perms: 68117, Type: fffffffffffffffe, Address: 40a3c1d4, Base: 40918000, End: 40f30000, Flag
s: 1, Length: 618000, Offset: 1241d4

--
Executable: 2, Read: 4, Write: 0 invoke: 256
Capability: 0x1 [rxR,0xfffffffffffbf000-0xffffffffffff9000] (invalid,sentry,capmode)
Is aligned: 0
Is sealed: 1
Tag: 0, Perms: 68117, Type: fffffffffffffffe, Address: 0001, Base: fffffffffffbf000, End: ffffffffff
ff9000, Flags: 1, Length: 3a000, Offset: 41001

Executable: 2, Read: 4, Write: 8 invoke: 256
Capability: 0xa [rwxRW,0xfffffffffffffffb-0xff9] (invalid,sealed,capmode)
Is aligned: 0
Is sealed: 1
Tag: 0, Perms: 78fff, Type: 0, Address: 000a, Base: fffffffffffffffb, End: 0ff9, Flags: 1, Length: 0
ffe, Offset: 000f

--
Executable: 2, Read: 4, Write: 0 invoke: 256
Capability: 0x4085743e [rxR,0x4083f000-0x40879000] (sentry,capmode)
Is aligned: 0
Is sealed: 1
Tag: 1, Perms: 68117, Type: fffffffffffffffe, Address: 4085743e, Base: 4083f000, End: 40879000, Flag
s: 1, Length: 3a000, Offset: 1843e

--
Executable: 2, Read: 4, Write: 0 invoke: 256
Capability: 0x40aac28a [rxR,0x40918000-0x40f30000] (sentry,capmode)
Is aligned: 0
Is sealed: 1
Tag: 1, Perms: 68117, Type: fffffffffffffffe, Address: 40aac28a, Base: 40918000, End: 40f30000, Flag
s: 1, Length: 618000, Offset: 19428a

--
Executable: 2, Read: 4, Write: 0 invoke: 256
Capability: 0x6666666666666666 [rxRW,0x3030000000000000-0x48e0000000000000] (invalid,sealed,capmode)
Is aligned: 0
Is sealed: 1
Tag: 0, Perms: 30336, Type: 153b9, Address: 6666666666666666, Base: 3030000000000000, End: 48e000000
0000000, Flags: 1, Length: 18b0000000000000, Offset: 3636666666666666

--
Executable: 2, Read: 4, Write: 0 invoke: 0
Capability: 0x6666666666666666 [rxW,0x6666666666666662-0x666666666666699f] (invalid,sealed,capmode)
Is aligned: 0
Is sealed: 1
Tag: 0, Perms: 18066, Type: 33333, Address: 6666666666666666, Base: 6666666666666662, End: 666666666
666699f, Flags: 1, Length: 033d, Offset: 0004

--
Executable: 2, Read: 4, Write: 0 invoke: 256
Capability: 0x1 [rxR,0x100000-0x832000] (invalid,sentry,capmode)
Is aligned: 0
Is sealed: 1
Tag: 0, Perms: 68117, Type: fffffffffffffffe, Address: 0001, Base: 100000, End: 832000, Flags: 1, Le
ngth: 732000, Offset: fffffffffff00001

Executable: 2, Read: 4, Write: 0 invoke: 256
Capability: 0x65eb7a [rxR,0x100000-0x832000] (sentry,capmode)
Is aligned: 0
Is sealed: 1
Tag: 1, Perms: 68117, Type: fffffffffffffffe, Address: 65eb7a, Base: 100000, End: 832000, Flags: 1,
Length: 732000, Offset: 55eb7a

--
Executable: 2, Read: 4, Write: 0 invoke: 256
Capability: 0x34ef8c [rxR,0x100000-0x832000] (sentry,capmode)
Is aligned: 0
Is sealed: 1
Tag: 1, Perms: 68117, Type: fffffffffffffffe, Address: 34ef8c, Base: 100000, End: 832000, Flags: 1,
Length: 732000, Offset: 24ef8c

--
Executable: 2, Read: 4, Write: 0 invoke: 256
Capability: 0x65e940 [rxR,0x100000-0x832000] (sentry,capmode)
Is aligned: 1
Is sealed: 1
Tag: 1, Perms: 68117, Type: fffffffffffffffe, Address: 65e940, Base: 100000, End: 832000, Flags: 1,
Length: 732000, Offset: 55e940

--
Executable: 2, Read: 4, Write: 0 invoke: 256
Capability: 0x4085743e [rxR,0x4083f000-0x40879000] (sentry,capmode)
Is aligned: 0
Is sealed: 1
Tag: 1, Perms: 68117, Type: fffffffffffffffe, Address: 4085743e, Base: 4083f000, End: 40879000, Flag
s: 1, Length: 3a000, Offset: 1843e

--
Executable: 2, Read: 4, Write: 0 invoke: 256
Capability: 0x40856998 [rxR,0x4083f000-0x40879000] (sentry,capmode)
Is aligned: 0
Is sealed: 1
Tag: 1, Perms: 68117, Type: fffffffffffffffe, Address: 40856998, Base: 4083f000, End: 40879000, Flag
s: 1, Length: 3a000, Offset: 17998

--
Executable: 2, Read: 4, Write: 0 invoke: 256
Capability: 0x4085743e [rxR,0x4083f000-0x40879000] (sentry,capmode)
Is aligned: 0
Is sealed: 1
Tag: 1, Perms: 68117, Type: fffffffffffffffe, Address: 4085743e, Base: 4083f000, End: 40879000, Flag
s: 1, Length: 3a000, Offset: 1843e

--
Executable: 2, Read: 4, Write: 0 invoke: 256
Capability: 0x34ef8c [rxR,0x100000-0x832000] (sentry,capmode)
Is aligned: 0
Is sealed: 1
Tag: 1, Perms: 68117, Type: fffffffffffffffe, Address: 34ef8c, Base: 100000, End: 832000, Flags: 1,
Length: 732000, Offset: 24ef8c

Executable: 2, Read: 4, Write: 0 invoke: 256
Capability: 0x659602 [rxR,0x100000-0x832000] (sentry,capmode)
Is aligned: 0
Is sealed: 1
Tag: 1, Perms: 68117, Type: fffffffffffffffe, Address: 659602, Base: 100000, End: 832000, Flags: 1,
Length: 732000, Offset: 559602

--
Executable: 2, Read: 4, Write: 0 invoke: 256
Capability: 0x65a830 [rxR,0x100000-0x832000] (sentry,capmode)
Is aligned: 1
Is sealed: 1
Tag: 1, Perms: 68117, Type: fffffffffffffffe, Address: 65a830, Base: 100000, End: 832000, Flags: 1,
Length: 732000, Offset: 55a830

--
Executable: 2, Read: 4, Write: 0 invoke: 256
Capability: 0x65af76 [rxR,0x100000-0x832000] (sentry,capmode)
Is aligned: 0
Is sealed: 1
Tag: 1, Perms: 68117, Type: fffffffffffffffe, Address: 65af76, Base: 100000, End: 832000, Flags: 1,
Length: 732000, Offset: 55af76

Executable: 2, Read: 4, Write: 0 invoke: 256
Capability: 0x58a716 [rxR,0x100000-0x832000] (sentry,capmode)
Is aligned: 0
Is sealed: 1
Tag: 1, Perms: 68117, Type: fffffffffffffffe, Address: 58a716, Base: 100000, End: 832000, Flags: 1,
Length: 732000, Offset: 48a716

--
Executable: 2, Read: 4, Write: 0 invoke: 256
Capability: 0x6aa3e6 [rxR,0x100000-0x832000] (sentry,capmode)
Is aligned: 0
Is sealed: 1
Tag: 1, Perms: 68117, Type: fffffffffffffffe, Address: 6aa3e6, Base: 100000, End: 832000, Flags: 1,
Length: 732000, Offset: 5aa3e6

--
Executable: 2, Read: 4, Write: 0 invoke: 256
Capability: 0x6cecf4 [rxR,0x100000-0x832000] (sentry,capmode)
Is aligned: 0
Is sealed: 1
Tag: 1, Perms: 68117, Type: fffffffffffffffe, Address: 6cecf4, Base: 100000, End: 832000, Flags: 1,
Length: 732000, Offset: 5cecf4

Executable: 2, Read: 4, Write: 0 invoke: 256
Capability: 0x6dd74e [rxR,0x100000-0x832000] (sentry,capmode)
Is aligned: 0
Is sealed: 1
Tag: 1, Perms: 68117, Type: fffffffffffffffe, Address: 6dd74e, Base: 100000, End: 832000, Flags: 1,
Length: 732000, Offset: 5dd74e

Executable: 2, Read: 4, Write: 0 invoke: 256
Capability: 0x6c680c [rxR,0x100000-0x832000] (sentry,capmode)
Is aligned: 0
Is sealed: 1
Tag: 1, Perms: 68117, Type: fffffffffffffffe, Address: 6c680c, Base: 100000, End: 832000, Flags: 1,
Length: 732000, Offset: 5c680c

Executable: 2, Read: 4, Write: 0 invoke: 256
Capability: 0x6ee6c2 [rxR,0x100000-0x832000] (sentry,capmode)
Is aligned: 0
Is sealed: 1
Tag: 1, Perms: 68117, Type: fffffffffffffffe, Address: 6ee6c2, Base: 100000, End: 832000, Flags: 1,
Length: 732000, Offset: 5ee6c2

--
Executable: 2, Read: 4, Write: 0 invoke: 256
Capability: 0x6cecf4 [rxR,0x100000-0x832000] (sentry,capmode)
Is aligned: 0
Is sealed: 1
Tag: 1, Perms: 68117, Type: fffffffffffffffe, Address: 6cecf4, Base: 100000, End: 832000, Flags: 1,
Length: 732000, Offset: 5cecf4

Executable: 2, Read: 4, Write: 0 invoke: 256
Capability: 0x6edb38 [rxR,0x100000-0x832000] (sentry,capmode)
Is aligned: 0
Is sealed: 1
Tag: 1, Perms: 68117, Type: fffffffffffffffe, Address: 6edb38, Base: 100000, End: 832000, Flags: 1,
Length: 732000, Offset: 5edb38

--
Executable: 2, Read: 4, Write: 0 invoke: 256
Capability: 0x6dd74e [rxR,0x100000-0x832000] (sentry,capmode)
Is aligned: 0
Is sealed: 1
Tag: 1, Perms: 68117, Type: fffffffffffffffe, Address: 6dd74e, Base: 100000, End: 832000, Flags: 1,
Length: 732000, Offset: 5dd74e

Executable: 2, Read: 4, Write: 0 invoke: 256
Capability: 0x6c46da [rxR,0x100000-0x832000] (sentry,capmode)
Is aligned: 0
Is sealed: 1
Tag: 1, Perms: 68117, Type: fffffffffffffffe, Address: 6c46da, Base: 100000, End: 832000, Flags: 1,
Length: 732000, Offset: 5c46da

--
Executable: 2, Read: 4, Write: 0 invoke: 256
Capability: 0x4b1a4c [rxR,0x100000-0x832000] (sentry,capmode)
Is aligned: 0
Is sealed: 1
Tag: 1, Perms: 68117, Type: fffffffffffffffe, Address: 4b1a4c, Base: 100000, End: 832000, Flags: 1,
Length: 732000, Offset: 3b1a4c

Executable: 2, Read: 4, Write: 0 invoke: 256
Capability: 0x49af48 [rxR,0x100000-0x832000] (sentry,capmode)
Is aligned: 0
Is sealed: 1
Tag: 1, Perms: 68117, Type: fffffffffffffffe, Address: 49af48, Base: 100000, End: 832000, Flags: 1,
Length: 732000, Offset: 39af48

--
Executable: 2, Read: 4, Write: 0 invoke: 256
Capability: 0x4b1a4c [rxR,0x100000-0x832000] (sentry,capmode)
Is aligned: 0
Is sealed: 1
Tag: 1, Perms: 68117, Type: fffffffffffffffe, Address: 4b1a4c, Base: 100000, End: 832000, Flags: 1,
Length: 732000, Offset: 3b1a4c

Executable: 2, Read: 4, Write: 0 invoke: 256
Capability: 0x4b1448 [rxR,0x100000-0x832000] (sentry,capmode)
Is aligned: 0
Is sealed: 1
Tag: 1, Perms: 68117, Type: fffffffffffffffe, Address: 4b1448, Base: 100000, End: 832000, Flags: 1,
Length: 732000, Offset: 3b1448

Executable: 2, Read: 4, Write: 0 invoke: 256
Capability: 0x6add36 [rxR,0x100000-0x832000] (sentry,capmode)
Is aligned: 0
Is sealed: 1
Tag: 1, Perms: 68117, Type: fffffffffffffffe, Address: 6add36, Base: 100000, End: 832000, Flags: 1,
Length: 732000, Offset: 5add36

Executable: 2, Read: 4, Write: 0 invoke: 256
Capability: 0x442a4c [rxR,0x100000-0x832000] (sentry,capmode)
Is aligned: 0
Is sealed: 1
Tag: 1, Perms: 68117, Type: fffffffffffffffe, Address: 442a4c, Base: 100000, End: 832000, Flags: 1,
Length: 732000, Offset: 342a4c

--
Executable: 2, Read: 4, Write: 0 invoke: 256
Capability: 0x65c718 [rxR,0x100000-0x832000] (sentry,capmode)
Is aligned: 0
Is sealed: 1
Tag: 1, Perms: 68117, Type: fffffffffffffffe, Address: 65c718, Base: 100000, End: 832000, Flags: 1,
Length: 732000, Offset: 55c718

--
Executable: 2, Read: 4, Write: 0 invoke: 256
Capability: 0x4522fc [rxR,0x100000-0x832000] (sentry,capmode)
Is aligned: 0
Is sealed: 1
Tag: 1, Perms: 68117, Type: fffffffffffffffe, Address: 4522fc, Base: 100000, End: 832000, Flags: 1,
Length: 732000, Offset: 3522fc

--
Executable: 2, Read: 4, Write: 0 invoke: 256
Capability: 0x6c171a [rxR,0x100000-0x832000] (sentry,capmode)
Is aligned: 0
Is sealed: 1
Tag: 1, Perms: 68117, Type: fffffffffffffffe, Address: 6c171a, Base: 100000, End: 832000, Flags: 1,
Length: 732000, Offset: 5c171a

--
Executable: 2, Read: 4, Write: 0 invoke: 256
Capability: 0x6c2628 [rxR,0x100000-0x832000] (sentry,capmode)
Is aligned: 0
Is sealed: 1
Tag: 1, Perms: 68117, Type: fffffffffffffffe, Address: 6c2628, Base: 100000, End: 832000, Flags: 1,
Length: 732000, Offset: 5c2628

--
Executable: 2, Read: 4, Write: 0 invoke: 256
Capability: 0x51b670 [rxR,0x100000-0x832000] (sentry,capmode)
Is aligned: 1
Is sealed: 1
Tag: 1, Perms: 68117, Type: fffffffffffffffe, Address: 51b670, Base: 100000, End: 832000, Flags: 1,
Length: 732000, Offset: 41b670

--
Executable: 2, Read: 4, Write: 0 invoke: 256
Capability: 0x51d734 [rxR,0x100000-0x832000] (sentry,capmode)
Is aligned: 0
Is sealed: 1
Tag: 1, Perms: 68117, Type: fffffffffffffffe, Address: 51d734, Base: 100000, End: 832000, Flags: 1,
Length: 732000, Offset: 41d734

--
Executable: 2, Read: 4, Write: 0 invoke: 256
Capability: 0x51f9d8 [rxR,0x100000-0x832000] (sentry,capmode)
Is aligned: 0
Is sealed: 1
Tag: 1, Perms: 68117, Type: fffffffffffffffe, Address: 51f9d8, Base: 100000, End: 832000, Flags: 1,
Length: 732000, Offset: 41f9d8

--
Executable: 2, Read: 4, Write: 0 invoke: 256
Capability: 0x49bae6 [rxR,0x100000-0x832000] (sentry,capmode)
Is aligned: 0
Is sealed: 1
Tag: 1, Perms: 68117, Type: fffffffffffffffe, Address: 49bae6, Base: 100000, End: 832000, Flags: 1,
Length: 732000, Offset: 39bae6

Executable: 2, Read: 4, Write: 0 invoke: 256
Capability: 0x4b93ea [rxR,0x100000-0x832000] (sentry,capmode)
Is aligned: 0
Is sealed: 1
Tag: 1, Perms: 68117, Type: fffffffffffffffe, Address: 4b93ea, Base: 100000, End: 832000, Flags: 1,
Length: 732000, Offset: 3b93ea

--
Executable: 2, Read: 4, Write: 0 invoke: 256
Capability: 0x6cecf4 [rxR,0x100000-0x832000] (sentry,capmode)
Is aligned: 0
Is sealed: 1
Tag: 1, Perms: 68117, Type: fffffffffffffffe, Address: 6cecf4, Base: 100000, End: 832000, Flags: 1,
Length: 732000, Offset: 5cecf4

Executable: 2, Read: 4, Write: 0 invoke: 256
Capability: 0x6dd74e [rxR,0x100000-0x832000] (sentry,capmode)
Is aligned: 0
Is sealed: 1
Tag: 1, Perms: 68117, Type: fffffffffffffffe, Address: 6dd74e, Base: 100000, End: 832000, Flags: 1,
Length: 732000, Offset: 5dd74e

Executable: 2, Read: 4, Write: 0 invoke: 256
Capability: 0x6c680c [rxR,0x100000-0x832000] (sentry,capmode)
Is aligned: 0
Is sealed: 1
Tag: 1, Perms: 68117, Type: fffffffffffffffe, Address: 6c680c, Base: 100000, End: 832000, Flags: 1,
Length: 732000, Offset: 5c680c

Executable: 2, Read: 4, Write: 0 invoke: 256
Capability: 0x6ee6c2 [rxR,0x100000-0x832000] (sentry,capmode)
Is aligned: 0
Is sealed: 1
Tag: 1, Perms: 68117, Type: fffffffffffffffe, Address: 6ee6c2, Base: 100000, End: 832000, Flags: 1,
Length: 732000, Offset: 5ee6c2

--
Executable: 2, Read: 4, Write: 8 invoke: 256
Capability: 0x41462c80 [rwxRW,0x41462c00-0x41463800] (invalid,sealed,capmode)
Is aligned: 1
Is sealed: 1
Tag: 0, Perms: 78fff, Type: 1f, Address: 41462c80, Base: 41462c00, End: 41463800, Flags: 1, Length:
0c00, Offset: 0080

--
Executable: 2, Read: 4, Write: 0 invoke: 256
Capability: 0x6cecf4 [rxR,0x100000-0x832000] (sentry,capmode)
Is aligned: 0
Is sealed: 1
Tag: 1, Perms: 68117, Type: fffffffffffffffe, Address: 6cecf4, Base: 100000, End: 832000, Flags: 1,
Length: 732000, Offset: 5cecf4

Executable: 2, Read: 4, Write: 0 invoke: 256
Capability: 0x6edb38 [rxR,0x100000-0x832000] (sentry,capmode)
Is aligned: 0
Is sealed: 1
Tag: 1, Perms: 68117, Type: fffffffffffffffe, Address: 6edb38, Base: 100000, End: 832000, Flags: 1,
Length: 732000, Offset: 5edb38

--
Executable: 2, Read: 4, Write: 0 invoke: 256
Capability: 0x486a7e [rxR,0x100000-0x832000] (sentry,capmode)
Is aligned: 0
Is sealed: 1
Tag: 1, Perms: 68117, Type: fffffffffffffffe, Address: 486a7e, Base: 100000, End: 832000, Flags: 1,
Length: 732000, Offset: 386a7e

--
Executable: 2, Read: 4, Write: 0 invoke: 256
Capability: 0x6dd74e [rxR,0x100000-0x832000] (sentry,capmode)
Is aligned: 0
Is sealed: 1
Tag: 1, Perms: 68117, Type: fffffffffffffffe, Address: 6dd74e, Base: 100000, End: 832000, Flags: 1,
Length: 732000, Offset: 5dd74e

Executable: 2, Read: 4, Write: 0 invoke: 256
Capability: 0x6c46da [rxR,0x100000-0x832000] (sentry,capmode)
Is aligned: 0
Is sealed: 1
Tag: 1, Perms: 68117, Type: fffffffffffffffe, Address: 6c46da, Base: 100000, End: 832000, Flags: 1,
Length: 732000, Offset: 5c46da

--
Executable: 2, Read: 4, Write: 0 invoke: 256
Capability: 0x6adda6 [rxR,0x100000-0x832000] (sentry,capmode)
Is aligned: 0
Is sealed: 1
Tag: 1, Perms: 68117, Type: fffffffffffffffe, Address: 6adda6, Base: 100000, End: 832000, Flags: 1,
Length: 732000, Offset: 5adda6

--
Executable: 2, Read: 4, Write: 0 invoke: 256
Capability: 0x34ef8c [rxR,0x100000-0x832000] (sentry,capmode)
Is aligned: 0
Is sealed: 1
Tag: 1, Perms: 68117, Type: fffffffffffffffe, Address: 34ef8c, Base: 100000, End: 832000, Flags: 1,
Length: 732000, Offset: 24ef8c

--
Executable: 2, Read: 4, Write: 0 invoke: 256
Capability: 0x6add36 [rxR,0x100000-0x832000] (sentry,capmode)
Is aligned: 0
Is sealed: 1
Tag: 1, Perms: 68117, Type: fffffffffffffffe, Address: 6add36, Base: 100000, End: 832000, Flags: 1,
Length: 732000, Offset: 5add36

--
Executable: 2, Read: 4, Write: 0 invoke: 256
Capability: 0x6f1808 [rxR,0x100000-0x832000] (sentry,capmode)
Is aligned: 0
Is sealed: 1
Tag: 1, Perms: 68117, Type: fffffffffffffffe, Address: 6f1808, Base: 100000, End: 832000, Flags: 1,
Length: 732000, Offset: 5f1808

--
Executable: 2, Read: 4, Write: 0 invoke: 256
Capability: 0x6f14ae [rxR,0x100000-0x832000] (sentry,capmode)
Is aligned: 0
Is sealed: 1
Tag: 1, Perms: 68117, Type: fffffffffffffffe, Address: 6f14ae, Base: 100000, End: 832000, Flags: 1,
Length: 732000, Offset: 5f14ae

--
Executable: 2, Read: 4, Write: 0 invoke: 256
Capability: 0x6c4a64 [rxR,0x100000-0x832000] (sentry,capmode)
Is aligned: 0
Is sealed: 1
Tag: 1, Perms: 68117, Type: fffffffffffffffe, Address: 6c4a64, Base: 100000, End: 832000, Flags: 1,
Length: 732000, Offset: 5c4a64

Executable: 2, Read: 4, Write: 0 invoke: 256
Capability: 0x0 [rxR,0x100000-0x832000] (invalid,sentry,capmode)
Is aligned: 1
Is sealed: 1
Tag: 0, Perms: 68117, Type: fffffffffffffffe, Address: 0000, Base: 100000, End: 832000, Flags: 1, Le
ngth: 732000, Offset: fffffffffff00000

--
Executable: 2, Read: 4, Write: 0 invoke: 256
Capability: 0x6ef19a [rxR,0x100000-0x832000] (sentry,capmode)
Is aligned: 0
Is sealed: 1
Tag: 1, Perms: 68117, Type: fffffffffffffffe, Address: 6ef19a, Base: 100000, End: 832000, Flags: 1,
Length: 732000, Offset: 5ef19a

--
Executable: 2, Read: 4, Write: 0 invoke: 256
Capability: 0x6c2fe6 [rxR,0x100000-0x832000] (sentry,capmode)
Is aligned: 0
Is sealed: 1
Tag: 1, Perms: 68117, Type: fffffffffffffffe, Address: 6c2fe6, Base: 100000, End: 832000, Flags: 1,
Length: 732000, Offset: 5c2fe6

--
Executable: 2, Read: 4, Write: 0 invoke: 256
Capability: 0x6c3040 [rxR,0x100000-0x832000] (sentry,capmode)
Is aligned: 1
Is sealed: 1
Tag: 1, Perms: 68117, Type: fffffffffffffffe, Address: 6c3040, Base: 100000, End: 832000, Flags: 1,
Length: 732000, Offset: 5c3040

--
Executable: 2, Read: 4, Write: 0 invoke: 256
Capability: 0x5133c2 [rxR,0x100000-0x832000] (sentry,capmode)
Is aligned: 0
Is sealed: 1
Tag: 1, Perms: 68117, Type: fffffffffffffffe, Address: 5133c2, Base: 100000, End: 832000, Flags: 1,
Length: 732000, Offset: 4133c2

--
Executable: 2, Read: 4, Write: 0 invoke: 256
Capability: 0x6eafe8 [rxR,0x100000-0x832000] (sentry,capmode)
Is aligned: 0
Is sealed: 1
Tag: 1, Perms: 68117, Type: fffffffffffffffe, Address: 6eafe8, Base: 100000, End: 832000, Flags: 1,
Length: 732000, Offset: 5eafe8

Executable: 2, Read: 4, Write: 0 invoke: 256
Capability: 0x5132d6 [rxR,0x100000-0x832000] (sentry,capmode)
Is aligned: 0
Is sealed: 1
Tag: 1, Perms: 68117, Type: fffffffffffffffe, Address: 5132d6, Base: 100000, End: 832000, Flags: 1,
Length: 732000, Offset: 4132d6

Executable: 2, Read: 4, Write: 0 invoke: 256
Capability: 0x5132d6 [rxR,0x100000-0x832000] (sentry,capmode)
Is aligned: 0
Is sealed: 1
Tag: 1, Perms: 68117, Type: fffffffffffffffe, Address: 5132d6, Base: 100000, End: 832000, Flags: 1,
Length: 732000, Offset: 4132d6

--
Executable: 2, Read: 4, Write: 0 invoke: 256
Capability: 0x6dc9c6 [rxR,0x100000-0x832000] (sentry,capmode)
Is aligned: 0
Is sealed: 1
Tag: 1, Perms: 68117, Type: fffffffffffffffe, Address: 6dc9c6, Base: 100000, End: 832000, Flags: 1,
Length: 732000, Offset: 5dc9c6

--
Executable: 2, Read: 4, Write: 0 invoke: 256
Capability: 0x47841e [rxR,0x100000-0x832000] (sentry,capmode)
Is aligned: 0
Is sealed: 1
Tag: 1, Perms: 68117, Type: fffffffffffffffe, Address: 47841e, Base: 100000, End: 832000, Flags: 1,
Length: 732000, Offset: 37841e

--
Executable: 2, Read: 4, Write: 0 invoke: 256
Capability: 0x4783f6 [rxR,0x100000-0x832000] (sentry,capmode)
Is aligned: 0
Is sealed: 1
Tag: 1, Perms: 68117, Type: fffffffffffffffe, Address: 4783f6, Base: 100000, End: 832000, Flags: 1,
Length: 732000, Offset: 3783f6

Executable: 2, Read: 4, Write: 0 invoke: 256
Capability: 0x4783b2 [rxR,0x100000-0x832000] (sentry,capmode)
Is aligned: 0
Is sealed: 1
Tag: 1, Perms: 68117, Type: fffffffffffffffe, Address: 4783b2, Base: 100000, End: 832000, Flags: 1,
Length: 732000, Offset: 3783b2

--
Executable: 2, Read: 4, Write: 0 invoke: 256
Capability: 0x46c93c [rxR,0x100000-0x832000] (sentry,capmode)
Is aligned: 0
Is sealed: 1
Tag: 1, Perms: 68117, Type: fffffffffffffffe, Address: 46c93c, Base: 100000, End: 832000, Flags: 1,
Length: 732000, Offset: 36c93c

--
Executable: 2, Read: 4, Write: 0 invoke: 256
Capability: 0x6dcbe0 [rxR,0x100000-0x832000] (sentry,capmode)
Is aligned: 1
Is sealed: 1
Tag: 1, Perms: 68117, Type: fffffffffffffffe, Address: 6dcbe0, Base: 100000, End: 832000, Flags: 1,
Length: 732000, Offset: 5dcbe0

--
Executable: 2, Read: 4, Write: 0 invoke: 256
Capability: 0x6ad8e6 [rxR,0x100000-0x832000] (sentry,capmode)
Is aligned: 0
Is sealed: 1
Tag: 1, Perms: 68117, Type: fffffffffffffffe, Address: 6ad8e6, Base: 100000, End: 832000, Flags: 1,
Length: 732000, Offset: 5ad8e6

--
Executable: 2, Read: 4, Write: 0 invoke: 256
Capability: 0x1 [rxR,0x100000-0x832000] (invalid,sentry,capmode)
Is aligned: 0
Is sealed: 1
Tag: 0, Perms: 68117, Type: fffffffffffffffe, Address: 0001, Base: 100000, End: 832000, Flags: 1, Le
ngth: 732000, Offset: fffffffffff00001

--
Executable: 2, Read: 4, Write: 0 invoke: 256
Capability: 0x6b3b74 [rxR,0x100000-0x832000] (sentry,capmode)
Is aligned: 0
Is sealed: 1
Tag: 1, Perms: 68117, Type: fffffffffffffffe, Address: 6b3b74, Base: 100000, End: 832000, Flags: 1,
Length: 732000, Offset: 5b3b74

--
Executable: 2, Read: 4, Write: 0 invoke: 256
Capability: 0x4085743e [rxR,0x4083f000-0x40879000] (sentry,capmode)
Is aligned: 0
Is sealed: 1
Tag: 1, Perms: 68117, Type: fffffffffffffffe, Address: 4085743e, Base: 4083f000, End: 40879000, Flag
s: 1, Length: 3a000, Offset: 1843e

--
Executable: 2, Read: 0, Write: 8 invoke: 0
Capability: 0x55555555 [wxW,0x55552000-0x55552a00] (invalid,sealed,capmode)
Is aligned: 0
Is sealed: 1
Tag: 0, Perms: 20aeb, Type: 2667f, Address: 55555555, Base: 55552000, End: 55552a00, Flags: 1, Lengt
h: 0a00, Offset: 3555

--
Executable: 2, Read: 4, Write: 0 invoke: 256
Capability: 0x40a90c30 [rxR,0x40918000-0x40f30000] (sentry,capmode)
Is aligned: 1
Is sealed: 1
Tag: 1, Perms: 68117, Type: fffffffffffffffe, Address: 40a90c30, Base: 40918000, End: 40f30000, Flag
s: 1, Length: 618000, Offset: 178c30

--
Executable: 2, Read: 4, Write: 0 invoke: 256
Capability: 0x6b3a6e [rxR,0x100000-0x832000] (sentry,capmode)
Is aligned: 0
Is sealed: 1
Tag: 1, Perms: 68117, Type: fffffffffffffffe, Address: 6b3a6e, Base: 100000, End: 832000, Flags: 1,
Length: 732000, Offset: 5b3a6e

--
Executable: 2, Read: 4, Write: 0 invoke: 256
Capability: 0x6243a2 [rxR,0x100000-0x832000] (invalid,sentry,capmode)
Is aligned: 0
Is sealed: 1
Tag: 0, Perms: 0117, Type: fffffffffffffffe, Address: 6243a2, Base: 100000, End: 832000, Flags: 1, L
ength: 732000, Offset: 5243a2

--
Executable: 2, Read: 4, Write: 0 invoke: 256
Capability: 0x11e06522c8b09f2 [rxR,0x11e06522c100000-0x11e06522c832000] (invalid,sentry,capmode)
Is aligned: 0
Is sealed: 1
Tag: 0, Perms: 68117, Type: fffffffffffffffe, Address: 11e06522c8b09f2, Base: 11e06522c100000, End:
11e06522c832000, Flags: 1, Length: 732000, Offset: 7b09f2

--
Executable: 2, Read: 4, Write: 0 invoke: 0
Capability: 0x362aa4 [rxR,0x100000-0x832000] (invalid,sentry,capmode)
Is aligned: 0
Is sealed: 1
Tag: 0, Perms: 0017, Type: fffffffffffffffe, Address: 362aa4, Base: 100000, End: 832000, Flags: 1, L
ength: 732000, Offset: 262aa4

--
Executable: 2, Read: 4, Write: 0 invoke: 256
Capability: 0x62396c [rxR,0x100000-0x832000] (sentry,capmode)
Is aligned: 0
Is sealed: 1
Tag: 1, Perms: 68117, Type: fffffffffffffffe, Address: 62396c, Base: 100000, End: 832000, Flags: 1,
Length: 732000, Offset: 52396c

--
Executable: 2, Read: 4, Write: 0 invoke: 256
Capability: 0x6154ee [rxR,0x100000-0x832000] (sentry,capmode)
Is aligned: 0
Is sealed: 1
Tag: 1, Perms: 68117, Type: fffffffffffffffe, Address: 6154ee, Base: 100000, End: 832000, Flags: 1,
Length: 732000, Offset: 5154ee

--
Executable: 2, Read: 4, Write: 0 invoke: 256
Capability: 0x658d56 [rxR,0x100000-0x832000] (sentry,capmode)
Is aligned: 0
Is sealed: 1
Tag: 1, Perms: 68117, Type: fffffffffffffffe, Address: 658d56, Base: 100000, End: 832000, Flags: 1,
Length: 732000, Offset: 558d56

--
Executable: 2, Read: 4, Write: 0 invoke: 256
Capability: 0x65626a [rxR,0x100000-0x832000] (sentry,capmode)
Is aligned: 0
Is sealed: 1
Tag: 1, Perms: 68117, Type: fffffffffffffffe, Address: 65626a, Base: 100000, End: 832000, Flags: 1,
Length: 732000, Offset: 55626a

--
Executable: 2, Read: 4, Write: 0 invoke: 256
Capability: 0x654bae [rxR,0x100000-0x832000] (sentry,capmode)
Is aligned: 0
Is sealed: 1
Tag: 1, Perms: 68117, Type: fffffffffffffffe, Address: 654bae, Base: 100000, End: 832000, Flags: 1,
Length: 732000, Offset: 554bae

--
Executable: 2, Read: 4, Write: 0 invoke: 256
Capability: 0x655aa0 [rxR,0x100000-0x832000] (sentry,capmode)
Is aligned: 1
Is sealed: 1
Tag: 1, Perms: 68117, Type: fffffffffffffffe, Address: 655aa0, Base: 100000, End: 832000, Flags: 1,
Length: 732000, Offset: 555aa0

--
Executable: 2, Read: 4, Write: 0 invoke: 256
Capability: 0x6dd74e [rxR,0x100000-0x832000] (sentry,capmode)
Is aligned: 0
Is sealed: 1
Tag: 1, Perms: 68117, Type: fffffffffffffffe, Address: 6dd74e, Base: 100000, End: 832000, Flags: 1,
Length: 732000, Offset: 5dd74e

--
Executable: 2, Read: 4, Write: 0 invoke: 256
Capability: 0x6edb38 [rxR,0x100000-0x832000] (sentry,capmode)
Is aligned: 0
Is sealed: 1
Tag: 1, Perms: 68117, Type: fffffffffffffffe, Address: 6edb38, Base: 100000, End: 832000, Flags: 1,
Length: 732000, Offset: 5edb38

--
Executable: 2, Read: 4, Write: 0 invoke: 256
Capability: 0x4081df7a [rxR,0x4080c000-0x40834600] (invalid,sentry,capmode)
Is aligned: 0
Is sealed: 1
Tag: 0, Perms: 0117, Type: fffffffffffffffe, Address: 4081df7a, Base: 4080c000, End: 40834600, Flags
: 1, Length: 28600, Offset: 11f7a

--
Executable: 2, Read: 4, Write: 0 invoke: 256
Capability: 0x3 [rxR,0x100000-0x832000] (invalid,sentry,capmode)
Is aligned: 0
Is sealed: 1
Tag: 0, Perms: 0117, Type: fffffffffffffffe, Address: 0003, Base: 100000, End: 832000, Flags: 1, Len
gth: 732000, Offset: fffffffffff00003

--
Executable: 2, Read: 4, Write: 0 invoke: 256
Capability: 0x6aa3e6 [rxR,0x100000-0x832000] (sentry,capmode)
Is aligned: 0
Is sealed: 1
Tag: 1, Perms: 68117, Type: fffffffffffffffe, Address: 6aa3e6, Base: 100000, End: 832000, Flags: 1,
Length: 732000, Offset: 5aa3e6

--
Executable: 2, Read: 4, Write: 0 invoke: 256
Capability: 0x6f2d56 [rxR,0x100000-0x832000] (sentry,capmode)
Is aligned: 0
Is sealed: 1
Tag: 1, Perms: 68117, Type: fffffffffffffffe, Address: 6f2d56, Base: 100000, End: 832000, Flags: 1,
Length: 732000, Offset: 5f2d56

--
Executable: 2, Read: 4, Write: 0 invoke: 256
Capability: 0x476b70 [rxR,0x100000-0x832000] (sentry,capmode)
Is aligned: 1
Is sealed: 1
Tag: 1, Perms: 68117, Type: fffffffffffffffe, Address: 476b70, Base: 100000, End: 832000, Flags: 1,
Length: 732000, Offset: 376b70

--
Executable: 2, Read: 4, Write: 0 invoke: 256
Capability: 0x6ca07e [rxR,0x100000-0x832000] (sentry,capmode)
Is aligned: 0
Is sealed: 1
Tag: 1, Perms: 68117, Type: fffffffffffffffe, Address: 6ca07e, Base: 100000, End: 832000, Flags: 1,
Length: 732000, Offset: 5ca07e

--
Executable: 2, Read: 4, Write: 0 invoke: 256
Capability: 0x6adde2 [rxR,0x100000-0x832000] (sentry,capmode)
Is aligned: 0
Is sealed: 1
Tag: 1, Perms: 68117, Type: fffffffffffffffe, Address: 6adde2, Base: 100000, End: 832000, Flags: 1,
Length: 732000, Offset: 5adde2

--
Executable: 2, Read: 4, Write: 0 invoke: 256
Capability: 0x34ef8c [rxR,0x100000-0x832000] (sentry,capmode)
Is aligned: 0
Is sealed: 1
Tag: 1, Perms: 68117, Type: fffffffffffffffe, Address: 34ef8c, Base: 100000, End: 832000, Flags: 1,
Length: 732000, Offset: 24ef8c

--
Executable: 2, Read: 4, Write: 0 invoke: 256
Capability: 0x6add36 [rxR,0x100000-0x832000] (sentry,capmode)
Is aligned: 0
Is sealed: 1
Tag: 1, Perms: 68117, Type: fffffffffffffffe, Address: 6add36, Base: 100000, End: 832000, Flags: 1,
Length: 732000, Offset: 5add36

--
Executable: 2, Read: 4, Write: 0 invoke: 256
Capability: 0x6c7c48 [rxR,0x100000-0x832000] (sentry,capmode)
Is aligned: 0
Is sealed: 1
Tag: 1, Perms: 68117, Type: fffffffffffffffe, Address: 6c7c48, Base: 100000, End: 832000, Flags: 1,
Length: 732000, Offset: 5c7c48

Executable: 2, Read: 4, Write: 0 invoke: 256
Capability: 0x6ca300 [rxR,0x100000-0x832000] (sentry,capmode)
Is aligned: 1
Is sealed: 1
Tag: 1, Perms: 68117, Type: fffffffffffffffe, Address: 6ca300, Base: 100000, End: 832000, Flags: 1,
Length: 732000, Offset: 5ca300

--
Executable: 2, Read: 4, Write: 0 invoke: 256
Capability: 0x6ca1fa [rxR,0x100000-0x832000] (sentry,capmode)
Is aligned: 0
Is sealed: 1
Tag: 1, Perms: 68117, Type: fffffffffffffffe, Address: 6ca1fa, Base: 100000, End: 832000, Flags: 1,
Length: 732000, Offset: 5ca1fa

Executable: 2, Read: 4, Write: 0 invoke: 256
Capability: 0x45085c [rxR,0x100000-0x832000] (sentry,capmode)
Is aligned: 0
Is sealed: 1
Tag: 1, Perms: 68117, Type: fffffffffffffffe, Address: 45085c, Base: 100000, End: 832000, Flags: 1,
Length: 732000, Offset: 35085c

--
Executable: 2, Read: 4, Write: 0 invoke: 256
Capability: 0x34ef8c [rxR,0x100000-0x832000] (sentry,capmode)
Is aligned: 0
Is sealed: 1
Tag: 1, Perms: 68117, Type: fffffffffffffffe, Address: 34ef8c, Base: 100000, End: 832000, Flags: 1,
Length: 732000, Offset: 24ef8c

--
Executable: 2, Read: 4, Write: 0 invoke: 256
Capability: 0x45080a [rxR,0x100000-0x832000] (sentry,capmode)
Is aligned: 0
Is sealed: 1
Tag: 1, Perms: 68117, Type: fffffffffffffffe, Address: 45080a, Base: 100000, End: 832000, Flags: 1,
Length: 732000, Offset: 35080a

--
Executable: 2, Read: 4, Write: 0 invoke: 256
Capability: 0x44fc40 [rxR,0x100000-0x832000] (sentry,capmode)
Is aligned: 1
Is sealed: 1
Tag: 1, Perms: 68117, Type: fffffffffffffffe, Address: 44fc40, Base: 100000, End: 832000, Flags: 1,
Length: 732000, Offset: 34fc40

--
Executable: 2, Read: 4, Write: 0 invoke: 256
Capability: 0x450748 [rxR,0x100000-0x832000] (sentry,capmode)
Is aligned: 0
Is sealed: 1
Tag: 1, Perms: 68117, Type: fffffffffffffffe, Address: 450748, Base: 100000, End: 832000, Flags: 1,
Length: 732000, Offset: 350748

--
Executable: 2, Read: 4, Write: 0 invoke: 256
Capability: 0x34f04e [rxR,0x100000-0x832000] (sentry,capmode)
Is aligned: 0
Is sealed: 1
Tag: 1, Perms: 68117, Type: fffffffffffffffe, Address: 34f04e, Base: 100000, End: 832000, Flags: 1,
Length: 732000, Offset: 24f04e

Executable: 2, Read: 4, Write: 0 invoke: 256
Capability: 0x5f97d8 [rxR,0x100000-0x832000] (sentry,capmode)
Is aligned: 0
Is sealed: 1
Tag: 1, Perms: 68117, Type: fffffffffffffffe, Address: 5f97d8, Base: 100000, End: 832000, Flags: 1,
Length: 732000, Offset: 4f97d8

--
Executable: 2, Read: 4, Write: 0 invoke: 256
Capability: 0x34f004 [rxR,0x100000-0x832000] (sentry,capmode)
Is aligned: 0
Is sealed: 1
Tag: 1, Perms: 68117, Type: fffffffffffffffe, Address: 34f004, Base: 100000, End: 832000, Flags: 1,
Length: 732000, Offset: 24f004

--
Executable: 2, Read: 4, Write: 0 invoke: 256
Capability: 0x409c3bee [rxR,0x40918000-0x40f30000] (sentry,capmode)
Is aligned: 0
Is sealed: 1
Tag: 1, Perms: 68117, Type: fffffffffffffffe, Address: 409c3bee, Base: 40918000, End: 40f30000, Flag
s: 1, Length: 618000, Offset: abbee

--
Executable: 2, Read: 4, Write: 0 invoke: 256
Capability: 0x34ef58 [rxR,0x100000-0x832000] (sentry,capmode)
Is aligned: 0
Is sealed: 1
Tag: 1, Perms: 68117, Type: fffffffffffffffe, Address: 34ef58, Base: 100000, End: 832000, Flags: 1,
Length: 732000, Offset: 24ef58

Executable: 2, Read: 4, Write: 0 invoke: 256
Capability: 0x4081756c [rxR,0x4080c000-0x40834600] (sentry,capmode)
Is aligned: 0
Is sealed: 1
Tag: 1, Perms: 68117, Type: fffffffffffffffe, Address: 4081756c, Base: 4080c000, End: 40834600, Flag
s: 1, Length: 28600, Offset: b56c

--
Executable: 2, Read: 4, Write: 0 invoke: 256
Capability: 0x34ef8c [rxR,0x100000-0x832000] (sentry,capmode)
Is aligned: 0
Is sealed: 1
Tag: 1, Perms: 68117, Type: fffffffffffffffe, Address: 34ef8c, Base: 100000, End: 832000, Flags: 1,
Length: 732000, Offset: 24ef8c

--
Executable: 2, Read: 4, Write: 0 invoke: 256
Capability: 0x46b564 [rxR,0x100000-0x832000] (sentry,capmode)
Is aligned: 0
Is sealed: 1
Tag: 1, Perms: 68117, Type: fffffffffffffffe, Address: 46b564, Base: 100000, End: 832000, Flags: 1,
Length: 732000, Offset: 36b564

--
Executable: 2, Read: 4, Write: 0 invoke: 256
Capability: 0x46b922 [rxR,0x100000-0x832000] (sentry,capmode)
Is aligned: 0
Is sealed: 1
Tag: 1, Perms: 68117, Type: fffffffffffffffe, Address: 46b922, Base: 100000, End: 832000, Flags: 1,
Length: 732000, Offset: 36b922

--
Executable: 2, Read: 4, Write: 0 invoke: 256
Capability: 0x4784f4 [rxR,0x100000-0x832000] (sentry,capmode)
Is aligned: 0
Is sealed: 1
Tag: 1, Perms: 68117, Type: fffffffffffffffe, Address: 4784f4, Base: 100000, End: 832000, Flags: 1,
Length: 732000, Offset: 3784f4

--
Executable: 2, Read: 4, Write: 0 invoke: 256
Capability: 0x47f658 [rxR,0x100000-0x832000] (sentry,capmode)
Is aligned: 0
Is sealed: 1
Tag: 1, Perms: 68117, Type: fffffffffffffffe, Address: 47f658, Base: 100000, End: 832000, Flags: 1,
Length: 732000, Offset: 37f658

--
Executable: 2, Read: 4, Write: 0 invoke: 256
Capability: 0x477ba4 [rxR,0x100000-0x832000] (sentry,capmode)
Is aligned: 0
Is sealed: 1
Tag: 1, Perms: 68117, Type: fffffffffffffffe, Address: 477ba4, Base: 100000, End: 832000, Flags: 1,
Length: 732000, Offset: 377ba4

--
Executable: 2, Read: 4, Write: 0 invoke: 256
Capability: 0x47f21c [rxR,0x100000-0x832000] (sentry,capmode)
Is aligned: 0
Is sealed: 1
Tag: 1, Perms: 68117, Type: fffffffffffffffe, Address: 47f21c, Base: 100000, End: 832000, Flags: 1,
Length: 732000, Offset: 37f21c

--
Executable: 2, Read: 4, Write: 0 invoke: 256
Capability: 0x47e68c [rxR,0x100000-0x832000] (sentry,capmode)
Is aligned: 0
Is sealed: 1
Tag: 1, Perms: 68117, Type: fffffffffffffffe, Address: 47e68c, Base: 100000, End: 832000, Flags: 1,
Length: 732000, Offset: 37e68c

Executable: 2, Read: 4, Write: 0 invoke: 256
Capability: 0x4773fc [rxR,0x100000-0x832000] (sentry,capmode)
Is aligned: 0
Is sealed: 1
Tag: 1, Perms: 68117, Type: fffffffffffffffe, Address: 4773fc, Base: 100000, End: 832000, Flags: 1,
Length: 732000, Offset: 3773fc

--
Executable: 2, Read: 4, Write: 0 invoke: 256
Capability: 0x47e096 [rxR,0x100000-0x832000] (sentry,capmode)
Is aligned: 0
Is sealed: 1
Tag: 1, Perms: 68117, Type: fffffffffffffffe, Address: 47e096, Base: 100000, End: 832000, Flags: 1,
Length: 732000, Offset: 37e096

Executable: 2, Read: 4, Write: 0 invoke: 256
Capability: 0x47743a [rxR,0x100000-0x832000] (sentry,capmode)
Is aligned: 0
Is sealed: 1
Tag: 1, Perms: 68117, Type: fffffffffffffffe, Address: 47743a, Base: 100000, End: 832000, Flags: 1,
Length: 732000, Offset: 37743a

Executable: 2, Read: 4, Write: 0 invoke: 256
Capability: 0x465e98 [rxR,0x100000-0x832000] (sentry,capmode)
Is aligned: 0
Is sealed: 1
Tag: 1, Perms: 68117, Type: fffffffffffffffe, Address: 465e98, Base: 100000, End: 832000, Flags: 1,
Length: 732000, Offset: 365e98

Executable: 2, Read: 4, Write: 0 invoke: 256
Capability: 0x4772bc [rxR,0x100000-0x832000] (sentry,capmode)
Is aligned: 0
Is sealed: 1
Tag: 1, Perms: 68117, Type: fffffffffffffffe, Address: 4772bc, Base: 100000, End: 832000, Flags: 1,
Length: 732000, Offset: 3772bc

--
Executable: 2, Read: 4, Write: 0 invoke: 256
Capability: 0x476c6e [rxR,0x100000-0x832000] (sentry,capmode)
Is aligned: 0
Is sealed: 1
Tag: 1, Perms: 68117, Type: fffffffffffffffe, Address: 476c6e, Base: 100000, End: 832000, Flags: 1,
Length: 732000, Offset: 376c6e

--
Executable: 2, Read: 4, Write: 0 invoke: 256
Capability: 0x476ace [rxR,0x100000-0x832000] (sentry,capmode)
Is aligned: 0
Is sealed: 1
Tag: 1, Perms: 68117, Type: fffffffffffffffe, Address: 476ace, Base: 100000, End: 832000, Flags: 1,
Length: 732000, Offset: 376ace

--
Executable: 2, Read: 4, Write: 0 invoke: 256
Capability: 0x46742c [rxR,0x100000-0x832000] (sentry,capmode)
Is aligned: 0
Is sealed: 1
Tag: 1, Perms: 68117, Type: fffffffffffffffe, Address: 46742c, Base: 100000, End: 832000, Flags: 1,
Length: 732000, Offset: 36742c

--
Executable: 2, Read: 4, Write: 0 invoke: 256
Capability: 0x6ca95c [rxR,0x100000-0x832000] (sentry,capmode)
Is aligned: 0
Is sealed: 1
Tag: 1, Perms: 68117, Type: fffffffffffffffe, Address: 6ca95c, Base: 100000, End: 832000, Flags: 1,
Length: 732000, Offset: 5ca95c

Executable: 2, Read: 4, Write: 0 invoke: 256
Capability: 0x30 [rxR,0x100000-0x832000] (invalid,sentry,capmode)
Is aligned: 1
Is sealed: 1
Tag: 0, Perms: 0117, Type: fffffffffffffffe, Address: 0030, Base: 100000, End: 832000, Flags: 1, Len
gth: 732000, Offset: fffffffffff00030

--
Executable: 2, Read: 4, Write: 0 invoke: 256
Capability: 0x467544 [rxR,0x100000-0x832000] (sentry,capmode)
Is aligned: 0
Is sealed: 1
Tag: 1, Perms: 68117, Type: fffffffffffffffe, Address: 467544, Base: 100000, End: 832000, Flags: 1,
Length: 732000, Offset: 367544

--
Executable: 2, Read: 4, Write: 0 invoke: 256
Capability: 0x51b7d8 [rxR,0x100000-0x832000] (sentry,capmode)
Is aligned: 0
Is sealed: 1
Tag: 1, Perms: 68117, Type: fffffffffffffffe, Address: 51b7d8, Base: 100000, End: 832000, Flags: 1,
Length: 732000, Offset: 41b7d8

Executable: 2, Read: 4, Write: 0 invoke: 256
Capability: 0x51b748 [rxR,0x100000-0x832000] (sentry,capmode)
Is aligned: 0
Is sealed: 1
Tag: 1, Perms: 68117, Type: fffffffffffffffe, Address: 51b748, Base: 100000, End: 832000, Flags: 1,
Length: 732000, Offset: 41b748

--
Executable: 2, Read: 4, Write: 0 invoke: 256
Capability: 0x526d9e [rxR,0x100000-0x832000] (sentry,capmode)
Is aligned: 0
Is sealed: 1
Tag: 1, Perms: 68117, Type: fffffffffffffffe, Address: 526d9e, Base: 100000, End: 832000, Flags: 1,
Length: 732000, Offset: 426d9e

Executable: 2, Read: 4, Write: 0 invoke: 256
Capability: 0x526d4c [rxR,0x100000-0x832000] (sentry,capmode)
Is aligned: 0
Is sealed: 1
Tag: 1, Perms: 68117, Type: fffffffffffffffe, Address: 526d4c, Base: 100000, End: 832000, Flags: 1,
Length: 732000, Offset: 426d4c

Executable: 2, Read: 4, Write: 0 invoke: 256
Capability: 0x51b748 [rxR,0x100000-0x832000] (sentry,capmode)
Is aligned: 0
Is sealed: 1
Tag: 1, Perms: 68117, Type: fffffffffffffffe, Address: 51b748, Base: 100000, End: 832000, Flags: 1,
Length: 732000, Offset: 41b748

Executable: 2, Read: 4, Write: 0 invoke: 256
Capability: 0x51ef14 [rxR,0x100000-0x832000] (sentry,capmode)
Is aligned: 0
Is sealed: 1
Tag: 1, Perms: 68117, Type: fffffffffffffffe, Address: 51ef14, Base: 100000, End: 832000, Flags: 1,
Length: 732000, Offset: 41ef14

Executable: 2, Read: 4, Write: 0 invoke: 256
Capability: 0x51b748 [rxR,0x100000-0x832000] (sentry,capmode)
Is aligned: 0
Is sealed: 1
Tag: 1, Perms: 68117, Type: fffffffffffffffe, Address: 51b748, Base: 100000, End: 832000, Flags: 1,
Length: 732000, Offset: 41b748

Executable: 2, Read: 4, Write: 0 invoke: 256
Capability: 0x51ef3c [rxR,0x100000-0x832000] (sentry,capmode)
Is aligned: 0
Is sealed: 1
Tag: 1, Perms: 68117, Type: fffffffffffffffe, Address: 51ef3c, Base: 100000, End: 832000, Flags: 1,
Length: 732000, Offset: 41ef3c

--
Executable: 2, Read: 4, Write: 0 invoke: 256
Capability: 0x6eaf7e [rxR,0x100000-0x832000] (sentry,capmode)
Is aligned: 0
Is sealed: 1
Tag: 1, Perms: 68117, Type: fffffffffffffffe, Address: 6eaf7e, Base: 100000, End: 832000, Flags: 1,
Length: 732000, Offset: 5eaf7e

Executable: 2, Read: 4, Write: 0 invoke: 256
Capability: 0x51ef1c [rxR,0x100000-0x832000] (sentry,capmode)
Is aligned: 0
Is sealed: 1
Tag: 1, Perms: 68117, Type: fffffffffffffffe, Address: 51ef1c, Base: 100000, End: 832000, Flags: 1,
Length: 732000, Offset: 41ef1c

Executable: 2, Read: 4, Write: 0 invoke: 256
Capability: 0x51ef1c [rxR,0x100000-0x832000] (sentry,capmode)
Is aligned: 0
Is sealed: 1
Tag: 1, Perms: 68117, Type: fffffffffffffffe, Address: 51ef1c, Base: 100000, End: 832000, Flags: 1,
Length: 732000, Offset: 41ef1c

--
Executable: 2, Read: 4, Write: 0 invoke: 256
Capability: 0x6dc9c6 [rxR,0x100000-0x832000] (sentry,capmode)
Is aligned: 0
Is sealed: 1
Tag: 1, Perms: 68117, Type: fffffffffffffffe, Address: 6dc9c6, Base: 100000, End: 832000, Flags: 1,
Length: 732000, Offset: 5dc9c6

--
Executable: 2, Read: 4, Write: 0 invoke: 256
Capability: 0x6deccc [rxR,0x100000-0x832000] (sentry,capmode)
Is aligned: 0
Is sealed: 1
Tag: 1, Perms: 68117, Type: fffffffffffffffe, Address: 6deccc, Base: 100000, End: 832000, Flags: 1,
Length: 732000, Offset: 5deccc

--
Executable: 2, Read: 4, Write: 8 invoke: 256
Capability: 0x7780b520 [rwxRW,0x777fc000-0x7781c000] (invalid,sealed,capmode)
Is aligned: 1
Is sealed: 1
Tag: 0, Perms: 78fff, Type: 1f, Address: 7780b520, Base: 777fc000, End: 7781c000, Flags: 1, Length:
20000, Offset: f520

--
Executable: 2, Read: 4, Write: 0 invoke: 256
Capability: 0x6dcbe0 [rxR,0x100000-0x832000] (sentry,capmode)
Is aligned: 1
Is sealed: 1
Tag: 1, Perms: 68117, Type: fffffffffffffffe, Address: 6dcbe0, Base: 100000, End: 832000, Flags: 1,
Length: 732000, Offset: 5dcbe0

--
Executable: 2, Read: 4, Write: 0 invoke: 256
Capability: 0x6ad8e6 [rxR,0x100000-0x832000] (sentry,capmode)
Is aligned: 0
Is sealed: 1
Tag: 1, Perms: 68117, Type: fffffffffffffffe, Address: 6ad8e6, Base: 100000, End: 832000, Flags: 1,
Length: 732000, Offset: 5ad8e6

--
Executable: 2, Read: 4, Write: 0 invoke: 256
Capability: 0x6b407a [rxR,0x100000-0x832000] (sentry,capmode)
Is aligned: 0
Is sealed: 1
Tag: 1, Perms: 68117, Type: fffffffffffffffe, Address: 6b407a, Base: 100000, End: 832000, Flags: 1,
Length: 732000, Offset: 5b407a

--
Executable: 2, Read: 4, Write: 0 invoke: 256
Capability: 0x4085743e [rxR,0x4083f000-0x40879000] (sentry,capmode)
Is aligned: 0
Is sealed: 1
Tag: 1, Perms: 68117, Type: fffffffffffffffe, Address: 4085743e, Base: 4083f000, End: 40879000, Flag
s: 1, Length: 3a000, Offset: 1843e

--
Executable: 2, Read: 0, Write: 8 invoke: 0
Capability: 0x55555555 [wxW,0x55552000-0x55552a00] (invalid,sealed,capmode)
Is aligned: 0
Is sealed: 1
Tag: 0, Perms: 20aeb, Type: 2667f, Address: 55555555, Base: 55552000, End: 55552a00, Flags: 1, Lengt
h: 0a00, Offset: 3555

--
Executable: 2, Read: 4, Write: 0 invoke: 256
Capability: 0x40a90c30 [rxR,0x40918000-0x40f30000] (sentry,capmode)
Is aligned: 1
Is sealed: 1
Tag: 1, Perms: 68117, Type: fffffffffffffffe, Address: 40a90c30, Base: 40918000, End: 40f30000, Flag
s: 1, Length: 618000, Offset: 178c30

--
Executable: 2, Read: 4, Write: 0 invoke: 256
Capability: 0x6b3fa2 [rxR,0x100000-0x832000] (sentry,capmode)
Is aligned: 0
Is sealed: 1
Tag: 1, Perms: 68117, Type: fffffffffffffffe, Address: 6b3fa2, Base: 100000, End: 832000, Flags: 1,
Length: 732000, Offset: 5b3fa2

--
Executable: 2, Read: 4, Write: 0 invoke: 256
Capability: 0x6243a2 [rxR,0x100000-0x832000] (invalid,sentry,capmode)
Is aligned: 0
Is sealed: 1
Tag: 0, Perms: 0117, Type: fffffffffffffffe, Address: 6243a2, Base: 100000, End: 832000, Flags: 1, L
ength: 732000, Offset: 5243a2

--
Executable: 2, Read: 4, Write: 0 invoke: 256
Capability: 0x11e06522c8b09f2 [rxR,0x11e06522c100000-0x11e06522c832000] (invalid,sentry,capmode)
Is aligned: 0
Is sealed: 1
Tag: 0, Perms: 68117, Type: fffffffffffffffe, Address: 11e06522c8b09f2, Base: 11e06522c100000, End:
11e06522c832000, Flags: 1, Length: 732000, Offset: 7b09f2

--
Executable: 2, Read: 4, Write: 0 invoke: 0
Capability: 0x362aa4 [rxR,0x100000-0x832000] (invalid,sentry,capmode)
Is aligned: 0
Is sealed: 1
Tag: 0, Perms: 0017, Type: fffffffffffffffe, Address: 362aa4, Base: 100000, End: 832000, Flags: 1, L
ength: 732000, Offset: 262aa4

--
Executable: 2, Read: 4, Write: 0 invoke: 256
Capability: 0x62396c [rxR,0x100000-0x832000] (sentry,capmode)
Is aligned: 0
Is sealed: 1
Tag: 1, Perms: 68117, Type: fffffffffffffffe, Address: 62396c, Base: 100000, End: 832000, Flags: 1,
Length: 732000, Offset: 52396c

--
Executable: 2, Read: 4, Write: 8 invoke: 256
Capability: 0x7780b000 [rwxRW,0x7780bfea-0x7780bff9] (invalid,sealed,capmode)
Is aligned: 1
Is sealed: 1
Tag: 0, Perms: 78fff, Type: 0, Address: 7780b000, Base: 7780bfea, End: 7780bff9, Flags: 1, Length: 0
00f, Offset: fffffffffffff016

--
Executable: 2, Read: 4, Write: 0 invoke: 256
Capability: 0x6154ee [rxR,0x100000-0x832000] (sentry,capmode)
Is aligned: 0
Is sealed: 1
Tag: 1, Perms: 68117, Type: fffffffffffffffe, Address: 6154ee, Base: 100000, End: 832000, Flags: 1,
Length: 732000, Offset: 5154ee

--
Executable: 2, Read: 4, Write: 0 invoke: 256
Capability: 0x658d56 [rxR,0x100000-0x832000] (sentry,capmode)
Is aligned: 0
Is sealed: 1
Tag: 1, Perms: 68117, Type: fffffffffffffffe, Address: 658d56, Base: 100000, End: 832000, Flags: 1,
Length: 732000, Offset: 558d56

--
Executable: 2, Read: 4, Write: 0 invoke: 256
Capability: 0x65626a [rxR,0x100000-0x832000] (sentry,capmode)
Is aligned: 0
Is sealed: 1
Tag: 1, Perms: 68117, Type: fffffffffffffffe, Address: 65626a, Base: 100000, End: 832000, Flags: 1,
Length: 732000, Offset: 55626a

--
Executable: 2, Read: 4, Write: 0 invoke: 256
Capability: 0x654bae [rxR,0x100000-0x832000] (sentry,capmode)
Is aligned: 0
Is sealed: 1
Tag: 1, Perms: 68117, Type: fffffffffffffffe, Address: 654bae, Base: 100000, End: 832000, Flags: 1,
Length: 732000, Offset: 554bae

--
Executable: 2, Read: 4, Write: 0 invoke: 256
Capability: 0x655aa0 [rxR,0x100000-0x832000] (sentry,capmode)
Is aligned: 1
Is sealed: 1
Tag: 1, Perms: 68117, Type: fffffffffffffffe, Address: 655aa0, Base: 100000, End: 832000, Flags: 1,
Length: 732000, Offset: 555aa0

--
Executable: 2, Read: 4, Write: 0 invoke: 256
Capability: 0x6dd74e [rxR,0x100000-0x832000] (sentry,capmode)
Is aligned: 0
Is sealed: 1
Tag: 1, Perms: 68117, Type: fffffffffffffffe, Address: 6dd74e, Base: 100000, End: 832000, Flags: 1,
Length: 732000, Offset: 5dd74e

--
Executable: 2, Read: 4, Write: 0 invoke: 256
Capability: 0x6edb38 [rxR,0x100000-0x832000] (sentry,capmode)
Is aligned: 0
Is sealed: 1
Tag: 1, Perms: 68117, Type: fffffffffffffffe, Address: 6edb38, Base: 100000, End: 832000, Flags: 1,
Length: 732000, Offset: 5edb38

--
Executable: 2, Read: 4, Write: 0 invoke: 256
Capability: 0x4081df7a [rxR,0x4080c000-0x40834600] (invalid,sentry,capmode)
Is aligned: 0
Is sealed: 1
Tag: 0, Perms: 0117, Type: fffffffffffffffe, Address: 4081df7a, Base: 4080c000, End: 40834600, Flags
: 1, Length: 28600, Offset: 11f7a

--
Executable: 2, Read: 4, Write: 0 invoke: 256
Capability: 0x3 [rxR,0x100000-0x832000] (invalid,sentry,capmode)
Is aligned: 0
Is sealed: 1
Tag: 0, Perms: 0117, Type: fffffffffffffffe, Address: 0003, Base: 100000, End: 832000, Flags: 1, Len
gth: 732000, Offset: fffffffffff00003

--
Executable: 2, Read: 4, Write: 0 invoke: 256
Capability: 0x6aa3e6 [rxR,0x100000-0x832000] (sentry,capmode)
Is aligned: 0
Is sealed: 1
Tag: 1, Perms: 68117, Type: fffffffffffffffe, Address: 6aa3e6, Base: 100000, End: 832000, Flags: 1,
Length: 732000, Offset: 5aa3e6

--
Executable: 2, Read: 4, Write: 0 invoke: 256
Capability: 0x6f2d56 [rxR,0x100000-0x832000] (sentry,capmode)
Is aligned: 0
Is sealed: 1
Tag: 1, Perms: 68117, Type: fffffffffffffffe, Address: 6f2d56, Base: 100000, End: 832000, Flags: 1,
Length: 732000, Offset: 5f2d56

--
Executable: 2, Read: 4, Write: 0 invoke: 256
Capability: 0x476b70 [rxR,0x100000-0x832000] (sentry,capmode)
Is aligned: 1
Is sealed: 1
Tag: 1, Perms: 68117, Type: fffffffffffffffe, Address: 476b70, Base: 100000, End: 832000, Flags: 1,
Length: 732000, Offset: 376b70

--
Executable: 2, Read: 4, Write: 0 invoke: 256
Capability: 0x6ca07e [rxR,0x100000-0x832000] (sentry,capmode)
Is aligned: 0
Is sealed: 1
Tag: 1, Perms: 68117, Type: fffffffffffffffe, Address: 6ca07e, Base: 100000, End: 832000, Flags: 1,
Length: 732000, Offset: 5ca07e

--
Executable: 2, Read: 4, Write: 0 invoke: 256
Capability: 0x6adde2 [rxR,0x100000-0x832000] (sentry,capmode)
Is aligned: 0
Is sealed: 1
Tag: 1, Perms: 68117, Type: fffffffffffffffe, Address: 6adde2, Base: 100000, End: 832000, Flags: 1,
Length: 732000, Offset: 5adde2

--
Executable: 2, Read: 4, Write: 0 invoke: 256
Capability: 0x34ef8c [rxR,0x100000-0x832000] (sentry,capmode)
Is aligned: 0
Is sealed: 1
Tag: 1, Perms: 68117, Type: fffffffffffffffe, Address: 34ef8c, Base: 100000, End: 832000, Flags: 1,
Length: 732000, Offset: 24ef8c

--
Executable: 2, Read: 4, Write: 0 invoke: 256
Capability: 0x6add36 [rxR,0x100000-0x832000] (sentry,capmode)
Is aligned: 0
Is sealed: 1
Tag: 1, Perms: 68117, Type: fffffffffffffffe, Address: 6add36, Base: 100000, End: 832000, Flags: 1,
Length: 732000, Offset: 5add36

--
Executable: 2, Read: 4, Write: 0 invoke: 256
Capability: 0x6c7c48 [rxR,0x100000-0x832000] (sentry,capmode)
Is aligned: 0
Is sealed: 1
Tag: 1, Perms: 68117, Type: fffffffffffffffe, Address: 6c7c48, Base: 100000, End: 832000, Flags: 1,
Length: 732000, Offset: 5c7c48

Executable: 2, Read: 4, Write: 0 invoke: 256
Capability: 0x6ca300 [rxR,0x100000-0x832000] (sentry,capmode)
Is aligned: 1
Is sealed: 1
Tag: 1, Perms: 68117, Type: fffffffffffffffe, Address: 6ca300, Base: 100000, End: 832000, Flags: 1,
Length: 732000, Offset: 5ca300

--
Executable: 2, Read: 4, Write: 0 invoke: 256
Capability: 0x6ca1fa [rxR,0x100000-0x832000] (sentry,capmode)
Is aligned: 0
Is sealed: 1
Tag: 1, Perms: 68117, Type: fffffffffffffffe, Address: 6ca1fa, Base: 100000, End: 832000, Flags: 1,
Length: 732000, Offset: 5ca1fa

Executable: 2, Read: 4, Write: 0 invoke: 256
Capability: 0x45085c [rxR,0x100000-0x832000] (sentry,capmode)
Is aligned: 0
Is sealed: 1
Tag: 1, Perms: 68117, Type: fffffffffffffffe, Address: 45085c, Base: 100000, End: 832000, Flags: 1,
Length: 732000, Offset: 35085c

--
Executable: 2, Read: 4, Write: 0 invoke: 256
Capability: 0x34ef8c [rxR,0x100000-0x832000] (sentry,capmode)
Is aligned: 0
Is sealed: 1
Tag: 1, Perms: 68117, Type: fffffffffffffffe, Address: 34ef8c, Base: 100000, End: 832000, Flags: 1,
Length: 732000, Offset: 24ef8c

--
Executable: 2, Read: 4, Write: 0 invoke: 256
Capability: 0x45080a [rxR,0x100000-0x832000] (sentry,capmode)
Is aligned: 0
Is sealed: 1
Tag: 1, Perms: 68117, Type: fffffffffffffffe, Address: 45080a, Base: 100000, End: 832000, Flags: 1,
Length: 732000, Offset: 35080a

--
Executable: 2, Read: 4, Write: 0 invoke: 256
Capability: 0x44fc40 [rxR,0x100000-0x832000] (sentry,capmode)
Is aligned: 1
Is sealed: 1
Tag: 1, Perms: 68117, Type: fffffffffffffffe, Address: 44fc40, Base: 100000, End: 832000, Flags: 1,
Length: 732000, Offset: 34fc40

--
Executable: 2, Read: 4, Write: 0 invoke: 256
Capability: 0x450748 [rxR,0x100000-0x832000] (sentry,capmode)
Is aligned: 0
Is sealed: 1
Tag: 1, Perms: 68117, Type: fffffffffffffffe, Address: 450748, Base: 100000, End: 832000, Flags: 1,
Length: 732000, Offset: 350748

--
Executable: 2, Read: 4, Write: 0 invoke: 256
Capability: 0x34f04e [rxR,0x100000-0x832000] (sentry,capmode)
Is aligned: 0
Is sealed: 1
Tag: 1, Perms: 68117, Type: fffffffffffffffe, Address: 34f04e, Base: 100000, End: 832000, Flags: 1,
Length: 732000, Offset: 24f04e

Executable: 2, Read: 4, Write: 0 invoke: 256
Capability: 0x5f97d8 [rxR,0x100000-0x832000] (sentry,capmode)
Is aligned: 0
Is sealed: 1
Tag: 1, Perms: 68117, Type: fffffffffffffffe, Address: 5f97d8, Base: 100000, End: 832000, Flags: 1,
Length: 732000, Offset: 4f97d8

--
Executable: 2, Read: 4, Write: 0 invoke: 256
Capability: 0x34f004 [rxR,0x100000-0x832000] (sentry,capmode)
Is aligned: 0
Is sealed: 1
Tag: 1, Perms: 68117, Type: fffffffffffffffe, Address: 34f004, Base: 100000, End: 832000, Flags: 1,
Length: 732000, Offset: 24f004

--
Executable: 2, Read: 4, Write: 0 invoke: 256
Capability: 0x409c3bee [rxR,0x40918000-0x40f30000] (sentry,capmode)
Is aligned: 0
Is sealed: 1
Tag: 1, Perms: 68117, Type: fffffffffffffffe, Address: 409c3bee, Base: 40918000, End: 40f30000, Flag
s: 1, Length: 618000, Offset: abbee

--
Executable: 2, Read: 4, Write: 0 invoke: 256
Capability: 0x34ef58 [rxR,0x100000-0x832000] (sentry,capmode)
Is aligned: 0
Is sealed: 1
Tag: 1, Perms: 68117, Type: fffffffffffffffe, Address: 34ef58, Base: 100000, End: 832000, Flags: 1,
Length: 732000, Offset: 24ef58

Executable: 2, Read: 4, Write: 0 invoke: 256
Capability: 0x4081756c [rxR,0x4080c000-0x40834600] (sentry,capmode)
Is aligned: 0
Is sealed: 1
Tag: 1, Perms: 68117, Type: fffffffffffffffe, Address: 4081756c, Base: 4080c000, End: 40834600, Flag
s: 1, Length: 28600, Offset: b56c

--
Executable: 2, Read: 4, Write: 0 invoke: 256
Capability: 0x34ef8c [rxR,0x100000-0x832000] (sentry,capmode)
Is aligned: 0
Is sealed: 1
Tag: 1, Perms: 68117, Type: fffffffffffffffe, Address: 34ef8c, Base: 100000, End: 832000, Flags: 1,
Length: 732000, Offset: 24ef8c

--
Executable: 2, Read: 4, Write: 0 invoke: 256
Capability: 0x46b564 [rxR,0x100000-0x832000] (sentry,capmode)
Is aligned: 0
Is sealed: 1
Tag: 1, Perms: 68117, Type: fffffffffffffffe, Address: 46b564, Base: 100000, End: 832000, Flags: 1,
Length: 732000, Offset: 36b564

--
Executable: 2, Read: 4, Write: 0 invoke: 256
Capability: 0x46b922 [rxR,0x100000-0x832000] (sentry,capmode)
Is aligned: 0
Is sealed: 1
Tag: 1, Perms: 68117, Type: fffffffffffffffe, Address: 46b922, Base: 100000, End: 832000, Flags: 1,
Length: 732000, Offset: 36b922

--
Executable: 2, Read: 4, Write: 0 invoke: 256
Capability: 0x4784f4 [rxR,0x100000-0x832000] (sentry,capmode)
Is aligned: 0
Is sealed: 1
Tag: 1, Perms: 68117, Type: fffffffffffffffe, Address: 4784f4, Base: 100000, End: 832000, Flags: 1,
Length: 732000, Offset: 3784f4

--
Executable: 2, Read: 4, Write: 0 invoke: 256
Capability: 0x47f658 [rxR,0x100000-0x832000] (sentry,capmode)
Is aligned: 0
Is sealed: 1
Tag: 1, Perms: 68117, Type: fffffffffffffffe, Address: 47f658, Base: 100000, End: 832000, Flags: 1,
Length: 732000, Offset: 37f658

Executable: 2, Read: 4, Write: 0 invoke: 256
Capability: 0x477ba4 [rxR,0x100000-0x832000] (sentry,capmode)
Is aligned: 0
Is sealed: 1
Tag: 1, Perms: 68117, Type: fffffffffffffffe, Address: 477ba4, Base: 100000, End: 832000, Flags: 1,
Length: 732000, Offset: 377ba4

--
Executable: 2, Read: 4, Write: 0 invoke: 256
Capability: 0x47f21c [rxR,0x100000-0x832000] (sentry,capmode)
Is aligned: 0
Is sealed: 1
Tag: 1, Perms: 68117, Type: fffffffffffffffe, Address: 47f21c, Base: 100000, End: 832000, Flags: 1,
Length: 732000, Offset: 37f21c

--
Executable: 2, Read: 4, Write: 0 invoke: 256
Capability: 0x47e68c [rxR,0x100000-0x832000] (sentry,capmode)
Is aligned: 0
Is sealed: 1
Tag: 1, Perms: 68117, Type: fffffffffffffffe, Address: 47e68c, Base: 100000, End: 832000, Flags: 1,
Length: 732000, Offset: 37e68c

Executable: 2, Read: 4, Write: 0 invoke: 256
Capability: 0x4773fc [rxR,0x100000-0x832000] (sentry,capmode)
Is aligned: 0
Is sealed: 1
Tag: 1, Perms: 68117, Type: fffffffffffffffe, Address: 4773fc, Base: 100000, End: 832000, Flags: 1,
Length: 732000, Offset: 3773fc

--
Executable: 2, Read: 4, Write: 0 invoke: 256
Capability: 0x47e15c [rxR,0x100000-0x832000] (sentry,capmode)
Is aligned: 0
Is sealed: 1
Tag: 1, Perms: 68117, Type: fffffffffffffffe, Address: 47e15c, Base: 100000, End: 832000, Flags: 1,
Length: 732000, Offset: 37e15c

Executable: 2, Read: 4, Write: 0 invoke: 256
Capability: 0x47743a [rxR,0x100000-0x832000] (sentry,capmode)
Is aligned: 0
Is sealed: 1
Tag: 1, Perms: 68117, Type: fffffffffffffffe, Address: 47743a, Base: 100000, End: 832000, Flags: 1,
Length: 732000, Offset: 37743a

Executable: 2, Read: 4, Write: 0 invoke: 256
Capability: 0x465e98 [rxR,0x100000-0x832000] (sentry,capmode)
Is aligned: 0
Is sealed: 1
Tag: 1, Perms: 68117, Type: fffffffffffffffe, Address: 465e98, Base: 100000, End: 832000, Flags: 1,
Length: 732000, Offset: 365e98

Executable: 2, Read: 4, Write: 0 invoke: 256
Capability: 0x4772bc [rxR,0x100000-0x832000] (sentry,capmode)
Is aligned: 0
Is sealed: 1
Tag: 1, Perms: 68117, Type: fffffffffffffffe, Address: 4772bc, Base: 100000, End: 832000, Flags: 1,
Length: 732000, Offset: 3772bc

--
Executable: 2, Read: 4, Write: 0 invoke: 256
Capability: 0x476c6e [rxR,0x100000-0x832000] (sentry,capmode)
Is aligned: 0
Is sealed: 1
Tag: 1, Perms: 68117, Type: fffffffffffffffe, Address: 476c6e, Base: 100000, End: 832000, Flags: 1,
Length: 732000, Offset: 376c6e

--
Executable: 2, Read: 4, Write: 0 invoke: 256
Capability: 0x476ace [rxR,0x100000-0x832000] (sentry,capmode)
Is aligned: 0
Is sealed: 1
Tag: 1, Perms: 68117, Type: fffffffffffffffe, Address: 476ace, Base: 100000, End: 832000, Flags: 1,
Length: 732000, Offset: 376ace

--
Executable: 2, Read: 4, Write: 0 invoke: 256
Capability: 0x46742c [rxR,0x100000-0x832000] (sentry,capmode)
Is aligned: 0
Is sealed: 1
Tag: 1, Perms: 68117, Type: fffffffffffffffe, Address: 46742c, Base: 100000, End: 832000, Flags: 1,
Length: 732000, Offset: 36742c

--
Executable: 2, Read: 4, Write: 0 invoke: 256
Capability: 0x6ca95c [rxR,0x100000-0x832000] (sentry,capmode)
Is aligned: 0
Is sealed: 1
Tag: 1, Perms: 68117, Type: fffffffffffffffe, Address: 6ca95c, Base: 100000, End: 832000, Flags: 1,
Length: 732000, Offset: 5ca95c

Executable: 2, Read: 4, Write: 0 invoke: 256
Capability: 0x30 [rxR,0x100000-0x832000] (invalid,sentry,capmode)
Is aligned: 1
Is sealed: 1
Tag: 0, Perms: 0117, Type: fffffffffffffffe, Address: 0030, Base: 100000, End: 832000, Flags: 1, Len
gth: 732000, Offset: fffffffffff00030

--
Executable: 2, Read: 4, Write: 0 invoke: 256
Capability: 0x467544 [rxR,0x100000-0x832000] (sentry,capmode)
Is aligned: 0
Is sealed: 1
Tag: 1, Perms: 68117, Type: fffffffffffffffe, Address: 467544, Base: 100000, End: 832000, Flags: 1,
Length: 732000, Offset: 367544

--
Executable: 2, Read: 4, Write: 0 invoke: 256
Capability: 0x51b7d8 [rxR,0x100000-0x832000] (sentry,capmode)
Is aligned: 0
Is sealed: 1
Tag: 1, Perms: 68117, Type: fffffffffffffffe, Address: 51b7d8, Base: 100000, End: 832000, Flags: 1,
Length: 732000, Offset: 41b7d8

Executable: 2, Read: 4, Write: 0 invoke: 256
Capability: 0x51b748 [rxR,0x100000-0x832000] (sentry,capmode)
Is aligned: 0
Is sealed: 1
Tag: 1, Perms: 68117, Type: fffffffffffffffe, Address: 51b748, Base: 100000, End: 832000, Flags: 1,
Length: 732000, Offset: 41b748

--
Executable: 2, Read: 4, Write: 0 invoke: 256
Capability: 0x526d9e [rxR,0x100000-0x832000] (sentry,capmode)
Is aligned: 0
Is sealed: 1
Tag: 1, Perms: 68117, Type: fffffffffffffffe, Address: 526d9e, Base: 100000, End: 832000, Flags: 1,
Length: 732000, Offset: 426d9e

Executable: 2, Read: 4, Write: 0 invoke: 256
Capability: 0x526d4c [rxR,0x100000-0x832000] (sentry,capmode)
Is aligned: 0
Is sealed: 1
Tag: 1, Perms: 68117, Type: fffffffffffffffe, Address: 526d4c, Base: 100000, End: 832000, Flags: 1,
Length: 732000, Offset: 426d4c

Executable: 2, Read: 4, Write: 0 invoke: 256
Capability: 0x51b748 [rxR,0x100000-0x832000] (sentry,capmode)
Is aligned: 0
Is sealed: 1
Tag: 1, Perms: 68117, Type: fffffffffffffffe, Address: 51b748, Base: 100000, End: 832000, Flags: 1,
Length: 732000, Offset: 41b748

Executable: 2, Read: 4, Write: 0 invoke: 256
Capability: 0x51ef14 [rxR,0x100000-0x832000] (sentry,capmode)
Is aligned: 0
Is sealed: 1
Tag: 1, Perms: 68117, Type: fffffffffffffffe, Address: 51ef14, Base: 100000, End: 832000, Flags: 1,
Length: 732000, Offset: 41ef14

Executable: 2, Read: 4, Write: 0 invoke: 256
Capability: 0x51b748 [rxR,0x100000-0x832000] (sentry,capmode)
Is aligned: 0
Is sealed: 1
Tag: 1, Perms: 68117, Type: fffffffffffffffe, Address: 51b748, Base: 100000, End: 832000, Flags: 1,
Length: 732000, Offset: 41b748

Executable: 2, Read: 4, Write: 0 invoke: 256
Capability: 0x51ef3c [rxR,0x100000-0x832000] (sentry,capmode)
Is aligned: 0
Is sealed: 1
Tag: 1, Perms: 68117, Type: fffffffffffffffe, Address: 51ef3c, Base: 100000, End: 832000, Flags: 1,
Length: 732000, Offset: 41ef3c

--
Executable: 2, Read: 4, Write: 0 invoke: 256
Capability: 0x6eaf7e [rxR,0x100000-0x832000] (sentry,capmode)
Is aligned: 0
Is sealed: 1
Tag: 1, Perms: 68117, Type: fffffffffffffffe, Address: 6eaf7e, Base: 100000, End: 832000, Flags: 1,
Length: 732000, Offset: 5eaf7e

Executable: 2, Read: 4, Write: 0 invoke: 256
Capability: 0x51ef1c [rxR,0x100000-0x832000] (sentry,capmode)
Is aligned: 0
Is sealed: 1
Tag: 1, Perms: 68117, Type: fffffffffffffffe, Address: 51ef1c, Base: 100000, End: 832000, Flags: 1,
Length: 732000, Offset: 41ef1c

Executable: 2, Read: 4, Write: 0 invoke: 256
Capability: 0x51ef1c [rxR,0x100000-0x832000] (sentry,capmode)
Is aligned: 0
Is sealed: 1
Tag: 1, Perms: 68117, Type: fffffffffffffffe, Address: 51ef1c, Base: 100000, End: 832000, Flags: 1,
Length: 732000, Offset: 41ef1c

--
Executable: 2, Read: 4, Write: 0 invoke: 256
Capability: 0x6dc9c6 [rxR,0x100000-0x832000] (sentry,capmode)
Is aligned: 0
Is sealed: 1
Tag: 1, Perms: 68117, Type: fffffffffffffffe, Address: 6dc9c6, Base: 100000, End: 832000, Flags: 1,
Length: 732000, Offset: 5dc9c6

--
Executable: 2, Read: 4, Write: 0 invoke: 256
Capability: 0x6deccc [rxR,0x100000-0x832000] (sentry,capmode)
Is aligned: 0
Is sealed: 1
Tag: 1, Perms: 68117, Type: fffffffffffffffe, Address: 6deccc, Base: 100000, End: 832000, Flags: 1,
Length: 732000, Offset: 5deccc

--
Executable: 2, Read: 4, Write: 8 invoke: 256
Capability: 0x7780b520 [rwxRW,0x777fc000-0x7781c000] (invalid,sealed,capmode)
Is aligned: 1
Is sealed: 1
Tag: 0, Perms: 78fff, Type: 1f, Address: 7780b520, Base: 777fc000, End: 7781c000, Flags: 1, Length:
20000, Offset: f520

--
Executable: 2, Read: 4, Write: 0 invoke: 256
Capability: 0x6dcbe0 [rxR,0x100000-0x832000] (sentry,capmode)
Is aligned: 1
Is sealed: 1
Tag: 1, Perms: 68117, Type: fffffffffffffffe, Address: 6dcbe0, Base: 100000, End: 832000, Flags: 1,
Length: 732000, Offset: 5dcbe0

--
Executable: 2, Read: 4, Write: 0 invoke: 256
Capability: 0x6ad8e6 [rxR,0x100000-0x832000] (sentry,capmode)
Is aligned: 0
Is sealed: 1
Tag: 1, Perms: 68117, Type: fffffffffffffffe, Address: 6ad8e6, Base: 100000, End: 832000, Flags: 1,
Length: 732000, Offset: 5ad8e6

--
Executable: 2, Read: 4, Write: 0 invoke: 256
Capability: 0x6b407a [rxR,0x100000-0x832000] (sentry,capmode)
Is aligned: 0
Is sealed: 1
Tag: 1, Perms: 68117, Type: fffffffffffffffe, Address: 6b407a, Base: 100000, End: 832000, Flags: 1,
Length: 732000, Offset: 5b407a

--
Executable: 2, Read: 4, Write: 0 invoke: 256
Capability: 0x4085743e [rxR,0x4083f000-0x40879000] (sentry,capmode)
Is aligned: 0
Is sealed: 1
Tag: 1, Perms: 68117, Type: fffffffffffffffe, Address: 4085743e, Base: 4083f000, End: 40879000, Flag
s: 1, Length: 3a000, Offset: 1843e

--
Executable: 2, Read: 0, Write: 8 invoke: 0
Capability: 0x55555555 [wxW,0x55552000-0x55552a00] (invalid,sealed,capmode)
Is aligned: 0
Is sealed: 1
Tag: 0, Perms: 20aeb, Type: 2667f, Address: 55555555, Base: 55552000, End: 55552a00, Flags: 1, Lengt
h: 0a00, Offset: 3555

--
Executable: 2, Read: 4, Write: 0 invoke: 256
Capability: 0x40a90c30 [rxR,0x40918000-0x40f30000] (sentry,capmode)
Is aligned: 1
Is sealed: 1
Tag: 1, Perms: 68117, Type: fffffffffffffffe, Address: 40a90c30, Base: 40918000, End: 40f30000, Flag
s: 1, Length: 618000, Offset: 178c30

--
Executable: 2, Read: 4, Write: 0 invoke: 256
Capability: 0x6b3fa2 [rxR,0x100000-0x832000] (sentry,capmode)
Is aligned: 0
Is sealed: 1
Tag: 1, Perms: 68117, Type: fffffffffffffffe, Address: 6b3fa2, Base: 100000, End: 832000, Flags: 1,
Length: 732000, Offset: 5b3fa2

--
Executable: 2, Read: 4, Write: 0 invoke: 256
Capability: 0x6243a2 [rxR,0x100000-0x832000] (invalid,sentry,capmode)
Is aligned: 0
Is sealed: 1
Tag: 0, Perms: 0117, Type: fffffffffffffffe, Address: 6243a2, Base: 100000, End: 832000, Flags: 1, L
ength: 732000, Offset: 5243a2

--
Executable: 2, Read: 4, Write: 0 invoke: 256
Capability: 0x11e06522c8b09f2 [rxR,0x11e06522c100000-0x11e06522c832000] (invalid,sentry,capmode)
Is aligned: 0
Is sealed: 1
Tag: 0, Perms: 68117, Type: fffffffffffffffe, Address: 11e06522c8b09f2, Base: 11e06522c100000, End:
11e06522c832000, Flags: 1, Length: 732000, Offset: 7b09f2

--
Executable: 2, Read: 4, Write: 0 invoke: 0
Capability: 0x362aa4 [rxR,0x100000-0x832000] (invalid,sentry,capmode)
Is aligned: 0
Is sealed: 1
Tag: 0, Perms: 0017, Type: fffffffffffffffe, Address: 362aa4, Base: 100000, End: 832000, Flags: 1, L
ength: 732000, Offset: 262aa4

--
Executable: 2, Read: 4, Write: 0 invoke: 256
Capability: 0x62396c [rxR,0x100000-0x832000] (sentry,capmode)
Is aligned: 0
Is sealed: 1
Tag: 1, Perms: 68117, Type: fffffffffffffffe, Address: 62396c, Base: 100000, End: 832000, Flags: 1,
Length: 732000, Offset: 52396c

--
Executable: 2, Read: 4, Write: 8 invoke: 256
Capability: 0x7780b000 [rwxRW,0x7780bfea-0x7780bff9] (invalid,sealed,capmode)
Is aligned: 1
Is sealed: 1
Tag: 0, Perms: 78fff, Type: 0, Address: 7780b000, Base: 7780bfea, End: 7780bff9, Flags: 1, Length: 0
00f, Offset: fffffffffffff016

--
Executable: 2, Read: 4, Write: 0 invoke: 256
Capability: 0x6154ee [rxR,0x100000-0x832000] (sentry,capmode)
Is aligned: 0
Is sealed: 1
Tag: 1, Perms: 68117, Type: fffffffffffffffe, Address: 6154ee, Base: 100000, End: 832000, Flags: 1,
Length: 732000, Offset: 5154ee

--
Executable: 2, Read: 4, Write: 0 invoke: 256
Capability: 0x658d56 [rxR,0x100000-0x832000] (sentry,capmode)
Is aligned: 0
Is sealed: 1
Tag: 1, Perms: 68117, Type: fffffffffffffffe, Address: 658d56, Base: 100000, End: 832000, Flags: 1,
Length: 732000, Offset: 558d56

--
Executable: 2, Read: 4, Write: 0 invoke: 256
Capability: 0x65626a [rxR,0x100000-0x832000] (sentry,capmode)
Is aligned: 0
Is sealed: 1
Tag: 1, Perms: 68117, Type: fffffffffffffffe, Address: 65626a, Base: 100000, End: 832000, Flags: 1,
Length: 732000, Offset: 55626a

--
Executable: 2, Read: 4, Write: 0 invoke: 256
Capability: 0x654bae [rxR,0x100000-0x832000] (sentry,capmode)
Is aligned: 0
Is sealed: 1
Tag: 1, Perms: 68117, Type: fffffffffffffffe, Address: 654bae, Base: 100000, End: 832000, Flags: 1,
Length: 732000, Offset: 554bae

--
Executable: 2, Read: 4, Write: 0 invoke: 256
Capability: 0x655aa0 [rxR,0x100000-0x832000] (sentry,capmode)
Is aligned: 1
Is sealed: 1
Tag: 1, Perms: 68117, Type: fffffffffffffffe, Address: 655aa0, Base: 100000, End: 832000, Flags: 1,
Length: 732000, Offset: 555aa0

--
Executable: 2, Read: 4, Write: 0 invoke: 256
Capability: 0x6dd74e [rxR,0x100000-0x832000] (sentry,capmode)
Is aligned: 0
Is sealed: 1
Tag: 1, Perms: 68117, Type: fffffffffffffffe, Address: 6dd74e, Base: 100000, End: 832000, Flags: 1,
Length: 732000, Offset: 5dd74e

--
Executable: 2, Read: 4, Write: 0 invoke: 256
Capability: 0x6edb38 [rxR,0x100000-0x832000] (sentry,capmode)
Is aligned: 0
Is sealed: 1
Tag: 1, Perms: 68117, Type: fffffffffffffffe, Address: 6edb38, Base: 100000, End: 832000, Flags: 1,
Length: 732000, Offset: 5edb38

--
Executable: 2, Read: 4, Write: 0 invoke: 256
Capability: 0x4081df7a [rxR,0x4080c000-0x40834600] (invalid,sentry,capmode)
Is aligned: 0
Is sealed: 1
Tag: 0, Perms: 0117, Type: fffffffffffffffe, Address: 4081df7a, Base: 4080c000, End: 40834600, Flags
: 1, Length: 28600, Offset: 11f7a

--
Executable: 2, Read: 4, Write: 0 invoke: 256
Capability: 0x3 [rxR,0x100000-0x832000] (invalid,sentry,capmode)
Is aligned: 0
Is sealed: 1
Tag: 0, Perms: 0117, Type: fffffffffffffffe, Address: 0003, Base: 100000, End: 832000, Flags: 1, Len
gth: 732000, Offset: fffffffffff00003

--
Executable: 2, Read: 4, Write: 0 invoke: 256
Capability: 0x6aa3e6 [rxR,0x100000-0x832000] (sentry,capmode)
Is aligned: 0
Is sealed: 1
Tag: 1, Perms: 68117, Type: fffffffffffffffe, Address: 6aa3e6, Base: 100000, End: 832000, Flags: 1,
Length: 732000, Offset: 5aa3e6

--
Executable: 2, Read: 4, Write: 0 invoke: 256
Capability: 0x6f2d56 [rxR,0x100000-0x832000] (sentry,capmode)
Is aligned: 0
Is sealed: 1
Tag: 1, Perms: 68117, Type: fffffffffffffffe, Address: 6f2d56, Base: 100000, End: 832000, Flags: 1,
Length: 732000, Offset: 5f2d56

--
Executable: 2, Read: 4, Write: 0 invoke: 256
Capability: 0x476b70 [rxR,0x100000-0x832000] (sentry,capmode)
Is aligned: 1
Is sealed: 1
Tag: 1, Perms: 68117, Type: fffffffffffffffe, Address: 476b70, Base: 100000, End: 832000, Flags: 1,
Length: 732000, Offset: 376b70

--
Executable: 2, Read: 4, Write: 0 invoke: 256
Capability: 0x6ca07e [rxR,0x100000-0x832000] (sentry,capmode)
Is aligned: 0
Is sealed: 1
Tag: 1, Perms: 68117, Type: fffffffffffffffe, Address: 6ca07e, Base: 100000, End: 832000, Flags: 1,
Length: 732000, Offset: 5ca07e

--
Executable: 2, Read: 4, Write: 0 invoke: 256
Capability: 0x6adde2 [rxR,0x100000-0x832000] (sentry,capmode)
Is aligned: 0
Is sealed: 1
Tag: 1, Perms: 68117, Type: fffffffffffffffe, Address: 6adde2, Base: 100000, End: 832000, Flags: 1,
Length: 732000, Offset: 5adde2

--
Executable: 2, Read: 4, Write: 0 invoke: 256
Capability: 0x34ef8c [rxR,0x100000-0x832000] (sentry,capmode)
Is aligned: 0
Is sealed: 1
Tag: 1, Perms: 68117, Type: fffffffffffffffe, Address: 34ef8c, Base: 100000, End: 832000, Flags: 1,
Length: 732000, Offset: 24ef8c

--
Executable: 2, Read: 4, Write: 0 invoke: 256
Capability: 0x6add36 [rxR,0x100000-0x832000] (sentry,capmode)
Is aligned: 0
Is sealed: 1
Tag: 1, Perms: 68117, Type: fffffffffffffffe, Address: 6add36, Base: 100000, End: 832000, Flags: 1,
Length: 732000, Offset: 5add36

--
Executable: 2, Read: 4, Write: 0 invoke: 256
Capability: 0x6c7c48 [rxR,0x100000-0x832000] (sentry,capmode)
Is aligned: 0
Is sealed: 1
Tag: 1, Perms: 68117, Type: fffffffffffffffe, Address: 6c7c48, Base: 100000, End: 832000, Flags: 1,
Length: 732000, Offset: 5c7c48

Executable: 2, Read: 4, Write: 0 invoke: 256
Capability: 0x6ca300 [rxR,0x100000-0x832000] (sentry,capmode)
Is aligned: 1
Is sealed: 1
Tag: 1, Perms: 68117, Type: fffffffffffffffe, Address: 6ca300, Base: 100000, End: 832000, Flags: 1,
Length: 732000, Offset: 5ca300

--
Executable: 2, Read: 4, Write: 0 invoke: 256
Capability: 0x6ca1fa [rxR,0x100000-0x832000] (sentry,capmode)
Is aligned: 0
Is sealed: 1
Tag: 1, Perms: 68117, Type: fffffffffffffffe, Address: 6ca1fa, Base: 100000, End: 832000, Flags: 1,
Length: 732000, Offset: 5ca1fa

Executable: 2, Read: 4, Write: 0 invoke: 256
Capability: 0x45085c [rxR,0x100000-0x832000] (sentry,capmode)
Is aligned: 0
Is sealed: 1
Tag: 1, Perms: 68117, Type: fffffffffffffffe, Address: 45085c, Base: 100000, End: 832000, Flags: 1,
Length: 732000, Offset: 35085c

--
Executable: 2, Read: 4, Write: 0 invoke: 256
Capability: 0x34ef8c [rxR,0x100000-0x832000] (sentry,capmode)
Is aligned: 0
Is sealed: 1
Tag: 1, Perms: 68117, Type: fffffffffffffffe, Address: 34ef8c, Base: 100000, End: 832000, Flags: 1,
Length: 732000, Offset: 24ef8c

--
Executable: 2, Read: 4, Write: 0 invoke: 256
Capability: 0x45080a [rxR,0x100000-0x832000] (sentry,capmode)
Is aligned: 0
Is sealed: 1
Tag: 1, Perms: 68117, Type: fffffffffffffffe, Address: 45080a, Base: 100000, End: 832000, Flags: 1,
Length: 732000, Offset: 35080a

--
Executable: 2, Read: 4, Write: 0 invoke: 256
Capability: 0x44fc40 [rxR,0x100000-0x832000] (sentry,capmode)
Is aligned: 1
Is sealed: 1
Tag: 1, Perms: 68117, Type: fffffffffffffffe, Address: 44fc40, Base: 100000, End: 832000, Flags: 1,
Length: 732000, Offset: 34fc40

--
Executable: 2, Read: 4, Write: 0 invoke: 256
Capability: 0x450748 [rxR,0x100000-0x832000] (sentry,capmode)
Is aligned: 0
Is sealed: 1
Tag: 1, Perms: 68117, Type: fffffffffffffffe, Address: 450748, Base: 100000, End: 832000, Flags: 1,
Length: 732000, Offset: 350748

--
Executable: 2, Read: 4, Write: 0 invoke: 256
Capability: 0x34f04e [rxR,0x100000-0x832000] (sentry,capmode)
Is aligned: 0
Is sealed: 1
Tag: 1, Perms: 68117, Type: fffffffffffffffe, Address: 34f04e, Base: 100000, End: 832000, Flags: 1,
Length: 732000, Offset: 24f04e

Executable: 2, Read: 4, Write: 0 invoke: 256
Capability: 0x5f97d8 [rxR,0x100000-0x832000] (sentry,capmode)
Is aligned: 0
Is sealed: 1
Tag: 1, Perms: 68117, Type: fffffffffffffffe, Address: 5f97d8, Base: 100000, End: 832000, Flags: 1,
Length: 732000, Offset: 4f97d8

--
Executable: 2, Read: 4, Write: 0 invoke: 256
Capability: 0x34f004 [rxR,0x100000-0x832000] (sentry,capmode)
Is aligned: 0
Is sealed: 1
Tag: 1, Perms: 68117, Type: fffffffffffffffe, Address: 34f004, Base: 100000, End: 832000, Flags: 1,
Length: 732000, Offset: 24f004

--
Executable: 2, Read: 4, Write: 0 invoke: 256
Capability: 0x409c3bee [rxR,0x40918000-0x40f30000] (sentry,capmode)
Is aligned: 0
Is sealed: 1
Tag: 1, Perms: 68117, Type: fffffffffffffffe, Address: 409c3bee, Base: 40918000, End: 40f30000, Flag
s: 1, Length: 618000, Offset: abbee

--
Executable: 2, Read: 4, Write: 0 invoke: 256
Capability: 0x34ef58 [rxR,0x100000-0x832000] (sentry,capmode)
Is aligned: 0
Is sealed: 1
Tag: 1, Perms: 68117, Type: fffffffffffffffe, Address: 34ef58, Base: 100000, End: 832000, Flags: 1,
Length: 732000, Offset: 24ef58

Executable: 2, Read: 4, Write: 0 invoke: 256
Capability: 0x4081756c [rxR,0x4080c000-0x40834600] (sentry,capmode)
Is aligned: 0
Is sealed: 1
Tag: 1, Perms: 68117, Type: fffffffffffffffe, Address: 4081756c, Base: 4080c000, End: 40834600, Flag
s: 1, Length: 28600, Offset: b56c

--
Executable: 2, Read: 4, Write: 0 invoke: 256
Capability: 0x34ef8c [rxR,0x100000-0x832000] (sentry,capmode)
Is aligned: 0
Is sealed: 1
Tag: 1, Perms: 68117, Type: fffffffffffffffe, Address: 34ef8c, Base: 100000, End: 832000, Flags: 1,
Length: 732000, Offset: 24ef8c

--
Executable: 2, Read: 4, Write: 0 invoke: 256
Capability: 0x46b564 [rxR,0x100000-0x832000] (sentry,capmode)
Is aligned: 0
Is sealed: 1
Tag: 1, Perms: 68117, Type: fffffffffffffffe, Address: 46b564, Base: 100000, End: 832000, Flags: 1,
Length: 732000, Offset: 36b564

--
Executable: 2, Read: 4, Write: 0 invoke: 256
Capability: 0x46b922 [rxR,0x100000-0x832000] (sentry,capmode)
Is aligned: 0
Is sealed: 1
Tag: 1, Perms: 68117, Type: fffffffffffffffe, Address: 46b922, Base: 100000, End: 832000, Flags: 1,
Length: 732000, Offset: 36b922

--
Executable: 2, Read: 4, Write: 0 invoke: 256
Capability: 0x4784f4 [rxR,0x100000-0x832000] (sentry,capmode)
Is aligned: 0
Is sealed: 1
Tag: 1, Perms: 68117, Type: fffffffffffffffe, Address: 4784f4, Base: 100000, End: 832000, Flags: 1,
Length: 732000, Offset: 3784f4

--
Executable: 2, Read: 4, Write: 0 invoke: 256
Capability: 0x477c24 [rxR,0x100000-0x832000] (sentry,capmode)
Is aligned: 0
Is sealed: 1
Tag: 1, Perms: 68117, Type: fffffffffffffffe, Address: 477c24, Base: 100000, End: 832000, Flags: 1,
Length: 732000, Offset: 377c24

--
Executable: 2, Read: 4, Write: 0 invoke: 256
Capability: 0x477bea [rxR,0x100000-0x832000] (sentry,capmode)
Is aligned: 0
Is sealed: 1
Tag: 1, Perms: 68117, Type: fffffffffffffffe, Address: 477bea, Base: 100000, End: 832000, Flags: 1,
Length: 732000, Offset: 377bea

--
Executable: 2, Read: 4, Write: 0 invoke: 256
Capability: 0x477b36 [rxR,0x100000-0x832000] (sentry,capmode)
Is aligned: 0
Is sealed: 1
Tag: 1, Perms: 68117, Type: fffffffffffffffe, Address: 477b36, Base: 100000, End: 832000, Flags: 1,
Length: 732000, Offset: 377b36

--
Executable: 2, Read: 4, Write: 0 invoke: 256
Capability: 0x477654 [rxR,0x100000-0x832000] (sentry,capmode)
Is aligned: 0
Is sealed: 1
Tag: 1, Perms: 68117, Type: fffffffffffffffe, Address: 477654, Base: 100000, End: 832000, Flags: 1,
Length: 732000, Offset: 377654

--
Executable: 2, Read: 4, Write: 0 invoke: 256
Capability: 0x47738c [rxR,0x100000-0x832000] (sentry,capmode)
Is aligned: 0
Is sealed: 1
Tag: 1, Perms: 68117, Type: fffffffffffffffe, Address: 47738c, Base: 100000, End: 832000, Flags: 1,
Length: 732000, Offset: 37738c

--
Executable: 2, Read: 4, Write: 0 invoke: 256
Capability: 0x477274 [rxR,0x100000-0x832000] (sentry,capmode)
Is aligned: 0
Is sealed: 1
Tag: 1, Perms: 68117, Type: fffffffffffffffe, Address: 477274, Base: 100000, End: 832000, Flags: 1,
Length: 732000, Offset: 377274

--
Executable: 2, Read: 4, Write: 0 invoke: 256
Capability: 0x476c6e [rxR,0x100000-0x832000] (sentry,capmode)
Is aligned: 0
Is sealed: 1
Tag: 1, Perms: 68117, Type: fffffffffffffffe, Address: 476c6e, Base: 100000, End: 832000, Flags: 1,
Length: 732000, Offset: 376c6e

--
Executable: 2, Read: 4, Write: 0 invoke: 256
Capability: 0x476ace [rxR,0x100000-0x832000] (sentry,capmode)
Is aligned: 0
Is sealed: 1
Tag: 1, Perms: 68117, Type: fffffffffffffffe, Address: 476ace, Base: 100000, End: 832000, Flags: 1,
Length: 732000, Offset: 376ace

--
Executable: 2, Read: 4, Write: 0 invoke: 256
Capability: 0x46742c [rxR,0x100000-0x832000] (sentry,capmode)
Is aligned: 0
Is sealed: 1
Tag: 1, Perms: 68117, Type: fffffffffffffffe, Address: 46742c, Base: 100000, End: 832000, Flags: 1,
Length: 732000, Offset: 36742c

--
Executable: 2, Read: 4, Write: 0 invoke: 256
Capability: 0x6ca95c [rxR,0x100000-0x832000] (sentry,capmode)
Is aligned: 0
Is sealed: 1
Tag: 1, Perms: 68117, Type: fffffffffffffffe, Address: 6ca95c, Base: 100000, End: 832000, Flags: 1,
Length: 732000, Offset: 5ca95c

Executable: 2, Read: 4, Write: 0 invoke: 256
Capability: 0x30 [rxR,0x100000-0x832000] (invalid,sentry,capmode)
Is aligned: 1
Is sealed: 1
Tag: 0, Perms: 0117, Type: fffffffffffffffe, Address: 0030, Base: 100000, End: 832000, Flags: 1, Len
gth: 732000, Offset: fffffffffff00030

--
Executable: 2, Read: 4, Write: 0 invoke: 256
Capability: 0x467544 [rxR,0x100000-0x832000] (sentry,capmode)
Is aligned: 0
Is sealed: 1
Tag: 1, Perms: 68117, Type: fffffffffffffffe, Address: 467544, Base: 100000, End: 832000, Flags: 1,
Length: 732000, Offset: 367544

--
Executable: 2, Read: 4, Write: 0 invoke: 256
Capability: 0x51b7d8 [rxR,0x100000-0x832000] (sentry,capmode)
Is aligned: 0
Is sealed: 1
Tag: 1, Perms: 68117, Type: fffffffffffffffe, Address: 51b7d8, Base: 100000, End: 832000, Flags: 1,
Length: 732000, Offset: 41b7d8

Executable: 2, Read: 4, Write: 0 invoke: 256
Capability: 0x51b748 [rxR,0x100000-0x832000] (sentry,capmode)
Is aligned: 0
Is sealed: 1
Tag: 1, Perms: 68117, Type: fffffffffffffffe, Address: 51b748, Base: 100000, End: 832000, Flags: 1,
Length: 732000, Offset: 41b748

--
Executable: 2, Read: 4, Write: 0 invoke: 256
Capability: 0x526d9e [rxR,0x100000-0x832000] (sentry,capmode)
Is aligned: 0
Is sealed: 1
Tag: 1, Perms: 68117, Type: fffffffffffffffe, Address: 526d9e, Base: 100000, End: 832000, Flags: 1,
Length: 732000, Offset: 426d9e

Executable: 2, Read: 4, Write: 0 invoke: 256
Capability: 0x526d4c [rxR,0x100000-0x832000] (sentry,capmode)
Is aligned: 0
Is sealed: 1
Tag: 1, Perms: 68117, Type: fffffffffffffffe, Address: 526d4c, Base: 100000, End: 832000, Flags: 1,
Length: 732000, Offset: 426d4c

Executable: 2, Read: 4, Write: 0 invoke: 256
Capability: 0x51b748 [rxR,0x100000-0x832000] (sentry,capmode)
Is aligned: 0
Is sealed: 1
Tag: 1, Perms: 68117, Type: fffffffffffffffe, Address: 51b748, Base: 100000, End: 832000, Flags: 1,
Length: 732000, Offset: 41b748

Executable: 2, Read: 4, Write: 0 invoke: 256
Capability: 0x51ef14 [rxR,0x100000-0x832000] (sentry,capmode)
Is aligned: 0
Is sealed: 1
Tag: 1, Perms: 68117, Type: fffffffffffffffe, Address: 51ef14, Base: 100000, End: 832000, Flags: 1,
Length: 732000, Offset: 41ef14

Executable: 2, Read: 4, Write: 0 invoke: 256
Capability: 0x51b748 [rxR,0x100000-0x832000] (sentry,capmode)
Is aligned: 0
Is sealed: 1
Tag: 1, Perms: 68117, Type: fffffffffffffffe, Address: 51b748, Base: 100000, End: 832000, Flags: 1,
Length: 732000, Offset: 41b748

Executable: 2, Read: 4, Write: 0 invoke: 256
Capability: 0x51ef3c [rxR,0x100000-0x832000] (sentry,capmode)
Is aligned: 0
Is sealed: 1
Tag: 1, Perms: 68117, Type: fffffffffffffffe, Address: 51ef3c, Base: 100000, End: 832000, Flags: 1,
Length: 732000, Offset: 41ef3c

--
Executable: 2, Read: 4, Write: 0 invoke: 256
Capability: 0x6eaf7e [rxR,0x100000-0x832000] (sentry,capmode)
Is aligned: 0
Is sealed: 1
Tag: 1, Perms: 68117, Type: fffffffffffffffe, Address: 6eaf7e, Base: 100000, End: 832000, Flags: 1,
Length: 732000, Offset: 5eaf7e

Executable: 2, Read: 4, Write: 0 invoke: 256
Capability: 0x51ef1c [rxR,0x100000-0x832000] (sentry,capmode)
Is aligned: 0
Is sealed: 1
Tag: 1, Perms: 68117, Type: fffffffffffffffe, Address: 51ef1c, Base: 100000, End: 832000, Flags: 1,
Length: 732000, Offset: 41ef1c

Executable: 2, Read: 4, Write: 0 invoke: 256
Capability: 0x51ef1c [rxR,0x100000-0x832000] (sentry,capmode)
Is aligned: 0
Is sealed: 1
Tag: 1, Perms: 68117, Type: fffffffffffffffe, Address: 51ef1c, Base: 100000, End: 832000, Flags: 1,
Length: 732000, Offset: 41ef1c

--
Executable: 2, Read: 4, Write: 0 invoke: 256
Capability: 0x6dc9c6 [rxR,0x100000-0x832000] (sentry,capmode)
Is aligned: 0
Is sealed: 1
Tag: 1, Perms: 68117, Type: fffffffffffffffe, Address: 6dc9c6, Base: 100000, End: 832000, Flags: 1,
Length: 732000, Offset: 5dc9c6

--
Executable: 2, Read: 4, Write: 0 invoke: 256
Capability: 0x6deccc [rxR,0x100000-0x832000] (sentry,capmode)
Is aligned: 0
Is sealed: 1
Tag: 1, Perms: 68117, Type: fffffffffffffffe, Address: 6deccc, Base: 100000, End: 832000, Flags: 1,
Length: 732000, Offset: 5deccc

--
Executable: 2, Read: 4, Write: 8 invoke: 256
Capability: 0x7780b520 [rwxRW,0x777fc000-0x7781c000] (invalid,sealed,capmode)
Is aligned: 1
Is sealed: 1
Tag: 0, Perms: 78fff, Type: 1f, Address: 7780b520, Base: 777fc000, End: 7781c000, Flags: 1, Length:
20000, Offset: f520

--
Executable: 2, Read: 4, Write: 0 invoke: 256
Capability: 0x6dcbe0 [rxR,0x100000-0x832000] (sentry,capmode)
Is aligned: 1
Is sealed: 1
Tag: 1, Perms: 68117, Type: fffffffffffffffe, Address: 6dcbe0, Base: 100000, End: 832000, Flags: 1,
Length: 732000, Offset: 5dcbe0

--
Executable: 2, Read: 4, Write: 0 invoke: 256
Capability: 0x6ad8e6 [rxR,0x100000-0x832000] (sentry,capmode)
Is aligned: 0
Is sealed: 1
Tag: 1, Perms: 68117, Type: fffffffffffffffe, Address: 6ad8e6, Base: 100000, End: 832000, Flags: 1,
Length: 732000, Offset: 5ad8e6

--
Executable: 2, Read: 4, Write: 0 invoke: 256
Capability: 0x6b407a [rxR,0x100000-0x832000] (sentry,capmode)
Is aligned: 0
Is sealed: 1
Tag: 1, Perms: 68117, Type: fffffffffffffffe, Address: 6b407a, Base: 100000, End: 832000, Flags: 1,
Length: 732000, Offset: 5b407a

--
Executable: 2, Read: 4, Write: 0 invoke: 256
Capability: 0x4085743e [rxR,0x4083f000-0x40879000] (sentry,capmode)
Is aligned: 0
Is sealed: 1
Tag: 1, Perms: 68117, Type: fffffffffffffffe, Address: 4085743e, Base: 4083f000, End: 40879000, Flag
s: 1, Length: 3a000, Offset: 1843e

--
Executable: 2, Read: 0, Write: 8 invoke: 0
Capability: 0x55555555 [wxW,0x55552000-0x55552a00] (invalid,sealed,capmode)
Is aligned: 0
Is sealed: 1
Tag: 0, Perms: 20aeb, Type: 2667f, Address: 55555555, Base: 55552000, End: 55552a00, Flags: 1, Lengt
h: 0a00, Offset: 3555

--
Executable: 2, Read: 4, Write: 0 invoke: 256
Capability: 0x40a90c30 [rxR,0x40918000-0x40f30000] (sentry,capmode)
Is aligned: 1
Is sealed: 1
Tag: 1, Perms: 68117, Type: fffffffffffffffe, Address: 40a90c30, Base: 40918000, End: 40f30000, Flag
s: 1, Length: 618000, Offset: 178c30

--
Executable: 2, Read: 4, Write: 0 invoke: 256
Capability: 0x6b3fa2 [rxR,0x100000-0x832000] (sentry,capmode)
Is aligned: 0
Is sealed: 1
Tag: 1, Perms: 68117, Type: fffffffffffffffe, Address: 6b3fa2, Base: 100000, End: 832000, Flags: 1,
Length: 732000, Offset: 5b3fa2

--
Executable: 2, Read: 4, Write: 0 invoke: 256
Capability: 0x6243a2 [rxR,0x100000-0x832000] (invalid,sentry,capmode)
Is aligned: 0
Is sealed: 1
Tag: 0, Perms: 0117, Type: fffffffffffffffe, Address: 6243a2, Base: 100000, End: 832000, Flags: 1, L
ength: 732000, Offset: 5243a2

--
Executable: 2, Read: 4, Write: 0 invoke: 256
Capability: 0x11e06522c8b09f2 [rxR,0x11e06522c100000-0x11e06522c832000] (invalid,sentry,capmode)
Is aligned: 0
Is sealed: 1
Tag: 0, Perms: 68117, Type: fffffffffffffffe, Address: 11e06522c8b09f2, Base: 11e06522c100000, End:
11e06522c832000, Flags: 1, Length: 732000, Offset: 7b09f2

--
Executable: 2, Read: 4, Write: 0 invoke: 0
Capability: 0x362aa4 [rxR,0x100000-0x832000] (invalid,sentry,capmode)
Is aligned: 0
Is sealed: 1
Tag: 0, Perms: 0017, Type: fffffffffffffffe, Address: 362aa4, Base: 100000, End: 832000, Flags: 1, L
ength: 732000, Offset: 262aa4

--
Executable: 2, Read: 4, Write: 0 invoke: 256
Capability: 0x62396c [rxR,0x100000-0x832000] (sentry,capmode)
Is aligned: 0
Is sealed: 1
Tag: 1, Perms: 68117, Type: fffffffffffffffe, Address: 62396c, Base: 100000, End: 832000, Flags: 1,
Length: 732000, Offset: 52396c

--
Executable: 2, Read: 4, Write: 8 invoke: 256
Capability: 0x7780b000 [rwxRW,0x7780bfea-0x7780bff9] (invalid,sealed,capmode)
Is aligned: 1
Is sealed: 1
Tag: 0, Perms: 78fff, Type: 0, Address: 7780b000, Base: 7780bfea, End: 7780bff9, Flags: 1, Length: 0
00f, Offset: fffffffffffff016

--
Executable: 2, Read: 4, Write: 0 invoke: 256
Capability: 0x6154ee [rxR,0x100000-0x832000] (sentry,capmode)
Is aligned: 0
Is sealed: 1
Tag: 1, Perms: 68117, Type: fffffffffffffffe, Address: 6154ee, Base: 100000, End: 832000, Flags: 1,
Length: 732000, Offset: 5154ee

--
Executable: 2, Read: 4, Write: 0 invoke: 256
Capability: 0x658d56 [rxR,0x100000-0x832000] (sentry,capmode)
Is aligned: 0
Is sealed: 1
Tag: 1, Perms: 68117, Type: fffffffffffffffe, Address: 658d56, Base: 100000, End: 832000, Flags: 1,
Length: 732000, Offset: 558d56

--
Executable: 2, Read: 4, Write: 0 invoke: 256
Capability: 0x65626a [rxR,0x100000-0x832000] (sentry,capmode)
Is aligned: 0
Is sealed: 1
Tag: 1, Perms: 68117, Type: fffffffffffffffe, Address: 65626a, Base: 100000, End: 832000, Flags: 1,
Length: 732000, Offset: 55626a

--
Executable: 2, Read: 4, Write: 0 invoke: 256
Capability: 0x654bae [rxR,0x100000-0x832000] (sentry,capmode)
Is aligned: 0
Is sealed: 1
Tag: 1, Perms: 68117, Type: fffffffffffffffe, Address: 654bae, Base: 100000, End: 832000, Flags: 1,
Length: 732000, Offset: 554bae

--
Executable: 2, Read: 4, Write: 0 invoke: 256
Capability: 0x655aa0 [rxR,0x100000-0x832000] (sentry,capmode)
Is aligned: 1
Is sealed: 1
Tag: 1, Perms: 68117, Type: fffffffffffffffe, Address: 655aa0, Base: 100000, End: 832000, Flags: 1,
Length: 732000, Offset: 555aa0

--
Executable: 2, Read: 4, Write: 0 invoke: 256
Capability: 0x6dd74e [rxR,0x100000-0x832000] (sentry,capmode)
Is aligned: 0
Is sealed: 1
Tag: 1, Perms: 68117, Type: fffffffffffffffe, Address: 6dd74e, Base: 100000, End: 832000, Flags: 1,
Length: 732000, Offset: 5dd74e

--
Executable: 2, Read: 4, Write: 0 invoke: 256
Capability: 0x6edb38 [rxR,0x100000-0x832000] (sentry,capmode)
Is aligned: 0
Is sealed: 1
Tag: 1, Perms: 68117, Type: fffffffffffffffe, Address: 6edb38, Base: 100000, End: 832000, Flags: 1,
Length: 732000, Offset: 5edb38

--
Executable: 2, Read: 4, Write: 0 invoke: 256
Capability: 0x4081df7a [rxR,0x4080c000-0x40834600] (invalid,sentry,capmode)
Is aligned: 0
Is sealed: 1
Tag: 0, Perms: 0117, Type: fffffffffffffffe, Address: 4081df7a, Base: 4080c000, End: 40834600, Flags
: 1, Length: 28600, Offset: 11f7a

--
Executable: 2, Read: 4, Write: 0 invoke: 256
Capability: 0x3 [rxR,0x100000-0x832000] (invalid,sentry,capmode)
Is aligned: 0
Is sealed: 1
Tag: 0, Perms: 0117, Type: fffffffffffffffe, Address: 0003, Base: 100000, End: 832000, Flags: 1, Len
gth: 732000, Offset: fffffffffff00003

--
Executable: 2, Read: 4, Write: 0 invoke: 256
Capability: 0x6aa3e6 [rxR,0x100000-0x832000] (sentry,capmode)
Is aligned: 0
Is sealed: 1
Tag: 1, Perms: 68117, Type: fffffffffffffffe, Address: 6aa3e6, Base: 100000, End: 832000, Flags: 1,
Length: 732000, Offset: 5aa3e6

--
Executable: 2, Read: 4, Write: 0 invoke: 256
Capability: 0x6f2d56 [rxR,0x100000-0x832000] (sentry,capmode)
Is aligned: 0
Is sealed: 1
Tag: 1, Perms: 68117, Type: fffffffffffffffe, Address: 6f2d56, Base: 100000, End: 832000, Flags: 1,
Length: 732000, Offset: 5f2d56

--
Executable: 2, Read: 4, Write: 0 invoke: 256
Capability: 0x476b70 [rxR,0x100000-0x832000] (sentry,capmode)
Is aligned: 1
Is sealed: 1
Tag: 1, Perms: 68117, Type: fffffffffffffffe, Address: 476b70, Base: 100000, End: 832000, Flags: 1,
Length: 732000, Offset: 376b70

--
Executable: 2, Read: 4, Write: 0 invoke: 256
Capability: 0x6ca07e [rxR,0x100000-0x832000] (sentry,capmode)
Is aligned: 0
Is sealed: 1
Tag: 1, Perms: 68117, Type: fffffffffffffffe, Address: 6ca07e, Base: 100000, End: 832000, Flags: 1,
Length: 732000, Offset: 5ca07e

--
Executable: 2, Read: 4, Write: 0 invoke: 256
Capability: 0x6adde2 [rxR,0x100000-0x832000] (sentry,capmode)
Is aligned: 0
Is sealed: 1
Tag: 1, Perms: 68117, Type: fffffffffffffffe, Address: 6adde2, Base: 100000, End: 832000, Flags: 1,
Length: 732000, Offset: 5adde2

--
Executable: 2, Read: 4, Write: 0 invoke: 256
Capability: 0x34ef8c [rxR,0x100000-0x832000] (sentry,capmode)
Is aligned: 0
Is sealed: 1
Tag: 1, Perms: 68117, Type: fffffffffffffffe, Address: 34ef8c, Base: 100000, End: 832000, Flags: 1,
Length: 732000, Offset: 24ef8c

--
Executable: 2, Read: 4, Write: 0 invoke: 256
Capability: 0x6add36 [rxR,0x100000-0x832000] (sentry,capmode)
Is aligned: 0
Is sealed: 1
Tag: 1, Perms: 68117, Type: fffffffffffffffe, Address: 6add36, Base: 100000, End: 832000, Flags: 1,
Length: 732000, Offset: 5add36

--
Executable: 2, Read: 4, Write: 0 invoke: 256
Capability: 0x6c7c48 [rxR,0x100000-0x832000] (sentry,capmode)
Is aligned: 0
Is sealed: 1
Tag: 1, Perms: 68117, Type: fffffffffffffffe, Address: 6c7c48, Base: 100000, End: 832000, Flags: 1,
Length: 732000, Offset: 5c7c48

Executable: 2, Read: 4, Write: 0 invoke: 256
Capability: 0x6ca300 [rxR,0x100000-0x832000] (sentry,capmode)
Is aligned: 1
Is sealed: 1
Tag: 1, Perms: 68117, Type: fffffffffffffffe, Address: 6ca300, Base: 100000, End: 832000, Flags: 1,
Length: 732000, Offset: 5ca300

--
Executable: 2, Read: 4, Write: 0 invoke: 256
Capability: 0x6ca1fa [rxR,0x100000-0x832000] (sentry,capmode)
Is aligned: 0
Is sealed: 1
Tag: 1, Perms: 68117, Type: fffffffffffffffe, Address: 6ca1fa, Base: 100000, End: 832000, Flags: 1,
Length: 732000, Offset: 5ca1fa

Executable: 2, Read: 4, Write: 0 invoke: 256
Capability: 0x45085c [rxR,0x100000-0x832000] (sentry,capmode)
Is aligned: 0
Is sealed: 1
Tag: 1, Perms: 68117, Type: fffffffffffffffe, Address: 45085c, Base: 100000, End: 832000, Flags: 1,
Length: 732000, Offset: 35085c

--
Executable: 2, Read: 4, Write: 0 invoke: 256
Capability: 0x34ef8c [rxR,0x100000-0x832000] (sentry,capmode)
Is aligned: 0
Is sealed: 1
Tag: 1, Perms: 68117, Type: fffffffffffffffe, Address: 34ef8c, Base: 100000, End: 832000, Flags: 1,
Length: 732000, Offset: 24ef8c

--
Executable: 2, Read: 4, Write: 0 invoke: 256
Capability: 0x45080a [rxR,0x100000-0x832000] (sentry,capmode)
Is aligned: 0
Is sealed: 1
Tag: 1, Perms: 68117, Type: fffffffffffffffe, Address: 45080a, Base: 100000, End: 832000, Flags: 1,
Length: 732000, Offset: 35080a

--
Executable: 2, Read: 4, Write: 0 invoke: 256
Capability: 0x44fc40 [rxR,0x100000-0x832000] (sentry,capmode)
Is aligned: 1
Is sealed: 1
Tag: 1, Perms: 68117, Type: fffffffffffffffe, Address: 44fc40, Base: 100000, End: 832000, Flags: 1,
Length: 732000, Offset: 34fc40

--
Executable: 2, Read: 4, Write: 0 invoke: 256
Capability: 0x450748 [rxR,0x100000-0x832000] (sentry,capmode)
Is aligned: 0
Is sealed: 1
Tag: 1, Perms: 68117, Type: fffffffffffffffe, Address: 450748, Base: 100000, End: 832000, Flags: 1,
Length: 732000, Offset: 350748

--
Executable: 2, Read: 4, Write: 0 invoke: 256
Capability: 0x34f04e [rxR,0x100000-0x832000] (sentry,capmode)
Is aligned: 0
Is sealed: 1
Tag: 1, Perms: 68117, Type: fffffffffffffffe, Address: 34f04e, Base: 100000, End: 832000, Flags: 1,
Length: 732000, Offset: 24f04e

Executable: 2, Read: 4, Write: 0 invoke: 256
Capability: 0x5f97d8 [rxR,0x100000-0x832000] (sentry,capmode)
Is aligned: 0
Is sealed: 1
Tag: 1, Perms: 68117, Type: fffffffffffffffe, Address: 5f97d8, Base: 100000, End: 832000, Flags: 1,
Length: 732000, Offset: 4f97d8

--
Executable: 2, Read: 4, Write: 0 invoke: 256
Capability: 0x34f004 [rxR,0x100000-0x832000] (sentry,capmode)
Is aligned: 0
Is sealed: 1
Tag: 1, Perms: 68117, Type: fffffffffffffffe, Address: 34f004, Base: 100000, End: 832000, Flags: 1,
Length: 732000, Offset: 24f004

--
Executable: 2, Read: 4, Write: 0 invoke: 256
Capability: 0x409c3bee [rxR,0x40918000-0x40f30000] (sentry,capmode)
Is aligned: 0
Is sealed: 1
Tag: 1, Perms: 68117, Type: fffffffffffffffe, Address: 409c3bee, Base: 40918000, End: 40f30000, Flag
s: 1, Length: 618000, Offset: abbee

--
Executable: 2, Read: 4, Write: 0 invoke: 256
Capability: 0x34ef58 [rxR,0x100000-0x832000] (sentry,capmode)
Is aligned: 0
Is sealed: 1
Tag: 1, Perms: 68117, Type: fffffffffffffffe, Address: 34ef58, Base: 100000, End: 832000, Flags: 1,
Length: 732000, Offset: 24ef58

Executable: 2, Read: 4, Write: 0 invoke: 256
Capability: 0x4081756c [rxR,0x4080c000-0x40834600] (sentry,capmode)
Is aligned: 0
Is sealed: 1
Tag: 1, Perms: 68117, Type: fffffffffffffffe, Address: 4081756c, Base: 4080c000, End: 40834600, Flag
s: 1, Length: 28600, Offset: b56c

--
Executable: 2, Read: 4, Write: 0 invoke: 256
Capability: 0x34ef8c [rxR,0x100000-0x832000] (sentry,capmode)
Is aligned: 0
Is sealed: 1
Tag: 1, Perms: 68117, Type: fffffffffffffffe, Address: 34ef8c, Base: 100000, End: 832000, Flags: 1,
Length: 732000, Offset: 24ef8c

--
Executable: 2, Read: 4, Write: 0 invoke: 256
Capability: 0x46b564 [rxR,0x100000-0x832000] (sentry,capmode)
Is aligned: 0
Is sealed: 1
Tag: 1, Perms: 68117, Type: fffffffffffffffe, Address: 46b564, Base: 100000, End: 832000, Flags: 1,
Length: 732000, Offset: 36b564

--
Executable: 2, Read: 4, Write: 0 invoke: 256
Capability: 0x46b922 [rxR,0x100000-0x832000] (sentry,capmode)
Is aligned: 0
Is sealed: 1
Tag: 1, Perms: 68117, Type: fffffffffffffffe, Address: 46b922, Base: 100000, End: 832000, Flags: 1,
Length: 732000, Offset: 36b922

--
Executable: 2, Read: 4, Write: 0 invoke: 256
Capability: 0x4784f4 [rxR,0x100000-0x832000] (sentry,capmode)
Is aligned: 0
Is sealed: 1
Tag: 1, Perms: 68117, Type: fffffffffffffffe, Address: 4784f4, Base: 100000, End: 832000, Flags: 1,
Length: 732000, Offset: 3784f4

--
Executable: 2, Read: 4, Write: 0 invoke: 256
Capability: 0x47f658 [rxR,0x100000-0x832000] (sentry,capmode)
Is aligned: 0
Is sealed: 1
Tag: 1, Perms: 68117, Type: fffffffffffffffe, Address: 47f658, Base: 100000, End: 832000, Flags: 1,
Length: 732000, Offset: 37f658

--
Executable: 2, Read: 4, Write: 0 invoke: 256
Capability: 0x477ba4 [rxR,0x100000-0x832000] (sentry,capmode)
Is aligned: 0
Is sealed: 1
Tag: 1, Perms: 68117, Type: fffffffffffffffe, Address: 477ba4, Base: 100000, End: 832000, Flags: 1,
Length: 732000, Offset: 377ba4

--
Executable: 2, Read: 4, Write: 0 invoke: 256
Capability: 0x47f21c [rxR,0x100000-0x832000] (sentry,capmode)
Is aligned: 0
Is sealed: 1
Tag: 1, Perms: 68117, Type: fffffffffffffffe, Address: 47f21c, Base: 100000, End: 832000, Flags: 1,
Length: 732000, Offset: 37f21c

--
Executable: 2, Read: 4, Write: 0 invoke: 256
Capability: 0x47e68c [rxR,0x100000-0x832000] (sentry,capmode)
Is aligned: 0
Is sealed: 1
Tag: 1, Perms: 68117, Type: fffffffffffffffe, Address: 47e68c, Base: 100000, End: 832000, Flags: 1,
Length: 732000, Offset: 37e68c

Executable: 2, Read: 4, Write: 0 invoke: 256
Capability: 0x4773fc [rxR,0x100000-0x832000] (sentry,capmode)
Is aligned: 0
Is sealed: 1
Tag: 1, Perms: 68117, Type: fffffffffffffffe, Address: 4773fc, Base: 100000, End: 832000, Flags: 1,
Length: 732000, Offset: 3773fc

--
Executable: 2, Read: 4, Write: 0 invoke: 256
Capability: 0x47e096 [rxR,0x100000-0x832000] (sentry,capmode)
Is aligned: 0
Is sealed: 1
Tag: 1, Perms: 68117, Type: fffffffffffffffe, Address: 47e096, Base: 100000, End: 832000, Flags: 1,
Length: 732000, Offset: 37e096

Executable: 2, Read: 4, Write: 0 invoke: 256
Capability: 0x47743a [rxR,0x100000-0x832000] (sentry,capmode)
Is aligned: 0
Is sealed: 1
Tag: 1, Perms: 68117, Type: fffffffffffffffe, Address: 47743a, Base: 100000, End: 832000, Flags: 1,
Length: 732000, Offset: 37743a

Executable: 2, Read: 4, Write: 0 invoke: 256
Capability: 0x465e98 [rxR,0x100000-0x832000] (sentry,capmode)
Is aligned: 0
Is sealed: 1
Tag: 1, Perms: 68117, Type: fffffffffffffffe, Address: 465e98, Base: 100000, End: 832000, Flags: 1,
Length: 732000, Offset: 365e98

Executable: 2, Read: 4, Write: 0 invoke: 256
Capability: 0x4772bc [rxR,0x100000-0x832000] (sentry,capmode)
Is aligned: 0
Is sealed: 1
Tag: 1, Perms: 68117, Type: fffffffffffffffe, Address: 4772bc, Base: 100000, End: 832000, Flags: 1,
Length: 732000, Offset: 3772bc

--
Executable: 2, Read: 4, Write: 0 invoke: 256
Capability: 0x476c6e [rxR,0x100000-0x832000] (sentry,capmode)
Is aligned: 0
Is sealed: 1
Tag: 1, Perms: 68117, Type: fffffffffffffffe, Address: 476c6e, Base: 100000, End: 832000, Flags: 1,
Length: 732000, Offset: 376c6e

--
Executable: 2, Read: 4, Write: 0 invoke: 256
Capability: 0x476ace [rxR,0x100000-0x832000] (sentry,capmode)
Is aligned: 0
Is sealed: 1
Tag: 1, Perms: 68117, Type: fffffffffffffffe, Address: 476ace, Base: 100000, End: 832000, Flags: 1,
Length: 732000, Offset: 376ace

--
Executable: 2, Read: 4, Write: 0 invoke: 256
Capability: 0x46742c [rxR,0x100000-0x832000] (sentry,capmode)
Is aligned: 0
Is sealed: 1
Tag: 1, Perms: 68117, Type: fffffffffffffffe, Address: 46742c, Base: 100000, End: 832000, Flags: 1,
Length: 732000, Offset: 36742c

--
Executable: 2, Read: 4, Write: 0 invoke: 256
Capability: 0x6ca95c [rxR,0x100000-0x832000] (sentry,capmode)
Is aligned: 0
Is sealed: 1
Tag: 1, Perms: 68117, Type: fffffffffffffffe, Address: 6ca95c, Base: 100000, End: 832000, Flags: 1,
Length: 732000, Offset: 5ca95c

Executable: 2, Read: 4, Write: 0 invoke: 256
Capability: 0x30 [rxR,0x100000-0x832000] (invalid,sentry,capmode)
Is aligned: 1
Is sealed: 1
Tag: 0, Perms: 0117, Type: fffffffffffffffe, Address: 0030, Base: 100000, End: 832000, Flags: 1, Len
gth: 732000, Offset: fffffffffff00030

--
Executable: 2, Read: 4, Write: 0 invoke: 256
Capability: 0x467544 [rxR,0x100000-0x832000] (sentry,capmode)
Is aligned: 0
Is sealed: 1
Tag: 1, Perms: 68117, Type: fffffffffffffffe, Address: 467544, Base: 100000, End: 832000, Flags: 1,
Length: 732000, Offset: 367544

--
Executable: 2, Read: 4, Write: 0 invoke: 256
Capability: 0x51b7d8 [rxR,0x100000-0x832000] (sentry,capmode)
Is aligned: 0
Is sealed: 1
Tag: 1, Perms: 68117, Type: fffffffffffffffe, Address: 51b7d8, Base: 100000, End: 832000, Flags: 1,
Length: 732000, Offset: 41b7d8

Executable: 2, Read: 4, Write: 0 invoke: 256
Capability: 0x51b748 [rxR,0x100000-0x832000] (sentry,capmode)
Is aligned: 0
Is sealed: 1
Tag: 1, Perms: 68117, Type: fffffffffffffffe, Address: 51b748, Base: 100000, End: 832000, Flags: 1,
Length: 732000, Offset: 41b748

--
Executable: 2, Read: 4, Write: 0 invoke: 256
Capability: 0x526d9e [rxR,0x100000-0x832000] (sentry,capmode)
Is aligned: 0
Is sealed: 1
Tag: 1, Perms: 68117, Type: fffffffffffffffe, Address: 526d9e, Base: 100000, End: 832000, Flags: 1,
Length: 732000, Offset: 426d9e

Executable: 2, Read: 4, Write: 0 invoke: 256
Capability: 0x526d4c [rxR,0x100000-0x832000] (sentry,capmode)
Is aligned: 0
Is sealed: 1
Tag: 1, Perms: 68117, Type: fffffffffffffffe, Address: 526d4c, Base: 100000, End: 832000, Flags: 1,
Length: 732000, Offset: 426d4c

Executable: 2, Read: 4, Write: 0 invoke: 256
Capability: 0x51b748 [rxR,0x100000-0x832000] (sentry,capmode)
Is aligned: 0
Is sealed: 1
Tag: 1, Perms: 68117, Type: fffffffffffffffe, Address: 51b748, Base: 100000, End: 832000, Flags: 1,
Length: 732000, Offset: 41b748

Executable: 2, Read: 4, Write: 0 invoke: 256
Capability: 0x51ef14 [rxR,0x100000-0x832000] (sentry,capmode)
Is aligned: 0
Is sealed: 1
Tag: 1, Perms: 68117, Type: fffffffffffffffe, Address: 51ef14, Base: 100000, End: 832000, Flags: 1,
Length: 732000, Offset: 41ef14

Executable: 2, Read: 4, Write: 0 invoke: 256
Capability: 0x51b748 [rxR,0x100000-0x832000] (sentry,capmode)
Is aligned: 0
Is sealed: 1
Tag: 1, Perms: 68117, Type: fffffffffffffffe, Address: 51b748, Base: 100000, End: 832000, Flags: 1,
Length: 732000, Offset: 41b748

Executable: 2, Read: 4, Write: 0 invoke: 256
Capability: 0x51ef3c [rxR,0x100000-0x832000] (sentry,capmode)
Is aligned: 0
Is sealed: 1
Tag: 1, Perms: 68117, Type: fffffffffffffffe, Address: 51ef3c, Base: 100000, End: 832000, Flags: 1,
Length: 732000, Offset: 41ef3c

--
Executable: 2, Read: 4, Write: 0 invoke: 256
Capability: 0x6eaf7e [rxR,0x100000-0x832000] (sentry,capmode)
Is aligned: 0
Is sealed: 1
Tag: 1, Perms: 68117, Type: fffffffffffffffe, Address: 6eaf7e, Base: 100000, End: 832000, Flags: 1,
Length: 732000, Offset: 5eaf7e

Executable: 2, Read: 4, Write: 0 invoke: 256
Capability: 0x51ef1c [rxR,0x100000-0x832000] (sentry,capmode)
Is aligned: 0
Is sealed: 1
Tag: 1, Perms: 68117, Type: fffffffffffffffe, Address: 51ef1c, Base: 100000, End: 832000, Flags: 1,
Length: 732000, Offset: 41ef1c

Executable: 2, Read: 4, Write: 0 invoke: 256
Capability: 0x51ef1c [rxR,0x100000-0x832000] (sentry,capmode)
Is aligned: 0
Is sealed: 1
Tag: 1, Perms: 68117, Type: fffffffffffffffe, Address: 51ef1c, Base: 100000, End: 832000, Flags: 1,
Length: 732000, Offset: 41ef1c

--
Executable: 2, Read: 4, Write: 0 invoke: 256
Capability: 0x6dc9c6 [rxR,0x100000-0x832000] (sentry,capmode)
Is aligned: 0
Is sealed: 1
Tag: 1, Perms: 68117, Type: fffffffffffffffe, Address: 6dc9c6, Base: 100000, End: 832000, Flags: 1,
Length: 732000, Offset: 5dc9c6

--
Executable: 2, Read: 4, Write: 0 invoke: 256
Capability: 0x6deccc [rxR,0x100000-0x832000] (sentry,capmode)
Is aligned: 0
Is sealed: 1
Tag: 1, Perms: 68117, Type: fffffffffffffffe, Address: 6deccc, Base: 100000, End: 832000, Flags: 1,
Length: 732000, Offset: 5deccc

--
Executable: 2, Read: 4, Write: 8 invoke: 256
Capability: 0x7780b520 [rwxRW,0x777fc000-0x7781c000] (invalid,sealed,capmode)
Is aligned: 1
Is sealed: 1
Tag: 0, Perms: 78fff, Type: 1f, Address: 7780b520, Base: 777fc000, End: 7781c000, Flags: 1, Length:
20000, Offset: f520

--
Executable: 2, Read: 4, Write: 0 invoke: 256
Capability: 0x6dcbe0 [rxR,0x100000-0x832000] (sentry,capmode)
Is aligned: 1
Is sealed: 1
Tag: 1, Perms: 68117, Type: fffffffffffffffe, Address: 6dcbe0, Base: 100000, End: 832000, Flags: 1,
Length: 732000, Offset: 5dcbe0

--
Executable: 2, Read: 4, Write: 0 invoke: 256
Capability: 0x6ad8e6 [rxR,0x100000-0x832000] (sentry,capmode)
Is aligned: 0
Is sealed: 1
Tag: 1, Perms: 68117, Type: fffffffffffffffe, Address: 6ad8e6, Base: 100000, End: 832000, Flags: 1,
Length: 732000, Offset: 5ad8e6

--
Executable: 2, Read: 4, Write: 0 invoke: 256
Capability: 0x6b407a [rxR,0x100000-0x832000] (sentry,capmode)
Is aligned: 0
Is sealed: 1
Tag: 1, Perms: 68117, Type: fffffffffffffffe, Address: 6b407a, Base: 100000, End: 832000, Flags: 1,
Length: 732000, Offset: 5b407a

--
Executable: 2, Read: 4, Write: 0 invoke: 256
Capability: 0x4085743e [rxR,0x4083f000-0x40879000] (sentry,capmode)
Is aligned: 0
Is sealed: 1
Tag: 1, Perms: 68117, Type: fffffffffffffffe, Address: 4085743e, Base: 4083f000, End: 40879000, Flag
s: 1, Length: 3a000, Offset: 1843e

--
Executable: 2, Read: 0, Write: 8 invoke: 0
Capability: 0x55555555 [wxW,0x55552000-0x55552a00] (invalid,sealed,capmode)
Is aligned: 0
Is sealed: 1
Tag: 0, Perms: 20aeb, Type: 2667f, Address: 55555555, Base: 55552000, End: 55552a00, Flags: 1, Lengt
h: 0a00, Offset: 3555

--
Executable: 2, Read: 4, Write: 0 invoke: 256
Capability: 0x40a90c30 [rxR,0x40918000-0x40f30000] (sentry,capmode)
Is aligned: 1
Is sealed: 1
Tag: 1, Perms: 68117, Type: fffffffffffffffe, Address: 40a90c30, Base: 40918000, End: 40f30000, Flag
s: 1, Length: 618000, Offset: 178c30

--
Executable: 2, Read: 4, Write: 0 invoke: 256
Capability: 0x6b3fa2 [rxR,0x100000-0x832000] (sentry,capmode)
Is aligned: 0
Is sealed: 1
Tag: 1, Perms: 68117, Type: fffffffffffffffe, Address: 6b3fa2, Base: 100000, End: 832000, Flags: 1,
Length: 732000, Offset: 5b3fa2

--
Executable: 2, Read: 4, Write: 0 invoke: 256
Capability: 0x6243a2 [rxR,0x100000-0x832000] (invalid,sentry,capmode)
Is aligned: 0
Is sealed: 1
Tag: 0, Perms: 0117, Type: fffffffffffffffe, Address: 6243a2, Base: 100000, End: 832000, Flags: 1, L
ength: 732000, Offset: 5243a2

--
Executable: 2, Read: 4, Write: 0 invoke: 256
Capability: 0x11e06522c8b09f2 [rxR,0x11e06522c100000-0x11e06522c832000] (invalid,sentry,capmode)
Is aligned: 0
Is sealed: 1
Tag: 0, Perms: 68117, Type: fffffffffffffffe, Address: 11e06522c8b09f2, Base: 11e06522c100000, End:
11e06522c832000, Flags: 1, Length: 732000, Offset: 7b09f2

--
Executable: 2, Read: 4, Write: 0 invoke: 0
Capability: 0x362aa4 [rxR,0x100000-0x832000] (invalid,sentry,capmode)
Is aligned: 0
Is sealed: 1
Tag: 0, Perms: 0017, Type: fffffffffffffffe, Address: 362aa4, Base: 100000, End: 832000, Flags: 1, L
ength: 732000, Offset: 262aa4

--
Executable: 2, Read: 4, Write: 0 invoke: 256
Capability: 0x62396c [rxR,0x100000-0x832000] (sentry,capmode)
Is aligned: 0
Is sealed: 1
Tag: 1, Perms: 68117, Type: fffffffffffffffe, Address: 62396c, Base: 100000, End: 832000, Flags: 1,
Length: 732000, Offset: 52396c

--
Executable: 2, Read: 4, Write: 8 invoke: 256
Capability: 0x7780b000 [rwxRW,0x7780bfea-0x7780bff9] (invalid,sealed,capmode)
Is aligned: 1
Is sealed: 1
Tag: 0, Perms: 78fff, Type: 0, Address: 7780b000, Base: 7780bfea, End: 7780bff9, Flags: 1, Length: 0
00f, Offset: fffffffffffff016

--
Executable: 2, Read: 4, Write: 0 invoke: 256
Capability: 0x6154ee [rxR,0x100000-0x832000] (sentry,capmode)
Is aligned: 0
Is sealed: 1
Tag: 1, Perms: 68117, Type: fffffffffffffffe, Address: 6154ee, Base: 100000, End: 832000, Flags: 1,
Length: 732000, Offset: 5154ee

--
Executable: 2, Read: 4, Write: 0 invoke: 256
Capability: 0x658d56 [rxR,0x100000-0x832000] (sentry,capmode)
Is aligned: 0
Is sealed: 1
Tag: 1, Perms: 68117, Type: fffffffffffffffe, Address: 658d56, Base: 100000, End: 832000, Flags: 1,
Length: 732000, Offset: 558d56

--
Executable: 2, Read: 4, Write: 0 invoke: 256
Capability: 0x65626a [rxR,0x100000-0x832000] (sentry,capmode)
Is aligned: 0
Is sealed: 1
Tag: 1, Perms: 68117, Type: fffffffffffffffe, Address: 65626a, Base: 100000, End: 832000, Flags: 1,
Length: 732000, Offset: 55626a

--
Executable: 2, Read: 4, Write: 0 invoke: 256
Capability: 0x654bae [rxR,0x100000-0x832000] (sentry,capmode)
Is aligned: 0
Is sealed: 1
Tag: 1, Perms: 68117, Type: fffffffffffffffe, Address: 654bae, Base: 100000, End: 832000, Flags: 1,
Length: 732000, Offset: 554bae

--
Executable: 2, Read: 4, Write: 0 invoke: 256
Capability: 0x655aa0 [rxR,0x100000-0x832000] (sentry,capmode)
Is aligned: 1
Is sealed: 1
Tag: 1, Perms: 68117, Type: fffffffffffffffe, Address: 655aa0, Base: 100000, End: 832000, Flags: 1,
Length: 732000, Offset: 555aa0

--
Executable: 2, Read: 4, Write: 0 invoke: 256
Capability: 0x6dd74e [rxR,0x100000-0x832000] (sentry,capmode)
Is aligned: 0
Is sealed: 1
Tag: 1, Perms: 68117, Type: fffffffffffffffe, Address: 6dd74e, Base: 100000, End: 832000, Flags: 1,
Length: 732000, Offset: 5dd74e

--
Executable: 2, Read: 4, Write: 0 invoke: 256
Capability: 0x6edb38 [rxR,0x100000-0x832000] (sentry,capmode)
Is aligned: 0
Is sealed: 1
Tag: 1, Perms: 68117, Type: fffffffffffffffe, Address: 6edb38, Base: 100000, End: 832000, Flags: 1,
Length: 732000, Offset: 5edb38

--
Executable: 2, Read: 4, Write: 0 invoke: 256
Capability: 0x4081df7a [rxR,0x4080c000-0x40834600] (invalid,sentry,capmode)
Is aligned: 0
Is sealed: 1
Tag: 0, Perms: 0117, Type: fffffffffffffffe, Address: 4081df7a, Base: 4080c000, End: 40834600, Flags
: 1, Length: 28600, Offset: 11f7a

--
Executable: 2, Read: 4, Write: 0 invoke: 256
Capability: 0x3 [rxR,0x100000-0x832000] (invalid,sentry,capmode)
Is aligned: 0
Is sealed: 1
Tag: 0, Perms: 0117, Type: fffffffffffffffe, Address: 0003, Base: 100000, End: 832000, Flags: 1, Len
gth: 732000, Offset: fffffffffff00003

--
Executable: 2, Read: 4, Write: 0 invoke: 256
Capability: 0x6aa3e6 [rxR,0x100000-0x832000] (sentry,capmode)
Is aligned: 0
Is sealed: 1
Tag: 1, Perms: 68117, Type: fffffffffffffffe, Address: 6aa3e6, Base: 100000, End: 832000, Flags: 1,
Length: 732000, Offset: 5aa3e6

--
Executable: 2, Read: 4, Write: 0 invoke: 256
Capability: 0x6f2d56 [rxR,0x100000-0x832000] (sentry,capmode)
Is aligned: 0
Is sealed: 1
Tag: 1, Perms: 68117, Type: fffffffffffffffe, Address: 6f2d56, Base: 100000, End: 832000, Flags: 1,
Length: 732000, Offset: 5f2d56

--
Executable: 2, Read: 4, Write: 0 invoke: 256
Capability: 0x476b70 [rxR,0x100000-0x832000] (sentry,capmode)
Is aligned: 1
Is sealed: 1
Tag: 1, Perms: 68117, Type: fffffffffffffffe, Address: 476b70, Base: 100000, End: 832000, Flags: 1,
Length: 732000, Offset: 376b70

--
Executable: 2, Read: 4, Write: 0 invoke: 256
Capability: 0x6ca07e [rxR,0x100000-0x832000] (sentry,capmode)
Is aligned: 0
Is sealed: 1
Tag: 1, Perms: 68117, Type: fffffffffffffffe, Address: 6ca07e, Base: 100000, End: 832000, Flags: 1,
Length: 732000, Offset: 5ca07e

--
Executable: 2, Read: 4, Write: 0 invoke: 256
Capability: 0x6adde2 [rxR,0x100000-0x832000] (sentry,capmode)
Is aligned: 0
Is sealed: 1
Tag: 1, Perms: 68117, Type: fffffffffffffffe, Address: 6adde2, Base: 100000, End: 832000, Flags: 1,
Length: 732000, Offset: 5adde2

--
Executable: 2, Read: 4, Write: 0 invoke: 256
Capability: 0x34ef8c [rxR,0x100000-0x832000] (sentry,capmode)
Is aligned: 0
Is sealed: 1
Tag: 1, Perms: 68117, Type: fffffffffffffffe, Address: 34ef8c, Base: 100000, End: 832000, Flags: 1,
Length: 732000, Offset: 24ef8c

--
Executable: 2, Read: 4, Write: 0 invoke: 256
Capability: 0x6add36 [rxR,0x100000-0x832000] (sentry,capmode)
Is aligned: 0
Is sealed: 1
Tag: 1, Perms: 68117, Type: fffffffffffffffe, Address: 6add36, Base: 100000, End: 832000, Flags: 1,
Length: 732000, Offset: 5add36

--
Executable: 2, Read: 4, Write: 0 invoke: 256
Capability: 0x6c7c48 [rxR,0x100000-0x832000] (sentry,capmode)
Is aligned: 0
Is sealed: 1
Tag: 1, Perms: 68117, Type: fffffffffffffffe, Address: 6c7c48, Base: 100000, End: 832000, Flags: 1,
Length: 732000, Offset: 5c7c48

Executable: 2, Read: 4, Write: 0 invoke: 256
Capability: 0x6ca300 [rxR,0x100000-0x832000] (sentry,capmode)
Is aligned: 1
Is sealed: 1
Tag: 1, Perms: 68117, Type: fffffffffffffffe, Address: 6ca300, Base: 100000, End: 832000, Flags: 1,
Length: 732000, Offset: 5ca300

--
Executable: 2, Read: 4, Write: 0 invoke: 256
Capability: 0x6ca1fa [rxR,0x100000-0x832000] (sentry,capmode)
Is aligned: 0
Is sealed: 1
Tag: 1, Perms: 68117, Type: fffffffffffffffe, Address: 6ca1fa, Base: 100000, End: 832000, Flags: 1,
Length: 732000, Offset: 5ca1fa

Executable: 2, Read: 4, Write: 0 invoke: 256
Capability: 0x45085c [rxR,0x100000-0x832000] (sentry,capmode)
Is aligned: 0
Is sealed: 1
Tag: 1, Perms: 68117, Type: fffffffffffffffe, Address: 45085c, Base: 100000, End: 832000, Flags: 1,
Length: 732000, Offset: 35085c

--
Executable: 2, Read: 4, Write: 0 invoke: 256
Capability: 0x34ef8c [rxR,0x100000-0x832000] (sentry,capmode)
Is aligned: 0
Is sealed: 1
Tag: 1, Perms: 68117, Type: fffffffffffffffe, Address: 34ef8c, Base: 100000, End: 832000, Flags: 1,
Length: 732000, Offset: 24ef8c

--
Executable: 2, Read: 4, Write: 0 invoke: 256
Capability: 0x45080a [rxR,0x100000-0x832000] (sentry,capmode)
Is aligned: 0
Is sealed: 1
Tag: 1, Perms: 68117, Type: fffffffffffffffe, Address: 45080a, Base: 100000, End: 832000, Flags: 1,
Length: 732000, Offset: 35080a

--
Executable: 2, Read: 4, Write: 0 invoke: 256
Capability: 0x44fc40 [rxR,0x100000-0x832000] (sentry,capmode)
Is aligned: 1
Is sealed: 1
Tag: 1, Perms: 68117, Type: fffffffffffffffe, Address: 44fc40, Base: 100000, End: 832000, Flags: 1,
Length: 732000, Offset: 34fc40

--
Executable: 2, Read: 4, Write: 0 invoke: 256
Capability: 0x450748 [rxR,0x100000-0x832000] (sentry,capmode)
Is aligned: 0
Is sealed: 1
Tag: 1, Perms: 68117, Type: fffffffffffffffe, Address: 450748, Base: 100000, End: 832000, Flags: 1,
Length: 732000, Offset: 350748

--
Executable: 2, Read: 4, Write: 0 invoke: 256
Capability: 0x34f04e [rxR,0x100000-0x832000] (sentry,capmode)
Is aligned: 0
Is sealed: 1
Tag: 1, Perms: 68117, Type: fffffffffffffffe, Address: 34f04e, Base: 100000, End: 832000, Flags: 1,
Length: 732000, Offset: 24f04e

Executable: 2, Read: 4, Write: 0 invoke: 256
Capability: 0x5f97d8 [rxR,0x100000-0x832000] (sentry,capmode)
Is aligned: 0
Is sealed: 1
Tag: 1, Perms: 68117, Type: fffffffffffffffe, Address: 5f97d8, Base: 100000, End: 832000, Flags: 1,
Length: 732000, Offset: 4f97d8

--
Executable: 2, Read: 4, Write: 0 invoke: 256
Capability: 0x34f004 [rxR,0x100000-0x832000] (sentry,capmode)
Is aligned: 0
Is sealed: 1
Tag: 1, Perms: 68117, Type: fffffffffffffffe, Address: 34f004, Base: 100000, End: 832000, Flags: 1,
Length: 732000, Offset: 24f004

--
Executable: 2, Read: 4, Write: 0 invoke: 256
Capability: 0x409c3bee [rxR,0x40918000-0x40f30000] (sentry,capmode)
Is aligned: 0
Is sealed: 1
Tag: 1, Perms: 68117, Type: fffffffffffffffe, Address: 409c3bee, Base: 40918000, End: 40f30000, Flag
s: 1, Length: 618000, Offset: abbee

--
Executable: 2, Read: 4, Write: 0 invoke: 256
Capability: 0x34ef58 [rxR,0x100000-0x832000] (sentry,capmode)
Is aligned: 0
Is sealed: 1
Tag: 1, Perms: 68117, Type: fffffffffffffffe, Address: 34ef58, Base: 100000, End: 832000, Flags: 1,
Length: 732000, Offset: 24ef58

Executable: 2, Read: 4, Write: 0 invoke: 256
Capability: 0x4081756c [rxR,0x4080c000-0x40834600] (sentry,capmode)
Is aligned: 0
Is sealed: 1
Tag: 1, Perms: 68117, Type: fffffffffffffffe, Address: 4081756c, Base: 4080c000, End: 40834600, Flag
s: 1, Length: 28600, Offset: b56c

--
Executable: 2, Read: 4, Write: 0 invoke: 256
Capability: 0x34ef8c [rxR,0x100000-0x832000] (sentry,capmode)
Is aligned: 0
Is sealed: 1
Tag: 1, Perms: 68117, Type: fffffffffffffffe, Address: 34ef8c, Base: 100000, End: 832000, Flags: 1,
Length: 732000, Offset: 24ef8c

--
Executable: 2, Read: 4, Write: 0 invoke: 256
Capability: 0x46b564 [rxR,0x100000-0x832000] (sentry,capmode)
Is aligned: 0
Is sealed: 1
Tag: 1, Perms: 68117, Type: fffffffffffffffe, Address: 46b564, Base: 100000, End: 832000, Flags: 1,
Length: 732000, Offset: 36b564

--
Executable: 2, Read: 4, Write: 0 invoke: 256
Capability: 0x46b922 [rxR,0x100000-0x832000] (sentry,capmode)
Is aligned: 0
Is sealed: 1
Tag: 1, Perms: 68117, Type: fffffffffffffffe, Address: 46b922, Base: 100000, End: 832000, Flags: 1,
Length: 732000, Offset: 36b922

--
Executable: 2, Read: 4, Write: 0 invoke: 256
Capability: 0x4784f4 [rxR,0x100000-0x832000] (sentry,capmode)
Is aligned: 0
Is sealed: 1
Tag: 1, Perms: 68117, Type: fffffffffffffffe, Address: 4784f4, Base: 100000, End: 832000, Flags: 1,
Length: 732000, Offset: 3784f4

--
Executable: 2, Read: 4, Write: 0 invoke: 256
Capability: 0x47f658 [rxR,0x100000-0x832000] (sentry,capmode)
Is aligned: 0
Is sealed: 1
Tag: 1, Perms: 68117, Type: fffffffffffffffe, Address: 47f658, Base: 100000, End: 832000, Flags: 1,
Length: 732000, Offset: 37f658

--
Executable: 2, Read: 4, Write: 0 invoke: 256
Capability: 0x477ba4 [rxR,0x100000-0x832000] (sentry,capmode)
Is aligned: 0
Is sealed: 1
Tag: 1, Perms: 68117, Type: fffffffffffffffe, Address: 477ba4, Base: 100000, End: 832000, Flags: 1,
Length: 732000, Offset: 377ba4

--
Executable: 2, Read: 4, Write: 0 invoke: 256
Capability: 0x47f21c [rxR,0x100000-0x832000] (sentry,capmode)
Is aligned: 0
Is sealed: 1
Tag: 1, Perms: 68117, Type: fffffffffffffffe, Address: 47f21c, Base: 100000, End: 832000, Flags: 1,
Length: 732000, Offset: 37f21c

--
Executable: 2, Read: 4, Write: 0 invoke: 256
Capability: 0x47e68c [rxR,0x100000-0x832000] (sentry,capmode)
Is aligned: 0
Is sealed: 1
Tag: 1, Perms: 68117, Type: fffffffffffffffe, Address: 47e68c, Base: 100000, End: 832000, Flags: 1,
Length: 732000, Offset: 37e68c

Executable: 2, Read: 4, Write: 0 invoke: 256
Capability: 0x4773fc [rxR,0x100000-0x832000] (sentry,capmode)
Is aligned: 0
Is sealed: 1
Tag: 1, Perms: 68117, Type: fffffffffffffffe, Address: 4773fc, Base: 100000, End: 832000, Flags: 1,
Length: 732000, Offset: 3773fc

--
Executable: 2, Read: 4, Write: 0 invoke: 256
Capability: 0x47e096 [rxR,0x100000-0x832000] (sentry,capmode)
Is aligned: 0
Is sealed: 1
Tag: 1, Perms: 68117, Type: fffffffffffffffe, Address: 47e096, Base: 100000, End: 832000, Flags: 1,
Length: 732000, Offset: 37e096

Executable: 2, Read: 4, Write: 0 invoke: 256
Capability: 0x47743a [rxR,0x100000-0x832000] (sentry,capmode)
Is aligned: 0
Is sealed: 1
Tag: 1, Perms: 68117, Type: fffffffffffffffe, Address: 47743a, Base: 100000, End: 832000, Flags: 1,
Length: 732000, Offset: 37743a

Executable: 2, Read: 4, Write: 0 invoke: 256
Capability: 0x465e98 [rxR,0x100000-0x832000] (sentry,capmode)
Is aligned: 0
Is sealed: 1
Tag: 1, Perms: 68117, Type: fffffffffffffffe, Address: 465e98, Base: 100000, End: 832000, Flags: 1,
Length: 732000, Offset: 365e98

Executable: 2, Read: 4, Write: 0 invoke: 256
Capability: 0x4772bc [rxR,0x100000-0x832000] (sentry,capmode)
Is aligned: 0
Is sealed: 1
Tag: 1, Perms: 68117, Type: fffffffffffffffe, Address: 4772bc, Base: 100000, End: 832000, Flags: 1,
Length: 732000, Offset: 3772bc

--
Executable: 2, Read: 4, Write: 0 invoke: 256
Capability: 0x476c6e [rxR,0x100000-0x832000] (sentry,capmode)
Is aligned: 0
Is sealed: 1
Tag: 1, Perms: 68117, Type: fffffffffffffffe, Address: 476c6e, Base: 100000, End: 832000, Flags: 1,
Length: 732000, Offset: 376c6e

--
Executable: 2, Read: 4, Write: 0 invoke: 256
Capability: 0x476ace [rxR,0x100000-0x832000] (sentry,capmode)
Is aligned: 0
Is sealed: 1
Tag: 1, Perms: 68117, Type: fffffffffffffffe, Address: 476ace, Base: 100000, End: 832000, Flags: 1,
Length: 732000, Offset: 376ace

--
Executable: 2, Read: 4, Write: 0 invoke: 256
Capability: 0x46742c [rxR,0x100000-0x832000] (sentry,capmode)
Is aligned: 0
Is sealed: 1
Tag: 1, Perms: 68117, Type: fffffffffffffffe, Address: 46742c, Base: 100000, End: 832000, Flags: 1,
Length: 732000, Offset: 36742c

--
Executable: 2, Read: 4, Write: 0 invoke: 256
Capability: 0x6ca95c [rxR,0x100000-0x832000] (sentry,capmode)
Is aligned: 0
Is sealed: 1
Tag: 1, Perms: 68117, Type: fffffffffffffffe, Address: 6ca95c, Base: 100000, End: 832000, Flags: 1,
Length: 732000, Offset: 5ca95c

Executable: 2, Read: 4, Write: 0 invoke: 256
Capability: 0x30 [rxR,0x100000-0x832000] (invalid,sentry,capmode)
Is aligned: 1
Is sealed: 1
Tag: 0, Perms: 0117, Type: fffffffffffffffe, Address: 0030, Base: 100000, End: 832000, Flags: 1, Len
gth: 732000, Offset: fffffffffff00030

--
Executable: 2, Read: 4, Write: 0 invoke: 256
Capability: 0x467544 [rxR,0x100000-0x832000] (sentry,capmode)
Is aligned: 0
Is sealed: 1
Tag: 1, Perms: 68117, Type: fffffffffffffffe, Address: 467544, Base: 100000, End: 832000, Flags: 1,
Length: 732000, Offset: 367544

--
Executable: 2, Read: 4, Write: 0 invoke: 256
Capability: 0x51b7d8 [rxR,0x100000-0x832000] (sentry,capmode)
Is aligned: 0
Is sealed: 1
Tag: 1, Perms: 68117, Type: fffffffffffffffe, Address: 51b7d8, Base: 100000, End: 832000, Flags: 1,
Length: 732000, Offset: 41b7d8

Executable: 2, Read: 4, Write: 0 invoke: 256
Capability: 0x51b748 [rxR,0x100000-0x832000] (sentry,capmode)
Is aligned: 0
Is sealed: 1
Tag: 1, Perms: 68117, Type: fffffffffffffffe, Address: 51b748, Base: 100000, End: 832000, Flags: 1,
Length: 732000, Offset: 41b748

--
Executable: 2, Read: 4, Write: 0 invoke: 256
Capability: 0x526d9e [rxR,0x100000-0x832000] (sentry,capmode)
Is aligned: 0
Is sealed: 1
Tag: 1, Perms: 68117, Type: fffffffffffffffe, Address: 526d9e, Base: 100000, End: 832000, Flags: 1,
Length: 732000, Offset: 426d9e

Executable: 2, Read: 4, Write: 0 invoke: 256
Capability: 0x526d4c [rxR,0x100000-0x832000] (sentry,capmode)
Is aligned: 0
Is sealed: 1
Tag: 1, Perms: 68117, Type: fffffffffffffffe, Address: 526d4c, Base: 100000, End: 832000, Flags: 1,
Length: 732000, Offset: 426d4c

Executable: 2, Read: 4, Write: 0 invoke: 256
Capability: 0x51b748 [rxR,0x100000-0x832000] (sentry,capmode)
Is aligned: 0
Is sealed: 1
Tag: 1, Perms: 68117, Type: fffffffffffffffe, Address: 51b748, Base: 100000, End: 832000, Flags: 1,
Length: 732000, Offset: 41b748

Executable: 2, Read: 4, Write: 0 invoke: 256
Capability: 0x51ef14 [rxR,0x100000-0x832000] (sentry,capmode)
Is aligned: 0
Is sealed: 1
Tag: 1, Perms: 68117, Type: fffffffffffffffe, Address: 51ef14, Base: 100000, End: 832000, Flags: 1,
Length: 732000, Offset: 41ef14

Executable: 2, Read: 4, Write: 0 invoke: 256
Capability: 0x51b748 [rxR,0x100000-0x832000] (sentry,capmode)
Is aligned: 0
Is sealed: 1
Tag: 1, Perms: 68117, Type: fffffffffffffffe, Address: 51b748, Base: 100000, End: 832000, Flags: 1,
Length: 732000, Offset: 41b748

Executable: 2, Read: 4, Write: 0 invoke: 256
Capability: 0x51ef3c [rxR,0x100000-0x832000] (sentry,capmode)
Is aligned: 0
Is sealed: 1
Tag: 1, Perms: 68117, Type: fffffffffffffffe, Address: 51ef3c, Base: 100000, End: 832000, Flags: 1,
Length: 732000, Offset: 41ef3c

--
Executable: 2, Read: 4, Write: 0 invoke: 256
Capability: 0x6eaf7e [rxR,0x100000-0x832000] (sentry,capmode)
Is aligned: 0
Is sealed: 1
Tag: 1, Perms: 68117, Type: fffffffffffffffe, Address: 6eaf7e, Base: 100000, End: 832000, Flags: 1,
Length: 732000, Offset: 5eaf7e

Executable: 2, Read: 4, Write: 0 invoke: 256
Capability: 0x51ef1c [rxR,0x100000-0x832000] (sentry,capmode)
Is aligned: 0
Is sealed: 1
Tag: 1, Perms: 68117, Type: fffffffffffffffe, Address: 51ef1c, Base: 100000, End: 832000, Flags: 1,
Length: 732000, Offset: 41ef1c

Executable: 2, Read: 4, Write: 0 invoke: 256
Capability: 0x51ef1c [rxR,0x100000-0x832000] (sentry,capmode)
Is aligned: 0
Is sealed: 1
Tag: 1, Perms: 68117, Type: fffffffffffffffe, Address: 51ef1c, Base: 100000, End: 832000, Flags: 1,
Length: 732000, Offset: 41ef1c

--
Executable: 2, Read: 4, Write: 0 invoke: 256
Capability: 0x6dc9c6 [rxR,0x100000-0x832000] (sentry,capmode)
Is aligned: 0
Is sealed: 1
Tag: 1, Perms: 68117, Type: fffffffffffffffe, Address: 6dc9c6, Base: 100000, End: 832000, Flags: 1,
Length: 732000, Offset: 5dc9c6

--
Executable: 2, Read: 4, Write: 0 invoke: 256
Capability: 0x6deccc [rxR,0x100000-0x832000] (sentry,capmode)
Is aligned: 0
Is sealed: 1
Tag: 1, Perms: 68117, Type: fffffffffffffffe, Address: 6deccc, Base: 100000, End: 832000, Flags: 1,
Length: 732000, Offset: 5deccc

--
Executable: 2, Read: 4, Write: 8 invoke: 256
Capability: 0x7780b520 [rwxRW,0x777fc000-0x7781c000] (invalid,sealed,capmode)
Is aligned: 1
Is sealed: 1
Tag: 0, Perms: 78fff, Type: 1f, Address: 7780b520, Base: 777fc000, End: 7781c000, Flags: 1, Length:
20000, Offset: f520

--
Executable: 2, Read: 4, Write: 0 invoke: 256
Capability: 0x6dcbe0 [rxR,0x100000-0x832000] (sentry,capmode)
Is aligned: 1
Is sealed: 1
Tag: 1, Perms: 68117, Type: fffffffffffffffe, Address: 6dcbe0, Base: 100000, End: 832000, Flags: 1,
Length: 732000, Offset: 5dcbe0

--
Executable: 2, Read: 4, Write: 0 invoke: 256
Capability: 0x6ad8e6 [rxR,0x100000-0x832000] (sentry,capmode)
Is aligned: 0
Is sealed: 1
Tag: 1, Perms: 68117, Type: fffffffffffffffe, Address: 6ad8e6, Base: 100000, End: 832000, Flags: 1,
Length: 732000, Offset: 5ad8e6

--
Executable: 2, Read: 4, Write: 0 invoke: 256
Capability: 0x6b407a [rxR,0x100000-0x832000] (sentry,capmode)
Is aligned: 0
Is sealed: 1
Tag: 1, Perms: 68117, Type: fffffffffffffffe, Address: 6b407a, Base: 100000, End: 832000, Flags: 1,
Length: 732000, Offset: 5b407a

--
Executable: 2, Read: 4, Write: 0 invoke: 256
Capability: 0x4085743e [rxR,0x4083f000-0x40879000] (sentry,capmode)
Is aligned: 0
Is sealed: 1
Tag: 1, Perms: 68117, Type: fffffffffffffffe, Address: 4085743e, Base: 4083f000, End: 40879000, Flag
s: 1, Length: 3a000, Offset: 1843e

--
Executable: 2, Read: 0, Write: 8 invoke: 0
Capability: 0x55555555 [wxW,0x55552000-0x55552a00] (invalid,sealed,capmode)
Is aligned: 0
Is sealed: 1
Tag: 0, Perms: 20aeb, Type: 2667f, Address: 55555555, Base: 55552000, End: 55552a00, Flags: 1, Lengt
h: 0a00, Offset: 3555

--
Executable: 2, Read: 4, Write: 0 invoke: 256
Capability: 0x40a90c30 [rxR,0x40918000-0x40f30000] (sentry,capmode)
Is aligned: 1
Is sealed: 1
Tag: 1, Perms: 68117, Type: fffffffffffffffe, Address: 40a90c30, Base: 40918000, End: 40f30000, Flag
s: 1, Length: 618000, Offset: 178c30

--
Executable: 2, Read: 4, Write: 0 invoke: 256
Capability: 0x6b3fa2 [rxR,0x100000-0x832000] (sentry,capmode)
Is aligned: 0
Is sealed: 1
Tag: 1, Perms: 68117, Type: fffffffffffffffe, Address: 6b3fa2, Base: 100000, End: 832000, Flags: 1,
Length: 732000, Offset: 5b3fa2

--
Executable: 2, Read: 4, Write: 0 invoke: 256
Capability: 0x6243a2 [rxR,0x100000-0x832000] (invalid,sentry,capmode)
Is aligned: 0
Is sealed: 1
Tag: 0, Perms: 0117, Type: fffffffffffffffe, Address: 6243a2, Base: 100000, End: 832000, Flags: 1, L
ength: 732000, Offset: 5243a2

--
Executable: 2, Read: 4, Write: 0 invoke: 256
Capability: 0x11e06522c8b09f2 [rxR,0x11e06522c100000-0x11e06522c832000] (invalid,sentry,capmode)
Is aligned: 0
Is sealed: 1
Tag: 0, Perms: 68117, Type: fffffffffffffffe, Address: 11e06522c8b09f2, Base: 11e06522c100000, End:
11e06522c832000, Flags: 1, Length: 732000, Offset: 7b09f2

--
Executable: 2, Read: 4, Write: 0 invoke: 0
Capability: 0x362aa4 [rxR,0x100000-0x832000] (invalid,sentry,capmode)
Is aligned: 0
Is sealed: 1
Tag: 0, Perms: 0017, Type: fffffffffffffffe, Address: 362aa4, Base: 100000, End: 832000, Flags: 1, L
ength: 732000, Offset: 262aa4

--
Executable: 2, Read: 4, Write: 0 invoke: 256
Capability: 0x62396c [rxR,0x100000-0x832000] (sentry,capmode)
Is aligned: 0
Is sealed: 1
Tag: 1, Perms: 68117, Type: fffffffffffffffe, Address: 62396c, Base: 100000, End: 832000, Flags: 1,
Length: 732000, Offset: 52396c

--
Executable: 2, Read: 4, Write: 8 invoke: 256
Capability: 0x7780b000 [rwxRW,0x7780bfea-0x7780bff9] (invalid,sealed,capmode)
Is aligned: 1
Is sealed: 1
Tag: 0, Perms: 78fff, Type: 0, Address: 7780b000, Base: 7780bfea, End: 7780bff9, Flags: 1, Length: 0
00f, Offset: fffffffffffff016

--
Executable: 2, Read: 4, Write: 0 invoke: 256
Capability: 0x6154ee [rxR,0x100000-0x832000] (sentry,capmode)
Is aligned: 0
Is sealed: 1
Tag: 1, Perms: 68117, Type: fffffffffffffffe, Address: 6154ee, Base: 100000, End: 832000, Flags: 1,
Length: 732000, Offset: 5154ee

--
Executable: 2, Read: 4, Write: 0 invoke: 256
Capability: 0x658d56 [rxR,0x100000-0x832000] (sentry,capmode)
Is aligned: 0
Is sealed: 1
Tag: 1, Perms: 68117, Type: fffffffffffffffe, Address: 658d56, Base: 100000, End: 832000, Flags: 1,
Length: 732000, Offset: 558d56

--
Executable: 2, Read: 4, Write: 0 invoke: 256
Capability: 0x65626a [rxR,0x100000-0x832000] (sentry,capmode)
Is aligned: 0
Is sealed: 1
Tag: 1, Perms: 68117, Type: fffffffffffffffe, Address: 65626a, Base: 100000, End: 832000, Flags: 1,
Length: 732000, Offset: 55626a

--
Executable: 2, Read: 4, Write: 0 invoke: 256
Capability: 0x654bae [rxR,0x100000-0x832000] (sentry,capmode)
Is aligned: 0
Is sealed: 1
Tag: 1, Perms: 68117, Type: fffffffffffffffe, Address: 654bae, Base: 100000, End: 832000, Flags: 1,
Length: 732000, Offset: 554bae

--
Executable: 2, Read: 4, Write: 0 invoke: 256
Capability: 0x655aa0 [rxR,0x100000-0x832000] (sentry,capmode)
Is aligned: 1
Is sealed: 1
Tag: 1, Perms: 68117, Type: fffffffffffffffe, Address: 655aa0, Base: 100000, End: 832000, Flags: 1,
Length: 732000, Offset: 555aa0

--
Executable: 2, Read: 4, Write: 0 invoke: 256
Capability: 0x6dd74e [rxR,0x100000-0x832000] (sentry,capmode)
Is aligned: 0
Is sealed: 1
Tag: 1, Perms: 68117, Type: fffffffffffffffe, Address: 6dd74e, Base: 100000, End: 832000, Flags: 1,
Length: 732000, Offset: 5dd74e

--
Executable: 2, Read: 4, Write: 0 invoke: 256
Capability: 0x6edb38 [rxR,0x100000-0x832000] (sentry,capmode)
Is aligned: 0
Is sealed: 1
Tag: 1, Perms: 68117, Type: fffffffffffffffe, Address: 6edb38, Base: 100000, End: 832000, Flags: 1,
Length: 732000, Offset: 5edb38

--
Executable: 2, Read: 4, Write: 0 invoke: 256
Capability: 0x4081df7a [rxR,0x4080c000-0x40834600] (invalid,sentry,capmode)
Is aligned: 0
Is sealed: 1
Tag: 0, Perms: 0117, Type: fffffffffffffffe, Address: 4081df7a, Base: 4080c000, End: 40834600, Flags
: 1, Length: 28600, Offset: 11f7a

--
Executable: 2, Read: 4, Write: 0 invoke: 256
Capability: 0x3 [rxR,0x100000-0x832000] (invalid,sentry,capmode)
Is aligned: 0
Is sealed: 1
Tag: 0, Perms: 0117, Type: fffffffffffffffe, Address: 0003, Base: 100000, End: 832000, Flags: 1, Len
gth: 732000, Offset: fffffffffff00003

--
Executable: 2, Read: 4, Write: 0 invoke: 256
Capability: 0x6aa3e6 [rxR,0x100000-0x832000] (sentry,capmode)
Is aligned: 0
Is sealed: 1
Tag: 1, Perms: 68117, Type: fffffffffffffffe, Address: 6aa3e6, Base: 100000, End: 832000, Flags: 1,
Length: 732000, Offset: 5aa3e6

--
Executable: 2, Read: 4, Write: 0 invoke: 256
Capability: 0x6f2d56 [rxR,0x100000-0x832000] (sentry,capmode)
Is aligned: 0
Is sealed: 1
Tag: 1, Perms: 68117, Type: fffffffffffffffe, Address: 6f2d56, Base: 100000, End: 832000, Flags: 1,
Length: 732000, Offset: 5f2d56

--
Executable: 2, Read: 4, Write: 0 invoke: 256
Capability: 0x476b70 [rxR,0x100000-0x832000] (sentry,capmode)
Is aligned: 1
Is sealed: 1
Tag: 1, Perms: 68117, Type: fffffffffffffffe, Address: 476b70, Base: 100000, End: 832000, Flags: 1,
Length: 732000, Offset: 376b70

--
Executable: 2, Read: 4, Write: 0 invoke: 256
Capability: 0x6ca07e [rxR,0x100000-0x832000] (sentry,capmode)
Is aligned: 0
Is sealed: 1
Tag: 1, Perms: 68117, Type: fffffffffffffffe, Address: 6ca07e, Base: 100000, End: 832000, Flags: 1,
Length: 732000, Offset: 5ca07e

--
Executable: 2, Read: 4, Write: 0 invoke: 256
Capability: 0x6adde2 [rxR,0x100000-0x832000] (sentry,capmode)
Is aligned: 0
Is sealed: 1
Tag: 1, Perms: 68117, Type: fffffffffffffffe, Address: 6adde2, Base: 100000, End: 832000, Flags: 1,
Length: 732000, Offset: 5adde2

--
Executable: 2, Read: 4, Write: 0 invoke: 256
Capability: 0x34ef8c [rxR,0x100000-0x832000] (sentry,capmode)
Is aligned: 0
Is sealed: 1
Tag: 1, Perms: 68117, Type: fffffffffffffffe, Address: 34ef8c, Base: 100000, End: 832000, Flags: 1,
Length: 732000, Offset: 24ef8c

--
Executable: 2, Read: 4, Write: 0 invoke: 256
Capability: 0x6add36 [rxR,0x100000-0x832000] (sentry,capmode)
Is aligned: 0
Is sealed: 1
Tag: 1, Perms: 68117, Type: fffffffffffffffe, Address: 6add36, Base: 100000, End: 832000, Flags: 1,
Length: 732000, Offset: 5add36

--
Executable: 2, Read: 4, Write: 0 invoke: 256
Capability: 0x6c7c48 [rxR,0x100000-0x832000] (sentry,capmode)
Is aligned: 0
Is sealed: 1
Tag: 1, Perms: 68117, Type: fffffffffffffffe, Address: 6c7c48, Base: 100000, End: 832000, Flags: 1,
Length: 732000, Offset: 5c7c48

Executable: 2, Read: 4, Write: 0 invoke: 256
Capability: 0x6ca300 [rxR,0x100000-0x832000] (sentry,capmode)
Is aligned: 1
Is sealed: 1
Tag: 1, Perms: 68117, Type: fffffffffffffffe, Address: 6ca300, Base: 100000, End: 832000, Flags: 1,
Length: 732000, Offset: 5ca300

--
Executable: 2, Read: 4, Write: 0 invoke: 256
Capability: 0x6ca1fa [rxR,0x100000-0x832000] (sentry,capmode)
Is aligned: 0
Is sealed: 1
Tag: 1, Perms: 68117, Type: fffffffffffffffe, Address: 6ca1fa, Base: 100000, End: 832000, Flags: 1,
Length: 732000, Offset: 5ca1fa

Executable: 2, Read: 4, Write: 0 invoke: 256
Capability: 0x45085c [rxR,0x100000-0x832000] (sentry,capmode)
Is aligned: 0
Is sealed: 1
Tag: 1, Perms: 68117, Type: fffffffffffffffe, Address: 45085c, Base: 100000, End: 832000, Flags: 1,
Length: 732000, Offset: 35085c

--
Executable: 2, Read: 4, Write: 0 invoke: 256
Capability: 0x34ef8c [rxR,0x100000-0x832000] (sentry,capmode)
Is aligned: 0
Is sealed: 1
Tag: 1, Perms: 68117, Type: fffffffffffffffe, Address: 34ef8c, Base: 100000, End: 832000, Flags: 1,
Length: 732000, Offset: 24ef8c

--
Executable: 2, Read: 4, Write: 0 invoke: 256
Capability: 0x45080a [rxR,0x100000-0x832000] (sentry,capmode)
Is aligned: 0
Is sealed: 1
Tag: 1, Perms: 68117, Type: fffffffffffffffe, Address: 45080a, Base: 100000, End: 832000, Flags: 1,
Length: 732000, Offset: 35080a

--
Executable: 2, Read: 4, Write: 0 invoke: 256
Capability: 0x44fc40 [rxR,0x100000-0x832000] (sentry,capmode)
Is aligned: 1
Is sealed: 1
Tag: 1, Perms: 68117, Type: fffffffffffffffe, Address: 44fc40, Base: 100000, End: 832000, Flags: 1,
Length: 732000, Offset: 34fc40

--
Executable: 2, Read: 4, Write: 0 invoke: 256
Capability: 0x450748 [rxR,0x100000-0x832000] (sentry,capmode)
Is aligned: 0
Is sealed: 1
Tag: 1, Perms: 68117, Type: fffffffffffffffe, Address: 450748, Base: 100000, End: 832000, Flags: 1,
Length: 732000, Offset: 350748

--
Executable: 2, Read: 4, Write: 0 invoke: 256
Capability: 0x34f04e [rxR,0x100000-0x832000] (sentry,capmode)
Is aligned: 0
Is sealed: 1
Tag: 1, Perms: 68117, Type: fffffffffffffffe, Address: 34f04e, Base: 100000, End: 832000, Flags: 1,
Length: 732000, Offset: 24f04e

Executable: 2, Read: 4, Write: 0 invoke: 256
Capability: 0x5f97d8 [rxR,0x100000-0x832000] (sentry,capmode)
Is aligned: 0
Is sealed: 1
Tag: 1, Perms: 68117, Type: fffffffffffffffe, Address: 5f97d8, Base: 100000, End: 832000, Flags: 1,
Length: 732000, Offset: 4f97d8

--
Executable: 2, Read: 4, Write: 0 invoke: 256
Capability: 0x34f004 [rxR,0x100000-0x832000] (sentry,capmode)
Is aligned: 0
Is sealed: 1
Tag: 1, Perms: 68117, Type: fffffffffffffffe, Address: 34f004, Base: 100000, End: 832000, Flags: 1,
Length: 732000, Offset: 24f004

--
Executable: 2, Read: 4, Write: 0 invoke: 256
Capability: 0x409c3bee [rxR,0x40918000-0x40f30000] (sentry,capmode)
Is aligned: 0
Is sealed: 1
Tag: 1, Perms: 68117, Type: fffffffffffffffe, Address: 409c3bee, Base: 40918000, End: 40f30000, Flag
s: 1, Length: 618000, Offset: abbee

--
Executable: 2, Read: 4, Write: 0 invoke: 256
Capability: 0x34ef58 [rxR,0x100000-0x832000] (sentry,capmode)
Is aligned: 0
Is sealed: 1
Tag: 1, Perms: 68117, Type: fffffffffffffffe, Address: 34ef58, Base: 100000, End: 832000, Flags: 1,
Length: 732000, Offset: 24ef58

Executable: 2, Read: 4, Write: 0 invoke: 256
Capability: 0x4081756c [rxR,0x4080c000-0x40834600] (sentry,capmode)
Is aligned: 0
Is sealed: 1
Tag: 1, Perms: 68117, Type: fffffffffffffffe, Address: 4081756c, Base: 4080c000, End: 40834600, Flag
s: 1, Length: 28600, Offset: b56c

--
Executable: 2, Read: 4, Write: 0 invoke: 256
Capability: 0x34ef8c [rxR,0x100000-0x832000] (sentry,capmode)
Is aligned: 0
Is sealed: 1
Tag: 1, Perms: 68117, Type: fffffffffffffffe, Address: 34ef8c, Base: 100000, End: 832000, Flags: 1,
Length: 732000, Offset: 24ef8c

--
Executable: 2, Read: 4, Write: 0 invoke: 256
Capability: 0x46b564 [rxR,0x100000-0x832000] (sentry,capmode)
Is aligned: 0
Is sealed: 1
Tag: 1, Perms: 68117, Type: fffffffffffffffe, Address: 46b564, Base: 100000, End: 832000, Flags: 1,
Length: 732000, Offset: 36b564

--
Executable: 2, Read: 4, Write: 0 invoke: 256
Capability: 0x46b922 [rxR,0x100000-0x832000] (sentry,capmode)
Is aligned: 0
Is sealed: 1
Tag: 1, Perms: 68117, Type: fffffffffffffffe, Address: 46b922, Base: 100000, End: 832000, Flags: 1,
Length: 732000, Offset: 36b922

--
Executable: 2, Read: 4, Write: 0 invoke: 256
Capability: 0x4784f4 [rxR,0x100000-0x832000] (sentry,capmode)
Is aligned: 0
Is sealed: 1
Tag: 1, Perms: 68117, Type: fffffffffffffffe, Address: 4784f4, Base: 100000, End: 832000, Flags: 1,
Length: 732000, Offset: 3784f4

--
Executable: 2, Read: 4, Write: 0 invoke: 256
Capability: 0x47f658 [rxR,0x100000-0x832000] (sentry,capmode)
Is aligned: 0
Is sealed: 1
Tag: 1, Perms: 68117, Type: fffffffffffffffe, Address: 47f658, Base: 100000, End: 832000, Flags: 1,
Length: 732000, Offset: 37f658

--
Executable: 2, Read: 4, Write: 0 invoke: 256
Capability: 0x477ba4 [rxR,0x100000-0x832000] (sentry,capmode)
Is aligned: 0
Is sealed: 1
Tag: 1, Perms: 68117, Type: fffffffffffffffe, Address: 477ba4, Base: 100000, End: 832000, Flags: 1,
Length: 732000, Offset: 377ba4

--
Executable: 2, Read: 4, Write: 0 invoke: 256
Capability: 0x47f21c [rxR,0x100000-0x832000] (sentry,capmode)
Is aligned: 0
Is sealed: 1
Tag: 1, Perms: 68117, Type: fffffffffffffffe, Address: 47f21c, Base: 100000, End: 832000, Flags: 1,
Length: 732000, Offset: 37f21c

--
Executable: 2, Read: 4, Write: 0 invoke: 256
Capability: 0x47e68c [rxR,0x100000-0x832000] (sentry,capmode)
Is aligned: 0
Is sealed: 1
Tag: 1, Perms: 68117, Type: fffffffffffffffe, Address: 47e68c, Base: 100000, End: 832000, Flags: 1,
Length: 732000, Offset: 37e68c

Executable: 2, Read: 4, Write: 0 invoke: 256
Capability: 0x4773fc [rxR,0x100000-0x832000] (sentry,capmode)
Is aligned: 0
Is sealed: 1
Tag: 1, Perms: 68117, Type: fffffffffffffffe, Address: 4773fc, Base: 100000, End: 832000, Flags: 1,
Length: 732000, Offset: 3773fc

--
Executable: 2, Read: 4, Write: 0 invoke: 256
Capability: 0x47e096 [rxR,0x100000-0x832000] (sentry,capmode)
Is aligned: 0
Is sealed: 1
Tag: 1, Perms: 68117, Type: fffffffffffffffe, Address: 47e096, Base: 100000, End: 832000, Flags: 1,
Length: 732000, Offset: 37e096

Executable: 2, Read: 4, Write: 0 invoke: 256
Capability: 0x47743a [rxR,0x100000-0x832000] (sentry,capmode)
Is aligned: 0
Is sealed: 1
Tag: 1, Perms: 68117, Type: fffffffffffffffe, Address: 47743a, Base: 100000, End: 832000, Flags: 1,
Length: 732000, Offset: 37743a

Executable: 2, Read: 4, Write: 0 invoke: 256
Capability: 0x465e98 [rxR,0x100000-0x832000] (sentry,capmode)
Is aligned: 0
Is sealed: 1
Tag: 1, Perms: 68117, Type: fffffffffffffffe, Address: 465e98, Base: 100000, End: 832000, Flags: 1,
Length: 732000, Offset: 365e98

Executable: 2, Read: 4, Write: 0 invoke: 256
Capability: 0x4772bc [rxR,0x100000-0x832000] (sentry,capmode)
Is aligned: 0
Is sealed: 1
Tag: 1, Perms: 68117, Type: fffffffffffffffe, Address: 4772bc, Base: 100000, End: 832000, Flags: 1,
Length: 732000, Offset: 3772bc

--
Executable: 2, Read: 4, Write: 0 invoke: 256
Capability: 0x476c6e [rxR,0x100000-0x832000] (sentry,capmode)
Is aligned: 0
Is sealed: 1
Tag: 1, Perms: 68117, Type: fffffffffffffffe, Address: 476c6e, Base: 100000, End: 832000, Flags: 1,
Length: 732000, Offset: 376c6e

--
Executable: 2, Read: 4, Write: 0 invoke: 256
Capability: 0x476ace [rxR,0x100000-0x832000] (sentry,capmode)
Is aligned: 0
Is sealed: 1
Tag: 1, Perms: 68117, Type: fffffffffffffffe, Address: 476ace, Base: 100000, End: 832000, Flags: 1,
Length: 732000, Offset: 376ace

--
Executable: 2, Read: 4, Write: 0 invoke: 256
Capability: 0x46742c [rxR,0x100000-0x832000] (sentry,capmode)
Is aligned: 0
Is sealed: 1
Tag: 1, Perms: 68117, Type: fffffffffffffffe, Address: 46742c, Base: 100000, End: 832000, Flags: 1,
Length: 732000, Offset: 36742c

--
Executable: 2, Read: 4, Write: 0 invoke: 256
Capability: 0x6ca95c [rxR,0x100000-0x832000] (sentry,capmode)
Is aligned: 0
Is sealed: 1
Tag: 1, Perms: 68117, Type: fffffffffffffffe, Address: 6ca95c, Base: 100000, End: 832000, Flags: 1,
Length: 732000, Offset: 5ca95c

Executable: 2, Read: 4, Write: 0 invoke: 256
Capability: 0x30 [rxR,0x100000-0x832000] (invalid,sentry,capmode)
Is aligned: 1
Is sealed: 1
Tag: 0, Perms: 0117, Type: fffffffffffffffe, Address: 0030, Base: 100000, End: 832000, Flags: 1, Len
gth: 732000, Offset: fffffffffff00030

--
Executable: 2, Read: 4, Write: 0 invoke: 256
Capability: 0x467544 [rxR,0x100000-0x832000] (sentry,capmode)
Is aligned: 0
Is sealed: 1
Tag: 1, Perms: 68117, Type: fffffffffffffffe, Address: 467544, Base: 100000, End: 832000, Flags: 1,
Length: 732000, Offset: 367544

--
Executable: 2, Read: 4, Write: 0 invoke: 256
Capability: 0x51b7d8 [rxR,0x100000-0x832000] (sentry,capmode)
Is aligned: 0
Is sealed: 1
Tag: 1, Perms: 68117, Type: fffffffffffffffe, Address: 51b7d8, Base: 100000, End: 832000, Flags: 1,
Length: 732000, Offset: 41b7d8

Executable: 2, Read: 4, Write: 0 invoke: 256
Capability: 0x51b748 [rxR,0x100000-0x832000] (sentry,capmode)
Is aligned: 0
Is sealed: 1
Tag: 1, Perms: 68117, Type: fffffffffffffffe, Address: 51b748, Base: 100000, End: 832000, Flags: 1,
Length: 732000, Offset: 41b748

--
Executable: 2, Read: 4, Write: 0 invoke: 256
Capability: 0x526d9e [rxR,0x100000-0x832000] (sentry,capmode)
Is aligned: 0
Is sealed: 1
Tag: 1, Perms: 68117, Type: fffffffffffffffe, Address: 526d9e, Base: 100000, End: 832000, Flags: 1,
Length: 732000, Offset: 426d9e

Executable: 2, Read: 4, Write: 0 invoke: 256
Capability: 0x526d4c [rxR,0x100000-0x832000] (sentry,capmode)
Is aligned: 0
Is sealed: 1
Tag: 1, Perms: 68117, Type: fffffffffffffffe, Address: 526d4c, Base: 100000, End: 832000, Flags: 1,
Length: 732000, Offset: 426d4c

Executable: 2, Read: 4, Write: 0 invoke: 256
Capability: 0x51b748 [rxR,0x100000-0x832000] (sentry,capmode)
Is aligned: 0
Is sealed: 1
Tag: 1, Perms: 68117, Type: fffffffffffffffe, Address: 51b748, Base: 100000, End: 832000, Flags: 1,
Length: 732000, Offset: 41b748

Executable: 2, Read: 4, Write: 0 invoke: 256
Capability: 0x51ef14 [rxR,0x100000-0x832000] (sentry,capmode)
Is aligned: 0
Is sealed: 1
Tag: 1, Perms: 68117, Type: fffffffffffffffe, Address: 51ef14, Base: 100000, End: 832000, Flags: 1,
Length: 732000, Offset: 41ef14

Executable: 2, Read: 4, Write: 0 invoke: 256
Capability: 0x51b748 [rxR,0x100000-0x832000] (sentry,capmode)
Is aligned: 0
Is sealed: 1
Tag: 1, Perms: 68117, Type: fffffffffffffffe, Address: 51b748, Base: 100000, End: 832000, Flags: 1,
Length: 732000, Offset: 41b748

Executable: 2, Read: 4, Write: 0 invoke: 256
Capability: 0x51ef3c [rxR,0x100000-0x832000] (sentry,capmode)
Is aligned: 0
Is sealed: 1
Tag: 1, Perms: 68117, Type: fffffffffffffffe, Address: 51ef3c, Base: 100000, End: 832000, Flags: 1,
Length: 732000, Offset: 41ef3c

--
Executable: 2, Read: 4, Write: 0 invoke: 256
Capability: 0x6eaf7e [rxR,0x100000-0x832000] (sentry,capmode)
Is aligned: 0
Is sealed: 1
Tag: 1, Perms: 68117, Type: fffffffffffffffe, Address: 6eaf7e, Base: 100000, End: 832000, Flags: 1,
Length: 732000, Offset: 5eaf7e

Executable: 2, Read: 4, Write: 0 invoke: 256
Capability: 0x51ef1c [rxR,0x100000-0x832000] (sentry,capmode)
Is aligned: 0
Is sealed: 1
Tag: 1, Perms: 68117, Type: fffffffffffffffe, Address: 51ef1c, Base: 100000, End: 832000, Flags: 1,
Length: 732000, Offset: 41ef1c

Executable: 2, Read: 4, Write: 0 invoke: 256
Capability: 0x51ef1c [rxR,0x100000-0x832000] (sentry,capmode)
Is aligned: 0
Is sealed: 1
Tag: 1, Perms: 68117, Type: fffffffffffffffe, Address: 51ef1c, Base: 100000, End: 832000, Flags: 1,
Length: 732000, Offset: 41ef1c

--
Executable: 2, Read: 4, Write: 0 invoke: 256
Capability: 0x6dc9c6 [rxR,0x100000-0x832000] (sentry,capmode)
Is aligned: 0
Is sealed: 1
Tag: 1, Perms: 68117, Type: fffffffffffffffe, Address: 6dc9c6, Base: 100000, End: 832000, Flags: 1,
Length: 732000, Offset: 5dc9c6

--
Executable: 2, Read: 4, Write: 0 invoke: 256
Capability: 0x6deccc [rxR,0x100000-0x832000] (sentry,capmode)
Is aligned: 0
Is sealed: 1
Tag: 1, Perms: 68117, Type: fffffffffffffffe, Address: 6deccc, Base: 100000, End: 832000, Flags: 1,
Length: 732000, Offset: 5deccc

--
Executable: 2, Read: 4, Write: 8 invoke: 256
Capability: 0x7780b520 [rwxRW,0x777fc000-0x7781c000] (invalid,sealed,capmode)
Is aligned: 1
Is sealed: 1
Tag: 0, Perms: 78fff, Type: 1f, Address: 7780b520, Base: 777fc000, End: 7781c000, Flags: 1, Length:
20000, Offset: f520

--
Executable: 2, Read: 4, Write: 0 invoke: 256
Capability: 0x6dcbe0 [rxR,0x100000-0x832000] (sentry,capmode)
Is aligned: 1
Is sealed: 1
Tag: 1, Perms: 68117, Type: fffffffffffffffe, Address: 6dcbe0, Base: 100000, End: 832000, Flags: 1,
Length: 732000, Offset: 5dcbe0

--
Executable: 2, Read: 4, Write: 0 invoke: 256
Capability: 0x6ad8e6 [rxR,0x100000-0x832000] (sentry,capmode)
Is aligned: 0
Is sealed: 1
Tag: 1, Perms: 68117, Type: fffffffffffffffe, Address: 6ad8e6, Base: 100000, End: 832000, Flags: 1,
Length: 732000, Offset: 5ad8e6

--
Executable: 2, Read: 4, Write: 0 invoke: 256
Capability: 0x6b407a [rxR,0x100000-0x832000] (sentry,capmode)
Is aligned: 0
Is sealed: 1
Tag: 1, Perms: 68117, Type: fffffffffffffffe, Address: 6b407a, Base: 100000, End: 832000, Flags: 1,
Length: 732000, Offset: 5b407a

--
Executable: 2, Read: 4, Write: 0 invoke: 256
Capability: 0x4085743e [rxR,0x4083f000-0x40879000] (sentry,capmode)
Is aligned: 0
Is sealed: 1
Tag: 1, Perms: 68117, Type: fffffffffffffffe, Address: 4085743e, Base: 4083f000, End: 40879000, Flag
s: 1, Length: 3a000, Offset: 1843e

--
Executable: 2, Read: 0, Write: 8 invoke: 0
Capability: 0x55555555 [wxW,0x55552000-0x55552a00] (invalid,sealed,capmode)
Is aligned: 0
Is sealed: 1
Tag: 0, Perms: 20aeb, Type: 2667f, Address: 55555555, Base: 55552000, End: 55552a00, Flags: 1, Lengt
h: 0a00, Offset: 3555

--
Executable: 2, Read: 4, Write: 0 invoke: 256
Capability: 0x40a90c30 [rxR,0x40918000-0x40f30000] (sentry,capmode)
Is aligned: 1
Is sealed: 1
Tag: 1, Perms: 68117, Type: fffffffffffffffe, Address: 40a90c30, Base: 40918000, End: 40f30000, Flag
s: 1, Length: 618000, Offset: 178c30

--
Executable: 2, Read: 4, Write: 0 invoke: 256
Capability: 0x6b3fa2 [rxR,0x100000-0x832000] (sentry,capmode)
Is aligned: 0
Is sealed: 1
Tag: 1, Perms: 68117, Type: fffffffffffffffe, Address: 6b3fa2, Base: 100000, End: 832000, Flags: 1,
Length: 732000, Offset: 5b3fa2

--
Executable: 2, Read: 4, Write: 0 invoke: 256
Capability: 0x6243a2 [rxR,0x100000-0x832000] (invalid,sentry,capmode)
Is aligned: 0
Is sealed: 1
Tag: 0, Perms: 0117, Type: fffffffffffffffe, Address: 6243a2, Base: 100000, End: 832000, Flags: 1, L
ength: 732000, Offset: 5243a2

--
Executable: 2, Read: 4, Write: 0 invoke: 256
Capability: 0x11e06522c8b09f2 [rxR,0x11e06522c100000-0x11e06522c832000] (invalid,sentry,capmode)
Is aligned: 0
Is sealed: 1
Tag: 0, Perms: 68117, Type: fffffffffffffffe, Address: 11e06522c8b09f2, Base: 11e06522c100000, End:
11e06522c832000, Flags: 1, Length: 732000, Offset: 7b09f2

--
Executable: 2, Read: 4, Write: 0 invoke: 0
Capability: 0x362aa4 [rxR,0x100000-0x832000] (invalid,sentry,capmode)
Is aligned: 0
Is sealed: 1
Tag: 0, Perms: 0017, Type: fffffffffffffffe, Address: 362aa4, Base: 100000, End: 832000, Flags: 1, L
ength: 732000, Offset: 262aa4

--
Executable: 2, Read: 4, Write: 0 invoke: 256
Capability: 0x62396c [rxR,0x100000-0x832000] (sentry,capmode)
Is aligned: 0
Is sealed: 1
Tag: 1, Perms: 68117, Type: fffffffffffffffe, Address: 62396c, Base: 100000, End: 832000, Flags: 1,
Length: 732000, Offset: 52396c

--
Executable: 2, Read: 4, Write: 8 invoke: 256
Capability: 0x7780b000 [rwxRW,0x7780bfea-0x7780bff9] (invalid,sealed,capmode)
Is aligned: 1
Is sealed: 1
Tag: 0, Perms: 78fff, Type: 0, Address: 7780b000, Base: 7780bfea, End: 7780bff9, Flags: 1, Length: 0
00f, Offset: fffffffffffff016

--
Executable: 2, Read: 4, Write: 0 invoke: 256
Capability: 0x6154ee [rxR,0x100000-0x832000] (sentry,capmode)
Is aligned: 0
Is sealed: 1
Tag: 1, Perms: 68117, Type: fffffffffffffffe, Address: 6154ee, Base: 100000, End: 832000, Flags: 1,
Length: 732000, Offset: 5154ee

--
Executable: 2, Read: 4, Write: 0 invoke: 256
Capability: 0x658d56 [rxR,0x100000-0x832000] (sentry,capmode)
Is aligned: 0
Is sealed: 1
Tag: 1, Perms: 68117, Type: fffffffffffffffe, Address: 658d56, Base: 100000, End: 832000, Flags: 1,
Length: 732000, Offset: 558d56

--
Executable: 2, Read: 4, Write: 0 invoke: 256
Capability: 0x65626a [rxR,0x100000-0x832000] (sentry,capmode)
Is aligned: 0
Is sealed: 1
Tag: 1, Perms: 68117, Type: fffffffffffffffe, Address: 65626a, Base: 100000, End: 832000, Flags: 1,
Length: 732000, Offset: 55626a

--
Executable: 2, Read: 4, Write: 0 invoke: 256
Capability: 0x654bae [rxR,0x100000-0x832000] (sentry,capmode)
Is aligned: 0
Is sealed: 1
Tag: 1, Perms: 68117, Type: fffffffffffffffe, Address: 654bae, Base: 100000, End: 832000, Flags: 1,
Length: 732000, Offset: 554bae

--
Executable: 2, Read: 4, Write: 0 invoke: 256
Capability: 0x655aa0 [rxR,0x100000-0x832000] (sentry,capmode)
Is aligned: 1
Is sealed: 1
Tag: 1, Perms: 68117, Type: fffffffffffffffe, Address: 655aa0, Base: 100000, End: 832000, Flags: 1,
Length: 732000, Offset: 555aa0

--
Executable: 2, Read: 4, Write: 0 invoke: 256
Capability: 0x6dd74e [rxR,0x100000-0x832000] (sentry,capmode)
Is aligned: 0
Is sealed: 1
Tag: 1, Perms: 68117, Type: fffffffffffffffe, Address: 6dd74e, Base: 100000, End: 832000, Flags: 1,
Length: 732000, Offset: 5dd74e

--
Executable: 2, Read: 4, Write: 0 invoke: 256
Capability: 0x6edb38 [rxR,0x100000-0x832000] (sentry,capmode)
Is aligned: 0
Is sealed: 1
Tag: 1, Perms: 68117, Type: fffffffffffffffe, Address: 6edb38, Base: 100000, End: 832000, Flags: 1,
Length: 732000, Offset: 5edb38

--
Executable: 2, Read: 4, Write: 0 invoke: 256
Capability: 0x4081df7a [rxR,0x4080c000-0x40834600] (invalid,sentry,capmode)
Is aligned: 0
Is sealed: 1
Tag: 0, Perms: 0117, Type: fffffffffffffffe, Address: 4081df7a, Base: 4080c000, End: 40834600, Flags
: 1, Length: 28600, Offset: 11f7a

--
Executable: 2, Read: 4, Write: 0 invoke: 256
Capability: 0x3 [rxR,0x100000-0x832000] (invalid,sentry,capmode)
Is aligned: 0
Is sealed: 1
Tag: 0, Perms: 0117, Type: fffffffffffffffe, Address: 0003, Base: 100000, End: 832000, Flags: 1, Len
gth: 732000, Offset: fffffffffff00003

--
Executable: 2, Read: 4, Write: 0 invoke: 256
Capability: 0x6aa3e6 [rxR,0x100000-0x832000] (sentry,capmode)
Is aligned: 0
Is sealed: 1
Tag: 1, Perms: 68117, Type: fffffffffffffffe, Address: 6aa3e6, Base: 100000, End: 832000, Flags: 1,
Length: 732000, Offset: 5aa3e6

--
Executable: 2, Read: 4, Write: 0 invoke: 256
Capability: 0x6f2d56 [rxR,0x100000-0x832000] (sentry,capmode)
Is aligned: 0
Is sealed: 1
Tag: 1, Perms: 68117, Type: fffffffffffffffe, Address: 6f2d56, Base: 100000, End: 832000, Flags: 1,
Length: 732000, Offset: 5f2d56

--
Executable: 2, Read: 4, Write: 0 invoke: 256
Capability: 0x476b70 [rxR,0x100000-0x832000] (sentry,capmode)
Is aligned: 1
Is sealed: 1
Tag: 1, Perms: 68117, Type: fffffffffffffffe, Address: 476b70, Base: 100000, End: 832000, Flags: 1,
Length: 732000, Offset: 376b70

--
Executable: 2, Read: 4, Write: 0 invoke: 256
Capability: 0x6ca07e [rxR,0x100000-0x832000] (sentry,capmode)
Is aligned: 0
Is sealed: 1
Tag: 1, Perms: 68117, Type: fffffffffffffffe, Address: 6ca07e, Base: 100000, End: 832000, Flags: 1,
Length: 732000, Offset: 5ca07e

--
Executable: 2, Read: 4, Write: 0 invoke: 256
Capability: 0x6adde2 [rxR,0x100000-0x832000] (sentry,capmode)
Is aligned: 0
Is sealed: 1
Tag: 1, Perms: 68117, Type: fffffffffffffffe, Address: 6adde2, Base: 100000, End: 832000, Flags: 1,
Length: 732000, Offset: 5adde2

--
Executable: 2, Read: 4, Write: 0 invoke: 256
Capability: 0x34ef8c [rxR,0x100000-0x832000] (sentry,capmode)
Is aligned: 0
Is sealed: 1
Tag: 1, Perms: 68117, Type: fffffffffffffffe, Address: 34ef8c, Base: 100000, End: 832000, Flags: 1,
Length: 732000, Offset: 24ef8c

--
Executable: 2, Read: 4, Write: 0 invoke: 256
Capability: 0x6add36 [rxR,0x100000-0x832000] (sentry,capmode)
Is aligned: 0
Is sealed: 1
Tag: 1, Perms: 68117, Type: fffffffffffffffe, Address: 6add36, Base: 100000, End: 832000, Flags: 1,
Length: 732000, Offset: 5add36

--
Executable: 2, Read: 4, Write: 0 invoke: 256
Capability: 0x6c7c48 [rxR,0x100000-0x832000] (sentry,capmode)
Is aligned: 0
Is sealed: 1
Tag: 1, Perms: 68117, Type: fffffffffffffffe, Address: 6c7c48, Base: 100000, End: 832000, Flags: 1,
Length: 732000, Offset: 5c7c48

Executable: 2, Read: 4, Write: 0 invoke: 256
Capability: 0x6ca300 [rxR,0x100000-0x832000] (sentry,capmode)
Is aligned: 1
Is sealed: 1
Tag: 1, Perms: 68117, Type: fffffffffffffffe, Address: 6ca300, Base: 100000, End: 832000, Flags: 1,
Length: 732000, Offset: 5ca300

--
Executable: 2, Read: 4, Write: 0 invoke: 256
Capability: 0x6ca1fa [rxR,0x100000-0x832000] (sentry,capmode)
Is aligned: 0
Is sealed: 1
Tag: 1, Perms: 68117, Type: fffffffffffffffe, Address: 6ca1fa, Base: 100000, End: 832000, Flags: 1,
Length: 732000, Offset: 5ca1fa

Executable: 2, Read: 4, Write: 0 invoke: 256
Capability: 0x45085c [rxR,0x100000-0x832000] (sentry,capmode)
Is aligned: 0
Is sealed: 1
Tag: 1, Perms: 68117, Type: fffffffffffffffe, Address: 45085c, Base: 100000, End: 832000, Flags: 1,
Length: 732000, Offset: 35085c

--
Executable: 2, Read: 4, Write: 0 invoke: 256
Capability: 0x34ef8c [rxR,0x100000-0x832000] (sentry,capmode)
Is aligned: 0
Is sealed: 1
Tag: 1, Perms: 68117, Type: fffffffffffffffe, Address: 34ef8c, Base: 100000, End: 832000, Flags: 1,
Length: 732000, Offset: 24ef8c

--
Executable: 2, Read: 4, Write: 0 invoke: 256
Capability: 0x45080a [rxR,0x100000-0x832000] (sentry,capmode)
Is aligned: 0
Is sealed: 1
Tag: 1, Perms: 68117, Type: fffffffffffffffe, Address: 45080a, Base: 100000, End: 832000, Flags: 1,
Length: 732000, Offset: 35080a

--
Executable: 2, Read: 4, Write: 0 invoke: 256
Capability: 0x44fc40 [rxR,0x100000-0x832000] (sentry,capmode)
Is aligned: 1
Is sealed: 1
Tag: 1, Perms: 68117, Type: fffffffffffffffe, Address: 44fc40, Base: 100000, End: 832000, Flags: 1,
Length: 732000, Offset: 34fc40

--
Executable: 2, Read: 4, Write: 0 invoke: 256
Capability: 0x450748 [rxR,0x100000-0x832000] (sentry,capmode)
Is aligned: 0
Is sealed: 1
Tag: 1, Perms: 68117, Type: fffffffffffffffe, Address: 450748, Base: 100000, End: 832000, Flags: 1,
Length: 732000, Offset: 350748

--
Executable: 2, Read: 4, Write: 0 invoke: 256
Capability: 0x34f04e [rxR,0x100000-0x832000] (sentry,capmode)
Is aligned: 0
Is sealed: 1
Tag: 1, Perms: 68117, Type: fffffffffffffffe, Address: 34f04e, Base: 100000, End: 832000, Flags: 1,
Length: 732000, Offset: 24f04e

Executable: 2, Read: 4, Write: 0 invoke: 256
Capability: 0x5f97d8 [rxR,0x100000-0x832000] (sentry,capmode)
Is aligned: 0
Is sealed: 1
Tag: 1, Perms: 68117, Type: fffffffffffffffe, Address: 5f97d8, Base: 100000, End: 832000, Flags: 1,
Length: 732000, Offset: 4f97d8

--
Executable: 2, Read: 4, Write: 0 invoke: 256
Capability: 0x34f004 [rxR,0x100000-0x832000] (sentry,capmode)
Is aligned: 0
Is sealed: 1
Tag: 1, Perms: 68117, Type: fffffffffffffffe, Address: 34f004, Base: 100000, End: 832000, Flags: 1,
Length: 732000, Offset: 24f004

--
Executable: 2, Read: 4, Write: 0 invoke: 256
Capability: 0x409c3bee [rxR,0x40918000-0x40f30000] (sentry,capmode)
Is aligned: 0
Is sealed: 1
Tag: 1, Perms: 68117, Type: fffffffffffffffe, Address: 409c3bee, Base: 40918000, End: 40f30000, Flag
s: 1, Length: 618000, Offset: abbee

--
Executable: 2, Read: 4, Write: 0 invoke: 256
Capability: 0x34ef58 [rxR,0x100000-0x832000] (sentry,capmode)
Is aligned: 0
Is sealed: 1
Tag: 1, Perms: 68117, Type: fffffffffffffffe, Address: 34ef58, Base: 100000, End: 832000, Flags: 1,
Length: 732000, Offset: 24ef58

Executable: 2, Read: 4, Write: 0 invoke: 256
Capability: 0x4081756c [rxR,0x4080c000-0x40834600] (sentry,capmode)
Is aligned: 0
Is sealed: 1
Tag: 1, Perms: 68117, Type: fffffffffffffffe, Address: 4081756c, Base: 4080c000, End: 40834600, Flag
s: 1, Length: 28600, Offset: b56c

--
Executable: 2, Read: 4, Write: 0 invoke: 256
Capability: 0x34ef8c [rxR,0x100000-0x832000] (sentry,capmode)
Is aligned: 0
Is sealed: 1
Tag: 1, Perms: 68117, Type: fffffffffffffffe, Address: 34ef8c, Base: 100000, End: 832000, Flags: 1,
Length: 732000, Offset: 24ef8c

--
Executable: 2, Read: 4, Write: 0 invoke: 256
Capability: 0x46b564 [rxR,0x100000-0x832000] (sentry,capmode)
Is aligned: 0
Is sealed: 1
Tag: 1, Perms: 68117, Type: fffffffffffffffe, Address: 46b564, Base: 100000, End: 832000, Flags: 1,
Length: 732000, Offset: 36b564

--
Executable: 2, Read: 4, Write: 0 invoke: 256
Capability: 0x46b922 [rxR,0x100000-0x832000] (sentry,capmode)
Is aligned: 0
Is sealed: 1
Tag: 1, Perms: 68117, Type: fffffffffffffffe, Address: 46b922, Base: 100000, End: 832000, Flags: 1,
Length: 732000, Offset: 36b922

--
Executable: 2, Read: 4, Write: 0 invoke: 256
Capability: 0x4784f4 [rxR,0x100000-0x832000] (sentry,capmode)
Is aligned: 0
Is sealed: 1
Tag: 1, Perms: 68117, Type: fffffffffffffffe, Address: 4784f4, Base: 100000, End: 832000, Flags: 1,
Length: 732000, Offset: 3784f4

--
Executable: 2, Read: 4, Write: 0 invoke: 256
Capability: 0x47f658 [rxR,0x100000-0x832000] (sentry,capmode)
Is aligned: 0
Is sealed: 1
Tag: 1, Perms: 68117, Type: fffffffffffffffe, Address: 47f658, Base: 100000, End: 832000, Flags: 1,
Length: 732000, Offset: 37f658

Executable: 2, Read: 4, Write: 0 invoke: 256
Capability: 0x477ba4 [rxR,0x100000-0x832000] (sentry,capmode)
Is aligned: 0
Is sealed: 1
Tag: 1, Perms: 68117, Type: fffffffffffffffe, Address: 477ba4, Base: 100000, End: 832000, Flags: 1,
Length: 732000, Offset: 377ba4

--
Executable: 2, Read: 4, Write: 0 invoke: 256
Capability: 0x47f21c [rxR,0x100000-0x832000] (sentry,capmode)
Is aligned: 0
Is sealed: 1
Tag: 1, Perms: 68117, Type: fffffffffffffffe, Address: 47f21c, Base: 100000, End: 832000, Flags: 1,
Length: 732000, Offset: 37f21c

--
Executable: 2, Read: 4, Write: 0 invoke: 256
Capability: 0x47e68c [rxR,0x100000-0x832000] (sentry,capmode)
Is aligned: 0
Is sealed: 1
Tag: 1, Perms: 68117, Type: fffffffffffffffe, Address: 47e68c, Base: 100000, End: 832000, Flags: 1,
Length: 732000, Offset: 37e68c

Executable: 2, Read: 4, Write: 0 invoke: 256
Capability: 0x4773fc [rxR,0x100000-0x832000] (sentry,capmode)
Is aligned: 0
Is sealed: 1
Tag: 1, Perms: 68117, Type: fffffffffffffffe, Address: 4773fc, Base: 100000, End: 832000, Flags: 1,
Length: 732000, Offset: 3773fc

--
Executable: 2, Read: 4, Write: 0 invoke: 256
Capability: 0x47e15c [rxR,0x100000-0x832000] (sentry,capmode)
Is aligned: 0
Is sealed: 1
Tag: 1, Perms: 68117, Type: fffffffffffffffe, Address: 47e15c, Base: 100000, End: 832000, Flags: 1,
Length: 732000, Offset: 37e15c

Executable: 2, Read: 4, Write: 0 invoke: 256
Capability: 0x47743a [rxR,0x100000-0x832000] (sentry,capmode)
Is aligned: 0
Is sealed: 1
Tag: 1, Perms: 68117, Type: fffffffffffffffe, Address: 47743a, Base: 100000, End: 832000, Flags: 1,
Length: 732000, Offset: 37743a

Executable: 2, Read: 4, Write: 0 invoke: 256
Capability: 0x465e98 [rxR,0x100000-0x832000] (sentry,capmode)
Is aligned: 0
Is sealed: 1
Tag: 1, Perms: 68117, Type: fffffffffffffffe, Address: 465e98, Base: 100000, End: 832000, Flags: 1,
Length: 732000, Offset: 365e98

Executable: 2, Read: 4, Write: 0 invoke: 256
Capability: 0x4772bc [rxR,0x100000-0x832000] (sentry,capmode)
Is aligned: 0
Is sealed: 1
Tag: 1, Perms: 68117, Type: fffffffffffffffe, Address: 4772bc, Base: 100000, End: 832000, Flags: 1,
Length: 732000, Offset: 3772bc

--
Executable: 2, Read: 4, Write: 0 invoke: 256
Capability: 0x476c6e [rxR,0x100000-0x832000] (sentry,capmode)
Is aligned: 0
Is sealed: 1
Tag: 1, Perms: 68117, Type: fffffffffffffffe, Address: 476c6e, Base: 100000, End: 832000, Flags: 1,
Length: 732000, Offset: 376c6e

--
Executable: 2, Read: 4, Write: 0 invoke: 256
Capability: 0x476ace [rxR,0x100000-0x832000] (sentry,capmode)
Is aligned: 0
Is sealed: 1
Tag: 1, Perms: 68117, Type: fffffffffffffffe, Address: 476ace, Base: 100000, End: 832000, Flags: 1,
Length: 732000, Offset: 376ace

--
Executable: 2, Read: 4, Write: 0 invoke: 256
Capability: 0x46742c [rxR,0x100000-0x832000] (sentry,capmode)
Is aligned: 0
Is sealed: 1
Tag: 1, Perms: 68117, Type: fffffffffffffffe, Address: 46742c, Base: 100000, End: 832000, Flags: 1,
Length: 732000, Offset: 36742c

--
Executable: 2, Read: 4, Write: 0 invoke: 256
Capability: 0x6ca95c [rxR,0x100000-0x832000] (sentry,capmode)
Is aligned: 0
Is sealed: 1
Tag: 1, Perms: 68117, Type: fffffffffffffffe, Address: 6ca95c, Base: 100000, End: 832000, Flags: 1,
Length: 732000, Offset: 5ca95c

Executable: 2, Read: 4, Write: 0 invoke: 256
Capability: 0x30 [rxR,0x100000-0x832000] (invalid,sentry,capmode)
Is aligned: 1
Is sealed: 1
Tag: 0, Perms: 0117, Type: fffffffffffffffe, Address: 0030, Base: 100000, End: 832000, Flags: 1, Len
gth: 732000, Offset: fffffffffff00030

--
Executable: 2, Read: 4, Write: 0 invoke: 256
Capability: 0x467544 [rxR,0x100000-0x832000] (sentry,capmode)
Is aligned: 0
Is sealed: 1
Tag: 1, Perms: 68117, Type: fffffffffffffffe, Address: 467544, Base: 100000, End: 832000, Flags: 1,
Length: 732000, Offset: 367544

--
Executable: 2, Read: 4, Write: 0 invoke: 256
Capability: 0x51b7d8 [rxR,0x100000-0x832000] (sentry,capmode)
Is aligned: 0
Is sealed: 1
Tag: 1, Perms: 68117, Type: fffffffffffffffe, Address: 51b7d8, Base: 100000, End: 832000, Flags: 1,
Length: 732000, Offset: 41b7d8

Executable: 2, Read: 4, Write: 0 invoke: 256
Capability: 0x51b748 [rxR,0x100000-0x832000] (sentry,capmode)
Is aligned: 0
Is sealed: 1
Tag: 1, Perms: 68117, Type: fffffffffffffffe, Address: 51b748, Base: 100000, End: 832000, Flags: 1,
Length: 732000, Offset: 41b748

--
Executable: 2, Read: 4, Write: 0 invoke: 256
Capability: 0x526d9e [rxR,0x100000-0x832000] (sentry,capmode)
Is aligned: 0
Is sealed: 1
Tag: 1, Perms: 68117, Type: fffffffffffffffe, Address: 526d9e, Base: 100000, End: 832000, Flags: 1,
Length: 732000, Offset: 426d9e

Executable: 2, Read: 4, Write: 0 invoke: 256
Capability: 0x526d4c [rxR,0x100000-0x832000] (sentry,capmode)
Is aligned: 0
Is sealed: 1
Tag: 1, Perms: 68117, Type: fffffffffffffffe, Address: 526d4c, Base: 100000, End: 832000, Flags: 1,
Length: 732000, Offset: 426d4c

Executable: 2, Read: 4, Write: 0 invoke: 256
Capability: 0x51b748 [rxR,0x100000-0x832000] (sentry,capmode)
Is aligned: 0
Is sealed: 1
Tag: 1, Perms: 68117, Type: fffffffffffffffe, Address: 51b748, Base: 100000, End: 832000, Flags: 1,
Length: 732000, Offset: 41b748

Executable: 2, Read: 4, Write: 0 invoke: 256
Capability: 0x51ef14 [rxR,0x100000-0x832000] (sentry,capmode)
Is aligned: 0
Is sealed: 1
Tag: 1, Perms: 68117, Type: fffffffffffffffe, Address: 51ef14, Base: 100000, End: 832000, Flags: 1,
Length: 732000, Offset: 41ef14

Executable: 2, Read: 4, Write: 0 invoke: 256
Capability: 0x51b748 [rxR,0x100000-0x832000] (sentry,capmode)
Is aligned: 0
Is sealed: 1
Tag: 1, Perms: 68117, Type: fffffffffffffffe, Address: 51b748, Base: 100000, End: 832000, Flags: 1,
Length: 732000, Offset: 41b748

Executable: 2, Read: 4, Write: 0 invoke: 256
Capability: 0x51ef3c [rxR,0x100000-0x832000] (sentry,capmode)
Is aligned: 0
Is sealed: 1
Tag: 1, Perms: 68117, Type: fffffffffffffffe, Address: 51ef3c, Base: 100000, End: 832000, Flags: 1,
Length: 732000, Offset: 41ef3c

--
Executable: 2, Read: 4, Write: 0 invoke: 256
Capability: 0x6eaf7e [rxR,0x100000-0x832000] (sentry,capmode)
Is aligned: 0
Is sealed: 1
Tag: 1, Perms: 68117, Type: fffffffffffffffe, Address: 6eaf7e, Base: 100000, End: 832000, Flags: 1,
Length: 732000, Offset: 5eaf7e

Executable: 2, Read: 4, Write: 0 invoke: 256
Capability: 0x51ef1c [rxR,0x100000-0x832000] (sentry,capmode)
Is aligned: 0
Is sealed: 1
Tag: 1, Perms: 68117, Type: fffffffffffffffe, Address: 51ef1c, Base: 100000, End: 832000, Flags: 1,
Length: 732000, Offset: 41ef1c

Executable: 2, Read: 4, Write: 0 invoke: 256
Capability: 0x51ef1c [rxR,0x100000-0x832000] (sentry,capmode)
Is aligned: 0
Is sealed: 1
Tag: 1, Perms: 68117, Type: fffffffffffffffe, Address: 51ef1c, Base: 100000, End: 832000, Flags: 1,
Length: 732000, Offset: 41ef1c

--
Executable: 2, Read: 4, Write: 0 invoke: 256
Capability: 0x6dc9c6 [rxR,0x100000-0x832000] (sentry,capmode)
Is aligned: 0
Is sealed: 1
Tag: 1, Perms: 68117, Type: fffffffffffffffe, Address: 6dc9c6, Base: 100000, End: 832000, Flags: 1,
Length: 732000, Offset: 5dc9c6

--
Executable: 2, Read: 4, Write: 0 invoke: 256
Capability: 0x6deccc [rxR,0x100000-0x832000] (sentry,capmode)
Is aligned: 0
Is sealed: 1
Tag: 1, Perms: 68117, Type: fffffffffffffffe, Address: 6deccc, Base: 100000, End: 832000, Flags: 1,
Length: 732000, Offset: 5deccc

--
Executable: 2, Read: 4, Write: 8 invoke: 256
Capability: 0x7780b520 [rwxRW,0x777fc000-0x7781c000] (invalid,sealed,capmode)
Is aligned: 1
Is sealed: 1
Tag: 0, Perms: 78fff, Type: 1f, Address: 7780b520, Base: 777fc000, End: 7781c000, Flags: 1, Length:
20000, Offset: f520

--
Executable: 2, Read: 4, Write: 0 invoke: 256
Capability: 0x6dcbe0 [rxR,0x100000-0x832000] (sentry,capmode)
Is aligned: 1
Is sealed: 1
Tag: 1, Perms: 68117, Type: fffffffffffffffe, Address: 6dcbe0, Base: 100000, End: 832000, Flags: 1,
Length: 732000, Offset: 5dcbe0

--
Executable: 2, Read: 4, Write: 0 invoke: 256
Capability: 0x6ad8e6 [rxR,0x100000-0x832000] (sentry,capmode)
Is aligned: 0
Is sealed: 1
Tag: 1, Perms: 68117, Type: fffffffffffffffe, Address: 6ad8e6, Base: 100000, End: 832000, Flags: 1,
Length: 732000, Offset: 5ad8e6

--
Executable: 2, Read: 4, Write: 0 invoke: 256
Capability: 0x6b407a [rxR,0x100000-0x832000] (sentry,capmode)
Is aligned: 0
Is sealed: 1
Tag: 1, Perms: 68117, Type: fffffffffffffffe, Address: 6b407a, Base: 100000, End: 832000, Flags: 1,
Length: 732000, Offset: 5b407a

--
Executable: 2, Read: 4, Write: 0 invoke: 256
Capability: 0x4085743e [rxR,0x4083f000-0x40879000] (sentry,capmode)
Is aligned: 0
Is sealed: 1
Tag: 1, Perms: 68117, Type: fffffffffffffffe, Address: 4085743e, Base: 4083f000, End: 40879000, Flag
s: 1, Length: 3a000, Offset: 1843e

--
Executable: 2, Read: 0, Write: 8 invoke: 0
Capability: 0x55555555 [wxW,0x55552000-0x55552a00] (invalid,sealed,capmode)
Is aligned: 0
Is sealed: 1
Tag: 0, Perms: 20aeb, Type: 2667f, Address: 55555555, Base: 55552000, End: 55552a00, Flags: 1, Lengt
h: 0a00, Offset: 3555

--
Executable: 2, Read: 4, Write: 0 invoke: 256
Capability: 0x40a90c30 [rxR,0x40918000-0x40f30000] (sentry,capmode)
Is aligned: 1
Is sealed: 1
Tag: 1, Perms: 68117, Type: fffffffffffffffe, Address: 40a90c30, Base: 40918000, End: 40f30000, Flag
s: 1, Length: 618000, Offset: 178c30

--
Executable: 2, Read: 4, Write: 0 invoke: 256
Capability: 0x6b3fa2 [rxR,0x100000-0x832000] (sentry,capmode)
Is aligned: 0
Is sealed: 1
Tag: 1, Perms: 68117, Type: fffffffffffffffe, Address: 6b3fa2, Base: 100000, End: 832000, Flags: 1,
Length: 732000, Offset: 5b3fa2

--
Executable: 2, Read: 4, Write: 0 invoke: 256
Capability: 0x6243a2 [rxR,0x100000-0x832000] (invalid,sentry,capmode)
Is aligned: 0
Is sealed: 1
Tag: 0, Perms: 0117, Type: fffffffffffffffe, Address: 6243a2, Base: 100000, End: 832000, Flags: 1, L
ength: 732000, Offset: 5243a2

--
Executable: 2, Read: 4, Write: 0 invoke: 256
Capability: 0x11e06522c8b09f2 [rxR,0x11e06522c100000-0x11e06522c832000] (invalid,sentry,capmode)
Is aligned: 0
Is sealed: 1
Tag: 0, Perms: 68117, Type: fffffffffffffffe, Address: 11e06522c8b09f2, Base: 11e06522c100000, End:
11e06522c832000, Flags: 1, Length: 732000, Offset: 7b09f2

--
Executable: 2, Read: 4, Write: 0 invoke: 0
Capability: 0x362aa4 [rxR,0x100000-0x832000] (invalid,sentry,capmode)
Is aligned: 0
Is sealed: 1
Tag: 0, Perms: 0017, Type: fffffffffffffffe, Address: 362aa4, Base: 100000, End: 832000, Flags: 1, L
ength: 732000, Offset: 262aa4

--
Executable: 2, Read: 4, Write: 0 invoke: 256
Capability: 0x62396c [rxR,0x100000-0x832000] (sentry,capmode)
Is aligned: 0
Is sealed: 1
Tag: 1, Perms: 68117, Type: fffffffffffffffe, Address: 62396c, Base: 100000, End: 832000, Flags: 1,
Length: 732000, Offset: 52396c

--
Executable: 2, Read: 4, Write: 8 invoke: 256
Capability: 0x7780b000 [rwxRW,0x7780bfea-0x7780bff9] (invalid,sealed,capmode)
Is aligned: 1
Is sealed: 1
Tag: 0, Perms: 78fff, Type: 0, Address: 7780b000, Base: 7780bfea, End: 7780bff9, Flags: 1, Length: 0
00f, Offset: fffffffffffff016

--
Executable: 2, Read: 4, Write: 0 invoke: 256
Capability: 0x6154ee [rxR,0x100000-0x832000] (sentry,capmode)
Is aligned: 0
Is sealed: 1
Tag: 1, Perms: 68117, Type: fffffffffffffffe, Address: 6154ee, Base: 100000, End: 832000, Flags: 1,
Length: 732000, Offset: 5154ee

--
Executable: 2, Read: 4, Write: 0 invoke: 256
Capability: 0x658d56 [rxR,0x100000-0x832000] (sentry,capmode)
Is aligned: 0
Is sealed: 1
Tag: 1, Perms: 68117, Type: fffffffffffffffe, Address: 658d56, Base: 100000, End: 832000, Flags: 1,
Length: 732000, Offset: 558d56

--
Executable: 2, Read: 4, Write: 0 invoke: 256
Capability: 0x65626a [rxR,0x100000-0x832000] (sentry,capmode)
Is aligned: 0
Is sealed: 1
Tag: 1, Perms: 68117, Type: fffffffffffffffe, Address: 65626a, Base: 100000, End: 832000, Flags: 1,
Length: 732000, Offset: 55626a

--
Executable: 2, Read: 4, Write: 0 invoke: 256
Capability: 0x654bae [rxR,0x100000-0x832000] (sentry,capmode)
Is aligned: 0
Is sealed: 1
Tag: 1, Perms: 68117, Type: fffffffffffffffe, Address: 654bae, Base: 100000, End: 832000, Flags: 1,
Length: 732000, Offset: 554bae

--
Executable: 2, Read: 4, Write: 0 invoke: 256
Capability: 0x655aa0 [rxR,0x100000-0x832000] (sentry,capmode)
Is aligned: 1
Is sealed: 1
Tag: 1, Perms: 68117, Type: fffffffffffffffe, Address: 655aa0, Base: 100000, End: 832000, Flags: 1,
Length: 732000, Offset: 555aa0

--
Executable: 2, Read: 4, Write: 0 invoke: 256
Capability: 0x6dd74e [rxR,0x100000-0x832000] (sentry,capmode)
Is aligned: 0
Is sealed: 1
Tag: 1, Perms: 68117, Type: fffffffffffffffe, Address: 6dd74e, Base: 100000, End: 832000, Flags: 1,
Length: 732000, Offset: 5dd74e

--
Executable: 2, Read: 4, Write: 0 invoke: 256
Capability: 0x6edb38 [rxR,0x100000-0x832000] (sentry,capmode)
Is aligned: 0
Is sealed: 1
Tag: 1, Perms: 68117, Type: fffffffffffffffe, Address: 6edb38, Base: 100000, End: 832000, Flags: 1,
Length: 732000, Offset: 5edb38

--
Executable: 2, Read: 4, Write: 0 invoke: 256
Capability: 0x4081df7a [rxR,0x4080c000-0x40834600] (invalid,sentry,capmode)
Is aligned: 0
Is sealed: 1
Tag: 0, Perms: 0117, Type: fffffffffffffffe, Address: 4081df7a, Base: 4080c000, End: 40834600, Flags
: 1, Length: 28600, Offset: 11f7a

--
Executable: 2, Read: 4, Write: 0 invoke: 256
Capability: 0x3 [rxR,0x100000-0x832000] (invalid,sentry,capmode)
Is aligned: 0
Is sealed: 1
Tag: 0, Perms: 0117, Type: fffffffffffffffe, Address: 0003, Base: 100000, End: 832000, Flags: 1, Len
gth: 732000, Offset: fffffffffff00003

--
Executable: 2, Read: 4, Write: 0 invoke: 256
Capability: 0x6aa3e6 [rxR,0x100000-0x832000] (sentry,capmode)
Is aligned: 0
Is sealed: 1
Tag: 1, Perms: 68117, Type: fffffffffffffffe, Address: 6aa3e6, Base: 100000, End: 832000, Flags: 1,
Length: 732000, Offset: 5aa3e6

--
Executable: 2, Read: 4, Write: 0 invoke: 256
Capability: 0x6f2d56 [rxR,0x100000-0x832000] (sentry,capmode)
Is aligned: 0
Is sealed: 1
Tag: 1, Perms: 68117, Type: fffffffffffffffe, Address: 6f2d56, Base: 100000, End: 832000, Flags: 1,
Length: 732000, Offset: 5f2d56

--
Executable: 2, Read: 4, Write: 0 invoke: 256
Capability: 0x476b70 [rxR,0x100000-0x832000] (sentry,capmode)
Is aligned: 1
Is sealed: 1
Tag: 1, Perms: 68117, Type: fffffffffffffffe, Address: 476b70, Base: 100000, End: 832000, Flags: 1,
Length: 732000, Offset: 376b70

--
Executable: 2, Read: 4, Write: 0 invoke: 256
Capability: 0x6ca07e [rxR,0x100000-0x832000] (sentry,capmode)
Is aligned: 0
Is sealed: 1
Tag: 1, Perms: 68117, Type: fffffffffffffffe, Address: 6ca07e, Base: 100000, End: 832000, Flags: 1,
Length: 732000, Offset: 5ca07e

--
Executable: 2, Read: 4, Write: 0 invoke: 256
Capability: 0x6adde2 [rxR,0x100000-0x832000] (sentry,capmode)
Is aligned: 0
Is sealed: 1
Tag: 1, Perms: 68117, Type: fffffffffffffffe, Address: 6adde2, Base: 100000, End: 832000, Flags: 1,
Length: 732000, Offset: 5adde2

--
Executable: 2, Read: 4, Write: 0 invoke: 256
Capability: 0x34ef8c [rxR,0x100000-0x832000] (sentry,capmode)
Is aligned: 0
Is sealed: 1
Tag: 1, Perms: 68117, Type: fffffffffffffffe, Address: 34ef8c, Base: 100000, End: 832000, Flags: 1,
Length: 732000, Offset: 24ef8c

--
Executable: 2, Read: 4, Write: 0 invoke: 256
Capability: 0x6add36 [rxR,0x100000-0x832000] (sentry,capmode)
Is aligned: 0
Is sealed: 1
Tag: 1, Perms: 68117, Type: fffffffffffffffe, Address: 6add36, Base: 100000, End: 832000, Flags: 1,
Length: 732000, Offset: 5add36

--
Executable: 2, Read: 4, Write: 0 invoke: 256
Capability: 0x6c7c48 [rxR,0x100000-0x832000] (sentry,capmode)
Is aligned: 0
Is sealed: 1
Tag: 1, Perms: 68117, Type: fffffffffffffffe, Address: 6c7c48, Base: 100000, End: 832000, Flags: 1,
Length: 732000, Offset: 5c7c48

Executable: 2, Read: 4, Write: 0 invoke: 256
Capability: 0x6ca300 [rxR,0x100000-0x832000] (sentry,capmode)
Is aligned: 1
Is sealed: 1
Tag: 1, Perms: 68117, Type: fffffffffffffffe, Address: 6ca300, Base: 100000, End: 832000, Flags: 1,
Length: 732000, Offset: 5ca300

--
Executable: 2, Read: 4, Write: 0 invoke: 256
Capability: 0x6ca1fa [rxR,0x100000-0x832000] (sentry,capmode)
Is aligned: 0
Is sealed: 1
Tag: 1, Perms: 68117, Type: fffffffffffffffe, Address: 6ca1fa, Base: 100000, End: 832000, Flags: 1,
Length: 732000, Offset: 5ca1fa

Executable: 2, Read: 4, Write: 0 invoke: 256
Capability: 0x45085c [rxR,0x100000-0x832000] (sentry,capmode)
Is aligned: 0
Is sealed: 1
Tag: 1, Perms: 68117, Type: fffffffffffffffe, Address: 45085c, Base: 100000, End: 832000, Flags: 1,
Length: 732000, Offset: 35085c

--
Executable: 2, Read: 4, Write: 0 invoke: 256
Capability: 0x34ef8c [rxR,0x100000-0x832000] (sentry,capmode)
Is aligned: 0
Is sealed: 1
Tag: 1, Perms: 68117, Type: fffffffffffffffe, Address: 34ef8c, Base: 100000, End: 832000, Flags: 1,
Length: 732000, Offset: 24ef8c

--
Executable: 2, Read: 4, Write: 0 invoke: 256
Capability: 0x45080a [rxR,0x100000-0x832000] (sentry,capmode)
Is aligned: 0
Is sealed: 1
Tag: 1, Perms: 68117, Type: fffffffffffffffe, Address: 45080a, Base: 100000, End: 832000, Flags: 1,
Length: 732000, Offset: 35080a

--
Executable: 2, Read: 4, Write: 0 invoke: 256
Capability: 0x44fc40 [rxR,0x100000-0x832000] (sentry,capmode)
Is aligned: 1
Is sealed: 1
Tag: 1, Perms: 68117, Type: fffffffffffffffe, Address: 44fc40, Base: 100000, End: 832000, Flags: 1,
Length: 732000, Offset: 34fc40

--
Executable: 2, Read: 4, Write: 0 invoke: 256
Capability: 0x450748 [rxR,0x100000-0x832000] (sentry,capmode)
Is aligned: 0
Is sealed: 1
Tag: 1, Perms: 68117, Type: fffffffffffffffe, Address: 450748, Base: 100000, End: 832000, Flags: 1,
Length: 732000, Offset: 350748

--
Executable: 2, Read: 4, Write: 0 invoke: 256
Capability: 0x34f04e [rxR,0x100000-0x832000] (sentry,capmode)
Is aligned: 0
Is sealed: 1
Tag: 1, Perms: 68117, Type: fffffffffffffffe, Address: 34f04e, Base: 100000, End: 832000, Flags: 1,
Length: 732000, Offset: 24f04e

Executable: 2, Read: 4, Write: 0 invoke: 256
Capability: 0x5f97d8 [rxR,0x100000-0x832000] (sentry,capmode)
Is aligned: 0
Is sealed: 1
Tag: 1, Perms: 68117, Type: fffffffffffffffe, Address: 5f97d8, Base: 100000, End: 832000, Flags: 1,
Length: 732000, Offset: 4f97d8

--
Executable: 2, Read: 4, Write: 0 invoke: 256
Capability: 0x34f004 [rxR,0x100000-0x832000] (sentry,capmode)
Is aligned: 0
Is sealed: 1
Tag: 1, Perms: 68117, Type: fffffffffffffffe, Address: 34f004, Base: 100000, End: 832000, Flags: 1,
Length: 732000, Offset: 24f004

--
Executable: 2, Read: 4, Write: 0 invoke: 256
Capability: 0x409c3bee [rxR,0x40918000-0x40f30000] (sentry,capmode)
Is aligned: 0
Is sealed: 1
Tag: 1, Perms: 68117, Type: fffffffffffffffe, Address: 409c3bee, Base: 40918000, End: 40f30000, Flag
s: 1, Length: 618000, Offset: abbee

--
Executable: 2, Read: 4, Write: 0 invoke: 256
Capability: 0x34ef58 [rxR,0x100000-0x832000] (sentry,capmode)
Is aligned: 0
Is sealed: 1
Tag: 1, Perms: 68117, Type: fffffffffffffffe, Address: 34ef58, Base: 100000, End: 832000, Flags: 1,
Length: 732000, Offset: 24ef58

Executable: 2, Read: 4, Write: 0 invoke: 256
Capability: 0x4081756c [rxR,0x4080c000-0x40834600] (sentry,capmode)
Is aligned: 0
Is sealed: 1
Tag: 1, Perms: 68117, Type: fffffffffffffffe, Address: 4081756c, Base: 4080c000, End: 40834600, Flag
s: 1, Length: 28600, Offset: b56c

--
Executable: 2, Read: 4, Write: 0 invoke: 256
Capability: 0x34ef8c [rxR,0x100000-0x832000] (sentry,capmode)
Is aligned: 0
Is sealed: 1
Tag: 1, Perms: 68117, Type: fffffffffffffffe, Address: 34ef8c, Base: 100000, End: 832000, Flags: 1,
Length: 732000, Offset: 24ef8c

--
Executable: 2, Read: 4, Write: 0 invoke: 256
Capability: 0x46b564 [rxR,0x100000-0x832000] (sentry,capmode)
Is aligned: 0
Is sealed: 1
Tag: 1, Perms: 68117, Type: fffffffffffffffe, Address: 46b564, Base: 100000, End: 832000, Flags: 1,
Length: 732000, Offset: 36b564

--
Executable: 2, Read: 4, Write: 0 invoke: 256
Capability: 0x46b922 [rxR,0x100000-0x832000] (sentry,capmode)
Is aligned: 0
Is sealed: 1
Tag: 1, Perms: 68117, Type: fffffffffffffffe, Address: 46b922, Base: 100000, End: 832000, Flags: 1,
Length: 732000, Offset: 36b922

--
Executable: 2, Read: 4, Write: 0 invoke: 256
Capability: 0x4784f4 [rxR,0x100000-0x832000] (sentry,capmode)
Is aligned: 0
Is sealed: 1
Tag: 1, Perms: 68117, Type: fffffffffffffffe, Address: 4784f4, Base: 100000, End: 832000, Flags: 1,
Length: 732000, Offset: 3784f4

--
Executable: 2, Read: 4, Write: 0 invoke: 256
Capability: 0x477c24 [rxR,0x100000-0x832000] (sentry,capmode)
Is aligned: 0
Is sealed: 1
Tag: 1, Perms: 68117, Type: fffffffffffffffe, Address: 477c24, Base: 100000, End: 832000, Flags: 1,
Length: 732000, Offset: 377c24

--
Executable: 2, Read: 4, Write: 0 invoke: 256
Capability: 0x477bea [rxR,0x100000-0x832000] (sentry,capmode)
Is aligned: 0
Is sealed: 1
Tag: 1, Perms: 68117, Type: fffffffffffffffe, Address: 477bea, Base: 100000, End: 832000, Flags: 1,
Length: 732000, Offset: 377bea

--
Executable: 2, Read: 4, Write: 0 invoke: 256
Capability: 0x477b36 [rxR,0x100000-0x832000] (sentry,capmode)
Is aligned: 0
Is sealed: 1
Tag: 1, Perms: 68117, Type: fffffffffffffffe, Address: 477b36, Base: 100000, End: 832000, Flags: 1,
Length: 732000, Offset: 377b36

--
Executable: 2, Read: 4, Write: 0 invoke: 256
Capability: 0x477654 [rxR,0x100000-0x832000] (sentry,capmode)
Is aligned: 0
Is sealed: 1
Tag: 1, Perms: 68117, Type: fffffffffffffffe, Address: 477654, Base: 100000, End: 832000, Flags: 1,
Length: 732000, Offset: 377654

--
Executable: 2, Read: 4, Write: 0 invoke: 256
Capability: 0x47738c [rxR,0x100000-0x832000] (sentry,capmode)
Is aligned: 0
Is sealed: 1
Tag: 1, Perms: 68117, Type: fffffffffffffffe, Address: 47738c, Base: 100000, End: 832000, Flags: 1,
Length: 732000, Offset: 37738c

--
Executable: 2, Read: 4, Write: 0 invoke: 256
Capability: 0x47e17e [rxR,0x100000-0x832000] (sentry,capmode)
Is aligned: 0
Is sealed: 1
Tag: 1, Perms: 68117, Type: fffffffffffffffe, Address: 47e17e, Base: 100000, End: 832000, Flags: 1,
Length: 732000, Offset: 37e17e

Executable: 2, Read: 4, Write: 0 invoke: 256
Capability: 0x47743a [rxR,0x100000-0x832000] (sentry,capmode)
Is aligned: 0
Is sealed: 1
Tag: 1, Perms: 68117, Type: fffffffffffffffe, Address: 47743a, Base: 100000, End: 832000, Flags: 1,
Length: 732000, Offset: 37743a

Executable: 2, Read: 4, Write: 0 invoke: 256
Capability: 0x465e98 [rxR,0x100000-0x832000] (sentry,capmode)
Is aligned: 0
Is sealed: 1
Tag: 1, Perms: 68117, Type: fffffffffffffffe, Address: 465e98, Base: 100000, End: 832000, Flags: 1,
Length: 732000, Offset: 365e98

Executable: 2, Read: 4, Write: 0 invoke: 256
Capability: 0x4772bc [rxR,0x100000-0x832000] (sentry,capmode)
Is aligned: 0
Is sealed: 1
Tag: 1, Perms: 68117, Type: fffffffffffffffe, Address: 4772bc, Base: 100000, End: 832000, Flags: 1,
Length: 732000, Offset: 3772bc

--
Executable: 2, Read: 4, Write: 0 invoke: 256
Capability: 0x476c6e [rxR,0x100000-0x832000] (sentry,capmode)
Is aligned: 0
Is sealed: 1
Tag: 1, Perms: 68117, Type: fffffffffffffffe, Address: 476c6e, Base: 100000, End: 832000, Flags: 1,
Length: 732000, Offset: 376c6e

--
Executable: 2, Read: 4, Write: 0 invoke: 256
Capability: 0x476ace [rxR,0x100000-0x832000] (sentry,capmode)
Is aligned: 0
Is sealed: 1
Tag: 1, Perms: 68117, Type: fffffffffffffffe, Address: 476ace, Base: 100000, End: 832000, Flags: 1,
Length: 732000, Offset: 376ace

--
Executable: 2, Read: 4, Write: 0 invoke: 256
Capability: 0x46742c [rxR,0x100000-0x832000] (sentry,capmode)
Is aligned: 0
Is sealed: 1
Tag: 1, Perms: 68117, Type: fffffffffffffffe, Address: 46742c, Base: 100000, End: 832000, Flags: 1,
Length: 732000, Offset: 36742c

--
Executable: 2, Read: 4, Write: 0 invoke: 256
Capability: 0x6ca95c [rxR,0x100000-0x832000] (sentry,capmode)
Is aligned: 0
Is sealed: 1
Tag: 1, Perms: 68117, Type: fffffffffffffffe, Address: 6ca95c, Base: 100000, End: 832000, Flags: 1,
Length: 732000, Offset: 5ca95c

Executable: 2, Read: 4, Write: 0 invoke: 256
Capability: 0x30 [rxR,0x100000-0x832000] (invalid,sentry,capmode)
Is aligned: 1
Is sealed: 1
Tag: 0, Perms: 0117, Type: fffffffffffffffe, Address: 0030, Base: 100000, End: 832000, Flags: 1, Len
gth: 732000, Offset: fffffffffff00030

--
Executable: 2, Read: 4, Write: 0 invoke: 256
Capability: 0x467544 [rxR,0x100000-0x832000] (sentry,capmode)
Is aligned: 0
Is sealed: 1
Tag: 1, Perms: 68117, Type: fffffffffffffffe, Address: 467544, Base: 100000, End: 832000, Flags: 1,
Length: 732000, Offset: 367544

--
Executable: 2, Read: 4, Write: 0 invoke: 256
Capability: 0x51b7d8 [rxR,0x100000-0x832000] (sentry,capmode)
Is aligned: 0
Is sealed: 1
Tag: 1, Perms: 68117, Type: fffffffffffffffe, Address: 51b7d8, Base: 100000, End: 832000, Flags: 1,
Length: 732000, Offset: 41b7d8

Executable: 2, Read: 4, Write: 0 invoke: 256
Capability: 0x51b748 [rxR,0x100000-0x832000] (sentry,capmode)
Is aligned: 0
Is sealed: 1
Tag: 1, Perms: 68117, Type: fffffffffffffffe, Address: 51b748, Base: 100000, End: 832000, Flags: 1,
Length: 732000, Offset: 41b748

--
Executable: 2, Read: 4, Write: 0 invoke: 256
Capability: 0x526d9e [rxR,0x100000-0x832000] (sentry,capmode)
Is aligned: 0
Is sealed: 1
Tag: 1, Perms: 68117, Type: fffffffffffffffe, Address: 526d9e, Base: 100000, End: 832000, Flags: 1,
Length: 732000, Offset: 426d9e

Executable: 2, Read: 4, Write: 0 invoke: 256
Capability: 0x526d4c [rxR,0x100000-0x832000] (sentry,capmode)
Is aligned: 0
Is sealed: 1
Tag: 1, Perms: 68117, Type: fffffffffffffffe, Address: 526d4c, Base: 100000, End: 832000, Flags: 1,
Length: 732000, Offset: 426d4c

Executable: 2, Read: 4, Write: 0 invoke: 256
Capability: 0x51b748 [rxR,0x100000-0x832000] (sentry,capmode)
Is aligned: 0
Is sealed: 1
Tag: 1, Perms: 68117, Type: fffffffffffffffe, Address: 51b748, Base: 100000, End: 832000, Flags: 1,
Length: 732000, Offset: 41b748

Executable: 2, Read: 4, Write: 0 invoke: 256
Capability: 0x51ef14 [rxR,0x100000-0x832000] (sentry,capmode)
Is aligned: 0
Is sealed: 1
Tag: 1, Perms: 68117, Type: fffffffffffffffe, Address: 51ef14, Base: 100000, End: 832000, Flags: 1,
Length: 732000, Offset: 41ef14

Executable: 2, Read: 4, Write: 0 invoke: 256
Capability: 0x51b748 [rxR,0x100000-0x832000] (sentry,capmode)
Is aligned: 0
Is sealed: 1
Tag: 1, Perms: 68117, Type: fffffffffffffffe, Address: 51b748, Base: 100000, End: 832000, Flags: 1,
Length: 732000, Offset: 41b748

Executable: 2, Read: 4, Write: 0 invoke: 256
Capability: 0x51ef3c [rxR,0x100000-0x832000] (sentry,capmode)
Is aligned: 0
Is sealed: 1
Tag: 1, Perms: 68117, Type: fffffffffffffffe, Address: 51ef3c, Base: 100000, End: 832000, Flags: 1,
Length: 732000, Offset: 41ef3c

--
Executable: 2, Read: 4, Write: 0 invoke: 256
Capability: 0x6eaf7e [rxR,0x100000-0x832000] (sentry,capmode)
Is aligned: 0
Is sealed: 1
Tag: 1, Perms: 68117, Type: fffffffffffffffe, Address: 6eaf7e, Base: 100000, End: 832000, Flags: 1,
Length: 732000, Offset: 5eaf7e

Executable: 2, Read: 4, Write: 0 invoke: 256
Capability: 0x51ef1c [rxR,0x100000-0x832000] (sentry,capmode)
Is aligned: 0
Is sealed: 1
Tag: 1, Perms: 68117, Type: fffffffffffffffe, Address: 51ef1c, Base: 100000, End: 832000, Flags: 1,
Length: 732000, Offset: 41ef1c

Executable: 2, Read: 4, Write: 0 invoke: 256
Capability: 0x51ef1c [rxR,0x100000-0x832000] (sentry,capmode)
Is aligned: 0
Is sealed: 1
Tag: 1, Perms: 68117, Type: fffffffffffffffe, Address: 51ef1c, Base: 100000, End: 832000, Flags: 1,
Length: 732000, Offset: 41ef1c

--
Executable: 2, Read: 4, Write: 0 invoke: 256
Capability: 0x6dc9c6 [rxR,0x100000-0x832000] (sentry,capmode)
Is aligned: 0
Is sealed: 1
Tag: 1, Perms: 68117, Type: fffffffffffffffe, Address: 6dc9c6, Base: 100000, End: 832000, Flags: 1,
Length: 732000, Offset: 5dc9c6

--
Executable: 2, Read: 4, Write: 0 invoke: 256
Capability: 0x6deccc [rxR,0x100000-0x832000] (sentry,capmode)
Is aligned: 0
Is sealed: 1
Tag: 1, Perms: 68117, Type: fffffffffffffffe, Address: 6deccc, Base: 100000, End: 832000, Flags: 1,
Length: 732000, Offset: 5deccc

--
Executable: 2, Read: 4, Write: 8 invoke: 256
Capability: 0x7780b520 [rwxRW,0x777fc000-0x7781c000] (invalid,sealed,capmode)
Is aligned: 1
Is sealed: 1
Tag: 0, Perms: 78fff, Type: 1f, Address: 7780b520, Base: 777fc000, End: 7781c000, Flags: 1, Length:
20000, Offset: f520

--
Executable: 2, Read: 4, Write: 0 invoke: 256
Capability: 0x6dcbe0 [rxR,0x100000-0x832000] (sentry,capmode)
Is aligned: 1
Is sealed: 1
Tag: 1, Perms: 68117, Type: fffffffffffffffe, Address: 6dcbe0, Base: 100000, End: 832000, Flags: 1,
Length: 732000, Offset: 5dcbe0

--
Executable: 2, Read: 4, Write: 0 invoke: 256
Capability: 0x6ad8e6 [rxR,0x100000-0x832000] (sentry,capmode)
Is aligned: 0
Is sealed: 1
Tag: 1, Perms: 68117, Type: fffffffffffffffe, Address: 6ad8e6, Base: 100000, End: 832000, Flags: 1,
Length: 732000, Offset: 5ad8e6

--
Executable: 2, Read: 4, Write: 0 invoke: 256
Capability: 0x6b407a [rxR,0x100000-0x832000] (sentry,capmode)
Is aligned: 0
Is sealed: 1
Tag: 1, Perms: 68117, Type: fffffffffffffffe, Address: 6b407a, Base: 100000, End: 832000, Flags: 1,
Length: 732000, Offset: 5b407a

--
Executable: 2, Read: 4, Write: 0 invoke: 256
Capability: 0x4085743e [rxR,0x4083f000-0x40879000] (sentry,capmode)
Is aligned: 0
Is sealed: 1
Tag: 1, Perms: 68117, Type: fffffffffffffffe, Address: 4085743e, Base: 4083f000, End: 40879000, Flag
s: 1, Length: 3a000, Offset: 1843e

--
Executable: 2, Read: 0, Write: 8 invoke: 0
Capability: 0x55555555 [wxW,0x55552000-0x55552a00] (invalid,sealed,capmode)
Is aligned: 0
Is sealed: 1
Tag: 0, Perms: 20aeb, Type: 2667f, Address: 55555555, Base: 55552000, End: 55552a00, Flags: 1, Lengt
h: 0a00, Offset: 3555

--
Executable: 2, Read: 4, Write: 0 invoke: 256
Capability: 0x40a90c30 [rxR,0x40918000-0x40f30000] (sentry,capmode)
Is aligned: 1
Is sealed: 1
Tag: 1, Perms: 68117, Type: fffffffffffffffe, Address: 40a90c30, Base: 40918000, End: 40f30000, Flag
s: 1, Length: 618000, Offset: 178c30

--
Executable: 2, Read: 4, Write: 0 invoke: 256
Capability: 0x6b3fa2 [rxR,0x100000-0x832000] (sentry,capmode)
Is aligned: 0
Is sealed: 1
Tag: 1, Perms: 68117, Type: fffffffffffffffe, Address: 6b3fa2, Base: 100000, End: 832000, Flags: 1,
Length: 732000, Offset: 5b3fa2

--
Executable: 2, Read: 4, Write: 0 invoke: 256
Capability: 0x6243a2 [rxR,0x100000-0x832000] (invalid,sentry,capmode)
Is aligned: 0
Is sealed: 1
Tag: 0, Perms: 0117, Type: fffffffffffffffe, Address: 6243a2, Base: 100000, End: 832000, Flags: 1, L
ength: 732000, Offset: 5243a2

--
Executable: 2, Read: 4, Write: 0 invoke: 256
Capability: 0x11e06522c8b09f2 [rxR,0x11e06522c100000-0x11e06522c832000] (invalid,sentry,capmode)
Is aligned: 0
Is sealed: 1
Tag: 0, Perms: 68117, Type: fffffffffffffffe, Address: 11e06522c8b09f2, Base: 11e06522c100000, End:
11e06522c832000, Flags: 1, Length: 732000, Offset: 7b09f2

--
Executable: 2, Read: 4, Write: 0 invoke: 0
Capability: 0x362aa4 [rxR,0x100000-0x832000] (invalid,sentry,capmode)
Is aligned: 0
Is sealed: 1
Tag: 0, Perms: 0017, Type: fffffffffffffffe, Address: 362aa4, Base: 100000, End: 832000, Flags: 1, L
ength: 732000, Offset: 262aa4

--
Executable: 2, Read: 4, Write: 0 invoke: 256
Capability: 0x62396c [rxR,0x100000-0x832000] (sentry,capmode)
Is aligned: 0
Is sealed: 1
Tag: 1, Perms: 68117, Type: fffffffffffffffe, Address: 62396c, Base: 100000, End: 832000, Flags: 1,
Length: 732000, Offset: 52396c

--
Executable: 2, Read: 4, Write: 8 invoke: 256
Capability: 0x7780b000 [rwxRW,0x7780bfea-0x7780bff9] (invalid,sealed,capmode)
Is aligned: 1
Is sealed: 1
Tag: 0, Perms: 78fff, Type: 0, Address: 7780b000, Base: 7780bfea, End: 7780bff9, Flags: 1, Length: 0
00f, Offset: fffffffffffff016

--
Executable: 2, Read: 4, Write: 0 invoke: 256
Capability: 0x6154ee [rxR,0x100000-0x832000] (sentry,capmode)
Is aligned: 0
Is sealed: 1
Tag: 1, Perms: 68117, Type: fffffffffffffffe, Address: 6154ee, Base: 100000, End: 832000, Flags: 1,
Length: 732000, Offset: 5154ee

--
Executable: 2, Read: 4, Write: 0 invoke: 256
Capability: 0x658d56 [rxR,0x100000-0x832000] (sentry,capmode)
Is aligned: 0
Is sealed: 1
Tag: 1, Perms: 68117, Type: fffffffffffffffe, Address: 658d56, Base: 100000, End: 832000, Flags: 1,
Length: 732000, Offset: 558d56

--
Executable: 2, Read: 4, Write: 0 invoke: 256
Capability: 0x65626a [rxR,0x100000-0x832000] (sentry,capmode)
Is aligned: 0
Is sealed: 1
Tag: 1, Perms: 68117, Type: fffffffffffffffe, Address: 65626a, Base: 100000, End: 832000, Flags: 1,
Length: 732000, Offset: 55626a

--
Executable: 2, Read: 4, Write: 0 invoke: 256
Capability: 0x654bae [rxR,0x100000-0x832000] (sentry,capmode)
Is aligned: 0
Is sealed: 1
Tag: 1, Perms: 68117, Type: fffffffffffffffe, Address: 654bae, Base: 100000, End: 832000, Flags: 1,
Length: 732000, Offset: 554bae

--
Executable: 2, Read: 4, Write: 0 invoke: 256
Capability: 0x655aa0 [rxR,0x100000-0x832000] (sentry,capmode)
Is aligned: 1
Is sealed: 1
Tag: 1, Perms: 68117, Type: fffffffffffffffe, Address: 655aa0, Base: 100000, End: 832000, Flags: 1,
Length: 732000, Offset: 555aa0

--
Executable: 2, Read: 4, Write: 0 invoke: 256
Capability: 0x6dd74e [rxR,0x100000-0x832000] (sentry,capmode)
Is aligned: 0
Is sealed: 1
Tag: 1, Perms: 68117, Type: fffffffffffffffe, Address: 6dd74e, Base: 100000, End: 832000, Flags: 1,
Length: 732000, Offset: 5dd74e

--
Executable: 2, Read: 4, Write: 0 invoke: 256
Capability: 0x6edb38 [rxR,0x100000-0x832000] (sentry,capmode)
Is aligned: 0
Is sealed: 1
Tag: 1, Perms: 68117, Type: fffffffffffffffe, Address: 6edb38, Base: 100000, End: 832000, Flags: 1,
Length: 732000, Offset: 5edb38

--
Executable: 2, Read: 4, Write: 0 invoke: 256
Capability: 0x4081df7a [rxR,0x4080c000-0x40834600] (invalid,sentry,capmode)
Is aligned: 0
Is sealed: 1
Tag: 0, Perms: 0117, Type: fffffffffffffffe, Address: 4081df7a, Base: 4080c000, End: 40834600, Flags
: 1, Length: 28600, Offset: 11f7a

--
Executable: 2, Read: 4, Write: 0 invoke: 256
Capability: 0x3 [rxR,0x100000-0x832000] (invalid,sentry,capmode)
Is aligned: 0
Is sealed: 1
Tag: 0, Perms: 0117, Type: fffffffffffffffe, Address: 0003, Base: 100000, End: 832000, Flags: 1, Len
gth: 732000, Offset: fffffffffff00003

--
Executable: 2, Read: 4, Write: 0 invoke: 256
Capability: 0x6aa3e6 [rxR,0x100000-0x832000] (sentry,capmode)
Is aligned: 0
Is sealed: 1
Tag: 1, Perms: 68117, Type: fffffffffffffffe, Address: 6aa3e6, Base: 100000, End: 832000, Flags: 1,
Length: 732000, Offset: 5aa3e6

--
Executable: 2, Read: 4, Write: 0 invoke: 256
Capability: 0x6f2d56 [rxR,0x100000-0x832000] (sentry,capmode)
Is aligned: 0
Is sealed: 1
Tag: 1, Perms: 68117, Type: fffffffffffffffe, Address: 6f2d56, Base: 100000, End: 832000, Flags: 1,
Length: 732000, Offset: 5f2d56

--
Executable: 2, Read: 4, Write: 0 invoke: 256
Capability: 0x476b70 [rxR,0x100000-0x832000] (sentry,capmode)
Is aligned: 1
Is sealed: 1
Tag: 1, Perms: 68117, Type: fffffffffffffffe, Address: 476b70, Base: 100000, End: 832000, Flags: 1,
Length: 732000, Offset: 376b70

--
Executable: 2, Read: 4, Write: 0 invoke: 256
Capability: 0x6ca07e [rxR,0x100000-0x832000] (sentry,capmode)
Is aligned: 0
Is sealed: 1
Tag: 1, Perms: 68117, Type: fffffffffffffffe, Address: 6ca07e, Base: 100000, End: 832000, Flags: 1,
Length: 732000, Offset: 5ca07e

--
Executable: 2, Read: 4, Write: 0 invoke: 256
Capability: 0x6adde2 [rxR,0x100000-0x832000] (sentry,capmode)
Is aligned: 0
Is sealed: 1
Tag: 1, Perms: 68117, Type: fffffffffffffffe, Address: 6adde2, Base: 100000, End: 832000, Flags: 1,
Length: 732000, Offset: 5adde2

--
Executable: 2, Read: 4, Write: 0 invoke: 256
Capability: 0x34ef8c [rxR,0x100000-0x832000] (sentry,capmode)
Is aligned: 0
Is sealed: 1
Tag: 1, Perms: 68117, Type: fffffffffffffffe, Address: 34ef8c, Base: 100000, End: 832000, Flags: 1,
Length: 732000, Offset: 24ef8c

--
Executable: 2, Read: 4, Write: 0 invoke: 256
Capability: 0x6add36 [rxR,0x100000-0x832000] (sentry,capmode)
Is aligned: 0
Is sealed: 1
Tag: 1, Perms: 68117, Type: fffffffffffffffe, Address: 6add36, Base: 100000, End: 832000, Flags: 1,
Length: 732000, Offset: 5add36

--
Executable: 2, Read: 4, Write: 0 invoke: 256
Capability: 0x6c7c48 [rxR,0x100000-0x832000] (sentry,capmode)
Is aligned: 0
Is sealed: 1
Tag: 1, Perms: 68117, Type: fffffffffffffffe, Address: 6c7c48, Base: 100000, End: 832000, Flags: 1,
Length: 732000, Offset: 5c7c48

Executable: 2, Read: 4, Write: 0 invoke: 256
Capability: 0x6ca300 [rxR,0x100000-0x832000] (sentry,capmode)
Is aligned: 1
Is sealed: 1
Tag: 1, Perms: 68117, Type: fffffffffffffffe, Address: 6ca300, Base: 100000, End: 832000, Flags: 1,
Length: 732000, Offset: 5ca300

--
Executable: 2, Read: 4, Write: 0 invoke: 256
Capability: 0x6ca1fa [rxR,0x100000-0x832000] (sentry,capmode)
Is aligned: 0
Is sealed: 1
Tag: 1, Perms: 68117, Type: fffffffffffffffe, Address: 6ca1fa, Base: 100000, End: 832000, Flags: 1,
Length: 732000, Offset: 5ca1fa

Executable: 2, Read: 4, Write: 0 invoke: 256
Capability: 0x45085c [rxR,0x100000-0x832000] (sentry,capmode)
Is aligned: 0
Is sealed: 1
Tag: 1, Perms: 68117, Type: fffffffffffffffe, Address: 45085c, Base: 100000, End: 832000, Flags: 1,
Length: 732000, Offset: 35085c

--
Executable: 2, Read: 4, Write: 0 invoke: 256
Capability: 0x34ef8c [rxR,0x100000-0x832000] (sentry,capmode)
Is aligned: 0
Is sealed: 1
Tag: 1, Perms: 68117, Type: fffffffffffffffe, Address: 34ef8c, Base: 100000, End: 832000, Flags: 1,
Length: 732000, Offset: 24ef8c

--
Executable: 2, Read: 4, Write: 0 invoke: 256
Capability: 0x45080a [rxR,0x100000-0x832000] (sentry,capmode)
Is aligned: 0
Is sealed: 1
Tag: 1, Perms: 68117, Type: fffffffffffffffe, Address: 45080a, Base: 100000, End: 832000, Flags: 1,
Length: 732000, Offset: 35080a

--
Executable: 2, Read: 4, Write: 0 invoke: 256
Capability: 0x44fc40 [rxR,0x100000-0x832000] (sentry,capmode)
Is aligned: 1
Is sealed: 1
Tag: 1, Perms: 68117, Type: fffffffffffffffe, Address: 44fc40, Base: 100000, End: 832000, Flags: 1,
Length: 732000, Offset: 34fc40

--
Executable: 2, Read: 4, Write: 0 invoke: 256
Capability: 0x450748 [rxR,0x100000-0x832000] (sentry,capmode)
Is aligned: 0
Is sealed: 1
Tag: 1, Perms: 68117, Type: fffffffffffffffe, Address: 450748, Base: 100000, End: 832000, Flags: 1,
Length: 732000, Offset: 350748

--
Executable: 2, Read: 4, Write: 0 invoke: 256
Capability: 0x34f04e [rxR,0x100000-0x832000] (sentry,capmode)
Is aligned: 0
Is sealed: 1
Tag: 1, Perms: 68117, Type: fffffffffffffffe, Address: 34f04e, Base: 100000, End: 832000, Flags: 1,
Length: 732000, Offset: 24f04e

Executable: 2, Read: 4, Write: 0 invoke: 256
Capability: 0x5f97d8 [rxR,0x100000-0x832000] (sentry,capmode)
Is aligned: 0
Is sealed: 1
Tag: 1, Perms: 68117, Type: fffffffffffffffe, Address: 5f97d8, Base: 100000, End: 832000, Flags: 1,
Length: 732000, Offset: 4f97d8

--
Executable: 2, Read: 4, Write: 0 invoke: 256
Capability: 0x34f004 [rxR,0x100000-0x832000] (sentry,capmode)
Is aligned: 0
Is sealed: 1
Tag: 1, Perms: 68117, Type: fffffffffffffffe, Address: 34f004, Base: 100000, End: 832000, Flags: 1,
Length: 732000, Offset: 24f004

--
Executable: 2, Read: 4, Write: 0 invoke: 256
Capability: 0x409c3bee [rxR,0x40918000-0x40f30000] (sentry,capmode)
Is aligned: 0
Is sealed: 1
Tag: 1, Perms: 68117, Type: fffffffffffffffe, Address: 409c3bee, Base: 40918000, End: 40f30000, Flag
s: 1, Length: 618000, Offset: abbee

--
Executable: 2, Read: 4, Write: 0 invoke: 256
Capability: 0x34ef58 [rxR,0x100000-0x832000] (sentry,capmode)
Is aligned: 0
Is sealed: 1
Tag: 1, Perms: 68117, Type: fffffffffffffffe, Address: 34ef58, Base: 100000, End: 832000, Flags: 1,
Length: 732000, Offset: 24ef58

Executable: 2, Read: 4, Write: 0 invoke: 256
Capability: 0x4081756c [rxR,0x4080c000-0x40834600] (sentry,capmode)
Is aligned: 0
Is sealed: 1
Tag: 1, Perms: 68117, Type: fffffffffffffffe, Address: 4081756c, Base: 4080c000, End: 40834600, Flag
s: 1, Length: 28600, Offset: b56c

--
Executable: 2, Read: 4, Write: 0 invoke: 256
Capability: 0x34ef8c [rxR,0x100000-0x832000] (sentry,capmode)
Is aligned: 0
Is sealed: 1
Tag: 1, Perms: 68117, Type: fffffffffffffffe, Address: 34ef8c, Base: 100000, End: 832000, Flags: 1,
Length: 732000, Offset: 24ef8c

--
Executable: 2, Read: 4, Write: 0 invoke: 256
Capability: 0x46b564 [rxR,0x100000-0x832000] (sentry,capmode)
Is aligned: 0
Is sealed: 1
Tag: 1, Perms: 68117, Type: fffffffffffffffe, Address: 46b564, Base: 100000, End: 832000, Flags: 1,
Length: 732000, Offset: 36b564

--
Executable: 2, Read: 4, Write: 0 invoke: 256
Capability: 0x46b922 [rxR,0x100000-0x832000] (sentry,capmode)
Is aligned: 0
Is sealed: 1
Tag: 1, Perms: 68117, Type: fffffffffffffffe, Address: 46b922, Base: 100000, End: 832000, Flags: 1,
Length: 732000, Offset: 36b922

--
Executable: 2, Read: 4, Write: 0 invoke: 256
Capability: 0x4784f4 [rxR,0x100000-0x832000] (sentry,capmode)
Is aligned: 0
Is sealed: 1
Tag: 1, Perms: 68117, Type: fffffffffffffffe, Address: 4784f4, Base: 100000, End: 832000, Flags: 1,
Length: 732000, Offset: 3784f4

--
Executable: 2, Read: 4, Write: 0 invoke: 256
Capability: 0x47f658 [rxR,0x100000-0x832000] (sentry,capmode)
Is aligned: 0
Is sealed: 1
Tag: 1, Perms: 68117, Type: fffffffffffffffe, Address: 47f658, Base: 100000, End: 832000, Flags: 1,
Length: 732000, Offset: 37f658

--
Executable: 2, Read: 4, Write: 0 invoke: 256
Capability: 0x477ba4 [rxR,0x100000-0x832000] (sentry,capmode)
Is aligned: 0
Is sealed: 1
Tag: 1, Perms: 68117, Type: fffffffffffffffe, Address: 477ba4, Base: 100000, End: 832000, Flags: 1,
Length: 732000, Offset: 377ba4

--
Executable: 2, Read: 4, Write: 0 invoke: 256
Capability: 0x47f21c [rxR,0x100000-0x832000] (sentry,capmode)
Is aligned: 0
Is sealed: 1
Tag: 1, Perms: 68117, Type: fffffffffffffffe, Address: 47f21c, Base: 100000, End: 832000, Flags: 1,
Length: 732000, Offset: 37f21c

--
Executable: 2, Read: 4, Write: 0 invoke: 256
Capability: 0x47e68c [rxR,0x100000-0x832000] (sentry,capmode)
Is aligned: 0
Is sealed: 1
Tag: 1, Perms: 68117, Type: fffffffffffffffe, Address: 47e68c, Base: 100000, End: 832000, Flags: 1,
Length: 732000, Offset: 37e68c

Executable: 2, Read: 4, Write: 0 invoke: 256
Capability: 0x4773fc [rxR,0x100000-0x832000] (sentry,capmode)
Is aligned: 0
Is sealed: 1
Tag: 1, Perms: 68117, Type: fffffffffffffffe, Address: 4773fc, Base: 100000, End: 832000, Flags: 1,
Length: 732000, Offset: 3773fc

--
Executable: 2, Read: 4, Write: 0 invoke: 256
Capability: 0x47e096 [rxR,0x100000-0x832000] (sentry,capmode)
Is aligned: 0
Is sealed: 1
Tag: 1, Perms: 68117, Type: fffffffffffffffe, Address: 47e096, Base: 100000, End: 832000, Flags: 1,
Length: 732000, Offset: 37e096

Executable: 2, Read: 4, Write: 0 invoke: 256
Capability: 0x47743a [rxR,0x100000-0x832000] (sentry,capmode)
Is aligned: 0
Is sealed: 1
Tag: 1, Perms: 68117, Type: fffffffffffffffe, Address: 47743a, Base: 100000, End: 832000, Flags: 1,
Length: 732000, Offset: 37743a

Executable: 2, Read: 4, Write: 0 invoke: 256
Capability: 0x465e98 [rxR,0x100000-0x832000] (sentry,capmode)
Is aligned: 0
Is sealed: 1
Tag: 1, Perms: 68117, Type: fffffffffffffffe, Address: 465e98, Base: 100000, End: 832000, Flags: 1,
Length: 732000, Offset: 365e98

Executable: 2, Read: 4, Write: 0 invoke: 256
Capability: 0x4772bc [rxR,0x100000-0x832000] (sentry,capmode)
Is aligned: 0
Is sealed: 1
Tag: 1, Perms: 68117, Type: fffffffffffffffe, Address: 4772bc, Base: 100000, End: 832000, Flags: 1,
Length: 732000, Offset: 3772bc

--
Executable: 2, Read: 4, Write: 0 invoke: 256
Capability: 0x476c6e [rxR,0x100000-0x832000] (sentry,capmode)
Is aligned: 0
Is sealed: 1
Tag: 1, Perms: 68117, Type: fffffffffffffffe, Address: 476c6e, Base: 100000, End: 832000, Flags: 1,
Length: 732000, Offset: 376c6e

--
Executable: 2, Read: 4, Write: 0 invoke: 256
Capability: 0x476ace [rxR,0x100000-0x832000] (sentry,capmode)
Is aligned: 0
Is sealed: 1
Tag: 1, Perms: 68117, Type: fffffffffffffffe, Address: 476ace, Base: 100000, End: 832000, Flags: 1,
Length: 732000, Offset: 376ace

--
Executable: 2, Read: 4, Write: 0 invoke: 256
Capability: 0x46742c [rxR,0x100000-0x832000] (sentry,capmode)
Is aligned: 0
Is sealed: 1
Tag: 1, Perms: 68117, Type: fffffffffffffffe, Address: 46742c, Base: 100000, End: 832000, Flags: 1,
Length: 732000, Offset: 36742c

--
Executable: 2, Read: 4, Write: 0 invoke: 256
Capability: 0x6ca95c [rxR,0x100000-0x832000] (sentry,capmode)
Is aligned: 0
Is sealed: 1
Tag: 1, Perms: 68117, Type: fffffffffffffffe, Address: 6ca95c, Base: 100000, End: 832000, Flags: 1,
Length: 732000, Offset: 5ca95c

Executable: 2, Read: 4, Write: 0 invoke: 256
Capability: 0x30 [rxR,0x100000-0x832000] (invalid,sentry,capmode)
Is aligned: 1
Is sealed: 1
Tag: 0, Perms: 0117, Type: fffffffffffffffe, Address: 0030, Base: 100000, End: 832000, Flags: 1, Len
gth: 732000, Offset: fffffffffff00030

--
Executable: 2, Read: 4, Write: 0 invoke: 256
Capability: 0x467544 [rxR,0x100000-0x832000] (sentry,capmode)
Is aligned: 0
Is sealed: 1
Tag: 1, Perms: 68117, Type: fffffffffffffffe, Address: 467544, Base: 100000, End: 832000, Flags: 1,
Length: 732000, Offset: 367544

--
Executable: 2, Read: 4, Write: 0 invoke: 256
Capability: 0x51b7d8 [rxR,0x100000-0x832000] (sentry,capmode)
Is aligned: 0
Is sealed: 1
Tag: 1, Perms: 68117, Type: fffffffffffffffe, Address: 51b7d8, Base: 100000, End: 832000, Flags: 1,
Length: 732000, Offset: 41b7d8

Executable: 2, Read: 4, Write: 0 invoke: 256
Capability: 0x51b748 [rxR,0x100000-0x832000] (sentry,capmode)
Is aligned: 0
Is sealed: 1
Tag: 1, Perms: 68117, Type: fffffffffffffffe, Address: 51b748, Base: 100000, End: 832000, Flags: 1,
Length: 732000, Offset: 41b748

--
Executable: 2, Read: 4, Write: 0 invoke: 256
Capability: 0x526d9e [rxR,0x100000-0x832000] (sentry,capmode)
Is aligned: 0
Is sealed: 1
Tag: 1, Perms: 68117, Type: fffffffffffffffe, Address: 526d9e, Base: 100000, End: 832000, Flags: 1,
Length: 732000, Offset: 426d9e

Executable: 2, Read: 4, Write: 0 invoke: 256
Capability: 0x526d4c [rxR,0x100000-0x832000] (sentry,capmode)
Is aligned: 0
Is sealed: 1
Tag: 1, Perms: 68117, Type: fffffffffffffffe, Address: 526d4c, Base: 100000, End: 832000, Flags: 1,
Length: 732000, Offset: 426d4c

Executable: 2, Read: 4, Write: 0 invoke: 256
Capability: 0x51b748 [rxR,0x100000-0x832000] (sentry,capmode)
Is aligned: 0
Is sealed: 1
Tag: 1, Perms: 68117, Type: fffffffffffffffe, Address: 51b748, Base: 100000, End: 832000, Flags: 1,
Length: 732000, Offset: 41b748

Executable: 2, Read: 4, Write: 0 invoke: 256
Capability: 0x51ef14 [rxR,0x100000-0x832000] (sentry,capmode)
Is aligned: 0
Is sealed: 1
Tag: 1, Perms: 68117, Type: fffffffffffffffe, Address: 51ef14, Base: 100000, End: 832000, Flags: 1,
Length: 732000, Offset: 41ef14

Executable: 2, Read: 4, Write: 0 invoke: 256
Capability: 0x51b748 [rxR,0x100000-0x832000] (sentry,capmode)
Is aligned: 0
Is sealed: 1
Tag: 1, Perms: 68117, Type: fffffffffffffffe, Address: 51b748, Base: 100000, End: 832000, Flags: 1,
Length: 732000, Offset: 41b748

Executable: 2, Read: 4, Write: 0 invoke: 256
Capability: 0x51ef3c [rxR,0x100000-0x832000] (sentry,capmode)
Is aligned: 0
Is sealed: 1
Tag: 1, Perms: 68117, Type: fffffffffffffffe, Address: 51ef3c, Base: 100000, End: 832000, Flags: 1,
Length: 732000, Offset: 41ef3c

--
Executable: 2, Read: 4, Write: 0 invoke: 256
Capability: 0x6eaf7e [rxR,0x100000-0x832000] (sentry,capmode)
Is aligned: 0
Is sealed: 1
Tag: 1, Perms: 68117, Type: fffffffffffffffe, Address: 6eaf7e, Base: 100000, End: 832000, Flags: 1,
Length: 732000, Offset: 5eaf7e

Executable: 2, Read: 4, Write: 0 invoke: 256
Capability: 0x51ef1c [rxR,0x100000-0x832000] (sentry,capmode)
Is aligned: 0
Is sealed: 1
Tag: 1, Perms: 68117, Type: fffffffffffffffe, Address: 51ef1c, Base: 100000, End: 832000, Flags: 1,
Length: 732000, Offset: 41ef1c

Executable: 2, Read: 4, Write: 0 invoke: 256
Capability: 0x51ef1c [rxR,0x100000-0x832000] (sentry,capmode)
Is aligned: 0
Is sealed: 1
Tag: 1, Perms: 68117, Type: fffffffffffffffe, Address: 51ef1c, Base: 100000, End: 832000, Flags: 1,
Length: 732000, Offset: 41ef1c

--
Executable: 2, Read: 4, Write: 0 invoke: 256
Capability: 0x6dc9c6 [rxR,0x100000-0x832000] (sentry,capmode)
Is aligned: 0
Is sealed: 1
Tag: 1, Perms: 68117, Type: fffffffffffffffe, Address: 6dc9c6, Base: 100000, End: 832000, Flags: 1,
Length: 732000, Offset: 5dc9c6

--
Executable: 2, Read: 4, Write: 0 invoke: 256
Capability: 0x6deccc [rxR,0x100000-0x832000] (sentry,capmode)
Is aligned: 0
Is sealed: 1
Tag: 1, Perms: 68117, Type: fffffffffffffffe, Address: 6deccc, Base: 100000, End: 832000, Flags: 1,
Length: 732000, Offset: 5deccc

--
Executable: 2, Read: 4, Write: 8 invoke: 256
Capability: 0x7780b520 [rwxRW,0x777fc000-0x7781c000] (invalid,sealed,capmode)
Is aligned: 1
Is sealed: 1
Tag: 0, Perms: 78fff, Type: 1f, Address: 7780b520, Base: 777fc000, End: 7781c000, Flags: 1, Length:
20000, Offset: f520

--
Executable: 2, Read: 4, Write: 0 invoke: 256
Capability: 0x6dcbe0 [rxR,0x100000-0x832000] (sentry,capmode)
Is aligned: 1
Is sealed: 1
Tag: 1, Perms: 68117, Type: fffffffffffffffe, Address: 6dcbe0, Base: 100000, End: 832000, Flags: 1,
Length: 732000, Offset: 5dcbe0

--
Executable: 2, Read: 4, Write: 0 invoke: 256
Capability: 0x6ad8e6 [rxR,0x100000-0x832000] (sentry,capmode)
Is aligned: 0
Is sealed: 1
Tag: 1, Perms: 68117, Type: fffffffffffffffe, Address: 6ad8e6, Base: 100000, End: 832000, Flags: 1,
Length: 732000, Offset: 5ad8e6

--
Executable: 2, Read: 4, Write: 0 invoke: 256
Capability: 0x6b407a [rxR,0x100000-0x832000] (sentry,capmode)
Is aligned: 0
Is sealed: 1
Tag: 1, Perms: 68117, Type: fffffffffffffffe, Address: 6b407a, Base: 100000, End: 832000, Flags: 1,
Length: 732000, Offset: 5b407a

--
Executable: 2, Read: 4, Write: 0 invoke: 256
Capability: 0x4085743e [rxR,0x4083f000-0x40879000] (sentry,capmode)
Is aligned: 0
Is sealed: 1
Tag: 1, Perms: 68117, Type: fffffffffffffffe, Address: 4085743e, Base: 4083f000, End: 40879000, Flag
s: 1, Length: 3a000, Offset: 1843e

--
Executable: 2, Read: 0, Write: 8 invoke: 0
Capability: 0x55555555 [wxW,0x55552000-0x55552a00] (invalid,sealed,capmode)
Is aligned: 0
Is sealed: 1
Tag: 0, Perms: 20aeb, Type: 2667f, Address: 55555555, Base: 55552000, End: 55552a00, Flags: 1, Lengt
h: 0a00, Offset: 3555

--
Executable: 2, Read: 4, Write: 0 invoke: 256
Capability: 0x40a90c30 [rxR,0x40918000-0x40f30000] (sentry,capmode)
Is aligned: 1
Is sealed: 1
Tag: 1, Perms: 68117, Type: fffffffffffffffe, Address: 40a90c30, Base: 40918000, End: 40f30000, Flag
s: 1, Length: 618000, Offset: 178c30

--
Executable: 2, Read: 4, Write: 0 invoke: 256
Capability: 0x6b3fa2 [rxR,0x100000-0x832000] (sentry,capmode)
Is aligned: 0
Is sealed: 1
Tag: 1, Perms: 68117, Type: fffffffffffffffe, Address: 6b3fa2, Base: 100000, End: 832000, Flags: 1,
Length: 732000, Offset: 5b3fa2

--
Executable: 2, Read: 4, Write: 0 invoke: 256
Capability: 0x6243a2 [rxR,0x100000-0x832000] (invalid,sentry,capmode)
Is aligned: 0
Is sealed: 1
Tag: 0, Perms: 0117, Type: fffffffffffffffe, Address: 6243a2, Base: 100000, End: 832000, Flags: 1, L
ength: 732000, Offset: 5243a2

--
Executable: 2, Read: 4, Write: 0 invoke: 256
Capability: 0x11e06522c8b09f2 [rxR,0x11e06522c100000-0x11e06522c832000] (invalid,sentry,capmode)
Is aligned: 0
Is sealed: 1
Tag: 0, Perms: 68117, Type: fffffffffffffffe, Address: 11e06522c8b09f2, Base: 11e06522c100000, End:
11e06522c832000, Flags: 1, Length: 732000, Offset: 7b09f2

--
Executable: 2, Read: 4, Write: 0 invoke: 0
Capability: 0x362aa4 [rxR,0x100000-0x832000] (invalid,sentry,capmode)
Is aligned: 0
Is sealed: 1
Tag: 0, Perms: 0017, Type: fffffffffffffffe, Address: 362aa4, Base: 100000, End: 832000, Flags: 1, L
ength: 732000, Offset: 262aa4

--
Executable: 2, Read: 4, Write: 0 invoke: 256
Capability: 0x62396c [rxR,0x100000-0x832000] (sentry,capmode)
Is aligned: 0
Is sealed: 1
Tag: 1, Perms: 68117, Type: fffffffffffffffe, Address: 62396c, Base: 100000, End: 832000, Flags: 1,
Length: 732000, Offset: 52396c

--
Executable: 2, Read: 4, Write: 8 invoke: 256
Capability: 0x7780b000 [rwxRW,0x7780bfea-0x7780bff9] (invalid,sealed,capmode)
Is aligned: 1
Is sealed: 1
Tag: 0, Perms: 78fff, Type: 0, Address: 7780b000, Base: 7780bfea, End: 7780bff9, Flags: 1, Length: 0
00f, Offset: fffffffffffff016

--
Executable: 2, Read: 4, Write: 0 invoke: 256
Capability: 0x6154ee [rxR,0x100000-0x832000] (sentry,capmode)
Is aligned: 0
Is sealed: 1
Tag: 1, Perms: 68117, Type: fffffffffffffffe, Address: 6154ee, Base: 100000, End: 832000, Flags: 1,
Length: 732000, Offset: 5154ee

--
Executable: 2, Read: 4, Write: 0 invoke: 256
Capability: 0x658d56 [rxR,0x100000-0x832000] (sentry,capmode)
Is aligned: 0
Is sealed: 1
Tag: 1, Perms: 68117, Type: fffffffffffffffe, Address: 658d56, Base: 100000, End: 832000, Flags: 1,
Length: 732000, Offset: 558d56

--
Executable: 2, Read: 4, Write: 0 invoke: 256
Capability: 0x65626a [rxR,0x100000-0x832000] (sentry,capmode)
Is aligned: 0
Is sealed: 1
Tag: 1, Perms: 68117, Type: fffffffffffffffe, Address: 65626a, Base: 100000, End: 832000, Flags: 1,
Length: 732000, Offset: 55626a

--
Executable: 2, Read: 4, Write: 0 invoke: 256
Capability: 0x654bae [rxR,0x100000-0x832000] (sentry,capmode)
Is aligned: 0
Is sealed: 1
Tag: 1, Perms: 68117, Type: fffffffffffffffe, Address: 654bae, Base: 100000, End: 832000, Flags: 1,
Length: 732000, Offset: 554bae

--
Executable: 2, Read: 4, Write: 0 invoke: 256
Capability: 0x655aa0 [rxR,0x100000-0x832000] (sentry,capmode)
Is aligned: 1
Is sealed: 1
Tag: 1, Perms: 68117, Type: fffffffffffffffe, Address: 655aa0, Base: 100000, End: 832000, Flags: 1,
Length: 732000, Offset: 555aa0

--
Executable: 2, Read: 4, Write: 0 invoke: 256
Capability: 0x6dd74e [rxR,0x100000-0x832000] (sentry,capmode)
Is aligned: 0
Is sealed: 1
Tag: 1, Perms: 68117, Type: fffffffffffffffe, Address: 6dd74e, Base: 100000, End: 832000, Flags: 1,
Length: 732000, Offset: 5dd74e

--
Executable: 2, Read: 4, Write: 0 invoke: 256
Capability: 0x6edb38 [rxR,0x100000-0x832000] (sentry,capmode)
Is aligned: 0
Is sealed: 1
Tag: 1, Perms: 68117, Type: fffffffffffffffe, Address: 6edb38, Base: 100000, End: 832000, Flags: 1,
Length: 732000, Offset: 5edb38

--
Executable: 2, Read: 4, Write: 0 invoke: 256
Capability: 0x4081df7a [rxR,0x4080c000-0x40834600] (invalid,sentry,capmode)
Is aligned: 0
Is sealed: 1
Tag: 0, Perms: 0117, Type: fffffffffffffffe, Address: 4081df7a, Base: 4080c000, End: 40834600, Flags
: 1, Length: 28600, Offset: 11f7a

--
Executable: 2, Read: 4, Write: 0 invoke: 256
Capability: 0x3 [rxR,0x100000-0x832000] (invalid,sentry,capmode)
Is aligned: 0
Is sealed: 1
Tag: 0, Perms: 0117, Type: fffffffffffffffe, Address: 0003, Base: 100000, End: 832000, Flags: 1, Len
gth: 732000, Offset: fffffffffff00003

--
Executable: 2, Read: 4, Write: 0 invoke: 256
Capability: 0x6aa3e6 [rxR,0x100000-0x832000] (sentry,capmode)
Is aligned: 0
Is sealed: 1
Tag: 1, Perms: 68117, Type: fffffffffffffffe, Address: 6aa3e6, Base: 100000, End: 832000, Flags: 1,
Length: 732000, Offset: 5aa3e6

--
Executable: 2, Read: 4, Write: 0 invoke: 256
Capability: 0x6f2d56 [rxR,0x100000-0x832000] (sentry,capmode)
Is aligned: 0
Is sealed: 1
Tag: 1, Perms: 68117, Type: fffffffffffffffe, Address: 6f2d56, Base: 100000, End: 832000, Flags: 1,
Length: 732000, Offset: 5f2d56

--
Executable: 2, Read: 4, Write: 0 invoke: 256
Capability: 0x476b70 [rxR,0x100000-0x832000] (sentry,capmode)
Is aligned: 1
Is sealed: 1
Tag: 1, Perms: 68117, Type: fffffffffffffffe, Address: 476b70, Base: 100000, End: 832000, Flags: 1,
Length: 732000, Offset: 376b70

--
Executable: 2, Read: 4, Write: 0 invoke: 256
Capability: 0x6ca07e [rxR,0x100000-0x832000] (sentry,capmode)
Is aligned: 0
Is sealed: 1
Tag: 1, Perms: 68117, Type: fffffffffffffffe, Address: 6ca07e, Base: 100000, End: 832000, Flags: 1,
Length: 732000, Offset: 5ca07e

--
Executable: 2, Read: 4, Write: 0 invoke: 256
Capability: 0x6adde2 [rxR,0x100000-0x832000] (sentry,capmode)
Is aligned: 0
Is sealed: 1
Tag: 1, Perms: 68117, Type: fffffffffffffffe, Address: 6adde2, Base: 100000, End: 832000, Flags: 1,
Length: 732000, Offset: 5adde2

--
Executable: 2, Read: 4, Write: 0 invoke: 256
Capability: 0x34ef8c [rxR,0x100000-0x832000] (sentry,capmode)
Is aligned: 0
Is sealed: 1
Tag: 1, Perms: 68117, Type: fffffffffffffffe, Address: 34ef8c, Base: 100000, End: 832000, Flags: 1,
Length: 732000, Offset: 24ef8c

--
Executable: 2, Read: 4, Write: 0 invoke: 256
Capability: 0x6add36 [rxR,0x100000-0x832000] (sentry,capmode)
Is aligned: 0
Is sealed: 1
Tag: 1, Perms: 68117, Type: fffffffffffffffe, Address: 6add36, Base: 100000, End: 832000, Flags: 1,
Length: 732000, Offset: 5add36

--
Executable: 2, Read: 4, Write: 0 invoke: 256
Capability: 0x6c7c48 [rxR,0x100000-0x832000] (sentry,capmode)
Is aligned: 0
Is sealed: 1
Tag: 1, Perms: 68117, Type: fffffffffffffffe, Address: 6c7c48, Base: 100000, End: 832000, Flags: 1,
Length: 732000, Offset: 5c7c48

Executable: 2, Read: 4, Write: 0 invoke: 256
Capability: 0x6ca300 [rxR,0x100000-0x832000] (sentry,capmode)
Is aligned: 1
Is sealed: 1
Tag: 1, Perms: 68117, Type: fffffffffffffffe, Address: 6ca300, Base: 100000, End: 832000, Flags: 1,
Length: 732000, Offset: 5ca300

--
Executable: 2, Read: 4, Write: 0 invoke: 256
Capability: 0x6ca1fa [rxR,0x100000-0x832000] (sentry,capmode)
Is aligned: 0
Is sealed: 1
Tag: 1, Perms: 68117, Type: fffffffffffffffe, Address: 6ca1fa, Base: 100000, End: 832000, Flags: 1,
Length: 732000, Offset: 5ca1fa

Executable: 2, Read: 4, Write: 0 invoke: 256
Capability: 0x45085c [rxR,0x100000-0x832000] (sentry,capmode)
Is aligned: 0
Is sealed: 1
Tag: 1, Perms: 68117, Type: fffffffffffffffe, Address: 45085c, Base: 100000, End: 832000, Flags: 1,
Length: 732000, Offset: 35085c

--
Executable: 2, Read: 4, Write: 0 invoke: 256
Capability: 0x34ef8c [rxR,0x100000-0x832000] (sentry,capmode)
Is aligned: 0
Is sealed: 1
Tag: 1, Perms: 68117, Type: fffffffffffffffe, Address: 34ef8c, Base: 100000, End: 832000, Flags: 1,
Length: 732000, Offset: 24ef8c

--
Executable: 2, Read: 4, Write: 0 invoke: 256
Capability: 0x45080a [rxR,0x100000-0x832000] (sentry,capmode)
Is aligned: 0
Is sealed: 1
Tag: 1, Perms: 68117, Type: fffffffffffffffe, Address: 45080a, Base: 100000, End: 832000, Flags: 1,
Length: 732000, Offset: 35080a

--
Executable: 2, Read: 4, Write: 0 invoke: 256
Capability: 0x44fc40 [rxR,0x100000-0x832000] (sentry,capmode)
Is aligned: 1
Is sealed: 1
Tag: 1, Perms: 68117, Type: fffffffffffffffe, Address: 44fc40, Base: 100000, End: 832000, Flags: 1,
Length: 732000, Offset: 34fc40

--
Executable: 2, Read: 4, Write: 0 invoke: 256
Capability: 0x450748 [rxR,0x100000-0x832000] (sentry,capmode)
Is aligned: 0
Is sealed: 1
Tag: 1, Perms: 68117, Type: fffffffffffffffe, Address: 450748, Base: 100000, End: 832000, Flags: 1,
Length: 732000, Offset: 350748

--
Executable: 2, Read: 4, Write: 0 invoke: 256
Capability: 0x34f04e [rxR,0x100000-0x832000] (sentry,capmode)
Is aligned: 0
Is sealed: 1
Tag: 1, Perms: 68117, Type: fffffffffffffffe, Address: 34f04e, Base: 100000, End: 832000, Flags: 1,
Length: 732000, Offset: 24f04e

Executable: 2, Read: 4, Write: 0 invoke: 256
Capability: 0x5f97d8 [rxR,0x100000-0x832000] (sentry,capmode)
Is aligned: 0
Is sealed: 1
Tag: 1, Perms: 68117, Type: fffffffffffffffe, Address: 5f97d8, Base: 100000, End: 832000, Flags: 1,
Length: 732000, Offset: 4f97d8

--
Executable: 2, Read: 4, Write: 0 invoke: 256
Capability: 0x34f004 [rxR,0x100000-0x832000] (sentry,capmode)
Is aligned: 0
Is sealed: 1
Tag: 1, Perms: 68117, Type: fffffffffffffffe, Address: 34f004, Base: 100000, End: 832000, Flags: 1,
Length: 732000, Offset: 24f004

--
Executable: 2, Read: 4, Write: 0 invoke: 256
Capability: 0x409c3bee [rxR,0x40918000-0x40f30000] (sentry,capmode)
Is aligned: 0
Is sealed: 1
Tag: 1, Perms: 68117, Type: fffffffffffffffe, Address: 409c3bee, Base: 40918000, End: 40f30000, Flag
s: 1, Length: 618000, Offset: abbee

--
Executable: 2, Read: 4, Write: 0 invoke: 256
Capability: 0x34ef58 [rxR,0x100000-0x832000] (sentry,capmode)
Is aligned: 0
Is sealed: 1
Tag: 1, Perms: 68117, Type: fffffffffffffffe, Address: 34ef58, Base: 100000, End: 832000, Flags: 1,
Length: 732000, Offset: 24ef58

Executable: 2, Read: 4, Write: 0 invoke: 256
Capability: 0x4081756c [rxR,0x4080c000-0x40834600] (sentry,capmode)
Is aligned: 0
Is sealed: 1
Tag: 1, Perms: 68117, Type: fffffffffffffffe, Address: 4081756c, Base: 4080c000, End: 40834600, Flag
s: 1, Length: 28600, Offset: b56c

--
Executable: 2, Read: 4, Write: 0 invoke: 256
Capability: 0x34ef8c [rxR,0x100000-0x832000] (sentry,capmode)
Is aligned: 0
Is sealed: 1
Tag: 1, Perms: 68117, Type: fffffffffffffffe, Address: 34ef8c, Base: 100000, End: 832000, Flags: 1,
Length: 732000, Offset: 24ef8c

--
Executable: 2, Read: 4, Write: 0 invoke: 256
Capability: 0x46b564 [rxR,0x100000-0x832000] (sentry,capmode)
Is aligned: 0
Is sealed: 1
Tag: 1, Perms: 68117, Type: fffffffffffffffe, Address: 46b564, Base: 100000, End: 832000, Flags: 1,
Length: 732000, Offset: 36b564

--
Executable: 2, Read: 4, Write: 0 invoke: 256
Capability: 0x46b922 [rxR,0x100000-0x832000] (sentry,capmode)
Is aligned: 0
Is sealed: 1
Tag: 1, Perms: 68117, Type: fffffffffffffffe, Address: 46b922, Base: 100000, End: 832000, Flags: 1,
Length: 732000, Offset: 36b922

--
Executable: 2, Read: 4, Write: 0 invoke: 256
Capability: 0x4784f4 [rxR,0x100000-0x832000] (sentry,capmode)
Is aligned: 0
Is sealed: 1
Tag: 1, Perms: 68117, Type: fffffffffffffffe, Address: 4784f4, Base: 100000, End: 832000, Flags: 1,
Length: 732000, Offset: 3784f4

--
Executable: 2, Read: 4, Write: 0 invoke: 256
Capability: 0x47f658 [rxR,0x100000-0x832000] (sentry,capmode)
Is aligned: 0
Is sealed: 1
Tag: 1, Perms: 68117, Type: fffffffffffffffe, Address: 47f658, Base: 100000, End: 832000, Flags: 1,
Length: 732000, Offset: 37f658

Executable: 2, Read: 4, Write: 0 invoke: 256
Capability: 0x477ba4 [rxR,0x100000-0x832000] (sentry,capmode)
Is aligned: 0
Is sealed: 1
Tag: 1, Perms: 68117, Type: fffffffffffffffe, Address: 477ba4, Base: 100000, End: 832000, Flags: 1,
Length: 732000, Offset: 377ba4

--
Executable: 2, Read: 4, Write: 0 invoke: 256
Capability: 0x47f21c [rxR,0x100000-0x832000] (sentry,capmode)
Is aligned: 0
Is sealed: 1
Tag: 1, Perms: 68117, Type: fffffffffffffffe, Address: 47f21c, Base: 100000, End: 832000, Flags: 1,
Length: 732000, Offset: 37f21c

--
Executable: 2, Read: 4, Write: 0 invoke: 256
Capability: 0x47e68c [rxR,0x100000-0x832000] (sentry,capmode)
Is aligned: 0
Is sealed: 1
Tag: 1, Perms: 68117, Type: fffffffffffffffe, Address: 47e68c, Base: 100000, End: 832000, Flags: 1,
Length: 732000, Offset: 37e68c

--
Executable: 2, Read: 4, Write: 0 invoke: 256
Capability: 0x47fbca [rxR,0x100000-0x832000] (sentry,capmode)
Is aligned: 0
Is sealed: 1
Tag: 1, Perms: 68117, Type: fffffffffffffffe, Address: 47fbca, Base: 100000, End: 832000, Flags: 1,
Length: 732000, Offset: 37fbca

--
Executable: 2, Read: 4, Write: 0 invoke: 256
Capability: 0x46eca2 [rxR,0x100000-0x832000] (sentry,capmode)
Is aligned: 0
Is sealed: 1
Tag: 1, Perms: 68117, Type: fffffffffffffffe, Address: 46eca2, Base: 100000, End: 832000, Flags: 1,
Length: 732000, Offset: 36eca2

--
Executable: 2, Read: 4, Write: 0 invoke: 256
Capability: 0x47379e [rxR,0x100000-0x832000] (sentry,capmode)
Is aligned: 0
Is sealed: 1
Tag: 1, Perms: 68117, Type: fffffffffffffffe, Address: 47379e, Base: 100000, End: 832000, Flags: 1,
Length: 732000, Offset: 37379e

--
Executable: 2, Read: 4, Write: 0 invoke: 256
Capability: 0x6e9964 [rxR,0x100000-0x832000] (sentry,capmode)
Is aligned: 0
Is sealed: 1
Tag: 1, Perms: 68117, Type: fffffffffffffffe, Address: 6e9964, Base: 100000, End: 832000, Flags: 1,
Length: 732000, Offset: 5e9964

Executable: 2, Read: 4, Write: 0 invoke: 256
Capability: 0x47371c [rxR,0x100000-0x832000] (sentry,capmode)
Is aligned: 0
Is sealed: 1
Tag: 1, Perms: 68117, Type: fffffffffffffffe, Address: 47371c, Base: 100000, End: 832000, Flags: 1,
Length: 732000, Offset: 37371c

Executable: 2, Read: 4, Write: 0 invoke: 256
Capability: 0x6e9842 [rxR,0x100000-0x832000] (sentry,capmode)
Is aligned: 0
Is sealed: 1
Tag: 1, Perms: 68117, Type: fffffffffffffffe, Address: 6e9842, Base: 100000, End: 832000, Flags: 1,
Length: 732000, Offset: 5e9842

Executable: 2, Read: 4, Write: 0 invoke: 256
Capability: 0x47371c [rxR,0x100000-0x832000] (sentry,capmode)
Is aligned: 0
Is sealed: 1
Tag: 1, Perms: 68117, Type: fffffffffffffffe, Address: 47371c, Base: 100000, End: 832000, Flags: 1,
Length: 732000, Offset: 37371c

--
Executable: 2, Read: 4, Write: 0 invoke: 256
Capability: 0x6e7716 [rxR,0x100000-0x832000] (sentry,capmode)
Is aligned: 0
Is sealed: 1
Tag: 1, Perms: 68117, Type: fffffffffffffffe, Address: 6e7716, Base: 100000, End: 832000, Flags: 1,
Length: 732000, Offset: 5e7716

Executable: 2, Read: 4, Write: 0 invoke: 256
Capability: 0x6b896e [rxR,0x100000-0x832000] (sentry,capmode)
Is aligned: 0
Is sealed: 1
Tag: 1, Perms: 68117, Type: fffffffffffffffe, Address: 6b896e, Base: 100000, End: 832000, Flags: 1,
Length: 732000, Offset: 5b896e

--
Executable: 2, Read: 4, Write: 0 invoke: 256
Capability: 0x4085743e [rxR,0x4083f000-0x40879000] (sentry,capmode)
Is aligned: 0
Is sealed: 1
Tag: 1, Perms: 68117, Type: fffffffffffffffe, Address: 4085743e, Base: 4083f000, End: 40879000, Flag
s: 1, Length: 3a000, Offset: 1843e

--
Executable: 2, Read: 0, Write: 8 invoke: 0
Capability: 0x55555555 [wxW,0x55552000-0x55552a00] (invalid,sealed,capmode)
Is aligned: 0
Is sealed: 1
Tag: 0, Perms: 20aeb, Type: 2667f, Address: 55555555, Base: 55552000, End: 55552a00, Flags: 1, Lengt
h: 0a00, Offset: 3555

--
Executable: 2, Read: 4, Write: 0 invoke: 256
Capability: 0x40a90c30 [rxR,0x40918000-0x40f30000] (sentry,capmode)
Is aligned: 1
Is sealed: 1
Tag: 1, Perms: 68117, Type: fffffffffffffffe, Address: 40a90c30, Base: 40918000, End: 40f30000, Flag
s: 1, Length: 618000, Offset: 178c30

--
Executable: 2, Read: 4, Write: 0 invoke: 256
Capability: 0x6b88be [rxR,0x100000-0x832000] (sentry,capmode)
Is aligned: 0
Is sealed: 1
Tag: 1, Perms: 68117, Type: fffffffffffffffe, Address: 6b88be, Base: 100000, End: 832000, Flags: 1,
Length: 732000, Offset: 5b88be

--
Executable: 2, Read: 4, Write: 0 invoke: 256
Capability: 0x6243a2 [rxR,0x100000-0x832000] (invalid,sentry,capmode)
Is aligned: 0
Is sealed: 1
Tag: 0, Perms: 0117, Type: fffffffffffffffe, Address: 6243a2, Base: 100000, End: 832000, Flags: 1, L
ength: 732000, Offset: 5243a2

--
Executable: 2, Read: 4, Write: 0 invoke: 256
Capability: 0x11e06522c8b09f2 [rxR,0x11e06522c100000-0x11e06522c832000] (invalid,sentry,capmode)
Is aligned: 0
Is sealed: 1
Tag: 0, Perms: 68117, Type: fffffffffffffffe, Address: 11e06522c8b09f2, Base: 11e06522c100000, End:
11e06522c832000, Flags: 1, Length: 732000, Offset: 7b09f2

--
Executable: 2, Read: 4, Write: 0 invoke: 0
Capability: 0x362aa4 [rxR,0x100000-0x832000] (invalid,sentry,capmode)
Is aligned: 0
Is sealed: 1
Tag: 0, Perms: 0017, Type: fffffffffffffffe, Address: 362aa4, Base: 100000, End: 832000, Flags: 1, L
ength: 732000, Offset: 262aa4

--
Executable: 2, Read: 4, Write: 0 invoke: 256
Capability: 0x62396c [rxR,0x100000-0x832000] (sentry,capmode)
Is aligned: 0
Is sealed: 1
Tag: 1, Perms: 68117, Type: fffffffffffffffe, Address: 62396c, Base: 100000, End: 832000, Flags: 1,
Length: 732000, Offset: 52396c

--
Executable: 2, Read: 4, Write: 8 invoke: 256
Capability: 0x7780b000 [rwxRW,0x7780bfea-0x7780bff9] (invalid,sealed,capmode)
Is aligned: 1
Is sealed: 1
Tag: 0, Perms: 78fff, Type: 0, Address: 7780b000, Base: 7780bfea, End: 7780bff9, Flags: 1, Length: 0
00f, Offset: fffffffffffff016

--
Executable: 2, Read: 4, Write: 0 invoke: 256
Capability: 0x6154ee [rxR,0x100000-0x832000] (sentry,capmode)
Is aligned: 0
Is sealed: 1
Tag: 1, Perms: 68117, Type: fffffffffffffffe, Address: 6154ee, Base: 100000, End: 832000, Flags: 1,
Length: 732000, Offset: 5154ee

--
Executable: 2, Read: 4, Write: 0 invoke: 256
Capability: 0x658d56 [rxR,0x100000-0x832000] (sentry,capmode)
Is aligned: 0
Is sealed: 1
Tag: 1, Perms: 68117, Type: fffffffffffffffe, Address: 658d56, Base: 100000, End: 832000, Flags: 1,
Length: 732000, Offset: 558d56

--
Executable: 2, Read: 4, Write: 0 invoke: 256
Capability: 0x65626a [rxR,0x100000-0x832000] (sentry,capmode)
Is aligned: 0
Is sealed: 1
Tag: 1, Perms: 68117, Type: fffffffffffffffe, Address: 65626a, Base: 100000, End: 832000, Flags: 1,
Length: 732000, Offset: 55626a

--
Executable: 2, Read: 4, Write: 0 invoke: 256
Capability: 0x654bae [rxR,0x100000-0x832000] (sentry,capmode)
Is aligned: 0
Is sealed: 1
Tag: 1, Perms: 68117, Type: fffffffffffffffe, Address: 654bae, Base: 100000, End: 832000, Flags: 1,
Length: 732000, Offset: 554bae

--
Executable: 2, Read: 4, Write: 0 invoke: 256
Capability: 0x655aa0 [rxR,0x100000-0x832000] (sentry,capmode)
Is aligned: 1
Is sealed: 1
Tag: 1, Perms: 68117, Type: fffffffffffffffe, Address: 655aa0, Base: 100000, End: 832000, Flags: 1,
Length: 732000, Offset: 555aa0

--
Executable: 2, Read: 4, Write: 0 invoke: 256
Capability: 0x6dd74e [rxR,0x100000-0x832000] (sentry,capmode)
Is aligned: 0
Is sealed: 1
Tag: 1, Perms: 68117, Type: fffffffffffffffe, Address: 6dd74e, Base: 100000, End: 832000, Flags: 1,
Length: 732000, Offset: 5dd74e

--
Executable: 2, Read: 4, Write: 0 invoke: 256
Capability: 0x6edb38 [rxR,0x100000-0x832000] (sentry,capmode)
Is aligned: 0
Is sealed: 1
Tag: 1, Perms: 68117, Type: fffffffffffffffe, Address: 6edb38, Base: 100000, End: 832000, Flags: 1,
Length: 732000, Offset: 5edb38

--
Executable: 2, Read: 4, Write: 0 invoke: 256
Capability: 0x4081df7a [rxR,0x4080c000-0x40834600] (invalid,sentry,capmode)
Is aligned: 0
Is sealed: 1
Tag: 0, Perms: 0117, Type: fffffffffffffffe, Address: 4081df7a, Base: 4080c000, End: 40834600, Flags
: 1, Length: 28600, Offset: 11f7a

--
Executable: 2, Read: 4, Write: 0 invoke: 256
Capability: 0x3 [rxR,0x100000-0x832000] (invalid,sentry,capmode)
Is aligned: 0
Is sealed: 1
Tag: 0, Perms: 0117, Type: fffffffffffffffe, Address: 0003, Base: 100000, End: 832000, Flags: 1, Len
gth: 732000, Offset: fffffffffff00003

--
Executable: 2, Read: 4, Write: 0 invoke: 256
Capability: 0x6aa3e6 [rxR,0x100000-0x832000] (sentry,capmode)
Is aligned: 0
Is sealed: 1
Tag: 1, Perms: 68117, Type: fffffffffffffffe, Address: 6aa3e6, Base: 100000, End: 832000, Flags: 1,
Length: 732000, Offset: 5aa3e6

--
Executable: 2, Read: 4, Write: 0 invoke: 256
Capability: 0x6f2d56 [rxR,0x100000-0x832000] (sentry,capmode)
Is aligned: 0
Is sealed: 1
Tag: 1, Perms: 68117, Type: fffffffffffffffe, Address: 6f2d56, Base: 100000, End: 832000, Flags: 1,
Length: 732000, Offset: 5f2d56

--
Executable: 2, Read: 4, Write: 0 invoke: 256
Capability: 0x476b70 [rxR,0x100000-0x832000] (sentry,capmode)
Is aligned: 1
Is sealed: 1
Tag: 1, Perms: 68117, Type: fffffffffffffffe, Address: 476b70, Base: 100000, End: 832000, Flags: 1,
Length: 732000, Offset: 376b70

--
Executable: 2, Read: 4, Write: 0 invoke: 256
Capability: 0x6ca07e [rxR,0x100000-0x832000] (sentry,capmode)
Is aligned: 0
Is sealed: 1
Tag: 1, Perms: 68117, Type: fffffffffffffffe, Address: 6ca07e, Base: 100000, End: 832000, Flags: 1,
Length: 732000, Offset: 5ca07e

--
Executable: 2, Read: 4, Write: 0 invoke: 256
Capability: 0x6adde2 [rxR,0x100000-0x832000] (sentry,capmode)
Is aligned: 0
Is sealed: 1
Tag: 1, Perms: 68117, Type: fffffffffffffffe, Address: 6adde2, Base: 100000, End: 832000, Flags: 1,
Length: 732000, Offset: 5adde2

--
Executable: 2, Read: 4, Write: 0 invoke: 256
Capability: 0x34ef8c [rxR,0x100000-0x832000] (sentry,capmode)
Is aligned: 0
Is sealed: 1
Tag: 1, Perms: 68117, Type: fffffffffffffffe, Address: 34ef8c, Base: 100000, End: 832000, Flags: 1,
Length: 732000, Offset: 24ef8c

--
Executable: 2, Read: 4, Write: 0 invoke: 256
Capability: 0x6add36 [rxR,0x100000-0x832000] (sentry,capmode)
Is aligned: 0
Is sealed: 1
Tag: 1, Perms: 68117, Type: fffffffffffffffe, Address: 6add36, Base: 100000, End: 832000, Flags: 1,
Length: 732000, Offset: 5add36

--
Executable: 2, Read: 4, Write: 0 invoke: 256
Capability: 0x6c7c48 [rxR,0x100000-0x832000] (sentry,capmode)
Is aligned: 0
Is sealed: 1
Tag: 1, Perms: 68117, Type: fffffffffffffffe, Address: 6c7c48, Base: 100000, End: 832000, Flags: 1,
Length: 732000, Offset: 5c7c48

Executable: 2, Read: 4, Write: 0 invoke: 256
Capability: 0x6ca300 [rxR,0x100000-0x832000] (sentry,capmode)
Is aligned: 1
Is sealed: 1
Tag: 1, Perms: 68117, Type: fffffffffffffffe, Address: 6ca300, Base: 100000, End: 832000, Flags: 1,
Length: 732000, Offset: 5ca300

--
Executable: 2, Read: 4, Write: 0 invoke: 256
Capability: 0x6ca1fa [rxR,0x100000-0x832000] (sentry,capmode)
Is aligned: 0
Is sealed: 1
Tag: 1, Perms: 68117, Type: fffffffffffffffe, Address: 6ca1fa, Base: 100000, End: 832000, Flags: 1,
Length: 732000, Offset: 5ca1fa

Executable: 2, Read: 4, Write: 0 invoke: 256
Capability: 0x45085c [rxR,0x100000-0x832000] (sentry,capmode)
Is aligned: 0
Is sealed: 1
Tag: 1, Perms: 68117, Type: fffffffffffffffe, Address: 45085c, Base: 100000, End: 832000, Flags: 1,
Length: 732000, Offset: 35085c

--
Executable: 2, Read: 4, Write: 0 invoke: 256
Capability: 0x34ef8c [rxR,0x100000-0x832000] (sentry,capmode)
Is aligned: 0
Is sealed: 1
Tag: 1, Perms: 68117, Type: fffffffffffffffe, Address: 34ef8c, Base: 100000, End: 832000, Flags: 1,
Length: 732000, Offset: 24ef8c

--
Executable: 2, Read: 4, Write: 0 invoke: 256
Capability: 0x45080a [rxR,0x100000-0x832000] (sentry,capmode)
Is aligned: 0
Is sealed: 1
Tag: 1, Perms: 68117, Type: fffffffffffffffe, Address: 45080a, Base: 100000, End: 832000, Flags: 1,
Length: 732000, Offset: 35080a

--
Executable: 2, Read: 4, Write: 0 invoke: 256
Capability: 0x44fc40 [rxR,0x100000-0x832000] (sentry,capmode)
Is aligned: 1
Is sealed: 1
Tag: 1, Perms: 68117, Type: fffffffffffffffe, Address: 44fc40, Base: 100000, End: 832000, Flags: 1,
Length: 732000, Offset: 34fc40

--
Executable: 2, Read: 4, Write: 0 invoke: 256
Capability: 0x450748 [rxR,0x100000-0x832000] (sentry,capmode)
Is aligned: 0
Is sealed: 1
Tag: 1, Perms: 68117, Type: fffffffffffffffe, Address: 450748, Base: 100000, End: 832000, Flags: 1,
Length: 732000, Offset: 350748

--
Executable: 2, Read: 4, Write: 0 invoke: 256
Capability: 0x34f04e [rxR,0x100000-0x832000] (sentry,capmode)
Is aligned: 0
Is sealed: 1
Tag: 1, Perms: 68117, Type: fffffffffffffffe, Address: 34f04e, Base: 100000, End: 832000, Flags: 1,
Length: 732000, Offset: 24f04e

Executable: 2, Read: 4, Write: 0 invoke: 256
Capability: 0x5f97d8 [rxR,0x100000-0x832000] (sentry,capmode)
Is aligned: 0
Is sealed: 1
Tag: 1, Perms: 68117, Type: fffffffffffffffe, Address: 5f97d8, Base: 100000, End: 832000, Flags: 1,
Length: 732000, Offset: 4f97d8

--
Executable: 2, Read: 4, Write: 0 invoke: 256
Capability: 0x34f004 [rxR,0x100000-0x832000] (sentry,capmode)
Is aligned: 0
Is sealed: 1
Tag: 1, Perms: 68117, Type: fffffffffffffffe, Address: 34f004, Base: 100000, End: 832000, Flags: 1,
Length: 732000, Offset: 24f004

--
Executable: 2, Read: 4, Write: 0 invoke: 256
Capability: 0x409c3bee [rxR,0x40918000-0x40f30000] (sentry,capmode)
Is aligned: 0
Is sealed: 1
Tag: 1, Perms: 68117, Type: fffffffffffffffe, Address: 409c3bee, Base: 40918000, End: 40f30000, Flag
s: 1, Length: 618000, Offset: abbee

--
Executable: 2, Read: 4, Write: 0 invoke: 256
Capability: 0x34ef58 [rxR,0x100000-0x832000] (sentry,capmode)
Is aligned: 0
Is sealed: 1
Tag: 1, Perms: 68117, Type: fffffffffffffffe, Address: 34ef58, Base: 100000, End: 832000, Flags: 1,
Length: 732000, Offset: 24ef58

Executable: 2, Read: 4, Write: 0 invoke: 256
Capability: 0x4081756c [rxR,0x4080c000-0x40834600] (sentry,capmode)
Is aligned: 0
Is sealed: 1
Tag: 1, Perms: 68117, Type: fffffffffffffffe, Address: 4081756c, Base: 4080c000, End: 40834600, Flag
s: 1, Length: 28600, Offset: b56c

--
Executable: 2, Read: 4, Write: 0 invoke: 256
Capability: 0x34ef8c [rxR,0x100000-0x832000] (sentry,capmode)
Is aligned: 0
Is sealed: 1
Tag: 1, Perms: 68117, Type: fffffffffffffffe, Address: 34ef8c, Base: 100000, End: 832000, Flags: 1,
Length: 732000, Offset: 24ef8c

--
Executable: 2, Read: 4, Write: 0 invoke: 256
Capability: 0x46b564 [rxR,0x100000-0x832000] (sentry,capmode)
Is aligned: 0
Is sealed: 1
Tag: 1, Perms: 68117, Type: fffffffffffffffe, Address: 46b564, Base: 100000, End: 832000, Flags: 1,
Length: 732000, Offset: 36b564

--
Executable: 2, Read: 4, Write: 0 invoke: 256
Capability: 0x46b922 [rxR,0x100000-0x832000] (sentry,capmode)
Is aligned: 0
Is sealed: 1
Tag: 1, Perms: 68117, Type: fffffffffffffffe, Address: 46b922, Base: 100000, End: 832000, Flags: 1,
Length: 732000, Offset: 36b922

--
Executable: 2, Read: 4, Write: 0 invoke: 256
Capability: 0x4784f4 [rxR,0x100000-0x832000] (sentry,capmode)
Is aligned: 0
Is sealed: 1
Tag: 1, Perms: 68117, Type: fffffffffffffffe, Address: 4784f4, Base: 100000, End: 832000, Flags: 1,
Length: 732000, Offset: 3784f4

--
Executable: 2, Read: 4, Write: 0 invoke: 256
Capability: 0x47f658 [rxR,0x100000-0x832000] (sentry,capmode)
Is aligned: 0
Is sealed: 1
Tag: 1, Perms: 68117, Type: fffffffffffffffe, Address: 47f658, Base: 100000, End: 832000, Flags: 1,
Length: 732000, Offset: 37f658

--
Executable: 2, Read: 4, Write: 0 invoke: 256
Capability: 0x477ba4 [rxR,0x100000-0x832000] (sentry,capmode)
Is aligned: 0
Is sealed: 1
Tag: 1, Perms: 68117, Type: fffffffffffffffe, Address: 477ba4, Base: 100000, End: 832000, Flags: 1,
Length: 732000, Offset: 377ba4

--
Executable: 2, Read: 4, Write: 0 invoke: 256
Capability: 0x47f21c [rxR,0x100000-0x832000] (sentry,capmode)
Is aligned: 0
Is sealed: 1
Tag: 1, Perms: 68117, Type: fffffffffffffffe, Address: 47f21c, Base: 100000, End: 832000, Flags: 1,
Length: 732000, Offset: 37f21c

--
Executable: 2, Read: 4, Write: 0 invoke: 256
Capability: 0x47e68c [rxR,0x100000-0x832000] (sentry,capmode)
Is aligned: 0
Is sealed: 1
Tag: 1, Perms: 68117, Type: fffffffffffffffe, Address: 47e68c, Base: 100000, End: 832000, Flags: 1,
Length: 732000, Offset: 37e68c

Executable: 2, Read: 4, Write: 0 invoke: 256
Capability: 0x4773fc [rxR,0x100000-0x832000] (sentry,capmode)
Is aligned: 0
Is sealed: 1
Tag: 1, Perms: 68117, Type: fffffffffffffffe, Address: 4773fc, Base: 100000, End: 832000, Flags: 1,
Length: 732000, Offset: 3773fc

--
Executable: 2, Read: 4, Write: 0 invoke: 256
Capability: 0x47e096 [rxR,0x100000-0x832000] (sentry,capmode)
Is aligned: 0
Is sealed: 1
Tag: 1, Perms: 68117, Type: fffffffffffffffe, Address: 47e096, Base: 100000, End: 832000, Flags: 1,
Length: 732000, Offset: 37e096

Executable: 2, Read: 4, Write: 0 invoke: 256
Capability: 0x47743a [rxR,0x100000-0x832000] (sentry,capmode)
Is aligned: 0
Is sealed: 1
Tag: 1, Perms: 68117, Type: fffffffffffffffe, Address: 47743a, Base: 100000, End: 832000, Flags: 1,
Length: 732000, Offset: 37743a

Executable: 2, Read: 4, Write: 0 invoke: 256
Capability: 0x465e98 [rxR,0x100000-0x832000] (sentry,capmode)
Is aligned: 0
Is sealed: 1
Tag: 1, Perms: 68117, Type: fffffffffffffffe, Address: 465e98, Base: 100000, End: 832000, Flags: 1,
Length: 732000, Offset: 365e98

Executable: 2, Read: 4, Write: 0 invoke: 256
Capability: 0x4772bc [rxR,0x100000-0x832000] (sentry,capmode)
Is aligned: 0
Is sealed: 1
Tag: 1, Perms: 68117, Type: fffffffffffffffe, Address: 4772bc, Base: 100000, End: 832000, Flags: 1,
Length: 732000, Offset: 3772bc

--
Executable: 2, Read: 4, Write: 0 invoke: 256
Capability: 0x476c6e [rxR,0x100000-0x832000] (sentry,capmode)
Is aligned: 0
Is sealed: 1
Tag: 1, Perms: 68117, Type: fffffffffffffffe, Address: 476c6e, Base: 100000, End: 832000, Flags: 1,
Length: 732000, Offset: 376c6e

--
Executable: 2, Read: 4, Write: 0 invoke: 256
Capability: 0x476ace [rxR,0x100000-0x832000] (sentry,capmode)
Is aligned: 0
Is sealed: 1
Tag: 1, Perms: 68117, Type: fffffffffffffffe, Address: 476ace, Base: 100000, End: 832000, Flags: 1,
Length: 732000, Offset: 376ace

--
Executable: 2, Read: 4, Write: 0 invoke: 256
Capability: 0x46742c [rxR,0x100000-0x832000] (sentry,capmode)
Is aligned: 0
Is sealed: 1
Tag: 1, Perms: 68117, Type: fffffffffffffffe, Address: 46742c, Base: 100000, End: 832000, Flags: 1,
Length: 732000, Offset: 36742c

--
Executable: 2, Read: 4, Write: 0 invoke: 256
Capability: 0x6e0d20 [rxR,0x100000-0x832000] (sentry,capmode)
Is aligned: 1
Is sealed: 1
Tag: 1, Perms: 68117, Type: fffffffffffffffe, Address: 6e0d20, Base: 100000, End: 832000, Flags: 1,
Length: 732000, Offset: 5e0d20

--
Executable: 2, Read: 4, Write: 0 invoke: 256
Capability: 0x467544 [rxR,0x100000-0x832000] (sentry,capmode)
Is aligned: 0
Is sealed: 1
Tag: 1, Perms: 68117, Type: fffffffffffffffe, Address: 467544, Base: 100000, End: 832000, Flags: 1,
Length: 732000, Offset: 367544

--
Executable: 2, Read: 4, Write: 0 invoke: 256
Capability: 0x3630bc [rxR,0x100000-0x832000] (sentry,capmode)
Is aligned: 0
Is sealed: 1
Tag: 1, Perms: 68117, Type: fffffffffffffffe, Address: 3630bc, Base: 100000, End: 832000, Flags: 1,
Length: 732000, Offset: 2630bc

--
Executable: 2, Read: 4, Write: 0 invoke: 256
Capability: 0x3518e2 [rxR,0x100000-0x832000] (sentry,capmode)
Is aligned: 0
Is sealed: 1
Tag: 1, Perms: 68117, Type: fffffffffffffffe, Address: 3518e2, Base: 100000, End: 832000, Flags: 1,
Length: 732000, Offset: 2518e2

--
Executable: 2, Read: 4, Write: 0 invoke: 256
Capability: 0x351770 [rxR,0x100000-0x832000] (sentry,capmode)
Is aligned: 1
Is sealed: 1
Tag: 1, Perms: 68117, Type: fffffffffffffffe, Address: 351770, Base: 100000, End: 832000, Flags: 1,
Length: 732000, Offset: 251770

--
Executable: 2, Read: 4, Write: 0 invoke: 256
Capability: 0x6b14c0 [rxR,0x100000-0x832000] (sentry,capmode)
Is aligned: 1
Is sealed: 1
Tag: 1, Perms: 68117, Type: fffffffffffffffe, Address: 6b14c0, Base: 100000, End: 832000, Flags: 1,
Length: 732000, Offset: 5b14c0

--
Executable: 2, Read: 4, Write: 0 invoke: 256
Capability: 0x4085743e [rxR,0x4083f000-0x40879000] (sentry,capmode)
Is aligned: 0
Is sealed: 1
Tag: 1, Perms: 68117, Type: fffffffffffffffe, Address: 4085743e, Base: 4083f000, End: 40879000, Flag
s: 1, Length: 3a000, Offset: 1843e

--
Executable: 2, Read: 0, Write: 8 invoke: 0
Capability: 0x55555555 [wxW,0x55552000-0x55552a00] (invalid,sealed,capmode)
Is aligned: 0
Is sealed: 1
Tag: 0, Perms: 20aeb, Type: 2667f, Address: 55555555, Base: 55552000, End: 55552a00, Flags: 1, Lengt
h: 0a00, Offset: 3555

--
Executable: 2, Read: 4, Write: 0 invoke: 256
Capability: 0x40a90c30 [rxR,0x40918000-0x40f30000] (sentry,capmode)
Is aligned: 1
Is sealed: 1
Tag: 1, Perms: 68117, Type: fffffffffffffffe, Address: 40a90c30, Base: 40918000, End: 40f30000, Flag
s: 1, Length: 618000, Offset: 178c30

--
Executable: 2, Read: 4, Write: 0 invoke: 256
Capability: 0x6b1410 [rxR,0x100000-0x832000] (sentry,capmode)
Is aligned: 1
Is sealed: 1
Tag: 1, Perms: 68117, Type: fffffffffffffffe, Address: 6b1410, Base: 100000, End: 832000, Flags: 1,
Length: 732000, Offset: 5b1410

--
Executable: 2, Read: 4, Write: 0 invoke: 256
Capability: 0x6243a2 [rxR,0x100000-0x832000] (invalid,sentry,capmode)
Is aligned: 0
Is sealed: 1
Tag: 0, Perms: 0117, Type: fffffffffffffffe, Address: 6243a2, Base: 100000, End: 832000, Flags: 1, L
ength: 732000, Offset: 5243a2

--
Executable: 2, Read: 4, Write: 0 invoke: 256
Capability: 0x11e06522c8b09f2 [rxR,0x11e06522c100000-0x11e06522c832000] (invalid,sentry,capmode)
Is aligned: 0
Is sealed: 1
Tag: 0, Perms: 68117, Type: fffffffffffffffe, Address: 11e06522c8b09f2, Base: 11e06522c100000, End:
11e06522c832000, Flags: 1, Length: 732000, Offset: 7b09f2

--
Executable: 2, Read: 4, Write: 0 invoke: 0
Capability: 0x362aa4 [rxR,0x100000-0x832000] (invalid,sentry,capmode)
Is aligned: 0
Is sealed: 1
Tag: 0, Perms: 0017, Type: fffffffffffffffe, Address: 362aa4, Base: 100000, End: 832000, Flags: 1, L
ength: 732000, Offset: 262aa4

--
Executable: 2, Read: 4, Write: 0 invoke: 256
Capability: 0x62396c [rxR,0x100000-0x832000] (sentry,capmode)
Is aligned: 0
Is sealed: 1
Tag: 1, Perms: 68117, Type: fffffffffffffffe, Address: 62396c, Base: 100000, End: 832000, Flags: 1,
Length: 732000, Offset: 52396c

--
Executable: 2, Read: 4, Write: 8 invoke: 256
Capability: 0x7780b000 [rwxRW,0x7780bfea-0x7780bff9] (invalid,sealed,capmode)
Is aligned: 1
Is sealed: 1
Tag: 0, Perms: 78fff, Type: 0, Address: 7780b000, Base: 7780bfea, End: 7780bff9, Flags: 1, Length: 0
00f, Offset: fffffffffffff016

--
Executable: 2, Read: 4, Write: 0 invoke: 256
Capability: 0x6154ee [rxR,0x100000-0x832000] (sentry,capmode)
Is aligned: 0
Is sealed: 1
Tag: 1, Perms: 68117, Type: fffffffffffffffe, Address: 6154ee, Base: 100000, End: 832000, Flags: 1,
Length: 732000, Offset: 5154ee

--
Executable: 2, Read: 4, Write: 0 invoke: 256
Capability: 0x658d56 [rxR,0x100000-0x832000] (sentry,capmode)
Is aligned: 0
Is sealed: 1
Tag: 1, Perms: 68117, Type: fffffffffffffffe, Address: 658d56, Base: 100000, End: 832000, Flags: 1,
Length: 732000, Offset: 558d56

--
Executable: 2, Read: 4, Write: 0 invoke: 256
Capability: 0x65626a [rxR,0x100000-0x832000] (sentry,capmode)
Is aligned: 0
Is sealed: 1
Tag: 1, Perms: 68117, Type: fffffffffffffffe, Address: 65626a, Base: 100000, End: 832000, Flags: 1,
Length: 732000, Offset: 55626a

--
Executable: 2, Read: 4, Write: 0 invoke: 256
Capability: 0x654bae [rxR,0x100000-0x832000] (sentry,capmode)
Is aligned: 0
Is sealed: 1
Tag: 1, Perms: 68117, Type: fffffffffffffffe, Address: 654bae, Base: 100000, End: 832000, Flags: 1,
Length: 732000, Offset: 554bae

--
Executable: 2, Read: 4, Write: 0 invoke: 256
Capability: 0x655aa0 [rxR,0x100000-0x832000] (sentry,capmode)
Is aligned: 1
Is sealed: 1
Tag: 1, Perms: 68117, Type: fffffffffffffffe, Address: 655aa0, Base: 100000, End: 832000, Flags: 1,
Length: 732000, Offset: 555aa0

--
Executable: 2, Read: 4, Write: 0 invoke: 256
Capability: 0x6dd74e [rxR,0x100000-0x832000] (sentry,capmode)
Is aligned: 0
Is sealed: 1
Tag: 1, Perms: 68117, Type: fffffffffffffffe, Address: 6dd74e, Base: 100000, End: 832000, Flags: 1,
Length: 732000, Offset: 5dd74e

--
Executable: 2, Read: 4, Write: 0 invoke: 256
Capability: 0x6edb38 [rxR,0x100000-0x832000] (sentry,capmode)
Is aligned: 0
Is sealed: 1
Tag: 1, Perms: 68117, Type: fffffffffffffffe, Address: 6edb38, Base: 100000, End: 832000, Flags: 1,
Length: 732000, Offset: 5edb38

--
Executable: 2, Read: 4, Write: 0 invoke: 256
Capability: 0x4081df7a [rxR,0x4080c000-0x40834600] (invalid,sentry,capmode)
Is aligned: 0
Is sealed: 1
Tag: 0, Perms: 0117, Type: fffffffffffffffe, Address: 4081df7a, Base: 4080c000, End: 40834600, Flags
: 1, Length: 28600, Offset: 11f7a

--
Executable: 2, Read: 4, Write: 0 invoke: 256
Capability: 0x3 [rxR,0x100000-0x832000] (invalid,sentry,capmode)
Is aligned: 0
Is sealed: 1
Tag: 0, Perms: 0117, Type: fffffffffffffffe, Address: 0003, Base: 100000, End: 832000, Flags: 1, Len
gth: 732000, Offset: fffffffffff00003

--
Executable: 2, Read: 4, Write: 0 invoke: 256
Capability: 0x6aa3e6 [rxR,0x100000-0x832000] (sentry,capmode)
Is aligned: 0
Is sealed: 1
Tag: 1, Perms: 68117, Type: fffffffffffffffe, Address: 6aa3e6, Base: 100000, End: 832000, Flags: 1,
Length: 732000, Offset: 5aa3e6

--
Executable: 2, Read: 4, Write: 0 invoke: 256
Capability: 0x6f2d56 [rxR,0x100000-0x832000] (sentry,capmode)
Is aligned: 0
Is sealed: 1
Tag: 1, Perms: 68117, Type: fffffffffffffffe, Address: 6f2d56, Base: 100000, End: 832000, Flags: 1,
Length: 732000, Offset: 5f2d56

--
Executable: 2, Read: 4, Write: 0 invoke: 256
Capability: 0x476b70 [rxR,0x100000-0x832000] (sentry,capmode)
Is aligned: 1
Is sealed: 1
Tag: 1, Perms: 68117, Type: fffffffffffffffe, Address: 476b70, Base: 100000, End: 832000, Flags: 1,
Length: 732000, Offset: 376b70

--
Executable: 2, Read: 4, Write: 0 invoke: 256
Capability: 0x6ca07e [rxR,0x100000-0x832000] (sentry,capmode)
Is aligned: 0
Is sealed: 1
Tag: 1, Perms: 68117, Type: fffffffffffffffe, Address: 6ca07e, Base: 100000, End: 832000, Flags: 1,
Length: 732000, Offset: 5ca07e

--
Executable: 2, Read: 4, Write: 0 invoke: 256
Capability: 0x6adde2 [rxR,0x100000-0x832000] (sentry,capmode)
Is aligned: 0
Is sealed: 1
Tag: 1, Perms: 68117, Type: fffffffffffffffe, Address: 6adde2, Base: 100000, End: 832000, Flags: 1,
Length: 732000, Offset: 5adde2

--
Executable: 2, Read: 4, Write: 0 invoke: 256
Capability: 0x34ef8c [rxR,0x100000-0x832000] (sentry,capmode)
Is aligned: 0
Is sealed: 1
Tag: 1, Perms: 68117, Type: fffffffffffffffe, Address: 34ef8c, Base: 100000, End: 832000, Flags: 1,
Length: 732000, Offset: 24ef8c

--
Executable: 2, Read: 4, Write: 0 invoke: 256
Capability: 0x6add36 [rxR,0x100000-0x832000] (sentry,capmode)
Is aligned: 0
Is sealed: 1
Tag: 1, Perms: 68117, Type: fffffffffffffffe, Address: 6add36, Base: 100000, End: 832000, Flags: 1,
Length: 732000, Offset: 5add36

--
Executable: 2, Read: 4, Write: 0 invoke: 256
Capability: 0x6c7c48 [rxR,0x100000-0x832000] (sentry,capmode)
Is aligned: 0
Is sealed: 1
Tag: 1, Perms: 68117, Type: fffffffffffffffe, Address: 6c7c48, Base: 100000, End: 832000, Flags: 1,
Length: 732000, Offset: 5c7c48

Executable: 2, Read: 4, Write: 0 invoke: 256
Capability: 0x6ca300 [rxR,0x100000-0x832000] (sentry,capmode)
Is aligned: 1
Is sealed: 1
Tag: 1, Perms: 68117, Type: fffffffffffffffe, Address: 6ca300, Base: 100000, End: 832000, Flags: 1,
Length: 732000, Offset: 5ca300

--
Executable: 2, Read: 4, Write: 0 invoke: 256
Capability: 0x6ca1fa [rxR,0x100000-0x832000] (sentry,capmode)
Is aligned: 0
Is sealed: 1
Tag: 1, Perms: 68117, Type: fffffffffffffffe, Address: 6ca1fa, Base: 100000, End: 832000, Flags: 1,
Length: 732000, Offset: 5ca1fa

Executable: 2, Read: 4, Write: 0 invoke: 256
Capability: 0x45085c [rxR,0x100000-0x832000] (sentry,capmode)
Is aligned: 0
Is sealed: 1
Tag: 1, Perms: 68117, Type: fffffffffffffffe, Address: 45085c, Base: 100000, End: 832000, Flags: 1,
Length: 732000, Offset: 35085c

--
Executable: 2, Read: 4, Write: 0 invoke: 256
Capability: 0x34ef8c [rxR,0x100000-0x832000] (sentry,capmode)
Is aligned: 0
Is sealed: 1
Tag: 1, Perms: 68117, Type: fffffffffffffffe, Address: 34ef8c, Base: 100000, End: 832000, Flags: 1,
Length: 732000, Offset: 24ef8c

--
Executable: 2, Read: 4, Write: 0 invoke: 256
Capability: 0x45080a [rxR,0x100000-0x832000] (sentry,capmode)
Is aligned: 0
Is sealed: 1
Tag: 1, Perms: 68117, Type: fffffffffffffffe, Address: 45080a, Base: 100000, End: 832000, Flags: 1,
Length: 732000, Offset: 35080a

--
Executable: 2, Read: 4, Write: 0 invoke: 256
Capability: 0x44fc40 [rxR,0x100000-0x832000] (sentry,capmode)
Is aligned: 1
Is sealed: 1
Tag: 1, Perms: 68117, Type: fffffffffffffffe, Address: 44fc40, Base: 100000, End: 832000, Flags: 1,
Length: 732000, Offset: 34fc40

--
Executable: 2, Read: 4, Write: 0 invoke: 256
Capability: 0x450748 [rxR,0x100000-0x832000] (sentry,capmode)
Is aligned: 0
Is sealed: 1
Tag: 1, Perms: 68117, Type: fffffffffffffffe, Address: 450748, Base: 100000, End: 832000, Flags: 1,
Length: 732000, Offset: 350748

--
Executable: 2, Read: 4, Write: 0 invoke: 256
Capability: 0x34f04e [rxR,0x100000-0x832000] (sentry,capmode)
Is aligned: 0
Is sealed: 1
Tag: 1, Perms: 68117, Type: fffffffffffffffe, Address: 34f04e, Base: 100000, End: 832000, Flags: 1,
Length: 732000, Offset: 24f04e

Executable: 2, Read: 4, Write: 0 invoke: 256
Capability: 0x5f97d8 [rxR,0x100000-0x832000] (sentry,capmode)
Is aligned: 0
Is sealed: 1
Tag: 1, Perms: 68117, Type: fffffffffffffffe, Address: 5f97d8, Base: 100000, End: 832000, Flags: 1,
Length: 732000, Offset: 4f97d8

--
Executable: 2, Read: 4, Write: 0 invoke: 256
Capability: 0x34f004 [rxR,0x100000-0x832000] (sentry,capmode)
Is aligned: 0
Is sealed: 1
Tag: 1, Perms: 68117, Type: fffffffffffffffe, Address: 34f004, Base: 100000, End: 832000, Flags: 1,
Length: 732000, Offset: 24f004

--
Executable: 2, Read: 4, Write: 0 invoke: 256
Capability: 0x409c3bee [rxR,0x40918000-0x40f30000] (sentry,capmode)
Is aligned: 0
Is sealed: 1
Tag: 1, Perms: 68117, Type: fffffffffffffffe, Address: 409c3bee, Base: 40918000, End: 40f30000, Flag
s: 1, Length: 618000, Offset: abbee

--
Executable: 2, Read: 4, Write: 0 invoke: 256
Capability: 0x34ef58 [rxR,0x100000-0x832000] (sentry,capmode)
Is aligned: 0
Is sealed: 1
Tag: 1, Perms: 68117, Type: fffffffffffffffe, Address: 34ef58, Base: 100000, End: 832000, Flags: 1,
Length: 732000, Offset: 24ef58

Executable: 2, Read: 4, Write: 0 invoke: 256
Capability: 0x4081756c [rxR,0x4080c000-0x40834600] (sentry,capmode)
Is aligned: 0
Is sealed: 1
Tag: 1, Perms: 68117, Type: fffffffffffffffe, Address: 4081756c, Base: 4080c000, End: 40834600, Flag
s: 1, Length: 28600, Offset: b56c

--
Executable: 2, Read: 4, Write: 0 invoke: 256
Capability: 0x34ef8c [rxR,0x100000-0x832000] (sentry,capmode)
Is aligned: 0
Is sealed: 1
Tag: 1, Perms: 68117, Type: fffffffffffffffe, Address: 34ef8c, Base: 100000, End: 832000, Flags: 1,
Length: 732000, Offset: 24ef8c

--
Executable: 2, Read: 4, Write: 0 invoke: 256
Capability: 0x46b564 [rxR,0x100000-0x832000] (sentry,capmode)
Is aligned: 0
Is sealed: 1
Tag: 1, Perms: 68117, Type: fffffffffffffffe, Address: 46b564, Base: 100000, End: 832000, Flags: 1,
Length: 732000, Offset: 36b564

--
Executable: 2, Read: 4, Write: 0 invoke: 256
Capability: 0x46b922 [rxR,0x100000-0x832000] (sentry,capmode)
Is aligned: 0
Is sealed: 1
Tag: 1, Perms: 68117, Type: fffffffffffffffe, Address: 46b922, Base: 100000, End: 832000, Flags: 1,
Length: 732000, Offset: 36b922

--
Executable: 2, Read: 4, Write: 0 invoke: 256
Capability: 0x4784f4 [rxR,0x100000-0x832000] (sentry,capmode)
Is aligned: 0
Is sealed: 1
Tag: 1, Perms: 68117, Type: fffffffffffffffe, Address: 4784f4, Base: 100000, End: 832000, Flags: 1,
Length: 732000, Offset: 3784f4

--
Executable: 2, Read: 4, Write: 0 invoke: 256
Capability: 0x47f658 [rxR,0x100000-0x832000] (sentry,capmode)
Is aligned: 0
Is sealed: 1
Tag: 1, Perms: 68117, Type: fffffffffffffffe, Address: 47f658, Base: 100000, End: 832000, Flags: 1,
Length: 732000, Offset: 37f658

--
Executable: 2, Read: 4, Write: 0 invoke: 256
Capability: 0x477ba4 [rxR,0x100000-0x832000] (sentry,capmode)
Is aligned: 0
Is sealed: 1
Tag: 1, Perms: 68117, Type: fffffffffffffffe, Address: 477ba4, Base: 100000, End: 832000, Flags: 1,
Length: 732000, Offset: 377ba4

--
Executable: 2, Read: 4, Write: 0 invoke: 256
Capability: 0x47f21c [rxR,0x100000-0x832000] (sentry,capmode)
Is aligned: 0
Is sealed: 1
Tag: 1, Perms: 68117, Type: fffffffffffffffe, Address: 47f21c, Base: 100000, End: 832000, Flags: 1,
Length: 732000, Offset: 37f21c

--
Executable: 2, Read: 4, Write: 0 invoke: 256
Capability: 0x47e68c [rxR,0x100000-0x832000] (sentry,capmode)
Is aligned: 0
Is sealed: 1
Tag: 1, Perms: 68117, Type: fffffffffffffffe, Address: 47e68c, Base: 100000, End: 832000, Flags: 1,
Length: 732000, Offset: 37e68c

Executable: 2, Read: 4, Write: 0 invoke: 256
Capability: 0x4773fc [rxR,0x100000-0x832000] (sentry,capmode)
Is aligned: 0
Is sealed: 1
Tag: 1, Perms: 68117, Type: fffffffffffffffe, Address: 4773fc, Base: 100000, End: 832000, Flags: 1,
Length: 732000, Offset: 3773fc

--
Executable: 2, Read: 4, Write: 0 invoke: 256
Capability: 0x47e096 [rxR,0x100000-0x832000] (sentry,capmode)
Is aligned: 0
Is sealed: 1
Tag: 1, Perms: 68117, Type: fffffffffffffffe, Address: 47e096, Base: 100000, End: 832000, Flags: 1,
Length: 732000, Offset: 37e096

Executable: 2, Read: 4, Write: 0 invoke: 256
Capability: 0x47743a [rxR,0x100000-0x832000] (sentry,capmode)
Is aligned: 0
Is sealed: 1
Tag: 1, Perms: 68117, Type: fffffffffffffffe, Address: 47743a, Base: 100000, End: 832000, Flags: 1,
Length: 732000, Offset: 37743a

Executable: 2, Read: 4, Write: 0 invoke: 256
Capability: 0x465e98 [rxR,0x100000-0x832000] (sentry,capmode)
Is aligned: 0
Is sealed: 1
Tag: 1, Perms: 68117, Type: fffffffffffffffe, Address: 465e98, Base: 100000, End: 832000, Flags: 1,
Length: 732000, Offset: 365e98

Executable: 2, Read: 4, Write: 0 invoke: 256
Capability: 0x4772bc [rxR,0x100000-0x832000] (sentry,capmode)
Is aligned: 0
Is sealed: 1
Tag: 1, Perms: 68117, Type: fffffffffffffffe, Address: 4772bc, Base: 100000, End: 832000, Flags: 1,
Length: 732000, Offset: 3772bc

--
Executable: 2, Read: 4, Write: 0 invoke: 256
Capability: 0x476c6e [rxR,0x100000-0x832000] (sentry,capmode)
Is aligned: 0
Is sealed: 1
Tag: 1, Perms: 68117, Type: fffffffffffffffe, Address: 476c6e, Base: 100000, End: 832000, Flags: 1,
Length: 732000, Offset: 376c6e

--
Executable: 2, Read: 4, Write: 0 invoke: 256
Capability: 0x476ace [rxR,0x100000-0x832000] (sentry,capmode)
Is aligned: 0
Is sealed: 1
Tag: 1, Perms: 68117, Type: fffffffffffffffe, Address: 476ace, Base: 100000, End: 832000, Flags: 1,
Length: 732000, Offset: 376ace

--
Executable: 2, Read: 4, Write: 0 invoke: 256
Capability: 0x46742c [rxR,0x100000-0x832000] (sentry,capmode)
Is aligned: 0
Is sealed: 1
Tag: 1, Perms: 68117, Type: fffffffffffffffe, Address: 46742c, Base: 100000, End: 832000, Flags: 1,
Length: 732000, Offset: 36742c

--
Executable: 2, Read: 4, Write: 0 invoke: 256
Capability: 0x6e0d20 [rxR,0x100000-0x832000] (sentry,capmode)
Is aligned: 1
Is sealed: 1
Tag: 1, Perms: 68117, Type: fffffffffffffffe, Address: 6e0d20, Base: 100000, End: 832000, Flags: 1,
Length: 732000, Offset: 5e0d20

--
Executable: 2, Read: 4, Write: 0 invoke: 256
Capability: 0x467544 [rxR,0x100000-0x832000] (sentry,capmode)
Is aligned: 0
Is sealed: 1
Tag: 1, Perms: 68117, Type: fffffffffffffffe, Address: 467544, Base: 100000, End: 832000, Flags: 1,
Length: 732000, Offset: 367544

--
Executable: 2, Read: 4, Write: 0 invoke: 256
Capability: 0x3630bc [rxR,0x100000-0x832000] (sentry,capmode)
Is aligned: 0
Is sealed: 1
Tag: 1, Perms: 68117, Type: fffffffffffffffe, Address: 3630bc, Base: 100000, End: 832000, Flags: 1,
Length: 732000, Offset: 2630bc

--
Executable: 2, Read: 4, Write: 0 invoke: 256
Capability: 0x3518e2 [rxR,0x100000-0x832000] (sentry,capmode)
Is aligned: 0
Is sealed: 1
Tag: 1, Perms: 68117, Type: fffffffffffffffe, Address: 3518e2, Base: 100000, End: 832000, Flags: 1,
Length: 732000, Offset: 2518e2

--
Executable: 2, Read: 4, Write: 0 invoke: 256
Capability: 0x351770 [rxR,0x100000-0x832000] (sentry,capmode)
Is aligned: 1
Is sealed: 1
Tag: 1, Perms: 68117, Type: fffffffffffffffe, Address: 351770, Base: 100000, End: 832000, Flags: 1,
Length: 732000, Offset: 251770

--
Executable: 2, Read: 4, Write: 0 invoke: 256
Capability: 0x6b14c0 [rxR,0x100000-0x832000] (sentry,capmode)
Is aligned: 1
Is sealed: 1
Tag: 1, Perms: 68117, Type: fffffffffffffffe, Address: 6b14c0, Base: 100000, End: 832000, Flags: 1,
Length: 732000, Offset: 5b14c0

--
Executable: 2, Read: 4, Write: 0 invoke: 256
Capability: 0x4085743e [rxR,0x4083f000-0x40879000] (sentry,capmode)
Is aligned: 0
Is sealed: 1
Tag: 1, Perms: 68117, Type: fffffffffffffffe, Address: 4085743e, Base: 4083f000, End: 40879000, Flag
s: 1, Length: 3a000, Offset: 1843e

--
Executable: 2, Read: 0, Write: 8 invoke: 0
Capability: 0x55555555 [wxW,0x55552000-0x55552a00] (invalid,sealed,capmode)
Is aligned: 0
Is sealed: 1
Tag: 0, Perms: 20aeb, Type: 2667f, Address: 55555555, Base: 55552000, End: 55552a00, Flags: 1, Lengt
h: 0a00, Offset: 3555

--
Executable: 2, Read: 4, Write: 0 invoke: 256
Capability: 0x40a90c30 [rxR,0x40918000-0x40f30000] (sentry,capmode)
Is aligned: 1
Is sealed: 1
Tag: 1, Perms: 68117, Type: fffffffffffffffe, Address: 40a90c30, Base: 40918000, End: 40f30000, Flag
s: 1, Length: 618000, Offset: 178c30

--
Executable: 2, Read: 4, Write: 0 invoke: 256
Capability: 0x6b1410 [rxR,0x100000-0x832000] (sentry,capmode)
Is aligned: 1
Is sealed: 1
Tag: 1, Perms: 68117, Type: fffffffffffffffe, Address: 6b1410, Base: 100000, End: 832000, Flags: 1,
Length: 732000, Offset: 5b1410

--
Executable: 2, Read: 4, Write: 0 invoke: 256
Capability: 0x6243a2 [rxR,0x100000-0x832000] (invalid,sentry,capmode)
Is aligned: 0
Is sealed: 1
Tag: 0, Perms: 0117, Type: fffffffffffffffe, Address: 6243a2, Base: 100000, End: 832000, Flags: 1, L
ength: 732000, Offset: 5243a2

--
Executable: 2, Read: 4, Write: 0 invoke: 256
Capability: 0x11e06522c8b09f2 [rxR,0x11e06522c100000-0x11e06522c832000] (invalid,sentry,capmode)
Is aligned: 0
Is sealed: 1
Tag: 0, Perms: 68117, Type: fffffffffffffffe, Address: 11e06522c8b09f2, Base: 11e06522c100000, End:
11e06522c832000, Flags: 1, Length: 732000, Offset: 7b09f2

--
Executable: 2, Read: 4, Write: 0 invoke: 0
Capability: 0x362aa4 [rxR,0x100000-0x832000] (invalid,sentry,capmode)
Is aligned: 0
Is sealed: 1
Tag: 0, Perms: 0017, Type: fffffffffffffffe, Address: 362aa4, Base: 100000, End: 832000, Flags: 1, L
ength: 732000, Offset: 262aa4

--
Executable: 2, Read: 4, Write: 0 invoke: 256
Capability: 0x62396c [rxR,0x100000-0x832000] (sentry,capmode)
Is aligned: 0
Is sealed: 1
Tag: 1, Perms: 68117, Type: fffffffffffffffe, Address: 62396c, Base: 100000, End: 832000, Flags: 1,
Length: 732000, Offset: 52396c

--
Executable: 2, Read: 4, Write: 8 invoke: 256
Capability: 0x7780b000 [rwxRW,0x7780bfea-0x7780bff9] (invalid,sealed,capmode)
Is aligned: 1
Is sealed: 1
Tag: 0, Perms: 78fff, Type: 0, Address: 7780b000, Base: 7780bfea, End: 7780bff9, Flags: 1, Length: 0
00f, Offset: fffffffffffff016

--
Executable: 2, Read: 4, Write: 0 invoke: 256
Capability: 0x6154ee [rxR,0x100000-0x832000] (sentry,capmode)
Is aligned: 0
Is sealed: 1
Tag: 1, Perms: 68117, Type: fffffffffffffffe, Address: 6154ee, Base: 100000, End: 832000, Flags: 1,
Length: 732000, Offset: 5154ee

--
Executable: 2, Read: 4, Write: 0 invoke: 256
Capability: 0x658d56 [rxR,0x100000-0x832000] (sentry,capmode)
Is aligned: 0
Is sealed: 1
Tag: 1, Perms: 68117, Type: fffffffffffffffe, Address: 658d56, Base: 100000, End: 832000, Flags: 1,
Length: 732000, Offset: 558d56

--
Executable: 2, Read: 4, Write: 0 invoke: 256
Capability: 0x65626a [rxR,0x100000-0x832000] (sentry,capmode)
Is aligned: 0
Is sealed: 1
Tag: 1, Perms: 68117, Type: fffffffffffffffe, Address: 65626a, Base: 100000, End: 832000, Flags: 1,
Length: 732000, Offset: 55626a

--
Executable: 2, Read: 4, Write: 0 invoke: 256
Capability: 0x654bae [rxR,0x100000-0x832000] (sentry,capmode)
Is aligned: 0
Is sealed: 1
Tag: 1, Perms: 68117, Type: fffffffffffffffe, Address: 654bae, Base: 100000, End: 832000, Flags: 1,
Length: 732000, Offset: 554bae

--
Executable: 2, Read: 4, Write: 0 invoke: 256
Capability: 0x655aa0 [rxR,0x100000-0x832000] (sentry,capmode)
Is aligned: 1
Is sealed: 1
Tag: 1, Perms: 68117, Type: fffffffffffffffe, Address: 655aa0, Base: 100000, End: 832000, Flags: 1,
Length: 732000, Offset: 555aa0

--
Executable: 2, Read: 4, Write: 0 invoke: 256
Capability: 0x6dd74e [rxR,0x100000-0x832000] (sentry,capmode)
Is aligned: 0
Is sealed: 1
Tag: 1, Perms: 68117, Type: fffffffffffffffe, Address: 6dd74e, Base: 100000, End: 832000, Flags: 1,
Length: 732000, Offset: 5dd74e

--
Executable: 2, Read: 4, Write: 0 invoke: 256
Capability: 0x6edb38 [rxR,0x100000-0x832000] (sentry,capmode)
Is aligned: 0
Is sealed: 1
Tag: 1, Perms: 68117, Type: fffffffffffffffe, Address: 6edb38, Base: 100000, End: 832000, Flags: 1,
Length: 732000, Offset: 5edb38

--
Executable: 2, Read: 4, Write: 0 invoke: 256
Capability: 0x4081df7a [rxR,0x4080c000-0x40834600] (invalid,sentry,capmode)
Is aligned: 0
Is sealed: 1
Tag: 0, Perms: 0117, Type: fffffffffffffffe, Address: 4081df7a, Base: 4080c000, End: 40834600, Flags
: 1, Length: 28600, Offset: 11f7a

--
Executable: 2, Read: 4, Write: 0 invoke: 256
Capability: 0x3 [rxR,0x100000-0x832000] (invalid,sentry,capmode)
Is aligned: 0
Is sealed: 1
Tag: 0, Perms: 0117, Type: fffffffffffffffe, Address: 0003, Base: 100000, End: 832000, Flags: 1, Len
gth: 732000, Offset: fffffffffff00003

--
Executable: 2, Read: 4, Write: 0 invoke: 256
Capability: 0x6aa3e6 [rxR,0x100000-0x832000] (sentry,capmode)
Is aligned: 0
Is sealed: 1
Tag: 1, Perms: 68117, Type: fffffffffffffffe, Address: 6aa3e6, Base: 100000, End: 832000, Flags: 1,
Length: 732000, Offset: 5aa3e6

--
Executable: 2, Read: 4, Write: 0 invoke: 256
Capability: 0x6f2d56 [rxR,0x100000-0x832000] (sentry,capmode)
Is aligned: 0
Is sealed: 1
Tag: 1, Perms: 68117, Type: fffffffffffffffe, Address: 6f2d56, Base: 100000, End: 832000, Flags: 1,
Length: 732000, Offset: 5f2d56

--
Executable: 2, Read: 4, Write: 0 invoke: 256
Capability: 0x476b70 [rxR,0x100000-0x832000] (sentry,capmode)
Is aligned: 1
Is sealed: 1
Tag: 1, Perms: 68117, Type: fffffffffffffffe, Address: 476b70, Base: 100000, End: 832000, Flags: 1,
Length: 732000, Offset: 376b70

--
Executable: 2, Read: 4, Write: 0 invoke: 256
Capability: 0x6ca07e [rxR,0x100000-0x832000] (sentry,capmode)
Is aligned: 0
Is sealed: 1
Tag: 1, Perms: 68117, Type: fffffffffffffffe, Address: 6ca07e, Base: 100000, End: 832000, Flags: 1,
Length: 732000, Offset: 5ca07e

--
Executable: 2, Read: 4, Write: 0 invoke: 256
Capability: 0x6adde2 [rxR,0x100000-0x832000] (sentry,capmode)
Is aligned: 0
Is sealed: 1
Tag: 1, Perms: 68117, Type: fffffffffffffffe, Address: 6adde2, Base: 100000, End: 832000, Flags: 1,
Length: 732000, Offset: 5adde2

--
Executable: 2, Read: 4, Write: 0 invoke: 256
Capability: 0x34ef8c [rxR,0x100000-0x832000] (sentry,capmode)
Is aligned: 0
Is sealed: 1
Tag: 1, Perms: 68117, Type: fffffffffffffffe, Address: 34ef8c, Base: 100000, End: 832000, Flags: 1,
Length: 732000, Offset: 24ef8c

--
Executable: 2, Read: 4, Write: 0 invoke: 256
Capability: 0x6add36 [rxR,0x100000-0x832000] (sentry,capmode)
Is aligned: 0
Is sealed: 1
Tag: 1, Perms: 68117, Type: fffffffffffffffe, Address: 6add36, Base: 100000, End: 832000, Flags: 1,
Length: 732000, Offset: 5add36

--
Executable: 2, Read: 4, Write: 0 invoke: 256
Capability: 0x6c7c48 [rxR,0x100000-0x832000] (sentry,capmode)
Is aligned: 0
Is sealed: 1
Tag: 1, Perms: 68117, Type: fffffffffffffffe, Address: 6c7c48, Base: 100000, End: 832000, Flags: 1,
Length: 732000, Offset: 5c7c48

Executable: 2, Read: 4, Write: 0 invoke: 256
Capability: 0x6ca300 [rxR,0x100000-0x832000] (sentry,capmode)
Is aligned: 1
Is sealed: 1
Tag: 1, Perms: 68117, Type: fffffffffffffffe, Address: 6ca300, Base: 100000, End: 832000, Flags: 1,
Length: 732000, Offset: 5ca300

--
Executable: 2, Read: 4, Write: 0 invoke: 256
Capability: 0x6ca1fa [rxR,0x100000-0x832000] (sentry,capmode)
Is aligned: 0
Is sealed: 1
Tag: 1, Perms: 68117, Type: fffffffffffffffe, Address: 6ca1fa, Base: 100000, End: 832000, Flags: 1,
Length: 732000, Offset: 5ca1fa

Executable: 2, Read: 4, Write: 0 invoke: 256
Capability: 0x45085c [rxR,0x100000-0x832000] (sentry,capmode)
Is aligned: 0
Is sealed: 1
Tag: 1, Perms: 68117, Type: fffffffffffffffe, Address: 45085c, Base: 100000, End: 832000, Flags: 1,
Length: 732000, Offset: 35085c

--
Executable: 2, Read: 4, Write: 0 invoke: 256
Capability: 0x34ef8c [rxR,0x100000-0x832000] (sentry,capmode)
Is aligned: 0
Is sealed: 1
Tag: 1, Perms: 68117, Type: fffffffffffffffe, Address: 34ef8c, Base: 100000, End: 832000, Flags: 1,
Length: 732000, Offset: 24ef8c

--
Executable: 2, Read: 4, Write: 0 invoke: 256
Capability: 0x45080a [rxR,0x100000-0x832000] (sentry,capmode)
Is aligned: 0
Is sealed: 1
Tag: 1, Perms: 68117, Type: fffffffffffffffe, Address: 45080a, Base: 100000, End: 832000, Flags: 1,
Length: 732000, Offset: 35080a

--
Executable: 2, Read: 4, Write: 0 invoke: 256
Capability: 0x44fc40 [rxR,0x100000-0x832000] (sentry,capmode)
Is aligned: 1
Is sealed: 1
Tag: 1, Perms: 68117, Type: fffffffffffffffe, Address: 44fc40, Base: 100000, End: 832000, Flags: 1,
Length: 732000, Offset: 34fc40

--
Executable: 2, Read: 4, Write: 0 invoke: 256
Capability: 0x450748 [rxR,0x100000-0x832000] (sentry,capmode)
Is aligned: 0
Is sealed: 1
Tag: 1, Perms: 68117, Type: fffffffffffffffe, Address: 450748, Base: 100000, End: 832000, Flags: 1,
Length: 732000, Offset: 350748

--
Executable: 2, Read: 4, Write: 0 invoke: 256
Capability: 0x34f04e [rxR,0x100000-0x832000] (sentry,capmode)
Is aligned: 0
Is sealed: 1
Tag: 1, Perms: 68117, Type: fffffffffffffffe, Address: 34f04e, Base: 100000, End: 832000, Flags: 1,
Length: 732000, Offset: 24f04e

Executable: 2, Read: 4, Write: 0 invoke: 256
Capability: 0x5f97d8 [rxR,0x100000-0x832000] (sentry,capmode)
Is aligned: 0
Is sealed: 1
Tag: 1, Perms: 68117, Type: fffffffffffffffe, Address: 5f97d8, Base: 100000, End: 832000, Flags: 1,
Length: 732000, Offset: 4f97d8

--
Executable: 2, Read: 4, Write: 0 invoke: 256
Capability: 0x34f004 [rxR,0x100000-0x832000] (sentry,capmode)
Is aligned: 0
Is sealed: 1
Tag: 1, Perms: 68117, Type: fffffffffffffffe, Address: 34f004, Base: 100000, End: 832000, Flags: 1,
Length: 732000, Offset: 24f004

--
Executable: 2, Read: 4, Write: 0 invoke: 256
Capability: 0x409c3bee [rxR,0x40918000-0x40f30000] (sentry,capmode)
Is aligned: 0
Is sealed: 1
Tag: 1, Perms: 68117, Type: fffffffffffffffe, Address: 409c3bee, Base: 40918000, End: 40f30000, Flag
s: 1, Length: 618000, Offset: abbee

--
Executable: 2, Read: 4, Write: 0 invoke: 256
Capability: 0x34ef58 [rxR,0x100000-0x832000] (sentry,capmode)
Is aligned: 0
Is sealed: 1
Tag: 1, Perms: 68117, Type: fffffffffffffffe, Address: 34ef58, Base: 100000, End: 832000, Flags: 1,
Length: 732000, Offset: 24ef58

Executable: 2, Read: 4, Write: 0 invoke: 256
Capability: 0x4081756c [rxR,0x4080c000-0x40834600] (sentry,capmode)
Is aligned: 0
Is sealed: 1
Tag: 1, Perms: 68117, Type: fffffffffffffffe, Address: 4081756c, Base: 4080c000, End: 40834600, Flag
s: 1, Length: 28600, Offset: b56c

--
Executable: 2, Read: 4, Write: 0 invoke: 256
Capability: 0x34ef8c [rxR,0x100000-0x832000] (sentry,capmode)
Is aligned: 0
Is sealed: 1
Tag: 1, Perms: 68117, Type: fffffffffffffffe, Address: 34ef8c, Base: 100000, End: 832000, Flags: 1,
Length: 732000, Offset: 24ef8c

--
Executable: 2, Read: 4, Write: 0 invoke: 256
Capability: 0x46b564 [rxR,0x100000-0x832000] (sentry,capmode)
Is aligned: 0
Is sealed: 1
Tag: 1, Perms: 68117, Type: fffffffffffffffe, Address: 46b564, Base: 100000, End: 832000, Flags: 1,
Length: 732000, Offset: 36b564

--
Executable: 2, Read: 4, Write: 0 invoke: 256
Capability: 0x46b922 [rxR,0x100000-0x832000] (sentry,capmode)
Is aligned: 0
Is sealed: 1
Tag: 1, Perms: 68117, Type: fffffffffffffffe, Address: 46b922, Base: 100000, End: 832000, Flags: 1,
Length: 732000, Offset: 36b922

--
Executable: 2, Read: 4, Write: 0 invoke: 256
Capability: 0x4784f4 [rxR,0x100000-0x832000] (sentry,capmode)
Is aligned: 0
Is sealed: 1
Tag: 1, Perms: 68117, Type: fffffffffffffffe, Address: 4784f4, Base: 100000, End: 832000, Flags: 1,
Length: 732000, Offset: 3784f4

--
Executable: 2, Read: 4, Write: 0 invoke: 256
Capability: 0x47f658 [rxR,0x100000-0x832000] (sentry,capmode)
Is aligned: 0
Is sealed: 1
Tag: 1, Perms: 68117, Type: fffffffffffffffe, Address: 47f658, Base: 100000, End: 832000, Flags: 1,
Length: 732000, Offset: 37f658

Executable: 2, Read: 4, Write: 0 invoke: 256
Capability: 0x477ba4 [rxR,0x100000-0x832000] (sentry,capmode)
Is aligned: 0
Is sealed: 1
Tag: 1, Perms: 68117, Type: fffffffffffffffe, Address: 477ba4, Base: 100000, End: 832000, Flags: 1,
Length: 732000, Offset: 377ba4

--
Executable: 2, Read: 4, Write: 0 invoke: 256
Capability: 0x47f21c [rxR,0x100000-0x832000] (sentry,capmode)
Is aligned: 0
Is sealed: 1
Tag: 1, Perms: 68117, Type: fffffffffffffffe, Address: 47f21c, Base: 100000, End: 832000, Flags: 1,
Length: 732000, Offset: 37f21c

--
Executable: 2, Read: 4, Write: 0 invoke: 256
Capability: 0x47e68c [rxR,0x100000-0x832000] (sentry,capmode)
Is aligned: 0
Is sealed: 1
Tag: 1, Perms: 68117, Type: fffffffffffffffe, Address: 47e68c, Base: 100000, End: 832000, Flags: 1,
Length: 732000, Offset: 37e68c

--
Executable: 2, Read: 4, Write: 0 invoke: 256
Capability: 0x47fbca [rxR,0x100000-0x832000] (sentry,capmode)
Is aligned: 0
Is sealed: 1
Tag: 1, Perms: 68117, Type: fffffffffffffffe, Address: 47fbca, Base: 100000, End: 832000, Flags: 1,
Length: 732000, Offset: 37fbca

--
Executable: 2, Read: 4, Write: 0 invoke: 256
Capability: 0x46eca2 [rxR,0x100000-0x832000] (sentry,capmode)
Is aligned: 0
Is sealed: 1
Tag: 1, Perms: 68117, Type: fffffffffffffffe, Address: 46eca2, Base: 100000, End: 832000, Flags: 1,
Length: 732000, Offset: 36eca2

--
Executable: 2, Read: 4, Write: 0 invoke: 256
Capability: 0x47379e [rxR,0x100000-0x832000] (sentry,capmode)
Is aligned: 0
Is sealed: 1
Tag: 1, Perms: 68117, Type: fffffffffffffffe, Address: 47379e, Base: 100000, End: 832000, Flags: 1,
Length: 732000, Offset: 37379e

--
Executable: 2, Read: 4, Write: 0 invoke: 256
Capability: 0x6e9964 [rxR,0x100000-0x832000] (sentry,capmode)
Is aligned: 0
Is sealed: 1
Tag: 1, Perms: 68117, Type: fffffffffffffffe, Address: 6e9964, Base: 100000, End: 832000, Flags: 1,
Length: 732000, Offset: 5e9964

Executable: 2, Read: 4, Write: 0 invoke: 256
Capability: 0x47371c [rxR,0x100000-0x832000] (sentry,capmode)
Is aligned: 0
Is sealed: 1
Tag: 1, Perms: 68117, Type: fffffffffffffffe, Address: 47371c, Base: 100000, End: 832000, Flags: 1,
Length: 732000, Offset: 37371c

Executable: 2, Read: 4, Write: 0 invoke: 256
Capability: 0x6e9842 [rxR,0x100000-0x832000] (sentry,capmode)
Is aligned: 0
Is sealed: 1
Tag: 1, Perms: 68117, Type: fffffffffffffffe, Address: 6e9842, Base: 100000, End: 832000, Flags: 1,
Length: 732000, Offset: 5e9842

Executable: 2, Read: 4, Write: 0 invoke: 256
Capability: 0x47371c [rxR,0x100000-0x832000] (sentry,capmode)
Is aligned: 0
Is sealed: 1
Tag: 1, Perms: 68117, Type: fffffffffffffffe, Address: 47371c, Base: 100000, End: 832000, Flags: 1,
Length: 732000, Offset: 37371c

--
Executable: 2, Read: 4, Write: 0 invoke: 256
Capability: 0x6e7716 [rxR,0x100000-0x832000] (sentry,capmode)
Is aligned: 0
Is sealed: 1
Tag: 1, Perms: 68117, Type: fffffffffffffffe, Address: 6e7716, Base: 100000, End: 832000, Flags: 1,
Length: 732000, Offset: 5e7716

Executable: 2, Read: 4, Write: 0 invoke: 256
Capability: 0x6b896e [rxR,0x100000-0x832000] (sentry,capmode)
Is aligned: 0
Is sealed: 1
Tag: 1, Perms: 68117, Type: fffffffffffffffe, Address: 6b896e, Base: 100000, End: 832000, Flags: 1,
Length: 732000, Offset: 5b896e

--
Executable: 2, Read: 4, Write: 0 invoke: 256
Capability: 0x4085743e [rxR,0x4083f000-0x40879000] (sentry,capmode)
Is aligned: 0
Is sealed: 1
Tag: 1, Perms: 68117, Type: fffffffffffffffe, Address: 4085743e, Base: 4083f000, End: 40879000, Flag
s: 1, Length: 3a000, Offset: 1843e

--
Executable: 2, Read: 0, Write: 8 invoke: 0
Capability: 0x55555555 [wxW,0x55552000-0x55552a00] (invalid,sealed,capmode)
Is aligned: 0
Is sealed: 1
Tag: 0, Perms: 20aeb, Type: 2667f, Address: 55555555, Base: 55552000, End: 55552a00, Flags: 1, Lengt
h: 0a00, Offset: 3555

--
Executable: 2, Read: 4, Write: 0 invoke: 256
Capability: 0x40a90c30 [rxR,0x40918000-0x40f30000] (sentry,capmode)
Is aligned: 1
Is sealed: 1
Tag: 1, Perms: 68117, Type: fffffffffffffffe, Address: 40a90c30, Base: 40918000, End: 40f30000, Flag
s: 1, Length: 618000, Offset: 178c30

--
Executable: 2, Read: 4, Write: 0 invoke: 256
Capability: 0x6b88be [rxR,0x100000-0x832000] (sentry,capmode)
Is aligned: 0
Is sealed: 1
Tag: 1, Perms: 68117, Type: fffffffffffffffe, Address: 6b88be, Base: 100000, End: 832000, Flags: 1,
Length: 732000, Offset: 5b88be

--
Executable: 2, Read: 4, Write: 0 invoke: 256
Capability: 0x6243a2 [rxR,0x100000-0x832000] (invalid,sentry,capmode)
Is aligned: 0
Is sealed: 1
Tag: 0, Perms: 0117, Type: fffffffffffffffe, Address: 6243a2, Base: 100000, End: 832000, Flags: 1, L
ength: 732000, Offset: 5243a2

--
Executable: 2, Read: 4, Write: 0 invoke: 256
Capability: 0x11e06522c8b09f2 [rxR,0x11e06522c100000-0x11e06522c832000] (invalid,sentry,capmode)
Is aligned: 0
Is sealed: 1
Tag: 0, Perms: 68117, Type: fffffffffffffffe, Address: 11e06522c8b09f2, Base: 11e06522c100000, End:
11e06522c832000, Flags: 1, Length: 732000, Offset: 7b09f2

--
Executable: 2, Read: 4, Write: 0 invoke: 0
Capability: 0x362aa4 [rxR,0x100000-0x832000] (invalid,sentry,capmode)
Is aligned: 0
Is sealed: 1
Tag: 0, Perms: 0017, Type: fffffffffffffffe, Address: 362aa4, Base: 100000, End: 832000, Flags: 1, L
ength: 732000, Offset: 262aa4

--
Executable: 2, Read: 4, Write: 0 invoke: 256
Capability: 0x62396c [rxR,0x100000-0x832000] (sentry,capmode)
Is aligned: 0
Is sealed: 1
Tag: 1, Perms: 68117, Type: fffffffffffffffe, Address: 62396c, Base: 100000, End: 832000, Flags: 1,
Length: 732000, Offset: 52396c

--
Executable: 2, Read: 4, Write: 8 invoke: 256
Capability: 0x7780b000 [rwxRW,0x7780bfea-0x7780bff9] (invalid,sealed,capmode)
Is aligned: 1
Is sealed: 1
Tag: 0, Perms: 78fff, Type: 0, Address: 7780b000, Base: 7780bfea, End: 7780bff9, Flags: 1, Length: 0
00f, Offset: fffffffffffff016

--
Executable: 2, Read: 4, Write: 0 invoke: 256
Capability: 0x6154ee [rxR,0x100000-0x832000] (sentry,capmode)
Is aligned: 0
Is sealed: 1
Tag: 1, Perms: 68117, Type: fffffffffffffffe, Address: 6154ee, Base: 100000, End: 832000, Flags: 1,
Length: 732000, Offset: 5154ee

--
Executable: 2, Read: 4, Write: 0 invoke: 256
Capability: 0x658d56 [rxR,0x100000-0x832000] (sentry,capmode)
Is aligned: 0
Is sealed: 1
Tag: 1, Perms: 68117, Type: fffffffffffffffe, Address: 658d56, Base: 100000, End: 832000, Flags: 1,
Length: 732000, Offset: 558d56

--
Executable: 2, Read: 4, Write: 0 invoke: 256
Capability: 0x65626a [rxR,0x100000-0x832000] (sentry,capmode)
Is aligned: 0
Is sealed: 1
Tag: 1, Perms: 68117, Type: fffffffffffffffe, Address: 65626a, Base: 100000, End: 832000, Flags: 1,
Length: 732000, Offset: 55626a

--
Executable: 2, Read: 4, Write: 0 invoke: 256
Capability: 0x654bae [rxR,0x100000-0x832000] (sentry,capmode)
Is aligned: 0
Is sealed: 1
Tag: 1, Perms: 68117, Type: fffffffffffffffe, Address: 654bae, Base: 100000, End: 832000, Flags: 1,
Length: 732000, Offset: 554bae

--
Executable: 2, Read: 4, Write: 0 invoke: 256
Capability: 0x655aa0 [rxR,0x100000-0x832000] (sentry,capmode)
Is aligned: 1
Is sealed: 1
Tag: 1, Perms: 68117, Type: fffffffffffffffe, Address: 655aa0, Base: 100000, End: 832000, Flags: 1,
Length: 732000, Offset: 555aa0

--
Executable: 2, Read: 4, Write: 0 invoke: 256
Capability: 0x6dd74e [rxR,0x100000-0x832000] (sentry,capmode)
Is aligned: 0
Is sealed: 1
Tag: 1, Perms: 68117, Type: fffffffffffffffe, Address: 6dd74e, Base: 100000, End: 832000, Flags: 1,
Length: 732000, Offset: 5dd74e

--
Executable: 2, Read: 4, Write: 0 invoke: 256
Capability: 0x6edb38 [rxR,0x100000-0x832000] (sentry,capmode)
Is aligned: 0
Is sealed: 1
Tag: 1, Perms: 68117, Type: fffffffffffffffe, Address: 6edb38, Base: 100000, End: 832000, Flags: 1,
Length: 732000, Offset: 5edb38

--
Executable: 2, Read: 4, Write: 0 invoke: 256
Capability: 0x4081df7a [rxR,0x4080c000-0x40834600] (invalid,sentry,capmode)
Is aligned: 0
Is sealed: 1
Tag: 0, Perms: 0117, Type: fffffffffffffffe, Address: 4081df7a, Base: 4080c000, End: 40834600, Flags
: 1, Length: 28600, Offset: 11f7a

--
Executable: 2, Read: 4, Write: 0 invoke: 256
Capability: 0x3 [rxR,0x100000-0x832000] (invalid,sentry,capmode)
Is aligned: 0
Is sealed: 1
Tag: 0, Perms: 0117, Type: fffffffffffffffe, Address: 0003, Base: 100000, End: 832000, Flags: 1, Len
gth: 732000, Offset: fffffffffff00003

--
Executable: 2, Read: 4, Write: 0 invoke: 256
Capability: 0x6aa3e6 [rxR,0x100000-0x832000] (sentry,capmode)
Is aligned: 0
Is sealed: 1
Tag: 1, Perms: 68117, Type: fffffffffffffffe, Address: 6aa3e6, Base: 100000, End: 832000, Flags: 1,
Length: 732000, Offset: 5aa3e6

--
Executable: 2, Read: 4, Write: 0 invoke: 256
Capability: 0x6f2d56 [rxR,0x100000-0x832000] (sentry,capmode)
Is aligned: 0
Is sealed: 1
Tag: 1, Perms: 68117, Type: fffffffffffffffe, Address: 6f2d56, Base: 100000, End: 832000, Flags: 1,
Length: 732000, Offset: 5f2d56

--
Executable: 2, Read: 4, Write: 0 invoke: 256
Capability: 0x476b70 [rxR,0x100000-0x832000] (sentry,capmode)
Is aligned: 1
Is sealed: 1
Tag: 1, Perms: 68117, Type: fffffffffffffffe, Address: 476b70, Base: 100000, End: 832000, Flags: 1,
Length: 732000, Offset: 376b70

--
Executable: 2, Read: 4, Write: 0 invoke: 256
Capability: 0x6ca07e [rxR,0x100000-0x832000] (sentry,capmode)
Is aligned: 0
Is sealed: 1
Tag: 1, Perms: 68117, Type: fffffffffffffffe, Address: 6ca07e, Base: 100000, End: 832000, Flags: 1,
Length: 732000, Offset: 5ca07e

--
Executable: 2, Read: 4, Write: 0 invoke: 256
Capability: 0x6adde2 [rxR,0x100000-0x832000] (sentry,capmode)
Is aligned: 0
Is sealed: 1
Tag: 1, Perms: 68117, Type: fffffffffffffffe, Address: 6adde2, Base: 100000, End: 832000, Flags: 1,
Length: 732000, Offset: 5adde2

--
Executable: 2, Read: 4, Write: 0 invoke: 256
Capability: 0x34ef8c [rxR,0x100000-0x832000] (sentry,capmode)
Is aligned: 0
Is sealed: 1
Tag: 1, Perms: 68117, Type: fffffffffffffffe, Address: 34ef8c, Base: 100000, End: 832000, Flags: 1,
Length: 732000, Offset: 24ef8c

--
Executable: 2, Read: 4, Write: 0 invoke: 256
Capability: 0x6add36 [rxR,0x100000-0x832000] (sentry,capmode)
Is aligned: 0
Is sealed: 1
Tag: 1, Perms: 68117, Type: fffffffffffffffe, Address: 6add36, Base: 100000, End: 832000, Flags: 1,
Length: 732000, Offset: 5add36

--
Executable: 2, Read: 4, Write: 0 invoke: 256
Capability: 0x6c7c48 [rxR,0x100000-0x832000] (sentry,capmode)
Is aligned: 0
Is sealed: 1
Tag: 1, Perms: 68117, Type: fffffffffffffffe, Address: 6c7c48, Base: 100000, End: 832000, Flags: 1,
Length: 732000, Offset: 5c7c48

Executable: 2, Read: 4, Write: 0 invoke: 256
Capability: 0x6ca300 [rxR,0x100000-0x832000] (sentry,capmode)
Is aligned: 1
Is sealed: 1
Tag: 1, Perms: 68117, Type: fffffffffffffffe, Address: 6ca300, Base: 100000, End: 832000, Flags: 1,
Length: 732000, Offset: 5ca300

--
Executable: 2, Read: 4, Write: 0 invoke: 256
Capability: 0x6ca1fa [rxR,0x100000-0x832000] (sentry,capmode)
Is aligned: 0
Is sealed: 1
Tag: 1, Perms: 68117, Type: fffffffffffffffe, Address: 6ca1fa, Base: 100000, End: 832000, Flags: 1,
Length: 732000, Offset: 5ca1fa

Executable: 2, Read: 4, Write: 0 invoke: 256
Capability: 0x45085c [rxR,0x100000-0x832000] (sentry,capmode)
Is aligned: 0
Is sealed: 1
Tag: 1, Perms: 68117, Type: fffffffffffffffe, Address: 45085c, Base: 100000, End: 832000, Flags: 1,
Length: 732000, Offset: 35085c

--
Executable: 2, Read: 4, Write: 0 invoke: 256
Capability: 0x34ef8c [rxR,0x100000-0x832000] (sentry,capmode)
Is aligned: 0
Is sealed: 1
Tag: 1, Perms: 68117, Type: fffffffffffffffe, Address: 34ef8c, Base: 100000, End: 832000, Flags: 1,
Length: 732000, Offset: 24ef8c

--
Executable: 2, Read: 4, Write: 0 invoke: 256
Capability: 0x45080a [rxR,0x100000-0x832000] (sentry,capmode)
Is aligned: 0
Is sealed: 1
Tag: 1, Perms: 68117, Type: fffffffffffffffe, Address: 45080a, Base: 100000, End: 832000, Flags: 1,
Length: 732000, Offset: 35080a

--
Executable: 2, Read: 4, Write: 0 invoke: 256
Capability: 0x44fc40 [rxR,0x100000-0x832000] (sentry,capmode)
Is aligned: 1
Is sealed: 1
Tag: 1, Perms: 68117, Type: fffffffffffffffe, Address: 44fc40, Base: 100000, End: 832000, Flags: 1,
Length: 732000, Offset: 34fc40

--
Executable: 2, Read: 4, Write: 0 invoke: 256
Capability: 0x450748 [rxR,0x100000-0x832000] (sentry,capmode)
Is aligned: 0
Is sealed: 1
Tag: 1, Perms: 68117, Type: fffffffffffffffe, Address: 450748, Base: 100000, End: 832000, Flags: 1,
Length: 732000, Offset: 350748

--
Executable: 2, Read: 4, Write: 0 invoke: 256
Capability: 0x34f04e [rxR,0x100000-0x832000] (sentry,capmode)
Is aligned: 0
Is sealed: 1
Tag: 1, Perms: 68117, Type: fffffffffffffffe, Address: 34f04e, Base: 100000, End: 832000, Flags: 1,
Length: 732000, Offset: 24f04e

Executable: 2, Read: 4, Write: 0 invoke: 256
Capability: 0x5f97d8 [rxR,0x100000-0x832000] (sentry,capmode)
Is aligned: 0
Is sealed: 1
Tag: 1, Perms: 68117, Type: fffffffffffffffe, Address: 5f97d8, Base: 100000, End: 832000, Flags: 1,
Length: 732000, Offset: 4f97d8

--
Executable: 2, Read: 4, Write: 0 invoke: 256
Capability: 0x34f004 [rxR,0x100000-0x832000] (sentry,capmode)
Is aligned: 0
Is sealed: 1
Tag: 1, Perms: 68117, Type: fffffffffffffffe, Address: 34f004, Base: 100000, End: 832000, Flags: 1,
Length: 732000, Offset: 24f004

--
Executable: 2, Read: 4, Write: 0 invoke: 256
Capability: 0x409c3bee [rxR,0x40918000-0x40f30000] (sentry,capmode)
Is aligned: 0
Is sealed: 1
Tag: 1, Perms: 68117, Type: fffffffffffffffe, Address: 409c3bee, Base: 40918000, End: 40f30000, Flag
s: 1, Length: 618000, Offset: abbee

--
Executable: 2, Read: 4, Write: 0 invoke: 256
Capability: 0x34ef58 [rxR,0x100000-0x832000] (sentry,capmode)
Is aligned: 0
Is sealed: 1
Tag: 1, Perms: 68117, Type: fffffffffffffffe, Address: 34ef58, Base: 100000, End: 832000, Flags: 1,
Length: 732000, Offset: 24ef58

Executable: 2, Read: 4, Write: 0 invoke: 256
Capability: 0x4081756c [rxR,0x4080c000-0x40834600] (sentry,capmode)
Is aligned: 0
Is sealed: 1
Tag: 1, Perms: 68117, Type: fffffffffffffffe, Address: 4081756c, Base: 4080c000, End: 40834600, Flag
s: 1, Length: 28600, Offset: b56c

--
Executable: 2, Read: 4, Write: 0 invoke: 256
Capability: 0x34ef8c [rxR,0x100000-0x832000] (sentry,capmode)
Is aligned: 0
Is sealed: 1
Tag: 1, Perms: 68117, Type: fffffffffffffffe, Address: 34ef8c, Base: 100000, End: 832000, Flags: 1,
Length: 732000, Offset: 24ef8c

--
Executable: 2, Read: 4, Write: 0 invoke: 256
Capability: 0x46b564 [rxR,0x100000-0x832000] (sentry,capmode)
Is aligned: 0
Is sealed: 1
Tag: 1, Perms: 68117, Type: fffffffffffffffe, Address: 46b564, Base: 100000, End: 832000, Flags: 1,
Length: 732000, Offset: 36b564

