/root/ruby-3.4.5/test/did_you_mean/test_tree_spell_checker.rb: cannot load such file -- psych
/root/ruby-3.4.5/lib/yaml.rb:3: warning: It seems your ruby installation is missing psych (for YAML
output).
To eliminate this warning, please install libyaml and reinstall your ruby.
In-address space security exception (core dumped)
root@cheribsd-riscv64-purecap:~/ruby-3.4.5/build # ktrace -f ktrace.out ./miniruby -I../lib -I. -I.e
xt/common  ../tool/runruby.rb --extout=.ext  -- --disable-gems -r../tool/lib/_tmpdir \
"../test/runner.rb" --ruby="./miniruby -I../lib -I. -I.ext/common  ../tool/runruby.rb --extout=.ext
 -- --disable-gems" \
--excludes-dir=../test/.excludes --name=!/memory_leak/ --timeout-scale 10 --worker-timeout=1000 -v -
-test-order=random
/root/ruby-3.4.5/lib/yaml.rb:3: warning: It seems your ruby installation is missing psych (for YAML
output).
To eliminate this warning, please install libyaml and reinstall your ruby.
/root/ruby-3.4.5/test/did_you_mean/test_tree_spell_checker.rb: cannot load such file -- psych
/root/ruby-3.4.5/lib/yaml.rb:3: warning: It seems your ruby installation is missing psych (for YAML
output).
To eliminate this warning, please install libyaml and reinstall your ruby.
/root/ruby-3.4.5/lib/yaml.rb:3: warning: It seems your ruby installation is missing psych (for YAML
output).
To eliminate this warning, please install libyaml and reinstall your ruby.
/root/ruby-3.4.5/lib/yaml.rb:3: warning: It seems your ruby installation is missing psych (for YAML
output).
To eliminate this warning, please install libyaml and reinstall your ruby.
Run options:
  --seed=51329
  "--ruby=./miniruby -I../lib -I. -I.ext/common  ../tool/runruby.rb --extout=.ext  -- --disable-gems
"
  --excludes-dir=../test/.excludes
  --name=!/memory_leak/
  --timeout-scale
  10
  --worker-timeout=1000
  -v
  --test-order=random

# Running tests:

[    1/31251] CGICookieTest#test_cgi_cookie_new_complex = 0.07 s
[    2/31251] CGICookieTest#test_cgi_cookie_arrayinterface = 0.03 s
[    3/31251] CGICookieTest#test_cgi_cookie_parse = 0.04 s
[    4/31251] CGICookieTest#test_cgi_cookie_newline_injection_into_name = 0.02 s
[    5/31251] CGICookieTest#test_cgi_cookie_parse_not_decode_name = 0.02 s
[    6/31251] CGICookieTest#test_cgi_cookie_injection_into_path = 0.02 s
[    7/31251] CGICookieTest#test_cgi_cookie_multibyte_injection_into_name = 0.02 s
[    8/31251] CGICookieTest#test_cgi_cookie_injection_into_domain = 0.02 s
[    9/31251] CGICookieTest#test_cgi_cookie_new_simple = 0.03 s
[   10/31251] CGICookieTest#test_cgi_cookie_new_with_domain = 0.03 s
[   11/31251] CGICookieTest#test_cgi_cookie_domain_injection_into_name = 0.02 s
[   12/31251] CGICookieTest#test_cgi_cookie_scriptname = 0.03 s
[   13/31251] OpenSSL::TestBuffering#test_flush_error = 0.04 s
[   14/31251] OpenSSL::TestBuffering#test_getc = 0.02 s
[   15/31251] OpenSSL::TestBuffering#test_flush = 0.02 s
[   16/31251] OpenSSL::TestBuffering#test_encoding = 0.02 s
[   17/31251] OpenSSL::TestBuffering#test_each_byte = 0.03 s
[   18/31251] RDocRequireTest#test_initialize = 9.08 s
[   19/31251] TestGemCommandManager#test_run_crash_command = 1.66 s
[   20/31251] TestGemCommandManager#test_find_alias_command = 1.70 s
[   21/31251] TestGemCommandManager#test_process_args_bad_arg = 1.33 s
[   22/31251] TestGemCommandManager#test_deprecated_command_with_version = 1.52 s
[   23/31251] TestGemCommandManager#test_find_command = 1.69 s
[   24/31251] TestGemCommandManager#test_deprecated_command = 1.80 s
[   25/31251] TestGemCommandManager#test_find_command_unknown = 1.36 s
[   26/31251] TestGemCommandManager#test_process_args_install = 11.37 s
[   27/31251] TestGemCommandManager#test_find_command_ambiguous = 1.35 s
[   28/31251] TestGemCommandManager#test_process_args_with_c_flag_path_not_found = 1.07 s
[   29/31251] TestGemCommandManager#test_process_args_with_c_flag = 11.19 s
[   30/31251] TestGemCommandManager#test_process_args_update = 5.36 s
[   31/31251] TestGemCommandManager#test_process_args_query = 2.98 s
[   32/31251] TestGemCommandManager#test_find_command_ambiguous_exact = 1.81 s
[   33/31251] TestGemCommandManager#test_process_args_uninstall = 2.75 s
[   34/31251] TestGemCommandManager#test_process_args_build = 2.17 s
[   35/31251] TestGemCommandManager#test_process_args_check = 2.13 s
[   36/31251] TestGemCommandManager#test_find_login_alias_command = 1.68 s
[   37/31251] TestGemCommandManager#test_find_logout_alias_comamnd = 1.67 s
[   38/31251] TestGemCommandManager#test_process_args_with_c_flag_without_path = 1.34 s
[   39/31251] TestGemCommandManager#test_run_interrupt = 5.58 s
[   40/31251] TestGemCommandManager#test_find_command_unknown_suggestions = 1.36 s
[   41/31251] TestOptionParserOptArg#test_require_exact = 0.52 s
[   42/31251] TestOptionParserOptArg#test_lambda = 0.09 s
[   43/31251] TestOptionParserOptArg#test_long = 0.13 s
[   44/31251] TestOptionParserOptArg#test_permute = 0.13 s
[   45/31251] TestOptionParserOptArg#test_default_argument = 0.08 s
[   46/31251] TestOptionParserOptArg#test_raise_unknown = 0.18 s
[   47/31251] TestOptionParserOptArg#test_help_pager = 28.69 s
[   48/31251] TestOptionParserOptArg#test_regexp = 0.15 s
[   49/31251] TestOptionParserOptArg#test_hyphenize = 0.11 s
[   50/31251] TestOptionParserOptArg#test_short = 0.11 s
[   51/31251] TestOptionParserOptArg#test_order = 0.13 s
[   52/31251] TestOptionParserOptArg#test_abbrev = 0.34 s
[   53/31251] TestOptionParserOptArg#test_exact_option = 0.58 s
[   54/31251] TestOptionParserOptArg#test_into = 0.26 s
[   55/31251] TestOptionParserOptArg#test_nonopt_pattern = 0.14 s
[   56/31251] TC_Set_Builtin#test_Set = 0.08 s
[   57/31251] TC_Set_Builtin#test_to_set = 0.05 s
[   58/31251] TestGemCommandsOwnerCommand#test_otp_verified_success = 2.19 s
[   59/31251] TestGemCommandsOwnerCommand#test_show_owners_permanent_redirect = 2.57 s
[   60/31251] TestGemCommandsOwnerCommand#test_with_webauthn_enabled_failure = 2.30 s
[   61/31251] TestGemCommandsOwnerCommand#test_show_owners_setting_up_host_through_env_var = 2.19 s
[   62/31251] TestGemCommandsOwnerCommand#test_add_owners_unathorized_api_key = 2.33 s
[   63/31251] TestGemCommandsOwnerCommand#test_add_owners_no_api_key_webauthn_enabled_does_not_reuse
_otp_codes = 3.54 s
[   64/31251] TestGemCommandsOwnerCommand#test_add_owners = 1.96 s
[   65/31251] TestGemCommandsOwnerCommand#test_with_webauthn_enabled_success_with_polling = 2.22 s
[   66/31251] TestGemCommandsOwnerCommand#test_add_owner_with_host_option_through_execute = 2.78 s
[   67/31251] TestGemCommandsOwnerCommand#test_otp_verified_failure = 2.13 s
[   68/31251] TestGemCommandsOwnerCommand#test_with_webauthn_enabled_failure_with_polling = 4.32 s
[   69/31251] TestGemCommandsOwnerCommand#test_with_webauthn_enabled_success = 2.36 s
[   70/31251] TestGemCommandsOwnerCommand#test_add_owners_permanent_redirect = 1.95 s
[   71/31251] TestGemCommandsOwnerCommand#test_remove_owners = 2.07 s
[   72/31251] TestGemCommandsOwnerCommand#test_add_owners_key = 2.50 s
[   73/31251] TestGemCommandsOwnerCommand#test_remove_owners_missing = 1.92 s
[   74/31251] TestGemCommandsOwnerCommand#test_show_owners_key = 2.79 s
[   75/31251] TestGemCommandsOwnerCommand#test_remove_owners_denied = 1.93 s
[   76/31251] TestGemCommandsOwnerCommand#test_remove_owners_permanent_redirect = 2.02 s
[   77/31251] TestGemCommandsOwnerCommand#test_show_owners_denied = 2.47 s
[   78/31251] TestGemCommandsOwnerCommand#test_remove_owners_key = 2.54 s
[   79/31251] TestGemCommandsOwnerCommand#test_add_owners_denied = 1.98 s
[   80/31251] TestGemCommandsOwnerCommand#test_show_owners_setting_up_host = 2.17 s
[   81/31251] TestGemCommandsOwnerCommand#test_show_owners = 2.25 s
[   82/31251] TestGemCommandsOwnerCommand#test_remove_owners_unathorized_api_key = 2.26 s
[   83/31251] TestGemCommandsOwnerCommand#test_show_owners_dont_load_objects = 10.41 s
[   84/31251] TestAssignmentGen#test_chainged_assign_command = 0.07 s
[   85/31251] TestAssignmentGen#test_assignment = 598.38 s
[   86/31251] TestAssignmentGen#test_optimized_aset = 0.01 s
[   87/31251] TestAssignmentGen#test_massign_aref_lhs_splat = 0.01 s
[   88/31251] OpenSSL::TestX509Attribute#test_new = 0.07 s
[   89/31251] OpenSSL::TestX509Attribute#test_marshal = 0.03 s
[   90/31251] OpenSSL::TestX509Attribute#test_invalid_value = 0.03 s
[   91/31251] OpenSSL::TestX509Attribute#test_to_der = 0.03 s
[   92/31251] OpenSSL::TestX509Attribute#test_from_der = 0.02 s
[   93/31251] OpenSSL::TestX509Attribute#test_eq = 0.03 s
[   94/31251] OpenSSL::TestX509Attribute#test_dup = 0.02 s
[   95/31251] Bug::Marshal::TestUsrMarshal#test_incompat = 10.15 s
[   96/31251] Bug::Marshal::TestUsrMarshal#test_marshal = 0.03 s
[   97/31251] Bug::Marshal::TestUsrMarshal#test_compat = 20.11 s
[   98/31251] CGIModrubyTest#test_cgi_modruby_requestparams = 0.07 s
[   99/31251] CGIModrubyTest#test_cgi_modruby_simple = 0.04 s
[  100/31251] CGIModrubyTest#test_cgi_modruby_complex = 0.06 s
[  101/31251] CGIModrubyTest#test_cgi_modruby_location = 0.03 s
[  102/31251] RDocIncludeTest#test_store_equals = 5.05 s
[  103/31251] RDocIncludeTest#test_module = 4.96 s
[  104/31251] RDocIncludeTest#test_module_extended = 6.45 s
[  105/31251] TestCaseOptions#test_option_errors = 0.28 s
[  106/31251] TestCaseOptions#test_options_okay = 0.05 s
[  107/31251] TestCaseOptions#test_operation_specific = 0.04 s
[  108/31251] Prism::LexTest#"test_seattlerb/dstr_evstr.txt" = 1.19 s
[  109/31251] Prism::LexTest#"test_seattlerb/dot3_nil__26.txt" = 0.07 s
[  110/31251] Prism::LexTest#"test_whitequark/forwarded_restarg.txt" = 0.15 s
[  111/31251] Prism::LexTest#"test_whitequark/class_super_label.txt" = 0.11 s
[  112/31251] Prism::LexTest#"test_whitequark/send_index.txt" = 0.09 s
[  113/31251] Prism::LexTest#"test_seattlerb/block_command_operation_dot.txt" = 0.12 s
[  114/31251] Prism::LexTest#"test_seattlerb/heredoc_with_extra_carriage_horrible_mix.txt" = 0.08 s
[  115/31251] Prism::LexTest#"test_unparser/corpus/semantic/block.txt" = 0.65 s
[  116/31251] Prism::LexTest#"test_whitequark/ruby_bug_14690.txt" = 0.16 s
[  117/31251] Prism::LexTest#"test_range_end_open_exclusive.txt" = 0.06 s
[  118/31251] Prism::LexTest#"test_seattlerb/case_in_else.txt" = 0.19 s
[  119/31251] Prism::LexTest#"test_heredocs_with_ignored_newlines.txt" = 0.32 s
[  120/31251] Prism::LexTest#"test_dsym_str.txt" = 0.07 s
[  121/31251] Prism::LexTest#"test_next.txt" = 1.03 s
[  122/31251] Prism::LexTest#"test_whitequark/op_asgn_index_cmd.txt" = 0.13 s
[  123/31251] Prism::LexTest#"test_whitequark/bug_cmd_string_lookahead.txt" = 0.10 s
[  124/31251] Prism::LexTest#"test_seattlerb/call_not.txt" = 0.06 s
[  125/31251] Prism::LexTest#"test_seattlerb/call_trailing_comma.txt" = 0.08 s
[  126/31251] Prism::LexTest#"test_dstring.txt" = 0.45 s
[  127/31251] Prism::LexTest#"test_whitequark/send_op_asgn_conditional.txt" = 0.09 s
[  128/31251] Prism::LexTest#"test_seattlerb/integer_with_if_modifier.txt" = 0.07 s
[  129/31251] Prism::LexTest#"test_unparser/corpus/literal/since/30.txt" = 0.33 s
[  130/31251] Prism::LexTest#"test_seattlerb/block_decomp_anon_splat_arg.txt" = 0.13 s
[  131/31251] Prism::LexTest#"test_unless.txt" = 0.53 s
[  132/31251] Prism::LexTest#"test_seattlerb/regexp_esc_C_slash.txt" = 0.07 s
[  133/31251] Prism::LexTest#"test_whitequark/hash_empty.txt" = 0.06 s
[  134/31251] Prism::LexTest#"test_seattlerb/call_env.txt" = 0.07 s
[  135/31251] Prism::LexTest#"test_seattlerb/defn_oneliner_noargs_parentheses.txt" = 0.10 s
[  136/31251] Prism::LexTest#"test_seattlerb/masgn_anon_splat_arg.txt" = 0.09 s
[  137/31251] Prism::LexTest#"test_seattlerb/masgn_splat_arg.txt" = 0.10 s
[  138/31251] Prism::LexTest#"test_heredoc_with_trailing_newline.txt" = 0.06 s
[  139/31251] Prism::LexTest#"test_whitequark/parser_bug_507.txt" = 0.11 s
[  140/31251] Prism::LexTest#"test_seattlerb/begin_ensure_no_bodies.txt" = 0.08 s
[  141/31251] Prism::LexTest#"test_seattlerb/defn_oneliner.txt" = 0.13 s
[  142/31251] Prism::LexTest#"test_seattlerb/parse_line_dot2_open.txt" = 0.12 s
[  143/31251] Prism::LexTest#"test_whitequark/var_or_asgn.txt" = 0.07 s
[  144/31251] Prism::LexTest#"test_seattlerb/bug_args_masgn_outer_parens__19.txt" = 0.16 s
[  145/31251] Prism::LexTest#"test_unparser/corpus/literal/send.txt" = 4.86 s
[  146/31251] Prism::LexTest#"test_seattlerb/in_expr_no_case.txt" = 0.09 s
[  147/31251] Prism::LexTest#"test_seattlerb/difficult7_.txt" = 0.25 s
[  148/31251] Prism::LexTest#"test_seattlerb/rhs_asgn.txt" = 0.07 s
[  149/31251] Prism::LexTest#"test_seattlerb/method_call_trailing_comma.txt" = 0.10 s
[  150/31251] Prism::LexTest#"test_newline_terminated.txt" = 0.66 s
[  151/31251] Prism::LexTest#"test_seattlerb/difficult3__9.txt" = 0.14 s
[  152/31251] Prism::LexTest#"test_seattlerb/safe_call_newline.txt" = 0.07 s
[  153/31251] Prism::LexTest#"test_whitequark/optarg.txt" = 0.26 s
[  154/31251] Prism::LexTest#"test_whitequark/slash_newline_in_heredocs.txt" = 0.22 s
[  155/31251] Prism::LexTest#"test_whitequark/sclass.txt" = 0.11 s
[  156/31251] Prism::LexTest#"test_seattlerb/parse_line_call_no_args.txt" = 0.16 s
[  157/31251] Prism::LexTest#"test_seattlerb/defn_kwarg_lvar.txt" = 0.14 s
[  158/31251] Prism::LexTest#"test_seattlerb/case_in_find.txt" = 0.17 s
[  159/31251] Prism::LexTest#"test_seattlerb/qwords_empty.txt" = 0.06 s
[  160/31251] Prism::LexTest#"test_whitequark/cvar.txt" = 0.05 s
[  161/31251] Prism::LexTest#"test_seattlerb/bug_215.txt" = 0.08 s
[  162/31251] Prism::LexTest#"test_whitequark/send_index_asgn.txt" = 0.11 s
[  163/31251] Prism::LexTest#"test_seattlerb/parse_if_not_canonical.txt" = 0.17 s
[  164/31251] Prism::LexTest#"test_ternary_operator.txt" = 0.57 s
[  165/31251] Prism::LexTest#"test_seattlerb/qWords_space.txt" = 0.07 s
[  166/31251] Prism::LexTest#"test_boolean_operators.txt" = 0.17 s
[  167/31251] Prism::LexTest#"test_seattlerb/block_arg_opt_arg_block.txt" = 0.18 s
[  168/31251] Prism::LexTest#"test_whitequark/string_concat.txt" = 0.11 s
[  169/31251] Prism::LexTest#"test_nils.txt" = 0.30 s
[  170/31251] Prism::LexTest#"test_whitequark/masgn_nested.txt" = 0.22 s
[  171/31251] Prism::LexTest#"test_seattlerb/masgn_arg_colon_arg.txt" = 0.11 s
[  172/31251] Prism::LexTest#"test_seattlerb/defn_oneliner_eq2.txt" = 0.15 s
[  173/31251] Prism::LexTest#"test_seattlerb/parse_if_not_noncanonical.txt" = 0.17 s
[  174/31251] Prism::LexTest#"test_seattlerb/f_kw__required.txt" = 0.09 s
[  175/31251] Prism::LexTest#"test_seattlerb/bug_cond_pct.txt" = 0.11 s
[  176/31251] Prism::LexTest#"test_whitequark/bang_cmd.txt" = 0.07 s
[  177/31251] Prism::LexTest#"test_seattlerb/rescue_do_end_ensure_result.txt" = 0.17 s
[  178/31251] Prism::LexTest#"test_seattlerb/case_in_86.txt" = 0.21 s
[  179/31251] Prism::LexTest#test_parse_lex_result = 0.10 s
[  180/31251] Prism::LexTest#"test_seattlerb/dstr_lex_state.txt" = 0.10 s
[  181/31251] Prism::LexTest#"test_whitequark/super.txt" = 0.16 s
[  182/31251] Prism::LexTest#"test_seattlerb/cond_unary_minus.txt" = 0.09 s
[  183/31251] Prism::LexTest#"test_whitequark/not_masgn__24.txt" = 0.12 s
[  184/31251] Prism::LexTest#"test_whitequark/hash_label.txt" = 0.08 s
[  185/31251] Prism::LexTest#"test_seattlerb/heredoc_squiggly_empty.txt" = 0.07 s
[  186/31251] Prism::LexTest#"test_seattlerb/block_splat_reg.txt" = 0.13 s
[  187/31251] Prism::LexTest#"test_seattlerb/qw_escape_term.txt" = 0.07 s
[  188/31251] Prism::LexTest#"test_seattlerb/iter_kwarg.txt" = 0.11 s
[  189/31251] Prism::LexTest#"test_seattlerb/thingy.txt" = 0.15 s
[  190/31251] Prism::LexTest#"test_seattlerb/masgn_arg_splat_arg.txt" = 0.12 s
[  191/31251] Prism::LexTest#"test_seattlerb/parse_while_not_noncanonical.txt" = 0.14 s
[  192/31251] Prism::LexTest#"test_seattlerb/pipe_space.txt" = 0.11 s
[  193/31251] Prism::LexTest#"test_strings.txt" = 3.00 s
[  194/31251] Prism::LexTest#"test_seattlerb/bug_249.txt" = 0.25 s
[  195/31251] Prism::LexTest#"test_seattlerb/dot2_nil__26.txt" = 0.06 s
[  196/31251] Prism::LexTest#"test_seattlerb/defn_kwarg_kwsplat_anon.txt" = 0.12 s
[  197/31251] Prism::LexTest#"test_global_variables.txt" = 1.63 s
[  198/31251] Prism::LexTest#"test_whitequark/space_args_block.txt" = 0.09 s
[  199/31251] Prism::LexTest#"test_seattlerb/parse_line_defn_complex.txt" = 0.23 s
[  200/31251] Prism::LexTest#"test_seattlerb/iter_args_7_2.txt" = 0.17 s
[  201/31251] Prism::LexTest#"test_seattlerb/safe_calls.txt" = 0.11 s
[  202/31251] Prism::LexTest#"test_seattlerb/call_assoc_new.txt" = 0.08 s
[  203/31251] Prism::LexTest#"test_whitequark/space_args_arg_block.txt" = 0.27 s
[  204/31251] Prism::LexTest#"test_whitequark/send_index_legacy.txt" = 0.09 s
[  205/31251] Prism::LexTest#"test_seattlerb/block_call_defn_call_block_call.txt" = 0.19 s
[  206/31251] Prism::LexTest#"test_seattlerb/mlhs_front_anonsplat.txt" = 0.13 s
[  207/31251] Prism::LexTest#"test_whitequark/bug_lambda_leakage.txt" = 0.11 s
[  208/31251] Prism::LexTest#"test_seattlerb/const_op_asgn_and1.txt" = 0.08 s
[  209/31251] Prism::LexTest#"test_seattlerb/parse_line_str_with_newline_escape.txt" = 0.11 s
[  210/31251] Prism::LexTest#"test_whitequark/ruby_bug_11107.txt" = 0.15 s
[  211/31251] Prism::LexTest#"test_whitequark/args_args_assocs.txt" = 0.24 s
[  212/31251] Prism::LexTest#"test_seattlerb/defn_arg_asplat_arg.txt" = 0.13 s
[  213/31251] Prism::LexTest#"test_seattlerb/defn_kwarg_env.txt" = 0.15 s
[  214/31251] Prism::LexTest#"test_methods.txt" = 7.52 s
[  215/31251] Prism::LexTest#"test_seattlerb/defs_oneliner_rescue.txt" = 0.53 s
[  216/31251] Prism::LexTest#"test_whitequark/hash_hashrocket.txt" = 0.22 s
[  217/31251] Prism::LexTest#"test_unparser/corpus/literal/kwbegin.txt" = 1.85 s
[  218/31251] Prism::LexTest#"test_xstring_with_backslash.txt" = 0.07 s
[  219/31251] Prism::LexTest#"test_until.txt" = 0.51 s
[  220/31251] Prism::LexTest#"test_seattlerb/index_0_opasgn.txt" = 0.09 s
[  221/31251] Prism::LexTest#"test_whitequark/forwarded_argument_with_restarg.txt" = 0.18 s
[  222/31251] Prism::LexTest#"test_seattlerb/block_args_opt1.txt" = 0.18 s
[  223/31251] Prism::LexTest#"test_seattlerb/block_kwarg_lvar.txt" = 0.12 s
[  224/31251] Prism::LexTest#"test_lambda.txt" = 0.83 s
[  225/31251] Prism::LexTest#"test_seattlerb/iter_args_4.txt" = 0.14 s
[  226/31251] Prism::LexTest#"test_whitequark/true.txt" = 0.05 s
[  227/31251] Prism::LexTest#"test_seattlerb/qw_escape.txt" = 0.06 s
[  228/31251] Prism::LexTest#"test_seattlerb/op_asgn_primary_colon_const_command_call.txt" = 0.10 s
[  229/31251] Prism::LexTest#"test_seattlerb/masgn_splat_arg_arg.txt" = 0.12 s
[  230/31251] Prism::LexTest#"test_whitequark/send_plain_cmd.txt" = 0.19 s
[  231/31251] Prism::LexTest#"test_whitequark/keyword_argument_omission.txt" = 0.09 s
[  232/31251] Prism::LexTest#"test_whitequark/symbol_plain.txt" = 0.10 s
[  233/31251] Prism::LexTest#"test_whitequark/when_then.txt" = 0.14 s
[  234/31251] Prism::LexTest#"test_seattlerb/unary_plus_on_literal.txt" = 0.07 s
[  235/31251] Prism::LexTest#"test_whitequark/rescue_mod_masgn.txt" = 0.15 s
[  236/31251] Prism::LexTest#"test_seattlerb/call_array_lit_inline_hash.txt" = 0.15 s
[  237/31251] Prism::LexTest#"test_seattlerb/str_newline_hash_line_number.txt" = 0.08 s
[  238/31251] Prism::LexTest#"test_seattlerb/difficult3_3.txt" = 0.14 s
[  239/31251] Prism::LexTest#"test_whitequark/bang.txt" = 0.06 s
[  240/31251] Prism::LexTest#"test_seattlerb/defn_forward_args__no_parens.txt" = 0.13 s
[  241/31251] Prism::LexTest#"test_heredocs_with_ignored_newlines_and_non_empty.txt" = 0.07 s
[  242/31251] Prism::LexTest#"test_whitequark/pattern_matching_single_line_allowed_omission_of_paren
theses.txt" = 0.68 s
[  243/31251] Prism::LexTest#"test_whitequark/__ENCODING__.txt" = 0.05 s
[  244/31251] Prism::LexTest#"test_whitequark/if.txt" = 0.17 s
[  245/31251] Prism::LexTest#"test_whitequark/unless_else.txt" = 0.23 s
[  246/31251] Prism::LexTest#"test_seattlerb/defn_kwarg_kwarg.txt" = 0.15 s
[  247/31251] Prism::LexTest#"test_integer_operations.txt" = 1.69 s
[  248/31251] Prism::LexTest#"test_seattlerb/block_call_dot_op2_cmd_args_do_block.txt" = 0.21 s
[  249/31251] Prism::LexTest#"test_whitequark/and_asgn.txt" = 0.17 s
[  250/31251] Prism::LexTest#"test_seattlerb/block_arg_kwsplat.txt" = 0.11 s
[  251/31251] Prism::LexTest#"test_seattlerb/case_in_array_pat_const2.txt" = 0.18 s
[  252/31251] Prism::LexTest#"test_whitequark/when_multi.txt" = 0.17 s
[  253/31251] Prism::LexTest#"test_whitequark/for.txt" = 0.23 s
[  254/31251] Prism::LexTest#"test_seattlerb/str_backslashes.txt" = 0.08 s
[  255/31251] Prism::LexTest#"test_seattlerb/parse_until_not_noncanonical.txt" = 0.14 s
[  256/31251] Prism::LexTest#"test_seattlerb/parse_line_multiline_str_literal_n.txt" = 0.08 s
[  257/31251] Prism::LexTest#"test_seattlerb/rescue_do_end_no_raise.txt" = 0.24 s
[  258/31251] Prism::LexTest#"test_whitequark/send_index_cmd.txt" = 0.08 s
[  259/31251] Prism::LexTest#"test_seattlerb/heredoc_backslash_nl.txt" = 0.13 s
[  260/31251] Prism::LexTest#"test_seattlerb/attrasgn_array_lhs.txt" = 0.28 s
[  261/31251] Prism::LexTest#"test_whitequark/lparenarg_after_lvar__since_25.txt" = 0.18 s
[  262/31251] Prism::LexTest#"test_seattlerb/dsym_to_sym.txt" = 0.16 s
[  263/31251] Prism::LexTest#"test_arrays.txt" = 5.21 s
[  264/31251] Prism::LexTest#"test_seattlerb/op_asgn_primary_colon_identifier1.txt" = 0.09 s
[  265/31251] Prism::LexTest#"test_seattlerb/str_double_escaped_newline.txt" = 0.09 s
[  266/31251] Prism::LexTest#"test_seattlerb/call_stabby_do_end_with_block.txt" = 0.12 s
[  267/31251] Prism::LexTest#"test_whitequark/bug_do_block_in_call_args.txt" = 0.14 s
[  268/31251] Prism::LexTest#"test_seattlerb/begin_rescue_else_ensure_no_bodies.txt" = 0.17 s
[  269/31251] Prism::LexTest#"test_whitequark/cond_begin.txt" = 0.11 s
[  270/31251] Prism::LexTest#"test_unparser/corpus/literal/hookexe.txt" = 0.18 s
[  271/31251] Prism::LexTest#"test_seattlerb/parse_line_rescue.txt" = 0.17 s
[  272/31251] Prism::LexTest#"test_whitequark/array_words.txt" = 0.08 s
[  273/31251] Prism::LexTest#"test_seattlerb/BEGIN.txt" = 0.08 s
[  274/31251] Prism::LexTest#"test_seattlerb/mlhs_keyword.txt" = 0.11 s
[  275/31251] Prism::LexTest#"test_seattlerb/heredoc_trailing_slash_continued_call.txt" = 0.09 s
[  276/31251] Prism::LexTest#"test_whitequark/rescue_mod_asgn.txt" = 0.09 s
[  277/31251] Prism::LexTest#"test_whitequark/arg_duplicate_ignored.txt" = 0.22 s
[  278/31251] Prism::LexTest#"test_seattlerb/defs_kwarg.txt" = 0.12 s
[  279/31251] Prism::LexTest#"test_seattlerb/difficult3__12.txt" = 0.15 s
[  280/31251] Prism::LexTest#"test_whitequark/args_args_assocs_comma.txt" = 0.13 s
[  281/31251] Prism::LexTest#"test_seattlerb/bug_not_parens.txt" = 0.07 s
[  282/31251] Prism::LexTest#"test_seattlerb/block_decomp_arg_splat_arg.txt" = 0.16 s
[  283/31251] Prism::LexTest#"test_seattlerb/parse_pattern_076.txt" = 0.21 s
[  284/31251] Prism::LexTest#"test_heredoc_with_carriage_returns.txt" = 0.06 s
[  285/31251] Prism::LexTest#"test_seattlerb/uminus_float.txt" = 0.06 s
[  286/31251] Prism::LexTest#"test_whitequark/regex_interp.txt" = 0.11 s
[  287/31251] Prism::LexTest#"test_whitequark/if_masgn__24.txt" = 0.14 s
[  288/31251] Prism::LexTest#"test_seattlerb/pipe_semicolon.txt" = 0.13 s
[  289/31251] Prism::LexTest#"test_seattlerb/difficult6__7.txt" = 0.12 s
[  290/31251] Prism::LexTest#"test_seattlerb/eq_begin_line_numbers.txt" = 0.10 s
[  291/31251] Prism::LexTest#"test_seattlerb/defn_kwarg_val.txt" = 0.12 s
[  292/31251] Prism::LexTest#"test_unparser/corpus/literal/range.txt" = 0.18 s
[  293/31251] Prism::LexTest#"test_seattlerb/rescue_do_end_rescued.txt" = 0.24 s
[  294/31251] Prism::LexTest#"test_seattlerb/call_div.txt" = 0.07 s
[  295/31251] Prism::LexTest#"test_unparser/corpus/literal/dstr.txt" = 1.19 s
[  296/31251] Prism::LexTest#"test_whitequark/arg_label.txt" = 0.29 s
[  297/31251] Prism::LexTest#"test_seattlerb/case_in_array_pat_paren_assign.txt" = 0.19 s
[  298/31251] Prism::LexTest#"test_dash_heredocs.txt" = 1.12 s
[  299/31251] Prism::LexTest#"test_seattlerb/bug169.txt" = 0.09 s
[  300/31251] Prism::LexTest#"test_whitequark/send_attr_asgn.txt" = 0.28 s
[  301/31251] Prism::LexTest#"test_whitequark/casgn_scoped.txt" = 0.09 s
[  302/31251] Prism::LexTest#"test_unparser/corpus/literal/undef.txt" = 0.13 s
[  303/31251] Prism::LexTest#"test_whitequark/defined.txt" = 0.15 s
[  304/31251] Prism::LexTest#"test_unparser/corpus/literal/empty_begin.txt" = 0.06 s
[  305/31251] Prism::LexTest#"test_whitequark/rescue_without_begin_end.txt" = 0.14 s
[  306/31251] Prism::LexTest#"test_whitequark/send_lambda_args_shadow.txt" = 0.13 s
[  307/31251] Prism::LexTest#"test_whitequark/if_nl_then.txt" = 0.10 s
[  308/31251] Prism::LexTest#"test_seattlerb/unary_plus.txt" = 0.06 s
[  309/31251] Prism::LexTest#"test_xstring.txt" = 0.31 s
[  310/31251] Prism::LexTest#"test_seattlerb/difficult1_line_numbers.txt" = 0.65 s
[  311/31251] Prism::LexTest#"test_whitequark/ruby_bug_11380.txt" = 0.15 s
[  312/31251] Prism::LexTest#"test_seattlerb/iter_args_9_2.txt" = 0.16 s
[  313/31251] Prism::LexTest#"test_seattlerb/call_unary_bang.txt" = 0.06 s
[  314/31251] Prism::LexTest#"test_whitequark/zsuper.txt" = 0.05 s
[  315/31251] Prism::LexTest#"test_whitequark/trailing_forward_arg.txt" = 0.21 s
[  316/31251] Prism::LexTest#"test_seattlerb/parse_def_special_name.txt" = 0.08 s
[  317/31251] Prism::LexTest#"test_whitequark/bug_cmdarg.txt" = 0.21 s
[  318/31251] Prism::LexTest#"test_seattlerb/multiline_hash_declaration.txt" = 0.27 s
[  319/31251] Prism::LexTest#"test_seattlerb/block_arg_opt_splat.txt" = 0.16 s
[  320/31251] Prism::LexTest#"test_whitequark/character.txt" = 0.05 s
[  321/31251] Prism::LexTest#"test_whitequark/ambiuous_quoted_label_in_ternary_operator.txt" = 0.11
s
[  322/31251] Prism::LexTest#"test_unparser/corpus/literal/assignment.txt" = 3.85 s
[  323/31251] Prism::LexTest#"test_seattlerb/call_colon_parens.txt" = 0.07 s
[  324/31251] Prism::LexTest#"test_whitequark/nil_expression.txt" = 0.10 s
[  325/31251] Prism::LexTest#"test_whitequark/args_star.txt" = 0.17 s
[  326/31251] Prism::LexTest#"test_whitequark/send_block_chain_cmd.txt" = 0.72 s
[  327/31251] Prism::LexTest#"test_unparser/corpus/literal/opasgn.txt" = 1.38 s
[  328/31251] Prism::LexTest#"test_seattlerb/defn_endless_command_rescue.txt" = 0.11 s
[  329/31251] Prism::LexTest#"test_seattlerb/alias_resword.txt" = 0.07 s
[  330/31251] Prism::LexTest#"test_whitequark/args_args_star.txt" = 0.20 s
[  331/31251] Prism::LexTest#"test_symbols.txt" = 2.37 s
[  332/31251] Prism::LexTest#"test_whitequark/ivar.txt" = 0.05 s
[  333/31251] Prism::LexTest#"test_seattlerb/block_decomp_arg_splat.txt" = 0.13 s
[  334/31251] Prism::LexTest#"test_not.txt" = 0.83 s
[  335/31251] Prism::LexTest#"test_seattlerb/bug_hash_interp_array.txt" = 0.11 s
[  336/31251] Prism::LexTest#"test_whitequark/xstring_plain.txt" = 0.07 s
[  337/31251] Prism::LexTest#"test_seattlerb/masgn_colon3.txt" = 0.12 s
[  338/31251] Prism::LexTest#"test_whitequark/bug_481.txt" = 0.16 s
[  339/31251] Prism::LexTest#"test_seattlerb/iter_args_11_1.txt" = 0.18 s
[  340/31251] Prism::LexTest#"test_whitequark/non_lvar_injecting_match.txt" = 0.13 s
[  341/31251] Prism::LexTest#"test_seattlerb/difficult2_.txt" = 0.16 s
[  342/31251] Prism::LexTest#"test_repeat_parameters.txt" = 1.91 s
[  343/31251] Prism::LexTest#"test_unparser/corpus/literal/class.txt" = 0.95 s
[  344/31251] Prism::LexTest#"test_whitequark/rescue.txt" = 0.12 s
[  345/31251] Prism::LexTest#"test_whitequark/array_words_interp.txt" = 0.51 s
[  346/31251] Prism::LexTest#"test_whitequark/casgn_toplevel.txt" = 0.08 s
[  347/31251] Prism::LexTest#"test_whitequark/ruby_bug_15789.txt" = 0.27 s
[  348/31251] Prism::LexTest#"test_whitequark/dedenting_interpolating_heredoc_fake_line_continuation
.txt" = 0.12 s
[  349/31251] Prism::LexTest#"test_seattlerb/call_trailing_dots.txt" = 0.10 s
[  350/31251] Prism::LexTest#"test_whitequark/parser_bug_525.txt" = 0.17 s
[  351/31251] Prism::LexTest#"test_whitequark/forward_args_legacy.txt" = 0.34 s
[  352/31251] Prism::LexTest#"test_seattlerb/block_call_operation_dot.txt" = 0.11 s
[  353/31251] Prism::LexTest#"test_seattlerb/difficult3_4.txt" = 0.10 s
[  354/31251] Prism::LexTest#"test_seattlerb/parse_line_trailing_newlines.txt" = 0.20 s
[  355/31251] Prism::LexTest#"test_heredoc_with_escaped_newline_at_start.txt" = 0.25 s
[  356/31251] Prism::LexTest#"test_seattlerb/iter_args_11_2.txt" = 0.20 s
[  357/31251] Prism::LexTest#"test_whitequark/blockargs.txt" = 4.43 s
[  358/31251] Prism::LexTest#"test_whitequark/when_splat.txt" = 0.18 s
[  359/31251] Prism::LexTest#"test_whitequark/restarg_named.txt" = 0.11 s
[  360/31251] Prism::LexTest#"test_indented_file_end.txt" = 0.10 s
[  361/31251] Prism::LexTest#"test_whitequark/if_else.txt" = 0.22 s
[  362/31251] Prism::LexTest#"test_whitequark/string_plain.txt" = 0.11 s
[  363/31251] Prism::LexTest#"test_seattlerb/parse_until_not_canonical.txt" = 0.13 s
[  364/31251] Prism::LexTest#"test_seattlerb/masgn_star.txt" = 0.07 s
[  365/31251] Prism::LexTest#"test_whitequark/lbrace_arg_after_command_args.txt" = 0.14 s
[  366/31251] Prism::LexTest#"test_seattlerb/iter_args_9_1.txt" = 0.24 s
[  367/31251] Prism::LexTest#"test_seattlerb/mlhs_back_splat.txt" = 0.13 s
[  368/31251] Prism::LexTest#"test_whitequark/ruby_bug_11873.txt" = 1.78 s
[  369/31251] Prism::LexTest#"test_whitequark/endless_method.txt" = 0.51 s
[  370/31251] Prism::LexTest#"test_seattlerb/parse_pattern_019.txt" = 0.16 s
[  371/31251] Prism::LexTest#"test_seattlerb/iter_args_3.txt" = 0.16 s
[  372/31251] Prism::LexTest#"test_whitequark/multiple_pattern_matches.txt" = 0.41 s
[  373/31251] Prism::LexTest#"test_seattlerb/str_pct_q.txt" = 0.06 s
[  374/31251] Prism::LexTest#"test_seattlerb/call_gt.txt" = 0.07 s
[  375/31251] Prism::LexTest#"test_seattlerb/block_scope.txt" = 0.11 s
[  376/31251] Prism::LexTest#"test_whitequark/string___FILE__.txt" = 0.05 s
[  377/31251] Prism::LexTest#"test_tilde_heredocs.txt" = 2.46 s
[  378/31251] Prism::LexTest#"test_whitequark/procarg0.txt" = 0.33 s
[  379/31251] Prism::LexTest#"test_seattlerb/const_op_asgn_or.txt" = 0.08 s
[  380/31251] Prism::LexTest#"test_seattlerb/heredoc_bad_oct_escape.txt" = 0.11 s
[  381/31251] Prism::LexTest#"test_seattlerb/defn_comments.txt" = 0.11 s
[  382/31251] Prism::LexTest#"test_whitequark/if_mod.txt" = 0.07 s
[  383/31251] Prism::LexTest#"test_seattlerb/parse_line_to_ary.txt" = 0.11 s
[  384/31251] Prism::LexTest#"test_whitequark/bug_rescue_empty_else.txt" = 0.11 s
[  385/31251] Prism::LexTest#"test_emoji_method_calls.txt" = 0.19 s
[  386/31251] Prism::LexTest#"test_whitequark/parser_bug_645.txt" = 0.12 s
[  387/31251] Prism::LexTest#"test_whitequark/bug_regex_verification.txt" = 0.07 s
[  388/31251] Prism::LexTest#"test_classes.txt" = 1.54 s
[  389/31251] Prism::LexTest#"test_whitequark/masgn_splat.txt" = 0.92 s
[  390/31251] Prism::LexTest#"test_whitequark/super_block.txt" = 0.14 s
[  391/31251] Prism::LexTest#"test_seattlerb/parse_line_iter_call_no_parens.txt" = 0.17 s
[  392/31251] Prism::LexTest#"test_whitequark/beginless_erange_after_newline.txt" = 0.08 s
[  393/31251] Prism::LexTest#"test_seattlerb/lasgn_call_bracket_rescue_arg.txt" = 0.11 s
[  394/31251] Prism::LexTest#"test_whitequark/ruby_bug_10653.txt" = 0.39 s
[  395/31251] Prism::LexTest#"test_seattlerb/parse_line_dstr_escaped_newline.txt" = 0.11 s
[  396/31251] Prism::LexTest#"test_seattlerb/difficult3__11.txt" = 0.13 s
[  397/31251] Prism::LexTest#"test_seattlerb/bdot2.txt" = 0.12 s
[  398/31251] Prism::LexTest#"test_seattlerb/label_vs_string.txt" = 0.08 s
[  399/31251] Prism::LexTest#"test_whitequark/space_args_arg_call.txt" = 0.09 s
[  400/31251] Prism::LexTest#"test_variables.txt" = 1.75 s
[  401/31251] Prism::LexTest#"test_whitequark/endless_comparison_method.txt" = 0.57 s
[  402/31251] Prism::LexTest#"test_regex_char_width.txt" = 0.17 s
[  403/31251] Prism::LexTest#"test_seattlerb/case_in_42.txt" = 0.16 s
[  404/31251] Prism::LexTest#"test_seattlerb/case_in_37.txt" = 0.20 s
[  405/31251] Prism::LexTest#"test_seattlerb/parse_line_defn_no_parens_args.txt" = 0.09 s
[  406/31251] Prism::LexTest#"test_whitequark/ternary.txt" = 0.09 s
[  407/31251] Prism::LexTest#"test_seattlerb/words_interp.txt" = 0.09 s
[  408/31251] Prism::LexTest#"test_seattlerb/call_bang_command_call.txt" = 0.09 s
[  409/31251] Prism::LexTest#"test_whitequark/gvasgn.txt" = 0.07 s
[  410/31251] Prism::LexTest#"test_seattlerb/parse_pattern_058.txt" = 0.24 s
[  411/31251] Prism::LexTest#"test_seattlerb/symbols_interp.txt" = 0.10 s
[  412/31251] Prism::LexTest#"test_seattlerb/assoc_label.txt" = 0.08 s
[  413/31251] Prism::LexTest#"test_seattlerb/bug191.txt" = 0.24 s
[  414/31251] Prism::LexTest#"test_seattlerb/defn_reg_opt_reg.txt" = 0.15 s
[  415/31251] Prism::LexTest#"test_seattlerb/const_2_op_asgn_or2.txt" = 0.09 s
[  416/31251] Prism::LexTest#"test_unparser/corpus/literal/rescue.txt" = 0.20 s
[  417/31251] Prism::LexTest#"test_whitequark/while.txt" = 0.16 s
[  418/31251] Prism::LexTest#"test_whitequark/kwnilarg.txt" = 0.34 s
[  419/31251] Prism::LexTest#"test_seattlerb/call_arg_assoc.txt" = 0.12 s
[  420/31251] Prism::LexTest#"test_whitequark/case_expr_else.txt" = 0.17 s
[  421/31251] Prism::LexTest#"test_seattlerb/call_and.txt" = 0.07 s
[  422/31251] Prism::LexTest#"test_seattlerb/block_paren_splat.txt" = 0.14 s
[  423/31251] Prism::LexTest#"test_whitequark/self.txt" = 0.05 s
[  424/31251] Prism::LexTest#"test_whitequark/and_or_masgn.txt" = 0.30 s
[  425/31251] Prism::LexTest#"test_whitequark/postexe.txt" = 0.08 s
[  426/31251] Prism::LexTest#"test_seattlerb/defn_opt_reg.txt" = 0.13 s
[  427/31251] Prism::LexTest#"test_seattlerb/heredoc_with_only_carriage_returns.txt" = 0.08 s
[  428/31251] Prism::LexTest#"test_method_calls.txt" = 7.19 s
[  429/31251] Prism::LexTest#"test_seattlerb/call_colon2.txt" = 0.07 s
[  430/31251] Prism::LexTest#"test_seattlerb/heredoc_squiggly_visually_blank_lines.txt" = 0.18 s
[  431/31251] Prism::LexTest#"test_seattlerb/symbols.txt" = 0.10 s
[  432/31251] Prism::LexTest#"test_seattlerb/parse_line_iter_call_parens.txt" = 0.19 s
[  433/31251] Prism::LexTest#"test_whitequark/args_args_comma.txt" = 0.08 s
[  434/31251] Prism::LexTest#"test_seattlerb/safe_op_asgn.txt" = 0.10 s
[  435/31251] Prism::LexTest#"test_rescue_modifier.txt" = 0.44 s
[  436/31251] Prism::LexTest#"test_whitequark/array_words_empty.txt" = 0.09 s
[  437/31251] Prism::LexTest#"test_keywords.txt" = 0.27 s
[  438/31251] Prism::LexTest#"test_whitequark/hash_label_end.txt" = 0.39 s
[  439/31251] Prism::LexTest#"test_whitequark/send_self_block.txt" = 0.26 s
[  440/31251] Prism::LexTest#"test_range_end_open_inclusive.txt" = 0.06 s
[  441/31251] Prism::LexTest#"test_seattlerb/bug_hash_args_trailing_comma.txt" = 0.12 s
[  442/31251] Prism::LexTest#"test_seattlerb/quoted_symbol_hash_arg.txt" = 0.09 s
[  443/31251] Prism::LexTest#"test_seattlerb/stabby_block_kw__required.txt" = 0.09 s
[  444/31251] Prism::LexTest#"test_seattlerb/difficult3__6.txt" = 0.24 s
[  445/31251] Prism::LexTest#"test_whitequark/ruby_bug_12669.txt" = 0.37 s
[  446/31251] Prism::LexTest#"test_whitequark/__ENCODING___legacy_.txt" = 0.05 s
[  447/31251] Prism::LexTest#"test_whitequark/masgn_cmd.txt" = 0.10 s
[  448/31251] Prism::LexTest#"test_defined.txt" = 0.58 s
[  449/31251] Prism::LexTest#"test_whitequark/parser_bug_604.txt" = 0.10 s
[  450/31251] Prism::LexTest#"test_whitequark/kwrestarg_unnamed.txt" = 0.10 s
[  451/31251] Prism::LexTest#"test_seattlerb/heredoc_squiggly_blank_lines.txt" = 0.17 s
[  452/31251] Prism::LexTest#"test_seattlerb/case_in_or.txt" = 0.17 s
[  453/31251] Prism::LexTest#"test_seattlerb/safe_call.txt" = 0.07 s
[  454/31251] Prism::LexTest#"test_whitequark/unless_mod.txt" = 0.07 s
[  455/31251] Prism::LexTest#"test_whitequark/forward_arg_with_open_args.txt" = 1.33 s
[  456/31251] Prism::LexTest#"test_whitequark/send_index_asgn_legacy.txt" = 0.11 s
[  457/31251] Prism::LexTest#"test_heredocs_leading_whitespace.txt" = 0.36 s
[  458/31251] Prism::LexTest#"test_seattlerb/rescue_do_end_raised.txt" = 0.23 s
[  459/31251] Prism::LexTest#"test_seattlerb/begin_rescue_ensure_no_bodies.txt" = 0.10 s
[  460/31251] Prism::LexTest#"test_whitequark/back_ref.txt" = 0.05 s
[  461/31251] Prism::LexTest#"test_seattlerb/case_in_hash_pat.txt" = 0.25 s
[  462/31251] Prism::LexTest#"test_unescaping.txt" = 0.24 s
[  463/31251] Prism::LexTest#"test_whitequark/op_asgn_cmd.txt" = 0.37 s
[  464/31251] Prism::LexTest#"test_seattlerb/difficult4__leading_dots2.txt" = 0.08 s
[  465/31251] Prism::LexTest#"test_seattlerb/call_args_assoc_trailing_comma.txt" = 0.12 s
[  466/31251] Prism::LexTest#"test_embdoc_no_newline_at_end.txt" = 0.05 s
[  467/31251] Prism::LexTest#"test_seattlerb/block_call_dot_op2_brace_block.txt" = 0.19 s
[  468/31251] Prism::LexTest#"test_whitequark/args_block_pass.txt" = 0.08 s
[  469/31251] Prism::LexTest#"test_whitequark/bug_heredoc_do.txt" = 0.16 s
[  470/31251] Prism::LexTest#"test_seattlerb/lambda_do_vs_brace.txt" = 0.29 s
[  471/31251] Prism::LexTest#"test_single_quote_heredocs.txt" = 0.07 s
[  472/31251] Prism::LexTest#"test_seattlerb/bug_call_arglist_parens.txt" = 0.38 s
[  473/31251] Prism::LexTest#"test_seattlerb/block_args_opt2.txt" = 0.22 s
[  474/31251] Prism::LexTest#"test_seattlerb/case_in_67.txt" = 0.14 s
[  475/31251] Prism::LexTest#"test_whitequark/send_binary_op.txt" = 1.15 s
[  476/31251] Prism::LexTest#"test_whitequark/ruby_bug_12073.txt" = 0.25 s
[  477/31251] Prism::LexTest#"test_single_method_call_with_bang.txt" = 0.05 s
[  478/31251] Prism::LexTest#"test_seattlerb/iter_args_7_1.txt" = 0.14 s
[  479/31251] Prism::LexTest#"test_seattlerb/case_in_hash_pat_paren_true.txt" = 0.17 s
[  480/31251] Prism::LexTest#"test_seattlerb/difficult6__8.txt" = 0.18 s
[  481/31251] Prism::LexTest#"test_seattlerb/heredoc_with_extra_carriage_returns.txt" = 0.08 s
[  482/31251] Prism::LexTest#"test_whitequark/ruby_bug_9669.txt" = 0.21 s
[  483/31251] Prism::LexTest#"test_whitequark/array_symbols_interp.txt" = 0.17 s
[  484/31251] Prism::LexTest#"test_whitequark/case_cond.txt" = 0.13 s
[  485/31251] Prism::LexTest#"test_whitequark/alias.txt" = 0.08 s
[  486/31251] Prism::LexTest#"test_whitequark/asgn_cmd.txt" = 11.93 s
[  487/31251] Prism::LexTest#"test_whitequark/array_splat.txt" = 0.23 s
[  488/31251] Prism::LexTest#"test_whitequark/begin_cmdarg.txt" = 0.13 s
[  489/31251] Prism::LexTest#"test_whitequark/pattern_matching_else.txt" = 0.16 s
[  490/31251] Prism::LexTest#"test_seattlerb/const_op_asgn_and2.txt" = 0.08 s
[  491/31251] Prism::LexTest#"test_seattlerb/regexp_esc_u.txt" = 0.07 s
[  492/31251] Prism::LexTest#"test_seattlerb/case_in_find_array.txt" = 0.19 s
[  493/31251] Prism::LexTest#"test_whitequark/cond_begin_masgn.txt" = 1.38 s
[  494/31251] Prism::LexTest#"test_whitequark/pattern_matching_single_line.txt" = 0.19 s
[  495/31251] Prism::LexTest#"test_seattlerb/op_asgn_dot_ident_command_call.txt" = 0.10 s
[  496/31251] Prism::LexTest#"test_whitequark/rational.txt" = 0.08 s
[  497/31251] Prism::LexTest#"test_seattlerb/str_single_double_escaped_newline.txt" = 0.16 s
[  498/31251] Prism::LexTest#"test_seattlerb/call_kwsplat.txt" = 0.08 s
[  499/31251] Prism::LexTest#"test_seattlerb/masgn_arg_ident.txt" = 0.11 s
[  500/31251] Prism::LexTest#"test_yield.txt" = 0.44 s
[  501/31251] Prism::LexTest#"test_heredoc_with_comment.txt" = 0.10 s
[  502/31251] Prism::LexTest#"test_whitequark/space_args_arg.txt" = 0.08 s
[  503/31251] Prism::LexTest#"test_seattlerb/if_elsif.txt"^[[A = 0.11 s
^[[A^[[A^[[A[  504/31251] Prism::LexTest#"test_hashes.txt"^[[A^[[A^[[A^[[A^[[A^[[A^[[A^[[A^[[A^[[A^[
[A^[[A^[[A^[[A^[[A^[[A^[[A^[[A^[[A^[[A^[[A^[[A^[[A^[[A^[[A^[[A^[[A^[[A^[[A^[[A^[[A^[[A^[[A^[[A^[[A^[
[A^[[A^[[A^[[A^[[A^[[A^[[A^[[A = 1.01 s
[  505/31251] Prism::LexTest#"test_seattlerb/call_stabby_with_braces_block.txt" = 0.12 s
[  506/31251] Prism::LexTest#"test_seattlerb/call_leading_dots.txt" = 0.11 s
[  507/31251] Prism::LexTest#"test_seattlerb/defs_endless_command_rescue.txt" = 0.13 s
[  508/31251] Prism::LexTest#"test_seattlerb/dsym_esc_to_sym.txt" = 0.07 s
[  509/31251] Prism::LexTest#"test_whitequark/ruby_bug_11989.txt" = 0.10 s
[  510/31251] Prism::LexTest#"test_whitequark/not_cmd.txt" = 0.07 s
[  511/31251] Prism::LexTest#"test_whitequark/masgn_attr.txt" = 0.38 s
[  512/31251] Prism::LexTest#"test_seattlerb/defn_kwarg_no_parens.txt" = 0.10 s
[  513/31251] Prism::LexTest#"test_seattlerb/lasgn_env.txt" = 0.07 s
[  514/31251] Prism::LexTest#"test_whitequark/send_lambda_args_noparen.txt" = 0.15 s
[  515/31251] Prism::LexTest#"test_whitequark/forwarded_kwrestarg_with_additional_kwarg.txt" = 0.18
s
[  516/31251] Prism::LexTest#"test_seattlerb/parse_line_return.txt" = 0.18 s
[  517/31251] Prism::LexTest#"test_unparser/corpus/literal/pragma.txt" = 0.17 s
[  518/31251] Prism::LexTest#"test_seattlerb/regexp_escape_extended.txt" = 0.07 s
[  519/31251] Prism::LexTest#"test_whitequark/bug_do_block_in_hash_brace.txt" = 1.24 s
[  520/31251] Prism::LexTest#"test_seattlerb/masgn_lhs_splat.txt" = 0.16 s
[  521/31251] Prism::LexTest#"test_whitequark/rescue_else_ensure.txt" = 0.32 s
[  522/31251] Prism::LexTest#"test_undef.txt" = 0.70 s
[  523/31251] Prism::LexTest#"test_whitequark/var_op_asgn_cmd.txt" = 0.13 s
[  524/31251] Prism::LexTest#"test_unparser/corpus/semantic/literal.txt" = 0.62 s
[  525/31251] Prism::LexTest#"test_seattlerb/parse_line_dot3.txt" = 0.18 s
[  526/31251] Prism::LexTest#"test_whitequark/asgn_mrhs.txt" = 0.29 s
[  527/31251] Prism::LexTest#"test_seattlerb/defn_kwarg_kwsplat.txt" = 0.17 s
[  528/31251] Prism::LexTest#"test_whitequark/anonymous_blockarg.txt" = 0.15 s
[  529/31251] Prism::LexTest#"test_seattlerb/bug202.txt" = 0.16 s
[  530/31251] Prism::LexTest#"test_seattlerb/bug_masgn_right.txt" = 0.24 s
[  531/31251] Prism::LexTest#"test_seattlerb/mlhs_back_anonsplat.txt" = 0.22 s
[  532/31251] Prism::LexTest#"test_seattlerb/heredoc_squiggly_blank_line_plus_interpolation.txt" = 0
.36 s
[  533/31251] Prism::LexTest#"test_seattlerb/block_args_no_kwargs.txt" = 0.11 s
[  534/31251] Prism::LexTest#"test_whitequark/array_symbols_empty.txt" = 0.09 s
[  535/31251] Prism::LexTest#"test_booleans.txt" = 0.08 s
[  536/31251] Prism::LexTest#"test_whitequark/case_cond_else.txt" = 0.23 s
[  537/31251] Prism::LexTest#"test_seattlerb/str_str_str.txt" = 0.12 s
[  538/31251] Prism::LexTest#"test_whitequark/while_post.txt" = 0.17 s
[  539/31251] Prism::LexTest#"test_seattlerb/heredoc_with_carriage_return_escapes.txt" = 0.13 s
[  540/31251] Prism::LexTest#"test_whitequark/cond_iflipflop_with_beginless_range.txt" = 0.13 s
[  541/31251] Prism::LexTest#"test_seattlerb/safe_call_dot_parens.txt" = 0.07 s
[  542/31251] Prism::LexTest#"test_seattlerb/safe_attrasgn_constant.txt" = 0.09 s
[  543/31251] Prism::LexTest#"test_unparser/corpus/semantic/while.txt" = 1.04 s
[  544/31251] Prism::LexTest#"test_seattlerb/mlhs_mid_splat.txt" = 0.32 s
[  545/31251] Prism::LexTest#"test_seattlerb/symbol_list.txt" = 0.16 s
[  546/31251] Prism::LexTest#"test_whitequark/parser_bug_830.txt" = 0.07 s
[  547/31251] Prism::LexTest#"test_seattlerb/parse_line_postexe.txt" = 0.14 s
[  548/31251] Prism::LexTest#"test_keyword_method_names.txt" = 1.08 s
[  549/31251] Prism::LexTest#"test_seattlerb/difficult4__leading_dots.txt" = 0.07 s
[  550/31251] Prism::LexTest#"test_whitequark/symbol_interp.txt" = 0.20 s
[  551/31251] Prism::LexTest#"test_seattlerb/iter_args_2__19.txt" = 0.18 s
[  552/31251] Prism::LexTest#"test_whitequark/const_unscoped.txt" = 0.05 s
[  553/31251] Prism::LexTest#"test_whitequark/xstring_interp.txt" = 0.10 s
[  554/31251] Prism::LexTest#"test_seattlerb/bug236.txt" = 0.27 s
[  555/31251] Prism::LexTest#"test_whitequark/or.txt" = 0.17 s
[  556/31251] Prism::LexTest#"test_whitequark/cond_iflipflop.txt" = 0.26 s
[  557/31251] Prism::LexTest#"test_unparser/corpus/literal/def.txt" = 5.41 s
[  558/31251] Prism::LexTest#"test_seattlerb/symbol_empty.txt" = 0.06 s
[  559/31251] Prism::LexTest#"test_seattlerb/defn_endless_command.txt" = 0.14 s
[  560/31251] Prism::LexTest#"test_whitequark/ruby_bug_11990.txt" = 0.13 s
[  561/31251] Prism::LexTest#"test_seattlerb/heredoc_bad_hex_escape.txt" = 0.09 s
[  562/31251] Prism::LexTest#"test_seattlerb/defn_args_forward_args.txt" = 0.35 s
[  563/31251] Prism::LexTest#"test_begin_rescue.txt" = 2.89 s
[  564/31251] Prism::LexTest#"test_unparser/corpus/semantic/opasgn.txt" = 0.31 s
[  565/31251] Prism::LexTest#"test_seattlerb/call_array_arg.txt" = 0.16 s
[  566/31251] Prism::LexTest#"test_whitequark/array_plain.txt" = 0.08 s
[  567/31251] Prism::LexTest#"test_seattlerb/class_comments.txt" = 0.22 s
[  568/31251] Prism::LexTest#"test_whitequark/gvar.txt" = 0.05 s
[  569/31251] Prism::LexTest#"test_seattlerb/block_arg_opt_splat_arg_block_omfg.txt" = 0.37 s
[  570/31251] Prism::LexTest#"test_seattlerb/str_evstr_escape.txt" = 0.15 s
[  571/31251] Prism::LexTest#"test_whitequark/forward_arg.txt" = 0.19 s
[  572/31251] Prism::LexTest#"test_whitequark/var_op_asgn.txt" = 0.41 s
[  573/31251] Prism::LexTest#"test_seattlerb/call_carat.txt" = 0.07 s
[  574/31251] Prism::LexTest#"test_seattlerb/backticks_interpolation_line.txt" = 0.19 s
[  575/31251] Prism::LexTest#"test_seattlerb/attrasgn_array_arg.txt" = 0.18 s
[  576/31251] Prism::LexTest#"test_whitequark/return.txt" = 0.23 s
[  577/31251] Prism::LexTest#"test_seattlerb/bug_op_asgn_rescue.txt" = 0.18 s
[  578/31251] Prism::LexTest#"test_whitequark/space_args_cmd.txt" = 0.14 s
[  579/31251] Prism::LexTest#"test_whitequark/nth_ref.txt" = 0.05 s
[  580/31251] Prism::LexTest#"test_seattlerb/pct_w_heredoc_interp_nested.txt" = 0.33 s
[  581/31251] Prism::LexTest#"test_seattlerb/defs_oneliner_eq2.txt" = 0.26 s
[  582/31251] Prism::LexTest#"test_whitequark/bug_447.txt" = 0.26 s
[  583/31251] Prism::LexTest#"test_seattlerb/symbols_empty_space.txt" = 0.11 s
[  584/31251] Prism::LexTest#"test_seattlerb/defn_oneliner_noargs.txt" = 0.13 s
[  585/31251] Prism::LexTest#"test_seattlerb/parse_line_heredoc.txt" = 0.20 s
[  586/31251] Prism::LexTest#"test_seattlerb/f_kw.txt" = 0.14 s
[  587/31251] Prism::LexTest#"test_whitequark/until.txt" = 0.26 s
[  588/31251] Prism::LexTest#"test_range_begin_open_inclusive.txt" = 0.06 s
[  589/31251] Prism::LexTest#"test_whitequark/const_op_asgn.txt" = 0.60 s
[  590/31251] Prism::LexTest#"test_whitequark/const_toplevel.txt" = 0.06 s
[  591/31251] Prism::LexTest#"test_seattlerb/defn_powarg.txt" = 0.15 s
[  592/31251] Prism::LexTest#"test_seattlerb/parse_line_block_inline_multiline_comment.txt" = 0.21 s
[  593/31251] Prism::LexTest#"test_heredocs_nested.txt" = 0.56 s
[  594/31251] Prism::LexTest#"test_seattlerb/difficult3_.txt" = 0.26 s
[  595/31251] Prism::LexTest#"test_seattlerb/parse_line_hash_lit.txt" = 0.16 s
[  596/31251] Prism::LexTest#"test_seattlerb/call_assoc_trailing_comma.txt" = 0.13 s
[  597/31251] Prism::LexTest#"test_dos_endings.txt" = 0.75 s
[  598/31251] Prism::LexTest#"test_seattlerb/super_arg.txt" = 0.06 s
[  599/31251] Prism::LexTest#"test_seattlerb/defs_as_arg_with_do_block_inside.txt" = 0.17 s
[  600/31251] Prism::LexTest#"test_seattlerb/parse_line_preexe.txt" = 0.10 s
[  601/31251] Prism::LexTest#"test_seattlerb/defn_splat_arg.txt" = 0.11 s
[  602/31251] Prism::LexTest#"test_whitequark/method_definition_in_while_cond.txt" = 0.74 s
[  603/31251] Prism::LexTest#"test_whitequark/parser_slash_slash_n_escaping_in_literals.txt" = 1.07
s
[  604/31251] Prism::LexTest#"test_seattlerb/call_begin_call_block_call.txt" = 0.13 s
[  605/31251] Prism::LexTest#"test_patterns.txt" = 16.80 s
[  606/31251] Prism::LexTest#"test_seattlerb/bug_hash_args.txt" = 0.11 s
[  607/31251] Prism::LexTest#test_parse_lex_file = 0.32 s
[  608/31251] Prism::LexTest#"test_seattlerb/block_opt_arg.txt" = 0.13 s
[  609/31251] Prism::LexTest#"test_whitequark/masgn.txt" = 0.31 s
[  610/31251] Prism::LexTest#"test_whitequark/bug_473.txt" = 0.10 s
[  611/31251] Prism::LexTest#"test_seattlerb/safe_attrasgn.txt" = 0.08 s
[  612/31251] Prism::LexTest#"test_whitequark/kwarg.txt" = 0.10 s
[  613/31251] Prism::LexTest#"test_whitequark/unary_num_pow_precedence.txt" = 0.18 s
[  614/31251] Prism::LexTest#"test_seattlerb/bug179.txt" = 0.08 s
[  615/31251] Prism::LexTest#"test_seattlerb/mlhs_rescue.txt" = 0.11 s
[  616/31251] Prism::LexTest#"test_seattlerb/case_in_hash_pat_paren_assign.txt" = 0.17 s
[  617/31251] Prism::LexTest#"test_seattlerb/regexp_unicode_curlies.txt" = 0.19 s
[  618/31251] Prism::LexTest#"test_super.txt" = 0.63 s
[  619/31251] Prism::LexTest#"test_whitequark/send_conditional.txt" = 0.07 s
[  620/31251] Prism::LexTest#"test_ranges.txt" = 1.56 s
[  621/31251] Prism::LexTest#"test_rescue.txt" = 1.33 s
[  622/31251] Prism::LexTest#"test_whitequark/arg.txt" = 0.19 s
[  623/31251] Prism::LexTest#"test_seattlerb/bug_and.txt" = 0.13 s
[  624/31251] Prism::LexTest#"test_seattlerb/iter_args_10_1.txt" = 0.15 s
[  625/31251] Prism::LexTest#"test_seattlerb/difficult3__8.txt" = 0.23 s
[  626/31251] Prism::LexTest#"test_seattlerb/call_star2.txt" = 0.07 s
[  627/31251] Prism::LexTest#"test_seattlerb/const_3_op_asgn_or.txt" = 0.07 s
[  628/31251] Prism::LexTest#"test_seattlerb/stabby_block_iter_call.txt" = 0.16 s
[  629/31251] Prism::LexTest#"test_whitequark/bug_def_no_paren_eql_begin.txt" = 0.09 s
[  630/31251] Prism::LexTest#"test_seattlerb/block_return.txt" = 0.12 s
[  631/31251] Prism::LexTest#"test_whitequark/cond_iflipflop_with_endless_range.txt" = 0.15 s
[  632/31251] Prism::LexTest#"test_whitequark/ruby_bug_13547.txt" = 0.08 s
[  633/31251] Prism::LexTest#"test_whitequark/range_exclusive.txt" = 0.06 s
[  634/31251] Prism::LexTest#"test_whitequark/int___LINE__.txt" = 0.05 s
[  635/31251] Prism::LexTest#"test_seattlerb/interpolated_word_array_line_breaks.txt" = 0.12 s
[  636/31251] Prism::LexTest#"test_seattlerb/defs_oneliner.txt" = 0.14 s
[  637/31251] Prism::LexTest#"test_seattlerb/parse_line_block_inline_comment.txt" = 0.08 s
[  638/31251] Prism::LexTest#"test_procs.txt" = 1.60 s
[  639/31251] Prism::LexTest#"test_whitequark/restarg_unnamed.txt" = 0.10 s
[  640/31251] Prism::LexTest#"test_seattlerb/defn_opt_splat_arg.txt" = 0.15 s
[  641/31251] Prism::LexTest#"test_seattlerb/parse_line_block.txt" = 0.10 s
[  642/31251] Prism::LexTest#"test_unparser/corpus/literal/while.txt" = 2.24 s
[  643/31251] Prism::LexTest#"test_seattlerb/qsymbols_empty_space.txt" = 0.07 s
[  644/31251] Prism::LexTest#"test_seattlerb/index_0.txt" = 0.09 s
[  645/31251] Prism::LexTest#"test_seattlerb/str_pct_Q_nested.txt" = 0.10 s
[  646/31251] Prism::LexTest#"test_seattlerb/difficult0_.txt" = 0.22 s
[  647/31251] Prism::LexTest#"test_seattlerb/case_in_array_pat_const.txt" = 0.16 s
[  648/31251] Prism::LexTest#"test_whitequark/send_unary_op.txt" = 0.13 s
[  649/31251] Prism::LexTest#"test_seattlerb/block_opt_splat_arg_block_omfg.txt" = 0.18 s
[  650/31251] Prism::LexTest#"test_seattlerb/iter_args_8_2.txt" = 0.18 s
[  651/31251] Prism::LexTest#"test_seattlerb/read_escape_unicode_curlies.txt" = 0.05 s
[  652/31251] Prism::LexTest#"test_seattlerb/parse_line_call_ivar_line_break_paren.txt" = 0.17 s
[  653/31251] Prism::LexTest#"test_whitequark/rescue_mod.txt" = 0.07 s
[  654/31251] Prism::LexTest#"test_seattlerb/call_bang_squiggle.txt" = 0.07 s
[  655/31251] Prism::LexTest#"test_endless_methods.txt" = 0.25 s
[  656/31251] Prism::LexTest#"test_whitequark/parser_drops_truncated_parts_of_squiggly_heredoc.txt"
= 0.12 s
[  657/31251] Prism::LexTest#"test_seattlerb/call_lt.txt" = 0.07 s
[  658/31251] Prism::LexTest#"test_whitequark/pattern_matching_blank_else.txt" = 0.22 s
[  659/31251] Prism::LexTest#"test_whitequark/pattern_matching__FILE__LINE_literals.txt" = 0.24 s
[  660/31251] Prism::LexTest#"test_seattlerb/defn_opt_last_arg.txt" = 0.11 s
[  661/31251] Prism::LexTest#"test_whitequark/rescue_mod_op_assign.txt" = 0.09 s
[  662/31251] Prism::LexTest#"test_whitequark/preexe.txt" = 0.08 s
[  663/31251] Prism::LexTest#"test_unparser/corpus/literal/since/31.txt" = 0.35 s
[  664/31251] Prism::LexTest#"test_unparser/corpus/semantic/kwbegin.txt" = 0.85 s
[  665/31251] Prism::LexTest#"test_seattlerb/defn_oneliner_rescue.txt" = 0.54 s
[  666/31251] Prism::LexTest#"test_seattlerb/block_kw.txt" = 0.10 s
[  667/31251] Prism::LexTest#"test_seattlerb/slashy_newlines_within_string.txt" = 0.14 s
[  668/31251] Prism::LexTest#"test_seattlerb/do_bug.txt" = 0.16 s
[  669/31251] Prism::LexTest#"test_whitequark/cond_eflipflop.txt" = 0.16 s
[  670/31251] Prism::LexTest#"test_whitequark/ruby_bug_11873_a.txt" = 2.68 s
[  671/31251] Prism::LexTest#"test_seattlerb/block_arg_optional.txt" = 0.11 s
[  672/31251] Prism::LexTest#"test_seattlerb/parse_opt_call_args_assocs_comma.txt" = 0.10 s
[  673/31251] Prism::LexTest#"test_whitequark/false.txt" = 0.05 s
[  674/31251] Prism::LexTest#"test_regex_escape_encoding.txt" = 0.15 s
[  675/31251] Prism::LexTest#"test_seattlerb/block_arg__bare.txt" = 0.10 s
[  676/31251] Prism::LexTest#"test_seattlerb/parse_pattern_058_2.txt" = 0.27 s
[  677/31251] Prism::LexTest#"test_seattlerb/parse_line_block_inline_comment_leading_newlines.txt" =
 0.12 s
[  678/31251] Prism::LexTest#"test_whitequark/heredoc.txt" = 0.16 s
[  679/31251] Prism::LexTest#"test_seattlerb/magic_encoding_comment.txt" = 0.20 s
[  680/31251] Prism::LexTest#"test_seattlerb/masgn_colon2.txt" = 0.12 s
[  681/31251] Prism::LexTest#"test_whitequark/send_lambda.txt" = 0.23 s
[  682/31251] Prism::LexTest#"test_seattlerb/call_array_block_call.txt" = 0.12 s
[  683/31251] Prism::LexTest#"test_seattlerb/call_block_arg_named.txt" = 0.08 s
[  684/31251] Prism::LexTest#"test_unparser/corpus/literal/unary.txt" = 0.47 s
[  685/31251] Prism::LexTest#"test_unparser/corpus/literal/module.txt" = 0.51 s
[  686/31251] Prism::LexTest#"test_seattlerb/args_kw_block.txt" = 0.13 s
[  687/31251] Prism::LexTest#"test_seattlerb/masgn_paren.txt" = 0.12 s
[  688/31251] Prism::LexTest#"test_seattlerb/aref_args_lit_assocs.txt" = 0.11 s
[  689/31251] Prism::LexTest#"test_unparser/corpus/literal/singletons.txt" = 0.10 s
[  690/31251] Prism::LexTest#"test_seattlerb/heredoc_with_extra_carriage_returns_windows.txt" = 0.08
 s
[  691/31251] Prism::LexTest#"test_whitequark/bug_480.txt" = 0.19 s
[  692/31251] Prism::LexTest#"test_whitequark/send_plain.txt" = 0.16 s
[  693/31251] Prism::LexTest#"test_whitequark/not.txt" = 0.15 s
[  694/31251] Prism::LexTest#"test_seattlerb/str_double_newline.txt" = 0.09 s
[  695/31251] Prism::LexTest#"test_seattlerb/parse_line_heredoc_evstr.txt" = 0.11 s
[  696/31251] Prism::LexTest#"test_whitequark/kwoptarg.txt" = 0.11 s
[  697/31251] Prism::LexTest#"test_unparser/corpus/literal/variables.txt" = 0.31 s
[  698/31251] Prism::LexTest#"test_seattlerb/eq_begin_why_wont_people_use_their_spacebar.txt" = 0.13
 s
[  699/31251] Prism::LexTest#"test_seattlerb/iter_args_1.txt" = 0.12 s
[  700/31251] Prism::LexTest#"test_seattlerb/call_star.txt" = 0.07 s
[  701/31251] Prism::LexTest#"test_seattlerb/heredoc_with_interpolation_and_carriage_return_escapes_
windows.txt" = 0.10 s
[  702/31251] Prism::LexTest#"test_unparser/corpus/literal/alias.txt" = 0.12 s
[  703/31251] Prism::LexTest#"test_seattlerb/block_kwarg_lvar_multiple.txt" = 0.16 s
[  704/31251] Prism::LexTest#"test_seattlerb/stabby_proc_scope.txt" = 0.11 s
[  705/31251] Prism::LexTest#"test_seattlerb/call_array_lambda_block_call.txt" = 0.14 s
[  706/31251] Prism::LexTest#"test_whitequark/or_asgn.txt" = 0.17 s
[  707/31251] Prism::LexTest#"test_seattlerb/stabby_block_kw.txt" = 0.10 s
[  708/31251] Prism::LexTest#"test_seattlerb/call_arg_kwsplat.txt" = 0.10 s
[  709/31251] Prism::LexTest#"test_seattlerb/block_call_operation_colon.txt" = 0.11 s
[  710/31251] Prism::LexTest#"test_whitequark/op_asgn_index.txt" = 0.11 s
[  711/31251] Prism::LexTest#"test_seattlerb/case_in.txt" = 4.25 s
[  712/31251] Prism::LexTest#"test_whitequark/ternary_ambiguous_symbol.txt" = 0.13 s
[  713/31251] Prism::LexTest#"test_seattlerb/lasgn_ivar_env.txt" = 0.07 s
[  714/31251] Prism::LexTest#"test_whitequark/string_interp.txt" = 0.17 s
[  715/31251] Prism::LexTest#"test_seattlerb/masgn_var_star_var.txt" = 0.11 s
[  716/31251] Prism::LexTest#"test_seattlerb/block_reg_optarg.txt" = 0.14 s
[  717/31251] Prism::LexTest#"test_seattlerb/case_in_42_2.txt" = 0.16 s
[  718/31251] Prism::LexTest#"test_seattlerb/case_in_31.txt" = 0.18 s
[  719/31251] Prism::LexTest#"test_seattlerb/heredoc_with_not_global_interpolation.txt" = 0.07 s
[  720/31251] Prism::LexTest#"test_seattlerb/defn_no_kwargs.txt" = 0.18 s
[  721/31251] Prism::LexTest#"test_whitequark/kwoptarg_with_kwrestarg_and_forwarded_args.txt" = 0.17
 s
[  722/31251] Prism::LexTest#"test_seattlerb/expr_not_bang.txt" = 0.07 s
[  723/31251] Prism::LexTest#"test_whitequark/cond_eflipflop_with_endless_range.txt" = 0.08 s
[  724/31251] Prism::LexTest#"test_seattlerb/case_in_hash_pat_rest_solo.txt" = 0.15 s
[  725/31251] Prism::LexTest#"test_whitequark/parser_bug_989.txt" = 0.07 s
[  726/31251] Prism::LexTest#"test_seattlerb/heredoc_squiggly_tabs_extra.txt" = 0.22 s
[  727/31251] Prism::LexTest#"test_whitequark/lvar_injecting_match.txt" = 0.12 s
[  728/31251] Prism::LexTest#"test_seattlerb/parse_line_evstr_after_break.txt" = 0.11 s
[  729/31251] Prism::LexTest#"test_seattlerb/mlhs_front_splat.txt" = 0.13 s
[  730/31251] Prism::LexTest#"test_whitequark/if_elsif.txt" = 0.17 s
[  731/31251] Prism::LexTest#"test_unparser/corpus/semantic/def.txt" = 0.22 s
[  732/31251] Prism::LexTest#"test_seattlerb/defn_arg_forward_args.txt" = 0.17 s
[  733/31251] Prism::LexTest#"test_seattlerb/op_asgn_index_command_call.txt" = 0.13 s
[  734/31251] Prism::LexTest#"test_whitequark/newline_in_hash_argument.txt" = 0.38 s
[  735/31251] Prism::LexTest#"test_seattlerb/if_symbol.txt" = 0.10 s
[  736/31251] Prism::LexTest#"test_seattlerb/pct_Q_backslash_nl.txt" = 0.07 s
[  737/31251] Prism::LexTest#"test_seattlerb/bug_187.txt" = 0.14 s
[  738/31251] Prism::LexTest#"test_whitequark/while_mod.txt" = 0.07 s
[  739/31251] Prism::LexTest#"test_seattlerb/ruby21_numbers.txt" = 0.10 s
[  740/31251] Prism::LexTest#"test_break.txt" = 1.28 s
[  741/31251] Prism::LexTest#"test_seattlerb/block_kw__required.txt" = 0.10 s
[  742/31251] Prism::LexTest#"test_whitequark/args.txt" = 3.95 s
[  743/31251] Prism::LexTest#"test_seattlerb/lasgn_call_nobracket_rescue_arg.txt" = 0.10 s
[  744/31251] Prism::LexTest#"test_whitequark/resbody_var.txt" = 0.26 s
[  745/31251] Prism::LexTest#"test_seattlerb/qsymbols.txt" = 0.10 s
[  746/31251] Prism::LexTest#"test_whitequark/float.txt" = 0.08 s
[  747/31251] Prism::LexTest#"test_whitequark/const_scoped.txt" = 0.07 s
[  748/31251] Prism::LexTest#"test_range_beginless.txt" = 0.32 s
[  749/31251] Prism::LexTest#"test_command_method_call.txt" = 1.54 s
[  750/31251] Prism::LexTest#"test_seattlerb/bug_args_masgn2.txt" = 0.18 s
[  751/31251] Prism::LexTest#"test_seattlerb/rescue_parens.txt" = 0.10 s
[  752/31251] Prism::LexTest#"test_whitequark/ensure.txt" = 0.12 s
[  753/31251] Prism::LexTest#"test_seattlerb/difficult6_.txt" = 0.18 s
[  754/31251] Prism::LexTest#"test_whitequark/parser_bug_490.txt" = 0.48 s
[  755/31251] Prism::LexTest#"test_seattlerb/required_kwarg_no_value.txt" = 0.11 s
[  756/31251] Prism::LexTest#"test_whitequark/bug_ascii_8bit_in_literal.txt" = 0.07 s
[  757/31251] Prism::LexTest#"test_seattlerb/lasgn_arg_rescue_arg.txt" = 0.09 s
[  758/31251] Prism::LexTest#"test_whitequark/ruby_bug_12402.txt" = 1.44 s
[  759/31251] Prism::LexTest#"test_unparser/corpus/literal/empty.txt" = 0.03 s
[  760/31251] Prism::LexTest#"test_seattlerb/alias_gvar_backref.txt" = 0.07 s
[  761/31251] Prism::LexTest#"test_whitequark/bug_466.txt" = 0.17 s
[  762/31251] Prism::LexTest#"test_for.txt" = 0.74 s
[  763/31251] Prism::LexTest#"test_whitequark/def.txt" = 0.35 s
[  764/31251] Prism::LexTest#"test_whitequark/unless.txt" = 0.17 s
[  765/31251] Prism::LexTest#"test_seattlerb/heredoc_squiggly_interp.txt" = 0.21 s
[  766/31251] Prism::LexTest#"test_seattlerb/aref_args_assocs.txt" = 0.08 s
[  767/31251] Prism::LexTest#"test_seattlerb/case_in_if_unless_post_mod.txt" = 0.23 s
[  768/31251] Prism::LexTest#"test_whitequark/cvasgn.txt" = 0.07 s
[  769/31251] Prism::LexTest#"test_seattlerb/case_in_multiple.txt" = 0.22 s
[  770/31251] Prism::LexTest#"test_seattlerb/difficult1_line_numbers2.txt" = 0.28 s
[  771/31251] Prism::LexTest#"test_seattlerb/lasgn_middle_splat.txt" = 0.12 s
[  772/31251] Prism::LexTest#"test_seattlerb/difficult3_2.txt" = 0.12 s
[  773/31251] Prism::LexTest#"test_whitequark/regex_plain.txt" = 0.07 s
[  774/31251] Prism::LexTest#"test_seattlerb/case_in_const.txt" = 0.13 s
[  775/31251] Prism::LexTest#"test_seattlerb/dstr_evstr_empty_end.txt" = 0.08 s
[  776/31251] Prism::LexTest#"test_seattlerb/op_asgn_command_call.txt" = 0.10 s
[  777/31251] Prism::LexTest#"test_whitequark/bug_while_not_parens_do.txt" = 0.10 s
[  778/31251] Prism::LexTest#"test_seattlerb/defn_unary_not.txt" = 0.09 s
[  779/31251] Prism::LexTest#"test_whitequark/send_lambda_args.txt" = 0.16 s
[  780/31251] Prism::LexTest#"test_unparser/corpus/literal/flipflop.txt" = 0.48 s
[  781/31251] Prism::LexTest#"test_seattlerb/case_in_hash_pat_rest.txt" = 0.17 s
[  782/31251] Prism::LexTest#test_lex_result = 0.05 s
[  783/31251] Prism::LexTest#"test_seattlerb/str_evstr.txt" = 0.09 s
[  784/31251] Prism::LexTest#"test_seattlerb/str_double_double_escaped_newline.txt" = 0.09 s
[  785/31251] Prism::LexTest#"test_seattlerb/attrasgn_primary_dot_constant.txt" = 0.08 s
[  786/31251] Prism::LexTest#"test_whitequark/numparam_outside_block.txt" = 0.37 s
[  787/31251] Prism::LexTest#"test_seattlerb/iter_args_5.txt" = 0.12 s
[  788/31251] Prism::LexTest#"test_seattlerb/block_arg_scope2.txt" = 0.13 s
[  789/31251] Prism::LexTest#"test_whitequark/hash_kwsplat.txt" = 0.10 s
[  790/31251] Prism::LexTest#"test_whitequark/bug_452.txt" = 0.17 s
[  791/31251] Prism::LexTest#"test_seattlerb/str_single_newline.txt" = 0.09 s
[  792/31251] Prism::LexTest#"test_seattlerb/messy_op_asgn_lineno.txt" = 0.12 s
[  793/31251] Prism::LexTest#"test_seattlerb/bang_eq.txt" = 0.07 s
[  794/31251] Prism::LexTest#"test_whitequark/forwarded_argument_with_kwrestarg.txt" = 0.18 s
[  795/31251] Prism::LexTest#"test_regex.txt" = 1.69 s
[  796/31251] Prism::LexTest#"test_seattlerb/heredoc_squiggly_no_indent.txt" = 0.08 s
[  797/31251] Prism::LexTest#"test_seattlerb/mlhs_mid_anonsplat.txt" = 0.18 s
[  798/31251] Prism::LexTest#"test_seattlerb/str_pct_nested_nested.txt" = 0.13 s
[  799/31251] Prism::LexTest#"test_seattlerb/block_args_opt2_2.txt" = 0.23 s
[  800/31251] Prism::LexTest#"test_seattlerb/begin_rescue_else_ensure_bodies.txt" = 0.20 s
[  801/31251] Prism::LexTest#"test_seattlerb/parse_pattern_044.txt" = 0.15 s
[  802/31251] Prism::LexTest#"test_seattlerb/safe_call_rhs_newline.txt" = 0.09 s
[  803/31251] Prism::LexTest#"test_seattlerb/assoc__bare.txt" = 0.07 s
[  804/31251] Prism::LexTest#"test_constants.txt" = 4.70 s
[  805/31251] Prism::LexTest#"test_seattlerb/iter_args_6.txt" = 0.15 s
[  806/31251] Prism::LexTest#"test_seattlerb/attr_asgn_colon_id.txt" = 0.08 s
[  807/31251] Prism::LexTest#"test_whitequark/casgn_unscoped.txt" = 0.07 s
[  808/31251] Prism::LexTest#"test_if.txt" = 1.46 s
[  809/31251] Prism::LexTest#"test_seattlerb/__ENCODING__.txt" = 0.05 s
[  810/31251] Prism::LexTest#"test_arithmetic.txt" = 0.39 s
[  811/31251] Prism::LexTest#"test_unparser/corpus/literal/lambda.txt" = 0.52 s
[  812/31251] Prism::LexTest#"test_seattlerb/parse_line_multiline_str.txt" = 0.08 s
[  813/31251] Prism::LexTest#"test_seattlerb/symbols_empty.txt" = 0.06 s
[  814/31251] Prism::LexTest#"test_whitequark/ivasgn.txt" = 0.07 s
[  815/31251] Prism::LexTest#"test_whitequark/endless_method_without_args.txt" = 0.32 s
[  816/31251] Prism::LexTest#"test_whitequark/comments_before_leading_dot__27.txt" = 0.32 s
[  817/31251] Prism::LexTest#"test_seattlerb/call_args_assoc_quoted.txt" = 0.23 s
[  818/31251] Prism::LexTest#"test_seattlerb/parse_opt_call_args_lit_comma.txt" = 0.08 s
[  819/31251] Prism::LexTest#"test_seattlerb/parse_line_defn_no_parens.txt" = 0.14 s
[  820/31251] Prism::LexTest#"test_whitequark/resbody_list.txt" = 0.13 s
[  821/31251] Prism::LexTest#"test_whitequark/var_and_asgn.txt" = 0.07 s
[  822/31251] Prism::LexTest#"test_seattlerb/difficult3__7.txt" = 0.15 s
[  823/31251] Prism::LexTest#"test_seattlerb/bug_comma.txt" = 0.11 s
[  824/31251] Prism::LexTest#"test_seattlerb/heredoc__backslash_dos_format.txt" = 0.11 s
[  825/31251] Prism::LexTest#"test_seattlerb/call_leading_dots_comment.txt" = 0.11 s
[  826/31251] Prism::LexTest#"test_seattlerb/heredoc_with_interpolation_and_carriage_return_escapes.
txt" = 0.10 s
[  827/31251] Prism::LexTest#"test_seattlerb/return_call_assocs.txt" = 0.52 s
[  828/31251] Prism::LexTest#"test_heredoc.txt" = 0.06 s
[  829/31251] Prism::LexTest#"test_whitequark/send_attr_asgn_conditional.txt" = 0.08 s
[  830/31251] Prism::LexTest#"test_seattlerb/array_lits_trailing_calls.txt" = 0.12 s
[  831/31251] Prism::LexTest#"test_seattlerb/op_asgn_primary_colon_identifier_command_call.txt" = 0.
10 s
[  832/31251] Prism::LexTest#"test_whitequark/lvar.txt" = 0.05 s
[  833/31251] Prism::LexTest#"test_seattlerb/array_line_breaks.txt" = 0.15 s
[  834/31251] Prism::LexTest#"test_unparser/corpus/semantic/dstr.txt" = 3.43 s
[  835/31251] Prism::LexTest#"test_whitequark/range_inclusive.txt" = 0.06 s
[  836/31251] Prism::LexTest#"test_whitequark/array_assocs.txt" = 0.31 s
[  837/31251] Prism::LexTest#"test_seattlerb/parse_line_heredoc_hardnewline.txt" = 0.14 s
[  838/31251] Prism::LexTest#"test_seattlerb/bug_args_masgn.txt" = 0.15 s
[  839/31251] Prism::LexTest#"test_seattlerb/str_str.txt" = 0.10 s
[  840/31251] Prism::LexTest#"test_seattlerb/case_in_47.txt" = 0.32 s
[  841/31251] Prism::LexTest#"test_seattlerb/call_assoc_new_if_multiline.txt" = 0.17 s
[  842/31251] Prism::LexTest#"test_seattlerb/iter_kwarg_kwsplat.txt" = 0.13 s
[  843/31251] Prism::LexTest#"test_seattlerb/pct_nl.txt" = 0.08 s
[  844/31251] Prism::LexTest#"test_seattlerb/parse_line_dstr_soft_newline.txt" = 0.11 s
[  845/31251] Prism::LexTest#"test_whitequark/module.txt" = 0.08 s
[  846/31251] Prism::LexTest#"test_seattlerb/heredoc_comma_arg.txt" = 0.26 s
[  847/31251] Prism::LexTest#"test_seattlerb/stabby_arg_no_paren.txt" = 0.07 s
[  848/31251] Prism::LexTest#"test_return.txt" = 0.80 s
[  849/31251] Prism::LexTest#"test_seattlerb/bug190.txt" = 0.07 s
[  850/31251] Prism::LexTest#"test_while.txt" = 1.49 s
[  851/31251] Prism::LexTest#"test_whitequark/parser_bug_640.txt" = 0.12 s
[  852/31251] Prism::LexTest#"test_endless_range_in_conditional.txt" = 0.29 s
[  853/31251] Prism::LexTest#"test_whitequark/cpath.txt" = 0.15 s
[  854/31251] Prism::LexTest#"test_seattlerb/heredoc_with_only_carriage_returns_windows.txt" = 0.08
s
[  855/31251] Prism::LexTest#"test_seattlerb/bdot3.txt" = 0.12 s
[  856/31251] Prism::LexTest#"test_seattlerb/qsymbols_empty.txt" = 0.06 s
[  857/31251] Prism::LexTest#"test_unparser/corpus/literal/defined.txt" = 0.26 s
[  858/31251] Prism::LexTest#"test_whitequark/args_assocs_comma.txt" = 0.11 s
[  859/31251] Prism::LexTest#"test_blocks.txt" = 2.11 s
[  860/31251] Prism::LexTest#"test_seattlerb/TestRubyParserShared.txt" = 1.96 s
[  861/31251] Prism::LexTest#"test_seattlerb/block_arg_scope.txt" = 0.25 s
[  862/31251] Prism::LexTest#"test_seattlerb/heredoc_squiggly.txt" = 0.18 s
[  863/31251] Prism::LexTest#"test_seattlerb/difficult3__10.txt" = 0.15 s
[  864/31251] Prism::LexTest#"test_seattlerb/lasgn_lasgn_command_call.txt" = 0.10 s
[  865/31251] Prism::LexTest#"test_seattlerb/str_single_escaped_newline.txt" = 0.09 s
[  866/31251] Prism::LexTest#"test_seattlerb/defs_comments.txt" = 0.12 s
[  867/31251] Prism::LexTest#"test_whitequark/op_asgn.txt" = 0.35 s
[  868/31251] Prism::LexTest#"test_whitequark/kwrestarg_named.txt" = 0.11 s
[  869/31251] Prism::LexTest#"test_seattlerb/call_eq3.txt" = 0.07 s
[  870/31251] Prism::LexTest#"test_seattlerb/safe_op_asgn2.txt" = 0.11 s
[  871/31251] Prism::LexTest#"test_seattlerb/interpolated_symbol_array_line_breaks.txt" = 0.12 s
[  872/31251] Prism::LexTest#"test_whitequark/return_block.txt" = 0.09 s
[  873/31251] Prism::LexTest#"test_whitequark/nil.txt" = 0.05 s
[  874/31251] Prism::LexTest#"test_unparser/corpus/semantic/undef.txt" = 0.10 s
[  875/31251] Prism::LexTest#"test_unparser/corpus/literal/super.txt" = 0.75 s
[  876/31251] Prism::LexTest#"test_whitequark/forwarded_kwrestarg.txt" = 0.15 s
[  877/31251] Prism::LexTest#"test_seattlerb/masgn_command_call.txt" = 0.11 s
[  878/31251] Prism::LexTest#"test_seattlerb/block_command_operation_colon.txt" = 0.12 s
[  879/31251] Prism::LexTest#"test_seattlerb/unary_minus.txt" = 0.06 s
[  880/31251] Prism::LexTest#"test_numbers.txt" = 1.15 s
[  881/31251] Prism::LexTest#"test_seattlerb/call_dot_parens.txt" = 0.07 s
[  882/31251] Prism::LexTest#"test_seattlerb/and_multi.txt" = 0.11 s
[  883/31251] Prism::LexTest#"test_seattlerb/str_heredoc_interp.txt" = 0.10 s
[  884/31251] Prism::LexTest#"test_seattlerb/lasgn_command.txt" = 0.10 s
[  885/31251] Prism::LexTest#"test_whitequark/rescue_ensure.txt" = 0.27 s
[  886/31251] Prism::LexTest#"test_seattlerb/safe_call_after_newline.txt" = 0.07 s
[  887/31251] Prism::LexTest#"test_whitequark/blockarg.txt" = 0.11 s
[  888/31251] Prism::LexTest#"test_seattlerb/bug_case_when_regexp.txt" = 0.13 s
[  889/31251] Prism::LexTest#"test_whitequark/hash_pair_value_omission.txt" = 0.17 s
[  890/31251] Prism::LexTest#"test_seattlerb/when_splat.txt" = 0.12 s
[  891/31251] Prism::LexTest#"test_seattlerb/defns_reserved.txt" = 0.20 s
[  892/31251] Prism::LexTest#"test_unparser/corpus/literal/since/27.txt" = 0.16 s
[  893/31251] Prism::LexTest#"test_seattlerb/block_args_kwargs.txt" = 0.12 s
[  894/31251] Prism::LexTest#"test_seattlerb/block_opt_splat.txt" = 0.14 s
[  895/31251] Prism::LexTest#"test_seattlerb/flip2_env_lvar.txt" = 0.09 s
[  896/31251] Prism::LexTest#"test_whitequark/ensure_empty.txt" = 0.07 s
[  897/31251] Prism::LexTest#"test_comments.txt" = 0.50 s
[  898/31251] Prism::LexTest#"test_seattlerb/heredoc_squiggly_tabs.txt" = 0.16 s
[  899/31251] Prism::LexTest#"test_modules.txt" = 0.69 s
[  900/31251] Prism::LexTest#"test_whitequark/endless_method_forwarded_args_legacy.txt" = 0.13 s
[  901/31251] Prism::LexTest#"test_seattlerb/difficult3_5.txt" = 0.13 s
[  902/31251] Prism::LexTest#"test_range_begin_open_exclusive.txt" = 0.06 s
[  903/31251] Prism::LexTest#"test_whitequark/for_mlhs.txt" = 0.16 s
[  904/31251] Prism::LexTest#"test_seattlerb/regexp.txt" = 0.24 s
[  905/31251] Prism::LexTest#"test_whitequark/resbody_list_mrhs.txt" = 0.15 s
[  906/31251] Prism::LexTest#"test_seattlerb/parse_line_dot3_open.txt" = 0.13 s
[  907/31251] Prism::LexTest#"test_whitequark/args_cmd.txt" = 0.08 s
[  908/31251] Prism::LexTest#"test_whitequark/masgn_const.txt" = 0.18 s
[  909/31251] Prism::LexTest#"test_seattlerb/call_arg_assoc_kwsplat.txt" = 0.12 s
[  910/31251] Prism::LexTest#"test_seattlerb/parse_pattern_069.txt" = 0.24 s
[  911/31251] Prism::LexTest#"test_seattlerb/rescue_in_block.txt" = 0.11 s
[  912/31251] Prism::LexTest#"test_whitequark/endless_method_command_syntax.txt" = 1.06 s
[  913/31251] Prism::LexTest#"test_case.txt" = 1.97 s
[  914/31251] Prism::LexTest#"test_unparser/corpus/literal/block.txt" = 3.75 s
[  915/31251] Prism::LexTest#"test_seattlerb/parse_while_not_canonical.txt" = 0.13 s
[  916/31251] Prism::LexTest#"test_whitequark/ruby_bug_11873_b.txt" = 0.17 s
[  917/31251] Prism::LexTest#"test_seattlerb/heredoc_unicode.txt" = 0.15 s
[  918/31251] Prism::LexTest#"test_seattlerb/non_interpolated_symbol_array_line_breaks.txt" = 0.11 s
[  919/31251] Prism::LexTest#"test_whitequark/numparam_ruby_bug_19025.txt" = 0.12 s
[  920/31251] Prism::LexTest#"test_seattlerb/call_lte.txt" = 0.07 s
[  921/31251] Prism::LexTest#"test_whitequark/send_block_conditional.txt" = 0.08 s
[  922/31251] Prism::LexTest#"test_whitequark/send_lambda_legacy.txt" = 0.07 s
[  923/31251] Prism::LexTest#"test_seattlerb/block_optarg.txt" = 0.12 s
[  924/31251] Prism::LexTest#"test_whitequark/alias_gvar.txt" = 0.18 s
[  925/31251] Prism::LexTest#"test_seattlerb/unary_tilde.txt" = 0.06 s
[  926/31251] Prism::LexTest#"test_whitequark/send_call.txt" = 0.14 s
[  927/31251] Prism::LexTest#"test_seattlerb/masgn_double_paren.txt" = 0.11 s
[  928/31251] Prism::LexTest#"test_seattlerb/parse_line_newlines.txt" = 0.07 s
[  929/31251] Prism::LexTest#"test_unparser/corpus/literal/for.txt" = 0.58 s
[  930/31251] Prism::LexTest#"test_seattlerb/non_interpolated_word_array_line_breaks.txt" = 0.12 s
[  931/31251] Prism::LexTest#"test_whitequark/ruby_bug_10279.txt" = 0.12 s
[  932/31251] Prism::LexTest#"test_multi_write.txt" = 0.33 s
[  933/31251] Prism::LexTest#"test_seattlerb/parse_line_call_ivar_arg_no_parens_line_break.txt" = 0.
07 s
[  934/31251] Prism::LexTest#"test_whitequark/cond_match_current_line.txt" = 0.21 s
[  935/31251] Prism::LexTest#"test_whitequark/cond_eflipflop_with_beginless_range.txt" = 0.08 s
[  936/31251] Prism::LexTest#"test_seattlerb/evstr_evstr.txt" = 0.10 s
[  937/31251] Prism::LexTest#"test_seattlerb/block_arg_splat_arg.txt" = 0.14 s
[  938/31251] Prism::LexTest#"test_seattlerb/call_pipe.txt" = 0.07 s
[  939/31251] Prism::LexTest#"test_whitequark/array_symbols.txt" = 0.08 s
[  940/31251] Prism::LexTest#"test_seattlerb/float_with_if_modifier.txt" = 0.07 s
[  941/31251] Prism::LexTest#"test_seattlerb/dstr_str.txt" = 0.17 s
[  942/31251] Prism::LexTest#"test_whitequark/defs.txt" = 0.40 s
[  943/31251] Prism::LexTest#"test_unparser/corpus/literal/since/32.txt" = 0.49 s
[  944/31251] Prism::LexTest#"test_seattlerb/do_lambda.txt" = 0.15 s
[  945/31251] Prism::LexTest#"test_whitequark/parser_bug_518.txt" = 0.09 s
[  946/31251] Prism::LexTest#"test_seattlerb/bug290.txt" = 0.09 s
[  947/31251] Prism::LexTest#"test_whitequark/ruby_bug_12686.txt" = 0.10 s
[  948/31251] Prism::LexTest#"test_whitequark/int.txt" = 0.11 s
[  949/31251] Prism::LexTest#"test_unparser/corpus/semantic/and.txt" = 0.46 s
[  950/31251] Prism::LexTest#"test_whitequark/arg_scope.txt" = 0.11 s
[  951/31251] Prism::LexTest#"test_seattlerb/str_lit_concat_bad_encodings.txt" = 0.10 s
[  952/31251] Prism::LexTest#"test_seattlerb/module_comments.txt" = 0.18 s
[  953/31251] Prism::LexTest#"test_seattlerb/call_spaceship.txt" = 0.07 s
[  954/31251] Prism::LexTest#"test_seattlerb/case_in_86_2.txt" = 0.19 s
[  955/31251] Prism::LexTest#"test_it_indirect_writes.txt" = 1.28 s
[  956/31251] Prism::LexTest#"test_whitequark/complex.txt" = 0.13 s
[  957/31251] Prism::LexTest#"test_seattlerb/iter_args_8_1.txt" = 0.15 s
[  958/31251] Prism::LexTest#"test_unparser/corpus/literal/literal.txt" = 4.75 s
[  959/31251] Prism::LexTest#"test_seattlerb/stabby_arg_opt_splat_arg_block_omfg.txt" = 0.19 s
[  960/31251] Prism::LexTest#"test_whitequark/bug_do_block_in_cmdarg.txt" = 0.10 s
[  961/31251] Prism::LexTest#"test_whitequark/parser_bug_272.txt" = 0.11 s
[  962/31251] Prism::LexTest#"test_whitequark/rescue_else.txt" = 0.16 s
[  963/31251] Prism::LexTest#"test_whitequark/beginless_range.txt" = 0.09 s
[  964/31251] Prism::LexTest#"test_seattlerb/iter_args_10_2.txt" = 0.24 s
[  965/31251] Prism::LexTest#"test_seattlerb/heredoc_lineno.txt" = 0.14 s
[  966/31251] Prism::LexTest#"test_seattlerb/read_escape_unicode_h4.txt" = 0.05 s
[  967/31251] Prism::LexTest#"test_unparser/corpus/literal/case.txt" = 1.08 s
[  968/31251] Prism::LexTest#"test_whitequark/empty_stmt.txt" = 0.05 s
[  969/31251] Prism::LexTest#"test_seattlerb/evstr_str.txt" = 0.09 s
[  970/31251] Prism::LexTest#"test_whitequark/case_expr.txt" = 0.14 s
[  971/31251] Prism::LexTest#"test_whitequark/kwbegin_compstmt.txt" = 0.09 s
[  972/31251] Prism::LexTest#"test_seattlerb/defined_eh_parens.txt" = 0.07 s
[  973/31251] Prism::LexTest#"test_seattlerb/parse_line_heredoc_regexp_chars.txt" = 0.20 s
[  974/31251] Prism::LexTest#"test_unparser/corpus/literal/pattern.txt" = 1.84 s
[  975/31251] Prism::LexTest#test_parse_lex = 0.02 s
[  976/31251] Prism::LexTest#"test_unparser/corpus/literal/defs.txt" = 1.24 s
[  977/31251] Prism::LexTest#"test_seattlerb/defn_forward_args.txt" = 0.14 s
[  978/31251] Prism::LexTest#"test_seattlerb/parse_line_op_asgn.txt" = 0.17 s
[  979/31251] Prism::LexTest#"test_whitequark/interp_digit_var.txt" = 2.11 s
[  980/31251] Prism::LexTest#"test_whitequark/resbody_list_var.txt" = 0.15 s
[  981/31251] Prism::LexTest#"test_seattlerb/qsymbols_interp.txt" = 0.14 s
[  982/31251] Prism::LexTest#"test_unparser/corpus/literal/if.txt" = 1.04 s
[  983/31251] Prism::LexTest#"test_whitequark/and.txt" = 0.12 s
[  984/31251] Prism::LexTest#"test_seattlerb/pctW_lineno.txt" = 0.17 s
[  985/31251] Prism::LexTest#"test_seattlerb/parse_line_dot2.txt" = 0.14 s
[  986/31251] Prism::LexTest#"test_seattlerb/op_asgn_val_dot_ident_command_call.txt" = 0.10 s
[  987/31251] Prism::LexTest#"test_seattlerb/block_call_paren_call_block_call.txt" = 0.13 s
[  988/31251] Prism::LexTest#"test_seattlerb/stabby_block_iter_call_no_target_with_arg.txt" = 0.18 s
[  989/31251] Prism::LexTest#"test_seattlerb/call_args_command.txt" = 0.11 s
[  990/31251] Prism::LexTest#"test_whitequark/undef.txt" = 0.15 s
[  991/31251] Prism::LexTest#"test_whitequark/send_self.txt" = 0.13 s
[  992/31251] Prism::LexTest#"test_begin_ensure.txt" = 0.72 s
[  993/31251] Prism::LexTest#test_lex_file = 0.16 s
[  994/31251] Prism::LexTest#"test_unparser/corpus/semantic/send.txt" = 0.30 s
[  995/31251] Prism::LexTest#"test_seattlerb/heredoc_with_carriage_return_escapes_windows.txt" = 0.0
8 s
[  996/31251] Prism::LexTest#"test_seattlerb/safe_call_operator.txt" = 0.07 s
[  997/31251] Prism::LexTest#"test_seattlerb/str_interp_ternary_or_label.txt" = 0.19 s
[  998/31251] Prism::LexTest#"test_seattlerb/call_rshift.txt" = 0.07 s
[  999/31251] Prism::LexTest#"test_whitequark/rescue_in_lambda_block.txt" = 0.08 s
[ 1000/31251] Prism::LexTest#"test_seattlerb/call_self_brackets.txt" = 0.07 s
[ 1001/31251] Prism::LexTest#"test_seattlerb/bug_args__19.txt" = 0.14 s
[ 1002/31251] Prism::LexTest#"test_seattlerb/call_assoc.txt" = 0.09 s
[ 1003/31251] Prism::LexTest#"test_whitequark/until_mod.txt" = 0.07 s
[ 1004/31251] Prism::LexTest#"test_whitequark/bug_interp_single.txt" = 0.14 s
[ 1005/31251] Prism::LexTest#"test_whitequark/bug_435.txt" = 0.11 s
[ 1006/31251] Prism::LexTest#"test_seattlerb/case_in_hash_pat_assign.txt" = 0.26 s
[ 1007/31251] Prism::LexTest#"test_whitequark/until_post.txt" = 0.09 s
[ 1008/31251] Prism::LexTest#"test_whitequark/string_dvar.txt" = 0.12 s
[ 1009/31251] Prism::LexTest#"test_seattlerb/block_decomp_splat.txt" = 0.12 s
[ 1010/31251] Prism::LexTest#"test_whitequark/lvasgn.txt" = 0.09 s
[ 1011/31251] Prism::LexTest#"test_whitequark/numbered_args_after_27.txt" = 0.34 s
[ 1012/31251] Prism::LexTest#"test_non_alphanumeric_methods.txt" = 2.24 s
[ 1013/31251] Prism::LexTest#"test_seattlerb/quoted_symbol_keys.txt" = 0.10 s
[ 1014/31251] Prism::LexTest#"test_whitequark/endless_method_with_rescue_mod.txt" = 0.22 s
[ 1015/31251] Prism::LexTest#"test_whitequark/beginless_irange_after_newline.txt" = 0.07 s
[ 1016/31251] Prism::LexTest#"test_seattlerb/parse_pattern_051.txt" = 0.22 s
[ 1017/31251] Prism::LexTest#"test_whitequark/class_super.txt" = 0.10 s
[ 1018/31251] Prism::LexTest#"test_seattlerb/method_call_assoc_trailing_comma.txt" = 0.11 s
[ 1019/31251] Prism::LexTest#"test_whitequark/space_args_arg_newline.txt" = 0.08 s
[ 1020/31251] Prism::LexTest#"test_seattlerb/defs_endless_command.txt" = 0.11 s
[ 1021/31251] Prism::LexTest#"test_seattlerb/block_args_opt3.txt" = 0.27 s
[ 1022/31251] Prism::LexTest#"test_alias.txt" = 0.77 s
[ 1023/31251] Prism::LexTest#"test_seattlerb/utf8_bom.txt" = 0.08 s
[ 1024/31251] Prism::LexTest#"test_whitequark/dedenting_non_interpolating_heredoc_line_continuation.
txt" = 0.11 s
[ 1025/31251] Prism::LexTest#"test_whitequark/class.txt" = 0.13 s
[ 1026/31251] TestRbConfig#test_sitedirs = 0.05 s
[ 1027/31251] TestRbConfig#test_archdirs = 0.05 s
[ 1028/31251] TestRbConfig#test_sitearchdirs = 0.05 s
[ 1029/31251] TestRbConfig#test_vendorarchdirs = 0.04 s
[ 1030/31251] TestRbConfig#test_vendordirs = 0.04 s
[ 1031/31251] TestFloatExt#"test_nextafter_267_other_2.220446049250313e-16_-5.0e-324" = 0.03 s
[ 1032/31251] TestFloatExt#"test_nextafter_294_other_1.0_1.0" = 0.02 s
[ 1033/31251] TestFloatExt#"test_nextafter_73_other_-1.0000000000000002_2.220446049250313e-16" = 0.0
2 s
[ 1034/31251] TestFloatExt#"test_nextafter_338_ruby_100.0_Infinity" = 0.02 s
[ 1035/31251] TestFloatExt#"test_nextafter_115_other_-2.220446049250313e-16_1.0000000000000002" = 0.
02 s
[ 1036/31251] TestFloatExt#"test_nextafter_216_other_5.0e-324_100.0" = 0.02 s
[ 1037/31251] TestFloatExt#"test_nextafter_351_other_1.7976931348623157e+308_1.1125369292536007e-308
" = 0.02 s
[ 1038/31251] TestFloatExt#"test_nextafter_14_other_-Infinity_1.0" = 0.02 s
[ 1039/31251] TestFloatExt#"test_nextafter_140_ruby_-5.0e-324_-Infinity" = 0.02 s
[ 1040/31251] TestFloatExt#"test_nextafter_51_other_-100.0_1.1125369292536007e-308" = 0.02 s
[ 1041/31251] TestFloatExt#"test_nextafter_289_other_1.0_0.0" = 0.02 s
[ 1042/31251] TestFloatExt#"test_nextafter_282_other_1.0_-100.0" = 0.02 s
[ 1043/31251] TestFloatExt#"test_nextafter_324_other_100.0_-1.0" = 0.02 s
[ 1044/31251] TestFloatExt#"test_nextafter_70_other_-1.0000000000000002_5.0e-324" = 0.02 s
[ 1045/31251] TestFloatExt#"test_nextafter_342_other_1.7976931348623157e+308_-100.0" = 0.02 s
[ 1046/31251] TestFloatExt#"test_nextafter_93_other_-1.0_2.220446049250313e-16" = 0.02 s
[ 1047/31251] TestFloatExt#"test_nextafter_323_other_100.0_-1.0000000000000002" = 0.02 s
[ 1048/31251] TestFloatExt#"test_nextafter_394_other_NaN_1.0" = 0.02 s
[ 1049/31251] TestFloatExt#"test_nextafter_98_ruby_-1.0_Infinity" = 0.02 s
[ 1050/31251] TestFloatExt#"test_nextafter_252_other_2.2250738585072014e-308_2.2250738585072014e-308
" = 0.02 s
[ 1051/31251] TestFloatExt#"test_nextafter_139_other_-1.1125369292536007e-308_NaN" = 0.01 s
[ 1052/31251] TestFloatExt#"test_nextafter_388_other_NaN_-0.0" = 0.02 s
[ 1053/31251] TestFloatExt#"test_nextafter_155_other_-5.0e-324_1.0000000000000002" = 0.02 s
[ 1054/31251] TestFloatExt#"test_nextafter_389_other_NaN_0.0" = 0.01 s
[ 1055/31251] TestFloatExt#"test_nextafter_2_other_-Infinity_-100.0" = 0.02 s
[ 1056/31251] TestFloatExt#"test_nextafter_69_other_-1.0000000000000002_0.0" = 0.02 s
[ 1057/31251] TestFloatExt#"test_nextafter_224_other_1.1125369292536007e-308_-1.0" = 0.02 s
[ 1058/31251] TestFloatExt#"test_nextafter_19_other_-Infinity_NaN" = 0.01 s
[ 1059/31251] TestFloatExt#"test_nextafter_5_other_-Infinity_-2.220446049250313e-16" = 0.02 s
[ 1060/31251] TestFloatExt#"test_nextafter_242_other_2.2250738585072014e-308_-100.0" = 0.02 s
[ 1061/31251] TestFloatExt#"test_nextafter_58_ruby_-100.0_Infinity" = 0.02 s
[ 1062/31251] TestFloatExt#"test_nextafter_126_other_-1.1125369292536007e-308_-1.1125369292536007e-3
08" = 0.02 s
[ 1063/31251] TestFloatExt#"test_nextafter_196_other_0.0_100.0" = 0.02 s
[ 1064/31251] TestFloatExt#"test_nextafter_43_other_-100.0_-1.0000000000000002" = 0.02 s
[ 1065/31251] TestFloatExt#"test_nextafter_87_other_-1.0_-5.0e-324" = 0.02 s
[ 1066/31251] TestFloatExt#"test_nextafter_174_other_-0.0_1.0" = 0.02 s
[ 1067/31251] TestFloatExt#"test_nextafter_187_other_0.0_-5.0e-324" = 0.02 s
[ 1068/31251] TestFloatExt#"test_nextafter_368_other_Infinity_-0.0" = 0.02 s
[ 1069/31251] TestFloatExt#"test_nextafter_85_other_-1.0_-2.220446049250313e-16" = 0.02 s
[ 1070/31251] TestFloatExt#"test_nextafter_163_other_-0.0_-1.0000000000000002" = 0.02 s
[ 1071/31251] TestFloatExt#"test_nextafter_142_other_-5.0e-324_-100.0" = 0.02 s
[ 1072/31251] TestFloatExt#"test_nextafter_325_other_100.0_-2.220446049250313e-16" = 0.02 s
[ 1073/31251] TestFloatExt#"test_nextafter_370_other_Infinity_5.0e-324" = 0.02 s
[ 1074/31251] TestFloatExt#"test_nextafter_118_ruby_-2.220446049250313e-16_Infinity" = 0.02 s
[ 1075/31251] TestFloatExt#"test_nextafter_129_other_-1.1125369292536007e-308_0.0" = 0.02 s
[ 1076/31251] TestFloatExt#"test_nextafter_7_other_-Infinity_-5.0e-324" = 0.02 s
[ 1077/31251] TestFloatExt#"test_nextafter_20_ruby_-1.7976931348623157e+308_-Infinity" = 0.02 s
[ 1078/31251] TestFloatExt#"test_nextafter_52_other_-100.0_2.2250738585072014e-308" = 0.02 s
[ 1079/31251] TestFloatExt#"test_nextafter_247_other_2.2250738585072014e-308_-5.0e-324" = 0.02 s
[ 1080/31251] TestFloatExt#"test_nextafter_214_other_5.0e-324_1.0" = 0.02 s
[ 1081/31251] TestFloatExt#"test_nextafter_25_other_-1.7976931348623157e+308_-2.220446049250313e-16"
 = 0.02 s
[ 1082/31251] TestFloatExt#"test_nextafter_91_other_-1.0_1.1125369292536007e-308" = 0.02 s
[ 1083/31251] TestFloatExt#"test_nextafter_31_other_-1.7976931348623157e+308_1.1125369292536007e-308
" = 0.02 s
[ 1084/31251] TestFloatExt#"test_nextafter_169_other_-0.0_0.0" = 0.02 s
[ 1085/31251] TestFloatExt#"test_nextafter_318_ruby_1.0000000000000002_Infinity" = 0.02 s
[ 1086/31251] TestFloatExt#"test_nextafter_146_other_-5.0e-324_-1.1125369292536007e-308" = 0.02 s
[ 1087/31251] TestFloatExt#"test_nextafter_202_other_5.0e-324_-100.0" = 0.02 s
[ 1088/31251] TestFloatExt#"test_nextafter_190_other_0.0_5.0e-324" = 0.02 s
[ 1089/31251] TestFloatExt#"test_nextafter_121_other_-1.1125369292536007e-308_-1.7976931348623157e+3
08" = 0.02 s
[ 1090/31251] TestFloatExt#"test_nextafter_94_other_-1.0_1.0" = 0.02 s
[ 1091/31251] TestFloatExt#"test_nextafter_297_other_1.0_1.7976931348623157e+308" = 0.02 s
[ 1092/31251] TestFloatExt#"test_nextafter_222_other_1.1125369292536007e-308_-100.0" = 0.02 s
[ 1093/31251] TestFloatExt#"test_nextafter_230_other_1.1125369292536007e-308_5.0e-324" = 0.02 s
[ 1094/31251] TestFloatExt#"test_nextafter_217_other_5.0e-324_1.7976931348623157e+308" = 0.02 s
[ 1095/31251] TestFloatExt#"test_nextafter_225_other_1.1125369292536007e-308_-2.220446049250313e-16"
 = 0.02 s
[ 1096/31251] TestFloatExt#"test_nextafter_359_other_1.7976931348623157e+308_NaN" = 0.02 s
[ 1097/31251] TestFloatExt#"test_nextafter_380_ruby_NaN_-Infinity" = 0.01 s
[ 1098/31251] TestFloatExt#"test_nextafter_371_other_Infinity_1.1125369292536007e-308" = 0.02 s
[ 1099/31251] TestFloatExt#"test_nextafter_305_other_1.0000000000000002_-2.220446049250313e-16" = 0.
02 s
[ 1100/31251] TestFloatExt#"test_nextafter_209_other_5.0e-324_0.0" = 0.02 s
[ 1101/31251] TestFloatExt#"test_nextafter_170_other_-0.0_5.0e-324" = 0.02 s
[ 1102/31251] TestFloatExt#test_nextafter_379_other_Infinity_NaN = 0.01 s
[ 1103/31251] TestFloatExt#"test_nextafter_26_other_-1.7976931348623157e+308_-1.1125369292536007e-30
8" = 0.02 s
[ 1104/31251] TestFloatExt#"test_nextafter_192_other_0.0_2.2250738585072014e-308" = 0.02 s
[ 1105/31251] TestFloatExt#"test_nextafter_15_other_-Infinity_1.0000000000000002" = 0.02 s
[ 1106/31251] TestFloatExt#"test_nextafter_4_other_-Infinity_-1.0" = 0.02 s
[ 1107/31251] TestFloatExt#"test_nextafter_220_ruby_1.1125369292536007e-308_-Infinity" = 0.02 s
[ 1108/31251] TestFloatExt#"test_nextafter_285_other_1.0_-2.220446049250313e-16" = 0.02 s
[ 1109/31251] TestFloatExt#"test_nextafter_386_other_NaN_-1.1125369292536007e-308" = 0.02 s
[ 1110/31251] TestFloatExt#"test_nextafter_248_other_2.2250738585072014e-308_-0.0" = 0.02 s
[ 1111/31251] TestFloatExt#"test_nextafter_89_other_-1.0_0.0" = 0.02 s
[ 1112/31251] TestFloatExt#"test_nextafter_35_other_-1.7976931348623157e+308_1.0000000000000002" = 0
.02 s
[ 1113/31251] TestFloatExt#"test_nextafter_334_other_100.0_1.0" = 0.02 s
[ 1114/31251] TestFloatExt#"test_nextafter_49_other_-100.0_0.0" = 0.02 s
[ 1115/31251] TestFloatExt#"test_nextafter_141_other_-5.0e-324_-1.7976931348623157e+308" = 0.02 s
[ 1116/31251] TestFloatExt#"test_nextafter_117_other_-2.220446049250313e-16_1.7976931348623157e+308"
 = 0.02 s
[ 1117/31251] TestFloatExt#"test_nextafter_215_other_5.0e-324_1.0000000000000002" = 0.02 s
[ 1118/31251] TestFloatExt#"test_nextafter_197_other_0.0_1.7976931348623157e+308" = 0.02 s
[ 1119/31251] TestFloatExt#"test_nextafter_18_ruby_-Infinity_Infinity" = 0.02 s
[ 1120/31251] TestFloatExt#"test_nextafter_382_other_NaN_-100.0" = 0.01 s
[ 1121/31251] TestFloatExt#"test_nextafter_55_other_-100.0_1.0000000000000002" = 0.02 s
[ 1122/31251] TestFloatExt#"test_nextafter_12_other_-Infinity_2.2250738585072014e-308" = 0.02 s
[ 1123/31251] TestFloatExt#"test_nextafter_320_ruby_100.0_-Infinity" = 0.02 s
[ 1124/31251] TestFloatExt#"test_nextafter_272_other_2.220446049250313e-16_2.2250738585072014e-308"
= 0.02 s
[ 1125/31251] TestFloatExt#"test_nextafter_21_other_-1.7976931348623157e+308_-1.7976931348623157e+30
8" = 0.02 s
[ 1126/31251] TestFloatExt#"test_nextafter_360_ruby_Infinity_-Infinity" = 0.02 s
[ 1127/31251] TestFloatExt#"test_nextafter_256_other_2.2250738585072014e-308_100.0" = 0.02 s
[ 1128/31251] TestFloatExt#"test_nextafter_258_ruby_2.2250738585072014e-308_Infinity" = 0.02 s
[ 1129/31251] TestFloatExt#"test_nextafter_111_other_-2.220446049250313e-16_1.1125369292536007e-308"
 = 0.02 s
[ 1130/31251] TestFloatExt#"test_nextafter_292_other_1.0_2.2250738585072014e-308" = 0.02 s
[ 1131/31251] TestFloatExt#"test_nextafter_46_other_-100.0_-1.1125369292536007e-308" = 0.02 s
[ 1132/31251] TestFloatExt#"test_nextafter_328_other_100.0_-0.0" = 0.02 s
[ 1133/31251] TestFloatExt#"test_nextafter_10_other_-Infinity_5.0e-324" = 0.02 s
[ 1134/31251] TestFloatExt#"test_nextafter_364_other_Infinity_-1.0" = 0.02 s
[ 1135/31251] TestFloatExt#"test_nextafter_176_other_-0.0_100.0" = 0.02 s
[ 1136/31251] TestFloatExt#"test_nextafter_218_ruby_5.0e-324_Infinity" = 0.02 s
[ 1137/31251] TestFloatExt#"test_nextafter_62_other_-1.0000000000000002_-100.0" = 0.02 s
[ 1138/31251] TestFloatExt#"test_nextafter_373_other_Infinity_2.220446049250313e-16" = 0.02 s
[ 1139/31251] TestFloatExt#"test_nextafter_231_other_1.1125369292536007e-308_1.1125369292536007e-308
" = 0.02 s
[ 1140/31251] TestFloatExt#"test_nextafter_64_other_-1.0000000000000002_-1.0" = 0.02 s
[ 1141/31251] TestFloatExt#"test_nextafter_259_other_2.2250738585072014e-308_NaN" = 0.01 s
[ 1142/31251] TestFloatExt#"test_nextafter_374_other_Infinity_1.0" = 0.02 s
[ 1143/31251] TestFloatExt#"test_nextafter_27_other_-1.7976931348623157e+308_-5.0e-324" = 0.02 s
[ 1144/31251] TestFloatExt#"test_nextafter_384_other_NaN_-1.0" = 0.01 s
[ 1145/31251] TestFloatExt#"test_nextafter_361_other_Infinity_-1.7976931348623157e+308" = 0.02 s
[ 1146/31251] TestFloatExt#"test_nextafter_53_other_-100.0_2.220446049250313e-16" = 0.02 s
[ 1147/31251] TestFloatExt#"test_nextafter_148_other_-5.0e-324_-0.0" = 0.02 s
[ 1148/31251] TestFloatExt#"test_nextafter_397_other_NaN_1.7976931348623157e+308" = 0.02 s
[ 1149/31251] TestFloatExt#"test_nextafter_133_other_-1.1125369292536007e-308_2.220446049250313e-16"
 = 0.02 s
[ 1150/31251] TestFloatExt#"test_nextafter_257_other_2.2250738585072014e-308_1.7976931348623157e+308
" = 0.02 s
[ 1151/31251] TestFloatExt#"test_nextafter_244_other_2.2250738585072014e-308_-1.0" = 0.02 s
[ 1152/31251] TestFloatExt#"test_nextafter_326_other_100.0_-1.1125369292536007e-308" = 0.02 s
[ 1153/31251] TestFloatExt#"test_nextafter_262_other_2.220446049250313e-16_-100.0" = 0.02 s
[ 1154/31251] TestFloatExt#"test_nextafter_81_other_-1.0_-1.7976931348623157e+308" = 0.02 s
[ 1155/31251] TestFloatExt#"test_nextafter_161_other_-0.0_-1.7976931348623157e+308" = 0.02 s
[ 1156/31251] TestFloatExt#"test_nextafter_110_other_-2.220446049250313e-16_5.0e-324" = 0.02 s
[ 1157/31251] TestFloatExt#"test_nextafter_275_other_2.220446049250313e-16_1.0000000000000002" = 0.0
2 s
[ 1158/31251] TestFloatExt#"test_nextafter_61_other_-1.0000000000000002_-1.7976931348623157e+308" =
0.02 s
[ 1159/31251] TestFloatExt#"test_nextafter_213_other_5.0e-324_2.220446049250313e-16" = 0.02 s
[ 1160/31251] TestFloatExt#"test_nextafter_147_other_-5.0e-324_-5.0e-324" = 0.02 s
[ 1161/31251] TestFloatExt#"test_nextafter_186_other_0.0_-1.1125369292536007e-308" = 0.02 s
[ 1162/31251] TestFloatExt#"test_nextafter_236_other_1.1125369292536007e-308_100.0" = 0.02 s
[ 1163/31251] TestFloatExt#"test_nextafter_304_other_1.0000000000000002_-1.0" = 0.02 s
[ 1164/31251] TestFloatExt#"test_nextafter_106_other_-2.220446049250313e-16_-1.1125369292536007e-308
" = 0.02 s
[ 1165/31251] TestFloatExt#"test_nextafter_183_other_0.0_-1.0000000000000002" = 0.02 s
[ 1166/31251] TestFloatExt#"test_nextafter_59_other_-100.0_NaN" = 0.02 s
[ 1167/31251] TestFloatExt#"test_nextafter_307_other_1.0000000000000002_-5.0e-324" = 0.02 s
[ 1168/31251] TestFloatExt#"test_nextafter_97_other_-1.0_1.7976931348623157e+308" = 0.02 s
[ 1169/31251] TestFloatExt#"test_nextafter_339_other_100.0_NaN" = 0.02 s
[ 1170/31251] TestFloatExt#"test_nextafter_44_other_-100.0_-1.0" = 0.02 s
[ 1171/31251] TestFloatExt#"test_nextafter_392_other_NaN_2.2250738585072014e-308" = 0.02 s
[ 1172/31251] TestFloatExt#"test_nextafter_245_other_2.2250738585072014e-308_-2.220446049250313e-16"
 = 0.02 s
[ 1173/31251] TestFloatExt#test_nextafter_398_ruby_NaN_Infinity = 0.01 s
[ 1174/31251] TestFloatExt#"test_nextafter_279_other_2.220446049250313e-16_NaN" = 0.01 s
[ 1175/31251] TestFloatExt#"test_nextafter_67_other_-1.0000000000000002_-5.0e-324" = 0.02 s
[ 1176/31251] TestFloatExt#"test_nextafter_383_other_NaN_-1.0000000000000002" = 0.02 s
[ 1177/31251] TestFloatExt#"test_nextafter_189_other_0.0_0.0" = 0.02 s
[ 1178/31251] TestFloatExt#"test_nextafter_273_other_2.220446049250313e-16_2.220446049250313e-16" =
0.02 s
[ 1179/31251] TestFloatExt#"test_nextafter_71_other_-1.0000000000000002_1.1125369292536007e-308" = 0
.02 s
[ 1180/31251] TestFloatExt#"test_nextafter_143_other_-5.0e-324_-1.0000000000000002" = 0.02 s
[ 1181/31251] TestFloatExt#"test_nextafter_366_other_Infinity_-1.1125369292536007e-308" = 0.02 s
[ 1182/31251] TestFloatExt#"test_nextafter_234_other_1.1125369292536007e-308_1.0" = 0.02 s
[ 1183/31251] TestFloatExt#"test_nextafter_108_other_-2.220446049250313e-16_-0.0" = 0.02 s
[ 1184/31251] TestFloatExt#"test_nextafter_390_other_NaN_5.0e-324" = 0.01 s
[ 1185/31251] TestFloatExt#"test_nextafter_113_other_-2.220446049250313e-16_2.220446049250313e-16" =
 0.02 s
[ 1186/31251] TestFloatExt#"test_nextafter_100_ruby_-2.220446049250313e-16_-Infinity" = 0.02 s
[ 1187/31251] TestFloatExt#"test_nextafter_45_other_-100.0_-2.220446049250313e-16" = 0.02 s
[ 1188/31251] TestFloatExt#"test_nextafter_120_ruby_-1.1125369292536007e-308_-Infinity" = 0.02 s
[ 1189/31251] TestFloatExt#"test_nextafter_194_other_0.0_1.0" = 0.02 s
[ 1190/31251] TestFloatExt#"test_nextafter_329_other_100.0_0.0" = 0.02 s
[ 1191/31251] TestFloatExt#"test_nextafter_365_other_Infinity_-2.220446049250313e-16" = 0.02 s
[ 1192/31251] TestFloatExt#"test_nextafter_385_other_NaN_-2.220446049250313e-16" = 0.01 s
[ 1193/31251] TestFloatExt#"test_nextafter_17_other_-Infinity_1.7976931348623157e+308" = 0.02 s
[ 1194/31251] TestFloatExt#"test_nextafter_253_other_2.2250738585072014e-308_2.220446049250313e-16"
= 0.02 s
[ 1195/31251] TestFloatExt#"test_nextafter_164_other_-0.0_-1.0" = 0.02 s
[ 1196/31251] TestFloatExt#"test_nextafter_356_other_1.7976931348623157e+308_100.0" = 0.02 s
[ 1197/31251] TestFloatExt#"test_nextafter_212_other_5.0e-324_2.2250738585072014e-308" = 0.02 s
[ 1198/31251] TestFloatExt#"test_nextafter_316_other_1.0000000000000002_100.0" = 0.02 s
[ 1199/31251] TestFloatExt#"test_nextafter_175_other_-0.0_1.0000000000000002" = 0.02 s
[ 1200/31251] TestFloatExt#"test_nextafter_337_other_100.0_1.7976931348623157e+308" = 0.02 s
[ 1201/31251] TestFloatExt#"test_nextafter_387_other_NaN_-5.0e-324" = 0.02 s
[ 1202/31251] TestFloatExt#"test_nextafter_112_other_-2.220446049250313e-16_2.2250738585072014e-308"
 = 0.02 s
[ 1203/31251] TestFloatExt#"test_nextafter_295_other_1.0_1.0000000000000002" = 0.02 s
[ 1204/31251] TestFloatExt#"test_nextafter_302_other_1.0000000000000002_-100.0" = 0.02 s
[ 1205/31251] TestFloatExt#"test_nextafter_54_other_-100.0_1.0" = 0.02 s
[ 1206/31251] TestFloatExt#"test_nextafter_335_other_100.0_1.0000000000000002" = 0.02 s
[ 1207/31251] TestFloatExt#"test_nextafter_246_other_2.2250738585072014e-308_-1.1125369292536007e-30
8" = 0.02 s
[ 1208/31251] TestFloatExt#"test_nextafter_228_other_1.1125369292536007e-308_-0.0" = 0.02 s
[ 1209/31251] TestFloatExt#"test_nextafter_241_other_2.2250738585072014e-308_-1.7976931348623157e+30
8" = 0.02 s
[ 1210/31251] TestFloatExt#"test_nextafter_29_other_-1.7976931348623157e+308_0.0" = 0.02 s
[ 1211/31251] TestFloatExt#"test_nextafter_229_other_1.1125369292536007e-308_0.0" = 0.02 s
[ 1212/31251] TestFloatExt#"test_nextafter_136_other_-1.1125369292536007e-308_100.0" = 0.02 s
[ 1213/31251] TestFloatExt#"test_nextafter_23_other_-1.7976931348623157e+308_-1.0000000000000002" =
0.02 s
[ 1214/31251] TestFloatExt#"test_nextafter_83_other_-1.0_-1.0000000000000002" = 0.02 s
[ 1215/31251] TestFloatExt#"test_nextafter_309_other_1.0000000000000002_0.0" = 0.02 s
[ 1216/31251] TestFloatExt#"test_nextafter_131_other_-1.1125369292536007e-308_1.1125369292536007e-30
8" = 0.02 s
[ 1217/31251] TestFloatExt#"test_nextafter_40_ruby_-100.0_-Infinity" = 0.02 s
[ 1218/31251] TestFloatExt#"test_nextafter_269_other_2.220446049250313e-16_0.0" = 0.02 s
[ 1219/31251] TestFloatExt#"test_nextafter_200_ruby_5.0e-324_-Infinity" = 0.02 s
[ 1220/31251] TestFloatExt#"test_nextafter_317_other_1.0000000000000002_1.7976931348623157e+308" = 0
.02 s
[ 1221/31251] TestFloatExt#"test_nextafter_198_ruby_0.0_Infinity" = 0.02 s
[ 1222/31251] TestFloatExt#"test_nextafter_280_ruby_1.0_-Infinity" = 0.02 s
[ 1223/31251] TestFloatExt#"test_nextafter_39_other_-1.7976931348623157e+308_NaN" = 0.02 s
[ 1224/31251] TestFloatExt#"test_nextafter_286_other_1.0_-1.1125369292536007e-308" = 0.02 s
[ 1225/31251] TestFloatExt#"test_nextafter_105_other_-2.220446049250313e-16_-2.220446049250313e-16"
= 0.02 s
[ 1226/31251] TestFloatExt#"test_nextafter_182_other_0.0_-100.0" = 0.02 s
[ 1227/31251] TestFloatExt#"test_nextafter_107_other_-2.220446049250313e-16_-5.0e-324" = 0.02 s
[ 1228/31251] TestFloatExt#"test_nextafter_24_other_-1.7976931348623157e+308_-1.0" = 0.02 s
[ 1229/31251] TestFloatExt#"test_nextafter_72_other_-1.0000000000000002_2.2250738585072014e-308" = 0
.02 s
[ 1230/31251] TestFloatExt#"test_nextafter_150_other_-5.0e-324_5.0e-324" = 0.02 s
[ 1231/31251] TestFloatExt#"test_nextafter_96_other_-1.0_100.0" = 0.02 s
[ 1232/31251] TestFloatExt#"test_nextafter_180_ruby_0.0_-Infinity" = 0.02 s
[ 1233/31251] TestFloatExt#"test_nextafter_42_other_-100.0_-100.0" = 0.02 s
[ 1234/31251] TestFloatExt#"test_nextafter_219_other_5.0e-324_NaN" = 0.01 s
[ 1235/31251] TestFloatExt#"test_nextafter_172_other_-0.0_2.2250738585072014e-308" = 0.02 s
[ 1236/31251] TestFloatExt#"test_nextafter_151_other_-5.0e-324_1.1125369292536007e-308" = 0.02 s
[ 1237/31251] TestFloatExt#"test_nextafter_128_other_-1.1125369292536007e-308_-0.0" = 0.02 s
[ 1238/31251] TestFloatExt#"test_nextafter_78_ruby_-1.0000000000000002_Infinity" = 0.02 s
[ 1239/31251] TestFloatExt#"test_nextafter_369_other_Infinity_0.0" = 0.02 s
[ 1240/31251] TestFloatExt#"test_nextafter_74_other_-1.0000000000000002_1.0" = 0.02 s
[ 1241/31251] TestFloatExt#"test_nextafter_353_other_1.7976931348623157e+308_2.220446049250313e-16"
= 0.02 s
[ 1242/31251] TestFloatExt#"test_nextafter_101_other_-2.220446049250313e-16_-1.7976931348623157e+308
" = 0.02 s
[ 1243/31251] TestFloatExt#"test_nextafter_16_other_-Infinity_100.0" = 0.02 s
[ 1244/31251] TestFloatExt#"test_nextafter_84_other_-1.0_-1.0" = 0.02 s
[ 1245/31251] TestFloatExt#"test_nextafter_82_other_-1.0_-100.0" = 0.02 s
[ 1246/31251] TestFloatExt#"test_nextafter_308_other_1.0000000000000002_-0.0" = 0.02 s
[ 1247/31251] TestFloatExt#"test_nextafter_358_ruby_1.7976931348623157e+308_Infinity" = 0.02 s
[ 1248/31251] TestFloatExt#"test_nextafter_341_other_1.7976931348623157e+308_-1.7976931348623157e+30
8" = 0.02 s
[ 1249/31251] TestFloatExt#"test_nextafter_211_other_5.0e-324_1.1125369292536007e-308" = 0.02 s
[ 1250/31251] TestFloatExt#"test_nextafter_28_other_-1.7976931348623157e+308_-0.0" = 0.02 s
[ 1251/31251] TestFloatExt#"test_nextafter_391_other_NaN_1.1125369292536007e-308" = 0.02 s
[ 1252/31251] TestFloatExt#"test_nextafter_346_other_1.7976931348623157e+308_-1.1125369292536007e-30
8" = 0.02 s
[ 1253/31251] TestFloatExt#"test_nextafter_132_other_-1.1125369292536007e-308_2.2250738585072014e-30
8" = 0.02 s
[ 1254/31251] TestFloatExt#"test_nextafter_226_other_1.1125369292536007e-308_-1.1125369292536007e-30
8" = 0.02 s
[ 1255/31251] TestFloatExt#"test_nextafter_343_other_1.7976931348623157e+308_-1.0000000000000002" =
0.02 s
[ 1256/31251] TestFloatExt#"test_nextafter_50_other_-100.0_5.0e-324" = 0.02 s
[ 1257/31251] TestFloatExt#"test_nextafter_168_other_-0.0_-0.0" = 0.02 s
[ 1258/31251] TestFloatExt#"test_nextafter_152_other_-5.0e-324_2.2250738585072014e-308" = 0.02 s
[ 1259/31251] TestFloatExt#"test_nextafter_79_other_-1.0000000000000002_NaN" = 0.01 s
[ 1260/31251] TestFloatExt#"test_nextafter_221_other_1.1125369292536007e-308_-1.7976931348623157e+30
8" = 0.02 s
[ 1261/31251] TestFloatExt#"test_nextafter_268_other_2.220446049250313e-16_-0.0" = 0.02 s
[ 1262/31251] TestFloatExt#"test_nextafter_249_other_2.2250738585072014e-308_0.0" = 0.02 s
[ 1263/31251] TestFloatExt#"test_nextafter_377_other_Infinity_1.7976931348623157e+308" = 0.02 s
[ 1264/31251] TestFloatExt#"test_nextafter_300_ruby_1.0000000000000002_-Infinity" = 0.02 s
[ 1265/31251] TestFloatExt#"test_nextafter_265_other_2.220446049250313e-16_-2.220446049250313e-16" =
 0.02 s
[ 1266/31251] TestFloatExt#"test_nextafter_301_other_1.0000000000000002_-1.7976931348623157e+308" =
0.02 s
[ 1267/31251] TestFloatExt#"test_nextafter_178_ruby_-0.0_Infinity" = 0.02 s
[ 1268/31251] TestFloatExt#"test_nextafter_195_other_0.0_1.0000000000000002" = 0.02 s
[ 1269/31251] TestFloatExt#"test_nextafter_92_other_-1.0_2.2250738585072014e-308" = 0.02 s
[ 1270/31251] TestFloatExt#"test_nextafter_288_other_1.0_-0.0" = 0.02 s
[ 1271/31251] TestFloatExt#"test_nextafter_124_other_-1.1125369292536007e-308_-1.0" = 0.02 s
[ 1272/31251] TestFloatExt#"test_nextafter_331_other_100.0_1.1125369292536007e-308" = 0.02 s
[ 1273/31251] TestFloatExt#"test_nextafter_310_other_1.0000000000000002_5.0e-324" = 0.02 s
[ 1274/31251] TestFloatExt#"test_nextafter_264_other_2.220446049250313e-16_-1.0" = 0.02 s
[ 1275/31251] TestFloatExt#"test_nextafter_0_ruby_-Infinity_-Infinity" = 0.02 s
[ 1276/31251] TestFloatExt#"test_nextafter_162_other_-0.0_-100.0" = 0.02 s
[ 1277/31251] TestFloatExt#"test_nextafter_271_other_2.220446049250313e-16_1.1125369292536007e-308"
= 0.02 s
[ 1278/31251] TestFloatExt#"test_nextafter_336_other_100.0_100.0" = 0.02 s
[ 1279/31251] TestFloatExt#"test_nextafter_119_other_-2.220446049250313e-16_NaN" = 0.02 s
[ 1280/31251] TestFloatExt#"test_nextafter_290_other_1.0_5.0e-324" = 0.02 s
[ 1281/31251] TestFloatExt#"test_nextafter_344_other_1.7976931348623157e+308_-1.0" = 0.02 s
[ 1282/31251] TestFloatExt#"test_nextafter_122_other_-1.1125369292536007e-308_-100.0" = 0.02 s
[ 1283/31251] TestFloatExt#"test_nextafter_367_other_Infinity_-5.0e-324" = 0.02 s
[ 1284/31251] TestFloatExt#"test_nextafter_278_ruby_2.220446049250313e-16_Infinity" = 0.02 s
[ 1285/31251] TestFloatExt#"test_nextafter_103_other_-2.220446049250313e-16_-1.0000000000000002" = 0
.02 s
[ 1286/31251] TestFloatExt#"test_nextafter_283_other_1.0_-1.0000000000000002" = 0.02 s
[ 1287/31251] TestFloatExt#"test_nextafter_37_other_-1.7976931348623157e+308_1.7976931348623157e+308
" = 0.02 s
[ 1288/31251] TestFloatExt#"test_nextafter_102_other_-2.220446049250313e-16_-100.0" = 0.02 s
[ 1289/31251] TestFloatExt#"test_nextafter_88_other_-1.0_-0.0" = 0.02 s
[ 1290/31251] TestFloatExt#"test_nextafter_179_other_-0.0_NaN" = 0.02 s
[ 1291/31251] TestFloatExt#"test_nextafter_199_other_0.0_NaN" = 0.01 s
[ 1292/31251] TestFloatExt#"test_nextafter_281_other_1.0_-1.7976931348623157e+308" = 0.02 s
[ 1293/31251] TestFloatExt#"test_nextafter_57_other_-100.0_1.7976931348623157e+308" = 0.02 s
[ 1294/31251] TestFloatExt#"test_nextafter_144_other_-5.0e-324_-1.0" = 0.02 s
[ 1295/31251] TestFloatExt#"test_nextafter_376_other_Infinity_100.0" = 0.02 s
[ 1296/31251] TestFloatExt#"test_nextafter_319_other_1.0000000000000002_NaN" = 0.02 s
[ 1297/31251] TestFloatExt#"test_nextafter_125_other_-1.1125369292536007e-308_-2.220446049250313e-16
" = 0.02 s
[ 1298/31251] TestFloatExt#"test_nextafter_357_other_1.7976931348623157e+308_1.7976931348623157e+308
" = 0.02 s
[ 1299/31251] TestFloatExt#"test_nextafter_65_other_-1.0000000000000002_-2.220446049250313e-16" = 0.
02 s
[ 1300/31251] TestFloatExt#"test_nextafter_232_other_1.1125369292536007e-308_2.2250738585072014e-308
" = 0.02 s
[ 1301/31251] TestFloatExt#"test_nextafter_330_other_100.0_5.0e-324" = 0.02 s
[ 1302/31251] TestFloatExt#"test_nextafter_260_ruby_2.220446049250313e-16_-Infinity" = 0.02 s
[ 1303/31251] TestFloatExt#"test_nextafter_206_other_5.0e-324_-1.1125369292536007e-308" = 0.02 s
[ 1304/31251] TestFloatExt#"test_nextafter_181_other_0.0_-1.7976931348623157e+308" = 0.02 s
[ 1305/31251] TestFloatExt#"test_nextafter_80_ruby_-1.0_-Infinity" = 0.02 s
[ 1306/31251] TestFloatExt#"test_nextafter_235_other_1.1125369292536007e-308_1.0000000000000002" = 0
.02 s
[ 1307/31251] TestFloatExt#"test_nextafter_277_other_2.220446049250313e-16_1.7976931348623157e+308"
= 0.02 s
[ 1308/31251] TestFloatExt#"test_nextafter_60_ruby_-1.0000000000000002_-Infinity" = 0.02 s
[ 1309/31251] TestFloatExt#"test_nextafter_306_other_1.0000000000000002_-1.1125369292536007e-308" =
0.02 s
[ 1310/31251] TestFloatExt#"test_nextafter_263_other_2.220446049250313e-16_-1.0000000000000002" = 0.
02 s
[ 1311/31251] TestFloatExt#"test_nextafter_332_other_100.0_2.2250738585072014e-308" = 0.02 s
[ 1312/31251] TestFloatExt#"test_nextafter_396_other_NaN_100.0" = 0.01 s
[ 1313/31251] TestFloatExt#"test_nextafter_177_other_-0.0_1.7976931348623157e+308" = 0.02 s
[ 1314/31251] TestFloatExt#"test_nextafter_327_other_100.0_-5.0e-324" = 0.02 s
[ 1315/31251] TestFloatExt#"test_nextafter_239_other_1.1125369292536007e-308_NaN" = 0.02 s
[ 1316/31251] TestFloatExt#"test_nextafter_99_other_-1.0_NaN" = 0.01 s
[ 1317/31251] TestFloatExt#"test_nextafter_36_other_-1.7976931348623157e+308_100.0" = 0.02 s
[ 1318/31251] TestFloatExt#"test_nextafter_298_ruby_1.0_Infinity" = 0.02 s
[ 1319/31251] TestFloatExt#"test_nextafter_127_other_-1.1125369292536007e-308_-5.0e-324" = 0.02 s
[ 1320/31251] TestFloatExt#"test_nextafter_347_other_1.7976931348623157e+308_-5.0e-324" = 0.02 s
[ 1321/31251] TestFloatExt#"test_nextafter_134_other_-1.1125369292536007e-308_1.0" = 0.02 s
[ 1322/31251] TestFloatExt#"test_nextafter_233_other_1.1125369292536007e-308_2.220446049250313e-16"
= 0.02 s
[ 1323/31251] TestFloatExt#"test_nextafter_293_other_1.0_2.220446049250313e-16" = 0.02 s
[ 1324/31251] TestFloatExt#"test_nextafter_154_other_-5.0e-324_1.0" = 0.02 s
[ 1325/31251] TestFloatExt#"test_nextafter_95_other_-1.0_1.0000000000000002" = 0.02 s
[ 1326/31251] TestFloatExt#"test_nextafter_160_ruby_-0.0_-Infinity" = 0.02 s
[ 1327/31251] TestFloatExt#"test_nextafter_30_other_-1.7976931348623157e+308_5.0e-324" = 0.02 s
[ 1328/31251] TestFloatExt#"test_nextafter_315_other_1.0000000000000002_1.0000000000000002" = 0.02 s
[ 1329/31251] TestFloatExt#"test_nextafter_254_other_2.2250738585072014e-308_1.0" = 0.02 s
[ 1330/31251] TestFloatExt#"test_nextafter_321_other_100.0_-1.7976931348623157e+308" = 0.02 s
[ 1331/31251] TestFloatExt#"test_nextafter_123_other_-1.1125369292536007e-308_-1.0000000000000002" =
 0.02 s
[ 1332/31251] TestFloatExt#"test_nextafter_90_other_-1.0_5.0e-324" = 0.02 s
[ 1333/31251] TestFloatExt#"test_nextafter_201_other_5.0e-324_-1.7976931348623157e+308" = 0.02 s
[ 1334/31251] TestFloatExt#"test_nextafter_393_other_NaN_2.220446049250313e-16" = 0.02 s
[ 1335/31251] TestFloatExt#"test_nextafter_188_other_0.0_-0.0" = 0.02 s
[ 1336/31251] TestFloatExt#"test_nextafter_41_other_-100.0_-1.7976931348623157e+308" = 0.02 s
[ 1337/31251] TestFloatExt#"test_nextafter_395_other_NaN_1.0000000000000002" = 0.02 s
[ 1338/31251] TestFloatExt#"test_nextafter_227_other_1.1125369292536007e-308_-5.0e-324" = 0.02 s
[ 1339/31251] TestFloatExt#"test_nextafter_114_other_-2.220446049250313e-16_1.0" = 0.02 s
[ 1340/31251] TestFloatExt#"test_nextafter_255_other_2.2250738585072014e-308_1.0000000000000002" = 0
.02 s
[ 1341/31251] TestFloatExt#"test_nextafter_261_other_2.220446049250313e-16_-1.7976931348623157e+308"
 = 0.02 s
[ 1342/31251] TestFloatExt#"test_nextafter_77_other_-1.0000000000000002_1.7976931348623157e+308" = 0
.02 s
[ 1343/31251] TestFloatExt#"test_nextafter_138_ruby_-1.1125369292536007e-308_Infinity" = 0.02 s
[ 1344/31251] TestFloatExt#"test_nextafter_204_other_5.0e-324_-1.0" = 0.02 s
[ 1345/31251] TestFloatExt#"test_nextafter_159_other_-5.0e-324_NaN" = 0.02 s
[ 1346/31251] TestFloatExt#"test_nextafter_299_other_1.0_NaN" = 0.01 s
[ 1347/31251] TestFloatExt#"test_nextafter_350_other_1.7976931348623157e+308_5.0e-324" = 0.02 s
[ 1348/31251] TestFloatExt#"test_nextafter_363_other_Infinity_-1.0000000000000002" = 0.02 s
[ 1349/31251] TestFloatExt#"test_nextafter_9_other_-Infinity_0.0" = 0.02 s
[ 1350/31251] TestFloatExt#"test_nextafter_284_other_1.0_-1.0" = 0.02 s
[ 1351/31251] TestFloatExt#"test_nextafter_48_other_-100.0_-0.0" = 0.02 s
[ 1352/31251] TestFloatExt#"test_nextafter_205_other_5.0e-324_-2.220446049250313e-16" = 0.02 s
[ 1353/31251] TestFloatExt#"test_nextafter_1_other_-Infinity_-1.7976931348623157e+308" = 0.02 s
[ 1354/31251] TestFloatExt#"test_nextafter_303_other_1.0000000000000002_-1.0000000000000002" = 0.02
s
[ 1355/31251] TestFloatExt#"test_nextafter_375_other_Infinity_1.0000000000000002" = 0.02 s
[ 1356/31251] TestFloatExt#"test_nextafter_372_other_Infinity_2.2250738585072014e-308" = 0.02 s
[ 1357/31251] TestFloatExt#"test_nextafter_210_other_5.0e-324_5.0e-324" = 0.02 s
[ 1358/31251] TestFloatExt#"test_nextafter_381_other_NaN_-1.7976931348623157e+308" = 0.01 s
[ 1359/31251] TestFloatExt#"test_nextafter_11_other_-Infinity_1.1125369292536007e-308" = 0.02 s
[ 1360/31251] TestFloatExt#test_nextafter_399_other_NaN_NaN = 0.01 s
[ 1361/31251] TestFloatExt#"test_nextafter_156_other_-5.0e-324_100.0" = 0.02 s
[ 1362/31251] TestFloatExt#"test_nextafter_287_other_1.0_-5.0e-324" = 0.02 s
[ 1363/31251] TestFloatExt#"test_nextafter_207_other_5.0e-324_-5.0e-324" = 0.02 s
[ 1364/31251] TestFloatExt#"test_nextafter_250_other_2.2250738585072014e-308_5.0e-324" = 0.02 s
[ 1365/31251] TestFloatExt#"test_nextafter_355_other_1.7976931348623157e+308_1.0000000000000002" = 0
.02 s
[ 1366/31251] TestFloatExt#"test_nextafter_130_other_-1.1125369292536007e-308_5.0e-324" = 0.02 s
[ 1367/31251] TestFloatExt#"test_nextafter_47_other_-100.0_-5.0e-324" = 0.02 s
[ 1368/31251] TestFloatExt#"test_nextafter_149_other_-5.0e-324_0.0" = 0.02 s
[ 1369/31251] TestFloatExt#"test_nextafter_66_other_-1.0000000000000002_-1.1125369292536007e-308" =
0.02 s
[ 1370/31251] TestFloatExt#"test_nextafter_322_other_100.0_-100.0" = 0.02 s
[ 1371/31251] TestFloatExt#"test_nextafter_270_other_2.220446049250313e-16_5.0e-324" = 0.02 s
[ 1372/31251] TestFloatExt#"test_nextafter_34_other_-1.7976931348623157e+308_1.0" = 0.02 s
[ 1373/31251] TestFloatExt#"test_nextafter_75_other_-1.0000000000000002_1.0000000000000002" = 0.02 s
[ 1374/31251] TestFloatExt#"test_nextafter_354_other_1.7976931348623157e+308_1.0" = 0.02 s
[ 1375/31251] TestFloatExt#"test_nextafter_116_other_-2.220446049250313e-16_100.0" = 0.02 s
[ 1376/31251] TestFloatExt#"test_nextafter_109_other_-2.220446049250313e-16_0.0" = 0.02 s
[ 1377/31251] TestFloatExt#"test_nextafter_185_other_0.0_-2.220446049250313e-16" = 0.02 s
[ 1378/31251] TestFloatExt#"test_nextafter_33_other_-1.7976931348623157e+308_2.220446049250313e-16"
= 0.02 s
[ 1379/31251] TestFloatExt#test_nextafter_378_ruby_Infinity_Infinity = 0.02 s
[ 1380/31251] TestFloatExt#"test_nextafter_86_other_-1.0_-1.1125369292536007e-308" = 0.02 s
[ 1381/31251] TestFloatExt#"test_nextafter_166_other_-0.0_-1.1125369292536007e-308" = 0.02 s
[ 1382/31251] TestFloatExt#"test_nextafter_145_other_-5.0e-324_-2.220446049250313e-16" = 0.02 s
[ 1383/31251] TestFloatExt#"test_nextafter_56_other_-100.0_100.0" = 0.02 s
[ 1384/31251] TestFloatExt#"test_nextafter_158_ruby_-5.0e-324_Infinity" = 0.02 s
[ 1385/31251] TestFloatExt#"test_nextafter_345_other_1.7976931348623157e+308_-2.220446049250313e-16"
 = 0.02 s
[ 1386/31251] TestFloatExt#"test_nextafter_237_other_1.1125369292536007e-308_1.7976931348623157e+308
" = 0.02 s
[ 1387/31251] TestFloatExt#"test_nextafter_22_other_-1.7976931348623157e+308_-100.0" = 0.02 s
[ 1388/31251] TestFloatExt#"test_nextafter_352_other_1.7976931348623157e+308_2.2250738585072014e-308
" = 0.02 s
[ 1389/31251] TestFloatExt#"test_nextafter_104_other_-2.220446049250313e-16_-1.0" = 0.02 s
[ 1390/31251] TestFloatExt#"test_nextafter_157_other_-5.0e-324_1.7976931348623157e+308" = 0.02 s
[ 1391/31251] TestFloatExt#"test_nextafter_167_other_-0.0_-5.0e-324" = 0.02 s
[ 1392/31251] TestFloatExt#"test_nextafter_266_other_2.220446049250313e-16_-1.1125369292536007e-308"
 = 0.02 s
[ 1393/31251] TestFloatExt#"test_nextafter_68_other_-1.0000000000000002_-0.0" = 0.02 s
[ 1394/31251] TestFloatExt#"test_nextafter_340_ruby_1.7976931348623157e+308_-Infinity" = 0.02 s
[ 1395/31251] TestFloatExt#"test_nextafter_173_other_-0.0_2.220446049250313e-16" = 0.02 s
[ 1396/31251] TestFloatExt#"test_nextafter_349_other_1.7976931348623157e+308_0.0" = 0.02 s
[ 1397/31251] TestFloatExt#"test_nextafter_238_ruby_1.1125369292536007e-308_Infinity" = 0.12 s
[ 1398/31251] TestFloatExt#"test_nextafter_6_other_-Infinity_-1.1125369292536007e-308" = 0.02 s
[ 1399/31251] TestFloatExt#"test_nextafter_32_other_-1.7976931348623157e+308_2.2250738585072014e-308
" = 0.02 s
[ 1400/31251] TestFloatExt#"test_nextafter_311_other_1.0000000000000002_1.1125369292536007e-308" = 0
.02 s
[ 1401/31251] TestFloatExt#"test_nextafter_165_other_-0.0_-2.220446049250313e-16" = 0.02 s
[ 1402/31251] TestFloatExt#"test_nextafter_251_other_2.2250738585072014e-308_1.1125369292536007e-308
" = 0.02 s
[ 1403/31251] TestFloatExt#"test_nextafter_291_other_1.0_1.1125369292536007e-308" = 0.02 s
[ 1404/31251] TestFloatExt#"test_nextafter_333_other_100.0_2.220446049250313e-16" = 0.02 s
[ 1405/31251] TestFloatExt#"test_nextafter_3_other_-Infinity_-1.0000000000000002" = 0.02 s
[ 1406/31251] TestFloatExt#"test_nextafter_63_other_-1.0000000000000002_-1.0000000000000002" = 0.02
s
[ 1407/31251] TestFloatExt#"test_nextafter_208_other_5.0e-324_-0.0" = 0.02 s
[ 1408/31251] TestFloatExt#"test_nextafter_314_other_1.0000000000000002_1.0" = 0.02 s
[ 1409/31251] TestFloatExt#"test_nextafter_223_other_1.1125369292536007e-308_-1.0000000000000002" =
0.02 s
[ 1410/31251] TestFloatExt#"test_nextafter_171_other_-0.0_1.1125369292536007e-308" = 0.02 s
[ 1411/31251] TestFloatExt#"test_nextafter_274_other_2.220446049250313e-16_1.0" = 0.02 s
[ 1412/31251] TestFloatExt#"test_nextafter_203_other_5.0e-324_-1.0000000000000002" = 0.02 s
[ 1413/31251] TestFloatExt#"test_nextafter_153_other_-5.0e-324_2.220446049250313e-16" = 0.02 s
[ 1414/31251] TestFloatExt#"test_nextafter_38_ruby_-1.7976931348623157e+308_Infinity" = 0.02 s
[ 1415/31251] TestFloatExt#"test_nextafter_135_other_-1.1125369292536007e-308_1.0000000000000002" =
0.02 s
[ 1416/31251] TestFloatExt#"test_nextafter_362_other_Infinity_-100.0" = 0.02 s
[ 1417/31251] TestFloatExt#"test_nextafter_240_ruby_2.2250738585072014e-308_-Infinity" = 0.02 s
[ 1418/31251] TestFloatExt#"test_nextafter_348_other_1.7976931348623157e+308_-0.0" = 0.02 s
[ 1419/31251] TestFloatExt#"test_nextafter_137_other_-1.1125369292536007e-308_1.7976931348623157e+30
8" = 0.02 s
[ 1420/31251] TestFloatExt#"test_nextafter_193_other_0.0_2.220446049250313e-16" = 0.02 s
[ 1421/31251] TestFloatExt#"test_nextafter_313_other_1.0000000000000002_2.220446049250313e-16" = 0.0
2 s
[ 1422/31251] TestFloatExt#"test_nextafter_276_other_2.220446049250313e-16_100.0" = 0.02 s
[ 1423/31251] TestFloatExt#"test_nextafter_184_other_0.0_-1.0" = 0.02 s
[ 1424/31251] TestFloatExt#"test_nextafter_243_other_2.2250738585072014e-308_-1.0000000000000002" =
0.02 s
[ 1425/31251] TestFloatExt#"test_nextafter_312_other_1.0000000000000002_2.2250738585072014e-308" = 0
.02 s
[ 1426/31251] TestFloatExt#"test_nextafter_13_other_-Infinity_2.220446049250313e-16" = 0.02 s
[ 1427/31251] TestFloatExt#"test_nextafter_296_other_1.0_100.0" = 0.02 s
[ 1428/31251] TestFloatExt#"test_nextafter_191_other_0.0_1.1125369292536007e-308" = 0.02 s
[ 1429/31251] TestFloatExt#"test_nextafter_8_other_-Infinity_-0.0" = 0.02 s
[ 1430/31251] TestFloatExt#"test_nextafter_76_other_-1.0000000000000002_100.0" = 0.02 s
[ 1431/31251] OpenSSL::TestEOF1#test_eof_2 = 2.43 s
[ 1432/31251] OpenSSL::TestEOF1#test_eof_0 = 3.62 s
[ 1433/31251] OpenSSL::TestEOF1#test_getbyte_eof = 2.08 s
[ 1434/31251] OpenSSL::TestEOF1#test_eof_0_rw = 1.23 s
[ 1435/31251] OpenSSL::TestEOF1#test_readbyte_eof = 12.61 s
[ 1436/31251] OpenSSL::TestEOF1#test_eof_1 = 6.03 s
[ 1437/31251] OpenSSL::TestEOF1#test_eof_3 = 1.60 s
[ 1438/31251] TestLogger#test_overriding_level = 0.10 s
[ 1439/31251] TestLogger#test_reopen = 0.02 s
[ 1440/31251] TestLogger#test_add_binary_data_with_binmode_logdev = 0.08 s
[ 1441/31251] TestLogger#test_add = 0.20 s
[ 1442/31251] TestLogger#test_initialize = 0.02 s
[ 1443/31251] TestLogger#test_symbol_level = 0.03 s
[ 1444/31251] TestLogger#test_does_not_instantiate_log_device_for_File_NULL = 0.01 s
[ 1445/31251] TestLogger#test_initialize_with_level = 0.02 s
[ 1446/31251] TestLogger#test_close = 0.02 s
[ 1447/31251] TestLogger#test_reraise_write_errors = 0.04 s
[ 1448/31251] TestLogger#test_reopen_nil_logdevice = 0.01 s
[ 1449/31251] TestLogger#test_lshift = 0.04 s
[ 1450/31251] TestLogger#test_formatter = 0.14 s
[ 1451/31251] TestLogger#test_initialize_with_progname = 0.02 s
[ 1452/31251] TestLogger#test_level_log = 0.28 s
[ 1453/31251] TestLogger#test_progname = 0.01 s
[ 1454/31251] TestLogger#test_initialize_with_datetime_format = 0.09 s
[ 1455/31251] TestLogger#test_initialize_with_formatter = 0.08 s
[ 1456/31251] TestLogger#test_level = 0.03 s
[ 1457/31251] TestLogger#test_datetime_format = 0.11 s
[ 1458/31251] TestLogger#test_format = 0.16 s
[ 1459/31251] TestLogger#test_string_level = 0.03 s
[ 1460/31251] Prism::PercentDelimiterStringTest#test_cr_crlf = 0.02 s
[ 1461/31251] Prism::PercentDelimiterStringTest#test_newline_terminator_with_crlf_crlf_with_extra_cr
 = 0.02 s
[ 1462/31251] Prism::PercentDelimiterStringTest#test_newline_terminator_with_cr_cr = 0.02 s
[ 1463/31251] Prism::PercentDelimiterStringTest#test_lf_crlf = 0.02 s
[ 1464/31251] Prism::PercentDelimiterStringTest#test_lf_lf = 0.02 s
[ 1465/31251] Prism::PercentDelimiterStringTest#test_newline_terminator_with_lf_crlf_with_extra_cr =
 0.02 s
[ 1466/31251] Prism::PercentDelimiterStringTest#test_newline_terminator_with_crlf_pair = 0.02 s
[ 1467/31251] Prism::PercentDelimiterStringTest#test_newline_terminator_with_crlf_lf = 0.02 s
[ 1468/31251] Prism::PercentDelimiterStringTest#test_newline_terminator_with_lf_crlf = 0.02 s
[ 1469/31251] TestIRB::ContextTest#test_prompt_main_raise = 0.12 s
[ 1470/31251] TestIRB::ContextTest#test_lineno = 0.51 s
[ 1471/31251] TestIRB::ContextTest#test_false_inspect_mode_failed = 0.26 s
[ 1472/31251] TestIRB::ContextTest#test_echo_on_assignment_conf = 0.09 s
[ 1473/31251] TestIRB::ContextTest#test_yaml_inspect_mode_successful = 0.36 s
[ 1474/31251] TestIRB::ContextTest#test_object_inspection_prints_useful_info_when_kernel_inspect_als
o_errored = 0.29 s
[ 1475/31251] TestIRB::ContextTest#test_prompt_main_truncate = 0.06 s
[ 1476/31251] TestIRB::ContextTest#test_p_inspect_mode_successful = 0.35 s
[ 1477/31251] TestIRB::ContextTest#test_p_inspect_mode_failed = 0.30 s
[ 1478/31251] TestIRB::ContextTest#test_eval_input_raise2x = 0.49 s
[ 1479/31251] TestIRB::ContextTest#test_false_inspect_mode_successful = 0.34 s
[ 1480/31251] TestIRB::ContextTest#test_prompt_n_deprecation = 0.18 s
[ 1481/31251] TestIRB::ContextTest#test_prompt_main_basic_object = 0.06 s
[ 1482/31251] TestIRB::ContextTest#test_omit_on_assignment = 6.27 s
[ 1483/31251] TestIRB::ContextTest#test_prompt_format = 0.07 s
[ 1484/31251] TestIRB::ContextTest#test_eval_input_with_long_exception = 1.79 s
[ 1485/31251] TestIRB::ContextTest#test_build_completor = 0.32 s
[ 1486/31251] TestIRB::ContextTest#test_default_return_format = 0.24 s
[ 1487/31251] TestIRB::ContextTest#test_prompt_main_escape = 0.06 s
[ 1488/31251] TestIRB::ContextTest#test_omit_multiline_on_assignment = 9.79 s
[ 1489/31251] TestIRB::ContextTest#test_object_inspection_falls_back_to_kernel_inspect_when_errored
= 0.25 s
[ 1490/31251] TestIRB::ContextTest#test_echo_on_assignment = 2.53 s
[ 1491/31251] TestIRB::ContextTest#test_output_to_pipe = 0.37 s
[ 1492/31251] TestIRB::ContextTest#test_default_config = 0.04 s
[ 1493/31251] TestIRB::ContextTest#test_marshal_inspect_mode_failed = 0.28 s
[ 1494/31251] TestIRB::ContextTest#test_prompt_main_inspect_escape = 0.06 s
[ 1495/31251] TestIRB::ContextTest#test_eval_input_with_exception = 0.40 s
[ 1496/31251] TestIRB::ContextTest#test_yaml_inspect_mode_failed = 0.34 s
[ 1497/31251] TestIRB::ContextTest#test_true_inspect_mode_successful = 0.39 s
[ 1498/31251] TestIRB::ContextTest#test_marshal_inspect_mode_successful = 0.23 s
[ 1499/31251] TestIRB::ContextTest#test_object_inspection_handles_basic_object = 0.28 s
[ 1500/31251] TestIRB::ContextTest#test_multiline_output_on_default_inspector = 0.43 s
[ 1501/31251] TestIRB::ContextTest#test_irb_path_setter = 0.05 s
[ 1502/31251] TestIRB::ContextTest#test_eval_input = 0.47 s
[ 1503/31251] TestIRB::ContextTest#test_eval_input_with_invalid_byte_sequence_exception = 0.41 s
[ 1504/31251] TestDigest::TestRMD160#test_s_new = 0.02 s
[ 1505/31251] TestDigest::TestRMD160#test_s_file = 0.05 s
[ 1506/31251] TestDigest::TestRMD160#test_bubblebabble_instance = 0.02 s
[ 1507/31251] TestDigest::TestRMD160#test_s_digest = 0.02 s
[ 1508/31251] TestDigest::TestRMD160#test_update = 0.02 s
[ 1509/31251] TestDigest::TestRMD160#test_bubblebabble = 0.01 s
[ 1510/31251] TestDigest::TestRMD160#test_instance_eval = 0.01 s
[ 1511/31251] TestDigest::TestRMD160#test_bubblebabble_class = 0.02 s
[ 1512/31251] TestDigest::TestRMD160#test_s_hexdigest = 0.02 s
[ 1513/31251] TestDigest::TestRMD160#test_alignment = 0.01 s
[ 1514/31251] TestDigest::TestRMD160#test_eq = 0.02 s
[ 1515/31251] TestDigest::TestRMD160#test_s_base64digest = 0.02 s
[ 1516/31251] TestGemRequestSet#test_load_gemdeps_installing = 1.09 s
[ 1517/31251] TestGemRequestSet#test_resolve_ignore_dependencies = 1.17 s
[ 1518/31251] TestGemRequestSet#test_resolve_development = 1.06 s
[ 1519/31251] TestGemRequestSet#test_gem_duplicate = 1.01 s
[ 1520/31251] TestGemRequestSet#test_tsort_each_child_development = 1.42 s
[ 1521/31251] TestGemRequestSet#test_install_from_gemdeps_explain = 2.29 s
[ 1522/31251] TestGemRequestSet#test_install_into_development_shallow = 2.25 s
[ 1523/31251] TestGemRequestSet#test_load_gemdeps = 1.34 s
[ 1524/31251] TestGemRequestSet#test_install_into = 1.95 s
[ 1525/31251] TestGemRequestSet#test_sorted_requests = 1.81 s
[ 1526/31251] TestGemRequestSet#test_install_from_gemdeps_local = 2.24 s
[ 1527/31251] TestGemRequestSet#test_load_gemdeps_without_groups = 1.33 s
[ 1528/31251] TestGemRequestSet#test_tsort_each_child_development_shallow = 1.42 s
[ 1529/31251] TestGemRequestSet#test_install_from_gemdeps = 2.24 s
[ 1530/31251] TestGemRequestSet#test_install_from_gemdeps_install_dir = 2.30 s
[ 1531/31251] TestGemRequestSet#test_resolve_git = 1.36 s
[ 1532/31251] TestGemRequestSet#test_bug_bug_990 = 1.53 s
[ 1533/31251] TestGemRequestSet#test_resolve_development_shallow = 1.72 s
[ 1534/31251] TestGemRequestSet#test_resolve_vendor = 2.20 s
[ 1535/31251] TestGemRequestSet#test_resolve = 1.72 s
[ 1536/31251] TestGemRequestSet#test_install = 2.26 s
[ 1537/31251] TestGemRequestSet#test_install_from_gemdeps_complex_dependencies = 2.59 s
[ 1538/31251] TestGemRequestSet#test_install_from_gemdeps_version_mismatch = 2.27 s
[ 1539/31251] TestGemRequestSet#test_import = 1.31 s
[ 1540/31251] TestGemRequestSet#test_resolve_incompatible = 1.05 s
[ 1541/31251] TestGemRequestSet#test_gem = 1.02 s
[ 1542/31251] TestGemRequestSet#test_install_from_gemdeps_lockfile = 1.96 s
[ 1543/31251] TestGemRequestSet#test_sorted_requests_development_shallow = 1.74 s
[ 1544/31251] TestIOConsoleInRactor#test_ractor = 17.19 s
[ 1545/31251] Prism::EqualityTest#test_equality = 0.17 s
[ 1546/31251] TestDateNew#test_civil = 0.10 s
[ 1547/31251] TestDateNew#test_ordinal__neg = 0.02 s
[ 1548/31251] TestDateNew#test_valid_with_invalid_types = 0.03 s
[ 1549/31251] TestDateNew#test_civil__reform = 0.03 s
[ 1550/31251] TestDateNew#test_commercial__ex = 0.02 s
[ 1551/31251] TestDateNew#test_civil__neg = 0.02 s
[ 1552/31251] TestDateNew#test_today = 0.02 s
[ 1553/31251] TestDateNew#test_invalid_types = 0.11 s
[ 1554/31251] TestDateNew#test_jd__ex = 0.02 s
[ 1555/31251] TestDateNew#test_commercial__neg = 0.02 s
[ 1556/31251] TestDateNew#test_ordinal = 0.03 s
[ 1557/31251] TestDateNew#test_jd = 0.03 s
[ 1558/31251] TestDateNew#test_now = 0.02 s
[ 1559/31251] TestDateNew#test_commercial = 0.03 s
[ 1560/31251] TestDateNew#test_civil__ex = 0.02 s
[ 1561/31251] TestDateNew#test_memsize = 0.34 s
[ 1562/31251] TestDateNew#test_ordinal__ex = 0.02 s
[ 1563/31251] Test_Symbol::TestInadvertent#test_module_define_method_argument_error = 0.04 s
[ 1564/31251] Test_Symbol::TestInadvertent#test_execopt_redirect_value = 0.02 s
[ 1565/31251] Test_Symbol::TestInadvertent#test_struct_aref = 0.03 s
[ 1566/31251] Test_Symbol::TestInadvertent#test_undefined_instance_variable = 0.02 s
[ 1567/31251] Test_Symbol::TestInadvertent#test_undefined_method = 0.04 s
[ 1568/31251] Test_Symbol::TestInadvertent#test___send__ = 0.02 s
[ 1569/31251] Test_Symbol::TestInadvertent#test_send_leak_symbol = 0.02 s
[ 1570/31251] Test_Symbol::TestInadvertent#test_struct_new = 0.02 s
[ 1571/31251] Test_Symbol::TestInadvertent#test_send_leak_string_custom_method_missing = 0.02 s
[ 1572/31251] Test_Symbol::TestInadvertent#test_execopt_redirect_path = 0.02 s
[ 1573/31251] Test_Symbol::TestInadvertent#test_kwarg_symbol_leak_just_rest = 0.02 s
[ 1574/31251] Test_Symbol::TestInadvertent#test_module_const_defined? = 0.03 s
[ 1575/31251] Test_Symbol::TestInadvertent#test_gc_attrset = 25.26 s
[ 1576/31251] Test_Symbol::TestInadvertent#test_send_leak_symbol_no_optimization = 0.03 s
[ 1577/31251] Test_Symbol::TestInadvertent#test_send_leak_string = 0.02 s
[ 1578/31251] Test_Symbol::TestInadvertent#test_thread_variable_get = 0.02 s
[ 1579/31251] Test_Symbol::TestInadvertent#test_undefined_const = 0.02 s
[ 1580/31251] Test_Symbol::TestInadvertent#test_thread_variable_set = 0.02 s
[ 1581/31251] Test_Symbol::TestInadvertent#test_invalid_attr = 0.03 s
[ 1582/31251] Test_Symbol::TestInadvertent#test_thread_key? = 0.02 s
[ 1583/31251] Test_Symbol::TestInadvertent#test_kwarg_symbol_leak_no_rest = 0.04 s
[ 1584/31251] Test_Symbol::TestInadvertent#test_const_missing = 0.04 s
[ 1585/31251] Test_Symbol::TestInadvertent#test_invalid_attr_writer = 0.02 s
[ 1586/31251] Test_Symbol::TestInadvertent#test_enumerable_inject_op = 0.02 s
[ 1587/31251] Test_Symbol::TestInadvertent#test_public_send = 0.02 s
[ 1588/31251] Test_Symbol::TestInadvertent#test_struct_aset = 0.03 s
[ 1589/31251] Test_Symbol::TestInadvertent#test_send_leak_symbol_custom_method_missing_no_optimizati
on = 0.03 s
[ 1590/31251] Test_Symbol::TestInadvertent#test_undefined_class_variable = 0.03 s
[ 1591/31251] Test_Symbol::TestInadvertent#test_object_ivar_set = 0.03 s
[ 1592/31251] Test_Symbol::TestInadvertent#test_send = 0.02 s
[ 1593/31251] Test_Symbol::TestInadvertent#test_send_leak_string_no_optimization = 0.02 s
[ 1594/31251] Test_Symbol::TestInadvertent#test_module_const_get_toplevel = 0.03 s
[ 1595/31251] Test_Symbol::TestInadvertent#test_execopt_redirect_symbol = 0.02 s
[ 1596/31251] Test_Symbol::TestInadvertent#test_missing_method = 0.10 s
[ 1597/31251] Test_Symbol::TestInadvertent#test_module_const_get = 0.02 s
[ 1598/31251] Test_Symbol::TestInadvertent#test_thread_aref = 0.02 s
[ 1599/31251] Test_Symbol::TestInadvertent#test_iv_get = 0.02 s
[ 1600/31251] Test_Symbol::TestInadvertent#test_respond_to_missing = 0.04 s
[ 1601/31251] Test_Symbol::TestInadvertent#test_module_const_set = 0.02 s
[ 1602/31251] Test_Symbol::TestInadvertent#test_thread_variable? = 0.02 s
[ 1603/31251] Test_Symbol::TestInadvertent#test_aliased_method = 0.07 s
[ 1604/31251] Test_Symbol::TestInadvertent#test_invalid_attr_reader = 0.03 s
[ 1605/31251] Test_Symbol::TestInadvertent#test_kwarg_symbol_leak_with_rest = 0.02 s
[ 1606/31251] Test_Symbol::TestInadvertent#test_send_leak_symbol_custom_method_missing = 0.02 s
[ 1607/31251] Test_Symbol::TestInadvertent#test_module_define_method_type_error = 0.03 s
[ 1608/31251] Test_Symbol::TestInadvertent#test_execopt_key = 0.02 s
[ 1609/31251] Test_Symbol::TestInadvertent#test_send_leak_string_custom_method_missing_no_optimizati
on = 0.02 s
[ 1610/31251] Test_Symbol::TestInadvertent#test_module_cvar_set = 0.03 s
[ 1611/31251] Test_Symbol::TestInadvertent#test_invalid_attr_accessor = 0.03 s
[ 1612/31251] TestGemExtBuilder#test_initialize = 1.25 s
[ 1613/31251] TestGemExtBuilder#test_build_extensions_none = 1.13 s
[ 1614/31251] TestGemExtBuilder#test_custom_make_with_options = 32.51 s
[ 1615/31251] TestGemExtBuilder#test_build_extensions_extconf_bad = 4.01 s
[ 1616/31251] TestGemExtBuilder#test_build_extensions_install_ext_only = 19.97 s
[ 1617/31251] TestGemExtBuilder#test_initialize_build_args = 1.47 s
[ 1618/31251] TestGemExtBuilder#test_build_extensions = 19.49 s
[ 1619/31251] TestGemExtBuilder#test_build_extensions_unsupported = 1.94 s
[ 1620/31251] TestGemExtBuilder#test_class_make = 32.89 s
[ 1621/31251] TestGemExtBuilder#test_build_extensions_with_target_rbconfig = 39.40 s
[ 1622/31251] TestGemExtBuilder#test_class_make_no_clean = 22.91 s
[ 1623/31251] TestGemExtBuilder#test_build_extensions_with_gemhome_with_space = 19.90 s
[ 1624/31251] TestGemExtBuilder#test_build_extensions_rebuild_failure = 1.90 s
[ 1625/31251] TestGemExtBuilder#test_build_extensions_with_build_args = 14.51 s
[ 1626/31251] RDocMarkupToRDocTest#test_end_accepting = 1.13 s
[ 1627/31251] RDocMarkupToRDocTest#test_accept_list_item_start_lalpha = 0.08 s
[ 1628/31251] RDocMarkupToRDocTest#test_accept_list_item_end_lalpha = 0.07 s
[ 1629/31251] RDocMarkupToRDocTest#test_accept_list_item_start_note = 0.16 s
[ 1630/31251] RDocMarkupToRDocTest#test_accept_raw = 0.07 s
[ 1631/31251] RDocMarkupToRDocTest#test_accept_list_end_lalpha = 0.07 s
[ 1632/31251] RDocMarkupToRDocTest#test_accept_list_start_note = 0.07 s
[ 1633/31251] RDocMarkupToRDocTest#test_accept_list_start_bullet = 0.07 s
[ 1634/31251] RDocMarkupToRDocTest#test_accept_list_item_end_label = 0.09 s
[ 1635/31251] RDocMarkupToRDocTest#test_accept_paragraph_indent = 0.21 s
[ 1636/31251] RDocMarkupToRDocTest#test_accept_paragraph_plus = 0.16 s
[ 1637/31251] RDocMarkupToRDocTest#test_accept_paragraph_b = 0.12 s
[ 1638/31251] RDocMarkupToRDocTest#test_accept_list_item_start_ualpha = 0.08 s
[ 1639/31251] RDocMarkupToRDocTest#test_accept_rule_indent = 0.11 s
[ 1640/31251] RDocMarkupToRDocTest#test_accept_list_item_end_ualpha = 0.07 s
[ 1641/31251] RDocMarkupToRDocTest#test_convert_list_note = 0.33 s
[ 1642/31251] RDocMarkupToRDocTest#test_accept_list_end_ualpha = 0.07 s
[ 1643/31251] RDocMarkupToRDocTest#test_start_accepting = 0.08 s
[ 1644/31251] RDocMarkupToRDocTest#test_accept_list_item_end_note = 0.09 s
[ 1645/31251] RDocMarkupToRDocTest#test_accept_paragraph_br = 0.15 s
[ 1646/31251] RDocMarkupToRDocTest#test_accept_list_item_start_note_2 = 0.15 s
[ 1647/31251] RDocMarkupToRDocTest#test_accept_blank_line = 0.10 s
[ 1648/31251] RDocMarkupToRDocTest#test_accept_paragraph_star = 0.11 s
[ 1649/31251] RDocMarkupToRDocTest#test_accept_paragraph = 0.11 s
[ 1650/31251] RDocMarkupToRDocTest#test_accept_heading_2 = 0.17 s
[ 1651/31251] RDocMarkupToRDocTest#test_accept_list_start_label = 0.07 s
[ 1652/31251] RDocMarkupToRDocTest#test_accept_heading_4 = 0.10 s
[ 1653/31251] RDocMarkupToRDocTest#test_accept_list_end_note = 0.07 s
[ 1654/31251] RDocMarkupToRDocTest#test_accept_list_start_number = 0.07 s
[ 1655/31251] RDocMarkupToRDocTest#test_accept_list_item_start_note_multi_description = 0.17 s
[ 1656/31251] RDocMarkupToRDocTest#test_accept_list_item_start_note_multi_label = 0.15 s
[ 1657/31251] RDocMarkupToRDocTest#test_accept_paragraph_wrap = 0.15 s
[ 1658/31251] RDocMarkupToRDocTest#test_accept_indented_paragraph = 0.14 s
[ 1659/31251] RDocMarkupToRDocTest#test_accept_list_start_lalpha = 0.07 s
[ 1660/31251] RDocMarkupToRDocTest#test_accept_heading = 0.10 s
[ 1661/31251] RDocMarkupToRDocTest#test_accept_list_end_label = 0.07 s
[ 1662/31251] RDocMarkupToRDocTest#test_accept_list_item_start_bullet = 0.07 s
[ 1663/31251] RDocMarkupToRDocTest#test_accept_paragraph_underscore = 0.11 s
[ 1664/31251] RDocMarkupToRDocTest#test_accept_table_align = 0.08 s
[ 1665/31251] RDocMarkupToRDocTest#test_accept_list_item_end_bullet = 0.07 s
[ 1666/31251] RDocMarkupToRDocTest#test_accept_rule = 0.07 s
[ 1667/31251] RDocMarkupToRDocTest#test_attributes = 0.10 s
[ 1668/31251] RDocMarkupToRDocTest#test_accept_list_end_bullet = 0.07 s
[ 1669/31251] RDocMarkupToRDocTest#test_accept_list_item_start_label = 0.10 s
[ 1670/31251] RDocMarkupToRDocTest#test_accept_block_quote = 0.10 s
[ 1671/31251] RDocMarkupToRDocTest#test_accept_paragraph_break = 0.11 s
[ 1672/31251] RDocMarkupToRDocTest#test_accept_list_start_ualpha = 0.07 s
[ 1673/31251] RDocMarkupToRDocTest#test_accept_heading_suppressed_crossref = 0.10 s
[ 1674/31251] RDocMarkupToRDocTest#test_accept_heading_3 = 0.10 s
[ 1675/31251] RDocMarkupToRDocTest#test_accept_heading_1 = 0.09 s
[ 1676/31251] RDocMarkupToRDocTest#test_accept_heading_indent = 0.09 s
[ 1677/31251] RDocMarkupToRDocTest#test_list_verbatim = 0.18 s
[ 1678/31251] RDocMarkupToRDocTest#test_accept_verbatim = 0.07 s
[ 1679/31251] RDocMarkupToRDocTest#test_accept_paragraph_i = 0.12 s
[ 1680/31251] RDocMarkupToRDocTest#test_accept_verbatim_big_indent = 0.07 s
[ 1681/31251] RDocMarkupToRDocTest#test_accept_list_end_number = 0.07 s
[ 1682/31251] RDocMarkupToRDocTest#test_accept_list_item_end_number = 0.07 s
[ 1683/31251] RDocMarkupToRDocTest#test_accept_list_item_start_number = 0.07 s
[ 1684/31251] RDocMarkupToRDocTest#test_accept_heading_b = 0.10 s
[ 1685/31251] RDocMarkupToRDocTest#test_accept_document = 0.10 s
[ 1686/31251] RDocMarkupToRDocTest#test_accept_verbatim_indent = 0.07 s
[ 1687/31251] RDocMarkupToRDocTest#test_list_nested = 0.16 s
[ 1688/31251] TestGemCommandsSpecificationCommand#test_execute_remote = 1.99 s
[ 1689/31251] TestGemCommandsSpecificationCommand#test_execute_bad_name = 1.95 s
[ 1690/31251] TestGemCommandsSpecificationCommand#test_execute_remote_with_version_and_platform = 1.
94 s
[ 1691/31251] TestGemCommandsSpecificationCommand#test_execute_field = 1.94 s
[ 1692/31251] TestGemCommandsSpecificationCommand#test_execute_exact_match = 1.94 s
[ 1693/31251] TestGemCommandsSpecificationCommand#test_execute_remote_with_version = 1.94 s
[ 1694/31251] TestGemCommandsSpecificationCommand#test_execute_remote_with_prerelease = 1.94 s
[ 1695/31251] TestGemCommandsSpecificationCommand#test_execute_file = 1.93 s
[ 1696/31251] TestGemCommandsSpecificationCommand#test_execute_marshal = 1.93 s
[ 1697/31251] TestGemCommandsSpecificationCommand#test_execute_bad_name_with_version = 1.93 s
[ 1698/31251] TestGemCommandsSpecificationCommand#test_execute_ruby = 1.94 s
[ 1699/31251] TestGemCommandsSpecificationCommand#test_execute_all = 1.93 s
[ 1700/31251] TestGemCommandsSpecificationCommand#test_execute_all_conflicts_with_version = 1.98 s
[ 1701/31251] TestGemCommandsSpecificationCommand#test_execute_remote_without_prerelease = 1.94 s
[ 1702/31251] TestGemCommandsSpecificationCommand#test_execute = 1.94 s
[ 1703/31251] TestMkmfInstall#test_install_dirs = 31.73 s
[ 1704/31251] TestGemRemoteFetcher#test_cache_update_path_with_utf8_internal_encoding = 2.47 s
[ 1705/31251] TestGemRemoteFetcher#test_download_unsupported = 3.18 s
[ 1706/31251] TestGemRemoteFetcher#test_cache_update_path_no_update = 2.39 s
[ 1707/31251] TestGemRemoteFetcher#test_download_local = 11.44 s
[ 1708/31251] TestGemRemoteFetcher#test_download_platform_legacy = 2.35 s
[ 1709/31251] TestGemRemoteFetcher#test_fetch_http_redirects_without_location = 2.45 s
[ 1710/31251] TestGemRemoteFetcher#test_download_with_x_oauth_basic = 2.38 s
[ 1711/31251] TestGemRemoteFetcher#test_download_same_file = 2.50 s
[ 1712/31251] TestGemRemoteFetcher#test_cache_update_path = 2.36 s
[ 1713/31251] TestGemRemoteFetcher#test_download_with_encoded_auth = 2.40 s
[ 1714/31251] TestGemRemoteFetcher#test_yaml_error_on_size = 2.34 s
[ 1715/31251] TestGemRemoteFetcher#test_download_install_dir = 2.35 s
[ 1716/31251] TestGemRemoteFetcher#test_download_to_cache = 2.34 s
[ 1717/31251] TestGemRemoteFetcher#test_fetch_path_timeout_error = 2.36 s
[ 1718/31251] TestGemRemoteFetcher#test_download = 2.34 s
[ 1719/31251] TestGemRemoteFetcher#test_fetch_http = 2.32 s
[ 1720/31251] TestGemRemoteFetcher#test_fetch_path_unmodified = 2.36 s
[ 1721/31251] TestGemRemoteFetcher#test_download_with_auth = 2.34 s
[ 1722/31251] TestGemRemoteFetcher#test_fetch_http_redirects = 2.35 s
[ 1723/31251] TestGemRemoteFetcher#test_self_fetcher = 2.33 s
[ 1724/31251] TestGemRemoteFetcher#test_fetch_path_system_call_error = 2.39 s
[ 1725/31251] TestGemRemoteFetcher#test_fetch_path_socket_error = 2.33 s
[ 1726/31251] TestGemRemoteFetcher#test_download_cached = 2.34 s
[ 1727/31251] TestGemRemoteFetcher#test_download_local_space = 2.33 s
[ 1728/31251] TestGemRemoteFetcher#test_fetch_path_getaddrinfo_error = 2.33 s
[ 1729/31251] TestGemRemoteFetcher#test_download_with_token = 2.33 s
[ 1730/31251] TestGemRemoteFetcher#test_fetch_path_gzip = 2.33 s
[ 1731/31251] TestGemRemoteFetcher#test_fetch_path_gzip_unmodified = 2.33 s
[ 1732/31251] TestGemRemoteFetcher#test_self_fetcher_with_proxy = 2.37 s
[ 1733/31251] TestGemRemoteFetcher#test_fetch_path_bad_uri = 2.43 s
[ 1734/31251] TestGemRemoteFetcher#test_fetch_path_io_error = 2.53 s
[ 1735/31251] TestGemRemoteFetcher#test_fetch_path_openssl_ssl_sslerror = 2.48 s
[ 1736/31251] TestGemRemoteFetcher#test_request_block = 2.61 s
[ 1737/31251] TestGemRemoteFetcherS3#test_fetch_s3_no_secret = 2.49 s
[ 1738/31251] TestGemRemoteFetcherS3#test_fetch_s3_url_creds = 2.47 s
[ 1739/31251] TestGemRemoteFetcherS3#test_fetch_s3_env_creds_with_region = 2.47 s
[ 1740/31251] TestGemRemoteFetcherS3#test_fetch_s3_config_creds_with_region = 2.47 s
[ 1741/31251] TestGemRemoteFetcherS3#test_fetch_s3_config_creds_with_token = 2.48 s
[ 1742/31251] TestGemRemoteFetcherS3#test_fetch_s3_no_host = 2.48 s
[ 1743/31251] TestGemRemoteFetcherS3#test_fetch_s3_no_source_key = 2.48 s
[ 1744/31251] TestGemRemoteFetcherS3#test_fetch_s3_config_creds = 2.48 s
[ 1745/31251] TestGemRemoteFetcherS3#test_fetch_s3_env_creds_with_token = 2.47 s
[ 1746/31251] TestGemRemoteFetcherS3#test_fetch_s3_env_creds = 2.47 s
[ 1747/31251] TestGemRemoteFetcherS3#test_fetch_s3_no_id = 2.47 s
[ 1748/31251] TestGemRemoteFetcherS3#test_fetch_s3_instance_profile_creds_with_token = 2.51 s
[ 1749/31251] TestGemRemoteFetcherS3#test_fetch_s3_instance_profile_creds_with_region = 2.48 s
[ 1750/31251] TestGemRemoteFetcherS3#test_fetch_s3_instance_profile_creds = 2.47 s
[ 1751/31251] TestGemResolverLocalSpecification#test_installable_platform_eh = 2.47 s
[ 1752/31251] TestGemResolverLocalSpecification#test_install = 2.45 s
[ 1753/31251] TestZlibDeflate#test_avail = 0.04 s
[ 1754/31251] TestZlibDeflate#test_addstr = 0.03 s
[ 1755/31251] TestZlibDeflate#test_initialize = 0.04 s
[ 1756/31251] TestZlibDeflate#test_close = 0.03 s
[ 1757/31251] TestZlibDeflate#test_deflate_chunked = 0.12 s
[ 1758/31251] TestZlibDeflate#test_expand_buffer = 68.73 s
[ 1759/31251] TestZlibDeflate#test_set_dictionary = 0.04 s
[ 1760/31251] TestZlibDeflate#test_adler = 0.02 s
[ 1761/31251] TestZlibDeflate#test_closed_p = 0.02 s
[ 1762/31251] TestZlibDeflate#test_deflate_chunked_break = 0.08 s
[ 1763/31251] TestZlibDeflate#test_deflate = 0.03 s
[ 1764/31251] TestZlibDeflate#test_flush = 0.03 s
[ 1765/31251] TestZlibDeflate#test_params = 0.07 s
[ 1766/31251] TestZlibDeflate#test_reset = 0.03 s
[ 1767/31251] TestZlibDeflate#test_data_type = 0.02 s
[ 1768/31251] TestZlibDeflate#test_total = 0.82 s
[ 1769/31251] TestZlibDeflate#test_dup = 0.05 s
[ 1770/31251] TestZlibDeflate#test_finished_p = 0.03 s
[ 1771/31251] TestAllocation::Literal#test_array_literal = 21.18 s
[ 1772/31251] TestAllocation::Literal#test_hash_literal = 92.43 s
[ 1773/31251] TestDigest::TestSHA512#test_s_new = 0.04 s
[ 1774/31251] TestDigest::TestSHA512#test_s_file = 0.06 s
[ 1775/31251] TestDigest::TestSHA512#test_bubblebabble_instance = 0.01 s
[ 1776/31251] TestDigest::TestSHA512#test_s_digest = 0.02 s
[ 1777/31251] TestDigest::TestSHA512#test_update = 0.02 s
[ 1778/31251] TestDigest::TestSHA512#test_bubblebabble = 0.01 s
[ 1779/31251] TestDigest::TestSHA512#test_instance_eval = 0.02 s
[ 1780/31251] TestDigest::TestSHA512#test_bubblebabble_class = 0.01 s
[ 1781/31251] TestDigest::TestSHA512#test_s_hexdigest = 0.02 s
[ 1782/31251] TestDigest::TestSHA512#test_alignment = 0.02 s
[ 1783/31251] TestDigest::TestSHA512#test_eq = 0.02 s
[ 1784/31251] TestDigest::TestSHA512#test_s_base64digest = 0.02 s
[ 1785/31251] TestNetHTTPLocalBind#test_bind_to_local_port = 0.48 s
[ 1786/31251] TestNetHTTPLocalBind#test_bind_to_local_host = 0.19 s
[ 1787/31251] HTTPHeaderTest#test_range = 0.10 s
[ 1788/31251] HTTPHeaderTest#test_range_length = 0.03 s
[ 1789/31251] HTTPHeaderTest#test_content_length = 0.03 s
[ 1790/31251] HTTPHeaderTest#test_initialize = 0.04 s
[ 1791/31251] HTTPHeaderTest#test_each_capitalized_name = 0.03 s
[ 1792/31251] HTTPHeaderTest#test_to_hash = 0.01 s
[ 1793/31251] HTTPHeaderTest#test_each_key = 0.02 s
[ 1794/31251] HTTPHeaderTest#test_basic_auth = 0.01 s
[ 1795/31251] HTTPHeaderTest#test_size = 0.02 s
[ 1796/31251] HTTPHeaderTest#test_initialize_with_symbol = 0.02 s
[ 1797/31251] HTTPHeaderTest#test_nil_variable_header = 0.03 s
[ 1798/31251] HTTPHeaderTest#test_AREF = 0.02 s
[ 1799/31251] HTTPHeaderTest#test_set_content_type = 0.01 s
[ 1800/31251] HTTPHeaderTest#test_canonical_each = 0.02 s
[ 1801/31251] HTTPHeaderTest#test_type_params = 0.03 s
[ 1802/31251] HTTPHeaderTest#test_each = 0.02 s
[ 1803/31251] HTTPHeaderTest#test_key? = 0.02 s
[ 1804/31251] HTTPHeaderTest#test_content_type = 0.03 s
[ 1805/31251] HTTPHeaderTest#test_duplicated_variable_header = 0.02 s
[ 1806/31251] HTTPHeaderTest#test_content_length= = 0.02 s
[ 1807/31251] HTTPHeaderTest#test_main_type = 0.02 s
[ 1808/31251] HTTPHeaderTest#test_sub_type = 0.03 s
[ 1809/31251] HTTPHeaderTest#test_form_data= = 0.03 s
[ 1810/31251] HTTPHeaderTest#test_initialize_with_broken_coderange = 0.02 s
[ 1811/31251] HTTPHeaderTest#test_proxy_basic_auth = 0.01 s
[ 1812/31251] HTTPHeaderTest#test_chunked? = 0.02 s
[ 1813/31251] HTTPHeaderTest#test_each_capitalized_with_symbol = 0.02 s
[ 1814/31251] HTTPHeaderTest#test_add_field = 0.04 s
[ 1815/31251] HTTPHeaderTest#test_get_fields = 0.02 s
[ 1816/31251] HTTPHeaderTest#test_delete = 0.02 s
[ 1817/31251] HTTPHeaderTest#test_content_range = 0.03 s
[ 1818/31251] HTTPHeaderTest#test_each_capitalized = 0.02 s
[ 1819/31251] HTTPHeaderTest#test_ASET = 0.03 s
[ 1820/31251] HTTPHeaderTest#test_each_value = 0.02 s
[ 1821/31251] HTTPHeaderTest#test_range= = 0.03 s
[ 1822/31251] HTTPHeaderTest#test_set_form_data = 0.04 s
[ 1823/31251] RDocMarkupFormatterTest#test_add_regexp_handling_RDOCLINK = 0.14 s
[ 1824/31251] RDocMarkupFormatterTest#test_class_gen_relative_url = 1.00 s
[ 1825/31251] RDocMarkupFormatterTest#test_parse_url_link = 0.06 s
[ 1826/31251] RDocMarkupFormatterTest#test_parse_url_rdoc_label = 0.06 s
[ 1827/31251] RDocMarkupFormatterTest#test_parse_url_scheme = 0.06 s
[ 1828/31251] RDocMarkupFormatterTest#test_convert_tt_regexp_handling = 0.10 s
[ 1829/31251] RDocMarkupFormatterTest#test_parse_url = 0.05 s
[ 1830/31251] RDocMarkupFormatterTest#test_parse_url_link_id = 0.06 s
[ 1831/31251] RDocMarkupFormatterTest#test_parse_url_anchor = 0.05 s
[ 1832/31251] RDocMarkupFormatterTest#test_add_regexp_handling_TIDYLINK = 0.19 s
[ 1833/31251] TestGemResolverRequirementList#test_each = 1.14 s
[ 1834/31251] TestGemDeprecate#test_skip = 1.07 s
[ 1835/31251] TestGemDeprecate#test_defaults = 1.07 s
[ 1836/31251] TestGemDeprecate#test_assignment = 1.07 s
[ 1837/31251] TestGemDeprecate#test_deprecated_method_outputs_a_warning_old_way = 1.63 s
[ 1838/31251] TestGemDeprecate#test_deprecated_method_calls_the_old_method = 1.94 s
[ 1839/31251] TestGemDeprecate#test_deprecated_method_outputs_a_warning = 1.97 s
[ 1840/31251] TestGemDeprecate#test_rubygems_deprecate_command = 1.76 s
[ 1841/31251] ComplexRational_Test#test_comp_srat = 0.29 s
[ 1842/31251] ComplexRational_Test#test_rat_srat = 0.13 s
[ 1843/31251] TestGemExtConfigureBuilder#test_self_build_has_makefile = 3.71 s
[ 1844/31251] TestGemExtConfigureBuilder#test_self_build = 4.21 s
[ 1845/31251] TestGemExtConfigureBuilder#test_self_build_fail = 2.40 s
[ 1846/31251] TestPathname#test_relative_path_from_308 = 0.07 s
[ 1847/31251] TestPathname#test_descend_459 = 0.03 s
[ 1848/31251] TestPathname#test_to_s = 0.03 s
[ 1849/31251] TestPathname#test_plus_224 = 0.02 s
[ 1850/31251] TestPathname#test_cleanpath_aggressive_77 = 0.02 s
[ 1851/31251] TestPathname#test_cleanpath_aggressive_75 = 0.02 s
[ 1852/31251] TestPathname#test_mtime = 0.02 s
[ 1853/31251] TestPathname#test_setuid? = 0.07 s
[ 1854/31251] TestPathname#test_cleanpath_aggressive_73 = 0.02 s
[ 1855/31251] TestPathname#test_plus_220 = 0.02 s
[ 1856/31251] TestPathname#test_readlink = 0.02 s
[ 1857/31251] TestPathname#test_ascend_468 = 0.02 s
[ 1858/31251] TestPathname#"test_relative?_282" = 0.02 s
[ 1859/31251] TestPathname#test_file_split = 0.02 s
[ 1860/31251] TestPathname#test_cleanpath_conservative_119 = 0.02 s
[ 1861/31251] TestPathname#test_plus_222 = 0.03 s
[ 1862/31251] TestPathname#test_cleanpath_aggressive_71 = 0.02 s
[ 1863/31251] TestPathname#test_comparison = 0.03 s
[ 1864/31251] TestPathname#test_relative_path_from_299 = 0.02 s
[ 1865/31251] TestPathname#"test_relative?_280" = 0.02 s
[ 1866/31251] TestPathname#test_pathsubext_570 = 0.02 s
[ 1867/31251] TestPathname#test_relative_path_from_297 = 0.03 s
[ 1868/31251] TestPathname#test_symlink? = 0.07 s
[ 1869/31251] TestPathname#test_del_trailing_separator_160 = 0.02 s
[ 1870/31251] TestPathname#test_cleanpath_conservative_117 = 0.02 s
[ 1871/31251] TestPathname#test_relative_path_from_300 = 0.02 s
[ 1872/31251] TestPathname#test_world_readable? = 0.07 s
[ 1873/31251] TestPathname#test_fnmatch = 0.02 s
[ 1874/31251] TestPathname#test_hashkey = 0.02 s
[ 1875/31251] TestPathname#test_find = 0.68 s
[ 1876/31251] TestPathname#test_relative_path_from_302 = 0.03 s
[ 1877/31251] TestPathname#test_cleanpath_conservative_115 = 0.02 s
[ 1878/31251] TestPathname#test_del_trailing_separator_162 = 0.02 s
[ 1879/31251] TestPathname#test_initialize_nul = 0.02 s
[ 1880/31251] TestPathname#test_relative_path_from_304 = 0.03 s
[ 1881/31251] TestPathname#test_cleanpath_conservative_113 = 0.02 s
[ 1882/31251] TestPathname#test_del_trailing_separator_164 = 0.02 s
[ 1883/31251] TestPathname#test_rename = 0.07 s
[ 1884/31251] TestPathname#test_sub_matchdata = 0.02 s
[ 1885/31251] TestPathname#test_cleanpath_aggressive_79 = 0.03 s
[ 1886/31251] TestPathname#test_cleanpath_conservative_111 = 0.02 s
[ 1887/31251] TestPathname#test_readable_real? = 0.06 s
[ 1888/31251] TestPathname#test_cleanpath_aggressive_60 = 0.02 s
[ 1889/31251] TestPathname#test_null_character = 0.02 s
[ 1890/31251] TestPathname#test_cleanpath_conservative_108 = 0.02 s
[ 1891/31251] TestPathname#test_atime = 0.02 s
[ 1892/31251] TestPathname#test_cleanpath_aggressive_62 = 0.02 s
[ 1893/31251] TestPathname#test_cleanpath_aggressive_64 = 0.02 s
[ 1894/31251] TestPathname#test_equality = 0.03 s
[ 1895/31251] TestPathname#test_pathsubext_569 = 0.02 s
[ 1896/31251] TestPathname#test_dirname = 0.02 s
[ 1897/31251] TestPathname#test_cleanpath_aggressive_66 = 0.02 s
[ 1898/31251] TestPathname#test_relative_path_from_319 = 0.03 s
[ 1899/31251] TestPathname#test_unlink = 0.08 s
[ 1900/31251] TestPathname#test_ftype = 0.08 s
[ 1901/31251] TestPathname#test_executable? = 0.06 s
[ 1902/31251] TestPathname#test_relative_path_from_317 = 0.03 s
[ 1903/31251] TestPathname#test_cleanpath_conservative_100 = 0.02 s
[ 1904/31251] TestPathname#test_each_child = 0.15 s
[ 1905/31251] TestPathname#test_pathsubext_567 = 0.02 s
[ 1906/31251] TestPathname#test_initialize = 0.02 s
[ 1907/31251] TestPathname#test_cleanpath_aggressive_68 = 0.02 s
[ 1908/31251] TestPathname#test_cleanpath_conservative_102 = 0.02 s
[ 1909/31251] TestPathname#test_relative_path_from_315 = 0.02 s
[ 1910/31251] TestPathname#test_open = 0.16 s
[ 1911/31251] TestPathname#test_pathsubext_565 = 0.02 s
[ 1912/31251] TestPathname#test_blockless_ascend_is_enumerator = 0.02 s
[ 1913/31251] TestPathname#test_size? = 0.08 s
[ 1914/31251] TestPathname#test_cleanpath_conservative_104 = 0.02 s
[ 1915/31251] TestPathname#test_relative_path_from_313 = 0.02 s
[ 1916/31251] TestPathname#test_each_filename = 0.02 s
[ 1917/31251] TestPathname#test_executable_real? = 0.06 s
[ 1918/31251] TestPathname#test_file? = 0.08 s
[ 1919/31251] TestPathname#test_pathsubext_563 = 0.02 s
[ 1920/31251] TestPathname#test_cleanpath_conservative_99 = 0.02 s
[ 1921/31251] TestPathname#test_relative_path_from_311 = 0.03 s
[ 1922/31251] TestPathname#test_cleanpath_conservative_106 = 0.02 s
[ 1923/31251] TestPathname#test_plus_208 = 0.02 s
[ 1924/31251] TestPathname#test_each_line = 0.11 s
[ 1925/31251] TestPathname#test_relative_path_from_324 = 0.03 s
[ 1926/31251] TestPathname#test_slash = 0.02 s
[ 1927/31251] TestPathname#test_cleanpath_aggressive_59 = 0.02 s
[ 1928/31251] TestPathname#test_relative_path_from_326 = 0.03 s
[ 1929/31251] TestPathname#"test_root?_587" = 0.02 s
[ 1930/31251] TestPathname#test_absolute = 0.02 s
[ 1931/31251] TestPathname#test_relative_path_from_320 = 0.03 s
[ 1932/31251] TestPathname#test_mountpoint_enoent = 0.02 s
[ 1933/31251] TestPathname#test_relative_path_from_322 = 0.03 s
[ 1934/31251] TestPathname#test_size = 0.09 s
[ 1935/31251] TestPathname#test_parent_245 = 0.02 s
[ 1936/31251] TestPathname#test_del_trailing_separator_188 = 0.02 s
[ 1937/31251] TestPathname#test_cleanpath_aggressive_53 = 0.02 s
[ 1938/31251] TestPathname#test_realdirpath = 0.02 s
[ 1939/31251] TestPathname#"test_root?_589" = 0.01 s
[ 1940/31251] TestPathname#test_cleanpath_aggressive_51 = 0.02 s
[ 1941/31251] TestPathname#test_writable? = 0.06 s
[ 1942/31251] TestPathname#test_relative_path_from_328 = 0.02 s
[ 1943/31251] TestPathname#test_chmod = 0.07 s
[ 1944/31251] TestPathname#test_lchmod = 0.02 s
[ 1945/31251] TestPathname#test_basename = 0.02 s
[ 1946/31251] TestPathname#test_parent_241 = 0.02 s
[ 1947/31251] TestPathname#test_entries = 0.08 s
[ 1948/31251] TestPathname#test_cleanpath_aggressive_57 = 0.02 s
[ 1949/31251] TestPathname#test_file_extname = 0.02 s
[ 1950/31251] TestPathname#test_join = 0.05 s
[ 1951/31251] TestPathname#test_mountpoint? = 0.02 s
[ 1952/31251] TestPathname#test_lutime = 0.02 s
[ 1953/31251] TestPathname#test_utime = 0.07 s
[ 1954/31251] TestPathname#test_parent_243 = 0.02 s
[ 1955/31251] TestPathname#test_pathsub_559 = 0.02 s
[ 1956/31251] TestPathname#test_plus_206 = 0.02 s
[ 1957/31251] TestPathname#test_cleanpath_aggressive_55 = 0.02 s
[ 1958/31251] TestPathname#test_mktmpdir = 0.04 s
[ 1959/31251] TestPathname#"test_relative?_279" = 0.02 s
[ 1960/31251] TestPathname#test_relative_path_from_333 = 0.23 s
[ 1961/31251] TestPathname#test_cleanpath_conservative_124 = 0.02 s
[ 1962/31251] TestPathname#test_cleanpath_aggressive_88 = 0.02 s
[ 1963/31251] TestPathname#test_parent_239 = 0.02 s
[ 1964/31251] TestPathname#test_descend_460 = 0.02 s
[ 1965/31251] TestPathname#test_cleanpath_conservative_126 = 0.02 s
[ 1966/31251] TestPathname#test_relative_path_from_331 = 0.02 s
[ 1967/31251] TestPathname#"test_has_trailing_separator?_146" = 0.01 s
[ 1968/31251] TestPathname#test_rmtree = 0.13 s
[ 1969/31251] TestPathname#test_cleanpath_conservative_120 = 0.02 s
[ 1970/31251] TestPathname#"test_root?_590" = 0.02 s
[ 1971/31251] TestPathname#test_cleanpath_aggressive_48 = 0.02 s
[ 1972/31251] TestPathname#test_cleanpath_conservative_122 = 0.02 s
[ 1973/31251] TestPathname#test_plus_219 = 0.02 s
[ 1974/31251] TestPathname#test_mkdir = 0.08 s
[ 1975/31251] TestPathname#test_plus_217 = 0.02 s
[ 1976/31251] TestPathname#test_plus_215 = 0.02 s
[ 1977/31251] TestPathname#test_relative_path_from_casefold = 12.43 s
[ 1978/31251] TestPathname#test_del_trailing_separator_159 = 0.02 s
[ 1979/31251] TestPathname#"test_relative?_273" = 0.02 s
[ 1980/31251] TestPathname#test_plus_213 = 0.02 s
[ 1981/31251] TestPathname#"test_has_trailing_separator?_148" = 0.02 s
[ 1982/31251] TestPathname#test_s_glob = 0.41 s
[ 1983/31251] TestPathname#"test_relative?_275" = 0.02 s
[ 1984/31251] TestPathname#test_cleanpath_conservative_128 = 0.02 s
[ 1985/31251] TestPathname#test_cleanpath_aggressive_84 = 0.02 s
[ 1986/31251] TestPathname#test_directory? = 0.09 s
[ 1987/31251] TestPathname#test_plus_211 = 0.02 s
[ 1988/31251] TestPathname#"test_relative?_277" = 0.01 s
[ 1989/31251] TestPathname#test_file_basename = 0.02 s
[ 1990/31251] TestPathname#test_cleanpath_aggressive_86 = 0.02 s
[ 1991/31251] TestPathname#test_grpowned? = 0.07 s
[ 1992/31251] TestPathname#test_plus_218 = 0.02 s
[ 1993/31251] TestPathname#test_relative_path_from_mock = 0.18 s
[ 1994/31251] TestPathname#test_relative_path_from_334 = 0.02 s
[ 1995/31251] TestPathname#test_cleanpath_conservative_123 = 0.02 s
[ 1996/31251] TestPathname#test_cleanpath_aggressive_49 = 0.02 s
[ 1997/31251] TestPathname#test_split = 12.27 s
[ 1998/31251] TestPathname#test_matchop = 0.02 s
[ 1999/31251] TestPathname#test_cleanpath_conservative_121 = 0.02 s
[ 2000/31251] TestPathname#test_extname = 0.02 s
[ 2001/31251] TestPathname#"test_has_trailing_separator?_147" = 0.02 s
[ 2002/31251] TestPathname#test_cleanpath_conservative_127 = 0.02 s
[ 2003/31251] TestPathname#test_descend_461 = 0.02 s
[ 2004/31251] TestPathname#test_readlines = 0.07 s
[ 2005/31251] TestPathname#test_readlines_opts = 0.07 s
[ 2006/31251] TestPathname#test_socket? = 0.06 s
[ 2007/31251] TestPathname#test_parent_238 = 0.02 s
[ 2008/31251] TestPathname#test_children = 0.14 s
[ 2009/31251] TestPathname#test_writable_real? = 0.06 s
[ 2010/31251] TestPathname#test_relative_path_from_332 = 0.02 s
[ 2011/31251] TestPathname#test_cleanpath_conservative_125 = 0.02 s
[ 2012/31251] TestPathname#test_cleanpath_aggressive_87 = 0.02 s
[ 2013/31251] TestPathname#"test_relative?_276" = 0.02 s
[ 2014/31251] TestPathname#test_plus_210 = 0.02 s
[ 2015/31251] TestPathname#test_cleanpath_aggressive_85 = 0.02 s
[ 2016/31251] TestPathname#test_cleanpath_conservative_129 = 0.03 s
[ 2017/31251] TestPathname#"test_relative?_274" = 0.02 s
[ 2018/31251] TestPathname#"test_has_trailing_separator?_149" = 0.01 s
[ 2019/31251] TestPathname#"test_relative?_272" = 0.01 s
[ 2020/31251] TestPathname#test_stat = 0.06 s
[ 2021/31251] TestPathname#test_plus_214 = 0.02 s
[ 2022/31251] TestPathname#test_empty? = 0.14 s
[ 2023/31251] TestPathname#test_kernel_pathname = 0.02 s
[ 2024/31251] TestPathname#test_plus_216 = 0.02 s
[ 2025/31251] TestPathname#test_glob = 0.14 s
[ 2026/31251] TestPathname#test_blockdev? = 0.07 s
[ 2027/31251] TestPathname#test_relative_path_from_323 = 0.02 s
[ 2028/31251] TestPathname#test_binwrite_opts = 0.07 s
[ 2029/31251] TestPathname#"test_root?_586" = 0.02 s
[ 2030/31251] TestPathname#test_comparison_string = 0.02 s
[ 2031/31251] TestPathname#test_fnmatch? = 0.02 s
[ 2032/31251] TestPathname#test_cleanpath_aggressive_58 = 0.02 s
[ 2033/31251] TestPathname#test_opendir = 0.08 s
[ 2034/31251] TestPathname#test_relative_path_from_325 = 0.02 s
[ 2035/31251] TestPathname#test_pipe? = 0.06 s
[ 2036/31251] TestPathname#test_plus_209 = 0.02 s
[ 2037/31251] TestPathname#test_mkpath = 0.23 s
[ 2038/31251] TestPathname#test_cleanpath_aggressive_54 = 0.02 s
[ 2039/31251] TestPathname#test_plus_207 = 0.02 s
[ 2040/31251] TestPathname#test_parent_242 = 0.02 s
[ 2041/31251] TestPathname#test_readable? = 0.06 s
[ 2042/31251] TestPathname#test_cleanpath_aggressive_56 = 0.02 s
[ 2043/31251] TestPathname#test_birthtime = 0.07 s
[ 2044/31251] TestPathname#test_freeze = 0.03 s
[ 2045/31251] TestPathname#test_each_entry_enumerator = 0.08 s
[ 2046/31251] TestPathname#test_parent_240 = 0.02 s
[ 2047/31251] TestPathname#test_realpath = 0.02 s
[ 2048/31251] TestPathname#test_lchown = 0.02 s
[ 2049/31251] TestPathname#test_chown = 0.07 s
[ 2050/31251] TestPathname#test_relative_path_from_329 = 0.02 s
[ 2051/31251] TestPathname#test_lstat = 0.02 s
[ 2052/31251] TestPathname#"test_root?_588" = 0.02 s
[ 2053/31251] TestPathname#test_cleanpath_aggressive_50 = 0.02 s
[ 2054/31251] TestPathname#test_cleanpath_conservative_138 = 0.02 s
[ 2055/31251] TestPathname#test_parent_246 = 0.02 s
[ 2056/31251] TestPathname#test_sticky? = 0.06 s
[ 2057/31251] TestPathname#test_cleanpath_aggressive_52 = 0.02 s
[ 2058/31251] TestPathname#test_del_trailing_separator_189 = 0.02 s
[ 2059/31251] TestPathname#test_parent_244 = 0.02 s
[ 2060/31251] TestPathname#test_relative_path_from_318 = 0.03 s
[ 2061/31251] TestPathname#test_ctime = 0.02 s
[ 2062/31251] TestPathname#test_s_pwd = 0.02 s
[ 2063/31251] TestPathname#test_cleanpath_aggressive_67 = 0.11 s
[ 2064/31251] TestPathname#test_pathsubext_568 = 0.02 s
[ 2065/31251] TestPathname#test_make_link = 0.13 s
[ 2066/31251] TestPathname#test_cleanpath_aggressive_65 = 0.02 s
[ 2067/31251] TestPathname#test_write = 0.07 s
[ 2068/31251] TestPathname#test_cleanpath_aggressive_63 = 0.02 s
[ 2069/31251] TestPathname#test_cleanpath_conservative_109 = 0.02 s
[ 2070/31251] TestPathname#test_file_fnmatch = 0.17 s
[ 2071/31251] TestPathname#test_cleanpath_aggressive_61 = 0.02 s
[ 2072/31251] TestPathname#test_destructive_update = 0.02 s
[ 2073/31251] TestPathname#test_s_glob_3args = 0.07 s
[ 2074/31251] TestPathname#test_relative_path_from_310 = 0.03 s
[ 2075/31251] TestPathname#test_cleanpath_conservative_107 = 0.02 s
[ 2076/31251] TestPathname#test_plus = 0.02 s
[ 2077/31251] TestPathname#test_pathsubext_562 = 0.02 s
[ 2078/31251] TestPathname#test_each_entry = 0.08 s
[ 2079/31251] TestPathname#test_parent = 0.02 s
[ 2080/31251] TestPathname#test_cleanpath_conservative_105 = 0.02 s
[ 2081/31251] TestPathname#test_expand_path = 0.03 s
[ 2082/31251] TestPathname#test_ascend_470 = 0.02 s
[ 2083/31251] TestPathname#test_pathsubext_564 = 0.02 s
[ 2084/31251] TestPathname#test_truncate = 0.07 s
[ 2085/31251] TestPathname#test_kernel_open = 0.18 s
[ 2086/31251] TestPathname#test_cleanpath_conservative_103 = 0.08 s
[ 2087/31251] TestPathname#test_relative_path_from_314 = 0.02 s
[ 2088/31251] TestPathname#test_cleanpath_aggressive_69 = 0.02 s
[ 2089/31251] TestPathname#test_pathsubext_566 = 0.02 s
[ 2090/31251] TestPathname#test_setgid? = 0.06 s
[ 2091/31251] TestPathname#test_cleanpath_conservative_101 = 0.02 s
[ 2092/31251] TestPathname#test_relative_path_from_298 = 0.02 s
[ 2093/31251] TestPathname#"test_relative?_281" = 0.01 s
[ 2094/31251] TestPathname#test_cleanpath_aggressive_70 = 0.02 s
[ 2095/31251] TestPathname#test_rmdir = 0.06 s
[ 2096/31251] TestPathname#test_cleanpath_conservative_118 = 0.02 s
[ 2097/31251] TestPathname#test_ascend_469 = 0.02 s
[ 2098/31251] TestPathname#test_cleanpath_aggressive_72 = 0.02 s
[ 2099/31251] TestPathname#test_sysopen = 0.07 s
[ 2100/31251] TestPathname#test_zero? = 0.08 s
[ 2101/31251] TestPathname#test_cleanpath_aggressive_74 = 0.02 s
[ 2102/31251] TestPathname#test_binwrite = 0.07 s
[ 2103/31251] TestPathname#test_s_getwd = 0.01 s
[ 2104/31251] TestPathname#test_cleanpath_aggressive_76 = 0.02 s
[ 2105/31251] TestPathname#test_global_constructor = 0.02 s
[ 2106/31251] TestPathname#test_descend_458 = 0.02 s
[ 2107/31251] TestPathname#test_make_symlink = 0.02 s
[ 2108/31251] TestPathname#test_world_writable? = 0.07 s
[ 2109/31251] TestPathname#test_cleanpath_conservative_110 = 0.02 s
[ 2110/31251] TestPathname#test_relative_path_from_307 = 0.03 s
[ 2111/31251] TestPathname#test_cleanpath_aggressive_78 = 0.12 s
[ 2112/31251] TestPathname#test_owned? = 0.06 s
[ 2113/31251] TestPathname#test_exist? = 0.06 s
[ 2114/31251] TestPathname#test_del_trailing_separator_165 = 0.02 s
[ 2115/31251] TestPathname#test_read = 0.06 s
[ 2116/31251] TestPathname#test_relative_path_from_305 = 0.02 s
[ 2117/31251] TestPathname#test_cleanpath_conservative_112 = 0.02 s
[ 2118/31251] TestPathname#test_write_opts = 0.07 s
[ 2119/31251] TestPathname#test_chardev? = 0.06 s
[ 2120/31251] TestPathname#test_file_dirname = 0.01 s
[ 2121/31251] TestPathname#test_del_trailing_separator_163 = 0.01 s
[ 2122/31251] TestPathname#test_relative_path_from_303 = 0.02 s
[ 2123/31251] TestPathname#test_cleanpath_conservative_114 = 0.02 s
[ 2124/31251] TestPathname#test_each_line_opts = 0.10 s
[ 2125/31251] TestPathname#test_ascend_467 = 0.02 s
[ 2126/31251] TestPathname#test_binread = 0.07 s
[ 2127/31251] TestPathname#test_cleanpath_conservative_116 = 0.02 s
[ 2128/31251] TestPathname#test_relative_path_from_301 = 0.02 s
[ 2129/31251] TestPathname#test_del_trailing_separator_161 = 0.02 s
[ 2130/31251] TestPathname#test_pathsubext_571 = 0.02 s
[ 2131/31251] TestPathname#test_blockless_descend_is_enumerator = 0.01 s
[ 2132/31251] TestERBCoreWOStrScan#test_explicit = 0.34 s
[ 2133/31251] TestERBCoreWOStrScan#test_frozen_string_literal = 0.08 s
[ 2134/31251] TestERBCoreWOStrScan#test_trim_line2_with_carriage_return = 0.08 s
[ 2135/31251] TestERBCoreWOStrScan#test_run = 0.03 s
[ 2136/31251] TestERBCoreWOStrScan#test_def_module = 0.04 s
[ 2137/31251] TestERBCoreWOStrScan#test_trim_line1_with_carriage_return = 0.09 s
[ 2138/31251] TestERBCoreWOStrScan#test_result_with_hash_does_not_use_caller_local_variables = 0.05
s
[ 2139/31251] TestERBCoreWOStrScan#test_prohibited_marshal_load = 0.03 s
[ 2140/31251] TestERBCoreWOStrScan#test_def_class = 0.08 s
[ 2141/31251] TestERBCoreWOStrScan#test_percent = 0.18 s
[ 2142/31251] TestERBCoreWOStrScan#test_result_with_hash_does_not_modify_caller_binding = 0.03 s
[ 2143/31251] TestERBCoreWOStrScan#test_half_working_comment_backward_compatibility = 0.03 s
[ 2144/31251] TestERBCoreWOStrScan#test_deprecated_interface_warnings = 0.14 s
[ 2145/31251] TestERBCoreWOStrScan#test_token_extension = 0.06 s
[ 2146/31251] TestERBCoreWOStrScan#test_version = 0.02 s
[ 2147/31251] TestERBCoreWOStrScan#test_result_with_hash_does_not_modify_toplevel_binding = 0.06 s
[ 2148/31251] TestERBCoreWOStrScan#test_result_with_hash_with_invalid_keys_raises_type_error = 0.02
s
[ 2149/31251] TestERBCoreWOStrScan#test_explicit_trim_line_with_carriage_return = 0.07 s
[ 2150/31251] TestERBCoreWOStrScan#test_url_encode = 0.02 s
[ 2151/31251] TestERBCoreWOStrScan#test_percent_after_etag = 0.04 s
[ 2152/31251] TestERBCoreWOStrScan#test_escape = 0.12 s
[ 2153/31251] TestERBCoreWOStrScan#test_multi_line_comment_lineno = 0.04 s
[ 2154/31251] TestERBCoreWOStrScan#test_keep_lineno = 0.43 s
[ 2155/31251] TestERBCoreWOStrScan#test_def_method_with_fname = 0.06 s
[ 2156/31251] TestERBCoreWOStrScan#test_def_erb_method = 0.12 s
[ 2157/31251] TestERBCoreWOStrScan#test_prohibited_marshal_dump = 0.03 s
[ 2158/31251] TestERBCoreWOStrScan#test_core = 1.41 s
[ 2159/31251] TestERBCoreWOStrScan#test_def_method_without_filename = 0.05 s
[ 2160/31251] TestERBCoreWOStrScan#test_invalid_trim_mode = 0.08 s
[ 2161/31251] TestERBCoreWOStrScan#test_result_with_hash = 0.03 s
[ 2162/31251] Complex_Test#test_to_s = 0.07 s
[ 2163/31251] Complex_Test#test_canonicalize_internal = 0.02 s
[ 2164/31251] Complex_Test#test_eql_p = 0.02 s
[ 2165/31251] Complex_Test#test_inspect_to_s_frozen_bug_20337 = 12.18 s
[ 2166/31251] Complex_Test#test_add_with_redefining_int_plus = 2.63 s
[ 2167/31251] Complex_Test#test_add = 0.02 s
[ 2168/31251] Complex_Test#test_to_c = 0.03 s
[ 2169/31251] Complex_Test#test_add_with_redefining_float_plus = 2.61 s
[ 2170/31251] Complex_Test#test_to_i = 0.04 s
[ 2171/31251] Complex_Test#test_uplus = 0.03 s
[ 2172/31251] Complex_Test#test_add_with_redefining_rational_plus = 2.66 s
[ 2173/31251] Complex_Test#test_ruby19 = 0.03 s
[ 2174/31251] Complex_Test#test_eqeq = 0.03 s
[ 2175/31251] Complex_Test#test_mul_with_redefining_rational_mult = 2.64 s
[ 2176/31251] Complex_Test#test_negate = 0.03 s
[ 2177/31251] Complex_Test#test_sub_with_redefining_float_minus = 2.65 s
[ 2178/31251] Complex_Test#test_div = 0.06 s
[ 2179/31251] Complex_Test#test_mul = 0.03 s
[ 2180/31251] Complex_Test#test_known_bug = 0.01 s
[ 2181/31251] Complex_Test#test_mul_with_redefining_float_mult = 2.64 s
[ 2182/31251] Complex_Test#test_supp = 0.10 s
[ 2183/31251] Complex_Test#test_Complex_with_exception = 0.07 s
[ 2184/31251] Complex_Test#test_infinite_p = 0.04 s
[ 2185/31251] Complex_Test#test_mul_with_redefining_int_mult = 2.66 s
[ 2186/31251] Complex_Test#test_fdiv = 0.03 s
[ 2187/31251] Complex_Test#test_rect = 0.02 s
[ 2188/31251] Complex_Test#test_respond = 0.06 s
[ 2189/31251] Complex_Test#test_hash = 0.03 s
[ 2190/31251] Complex_Test#test_cmp = 0.02 s
[ 2191/31251] Complex_Test#test_expt_for_special_angle = 0.05 s
[ 2192/31251] Complex_Test#test_compsub = 0.04 s
[ 2193/31251] Complex_Test#test_attr = 0.04 s
[ 2194/31251] Complex_Test#test_math = 0.04 s
[ 2195/31251] Complex_Test#test_sub = 0.02 s
[ 2196/31251] Complex_Test#test_marshal = 0.04 s
[ 2197/31251] Complex_Test#test_fixed_bug = 0.04 s
[ 2198/31251] Complex_Test#test_freeze = 0.02 s
[ 2199/31251] Complex_Test#test_quo = 0.03 s
[ 2200/31251] Complex_Test#test_marshal_compatibility = 0.02 s
[ 2201/31251] Complex_Test#test_Complex_with_invalid_exception = 0.02 s
[ 2202/31251] Complex_Test#test_to_f = 0.03 s
[ 2203/31251] Complex_Test#test_sub_with_redefining_int_minus = 2.91 s
[ 2204/31251] Complex_Test#test_conv = 0.07 s
[ 2205/31251] Complex_Test#test_sub_with_redefining_rational_minus = 2.71 s
[ 2206/31251] Complex_Test#test_canonicalize_polar = 0.07 s
[ 2207/31251] Complex_Test#test_rationalize = 0.03 s
[ 2208/31251] Complex_Test#test_coerce2 = 0.13 s
[ 2209/31251] Complex_Test#test_attr2 = 0.03 s
[ 2210/31251] Complex_Test#test_polar = 0.02 s
[ 2211/31251] Complex_Test#test_to_r_with_numeric_obj = 0.03 s
[ 2212/31251] Complex_Test#test_expt = 0.04 s
[ 2213/31251] Complex_Test#test_to_r = 0.02 s
[ 2214/31251] Complex_Test#test_parse = 0.53 s
[ 2215/31251] Complex_Test#test_inspect = 0.02 s
[ 2216/31251] Complex_Test#test_finite_p = 0.04 s
[ 2217/31251] Complex_Test#test_coerce = 0.07 s
[ 2218/31251] Complex_Test#test_to_r_with_float = 0.07 s
[ 2219/31251] Test_Load_Protect#test_load_protect = 0.06 s
[ 2220/31251] TestEncodingConverter#test_nil_source_buffer = 0.03 s
[ 2221/31251] TestEncodingConverter#test_invalid4 = 0.23 s
[ 2222/31251] TestEncodingConverter#test_errinfo_invalid_utf16be = 0.02 s
[ 2223/31251] TestEncodingConverter#test_crlf_newline2 = 0.83 s
[ 2224/31251] TestEncodingConverter#test_finish_iso2022jp = 0.03 s
[ 2225/31251] TestEncodingConverter#test_nil_destination_bytesize_with_nonnil_byteoffset = 0.02 s
[ 2226/31251] TestEncodingConverter#test_invalid2 = 0.02 s
[ 2227/31251] TestEncodingConverter#test_noconv_insert_output = 1.23 s
[ 2228/31251] TestEncodingConverter#test_iso2022jp_decode = 0.04 s
[ 2229/31251] TestEncodingConverter#test_errors = 0.02 s
[ 2230/31251] TestEncodingConverter#test_noconv_partial = 0.83 s
[ 2231/31251] TestEncodingConverter#test_errors2 = 0.02 s
[ 2232/31251] TestEncodingConverter#test_exc_invalid = 0.03 s
[ 2233/31251] TestEncodingConverter#test_cr_newline2 = 0.83 s
[ 2234/31251] TestEncodingConverter#test_s_new = 0.02 s
[ 2235/31251] TestEncodingConverter#test_universal_newline2 = 0.84 s
[ 2236/31251] TestEncodingConverter#test_result_encoding = 0.02 s
[ 2237/31251] TestEncodingConverter#test_finish_incomplete_error = 0.02 s
[ 2238/31251] TestEncodingConverter#test_get_encoding = 0.02 s
[ 2239/31251] TestEncodingConverter#test_putback2 = 0.02 s
[ 2240/31251] TestEncodingConverter#test_putback = 0.02 s
[ 2241/31251] TestEncodingConverter#test_convpath = 0.85 s
[ 2242/31251] TestEncodingConverter#test_noconv = 0.83 s
[ 2243/31251] TestEncodingConverter#test_cr_newline = 0.02 s
[ 2244/31251] TestEncodingConverter#test_search_convpath = 0.03 s
[ 2245/31251] TestEncodingConverter#test_partial_input = 0.02 s
[ 2246/31251] TestEncodingConverter#test_invalid = 0.03 s
[ 2247/31251] TestEncodingConverter#test_output_region = 0.03 s
[ 2248/31251] TestEncodingConverter#test_exc_undef = 0.03 s
[ 2249/31251] TestEncodingConverter#test_errinfo_undefined_hiragana = 0.02 s
[ 2250/31251] TestEncodingConverter#test_no_universal_newline2 = 0.82 s
[ 2251/31251] TestEncodingConverter#test_last_error1 = 0.02 s
[ 2252/31251] TestEncodingConverter#test_errinfo_invalid_utf16le = 0.02 s
[ 2253/31251] TestEncodingConverter#test_noconv_after_output = 0.84 s
[ 2254/31251] TestEncodingConverter#test_nil_destination_bytesize2 = 0.04 s
[ 2255/31251] TestEncodingConverter#test_get_replacement = 0.02 s
[ 2256/31251] TestEncodingConverter#test_output_iso2022jp = 0.05 s
[ 2257/31251] TestEncodingConverter#test_errinfo_invalid_partial_character = 0.02 s
[ 2258/31251] TestEncodingConverter#test_hex_charref = 0.08 s
[ 2259/31251] TestEncodingConverter#test_us_ascii = 0.02 s
[ 2260/31251] TestEncodingConverter#test_set_replacement = 0.02 s
[ 2261/31251] TestEncodingConverter#test_accumulate_dst2 = 0.02 s
[ 2262/31251] TestEncodingConverter#test_xml_escape_attr_content = 5.09 s
[ 2263/31251] TestEncodingConverter#test_exc_incomplete = 0.03 s
[ 2264/31251] TestEncodingConverter#test_crlf_newline = 0.02 s
[ 2265/31251] TestEncodingConverter#test_s_asciicompat_encoding = 0.84 s
[ 2266/31251] TestEncodingConverter#test_invalid_utf16be = 0.04 s
[ 2267/31251] TestEncodingConverter#test_errinfo_invalid_euc_jp = 0.02 s
[ 2268/31251] TestEncodingConverter#test_econv_new_hash = 0.02 s
[ 2269/31251] TestEncodingConverter#test_xml_hasharg = 0.06 s
[ 2270/31251] TestEncodingConverter#test_s_new_fail = 1.70 s
[ 2271/31251] TestEncodingConverter#test_invalid_ignore = 0.02 s
[ 2272/31251] TestEncodingConverter#test_accumulate_dst1 = 0.03 s
[ 2273/31251] TestEncodingConverter#test_convert = 0.03 s
[ 2274/31251] TestEncodingConverter#test_default_external = 184.61 s
[ 2275/31251] TestEncodingConverter#test_s_new_convpath = 0.06 s
[ 2276/31251] TestEncodingConverter#test_xml_escape_with_charref = 0.06 s
[ 2277/31251] TestEncodingConverter#test_last_error2 = 0.03 s
[ 2278/31251] TestEncodingConverter#test_no_universal_newline1 = 0.02 s
[ 2279/31251] TestEncodingConverter#test_errinfo_invalid_euc_jp2 = 0.02 s
[ 2280/31251] TestEncodingConverter#test_asciicompat_encoding_iso2022jp = 0.02 s
[ 2281/31251] TestEncodingConverter#test_invalid_utf32le = 0.04 s
[ 2282/31251] TestEncodingConverter#test_newline_option = 7.42 s
[ 2283/31251] TestEncodingConverter#test_undef_replace = 0.02 s
[ 2284/31251] TestEncodingConverter#test_iso2022jp_invalid_replace = 0.03 s
[ 2285/31251] TestEncodingConverter#test_iso2022jp = 0.03 s
[ 2286/31251] TestEncodingConverter#test_eucjp_to_utf8 = 0.02 s
[ 2287/31251] TestEncodingConverter#test_universal_newline3 = 0.84 s
[ 2288/31251] TestEncodingConverter#test_universal_newline = 0.04 s
[ 2289/31251] TestEncodingConverter#test_88591 = 0.02 s
[ 2290/31251] TestEncodingConverter#test_xml_escape_text = 2.46 s
[ 2291/31251] TestEncodingConverter#test_newline_converter_with_ascii_incompatible = 0.03 s
[ 2292/31251] TestEncodingConverter#test_invalid_replace = 0.02 s
[ 2293/31251] TestEncodingConverter#test_invalid_utf16le = 0.04 s
[ 2294/31251] TestEncodingConverter#test_invalid3 = 0.02 s
[ 2295/31251] TestEncodingConverter#test_iso2022jp_encode = 0.03 s
[ 2296/31251] TestEncodingConverter#test_invalid_replace2 = 0.02 s
[ 2297/31251] TestEncodingConverter#test_undef_ignore = 0.02 s
[ 2298/31251] TestEncodingConverter#test_nil_destination_bytesize = 0.04 s
[ 2299/31251] TestEncodingConverter#test_after_output = 0.03 s
[ 2300/31251] TestEncodingConverter#test_invalid_utf32be = 0.04 s
[ 2301/31251] TestEncodingConverter#test_errinfo_valid_partial_character = 0.02 s
[ 2302/31251] TestEncodingConverter#test_xml_escape_attr_quote = 4.97 s
[ 2303/31251] RDocMarkupToTableOfContentsTest#test_end_accepting = 0.20 s
[ 2304/31251] RDocMarkupToTableOfContentsTest#test_accept_list_item_start_lalpha = 0.07 s
[ 2305/31251] RDocMarkupToTableOfContentsTest#test_accept_list_item_end_lalpha = 0.07 s
[ 2306/31251] RDocMarkupToTableOfContentsTest#test_accept_list_item_start_note = 0.07 s
[ 2307/31251] RDocMarkupToTableOfContentsTest#test_accept_raw = 0.07 s
[ 2308/31251] RDocMarkupToTableOfContentsTest#test_accept_list_end_lalpha = 0.07 s
[ 2309/31251] RDocMarkupToTableOfContentsTest#test_accept_list_start_note = 0.72 s
[ 2310/31251] RDocMarkupToTableOfContentsTest#test_accept_document_omit_headings_below = 0.07 s
[ 2311/31251] RDocMarkupToTableOfContentsTest#test_accept_list_start_bullet = 0.08 s
[ 2312/31251] RDocMarkupToTableOfContentsTest#test_accept_list_item_end_label = 0.08 s
[ 2313/31251] RDocMarkupToTableOfContentsTest#test_accept_paragraph_plus = 0.08 s
[ 2314/31251] RDocMarkupToTableOfContentsTest#test_accept_paragraph_b = 0.07 s
[ 2315/31251] RDocMarkupToTableOfContentsTest#test_accept_list_item_start_ualpha = 0.11 s
[ 2316/31251] RDocMarkupToTableOfContentsTest#test_accept_list_item_end_ualpha = 0.08 s
[ 2317/31251] RDocMarkupToTableOfContentsTest#test_accept_list_end_ualpha = 0.08 s
[ 2318/31251] RDocMarkupToTableOfContentsTest#test_start_accepting = 0.07 s
[ 2319/31251] RDocMarkupToTableOfContentsTest#test_accept_list_item_end_note = 0.07 s
[ 2320/31251] RDocMarkupToTableOfContentsTest#test_accept_paragraph_br = 0.08 s
[ 2321/31251] RDocMarkupToTableOfContentsTest#test_accept_list_item_start_note_2 = 0.08 s
[ 2322/31251] RDocMarkupToTableOfContentsTest#test_accept_blank_line = 0.08 s
[ 2323/31251] RDocMarkupToTableOfContentsTest#test_accept_paragraph_star = 0.08 s
[ 2324/31251] RDocMarkupToTableOfContentsTest#test_accept_paragraph = 0.07 s
[ 2325/31251] RDocMarkupToTableOfContentsTest#test_accept_heading_2 = 0.08 s
[ 2326/31251] RDocMarkupToTableOfContentsTest#test_accept_list_start_label = 0.08 s
[ 2327/31251] RDocMarkupToTableOfContentsTest#test_accept_heading_4 = 0.07 s
[ 2328/31251] RDocMarkupToTableOfContentsTest#test_accept_list_end_note = 0.07 s
[ 2329/31251] RDocMarkupToTableOfContentsTest#test_accept_list_start_number = 0.07 s
[ 2330/31251] RDocMarkupToTableOfContentsTest#test_accept_list_item_start_note_multi_description = 0
.09 s
[ 2331/31251] RDocMarkupToTableOfContentsTest#test_accept_list_item_start_note_multi_label = 0.08 s
[ 2332/31251] RDocMarkupToTableOfContentsTest#test_accept_heading_suppressed = 0.11 s
[ 2333/31251] RDocMarkupToTableOfContentsTest#test_accept_list_start_lalpha = 0.07 s
[ 2334/31251] RDocMarkupToTableOfContentsTest#test_accept_heading = 0.07 s
[ 2335/31251] RDocMarkupToTableOfContentsTest#test_accept_list_end_label = 0.07 s
[ 2336/31251] RDocMarkupToTableOfContentsTest#test_accept_list_item_start_bullet = 0.08 s
[ 2337/31251] RDocMarkupToTableOfContentsTest#test_accept_paragraph_underscore = 0.07 s
[ 2338/31251] RDocMarkupToTableOfContentsTest#test_suppressed_eh = 0.07 s
[ 2339/31251] RDocMarkupToTableOfContentsTest#test_accept_list_item_end_bullet = 0.09 s
[ 2340/31251] RDocMarkupToTableOfContentsTest#test_accept_rule = 0.07 s
[ 2341/31251] RDocMarkupToTableOfContentsTest#test_accept_list_end_bullet = 0.07 s
[ 2342/31251] RDocMarkupToTableOfContentsTest#test_accept_list_item_start_label = 0.07 s
[ 2343/31251] RDocMarkupToTableOfContentsTest#test_accept_block_quote = 0.07 s
[ 2344/31251] RDocMarkupToTableOfContentsTest#test_accept_paragraph_break = 0.07 s
[ 2345/31251] RDocMarkupToTableOfContentsTest#test_accept_list_start_ualpha = 0.09 s
[ 2346/31251] RDocMarkupToTableOfContentsTest#test_accept_heading_suppressed_crossref = 0.07 s
[ 2347/31251] RDocMarkupToTableOfContentsTest#test_accept_heading_3 = 0.07 s
[ 2348/31251] RDocMarkupToTableOfContentsTest#test_accept_heading_1 = 0.07 s
[ 2349/31251] RDocMarkupToTableOfContentsTest#test_list_verbatim = 0.08 s
[ 2350/31251] RDocMarkupToTableOfContentsTest#test_accept_verbatim = 0.07 s
[ 2351/31251] RDocMarkupToTableOfContentsTest#test_accept_paragraph_i = 0.07 s
[ 2352/31251] RDocMarkupToTableOfContentsTest#test_accept_list_end_number = 0.07 s
[ 2353/31251] RDocMarkupToTableOfContentsTest#test_accept_list_item_end_number = 0.07 s
[ 2354/31251] RDocMarkupToTableOfContentsTest#test_accept_list_item_start_number = 0.08 s
[ 2355/31251] RDocMarkupToTableOfContentsTest#test_accept_heading_b = 0.07 s
[ 2356/31251] RDocMarkupToTableOfContentsTest#test_accept_document = 0.07 s
[ 2357/31251] RDocMarkupToTableOfContentsTest#test_list_nested = 0.08 s
[ 2358/31251] TestGemSecurityTrustDir#test_issuer_of = 1.61 s
[ 2359/31251] TestGemSecurityTrustDir#test_verify_file = 1.79 s
[ 2360/31251] TestGemSecurityTrustDir#test_verify = 1.78 s
[ 2361/31251] TestGemSecurityTrustDir#test_verify_wrong_permissions = 1.77 s
[ 2362/31251] TestGemSecurityTrustDir#test_trust_cert = 1.79 s
[ 2363/31251] TestGemSecurityTrustDir#test_load_certificate = 1.83 s
[ 2364/31251] TestGemSecurityTrustDir#test_cert_path = 1.40 s
[ 2365/31251] TestGemSecurityTrustDir#test_name_path = 1.07 s
[ 2366/31251] TestAst::TestLocation#test_valias_locations = 0.03 s
[ 2367/31251] TestAst::TestLocation#test_case3_locations = 0.02 s
[ 2368/31251] TestAst::TestLocation#test_or_locations = 0.02 s
[ 2369/31251] TestAst::TestLocation#test_lineno_and_column = 0.02 s
[ 2370/31251] TestAst::TestLocation#test_splat_locations = 0.03 s
[ 2371/31251] TestAst::TestLocation#test_alias_locations = 0.02 s
[ 2372/31251] TestAst::TestLocation#test_while_locations = 0.02 s
[ 2373/31251] TestAst::TestLocation#test_until_locations = 0.02 s
[ 2374/31251] TestAst::TestLocation#test_break_locations = 0.02 s
[ 2375/31251] TestAst::TestLocation#test_redo_locations = 0.02 s
[ 2376/31251] TestAst::TestLocation#test_op_asgn1_locations = 0.02 s
[ 2377/31251] TestAst::TestLocation#test_case2_locations = 0.02 s
[ 2378/31251] TestAst::TestLocation#test_undef_locations = 0.02 s
[ 2379/31251] TestAst::TestLocation#test_and_locations = 0.02 s
[ 2380/31251] TestAst::TestLocation#test_unless_locations = 0.02 s
[ 2381/31251] TestAst::TestLocation#test_return_locations = 0.02 s
[ 2382/31251] TestAst::TestLocation#test_next_locations = 0.02 s
[ 2383/31251] TestAst::TestLocation#test_op_asgn2_locations = 0.03 s
[ 2384/31251] TestAst::TestLocation#test_case_locations = 0.02 s
[ 2385/31251] TestAst::TestLocation#test_block_pass_locations = 0.02 s
[ 2386/31251] TestAst::TestLocation#test_when_locations = 0.02 s
[ 2387/31251] RDocAttrTest#test_singleton = 0.06 s
[ 2388/31251] RDocAttrTest#test_marshal_load_version_2 = 0.11 s
[ 2389/31251] RDocAttrTest#test_aref = 0.18 s
[ 2390/31251] RDocAttrTest#test_full_name = 0.05 s
[ 2391/31251] RDocAttrTest#test_marshal_dump = 0.12 s
[ 2392/31251] RDocAttrTest#test_marshal_dump_singleton = 0.10 s
[ 2393/31251] RDocAttrTest#test_block_params = 0.04 s
[ 2394/31251] RDocAttrTest#test_params = 0.05 s
[ 2395/31251] RDocAttrTest#test_definition = 0.05 s
[ 2396/31251] RDocAttrTest#test_arglists = 0.04 s
[ 2397/31251] RDocAttrTest#test_marshal_load_version_1 = 0.07 s
[ 2398/31251] RDocAttrTest#test_call_seq = 0.04 s
[ 2399/31251] RDocAttrTest#test_type = 0.05 s
[ 2400/31251] Prism::VersionTest#test_prism_version_is_set = 0.02 s
[ 2401/31251] TestObjectSpace#test_each_object_with_allocation = 11.88 s
[ 2402/31251] TestObjectSpace#test_each_object = 1.58 s
[ 2403/31251] TestObjectSpace#test_id2ref_19 = 0.02 s
[ 2404/31251] TestObjectSpace#test_exception_in_finalizer = 2.65 s
[ 2405/31251] TestObjectSpace#test_id2ref_liveness = 29.69 s
[ 2406/31251] TestObjectSpace#test_finalizer_with_super = 27.52 s
[ 2407/31251] TestObjectSpace#test_each_object_recursive_key = 10.07 s
[ 2408/31251] TestObjectSpace#test_each_object_no_garbage = 14.57 s
[ 2409/31251] TestObjectSpace#test_each_object_enumerator = 1.58 s
[ 2410/31251] TestObjectSpace#test_id2ref_33 = 0.02 s
[ 2411/31251] TestObjectSpace#test_id2ref_31 = 0.02 s
[ 2412/31251] TestObjectSpace#test_id2ref_35 = 0.02 s
[ 2413/31251] TestObjectSpace#test_finalizer = 257.27 s
[ 2414/31251] TestObjectSpace#test_id2ref_28 = 0.02 s
[ 2415/31251] TestObjectSpace#test_id2ref_24 = 0.01 s
[ 2416/31251] TestObjectSpace#test_id2ref_invalid_argument = 0.11 s
[ 2417/31251] TestObjectSpace#test_id2ref_26 = 0.01 s
[ 2418/31251] TestObjectSpace#test_id2ref_20 = 0.02 s
[ 2419/31251] TestObjectSpace#test_id2ref_22 = 0.01 s
[ 2420/31251] TestObjectSpace#test_count_objects = 3.47 s
[ 2421/31251] TestObjectSpace#test_id2ref_29 = 0.01 s
[ 2422/31251] TestObjectSpace#test_id2ref_23 = 0.01 s
[ 2423/31251] TestObjectSpace#test_each_object_singleton_class = 13.63 s
[ 2424/31251] TestObjectSpace#test_id2ref_21 = 0.02 s
[ 2425/31251] TestObjectSpace#test_id2ref_invalid_symbol_id = 0.04 s
[ 2426/31251] TestObjectSpace#test_id2ref_27 = 0.01 s
[ 2427/31251] TestObjectSpace#test_id2ref_25 = 0.01 s
[ 2428/31251] TestObjectSpace#test_id2ref_34 = 0.02 s
[ 2429/31251] TestObjectSpace#test_id2ref_36 = 0.02 s
[ 2430/31251] TestObjectSpace#test_id2ref_30 = 0.01 s
[ 2431/31251] TestObjectSpace#test_id2ref_32 = 0.02 s
[ 2432/31251] TestObjectSpace#test_finalizer_thread_raise = 23.84 s
[ 2433/31251] TestObjectSpace#test_id2ref_18 = 0.02 s
[ 2434/31251] TestSocketAddrinfo#test_marshal_inet6 = 0.09 s
[ 2435/31251] TestSocketAddrinfo#test_ipv6_address_predicates = 1.60 s
[ 2436/31251] TestSocketAddrinfo#test_addrinfo_inspect_sockaddr_unix = 0.02 s
[ 2437/31251] TestSocketAddrinfo#test_error_message = 0.07 s
[ 2438/31251] TestSocketAddrinfo#test_socket_connect_nonblock = 0.05 s
[ 2439/31251] TestSocketAddrinfo#test_socket_getnameinfo = 0.03 s
[ 2440/31251] TestSocketAddrinfo#test_connect = 0.08 s
[ 2441/31251] TestSocketAddrinfo#test_connect_from = 0.10 s
[ 2442/31251] TestSocketAddrinfo#test_ipv6_to_ipv4 = 0.06 s
[ 2443/31251] TestSocketAddrinfo#test_s_foreach = 0.03 s
[ 2444/31251] TestSocketAddrinfo#test_family_addrinfo = 0.09 s
[ 2445/31251] TestSocketAddrinfo#test_addrinfo_predicates = 0.02 s
[ 2446/31251] TestSocketAddrinfo#test_addrinfo_unix = 0.02 s
[ 2447/31251] TestSocketAddrinfo#test_basicsocket_remote_address = 0.06 s
[ 2448/31251] TestSocketAddrinfo#test_connect_to = 0.06 s
[ 2449/31251] TestSocketAddrinfo#test_addrinfo_udp = 0.03 s
[ 2450/31251] TestSocketAddrinfo#test_addrinfo_ip_unpack_inet6 = 0.03 s
[ 2451/31251] TestSocketAddrinfo#test_socket_accept = 0.05 s
[ 2452/31251] TestSocketAddrinfo#test_basicsocket_send = 0.03 s
[ 2453/31251] TestSocketAddrinfo#test_socket_bind = 0.03 s
[ 2454/31251] TestSocketAddrinfo#test_addrinfo_inspect_sockaddr_inet6 = 0.02 s
[ 2455/31251] TestSocketAddrinfo#test_socket_accept_nonblock = 0.05 s
[ 2456/31251] TestSocketAddrinfo#test_addrinfo_new_inet6 = 0.03 s
[ 2457/31251] TestSocketAddrinfo#test_marshal = 0.04 s
[ 2458/31251] TestSocketAddrinfo#test_addrinfo_ip = 0.08 s
[ 2459/31251] TestSocketAddrinfo#test_addrinfo_inspect_sockaddr = 0.02 s
[ 2460/31251] TestSocketAddrinfo#test_addrinfo_unix_path = 0.01 s
[ 2461/31251] TestSocketAddrinfo#test_listen = 0.06 s
[ 2462/31251] TestSocketAddrinfo#test_addrinfo_unix_dgram = 0.02 s
[ 2463/31251] TestSocketAddrinfo#test_addrinfo_predicates_unix = 0.02 s
[ 2464/31251] TestSocketAddrinfo#test_basicsocket_local_address = 0.04 s
[ 2465/31251] TestSocketAddrinfo#test_addrinfo_ip_unpack = 0.03 s
[ 2466/31251] TestSocketAddrinfo#test_ipv4_address_predicates = 0.21 s
[ 2467/31251] TestSocketAddrinfo#test_udpsocket_send = 0.03 s
[ 2468/31251] TestSocketAddrinfo#test_socket_sysaccept = 0.05 s
[ 2469/31251] TestSocketAddrinfo#test_bind = 0.03 s
[ 2470/31251] TestSocketAddrinfo#test_addrinfo_new_unix = 0.02 s
[ 2471/31251] TestSocketAddrinfo#test_addrinfo_tcp = 0.04 s
[ 2472/31251] TestSocketAddrinfo#test_addrinfo_new_inet = 0.03 s
[ 2473/31251] TestSocketAddrinfo#test_socket_recvfrom_nonblock = 0.04 s
[ 2474/31251] TestSocketAddrinfo#test_socket_connect = 0.04 s
[ 2475/31251] TestSocketAddrinfo#test_socket_recvfrom = 0.05 s
[ 2476/31251] TestSocketAddrinfo#test_addrinfo_timeout = 0.07 s
[ 2477/31251] TestSocketAddrinfo#test_marshal_unix = 0.02 s
[ 2478/31251] Prism::CommandLineTest#test_command_line_a = 0.04 s
[ 2479/31251] Prism::CommandLineTest#test_command_line_e = 0.03 s
[ 2480/31251] Prism::CommandLineTest#test_command_line_x_explicit_fail = 0.03 s
[ 2481/31251] Prism::CommandLineTest#test_command_line_x_implicit_fail = 0.02 s
[ 2482/31251] Prism::CommandLineTest#test_command_line_l = 0.03 s
[ 2483/31251] Prism::CommandLineTest#test_command_line_n = 0.02 s
[ 2484/31251] Prism::CommandLineTest#test_command_line_x_explicit = 0.02 s
[ 2485/31251] Prism::CommandLineTest#test_command_line_x_implicit = 0.02 s
[ 2486/31251] Prism::CommandLineTest#test_command_line_p = 0.02 s
[ 2487/31251] TestGemSecurityPolicy#test_check_data = 1.64 s
[ 2488/31251] TestGemSecurityPolicy#test_check_cert_no_signer = 1.80 s
[ 2489/31251] TestGemSecurityPolicy#test_verify_not_enough_signatures = 1.97 s
[ 2490/31251] TestGemSecurityPolicy#test_verify_chain_key = 1.88 s
[ 2491/31251] TestGemSecurityPolicy#test_subject = 1.80 s
[ 2492/31251] TestGemSecurityPolicy#test_check_chain_empty_chain = 1.83 s
[ 2493/31251] TestGemSecurityPolicy#test_check_cert_expired = 1.81 s
[ 2494/31251] TestGemSecurityPolicy#test_check_chain_invalid = 1.85 s
[ 2495/31251] TestGemSecurityPolicy#test_check_trust_no_chain = 1.81 s
[ 2496/31251] TestGemSecurityPolicy#test_check_root_no_chain = 1.79 s
[ 2497/31251] TestGemSecurityPolicy#test_check_chain = 1.81 s
[ 2498/31251] TestGemSecurityPolicy#test_check_cert_issuer = 1.81 s
[ 2499/31251] TestGemSecurityPolicy#test_check_cert_invalid_issuer = 1.82 s
[ 2500/31251] TestGemSecurityPolicy#test_verify_no_trust = 1.88 s
[ 2501/31251] TestGemSecurityPolicy#test_check_trust_no_trust_child = 1.81 s
[ 2502/31251] TestGemSecurityPolicy#test_check_cert = 1.80 s
[ 2503/31251] TestGemSecurityPolicy#test_check_trust_empty_chain = 1.79 s
[ 2504/31251] TestGemSecurityPolicy#test_verify_signatures_trust = 2.05 s
[ 2505/31251] TestGemSecurityPolicy#test_check_key = 1.80 s
[ 2506/31251] TestGemSecurityPolicy#test_verify_no_digests_no_security = 1.91 s
[ 2507/31251] TestGemSecurityPolicy#test_check_trust_child = 1.93 s
[ 2508/31251] TestGemSecurityPolicy#test_verify_signatures_data = 1.88 s
[ 2509/31251] TestGemSecurityPolicy#test_verify_no_digests = 1.91 s
[ 2510/31251] TestGemSecurityPolicy#test_verify_signatures_missing = 2.23 s
[ 2511/31251] TestGemSecurityPolicy#test_verify_wrong_digest_type = 1.92 s
[ 2512/31251] TestGemSecurityPolicy#test_verify_no_signatures = 1.92 s
[ 2513/31251] TestGemSecurityPolicy#test_check_key_no_signer = 1.81 s
[ 2514/31251] TestGemSecurityPolicy#test_verify_chain_signatures = 2.00 s
[ 2515/31251] TestGemSecurityPolicy#test_verify = 1.92 s
[ 2516/31251] TestGemSecurityPolicy#test_check_root_not_self_signed = 1.81 s
[ 2517/31251] TestGemSecurityPolicy#test_verify_signatures_chain = 1.94 s
[ 2518/31251] TestGemSecurityPolicy#test_check_cert_future = 1.80 s
[ 2519/31251] TestGemSecurityPolicy#test_check_root = 1.81 s
[ 2520/31251] TestGemSecurityPolicy#test_check_root_empty_chain = 1.81 s
[ 2521/31251] TestGemSecurityPolicy#test_check_trust = 1.95 s
[ 2522/31251] TestGemSecurityPolicy#test_verify_no_signatures_no_digests = 1.87 s
[ 2523/31251] TestGemSecurityPolicy#test_check_trust_mismatch = 1.93 s
[ 2524/31251] TestGemSecurityPolicy#test_check_trust_no_trust = 1.80 s
[ 2525/31251] TestGemSecurityPolicy#test_verify_signatures_root = 1.91 s
[ 2526/31251] TestGemSecurityPolicy#test_check_chain_no_chain = 1.80 s
[ 2527/31251] TestGemSecurityPolicy#test_check_root_invalid_signer = 1.87 s
[ 2528/31251] TestGemSecurityPolicy#test_verify_signatures = 2.18 s
[ 2529/31251] TestGemSecurityPolicy#test_verify_signatures_signer = 1.89 s
[ 2530/31251] TestGemSecurityPolicy#test_check_data_invalid = 1.86 s
[ 2531/31251] TestGemSecurityPolicy#test_verify_signatures_none = 2.18 s
[ 2532/31251] TestGemSecurityPolicy#test_check_key_wrong_key = 1.82 s
[ 2533/31251] TestGemResolverSpecification#test_installable_platform_eh = 1.46 s
[ 2534/31251] TestGemResolverSpecification#test_source = 1.10 s
[ 2535/31251] TestGemResolverSpecification#test_install = 2.09 s
[ 2536/31251] TestArity#test_method_err_mess = 0.29 s
[ 2537/31251] TestArity#test_message_change_issue_6085 = 0.10 s
[ 2538/31251] TestArity#test_proc_err_mess = 0.16 s
[ 2539/31251] TestIRB::LocaleTestCase#test_find = 1.63 s
[ 2540/31251] TestIRB::LocaleTestCase#test_initialize_with_en = 0.02 s
[ 2541/31251] TestIRB::LocaleTestCase#test_load = 1.95 s
[ 2542/31251] TestIRB::LocaleTestCase#test_initialize_with_ja = 0.02 s
[ 2543/31251] TestIRB::LocaleTestCase#test_initialize_with_lc_messages = 0.02 s
[ 2544/31251] TestIRB::LocaleTestCase#test_initialize_with_lc_all = 0.02 s
[ 2545/31251] TestIRB::LocaleTestCase#test_initialize_with_lang = 0.02 s
[ 2546/31251] TestIRB::LocaleTestCase#test_initialize_with_irb_lang = 0.02 s
[ 2547/31251] TestIRB::LocaleTestCase#test_initialize_with_legacy_ja_encoding_euc = 0.03 s
[ 2548/31251] TestIRB::LocaleTestCase#test_initialize_with_legacy_ja_encoding_ujis = 0.02 s
[ 2549/31251] TestBundlerGem#test_warning_libdir = 0.04 s
[ 2550/31251] TestBundlerGem#test_warning_archdir = 0.03 s
[ 2551/31251] TestBundlerGem#test_warning = 0.90 s
[ 2552/31251] TestBundlerGem#test_no_warning_warning = 0.02 s
[ 2553/31251] RDocClassModuleTest#test_each_ancestor_cycle = 4.70 s
[ 2554/31251] RDocClassModuleTest#test_documented_eh = 4.61 s
[ 2555/31251] RDocClassModuleTest#test_update_aliases_reparent_root = 4.61 s
[ 2556/31251] RDocClassModuleTest#test_update_aliases_class = 4.64 s
[ 2557/31251] RDocClassModuleTest#test_search_record = 5.11 s
[ 2558/31251] RDocClassModuleTest#test_ancestors = 4.53 s
[ 2559/31251] RDocClassModuleTest#test_marshal_load_version_0 = 4.69 s
[ 2560/31251] RDocClassModuleTest#test_marshal_dump_visibility = 5.31 s
[ 2561/31251] RDocClassModuleTest#test_update_aliases_reparent = 4.94 s
[ 2562/31251] RDocClassModuleTest#test_marshal_load_version_2 = 4.81 s
[ 2563/31251] RDocClassModuleTest#test_store_equals = 4.81 s
[ 2564/31251] RDocClassModuleTest#test_add_comment = 4.83 s
[ 2565/31251] RDocClassModuleTest#test_update_extends = 4.69 s
[ 2566/31251] RDocClassModuleTest#test_merge_methods = 4.62 s
[ 2567/31251] RDocClassModuleTest#test_merge_sections_overlap = 4.66 s
[ 2568/31251] RDocClassModuleTest#test_merge_extends = 4.66 s
[ 2569/31251] RDocClassModuleTest#test_comment_equals = 4.62 s
[ 2570/31251] RDocClassModuleTest#test_merge_constants_version_0 = 5.28 s
[ 2571/31251] RDocClassModuleTest#test_each_ancestor = 4.44 s
[ 2572/31251] RDocClassModuleTest#test_merge_constants = 4.53 s
[ 2573/31251] RDocClassModuleTest#test_setting_superclass = 4.46 s
[ 2574/31251] RDocClassModuleTest#test_marshal_dump = 4.63 s
[ 2575/31251] RDocClassModuleTest#test_path = 5.01 s
[ 2576/31251] RDocClassModuleTest#test_merge_comment = 5.01 s
[ 2577/31251] RDocClassModuleTest#test_nesting_namespaces = 4.66 s
[ 2578/31251] RDocClassModuleTest#test_super_classes = 4.71 s
[ 2579/31251] RDocClassModuleTest#test_remove_nodoc_children = 4.63 s
[ 2580/31251] RDocClassModuleTest#test_add_comment_stopdoc = 4.65 s
[ 2581/31251] RDocClassModuleTest#test_merge_attributes_version_0 = 4.63 s
[ 2582/31251] RDocClassModuleTest#test_merge_includes_version_0 = 4.65 s
[ 2583/31251] RDocClassModuleTest#test_merge_methods_version_0 = 4.62 s
[ 2584/31251] RDocClassModuleTest#test_document_self_or_methods = 4.55 s
[ 2585/31251] RDocClassModuleTest#test_merge_attributes = 4.70 s
[ 2586/31251] RDocClassModuleTest#test_merge_sections = 5.01 s
[ 2587/31251] RDocClassModuleTest#test_add_comment_comment = 4.47 s
[ 2588/31251] RDocClassModuleTest#test_update_aliases_module = 4.51 s
[ 2589/31251] RDocClassModuleTest#test_update_includes_with_colons = 4.49 s
[ 2590/31251] RDocClassModuleTest#test_superclass = 4.46 s
[ 2591/31251] RDocClassModuleTest#test_update_includes_trim = 5.05 s
[ 2592/31251] RDocClassModuleTest#test_fully_qualified_nesting_namespaces = 4.75 s
[ 2593/31251] RDocClassModuleTest#test_update_includes = 4.75 s
[ 2594/31251] RDocClassModuleTest#test_merge_comment_version_0 = 13.66 s
[ 2595/31251] RDocClassModuleTest#test_find_class_named = 4.65 s
[ 2596/31251] RDocClassModuleTest#test_from_module_comment = 4.71 s
[ 2597/31251] RDocClassModuleTest#test_parse_comment_format = 8.19 s
[ 2598/31251] RDocClassModuleTest#test_merge_includes = 4.65 s
[ 2599/31251] RDocClassModuleTest#test_merge_collections_drop = 4.56 s
[ 2600/31251] RDocClassModuleTest#test_marshal_load_version_3 = 4.68 s
[ 2601/31251] RDocClassModuleTest#test_marshal_load_version_1 = 5.73 s
[ 2602/31251] RDocClassModuleTest#test_update_extends_trim = 6.17 s
[ 2603/31251] RDocClassModuleTest#test_parse_comment_location = 6.40 s
[ 2604/31251] RDocClassModuleTest#test_parse_comment = 6.63 s
[ 2605/31251] RDocClassModuleTest#test_update_extends_with_colons = 6.87 s
[ 2606/31251] RDocClassModuleTest#test_parse = 6.56 s
[ 2607/31251] RDocClassModuleTest#test_add_comment_duplicate = 4.86 s
[ 2608/31251] RDocClassModuleTest#test_comment_equals_comment = 4.65 s
[ 2609/31251] RDocClassModuleTest#test_search_record_merged = 4.85 s
[ 2610/31251] RDocClassModuleTest#test_merge = 4.66 s
[ 2611/31251] TestArithmeticSequence#test_range_step_size = 0.04 s
[ 2612/31251] TestArithmeticSequence#test_eql_p = 0.02 s
[ 2613/31251] TestArithmeticSequence#test_slice = 0.02 s
[ 2614/31251] TestArithmeticSequence#test_last_with_rational = 0.02 s
[ 2615/31251] TestArithmeticSequence#test_cons = 0.02 s
[ 2616/31251] TestArithmeticSequence#test_last_with_float = 0.02 s
[ 2617/31251] TestArithmeticSequence#test_step = 0.03 s
[ 2618/31251] TestArithmeticSequence#test_to_a = 0.03 s
[ 2619/31251] TestArithmeticSequence#test_next = 0.04 s
[ 2620/31251] TestArithmeticSequence#test_next_after_stopiteration = 0.04 s
[ 2621/31251] TestArithmeticSequence#test_eqq = 0.02 s
[ 2622/31251] TestArithmeticSequence#test_next_bug15444 = 0.02 s
[ 2623/31251] TestArithmeticSequence#test_sum = 0.03 s
[ 2624/31251] TestArithmeticSequence#test_allocate = 0.02 s
[ 2625/31251] TestArithmeticSequence#test_next_rewind = 0.05 s
[ 2626/31251] TestArithmeticSequence#test_new = 0.02 s
[ 2627/31251] TestArithmeticSequence#test_last = 0.04 s
[ 2628/31251] TestArithmeticSequence#test_to_a_bug15444 = 0.03 s
[ 2629/31251] TestArithmeticSequence#test_next_values = 0.02 s
[ 2630/31251] TestArithmeticSequence#test_complex = 0.05 s
[ 2631/31251] TestArithmeticSequence#test_peek_values = 0.02 s
[ 2632/31251] TestArithmeticSequence#test_to_a_bug17218 = 0.02 s
[ 2633/31251] TestArithmeticSequence#test_num_step_inspect = 0.02 s
[ 2634/31251] TestArithmeticSequence#test_hash = 0.02 s
[ 2635/31251] TestArithmeticSequence#test_begin = 0.04 s
[ 2636/31251] TestArithmeticSequence#test_first_bug15518 = 0.02 s
[ 2637/31251] TestArithmeticSequence#test_num_step_size = 0.03 s
[ 2638/31251] TestArithmeticSequence#test_last_bug17218 = 0.01 s
[ 2639/31251] TestArithmeticSequence#test_range_step_inspect = 0.02 s
[ 2640/31251] TestArithmeticSequence#test_stop_result = 0.02 s
[ 2641/31251] TestArithmeticSequence#test_end = 0.04 s
[ 2642/31251] TestArithmeticSequence#test_peek = 0.04 s
[ 2643/31251] TestArithmeticSequence#test_with_index = 0.02 s
[ 2644/31251] TestArithmeticSequence#test_exclude_end_p = 0.03 s
[ 2645/31251] TestArithmeticSequence#test_eq = 0.02 s
[ 2646/31251] TestArithmeticSequence#test_with_object = 0.02 s
[ 2647/31251] TestArithmeticSequence#test_first = 0.05 s
[ 2648/31251] Test_Method::TestArity#test_base = 0.02 s
[ 2649/31251] Test_Method::TestArity#test_zsuper = 0.02 s
[ 2650/31251] TestGemSourceLocal#test_find_gem_prerelease = 2.07 s
[ 2651/31251] TestGemSourceLocal#test_load_specs_prerelease = 2.39 s
[ 2652/31251] TestGemSourceLocal#test_find_gem_specific_version = 2.38 s
[ 2653/31251] TestGemSourceLocal#test_spaceship = 2.40 s
[ 2654/31251] TestGemSourceLocal#test_find_gem_highest_version = 2.39 s
[ 2655/31251] TestGemSourceLocal#test_download = 2.39 s
[ 2656/31251] TestGemSourceLocal#test_fetch_spec = 2.38 s
[ 2657/31251] TestGemSourceLocal#test_pretty_print = 2.38 s
[ 2658/31251] TestGemSourceLocal#test_load_specs_latest = 2.38 s
[ 2659/31251] TestGemSourceLocal#test_load_specs_released = 2.38 s
[ 2660/31251] TestGemSourceLocal#test_find_gem = 2.40 s
[ 2661/31251] TestGemSourceLocal#test_inspect = 2.39 s
[ 2662/31251] TestGemCommandsContentsCommand#test_execute_default_gem = 3.13 s
[ 2663/31251] TestGemCommandsContentsCommand#test_execute_show_install_dir = 1.96 s
[ 2664/31251] TestGemCommandsContentsCommand#test_handle_options = 1.89 s
[ 2665/31251] TestGemCommandsContentsCommand#test_execute_exact_match = 1.75 s
[ 2666/31251] TestGemCommandsContentsCommand#test_execute_lib_only = 1.98 s
[ 2667/31251] TestGemCommandsContentsCommand#test_execute_missing_version = 1.89 s
[ 2668/31251] TestGemCommandsContentsCommand#test_execute_no_prefix = 1.99 s
[ 2669/31251] TestGemCommandsContentsCommand#test_execute_missing_single = 1.45 s
[ 2670/31251] TestGemCommandsContentsCommand#test_execute_missing_multiple = 1.66 s
[ 2671/31251] TestGemCommandsContentsCommand#test_execute_bad_gem = 1.43 s
[ 2672/31251] TestGemCommandsContentsCommand#test_execute_show_install_dir_version = 1.73 s
[ 2673/31251] TestGemCommandsContentsCommand#test_execute_multiple = 2.18 s
[ 2674/31251] TestGemCommandsContentsCommand#test_execute_all = 2.17 s
[ 2675/31251] TestGemCommandsContentsCommand#test_execute = 1.95 s
[ 2676/31251] TestGemCommandsContentsCommand#test_execute_show_install_dir_latest_version = 2.10 s
[ 2677/31251] TestGemCommandsEnvironmentCommand#test_execute_gempath = 1.99 s
[ 2678/31251] TestGemCommandsEnvironmentCommand#test_execute_unknown = 1.66 s
[ 2679/31251] TestGemCommandsEnvironmentCommand#test_execute_user_gemhome = 1.66 s
[ 2680/31251] TestGemCommandsEnvironmentCommand#test_execute_version = 1.65 s
[ 2681/31251] TestGemCommandsEnvironmentCommand#test_execute_gempath_multiple = 1.70 s
[ 2682/31251] TestGemCommandsEnvironmentCommand#test_execute_user_gemdir = 1.67 s
[ 2683/31251] TestGemCommandsEnvironmentCommand#test_execute_gemdir = 1.65 s
[ 2684/31251] TestGemCommandsEnvironmentCommand#test_execute_platform = 1.67 s
[ 2685/31251] TestGemCommandsEnvironmentCommand#test_execute = 1.76 s
[ 2686/31251] TestGemCommandsEnvironmentCommand#test_execute_remotesources = 1.66 s
[ 2687/31251] TestAllocation::ProcCall::WithBlock#test_required_and_keyword_splat_parameter = 15.55
s
[ 2688/31251] TestAllocation::ProcCall::WithBlock#test_keyword_parameter = 14.06 s
[ 2689/31251] TestAllocation::ProcCall::WithBlock#test_no_parameters = 13.30 s
[ 2690/31251] TestAllocation::ProcCall::WithBlock#test_required_parameter = 13.68 s
[ 2691/31251] TestAllocation::ProcCall::WithBlock#test_anonymous_splat_and_anonymous_keyword_splat_p
arameters = 15.39 s
[ 2692/31251] TestAllocation::ProcCall::WithBlock#test_keyword_splat_parameter = 14.11 s
[ 2693/31251] TestAllocation::ProcCall::WithBlock#test_positional_splat_and_keyword_splat_parameter
= 15.40 s
[ 2694/31251] TestAllocation::ProcCall::WithBlock#test_positional_splat_and_post_parameters = 14.21
s
[ 2695/31251] TestAllocation::ProcCall::WithBlock#test_optional_parameter = 13.79 s
[ 2696/31251] TestAllocation::ProcCall::WithBlock#test_required_and_positional_splat_parameters = 14
.24 s
[ 2697/31251] TestAllocation::ProcCall::WithBlock#test_ruby2_keywords = 16.43 s
[ 2698/31251] TestAllocation::ProcCall::WithBlock#test_keyword_and_keyword_splat_parameter = 14.04 s
[ 2699/31251] TestAllocation::ProcCall::WithBlock#test_positional_splat_and_keyword_parameter = 15.4
1 s
[ 2700/31251] TestAllocation::ProcCall::WithBlock#test_required_positional_and_keyword_parameter = 1
5.56 s
[ 2701/31251] TestAllocation::ProcCall::WithBlock#test_no_array_allocation_with_splat_and_nonstatic_
keywords = 14.75 s
[ 2702/31251] TestAllocation::ProcCall::WithBlock#test_positional_splat_parameter = 14.78 s
[ 2703/31251] TestFormatter#test_format_datetime = 0.03 s
[ 2704/31251] TestFormatter#test_call = 0.03 s
[ 2705/31251] TestThreadLockNativeThread#test_lock_native_thread = 12.14 s
[ 2706/31251] TestThreadLockNativeThread#test_lock_native_thread_tls = 28.14 s
[ 2707/31251] TestRipper::Lexer#test_raise_errors_keyword = 0.27 s
[ 2708/31251] TestRipper::Lexer#test_slice = 0.07 s
[ 2709/31251] TestRipper::Lexer#test_spaces_at_eof = 0.04 s
[ 2710/31251] TestRipper::Lexer#test_stack_at_on_heredoc_beg = 0.03 s
[ 2711/31251] TestRipper::Lexer#test_invalid_escape_meta_mbchar = 0.04 s
[ 2712/31251] TestRipper::Lexer#test_lexer_scan_with_syntax_error = 0.26 s
[ 2713/31251] TestRipper::Lexer#test_invalid_escape_meta_ctrl_mbchar = 0.04 s
[ 2714/31251] TestRipper::Lexer#test_invalid_escape_ctrl_meta_mbchar = 0.04 s
[ 2715/31251] TestRipper::Lexer#test_embedded_expr_in_heredoc = 0.04 s
[ 2716/31251] TestRipper::Lexer#test_end_of_script_char = 0.15 s
[ 2717/31251] TestRipper::Lexer#test_invalid_escape_string = 0.35 s
[ 2718/31251] TestRipper::Lexer#test_expr_at_beginning_in_heredoc = 0.04 s
[ 2719/31251] TestRipper::Lexer#test_tokenize_with_here_document = 0.04 s
[ 2720/31251] TestRipper::Lexer#test_lex_with_syntax_error_and_heredoc = 0.04 s
[ 2721/31251] TestRipper::Lexer#test_state_after_cvar = 0.05 s
[ 2722/31251] TestRipper::Lexer#test_state_after_ivar = 0.05 s
[ 2723/31251] TestRipper::Lexer#test_space_after_expr_in_heredoc = 0.04 s
[ 2724/31251] TestRipper::Lexer#test_heredoc_unterminated_interpolation = 0.04 s
[ 2725/31251] TestRipper::Lexer#test_tokenize_with_syntax_error = 0.17 s
[ 2726/31251] TestRipper::Lexer#test_token_aftr_error_heredoc = 0.05 s
[ 2727/31251] TestRipper::Lexer#test_lex_with_syntax_error = 0.18 s
[ 2728/31251] TestRipper::Lexer#test_nested_dedent_heredoc = 0.07 s
[ 2729/31251] TestRipper::Lexer#test_nested_heredoc = 0.20 s
[ 2730/31251] TestRipper::Lexer#test_invalid_escape_ctrl_mbchar = 0.04 s
[ 2731/31251] TestRipper::Lexer#test_trailing_on_embexpr_end = 0.04 s
[ 2732/31251] TestRipper::Lexer#test_heredoc_inside_block_param = 0.06 s
[ 2733/31251] TestMixedUnicodeEscape#test_basic = 0.07 s
[ 2734/31251] RDocCrossReferenceTest#"test_resolve_method:>=" = 4.74 s
[ 2735/31251] RDocCrossReferenceTest#"test_resolve_method:>" = 4.63 s
[ 2736/31251] RDocCrossReferenceTest#"test_resolve_method:<" = 4.62 s
[ 2737/31251] RDocCrossReferenceTest#"test_resolve_method:*" = 4.62 s
[ 2738/31251] RDocCrossReferenceTest#test_resolve_no_ref = 4.71 s
[ 2739/31251] RDocCrossReferenceTest#"test_resolve_method:-@" = 4.63 s
[ 2740/31251] RDocCrossReferenceTest#"test_resolve_method:!=" = 4.65 s
[ 2741/31251] RDocCrossReferenceTest#"test_resolve_method:&" = 4.66 s
[ 2742/31251] RDocCrossReferenceTest#"test_resolve_method:!@" = 4.65 s
[ 2743/31251] RDocCrossReferenceTest#test_resolve_C3 = 4.64 s
[ 2744/31251] RDocCrossReferenceTest#"test_resolve_method:!~" = 4.72 s
[ 2745/31251] RDocCrossReferenceTest#"test_resolve_method:<=" = 4.77 s
[ 2746/31251] RDocCrossReferenceTest#"test_resolve_method:[]=" = 4.91 s
[ 2747/31251] RDocCrossReferenceTest#test_resolve_C2_C3 = 15.55 s
[ 2748/31251] RDocCrossReferenceTest#"test_resolve_method:|" = 4.79 s
[ 2749/31251] RDocCrossReferenceTest#test_resolve_file = 5.38 s
[ 2750/31251] RDocCrossReferenceTest#"test_resolve_method:~" = 5.02 s
[ 2751/31251] RDocCrossReferenceTest#"test_resolve_method:==" = 4.81 s
[ 2752/31251] RDocCrossReferenceTest#"test_resolve_method:<=>" = 4.72 s
[ 2753/31251] RDocCrossReferenceTest#test_resolve_C4 = 4.78 s
[ 2754/31251] RDocCrossReferenceTest#test_resolve_page = 4.75 s
[ 2755/31251] RDocCrossReferenceTest#test_METHOD_REGEXP_STR = 4.60 s
[ 2756/31251] RDocCrossReferenceTest#test_resolve_C2 = 4.67 s
[ 2757/31251] RDocCrossReferenceTest#"test_resolve_method:`" = 4.62 s
[ 2758/31251] RDocCrossReferenceTest#"test_resolve_method:<<" = 4.61 s
[ 2759/31251] RDocCrossReferenceTest#test_resolve_method = 4.86 s
[ 2760/31251] RDocCrossReferenceTest#test_resolve_C4_C4 = 5.23 s
[ 2761/31251] RDocCrossReferenceTest#"test_resolve_method:/" = 4.51 s
[ 2762/31251] RDocCrossReferenceTest#"test_resolve_method:-" = 4.51 s
[ 2763/31251] RDocCrossReferenceTest#"test_resolve_method:+" = 4.50 s
[ 2764/31251] RDocCrossReferenceTest#test_resolve_the_same_name_in_instance_and_class_method = 4.54
s
[ 2765/31251] RDocCrossReferenceTest#test_resolve_class_and_method_of_the_same_name = 4.50 s
[ 2766/31251] RDocCrossReferenceTest#"test_resolve_method:%" = 4.88 s
[ 2767/31251] RDocCrossReferenceTest#"test_resolve_method:^" = 4.87 s
[ 2768/31251] RDocCrossReferenceTest#"test_resolve_method:**" = 4.69 s
[ 2769/31251] RDocCrossReferenceTest#"test_resolve_method:+@" = 4.78 s
[ 2770/31251] RDocCrossReferenceTest#"test_resolve_method:!" = 4.69 s
[ 2771/31251] RDocCrossReferenceTest#"test_resolve_method:__id__" = 4.81 s
[ 2772/31251] RDocCrossReferenceTest#"test_resolve_method:>>" = 4.61 s
[ 2773/31251] RDocCrossReferenceTest#"test_resolve_method:===" = 4.59 s
[ 2774/31251] RDocCrossReferenceTest#"test_resolve_method:=~" = 4.61 s
[ 2775/31251] RDocCrossReferenceTest#"test_resolve_method:[]" = 4.64 s
[ 2776/31251] RDocCrossReferenceTest#test_resolve_class = 4.61 s
[ 2777/31251] TestOptionParserBashCompletion#test_long_f = 0.08 s
[ 2778/31251] TestOptionParserBashCompletion#test_long_for_option_args = 0.06 s
[ 2779/31251] TestOptionParserBashCompletion#test_case_sensitive = 0.07 s
[ 2780/31251] TestOptionParserBashCompletion#test_long_for_option_complete = 0.06 s
[ 2781/31251] TestOptionParserBashCompletion#test_empty = 0.06 s
[ 2782/31251] TestOptionParserBashCompletion#test_two_hyphen = 0.06 s
[ 2783/31251] TestOptionParserBashCompletion#test_one_hyphen = 0.06 s
[ 2784/31251] TestOptionParserBashCompletion#test_long_for_option = 0.06 s
[ 2785/31251] Emoji::TestRenameSJIS#test_shift_jis = 1.27 s
[ 2786/31251] TestStubSpecification#test_initialize = 1.13 s
[ 2787/31251] TestStubSpecification#test_to_spec = 1.11 s
[ 2788/31251] TestStubSpecification#test_missing_extensions_eh_none = 1.07 s
[ 2789/31251] TestStubSpecification#test_full_require_paths = 1.09 s
[ 2790/31251] TestStubSpecification#test_initialize_version = 1.08 s
[ 2791/31251] TestStubSpecification#test_initialize_with_empty_version = 1.30 s
[ 2792/31251] TestStubSpecification#test_missing_extensions_eh_default_gem = 1.36 s
[ 2793/31251] TestStubSpecification#test_missing_extensions_eh = 14.95 s
[ 2794/31251] TestStubSpecification#test_to_spec_default = 1.96 s
[ 2795/31251] TestStubSpecification#test_to_spec_with_other_specs_loaded_does_not_warn = 1.41 s
[ 2796/31251] TestStubSpecification#test_lib_dirs_glob = 1.31 s
[ 2797/31251] TestStubSpecification#test_initialize_extension = 1.30 s
[ 2798/31251] TestStubSpecification#test_contains_requirable_file_eh_extension = 1.86 s
[ 2799/31251] TestStubSpecification#test_initialize_missing_stubline = 1.74 s
[ 2800/31251] TestStubSpecification#test_matches_for_glob = 1.34 s
[ 2801/31251] TestStubSpecification#test_matches_for_glob_with_bundler_inline = 1.45 s
[ 2802/31251] TestStubSpecification#test_lib_dirs_glob_with_extension = 1.22 s
[ 2803/31251] TestStubSpecification#test_contains_requirable_file_eh = 1.42 s
[ 2804/31251] TestFiberStorage#test_variable_assignment = 0.03 s
[ 2805/31251] TestFiberStorage#test_storage_inherited = 0.03 s
[ 2806/31251] TestFiberStorage#test_enumerator_inherited_storage = 0.03 s
[ 2807/31251] TestFiberStorage#test_inherited_storage = 0.02 s
[ 2808/31251] TestFiberStorage#test_storage_only_allow_access_from_same_fiber = 0.02 s
[ 2809/31251] TestFiberStorage#test_enumerator_count = 0.02 s
[ 2810/31251] TestFiberStorage#test_storage = 0.02 s
[ 2811/31251] TestFiberStorage#test_storage_assignment = 0.02 s
[ 2812/31251] TestFiberStorage#test_storage_assignment_type_error = 0.02 s
[ 2813/31251] TestFiberStorage#test_thread_inherited_storage = 0.05 s
[ 2814/31251] TestObjSpaceRactor#test_tracing_does_not_crash = 12.60 s
[ 2815/31251] URI::TestWSS#test_select = 0.07 s
[ 2816/31251] URI::TestWSS#test_build = 0.04 s
[ 2817/31251] URI::TestWSS#test_equal = 0.06 s
[ 2818/31251] URI::TestWSS#test_request_uri = 0.05 s
[ 2819/31251] URI::TestWSS#test_parse = 0.02 s
[ 2820/31251] URI::TestWSS#test_normalize = 0.04 s
[ 2821/31251] TestGemResolver#test_requests_development = 1.68 s
[ 2822/31251] TestGemResolver#test_picks_lower_version_when_needed = 2.16 s
[ 2823/31251] TestGemResolver#test_conflict_resolution_only_effects_correct_spec = 2.24 s
[ 2824/31251] TestGemResolver#test_no_overlap_specifically = 1.55 s
[ 2825/31251] TestGemResolver#test_self_compose_sets_nest = 1.56 s
[ 2826/31251] TestGemResolver#test_resolve_development = 1.95 s
[ 2827/31251] TestGemResolver#test_resolve_bug_699 = 2.13 s
[ 2828/31251] TestGemResolver#test_keeps_resolving_after_seeing_satisfied_dep = 2.00 s
[ 2829/31251] TestGemResolver#test_raises_and_reports_an_implicit_request_properly = 1.84 s
[ 2830/31251] TestGemResolver#test_self_compose_sets_single = 1.87 s
[ 2831/31251] TestGemResolver#test_resolve_rollback = 2.12 s
[ 2832/31251] TestGemResolver#test_sorts_by_source_then_version = 1.68 s
[ 2833/31251] TestGemResolver#test_raises_when_a_gem_version_is_missing = 1.11 s
[ 2834/31251] TestGemResolver#test_second_level_backout = 2.16 s
[ 2835/31251] TestGemResolver#test_common_rack_activation_scenario = 2.46 s
[ 2836/31251] TestGemResolver#test_does_not_pick_musl_variants_on_non_musl_linux = 2.98 s
[ 2837/31251] TestGemResolver#test_search_for_local_platform_partial_string_match = 1.53 s
[ 2838/31251] TestGemResolver#test_picks_highest_version = 10.49 s
[ 2839/31251] TestGemResolver#test_only_returns_spec_once = 1.69 s
[ 2840/31251] TestGemResolver#test_raises_and_reports_a_toplevel_request_properly = 2.17 s
[ 2841/31251] TestGemResolver#test_self_compose_sets_best_set = 1.09 s
[ 2842/31251] TestGemResolver#test_resolve_development_shallow = 1.64 s
[ 2843/31251] TestGemResolver#test_raises_and_explains_when_platform_prevents_install = 1.47 s
[ 2844/31251] TestGemResolver#test_requests_ignore_dependencies = 1.55 s
[ 2845/31251] TestGemResolver#test_picks_best_platform = 2.99 s
[ 2846/31251] TestGemResolver#test_self_compose_sets_nil = 1.87 s
[ 2847/31251] TestGemResolver#test_requests = 1.88 s
[ 2848/31251] TestGemResolver#test_select_local_platforms = 1.89 s
[ 2849/31251] TestGemResolver#test_raises_when_possibles_are_exhausted = 2.22 s
[ 2850/31251] TestGemResolver#test_backtracks_to_the_first_conflict = 1.81 s
[ 2851/31251] TestGemResolver#test_raises_dependency_error = 1.77 s
[ 2852/31251] TestGemResolver#test_raises_when_a_gem_is_missing = 1.44 s
[ 2853/31251] TestGemResolver#test_pick_generic_linux_variants_on_musl_linux = 2.50 s
[ 2854/31251] TestGemResolver#test_resolve_conservative = 2.30 s
[ 2855/31251] TestGemResolver#test_resolve_remote_missing_dependency = 1.90 s
[ 2856/31251] TestGemResolver#test_self_compose_sets_multiple = 1.87 s
[ 2857/31251] TestGemResolver#test_simple_activesupport_problem = 2.10 s
[ 2858/31251] TestGemResolver#test_pulls_in_dependencies = 1.93 s
[ 2859/31251] TestGemResolver#test_backoff_higher_version_to_satisfy_dep = 2.22 s
[ 2860/31251] TestGemResolver#test_resolve_conflict = 2.03 s
[ 2861/31251] TestIRB::HelperMethodIntegrationTest#test_helper_method_injection_can_happen_after_irb
_require = 0.06 s
[ 2862/31251] TestIRB::HelperMethodIntegrationTest#test_arguments_propogation = 0.05 s
[ 2863/31251] TestIRB::HelperMethodIntegrationTest#test_helper_method_instances_are_memoized = 0.05
s
[ 2864/31251] TestGemDependencyInstaller#test_install_legacy_spec_with_nil_required_ruby_version = 2
.09 s
[ 2865/31251] TestGemDependencyInstaller#test_install_no_minimal_deps = 2.50 s
[ 2866/31251] TestGemDependencyInstaller#test_install_doesnt_upgrade_installed_dependencies = 2.48 s
[ 2867/31251] TestGemDependencyInstaller#test_install_local = 2.48 s
[ 2868/31251] TestGemDependencyInstaller#test_install_local_dependency_no_network_for_target_gem = 2
.42 s
[ 2869/31251] TestGemDependencyInstaller#test_install_dependency_development_shallow = 2.52 s
[ 2870/31251] TestGemDependencyInstaller#test_install_platform_is_ignored_when_a_file_is_specified =
 2.45 s
[ 2871/31251] TestGemDependencyInstaller#test_install_version_default = 2.44 s
[ 2872/31251] TestGemDependencyInstaller#test_install_security_policy = 2.46 s
[ 2873/31251] TestGemDependencyInstaller#test_resolve_dependencies_local = 2.49 s
[ 2874/31251] TestGemDependencyInstaller#test_install_reinstall = 2.47 s
[ 2875/31251] TestGemDependencyInstaller#test_find_gems_with_sources_with_bad_source = 1.92 s
[ 2876/31251] TestGemDependencyInstaller#test_install_remote_dep = 2.47 s
[ 2877/31251] TestGemDependencyInstaller#test_install_cache_dir = 2.48 s
[ 2878/31251] TestGemDependencyInstaller#test_install_dependency = 2.47 s
[ 2879/31251] TestGemDependencyInstaller#test_install_domain_remote = 2.48 s
[ 2880/31251] TestGemDependencyInstaller#test_install_dependency_development_deep = 2.47 s
[ 2881/31251] TestGemDependencyInstaller#test_install_local_prerelease = 2.50 s
[ 2882/31251] TestGemDependencyInstaller#test_install_env_shebang = 2.51 s
[ 2883/31251] TestGemDependencyInstaller#test_install_domain_local = 2.47 s
[ 2884/31251] TestGemDependencyInstaller#test_install_domain_both = 2.47 s
[ 2885/31251] TestGemDependencyInstaller#test_install_dual_repository = 2.49 s
[ 2886/31251] TestGemDependencyInstaller#test_install_dependency_existing_extensionIgnoring e-1 beca
use its extensions are not built. Try: gem pristine e --version 1
 = 2.51 s
[ 2887/31251] TestGemDependencyInstaller#test_install_prerelease = 2.54 s
[ 2888/31251] TestGemDependencyInstaller#test_install_local_dependency_installed = 2.52 s
[ 2889/31251] TestGemDependencyInstaller#test_install = 2.53 s
[ 2890/31251] TestGemDependencyInstaller#test_install_no_wrappers = 2.52 s
[ 2891/31251] TestGemDependencyInstaller#test_find_gems_gems_with_sources = 2.53 s
[ 2892/31251] TestGemDependencyInstaller#test_install_version = 2.49 s
[ 2893/31251] TestGemDependencyInstaller#test_resolve_dependencies = 2.54 s
[ 2894/31251] TestGemDependencyInstaller#test_install_install_dir = 2.58 s
[ 2895/31251] TestGemDependencyInstaller#test_install_no_document = 2.55 s
[ 2896/31251] TestGemDependencyInstaller#test_resolve_dependencies_ignore_dependencies = 2.54 s
[ 2897/31251] TestGemDependencyInstaller#test_install_ignore_dependencies = 2.94 s
[ 2898/31251] TestGemDependencyInstaller#test_install_prerelease_skipped_when_normal_ver = 2.55 s
[ 2899/31251] TestGemDependencyInstaller#test_install_local_dependency = 2.73 s
[ 2900/31251] TestGemDependencyInstaller#test_find_gems_with_sources_local = 2.54 s
[ 2901/31251] TestGemDependencyInstaller#test_install_dependency_existing = 2.65 s
[ 2902/31251] TestGemDependencyInstaller#test_install_dual_repository_and_done_installing_hooks = 2.
54 s
[ 2903/31251] TestGemDependencyInstaller#test_install_minimal_deps = 2.63 s
[ 2904/31251] TestGemDependencyInstaller#test_install_all_dependencies = 2.55 s
[ 2905/31251] TestGemDependencyInstaller#test_install_dependencies_satisfied = 2.65 s
[ 2906/31251] TestGemDependencyInstaller#test_install_build_args = 2.53 s
[ 2907/31251] TestGemDependencyInstaller#test_install_remote = 2.57 s
[ 2908/31251] TestGemDependencyInstaller#test_install_domain_both_no_network = 2.54 s
[ 2909/31251] TestGemDependencyInstaller#test_install_prerelease_bug_990 = 2.54 s
[ 2910/31251] TestGemDependencyInstaller#test_install_local_subdir = 2.51 s
[ 2911/31251] TestGemDependencyInstaller#test_install_dependency_old = 2.54 s
[ 2912/31251] TestGemDependencyInstaller#test_install_legacy_spec_with_nil_required_rubygems_version
 = 2.11 s
[ 2913/31251] TestGemDependencyInstaller#test_install_when_only_prerelease = 2.53 s
[ 2914/31251] TestGemDependencyInstaller#test_find_gems_with_sources_with_best_only_and_platform = 2
.52 s
[ 2915/31251] TestGemDependencyInstaller#test_install_force = 2.52 s
[ 2916/31251] TestGemDependencyInstaller#test_install_remote_platform_newer = 2.52 s
[ 2917/31251] TestGemDependencyInstaller#test_find_gems_with_sources_prerelease = 2.59 s
[ 2918/31251] TestGemDependencyInstaller#test_install_dependency_development = 2.51 s
[ 2919/31251] Prism::BreadthFirstSearchTest#test_breadth_first_search = 0.03 s
[ 2920/31251] TestInsnsLeaf#test_insns_leaf = 0.03 s
[ 2921/31251] TestIRB::CompletionTest#test_complete_reserved_words = 0.40 s
[ 2922/31251] TestIRB::CompletionTest#test_complete_absolute_constants_with_special_characters = 0.9
3 s
[ 2923/31251] TestIRB::CompletionTest#test_complete_invalid_three_colons = 0.37 s
[ 2924/31251] TestIRB::CompletionTest#test_not_completing_empty_string = 0.07 s
[ 2925/31251] TestIRB::CompletionTest#test_complete_methods = 1.31 s
[ 2926/31251] TestIRB::CompletionTest#test_complete_symbol = 26.09 s
[ 2927/31251] TestERBCore#test_explicit = 0.24 s
[ 2928/31251] TestERBCore#test_frozen_string_literal = 0.07 s
[ 2929/31251] TestERBCore#test_trim_line2_with_carriage_return = 0.08 s
[ 2930/31251] TestERBCore#test_run = 0.03 s
[ 2931/31251] TestERBCore#test_def_module = 0.03 s
[ 2932/31251] TestERBCore#test_trim_line1_with_carriage_return = 0.07 s
[ 2933/31251] TestERBCore#test_result_with_hash_does_not_use_caller_local_variables = 0.04 s
[ 2934/31251] TestERBCore#test_prohibited_marshal_load = 0.02 s
[ 2935/31251] TestERBCore#test_def_class = 0.06 s
[ 2936/31251] TestERBCore#test_percent = 0.16 s
[ 2937/31251] TestERBCore#test_result_with_hash_does_not_modify_caller_binding = 0.03 s
[ 2938/31251] TestERBCore#test_half_working_comment_backward_compatibility = 0.03 s
[ 2939/31251] TestERBCore#test_deprecated_interface_warnings = 0.14 s
[ 2940/31251] TestERBCore#test_token_extension = 0.06 s
[ 2941/31251] TestERBCore#test_version = 0.01 s
[ 2942/31251] TestERBCore#test_result_with_hash_does_not_modify_toplevel_binding = 0.06 s
[ 2943/31251] TestERBCore#test_result_with_hash_with_invalid_keys_raises_type_error = 0.02 s
[ 2944/31251] TestERBCore#test_explicit_trim_line_with_carriage_return = 0.07 s
[ 2945/31251] TestERBCore#test_url_encode = 0.02 s
[ 2946/31251] TestERBCore#test_percent_after_etag = 0.04 s
[ 2947/31251] TestERBCore#test_escape = 0.11 s
[ 2948/31251] TestERBCore#test_multi_line_comment_lineno = 0.04 s
[ 2949/31251] TestERBCore#test_keep_lineno = 0.40 s
[ 2950/31251] TestERBCore#test_def_method_with_fname = 0.05 s
[ 2951/31251] TestERBCore#test_def_erb_method = 0.08 s
[ 2952/31251] TestERBCore#test_prohibited_marshal_dump = 0.02 s
[ 2953/31251] TestERBCore#test_core = 1.33 s
[ 2954/31251] TestERBCore#test_def_method_without_filename = 0.05 s
[ 2955/31251] TestERBCore#test_invalid_trim_mode = 0.08 s
[ 2956/31251] TestERBCore#test_result_with_hash = 0.03 s
[ 2957/31251] Prism::RipperTest#"test_seattlerb/dstr_evstr.txt" = 3.94 s
[ 2958/31251] Prism::RipperTest#"test_seattlerb/dot3_nil__26.txt" = 0.05 s
[ 2959/31251] Prism::RipperTest#"test_whitequark/forwarded_restarg.txt" = 0.09 s
[ 2960/31251] Prism::RipperTest#"test_whitequark/class_super_label.txt" = 0.07 s
[ 2961/31251] Prism::RipperTest#"test_whitequark/send_index.txt" = 0.05 s
[ 2962/31251] Prism::RipperTest#"test_seattlerb/heredoc_with_extra_carriage_horrible_mix.txt" = 0.04
 s
[ 2963/31251] Prism::RipperTest#"test_unparser/corpus/semantic/block.txt" = 0.29 s
[ 2964/31251] Prism::RipperTest#"test_whitequark/ruby_bug_14690.txt" = 0.09 s
[ 2965/31251] Prism::RipperTest#"test_range_end_open_exclusive.txt" = 0.04 s
[ 2966/31251] Prism::RipperTest#"test_seattlerb/case_in_else.txt" = 0.08 s
[ 2967/31251] Prism::RipperTest#"test_dsym_str.txt" = 0.04 s
[ 2968/31251] Prism::RipperTest#"test_next.txt" = 0.53 s
[ 2969/31251] Prism::RipperTest#"test_whitequark/op_asgn_index_cmd.txt" = 0.08 s
[ 2970/31251] Prism::RipperTest#"test_whitequark/bug_cmd_string_lookahead.txt" = 0.06 s
[ 2971/31251] Prism::RipperTest#"test_seattlerb/call_not.txt" = 0.04 s
[ 2972/31251] Prism::RipperTest#"test_seattlerb/call_trailing_comma.txt" = 0.05 s
[ 2973/31251] Prism::RipperTest#"test_dstring.txt" = 0.16 s
[ 2974/31251] Prism::RipperTest#"test_whitequark/send_op_asgn_conditional.txt" = 0.06 s
[ 2975/31251] Prism::RipperTest#"test_seattlerb/integer_with_if_modifier.txt" = 0.04 s
[ 2976/31251] Prism::RipperTest#"test_unparser/corpus/literal/since/30.txt" = 0.11 s
[ 2977/31251] Prism::RipperTest#"test_seattlerb/block_decomp_anon_splat_arg.txt" = 0.07 s
[ 2978/31251] Prism::RipperTest#"test_unless.txt" = 0.22 s
[ 2979/31251] Prism::RipperTest#"test_seattlerb/regexp_esc_C_slash.txt" = 0.05 s
[ 2980/31251] Prism::RipperTest#"test_whitequark/hash_empty.txt" = 0.03 s
[ 2981/31251] Prism::RipperTest#"test_seattlerb/call_env.txt" = 0.05 s
[ 2982/31251] Prism::RipperTest#"test_seattlerb/defn_oneliner_noargs_parentheses.txt" = 0.05 s
[ 2983/31251] Prism::RipperTest#"test_seattlerb/masgn_anon_splat_arg.txt" = 0.05 s
[ 2984/31251] Prism::RipperTest#"test_seattlerb/masgn_splat_arg.txt" = 0.05 s
[ 2985/31251] Prism::RipperTest#"test_heredoc_with_trailing_newline.txt" = 0.03 s
[ 2986/31251] Prism::RipperTest#"test_whitequark/parser_bug_507.txt" = 0.07 s
[ 2987/31251] Prism::RipperTest#"test_seattlerb/begin_ensure_no_bodies.txt" = 0.04 s
[ 2988/31251] Prism::RipperTest#"test_seattlerb/defn_oneliner.txt" = 0.07 s
[ 2989/31251] Prism::RipperTest#"test_seattlerb/parse_line_dot2_open.txt" = 0.06 s
[ 2990/31251] Prism::RipperTest#"test_whitequark/var_or_asgn.txt" = 0.04 s
[ 2991/31251] Prism::RipperTest#"test_seattlerb/bug_args_masgn_outer_parens__19.txt" = 0.08 s
[ 2992/31251] Prism::RipperTest#"test_unparser/corpus/literal/send.txt" = 2.56 s
[ 2993/31251] Prism::RipperTest#"test_seattlerb/in_expr_no_case.txt" = 0.04 s
[ 2994/31251] Prism::RipperTest#"test_seattlerb/difficult7_.txt" = 0.10 s
[ 2995/31251] Prism::RipperTest#"test_seattlerb/rhs_asgn.txt" = 0.04 s
[ 2996/31251] Prism::RipperTest#"test_seattlerb/method_call_trailing_comma.txt" = 0.05 s
[ 2997/31251] Prism::RipperTest#"test_newline_terminated.txt" = 0.25 s
[ 2998/31251] Prism::RipperTest#"test_seattlerb/difficult3__9.txt" = 0.07 s
[ 2999/31251] Prism::RipperTest#"test_seattlerb/safe_call_newline.txt" = 0.05 s
[ 3000/31251] Prism::RipperTest#"test_whitequark/optarg.txt" = 0.10 s
[ 3001/31251] Prism::RipperTest#"test_whitequark/sclass.txt" = 0.05 s
[ 3002/31251] Prism::RipperTest#"test_seattlerb/parse_line_call_no_args.txt" = 0.07 s
[ 3003/31251] Prism::RipperTest#"test_seattlerb/defn_kwarg_lvar.txt" = 0.07 s
[ 3004/31251] Prism::RipperTest#"test_seattlerb/case_in_find.txt" = 0.07 s
[ 3005/31251] Prism::RipperTest#"test_seattlerb/qwords_empty.txt" = 0.04 s
[ 3006/31251] Prism::RipperTest#"test_whitequark/cvar.txt" = 0.04 s
[ 3007/31251] Prism::RipperTest#"test_seattlerb/bug_215.txt" = 0.04 s
[ 3008/31251] Prism::RipperTest#"test_whitequark/send_index_asgn.txt" = 0.06 s
[ 3009/31251] Prism::RipperTest#"test_seattlerb/parse_if_not_canonical.txt" = 0.08 s
[ 3010/31251] Prism::RipperTest#"test_ternary_operator.txt" = 0.23 s
[ 3011/31251] Prism::RipperTest#"test_seattlerb/qWords_space.txt" = 0.04 s
[ 3012/31251] Prism::RipperTest#"test_boolean_operators.txt" = 0.08 s
[ 3013/31251] Prism::RipperTest#"test_seattlerb/block_arg_opt_arg_block.txt" = 0.08 s
[ 3014/31251] Prism::RipperTest#"test_whitequark/string_concat.txt" = 0.06 s
[ 3015/31251] Prism::RipperTest#"test_nils.txt" = 0.08 s
[ 3016/31251] Prism::RipperTest#"test_whitequark/masgn_nested.txt" = 0.10 s
[ 3017/31251] Prism::RipperTest#"test_seattlerb/masgn_arg_colon_arg.txt" = 0.06 s
[ 3018/31251] Prism::RipperTest#"test_seattlerb/defn_oneliner_eq2.txt" = 0.07 s
[ 3019/31251] Prism::RipperTest#"test_seattlerb/parse_if_not_noncanonical.txt" = 0.07 s
[ 3020/31251] Prism::RipperTest#"test_seattlerb/f_kw__required.txt" = 0.05 s
[ 3021/31251] Prism::RipperTest#"test_seattlerb/bug_cond_pct.txt" = 0.05 s
[ 3022/31251] Prism::RipperTest#"test_whitequark/bang_cmd.txt" = 0.05 s
[ 3023/31251] Prism::RipperTest#"test_seattlerb/rescue_do_end_ensure_result.txt" = 0.08 s
[ 3024/31251] Prism::RipperTest#"test_seattlerb/case_in_86.txt" = 0.08 s
[ 3025/31251] Prism::RipperTest#"test_seattlerb/dstr_lex_state.txt" = 0.07 s
[ 3026/31251] Prism::RipperTest#"test_whitequark/super.txt" = 0.08 s
[ 3027/31251] Prism::RipperTest#"test_seattlerb/cond_unary_minus.txt" = 0.05 s
[ 3028/31251] Prism::RipperTest#"test_whitequark/not_masgn__24.txt" = 0.06 s
[ 3029/31251] Prism::RipperTest#"test_whitequark/hash_label.txt" = 0.04 s
[ 3030/31251] Prism::RipperTest#"test_seattlerb/heredoc_squiggly_empty.txt" = 0.04 s
[ 3031/31251] Prism::RipperTest#"test_seattlerb/block_splat_reg.txt" = 0.06 s
[ 3032/31251] Prism::RipperTest#"test_seattlerb/qw_escape_term.txt" = 0.04 s
[ 3033/31251] Prism::RipperTest#"test_seattlerb/iter_kwarg.txt" = 0.06 s
[ 3034/31251] Prism::RipperTest#"test_seattlerb/thingy.txt" = 0.08 s
[ 3035/31251] Prism::RipperTest#"test_seattlerb/masgn_arg_splat_arg.txt" = 0.06 s
[ 3036/31251] Prism::RipperTest#"test_seattlerb/parse_while_not_noncanonical.txt" = 0.07 s
[ 3037/31251] Prism::RipperTest#"test_seattlerb/pipe_space.txt" = 0.06 s
[ 3038/31251] Prism::RipperTest#"test_strings.txt" = 1.10 s
[ 3039/31251] Prism::RipperTest#"test_seattlerb/bug_249.txt" = 0.13 s
[ 3040/31251] Prism::RipperTest#"test_seattlerb/dot2_nil__26.txt" = 0.04 s
[ 3041/31251] Prism::RipperTest#"test_seattlerb/defn_kwarg_kwsplat_anon.txt" = 0.06 s
[ 3042/31251] Prism::RipperTest#"test_global_variables.txt" = 0.54 s
[ 3043/31251] Prism::RipperTest#"test_whitequark/space_args_block.txt" = 0.06 s
[ 3044/31251] Prism::RipperTest#"test_seattlerb/parse_line_defn_complex.txt" = 0.11 s
[ 3045/31251] Prism::RipperTest#"test_seattlerb/iter_args_7_2.txt" = 0.08 s
[ 3046/31251] Prism::RipperTest#"test_seattlerb/safe_calls.txt" = 0.07 s
[ 3047/31251] Prism::RipperTest#"test_seattlerb/call_assoc_new.txt" = 0.06 s
[ 3048/31251] Prism::RipperTest#"test_whitequark/space_args_arg_block.txt" = 0.16 s
[ 3049/31251] Prism::RipperTest#"test_whitequark/send_index_legacy.txt" = 0.05 s
[ 3050/31251] Prism::RipperTest#"test_seattlerb/block_call_defn_call_block_call.txt" = 0.10 s
[ 3051/31251] Prism::RipperTest#"test_seattlerb/mlhs_front_anonsplat.txt" = 0.08 s
[ 3052/31251] Prism::RipperTest#"test_whitequark/bug_lambda_leakage.txt" = 0.06 s
[ 3053/31251] Prism::RipperTest#"test_seattlerb/const_op_asgn_and1.txt" = 0.05 s
[ 3054/31251] Prism::RipperTest#"test_seattlerb/parse_line_str_with_newline_escape.txt" = 0.06 s
[ 3055/31251] Prism::RipperTest#"test_whitequark/ruby_bug_11107.txt" = 0.08 s
[ 3056/31251] Prism::RipperTest#"test_whitequark/args_args_assocs.txt" = 0.12 s
[ 3057/31251] Prism::RipperTest#"test_seattlerb/defn_arg_asplat_arg.txt" = 0.06 s
[ 3058/31251] Prism::RipperTest#"test_seattlerb/defn_kwarg_env.txt" = 0.08 s
[ 3059/31251] Prism::RipperTest#"test_methods.txt" = 3.65 s
[ 3060/31251] Prism::RipperTest#"test_seattlerb/defs_oneliner_rescue.txt" = 0.35 s
[ 3061/31251] Prism::RipperTest#"test_whitequark/hash_hashrocket.txt" = 0.08 s
[ 3062/31251] Prism::RipperTest#"test_unparser/corpus/literal/kwbegin.txt" = 0.76 s
[ 3063/31251] Prism::RipperTest#"test_xstring_with_backslash.txt" = 0.04 s
[ 3064/31251] Prism::RipperTest#"test_until.txt" = 0.21 s
[ 3065/31251] Prism::RipperTest#"test_seattlerb/index_0_opasgn.txt" = 0.05 s
[ 3066/31251] Prism::RipperTest#"test_whitequark/forwarded_argument_with_restarg.txt" = 0.08 s
[ 3067/31251] Prism::RipperTest#"test_seattlerb/block_args_opt1.txt" = 0.08 s
[ 3068/31251] Prism::RipperTest#"test_seattlerb/block_kwarg_lvar.txt" = 0.07 s
[ 3069/31251] Prism::RipperTest#"test_lambda.txt" = 0.42 s
[ 3070/31251] Prism::RipperTest#"test_seattlerb/iter_args_4.txt" = 0.06 s
[ 3071/31251] Prism::RipperTest#"test_whitequark/true.txt" = 0.03 s
[ 3072/31251] Prism::RipperTest#"test_seattlerb/qw_escape.txt" = 0.04 s
[ 3073/31251] Prism::RipperTest#"test_seattlerb/op_asgn_primary_colon_const_command_call.txt" = 0.07
 s
[ 3074/31251] Prism::RipperTest#"test_seattlerb/masgn_splat_arg_arg.txt" = 0.06 s
[ 3075/31251] Prism::RipperTest#"test_whitequark/send_plain_cmd.txt" = 0.20 s
[ 3076/31251] Prism::RipperTest#"test_whitequark/keyword_argument_omission.txt" = 0.06 s
[ 3077/31251] Prism::RipperTest#"test_whitequark/symbol_plain.txt" = 0.05 s
[ 3078/31251] Prism::RipperTest#"test_whitequark/when_then.txt" = 0.06 s
[ 3079/31251] Prism::RipperTest#"test_seattlerb/unary_plus_on_literal.txt" = 0.04 s
[ 3080/31251] Prism::RipperTest#"test_whitequark/rescue_mod_masgn.txt" = 0.07 s
[ 3081/31251] Prism::RipperTest#"test_seattlerb/call_array_lit_inline_hash.txt" = 0.08 s
[ 3082/31251] Prism::RipperTest#"test_seattlerb/str_newline_hash_line_number.txt" = 0.04 s
[ 3083/31251] Prism::RipperTest#"test_seattlerb/difficult3_3.txt" = 0.14 s
[ 3084/31251] Prism::RipperTest#"test_whitequark/bang.txt" = 0.04 s
[ 3085/31251] Prism::RipperTest#"test_seattlerb/defn_forward_args__no_parens.txt" = 0.06 s
[ 3086/31251] Prism::RipperTest#"test_heredocs_with_ignored_newlines_and_non_empty.txt" = 0.04 s
[ 3087/31251] Prism::RipperTest#"test_whitequark/pattern_matching_single_line_allowed_omission_of_pa
rentheses.txt" = 0.28 s
[ 3088/31251] Prism::RipperTest#"test_whitequark/__ENCODING__.txt" = 0.03 s
[ 3089/31251] Prism::RipperTest#"test_whitequark/if.txt" = 0.07 s
[ 3090/31251] Prism::RipperTest#"test_whitequark/unless_else.txt" = 0.09 s
[ 3091/31251] Prism::RipperTest#"test_seattlerb/defn_kwarg_kwarg.txt" = 0.06 s
[ 3092/31251] Prism::RipperTest#"test_integer_operations.txt" = 0.60 s
[ 3093/31251] Prism::RipperTest#"test_seattlerb/block_call_dot_op2_cmd_args_do_block.txt" = 0.19 s
[ 3094/31251] Prism::RipperTest#"test_whitequark/and_asgn.txt" = 0.09 s
[ 3095/31251] Prism::RipperTest#"test_seattlerb/block_arg_kwsplat.txt" = 0.06 s
[ 3096/31251] Prism::RipperTest#"test_seattlerb/case_in_array_pat_const2.txt" = 0.07 s
[ 3097/31251] Prism::RipperTest#"test_whitequark/when_multi.txt" = 0.07 s
[ 3098/31251] Prism::RipperTest#"test_whitequark/for.txt" = 0.11 s
[ 3099/31251] Prism::RipperTest#"test_seattlerb/str_backslashes.txt" = 0.05 s
[ 3100/31251] Prism::RipperTest#"test_seattlerb/parse_until_not_noncanonical.txt" = 0.06 s
[ 3101/31251] Prism::RipperTest#"test_seattlerb/parse_line_multiline_str_literal_n.txt" = 0.04 s
[ 3102/31251] Prism::RipperTest#"test_seattlerb/rescue_do_end_no_raise.txt" = 0.10 s
[ 3103/31251] Prism::RipperTest#"test_whitequark/send_index_cmd.txt" = 0.06 s
[ 3104/31251] Prism::RipperTest#"test_seattlerb/attrasgn_array_lhs.txt" = 0.11 s
[ 3105/31251] Prism::RipperTest#"test_whitequark/lparenarg_after_lvar__since_25.txt" = 0.11 s
[ 3106/31251] Prism::RipperTest#"test_seattlerb/dsym_to_sym.txt" = 0.06 s
[ 3107/31251] Prism::RipperTest#"test_arrays.txt" = 2.47 s
[ 3108/31251] Prism::RipperTest#"test_seattlerb/op_asgn_primary_colon_identifier1.txt" = 0.06 s
[ 3109/31251] Prism::RipperTest#"test_seattlerb/str_double_escaped_newline.txt" = 0.06 s
[ 3110/31251] Prism::RipperTest#"test_seattlerb/call_stabby_do_end_with_block.txt" = 0.07 s
[ 3111/31251] Prism::RipperTest#"test_whitequark/bug_do_block_in_call_args.txt" = 0.08 s
[ 3112/31251] Prism::RipperTest#"test_seattlerb/begin_rescue_else_ensure_no_bodies.txt" = 0.05 s
[ 3113/31251] Prism::RipperTest#"test_whitequark/cond_begin.txt" = 0.05 s
[ 3114/31251] Prism::RipperTest#"test_unparser/corpus/literal/hookexe.txt" = 0.06 s
[ 3115/31251] Prism::RipperTest#"test_seattlerb/parse_line_rescue.txt" = 0.07 s
[ 3116/31251] Prism::RipperTest#"test_whitequark/array_words.txt" = 0.05 s
[ 3117/31251] Prism::RipperTest#"test_seattlerb/BEGIN.txt" = 0.04 s
[ 3118/31251] Prism::RipperTest#"test_seattlerb/mlhs_keyword.txt" = 0.06 s
[ 3119/31251] Prism::RipperTest#"test_seattlerb/heredoc_trailing_slash_continued_call.txt" = 0.05 s
[ 3120/31251] Prism::RipperTest#"test_whitequark/rescue_mod_asgn.txt" = 0.05 s
[ 3121/31251] Prism::RipperTest#"test_whitequark/arg_duplicate_ignored.txt" = 0.08 s
[ 3122/31251] Prism::RipperTest#"test_seattlerb/defs_kwarg.txt" = 0.05 s
[ 3123/31251] Prism::RipperTest#"test_seattlerb/difficult3__12.txt" = 0.07 s
[ 3124/31251] Prism::RipperTest#"test_whitequark/args_args_assocs_comma.txt" = 0.06 s
[ 3125/31251] Prism::RipperTest#"test_seattlerb/bug_not_parens.txt" = 0.04 s
[ 3126/31251] Prism::RipperTest#"test_seattlerb/block_decomp_arg_splat_arg.txt" = 0.07 s
[ 3127/31251] Prism::RipperTest#"test_seattlerb/parse_pattern_076.txt" = 0.08 s
[ 3128/31251] Prism::RipperTest#"test_heredoc_with_carriage_returns.txt" = 0.03 s
[ 3129/31251] Prism::RipperTest#"test_seattlerb/uminus_float.txt" = 0.04 s
[ 3130/31251] Prism::RipperTest#"test_whitequark/regex_interp.txt" = 0.07 s
[ 3131/31251] Prism::RipperTest#"test_whitequark/if_masgn__24.txt" = 0.06 s
[ 3132/31251] Prism::RipperTest#"test_seattlerb/pipe_semicolon.txt" = 0.06 s
[ 3133/31251] Prism::RipperTest#"test_seattlerb/difficult6__7.txt" = 0.07 s
[ 3134/31251] Prism::RipperTest#"test_seattlerb/eq_begin_line_numbers.txt" = 0.05 s
[ 3135/31251] Prism::RipperTest#"test_seattlerb/defn_kwarg_val.txt" = 0.06 s
[ 3136/31251] Prism::RipperTest#"test_unparser/corpus/literal/range.txt" = 0.08 s
[ 3137/31251] Prism::RipperTest#"test_seattlerb/rescue_do_end_rescued.txt" = 0.10 s
[ 3138/31251] Prism::RipperTest#"test_seattlerb/call_div.txt" = 0.04 s
[ 3139/31251] Prism::RipperTest#"test_unparser/corpus/literal/dstr.txt" = 0.52 s
[ 3140/31251] Prism::RipperTest#"test_whitequark/arg_label.txt" = 0.15 s
[ 3141/31251] Prism::RipperTest#"test_seattlerb/case_in_array_pat_paren_assign.txt" = 0.07 s
[ 3142/31251] Prism::RipperTest#"test_dash_heredocs.txt" = 0.38 s
[ 3143/31251] Prism::RipperTest#"test_seattlerb/bug169.txt" = 0.05 s
[ 3144/31251] Prism::RipperTest#"test_whitequark/send_attr_asgn.txt" = 0.12 s
[ 3145/31251] Prism::RipperTest#"test_whitequark/casgn_scoped.txt" = 0.04 s
[ 3146/31251] Prism::RipperTest#"test_unparser/corpus/literal/undef.txt" = 0.05 s
[ 3147/31251] Prism::RipperTest#"test_whitequark/defined.txt" = 0.06 s
[ 3148/31251] Prism::RipperTest#"test_unparser/corpus/literal/empty_begin.txt" = 0.03 s
[ 3149/31251] Prism::RipperTest#"test_whitequark/rescue_without_begin_end.txt" = 0.07 s
[ 3150/31251] Prism::RipperTest#"test_whitequark/send_lambda_args_shadow.txt" = 0.05 s
[ 3151/31251] Prism::RipperTest#"test_whitequark/if_nl_then.txt" = 0.05 s
[ 3152/31251] Prism::RipperTest#"test_seattlerb/unary_plus.txt" = 0.04 s
[ 3153/31251] Prism::RipperTest#"test_xstring.txt" = 0.10 s
[ 3154/31251] Prism::RipperTest#"test_seattlerb/difficult1_line_numbers.txt" = 9.63 s
[ 3155/31251] Prism::RipperTest#"test_whitequark/ruby_bug_11380.txt" = 0.09 s
[ 3156/31251] Prism::RipperTest#"test_seattlerb/iter_args_9_2.txt" = 0.07 s
[ 3157/31251] Prism::RipperTest#"test_seattlerb/call_unary_bang.txt" = 0.03 s
[ 3158/31251] Prism::RipperTest#"test_whitequark/zsuper.txt" = 0.03 s
[ 3159/31251] Prism::RipperTest#"test_whitequark/trailing_forward_arg.txt" = 0.09 s
[ 3160/31251] Prism::RipperTest#"test_seattlerb/parse_def_special_name.txt" = 0.04 s
[ 3161/31251] Prism::RipperTest#"test_whitequark/bug_cmdarg.txt" = 1.05 s
[ 3162/31251] Prism::RipperTest#"test_seattlerb/multiline_hash_declaration.txt" = 0.12 s
[ 3163/31251] Prism::RipperTest#"test_seattlerb/block_arg_opt_splat.txt" = 0.07 s
[ 3164/31251] Prism::RipperTest#"test_whitequark/character.txt" = 0.03 s
[ 3165/31251] Prism::RipperTest#"test_whitequark/ambiuous_quoted_label_in_ternary_operator.txt" = 0.
06 s
[ 3166/31251] Prism::RipperTest#"test_unparser/corpus/literal/assignment.txt" = 1.86 s
[ 3167/31251] Prism::RipperTest#"test_seattlerb/call_colon_parens.txt" = 0.04 s
[ 3168/31251] Prism::RipperTest#"test_whitequark/nil_expression.txt" = 0.04 s
[ 3169/31251] Prism::RipperTest#"test_whitequark/args_star.txt" = 0.08 s
[ 3170/31251] Prism::RipperTest#"test_unparser/corpus/literal/opasgn.txt" = 0.75 s
[ 3171/31251] Prism::RipperTest#"test_seattlerb/defn_endless_command_rescue.txt" = 0.07 s
[ 3172/31251] Prism::RipperTest#"test_seattlerb/alias_resword.txt" = 0.04 s
[ 3173/31251] Prism::RipperTest#"test_whitequark/args_args_star.txt" = 0.10 s
[ 3174/31251] Prism::RipperTest#"test_symbols.txt" = 0.98 s
[ 3175/31251] Prism::RipperTest#"test_whitequark/ivar.txt" = 0.03 s
[ 3176/31251] Prism::RipperTest#"test_seattlerb/block_decomp_arg_splat.txt" = 0.06 s
[ 3177/31251] Prism::RipperTest#"test_not.txt" = 0.26 s
[ 3178/31251] Prism::RipperTest#"test_seattlerb/bug_hash_interp_array.txt" = 0.06 s
[ 3179/31251] Prism::RipperTest#"test_whitequark/xstring_plain.txt" = 0.04 s
[ 3180/31251] Prism::RipperTest#"test_seattlerb/masgn_colon3.txt" = 0.06 s
[ 3181/31251] Prism::RipperTest#"test_whitequark/bug_481.txt" = 0.10 s
[ 3182/31251] Prism::RipperTest#"test_seattlerb/iter_args_11_1.txt" = 0.08 s
[ 3183/31251] Prism::RipperTest#"test_whitequark/non_lvar_injecting_match.txt" = 0.06 s
[ 3184/31251] Prism::RipperTest#"test_seattlerb/difficult2_.txt" = 0.09 s
[ 3185/31251] Prism::RipperTest#"test_repeat_parameters.txt" = 0.70 s
[ 3186/31251] Prism::RipperTest#"test_unparser/corpus/literal/class.txt" = 0.32 s
[ 3187/31251] Prism::RipperTest#"test_whitequark/rescue.txt" = 0.06 s
[ 3188/31251] Prism::RipperTest#"test_whitequark/array_words_interp.txt" = 0.18 s
[ 3189/31251] Prism::RipperTest#"test_whitequark/casgn_toplevel.txt" = 0.04 s
[ 3190/31251] Prism::RipperTest#"test_whitequark/ruby_bug_15789.txt" = 0.17 s
[ 3191/31251] Prism::RipperTest#"test_whitequark/dedenting_interpolating_heredoc_fake_line_continuat
ion.txt" = 0.06 s
[ 3192/31251] Prism::RipperTest#"test_seattlerb/call_trailing_dots.txt" = 0.05 s
[ 3193/31251] Prism::RipperTest#"test_whitequark/parser_bug_525.txt" = 0.09 s
[ 3194/31251] Prism::RipperTest#"test_whitequark/forward_args_legacy.txt" = 0.13 s
[ 3195/31251] Prism::RipperTest#"test_seattlerb/block_call_operation_dot.txt" = 0.08 s
[ 3196/31251] Prism::RipperTest#"test_seattlerb/difficult3_4.txt" = 0.05 s
[ 3197/31251] Prism::RipperTest#"test_seattlerb/parse_line_trailing_newlines.txt" = 0.04 s
[ 3198/31251] Prism::RipperTest#"test_heredoc_with_escaped_newline_at_start.txt" = 0.11 s
[ 3199/31251] Prism::RipperTest#"test_seattlerb/iter_args_11_2.txt" = 0.08 s
[ 3200/31251] Prism::RipperTest#"test_whitequark/blockargs.txt" = 1.79 s
[ 3201/31251] Prism::RipperTest#"test_whitequark/when_splat.txt" = 0.08 s
[ 3202/31251] Prism::RipperTest#"test_whitequark/restarg_named.txt" = 0.05 s
[ 3203/31251] Prism::RipperTest#"test_indented_file_end.txt" = 0.05 s
[ 3204/31251] Prism::RipperTest#"test_whitequark/if_else.txt" = 0.09 s
[ 3205/31251] Prism::RipperTest#"test_whitequark/string_plain.txt" = 0.05 s
[ 3206/31251] Prism::RipperTest#"test_seattlerb/parse_until_not_canonical.txt" = 0.06 s
[ 3207/31251] Prism::RipperTest#"test_seattlerb/masgn_star.txt" = 0.04 s
[ 3208/31251] Prism::RipperTest#"test_whitequark/lbrace_arg_after_command_args.txt" = 0.08 s
[ 3209/31251] Prism::RipperTest#"test_seattlerb/iter_args_9_1.txt" = 0.06 s
[ 3210/31251] Prism::RipperTest#"test_seattlerb/mlhs_back_splat.txt" = 0.06 s
[ 3211/31251] Prism::RipperTest#"test_whitequark/ruby_bug_11873.txt" = 1.18 s
[ 3212/31251] Prism::RipperTest#"test_whitequark/endless_method.txt" = 0.16 s
[ 3213/31251] Prism::RipperTest#"test_seattlerb/parse_pattern_019.txt" = 0.06 s
[ 3214/31251] Prism::RipperTest#"test_seattlerb/iter_args_3.txt" = 0.08 s
[ 3215/31251] Prism::RipperTest#"test_whitequark/multiple_pattern_matches.txt" = 0.14 s
[ 3216/31251] Prism::RipperTest#"test_seattlerb/str_pct_q.txt" = 0.04 s
[ 3217/31251] Prism::RipperTest#"test_seattlerb/call_gt.txt" = 0.04 s
[ 3218/31251] Prism::RipperTest#"test_seattlerb/block_scope.txt" = 0.05 s
[ 3219/31251] Prism::RipperTest#"test_whitequark/string___FILE__.txt" = 0.03 s
[ 3220/31251] Prism::RipperTest#"test_whitequark/procarg0.txt" = 0.10 s
[ 3221/31251] Prism::RipperTest#"test_seattlerb/const_op_asgn_or.txt" = 0.05 s
[ 3222/31251] Prism::RipperTest#"test_seattlerb/heredoc_bad_oct_escape.txt" = 0.04 s
[ 3223/31251] Prism::RipperTest#"test_seattlerb/defn_comments.txt" = 0.05 s
[ 3224/31251] Prism::RipperTest#"test_whitequark/if_mod.txt" = 0.04 s
[ 3225/31251] Prism::RipperTest#"test_seattlerb/parse_line_to_ary.txt" = 0.06 s
[ 3226/31251] Prism::RipperTest#"test_whitequark/bug_rescue_empty_else.txt" = 0.05 s
[ 3227/31251] Prism::RipperTest#"test_emoji_method_calls.txt" = 0.05 s
[ 3228/31251] Prism::RipperTest#"test_whitequark/parser_bug_645.txt" = 0.05 s
[ 3229/31251] Prism::RipperTest#"test_whitequark/bug_regex_verification.txt" = 0.04 s
[ 3230/31251] Prism::RipperTest#"test_classes.txt" = 0.43 s
[ 3231/31251] Prism::RipperTest#"test_whitequark/masgn_splat.txt" = 0.42 s
[ 3232/31251] Prism::RipperTest#"test_whitequark/super_block.txt" = 0.08 s
[ 3233/31251] Prism::RipperTest#"test_seattlerb/parse_line_iter_call_no_parens.txt" = 0.09 s
[ 3234/31251] Prism::RipperTest#"test_whitequark/beginless_erange_after_newline.txt" = 0.04 s
[ 3235/31251] Prism::RipperTest#"test_seattlerb/lasgn_call_bracket_rescue_arg.txt" = 0.06 s
[ 3236/31251] Prism::RipperTest#"test_whitequark/ruby_bug_10653.txt" = 0.18 s
[ 3237/31251] Prism::RipperTest#"test_seattlerb/parse_line_dstr_escaped_newline.txt" = 0.06 s
[ 3238/31251] Prism::RipperTest#"test_seattlerb/difficult3__11.txt" = 0.06 s
[ 3239/31251] Prism::RipperTest#"test_seattlerb/bdot2.txt" = 0.05 s
[ 3240/31251] Prism::RipperTest#"test_seattlerb/label_vs_string.txt" = 0.04 s
[ 3241/31251] Prism::RipperTest#"test_whitequark/space_args_arg_call.txt" = 0.06 s
[ 3242/31251] Prism::RipperTest#"test_variables.txt" = 0.68 s
[ 3243/31251] Prism::RipperTest#"test_whitequark/endless_comparison_method.txt" = 0.21 s
[ 3244/31251] Prism::RipperTest#"test_seattlerb/case_in_42.txt" = 0.06 s
[ 3245/31251] Prism::RipperTest#"test_seattlerb/case_in_37.txt" = 0.07 s
[ 3246/31251] Prism::RipperTest#"test_seattlerb/parse_line_defn_no_parens_args.txt" = 0.05 s
[ 3247/31251] Prism::RipperTest#"test_whitequark/ternary.txt" = 0.04 s
[ 3248/31251] Prism::RipperTest#"test_seattlerb/words_interp.txt" = 0.05 s
[ 3249/31251] Prism::RipperTest#"test_seattlerb/call_bang_command_call.txt" = 0.06 s
[ 3250/31251] Prism::RipperTest#"test_whitequark/gvasgn.txt" = 0.04 s
[ 3251/31251] Prism::RipperTest#"test_seattlerb/symbols_interp.txt" = 0.05 s
[ 3252/31251] Prism::RipperTest#"test_seattlerb/assoc_label.txt" = 0.05 s
[ 3253/31251] Prism::RipperTest#"test_seattlerb/bug191.txt" = 0.07 s
[ 3254/31251] Prism::RipperTest#"test_seattlerb/defn_reg_opt_reg.txt" = 0.06 s
[ 3255/31251] Prism::RipperTest#"test_seattlerb/const_2_op_asgn_or2.txt" = 0.05 s
[ 3256/31251] Prism::RipperTest#"test_unparser/corpus/literal/rescue.txt" = 0.10 s
[ 3257/31251] Prism::RipperTest#"test_whitequark/while.txt" = 0.07 s
[ 3258/31251] Prism::RipperTest#"test_whitequark/kwnilarg.txt" = 0.10 s
[ 3259/31251] Prism::RipperTest#"test_seattlerb/call_arg_assoc.txt" = 0.06 s
[ 3260/31251] Prism::RipperTest#"test_whitequark/case_expr_else.txt" = 0.07 s
[ 3261/31251] Prism::RipperTest#"test_seattlerb/call_and.txt" = 0.04 s
[ 3262/31251] Prism::RipperTest#"test_seattlerb/block_paren_splat.txt" = 0.06 s
[ 3263/31251] Prism::RipperTest#"test_whitequark/self.txt" = 0.03 s
[ 3264/31251] Prism::RipperTest#"test_whitequark/and_or_masgn.txt" = 0.10 s
[ 3265/31251] Prism::RipperTest#"test_whitequark/postexe.txt" = 0.04 s
[ 3266/31251] Prism::RipperTest#"test_seattlerb/defn_opt_reg.txt" = 0.06 s
[ 3267/31251] Prism::RipperTest#"test_seattlerb/heredoc_with_only_carriage_returns.txt" = 0.09 s
[ 3268/31251] Prism::RipperTest#"test_method_calls.txt" = 3.65 s
[ 3269/31251] Prism::RipperTest#"test_seattlerb/call_colon2.txt" = 0.04 s
[ 3270/31251] Prism::RipperTest#"test_seattlerb/heredoc_squiggly_visually_blank_lines.txt" = 0.07 s
[ 3271/31251] Prism::RipperTest#"test_seattlerb/symbols.txt" = 0.05 s
[ 3272/31251] Prism::RipperTest#"test_seattlerb/parse_line_iter_call_parens.txt" = 0.08 s
[ 3273/31251] Prism::RipperTest#"test_whitequark/args_args_comma.txt" = 0.05 s
[ 3274/31251] Prism::RipperTest#"test_seattlerb/safe_op_asgn.txt" = 0.06 s
[ 3275/31251] Prism::RipperTest#"test_rescue_modifier.txt" = 0.16 s
[ 3276/31251] Prism::RipperTest#"test_whitequark/array_words_empty.txt" = 0.04 s
[ 3277/31251] Prism::RipperTest#"test_keywords.txt" = 0.10 s
[ 3278/31251] Prism::RipperTest#"test_whitequark/hash_label_end.txt" = 0.12 s
[ 3279/31251] Prism::RipperTest#"test_whitequark/send_self_block.txt" = 0.13 s
[ 3280/31251] Prism::RipperTest#"test_range_end_open_inclusive.txt" = 0.03 s
[ 3281/31251] Prism::RipperTest#"test_seattlerb/bug_hash_args_trailing_comma.txt" = 0.06 s
[ 3282/31251] Prism::RipperTest#"test_seattlerb/quoted_symbol_hash_arg.txt" = 0.05 s
[ 3283/31251] Prism::RipperTest#"test_seattlerb/stabby_block_kw__required.txt" = 0.05 s
[ 3284/31251] Prism::RipperTest#"test_seattlerb/difficult3__6.txt" = 0.08 s
[ 3285/31251] Prism::RipperTest#"test_whitequark/ruby_bug_12669.txt" = 0.19 s
[ 3286/31251] Prism::RipperTest#"test_whitequark/__ENCODING___legacy_.txt" = 0.03 s
[ 3287/31251] Prism::RipperTest#"test_whitequark/masgn_cmd.txt" = 0.06 s
[ 3288/31251] Prism::RipperTest#"test_defined.txt" = 0.16 s
[ 3289/31251] Prism::RipperTest#"test_whitequark/parser_bug_604.txt" = 0.07 s
[ 3290/31251] Prism::RipperTest#"test_whitequark/kwrestarg_unnamed.txt" = 0.10 s
[ 3291/31251] Prism::RipperTest#"test_seattlerb/heredoc_squiggly_blank_lines.txt" = 0.07 s
[ 3292/31251] Prism::RipperTest#"test_seattlerb/case_in_or.txt" = 0.07 s
[ 3293/31251] Prism::RipperTest#"test_seattlerb/safe_call.txt" = 0.04 s
[ 3294/31251] Prism::RipperTest#"test_whitequark/unless_mod.txt" = 0.04 s
[ 3295/31251] Prism::RipperTest#"test_whitequark/forward_arg_with_open_args.txt" = 0.51 s
[ 3296/31251] Prism::RipperTest#"test_whitequark/send_index_asgn_legacy.txt" = 0.05 s
[ 3297/31251] Prism::RipperTest#"test_heredocs_leading_whitespace.txt" = 0.12 s
[ 3298/31251] Prism::RipperTest#"test_seattlerb/rescue_do_end_raised.txt" = 0.07 s
[ 3299/31251] Prism::RipperTest#"test_seattlerb/begin_rescue_ensure_no_bodies.txt" = 0.04 s
[ 3300/31251] Prism::RipperTest#"test_whitequark/back_ref.txt" = 0.03 s
[ 3301/31251] Prism::RipperTest#"test_seattlerb/case_in_hash_pat.txt" = 0.09 s
[ 3302/31251] Prism::RipperTest#"test_unescaping.txt" = 0.10 s
[ 3303/31251] Prism::RipperTest#"test_whitequark/op_asgn_cmd.txt" = 0.26 s
[ 3304/31251] Prism::RipperTest#"test_seattlerb/difficult4__leading_dots2.txt" = 0.04 s
[ 3305/31251] Prism::RipperTest#"test_seattlerb/call_args_assoc_trailing_comma.txt" = 0.06 s
[ 3306/31251] Prism::RipperTest#"test_embdoc_no_newline_at_end.txt" = 0.03 s
[ 3307/31251] Prism::RipperTest#"test_whitequark/args_block_pass.txt" = 0.05 s
[ 3308/31251] Prism::RipperTest#"test_whitequark/bug_heredoc_do.txt" = 0.06 s
[ 3309/31251] Prism::RipperTest#"test_seattlerb/lambda_do_vs_brace.txt" = 0.16 s
[ 3310/31251] Prism::RipperTest#"test_single_quote_heredocs.txt" = 0.04 s
[ 3311/31251] Prism::RipperTest#"test_seattlerb/bug_call_arglist_parens.txt" = 0.22 s
[ 3312/31251] Prism::RipperTest#"test_seattlerb/block_args_opt2.txt" = 0.07 s
[ 3313/31251] Prism::RipperTest#"test_seattlerb/case_in_67.txt" = 0.05 s
[ 3314/31251] Prism::RipperTest#"test_whitequark/send_binary_op.txt" = 0.41 s
[ 3315/31251] Prism::RipperTest#"test_whitequark/ruby_bug_12073.txt" = 0.14 s
[ 3316/31251] Prism::RipperTest#"test_single_method_call_with_bang.txt" = 0.04 s
[ 3317/31251] Prism::RipperTest#"test_seattlerb/iter_args_7_1.txt" = 0.07 s
[ 3318/31251] Prism::RipperTest#"test_seattlerb/case_in_hash_pat_paren_true.txt" = 0.07 s
[ 3319/31251] Prism::RipperTest#"test_seattlerb/difficult6__8.txt" = 0.07 s
[ 3320/31251] Prism::RipperTest#"test_seattlerb/heredoc_with_extra_carriage_returns.txt" = 0.04 s
[ 3321/31251] Prism::RipperTest#"test_whitequark/ruby_bug_9669.txt" = 0.08 s
[ 3322/31251] Prism::RipperTest#"test_whitequark/array_symbols_interp.txt" = 0.09 s
[ 3323/31251] Prism::RipperTest#"test_whitequark/case_cond.txt" = 0.05 s
[ 3324/31251] Prism::RipperTest#"test_whitequark/alias.txt" = 0.04 s
[ 3325/31251] Prism::RipperTest#"test_whitequark/asgn_cmd.txt" = 0.08 s
[ 3326/31251] Prism::RipperTest#"test_whitequark/array_splat.txt" = 0.10 s
[ 3327/31251] Prism::RipperTest#"test_whitequark/begin_cmdarg.txt" = 0.08 s
[ 3328/31251] Prism::RipperTest#"test_whitequark/pattern_matching_else.txt" = 0.06 s
[ 3329/31251] Prism::RipperTest#"test_seattlerb/const_op_asgn_and2.txt" = 0.04 s
[ 3330/31251] Prism::RipperTest#"test_seattlerb/regexp_esc_u.txt" = 0.04 s
[ 3331/31251] Prism::RipperTest#"test_seattlerb/case_in_find_array.txt" = 0.07 s
[ 3332/31251] Prism::RipperTest#"test_whitequark/cond_begin_masgn.txt" = 0.07 s
[ 3333/31251] Prism::RipperTest#"test_whitequark/pattern_matching_single_line.txt" = 0.07 s
[ 3334/31251] Prism::RipperTest#"test_seattlerb/op_asgn_dot_ident_command_call.txt" = 0.06 s
[ 3335/31251] Prism::RipperTest#"test_whitequark/rational.txt" = 0.04 s
[ 3336/31251] Prism::RipperTest#"test_seattlerb/str_single_double_escaped_newline.txt" = 0.06 s
[ 3337/31251] Prism::RipperTest#"test_seattlerb/call_kwsplat.txt" = 0.05 s
[ 3338/31251] Prism::RipperTest#"test_seattlerb/masgn_arg_ident.txt" = 0.06 s
[ 3339/31251] Prism::RipperTest#"test_yield.txt" = 0.16 s
[ 3340/31251] Prism::RipperTest#"test_heredoc_with_comment.txt" = 0.05 s
[ 3341/31251] Prism::RipperTest#"test_whitequark/space_args_arg.txt" = 0.05 s
[ 3342/31251] Prism::RipperTest#"test_seattlerb/if_elsif.txt" = 0.05 s
[ 3343/31251] Prism::RipperTest#"test_hashes.txt" = 0.36 s
[ 3344/31251] Prism::RipperTest#"test_seattlerb/call_stabby_with_braces_block.txt" = 0.07 s
[ 3345/31251] Prism::RipperTest#"test_seattlerb/call_leading_dots.txt" = 0.05 s
[ 3346/31251] Prism::RipperTest#"test_seattlerb/defs_endless_command_rescue.txt" = 0.07 s
[ 3347/31251] Prism::RipperTest#"test_seattlerb/dsym_esc_to_sym.txt" = 0.03 s
[ 3348/31251] Prism::RipperTest#"test_whitequark/ruby_bug_11989.txt" = 0.06 s
[ 3349/31251] Prism::RipperTest#"test_whitequark/not_cmd.txt" = 0.05 s
[ 3350/31251] Prism::RipperTest#"test_whitequark/masgn_attr.txt" = 0.13 s
[ 3351/31251] Prism::RipperTest#"test_seattlerb/defn_kwarg_no_parens.txt" = 0.05 s
[ 3352/31251] Prism::RipperTest#"test_seattlerb/lasgn_env.txt" = 0.04 s
[ 3353/31251] Prism::RipperTest#"test_whitequark/send_lambda_args_noparen.txt" = 0.07 s
[ 3354/31251] Prism::RipperTest#"test_whitequark/forwarded_kwrestarg_with_additional_kwarg.txt" = 0.
08 s
[ 3355/31251] Prism::RipperTest#"test_seattlerb/parse_line_return.txt" = 0.07 s
[ 3356/31251] Prism::RipperTest#"test_unparser/corpus/literal/pragma.txt" = 0.05 s
[ 3357/31251] Prism::RipperTest#"test_seattlerb/regexp_escape_extended.txt" = 0.04 s
[ 3358/31251] Prism::RipperTest#"test_whitequark/bug_do_block_in_hash_brace.txt" = 0.50 s
[ 3359/31251] Prism::RipperTest#"test_seattlerb/masgn_lhs_splat.txt" = 0.06 s
[ 3360/31251] Prism::RipperTest#"test_whitequark/rescue_else_ensure.txt" = 0.08 s
[ 3361/31251] Prism::RipperTest#"test_undef.txt" = 0.17 s
[ 3362/31251] Prism::RipperTest#"test_whitequark/var_op_asgn_cmd.txt" = 0.05 s
[ 3363/31251] Prism::RipperTest#"test_unparser/corpus/semantic/literal.txt" = 0.22 s
[ 3364/31251] Prism::RipperTest#"test_seattlerb/parse_line_dot3.txt" = 0.07 s
[ 3365/31251] Prism::RipperTest#"test_whitequark/asgn_mrhs.txt" = 0.10 s
[ 3366/31251] Prism::RipperTest#"test_seattlerb/defn_kwarg_kwsplat.txt" = 0.06 s
[ 3367/31251] Prism::RipperTest#"test_whitequark/anonymous_blockarg.txt" = 0.07 s
[ 3368/31251] Prism::RipperTest#"test_seattlerb/bug202.txt" = 0.05 s
[ 3369/31251] Prism::RipperTest#"test_seattlerb/bug_masgn_right.txt" = 0.07 s
[ 3370/31251] Prism::RipperTest#"test_seattlerb/mlhs_back_anonsplat.txt" = 0.06 s
[ 3371/31251] Prism::RipperTest#"test_seattlerb/block_args_no_kwargs.txt" = 0.05 s
[ 3372/31251] Prism::RipperTest#"test_whitequark/array_symbols_empty.txt" = 0.05 s
[ 3373/31251] Prism::RipperTest#"test_booleans.txt" = 0.04 s
[ 3374/31251] Prism::RipperTest#"test_whitequark/case_cond_else.txt" = 0.07 s
[ 3375/31251] Prism::RipperTest#"test_seattlerb/str_str_str.txt" = 0.06 s
[ 3376/31251] Prism::RipperTest#"test_whitequark/while_post.txt" = 0.05 s
[ 3377/31251] Prism::RipperTest#"test_seattlerb/heredoc_with_carriage_return_escapes.txt" = 0.04 s
[ 3378/31251] Prism::RipperTest#"test_whitequark/cond_iflipflop_with_beginless_range.txt" = 0.04 s
[ 3379/31251] Prism::RipperTest#"test_seattlerb/safe_call_dot_parens.txt" = 0.05 s
[ 3380/31251] Prism::RipperTest#"test_seattlerb/safe_attrasgn_constant.txt" = 0.05 s
[ 3381/31251] Prism::RipperTest#"test_unparser/corpus/semantic/while.txt" = 0.31 s
[ 3382/31251] Prism::RipperTest#"test_seattlerb/mlhs_mid_splat.txt" = 0.09 s
[ 3383/31251] Prism::RipperTest#"test_seattlerb/symbol_list.txt" = 0.07 s
[ 3384/31251] Prism::RipperTest#"test_whitequark/parser_bug_830.txt" = 0.04 s
[ 3385/31251] Prism::RipperTest#"test_seattlerb/parse_line_postexe.txt" = 0.04 s
[ 3386/31251] Prism::RipperTest#"test_keyword_method_names.txt" = 0.28 s
[ 3387/31251] Prism::RipperTest#"test_seattlerb/difficult4__leading_dots.txt" = 0.04 s
[ 3388/31251] Prism::RipperTest#"test_whitequark/symbol_interp.txt" = 0.06 s
[ 3389/31251] Prism::RipperTest#"test_seattlerb/iter_args_2__19.txt" = 0.07 s
[ 3390/31251] Prism::RipperTest#"test_whitequark/const_unscoped.txt" = 0.03 s
[ 3391/31251] Prism::RipperTest#"test_whitequark/xstring_interp.txt" = 0.06 s
[ 3392/31251] Prism::RipperTest#"test_seattlerb/bug236.txt" = 0.09 s
[ 3393/31251] Prism::RipperTest#"test_whitequark/or.txt" = 0.06 s
[ 3394/31251] Prism::RipperTest#"test_whitequark/cond_iflipflop.txt" = 0.07 s
[ 3395/31251] Prism::RipperTest#"test_unparser/corpus/literal/def.txt" = 1.42 s
[ 3396/31251] Prism::RipperTest#"test_seattlerb/symbol_empty.txt" = 0.03 s
[ 3397/31251] Prism::RipperTest#"test_seattlerb/defn_endless_command.txt" = 0.06 s
[ 3398/31251] Prism::RipperTest#"test_whitequark/ruby_bug_11990.txt" = 0.07 s
[ 3399/31251] Prism::RipperTest#"test_seattlerb/heredoc_bad_hex_escape.txt" = 0.04 s
[ 3400/31251] Prism::RipperTest#"test_seattlerb/defn_args_forward_args.txt" = 0.09 s
[ 3401/31251] Prism::RipperTest#"test_begin_rescue.txt" = 0.77 s
[ 3402/31251] Prism::RipperTest#"test_unparser/corpus/semantic/opasgn.txt" = 0.09 s
[ 3403/31251] Prism::RipperTest#"test_seattlerb/call_array_arg.txt" = 0.06 s
[ 3404/31251] Prism::RipperTest#"test_whitequark/array_plain.txt" = 0.04 s
[ 3405/31251] Prism::RipperTest#"test_seattlerb/class_comments.txt" = 0.07 s
[ 3406/31251] Prism::RipperTest#"test_whitequark/gvar.txt" = 0.03 s
[ 3407/31251] Prism::RipperTest#"test_seattlerb/block_arg_opt_splat_arg_block_omfg.txt" = 0.08 s
[ 3408/31251] Prism::RipperTest#"test_seattlerb/str_evstr_escape.txt" = 0.06 s
[ 3409/31251] Prism::RipperTest#"test_whitequark/forward_arg.txt" = 0.06 s
[ 3410/31251] Prism::RipperTest#"test_whitequark/var_op_asgn.txt" = 0.11 s
[ 3411/31251] Prism::RipperTest#"test_seattlerb/call_carat.txt" = 0.04 s
[ 3412/31251] Prism::RipperTest#"test_seattlerb/backticks_interpolation_line.txt" = 0.06 s
[ 3413/31251] Prism::RipperTest#"test_seattlerb/attrasgn_array_arg.txt" = 0.07 s
[ 3414/31251] Prism::RipperTest#"test_whitequark/return.txt" = 0.10 s
[ 3415/31251] Prism::RipperTest#"test_seattlerb/bug_op_asgn_rescue.txt" = 0.05 s
[ 3416/31251] Prism::RipperTest#"test_whitequark/space_args_cmd.txt" = 0.07 s
[ 3417/31251] Prism::RipperTest#"test_whitequark/nth_ref.txt" = 0.03 s
[ 3418/31251] Prism::RipperTest#"test_seattlerb/pct_w_heredoc_interp_nested.txt" = 0.09 s
[ 3419/31251] Prism::RipperTest#"test_seattlerb/defs_oneliner_eq2.txt" = 0.07 s
[ 3420/31251] Prism::RipperTest#"test_whitequark/bug_447.txt" = 0.10 s
[ 3421/31251] Prism::RipperTest#"test_seattlerb/symbols_empty_space.txt" = 0.03 s
[ 3422/31251] Prism::RipperTest#"test_seattlerb/defn_oneliner_noargs.txt" = 0.05 s
[ 3423/31251] Prism::RipperTest#"test_seattlerb/parse_line_heredoc.txt" = 0.07 s
[ 3424/31251] Prism::RipperTest#"test_seattlerb/f_kw.txt" = 0.05 s
[ 3425/31251] Prism::RipperTest#"test_whitequark/until.txt" = 0.07 s
[ 3426/31251] Prism::RipperTest#"test_range_begin_open_inclusive.txt" = 0.04 s
[ 3427/31251] Prism::RipperTest#"test_whitequark/const_op_asgn.txt" = 0.16 s
[ 3428/31251] Prism::RipperTest#"test_whitequark/const_toplevel.txt" = 0.03 s
[ 3429/31251] Prism::RipperTest#"test_seattlerb/defn_powarg.txt" = 0.05 s
[ 3430/31251] Prism::RipperTest#"test_seattlerb/parse_line_block_inline_multiline_comment.txt" = 0.0
5 s
[ 3431/31251] Prism::RipperTest#"test_heredocs_nested.txt" = 0.16 s
[ 3432/31251] Prism::RipperTest#"test_seattlerb/difficult3_.txt" = 0.07 s
[ 3433/31251] Prism::RipperTest#"test_seattlerb/parse_line_hash_lit.txt" = 0.05 s
[ 3434/31251] Prism::RipperTest#"test_seattlerb/call_assoc_trailing_comma.txt" = 0.05 s
[ 3435/31251] Prism::RipperTest#"test_seattlerb/super_arg.txt" = 0.04 s
[ 3436/31251] Prism::RipperTest#"test_seattlerb/defs_as_arg_with_do_block_inside.txt" = 0.09 s
[ 3437/31251] Prism::RipperTest#"test_seattlerb/parse_line_preexe.txt" = 0.04 s
[ 3438/31251] Prism::RipperTest#"test_seattlerb/defn_splat_arg.txt" = 0.05 s
[ 3439/31251] Prism::RipperTest#"test_whitequark/method_definition_in_while_cond.txt" = 0.25 s
[ 3440/31251] Prism::RipperTest#"test_seattlerb/call_begin_call_block_call.txt" = 0.07 s
[ 3441/31251] Prism::RipperTest#"test_patterns.txt" = 5.43 s
[ 3442/31251] Prism::RipperTest#"test_seattlerb/bug_hash_args.txt" = 0.07 s
[ 3443/31251] Prism::RipperTest#"test_seattlerb/block_opt_arg.txt" = 0.06 s
[ 3444/31251] Prism::RipperTest#"test_whitequark/masgn.txt" = 0.13 s
[ 3445/31251] Prism::RipperTest#"test_whitequark/bug_473.txt" = 0.06 s
[ 3446/31251] Prism::RipperTest#"test_seattlerb/safe_attrasgn.txt" = 0.05 s
[ 3447/31251] Prism::RipperTest#"test_whitequark/kwarg.txt" = 0.05 s
[ 3448/31251] Prism::RipperTest#"test_whitequark/unary_num_pow_precedence.txt" = 0.07 s
[ 3449/31251] Prism::RipperTest#"test_seattlerb/bug179.txt" = 0.05 s
[ 3450/31251] Prism::RipperTest#"test_seattlerb/mlhs_rescue.txt" = 0.06 s
[ 3451/31251] Prism::RipperTest#"test_seattlerb/case_in_hash_pat_paren_assign.txt" = 0.07 s
[ 3452/31251] Prism::RipperTest#"test_seattlerb/regexp_unicode_curlies.txt" = 0.05 s
[ 3453/31251] Prism::RipperTest#"test_super.txt" = 0.24 s
[ 3454/31251] Prism::RipperTest#"test_whitequark/send_conditional.txt" = 0.04 s
[ 3455/31251] Prism::RipperTest#"test_ranges.txt" = 0.51 s
[ 3456/31251] Prism::RipperTest#"test_rescue.txt" = 0.59 s
[ 3457/31251] Prism::RipperTest#"test_whitequark/arg.txt" = 0.08 s
[ 3458/31251] Prism::RipperTest#"test_seattlerb/bug_and.txt" = 0.05 s
[ 3459/31251] Prism::RipperTest#"test_seattlerb/iter_args_10_1.txt" = 0.07 s
[ 3460/31251] Prism::RipperTest#"test_seattlerb/difficult3__8.txt" = 0.08 s
[ 3461/31251] Prism::RipperTest#"test_seattlerb/call_star2.txt" = 0.04 s
[ 3462/31251] Prism::RipperTest#"test_seattlerb/const_3_op_asgn_or.txt" = 0.04 s
[ 3463/31251] Prism::RipperTest#"test_seattlerb/stabby_block_iter_call.txt" = 0.09 s
[ 3464/31251] Prism::RipperTest#"test_whitequark/bug_def_no_paren_eql_begin.txt" = 0.05 s
[ 3465/31251] Prism::RipperTest#"test_whitequark/cond_iflipflop_with_endless_range.txt" = 0.04 s
[ 3466/31251] Prism::RipperTest#"test_whitequark/ruby_bug_13547.txt" = 0.05 s
[ 3467/31251] Prism::RipperTest#"test_whitequark/range_exclusive.txt" = 0.04 s
[ 3468/31251] Prism::RipperTest#"test_whitequark/int___LINE__.txt" = 0.03 s
[ 3469/31251] Prism::RipperTest#"test_seattlerb/interpolated_word_array_line_breaks.txt" = 0.06 s
[ 3470/31251] Prism::RipperTest#"test_seattlerb/defs_oneliner.txt" = 0.07 s
[ 3471/31251] Prism::RipperTest#"test_seattlerb/parse_line_block_inline_comment.txt" = 0.05 s
[ 3472/31251] Prism::RipperTest#"test_procs.txt" = 0.48 s
[ 3473/31251] Prism::RipperTest#"test_whitequark/restarg_unnamed.txt" = 0.05 s
[ 3474/31251] Prism::RipperTest#"test_seattlerb/defn_opt_splat_arg.txt" = 0.06 s
[ 3475/31251] Prism::RipperTest#"test_seattlerb/parse_line_block.txt" = 0.05 s
[ 3476/31251] Prism::RipperTest#"test_unparser/corpus/literal/while.txt" = 0.81 s
[ 3477/31251] Prism::RipperTest#"test_seattlerb/qsymbols_empty_space.txt" = 0.03 s
[ 3478/31251] Prism::RipperTest#"test_seattlerb/index_0.txt" = 0.05 s
[ 3479/31251] Prism::RipperTest#"test_seattlerb/str_pct_Q_nested.txt" = 0.06 s
[ 3480/31251] Prism::RipperTest#"test_seattlerb/difficult0_.txt" = 0.08 s
[ 3481/31251] Prism::RipperTest#"test_seattlerb/case_in_array_pat_const.txt" = 0.07 s
[ 3482/31251] Prism::RipperTest#"test_whitequark/send_unary_op.txt" = 0.06 s
[ 3483/31251] Prism::RipperTest#"test_seattlerb/block_opt_splat_arg_block_omfg.txt" = 0.08 s
[ 3484/31251] Prism::RipperTest#"test_seattlerb/iter_args_8_2.txt" = 0.08 s
[ 3485/31251] Prism::RipperTest#"test_seattlerb/read_escape_unicode_curlies.txt" = 0.16 s
[ 3486/31251] Prism::RipperTest#"test_seattlerb/parse_line_call_ivar_line_break_paren.txt" = 0.05 s
[ 3487/31251] Prism::RipperTest#"test_whitequark/rescue_mod.txt" = 0.04 s
[ 3488/31251] Prism::RipperTest#"test_seattlerb/call_bang_squiggle.txt" = 0.04 s
[ 3489/31251] Prism::RipperTest#"test_endless_methods.txt" = 0.11 s
[ 3490/31251] Prism::RipperTest#"test_seattlerb/call_lt.txt" = 0.04 s
[ 3491/31251] Prism::RipperTest#"test_whitequark/pattern_matching_blank_else.txt" = 0.05 s
[ 3492/31251] Prism::RipperTest#"test_whitequark/pattern_matching__FILE__LINE_literals.txt" = 0.09 s
[ 3493/31251] Prism::RipperTest#"test_seattlerb/defn_opt_last_arg.txt" = 0.16 s
[ 3494/31251] Prism::RipperTest#"test_whitequark/rescue_mod_op_assign.txt" = 0.05 s
[ 3495/31251] Prism::RipperTest#"test_whitequark/preexe.txt" = 0.04 s
[ 3496/31251] Prism::RipperTest#"test_unparser/corpus/literal/since/31.txt" = 0.11 s
[ 3497/31251] Prism::RipperTest#"test_unparser/corpus/semantic/kwbegin.txt" = 0.29 s
[ 3498/31251] Prism::RipperTest#"test_seattlerb/defn_oneliner_rescue.txt" = 0.31 s
[ 3499/31251] Prism::RipperTest#"test_seattlerb/block_kw.txt" = 0.06 s
[ 3500/31251] Prism::RipperTest#"test_seattlerb/slashy_newlines_within_string.txt" = 0.07 s
[ 3501/31251] Prism::RipperTest#"test_seattlerb/do_bug.txt" = 0.09 s
[ 3502/31251] Prism::RipperTest#"test_whitequark/cond_eflipflop.txt" = 0.07 s
[ 3503/31251] Prism::RipperTest#"test_whitequark/ruby_bug_11873_a.txt" = 1.91 s
[ 3504/31251] Prism::RipperTest#"test_seattlerb/block_arg_optional.txt" = 0.06 s
[ 3505/31251] Prism::RipperTest#"test_seattlerb/parse_opt_call_args_assocs_comma.txt" = 0.05 s
[ 3506/31251] Prism::RipperTest#"test_whitequark/false.txt" = 0.03 s
[ 3507/31251] Prism::RipperTest#"test_regex_escape_encoding.txt" = 0.06 s
[ 3508/31251] Prism::RipperTest#"test_seattlerb/block_arg__bare.txt" = 0.05 s
[ 3509/31251] Prism::RipperTest#"test_seattlerb/parse_pattern_058_2.txt" = 0.08 s
[ 3510/31251] Prism::RipperTest#"test_seattlerb/parse_line_block_inline_comment_leading_newlines.txt
" = 0.05 s
[ 3511/31251] Prism::RipperTest#"test_whitequark/heredoc.txt" = 0.15 s
[ 3512/31251] Prism::RipperTest#"test_seattlerb/magic_encoding_comment.txt" = 0.10 s
[ 3513/31251] Prism::RipperTest#"test_seattlerb/masgn_colon2.txt" = 0.06 s
[ 3514/31251] Prism::RipperTest#"test_whitequark/send_lambda.txt" = 0.07 s
[ 3515/31251] Prism::RipperTest#"test_seattlerb/call_array_block_call.txt" = 0.07 s
[ 3516/31251] Prism::RipperTest#"test_seattlerb/call_block_arg_named.txt" = 0.05 s
[ 3517/31251] Prism::RipperTest#"test_unparser/corpus/literal/unary.txt" = 0.22 s
[ 3518/31251] Prism::RipperTest#"test_unparser/corpus/literal/module.txt" = 0.27 s
[ 3519/31251] Prism::RipperTest#"test_seattlerb/args_kw_block.txt" = 0.06 s
[ 3520/31251] Prism::RipperTest#"test_seattlerb/masgn_paren.txt" = 0.06 s
[ 3521/31251] Prism::RipperTest#"test_seattlerb/aref_args_lit_assocs.txt" = 0.05 s
[ 3522/31251] Prism::RipperTest#"test_unparser/corpus/literal/singletons.txt" = 0.05 s
[ 3523/31251] Prism::RipperTest#"test_seattlerb/heredoc_with_extra_carriage_returns_windows.txt" = 0
.04 s
[ 3524/31251] Prism::RipperTest#"test_whitequark/bug_480.txt" = 0.07 s
[ 3525/31251] Prism::RipperTest#"test_whitequark/send_plain.txt" = 0.08 s
[ 3526/31251] Prism::RipperTest#"test_whitequark/not.txt" = 0.15 s
[ 3527/31251] Prism::RipperTest#"test_seattlerb/str_double_newline.txt" = 0.06 s
[ 3528/31251] Prism::RipperTest#"test_seattlerb/parse_line_heredoc_evstr.txt" = 0.06 s
[ 3529/31251] Prism::RipperTest#"test_whitequark/kwoptarg.txt" = 0.05 s
[ 3530/31251] Prism::RipperTest#"test_unparser/corpus/literal/variables.txt" = 0.11 s
[ 3531/31251] Prism::RipperTest#"test_seattlerb/eq_begin_why_wont_people_use_their_spacebar.txt" = 0
.06 s
[ 3532/31251] Prism::RipperTest#"test_seattlerb/iter_args_1.txt" = 0.06 s
[ 3533/31251] Prism::RipperTest#"test_seattlerb/call_star.txt" = 0.04 s
[ 3534/31251] Prism::RipperTest#"test_seattlerb/heredoc_with_interpolation_and_carriage_return_escap
es_windows.txt" = 0.05 s
[ 3535/31251] Prism::RipperTest#"test_unparser/corpus/literal/alias.txt" = 0.16 s
[ 3536/31251] Prism::RipperTest#"test_seattlerb/block_kwarg_lvar_multiple.txt" = 0.08 s
[ 3537/31251] Prism::RipperTest#"test_seattlerb/stabby_proc_scope.txt" = 0.05 s
[ 3538/31251] Prism::RipperTest#"test_seattlerb/call_array_lambda_block_call.txt" = 0.08 s
[ 3539/31251] Prism::RipperTest#"test_whitequark/or_asgn.txt" = 0.08 s
[ 3540/31251] Prism::RipperTest#"test_seattlerb/stabby_block_kw.txt" = 0.05 s
[ 3541/31251] Prism::RipperTest#"test_seattlerb/call_arg_kwsplat.txt" = 0.06 s
[ 3542/31251] Prism::RipperTest#"test_seattlerb/block_call_operation_colon.txt" = 0.07 s
[ 3543/31251] Prism::RipperTest#"test_whitequark/op_asgn_index.txt" = 0.16 s
[ 3544/31251] Prism::RipperTest#"test_seattlerb/case_in.txt" = 1.24 s
[ 3545/31251] Prism::RipperTest#"test_whitequark/ternary_ambiguous_symbol.txt" = 0.06 s
[ 3546/31251] Prism::RipperTest#"test_seattlerb/lasgn_ivar_env.txt" = 0.04 s
[ 3547/31251] Prism::RipperTest#"test_whitequark/string_interp.txt" = 0.06 s
[ 3548/31251] Prism::RipperTest#"test_seattlerb/masgn_var_star_var.txt" = 0.06 s
[ 3549/31251] Prism::RipperTest#"test_seattlerb/block_reg_optarg.txt" = 0.17 s
[ 3550/31251] Prism::RipperTest#"test_seattlerb/case_in_42_2.txt" = 0.06 s
[ 3551/31251] Prism::RipperTest#"test_seattlerb/case_in_31.txt" = 0.07 s
[ 3552/31251] Prism::RipperTest#"test_seattlerb/heredoc_with_not_global_interpolation.txt" = 0.04 s
[ 3553/31251] Prism::RipperTest#"test_seattlerb/defn_no_kwargs.txt" = 0.05 s
[ 3554/31251] Prism::RipperTest#"test_whitequark/kwoptarg_with_kwrestarg_and_forwarded_args.txt" = 0
.08 s
[ 3555/31251] Prism::RipperTest#"test_seattlerb/expr_not_bang.txt" = 0.05 s
[ 3556/31251] Prism::RipperTest#"test_whitequark/cond_eflipflop_with_endless_range.txt" = 0.04 s
[ 3557/31251] Prism::RipperTest#"test_seattlerb/case_in_hash_pat_rest_solo.txt" = 0.06 s
[ 3558/31251] Prism::RipperTest#"test_whitequark/parser_bug_989.txt" = 0.04 s
[ 3559/31251] Prism::RipperTest#"test_seattlerb/heredoc_squiggly_tabs_extra.txt" = 0.06 s
[ 3560/31251] Prism::RipperTest#"test_seattlerb/parse_line_evstr_after_break.txt" = 0.06 s
[ 3561/31251] Prism::RipperTest#"test_seattlerb/mlhs_front_splat.txt" = 0.07 s
[ 3562/31251] Prism::RipperTest#"test_whitequark/if_elsif.txt" = 0.07 s
[ 3563/31251] Prism::RipperTest#"test_unparser/corpus/semantic/def.txt" = 0.10 s
[ 3564/31251] Prism::RipperTest#"test_seattlerb/defn_arg_forward_args.txt" = 0.08 s
[ 3565/31251] Prism::RipperTest#"test_seattlerb/op_asgn_index_command_call.txt" = 0.08 s
[ 3566/31251] Prism::RipperTest#"test_whitequark/newline_in_hash_argument.txt" = 0.27 s
[ 3567/31251] Prism::RipperTest#"test_seattlerb/if_symbol.txt" = 0.05 s
[ 3568/31251] Prism::RipperTest#"test_seattlerb/pct_Q_backslash_nl.txt" = 0.04 s
[ 3569/31251] Prism::RipperTest#"test_seattlerb/bug_187.txt" = 0.08 s
[ 3570/31251] Prism::RipperTest#"test_whitequark/while_mod.txt" = 0.04 s
[ 3571/31251] Prism::RipperTest#"test_seattlerb/ruby21_numbers.txt" = 0.05 s
[ 3572/31251] Prism::RipperTest#"test_break.txt" = 0.71 s
[ 3573/31251] Prism::RipperTest#"test_seattlerb/block_kw__required.txt" = 0.05 s
[ 3574/31251] Prism::RipperTest#"test_whitequark/args.txt" = 1.48 s
[ 3575/31251] Prism::RipperTest#"test_seattlerb/lasgn_call_nobracket_rescue_arg.txt" = 0.06 s
[ 3576/31251] Prism::RipperTest#"test_whitequark/resbody_var.txt" = 0.20 s
[ 3577/31251] Prism::RipperTest#"test_seattlerb/qsymbols.txt" = 0.05 s
[ 3578/31251] Prism::RipperTest#"test_whitequark/float.txt" = 0.04 s
[ 3579/31251] Prism::RipperTest#"test_whitequark/const_scoped.txt" = 0.04 s
[ 3580/31251] Prism::RipperTest#"test_range_beginless.txt" = 0.12 s
[ 3581/31251] Prism::RipperTest#"test_command_method_call.txt" = 1.10 s
[ 3582/31251] Prism::RipperTest#"test_seattlerb/bug_args_masgn2.txt" = 0.08 s
[ 3583/31251] Prism::RipperTest#"test_seattlerb/rescue_parens.txt" = 0.06 s
[ 3584/31251] Prism::RipperTest#"test_whitequark/ensure.txt" = 0.05 s
[ 3585/31251] Prism::RipperTest#"test_seattlerb/difficult6_.txt" = 0.09 s
[ 3586/31251] Prism::RipperTest#"test_whitequark/parser_bug_490.txt" = 0.21 s
[ 3587/31251] Prism::RipperTest#"test_seattlerb/required_kwarg_no_value.txt" = 0.05 s
[ 3588/31251] Prism::RipperTest#"test_whitequark/bug_ascii_8bit_in_literal.txt" = 0.04 s
[ 3589/31251] Prism::RipperTest#"test_seattlerb/lasgn_arg_rescue_arg.txt" = 0.05 s
[ 3590/31251] Prism::RipperTest#"test_whitequark/ruby_bug_12402.txt" = 0.84 s
[ 3591/31251] Prism::RipperTest#"test_unparser/corpus/literal/empty.txt" = 0.03 s
[ 3592/31251] Prism::RipperTest#"test_seattlerb/alias_gvar_backref.txt" = 0.04 s
[ 3593/31251] Prism::RipperTest#"test_whitequark/bug_466.txt" = 0.09 s
[ 3594/31251] Prism::RipperTest#"test_for.txt" = 0.23 s
[ 3595/31251] Prism::RipperTest#"test_whitequark/def.txt" = 0.12 s
[ 3596/31251] Prism::RipperTest#"test_whitequark/unless.txt" = 0.14 s
[ 3597/31251] Prism::RipperTest#"test_seattlerb/heredoc_squiggly_interp.txt" = 0.09 s
[ 3598/31251] Prism::RipperTest#"test_seattlerb/aref_args_assocs.txt" = 0.05 s
[ 3599/31251] Prism::RipperTest#"test_seattlerb/case_in_if_unless_post_mod.txt" = 0.09 s
[ 3600/31251] Prism::RipperTest#"test_whitequark/cvasgn.txt" = 0.04 s
[ 3601/31251] Prism::RipperTest#"test_seattlerb/case_in_multiple.txt" = 0.08 s
[ 3602/31251] Prism::RipperTest#"test_seattlerb/difficult1_line_numbers2.txt" = 0.12 s
[ 3603/31251] Prism::RipperTest#"test_seattlerb/lasgn_middle_splat.txt" = 0.06 s
[ 3604/31251] Prism::RipperTest#"test_seattlerb/difficult3_2.txt" = 0.06 s
[ 3605/31251] Prism::RipperTest#"test_whitequark/regex_plain.txt" = 0.04 s
[ 3606/31251] Prism::RipperTest#"test_seattlerb/case_in_const.txt" = 0.05 s
[ 3607/31251] Prism::RipperTest#"test_seattlerb/dstr_evstr_empty_end.txt" = 0.05 s
[ 3608/31251] Prism::RipperTest#"test_seattlerb/op_asgn_command_call.txt" = 0.06 s
[ 3609/31251] Prism::RipperTest#"test_whitequark/bug_while_not_parens_do.txt" = 0.05 s
[ 3610/31251] Prism::RipperTest#"test_seattlerb/defn_unary_not.txt" = 0.04 s
[ 3611/31251] Prism::RipperTest#"test_whitequark/send_lambda_args.txt" = 0.07 s
[ 3612/31251] Prism::RipperTest#"test_unparser/corpus/literal/flipflop.txt" = 0.26 s
[ 3613/31251] Prism::RipperTest#"test_seattlerb/case_in_hash_pat_rest.txt" = 0.07 s
[ 3614/31251] Prism::RipperTest#"test_seattlerb/str_evstr.txt" = 0.06 s
[ 3615/31251] Prism::RipperTest#"test_seattlerb/str_double_double_escaped_newline.txt" = 0.05 s
[ 3616/31251] Prism::RipperTest#"test_seattlerb/attrasgn_primary_dot_constant.txt" = 0.04 s
[ 3617/31251] Prism::RipperTest#"test_whitequark/numparam_outside_block.txt" = 0.13 s
[ 3618/31251] Prism::RipperTest#"test_seattlerb/iter_args_5.txt" = 0.06 s
[ 3619/31251] Prism::RipperTest#"test_seattlerb/block_arg_scope2.txt" = 0.06 s
[ 3620/31251] Prism::RipperTest#"test_whitequark/hash_kwsplat.txt" = 0.11 s
[ 3621/31251] Prism::RipperTest#"test_whitequark/bug_452.txt" = 0.09 s
[ 3622/31251] Prism::RipperTest#"test_seattlerb/str_single_newline.txt" = 0.06 s
[ 3623/31251] Prism::RipperTest#"test_seattlerb/messy_op_asgn_lineno.txt" = 0.09 s
[ 3624/31251] Prism::RipperTest#"test_seattlerb/bang_eq.txt" = 0.04 s
[ 3625/31251] Prism::RipperTest#"test_whitequark/forwarded_argument_with_kwrestarg.txt" = 0.08 s
[ 3626/31251] Prism::RipperTest#"test_seattlerb/heredoc_squiggly_no_indent.txt" = 0.05 s
[ 3627/31251] Prism::RipperTest#"test_seattlerb/mlhs_mid_anonsplat.txt" = 0.08 s
[ 3628/31251] Prism::RipperTest#"test_seattlerb/str_pct_nested_nested.txt" = 0.07 s
[ 3629/31251] Prism::RipperTest#"test_seattlerb/block_args_opt2_2.txt" = 0.10 s
[ 3630/31251] Prism::RipperTest#"test_seattlerb/begin_rescue_else_ensure_bodies.txt" = 0.08 s
[ 3631/31251] Prism::RipperTest#"test_seattlerb/parse_pattern_044.txt" = 0.05 s
[ 3632/31251] Prism::RipperTest#"test_seattlerb/safe_call_rhs_newline.txt" = 0.05 s
[ 3633/31251] Prism::RipperTest#"test_seattlerb/assoc__bare.txt" = 0.04 s
[ 3634/31251] Prism::RipperTest#"test_constants.txt" = 2.31 s
[ 3635/31251] Prism::RipperTest#"test_seattlerb/iter_args_6.txt" = 0.07 s
[ 3636/31251] Prism::RipperTest#"test_seattlerb/attr_asgn_colon_id.txt" = 0.05 s
[ 3637/31251] Prism::RipperTest#"test_whitequark/casgn_unscoped.txt" = 0.04 s
[ 3638/31251] Prism::RipperTest#"test_if.txt" = 0.66 s
[ 3639/31251] Prism::RipperTest#"test_seattlerb/__ENCODING__.txt" = 0.03 s
[ 3640/31251] Prism::RipperTest#"test_arithmetic.txt" = 0.19 s
[ 3641/31251] Prism::RipperTest#"test_unparser/corpus/literal/lambda.txt" = 0.19 s
[ 3642/31251] Prism::RipperTest#"test_seattlerb/parse_line_multiline_str.txt" = 0.04 s
[ 3643/31251] Prism::RipperTest#"test_seattlerb/symbols_empty.txt" = 0.03 s
[ 3644/31251] Prism::RipperTest#"test_whitequark/ivasgn.txt" = 0.03 s
[ 3645/31251] Prism::RipperTest#"test_whitequark/endless_method_without_args.txt" = 0.13 s
[ 3646/31251] Prism::RipperTest#"test_whitequark/comments_before_leading_dot__27.txt" = 0.13 s
[ 3647/31251] Prism::RipperTest#"test_seattlerb/call_args_assoc_quoted.txt" = 0.14 s
[ 3648/31251] Prism::RipperTest#"test_seattlerb/parse_opt_call_args_lit_comma.txt" = 0.04 s
[ 3649/31251] Prism::RipperTest#"test_seattlerb/parse_line_defn_no_parens.txt" = 0.06 s
[ 3650/31251] Prism::RipperTest#"test_whitequark/resbody_list.txt" = 0.13 s
[ 3651/31251] Prism::RipperTest#"test_whitequark/var_and_asgn.txt" = 0.04 s
[ 3652/31251] Prism::RipperTest#"test_seattlerb/difficult3__7.txt" = 0.07 s
[ 3653/31251] Prism::RipperTest#"test_seattlerb/bug_comma.txt" = 0.06 s
[ 3654/31251] Prism::RipperTest#"test_seattlerb/call_leading_dots_comment.txt" = 0.05 s
[ 3655/31251] Prism::RipperTest#"test_seattlerb/heredoc_with_interpolation_and_carriage_return_escap
es.txt" = 0.05 s
[ 3656/31251] Prism::RipperTest#"test_seattlerb/return_call_assocs.txt" = 0.29 s
[ 3657/31251] Prism::RipperTest#"test_heredoc.txt" = 0.03 s
[ 3658/31251] Prism::RipperTest#"test_whitequark/send_attr_asgn_conditional.txt" = 0.05 s
[ 3659/31251] Prism::RipperTest#"test_seattlerb/array_lits_trailing_calls.txt" = 0.06 s
[ 3660/31251] Prism::RipperTest#"test_seattlerb/op_asgn_primary_colon_identifier_command_call.txt" =
 0.07 s
[ 3661/31251] Prism::RipperTest#"test_whitequark/lvar.txt" = 0.03 s
[ 3662/31251] Prism::RipperTest#"test_seattlerb/array_line_breaks.txt" = 0.06 s
[ 3663/31251] Prism::RipperTest#"test_whitequark/range_inclusive.txt" = 0.04 s
[ 3664/31251] Prism::RipperTest#"test_whitequark/array_assocs.txt" = 0.08 s
[ 3665/31251] Prism::RipperTest#"test_seattlerb/parse_line_heredoc_hardnewline.txt" = 0.05 s
[ 3666/31251] Prism::RipperTest#"test_seattlerb/bug_args_masgn.txt" = 0.07 s
[ 3667/31251] Prism::RipperTest#"test_seattlerb/str_str.txt" = 0.12 s
[ 3668/31251] Prism::RipperTest#"test_seattlerb/case_in_47.txt" = 0.07 s
[ 3669/31251] Prism::RipperTest#"test_seattlerb/call_assoc_new_if_multiline.txt" = 0.09 s
[ 3670/31251] Prism::RipperTest#"test_seattlerb/iter_kwarg_kwsplat.txt" = 0.06 s
[ 3671/31251] Prism::RipperTest#"test_seattlerb/pct_nl.txt" = 0.04 s
[ 3672/31251] Prism::RipperTest#"test_seattlerb/parse_line_dstr_soft_newline.txt" = 0.06 s
[ 3673/31251] Prism::RipperTest#"test_whitequark/module.txt" = 0.04 s
[ 3674/31251] Prism::RipperTest#"test_seattlerb/heredoc_comma_arg.txt" = 0.07 s
[ 3675/31251] Prism::RipperTest#"test_seattlerb/stabby_arg_no_paren.txt" = 0.04 s
[ 3676/31251] Prism::RipperTest#"test_return.txt" = 0.39 s
[ 3677/31251] Prism::RipperTest#"test_seattlerb/bug190.txt" = 0.04 s
[ 3678/31251] Prism::RipperTest#"test_while.txt" = 0.59 s
[ 3679/31251] Prism::RipperTest#"test_whitequark/parser_bug_640.txt" = 0.06 s
[ 3680/31251] Prism::RipperTest#"test_endless_range_in_conditional.txt" = 0.08 s
[ 3681/31251] Prism::RipperTest#"test_whitequark/cpath.txt" = 0.06 s
[ 3682/31251] Prism::RipperTest#"test_seattlerb/heredoc_with_only_carriage_returns_windows.txt" = 0.
04 s
[ 3683/31251] Prism::RipperTest#"test_seattlerb/bdot3.txt" = 0.05 s
[ 3684/31251] Prism::RipperTest#"test_seattlerb/qsymbols_empty.txt" = 0.03 s
[ 3685/31251] Prism::RipperTest#"test_unparser/corpus/literal/defined.txt" = 0.11 s
[ 3686/31251] Prism::RipperTest#"test_whitequark/args_assocs_comma.txt" = 0.06 s
[ 3687/31251] Prism::RipperTest#"test_blocks.txt" = 1.03 s
[ 3688/31251] Prism::RipperTest#"test_seattlerb/TestRubyParserShared.txt" = 0.74 s
[ 3689/31251] Prism::RipperTest#"test_seattlerb/block_arg_scope.txt" = 0.06 s
[ 3690/31251] Prism::RipperTest#"test_seattlerb/heredoc_squiggly.txt" = 0.07 s
[ 3691/31251] Prism::RipperTest#"test_seattlerb/difficult3__10.txt" = 0.07 s
[ 3692/31251] Prism::RipperTest#"test_seattlerb/lasgn_lasgn_command_call.txt" = 0.06 s
[ 3693/31251] Prism::RipperTest#"test_seattlerb/str_single_escaped_newline.txt" = 0.06 s
[ 3694/31251] Prism::RipperTest#"test_seattlerb/defs_comments.txt" = 0.05 s
[ 3695/31251] Prism::RipperTest#"test_whitequark/op_asgn.txt" = 0.10 s
[ 3696/31251] Prism::RipperTest#"test_whitequark/kwrestarg_named.txt" = 0.05 s
[ 3697/31251] Prism::RipperTest#"test_seattlerb/call_eq3.txt" = 0.04 s
[ 3698/31251] Prism::RipperTest#"test_seattlerb/safe_op_asgn2.txt" = 0.05 s
[ 3699/31251] Prism::RipperTest#"test_seattlerb/interpolated_symbol_array_line_breaks.txt" = 0.06 s
[ 3700/31251] Prism::RipperTest#"test_whitequark/nil.txt" = 0.03 s
[ 3701/31251] Prism::RipperTest#"test_unparser/corpus/semantic/undef.txt" = 0.05 s
[ 3702/31251] Prism::RipperTest#"test_unparser/corpus/literal/super.txt" = 0.39 s
[ 3703/31251] Prism::RipperTest#"test_whitequark/forwarded_kwrestarg.txt" = 0.07 s
[ 3704/31251] Prism::RipperTest#"test_seattlerb/masgn_command_call.txt" = 0.06 s
[ 3705/31251] Prism::RipperTest#"test_seattlerb/unary_minus.txt" = 0.04 s
[ 3706/31251] Prism::RipperTest#"test_numbers.txt" = 0.39 s
[ 3707/31251] Prism::RipperTest#"test_seattlerb/call_dot_parens.txt" = 0.04 s
[ 3708/31251] Prism::RipperTest#"test_seattlerb/and_multi.txt" = 0.05 s
[ 3709/31251] Prism::RipperTest#"test_seattlerb/str_heredoc_interp.txt" = 0.06 s
[ 3710/31251] Prism::RipperTest#"test_seattlerb/lasgn_command.txt" = 0.06 s
[ 3711/31251] Prism::RipperTest#"test_whitequark/rescue_ensure.txt" = 0.07 s
[ 3712/31251] Prism::RipperTest#"test_seattlerb/safe_call_after_newline.txt" = 0.04 s
[ 3713/31251] Prism::RipperTest#"test_whitequark/blockarg.txt" = 0.05 s
[ 3714/31251] Prism::RipperTest#"test_seattlerb/bug_case_when_regexp.txt" = 0.06 s
[ 3715/31251] Prism::RipperTest#"test_whitequark/hash_pair_value_omission.txt" = 0.08 s
[ 3716/31251] Prism::RipperTest#"test_seattlerb/when_splat.txt" = 0.05 s
[ 3717/31251] Prism::RipperTest#"test_seattlerb/defns_reserved.txt" = 0.05 s
[ 3718/31251] Prism::RipperTest#"test_unparser/corpus/literal/since/27.txt" = 0.07 s
[ 3719/31251] Prism::RipperTest#"test_seattlerb/block_args_kwargs.txt" = 0.06 s
[ 3720/31251] Prism::RipperTest#"test_seattlerb/block_opt_splat.txt" = 0.07 s
[ 3721/31251] Prism::RipperTest#"test_seattlerb/flip2_env_lvar.txt" = 0.05 s
[ 3722/31251] Prism::RipperTest#"test_whitequark/ensure_empty.txt" = 0.04 s
[ 3723/31251] Prism::RipperTest#"test_comments.txt" = 0.24 s
[ 3724/31251] Prism::RipperTest#"test_seattlerb/heredoc_squiggly_tabs.txt" = 0.07 s
[ 3725/31251] Prism::RipperTest#"test_modules.txt" = 0.23 s
[ 3726/31251] Prism::RipperTest#"test_whitequark/endless_method_forwarded_args_legacy.txt" = 0.06 s
[ 3727/31251] Prism::RipperTest#"test_seattlerb/difficult3_5.txt" = 0.07 s
[ 3728/31251] Prism::RipperTest#"test_range_begin_open_exclusive.txt" = 0.04 s
[ 3729/31251] Prism::RipperTest#"test_whitequark/for_mlhs.txt" = 0.08 s
[ 3730/31251] Prism::RipperTest#"test_seattlerb/regexp.txt" = 0.15 s
[ 3731/31251] Prism::RipperTest#"test_whitequark/resbody_list_mrhs.txt" = 0.07 s
[ 3732/31251] Prism::RipperTest#"test_seattlerb/parse_line_dot3_open.txt" = 0.06 s
[ 3733/31251] Prism::RipperTest#"test_whitequark/args_cmd.txt" = 0.06 s
[ 3734/31251] Prism::RipperTest#"test_whitequark/masgn_const.txt" = 0.07 s
[ 3735/31251] Prism::RipperTest#"test_seattlerb/call_arg_assoc_kwsplat.txt" = 0.07 s
[ 3736/31251] Prism::RipperTest#"test_seattlerb/parse_pattern_069.txt" = 0.07 s
[ 3737/31251] Prism::RipperTest#"test_seattlerb/rescue_in_block.txt" = 0.06 s
[ 3738/31251] Prism::RipperTest#"test_whitequark/endless_method_command_syntax.txt" = 0.49 s
[ 3739/31251] Prism::RipperTest#"test_case.txt" = 0.70 s
[ 3740/31251] Prism::RipperTest#"test_unparser/corpus/literal/block.txt" = 1.71 s
[ 3741/31251] Prism::RipperTest#"test_seattlerb/parse_while_not_canonical.txt" = 0.13 s
[ 3742/31251] Prism::RipperTest#"test_whitequark/ruby_bug_11873_b.txt" = 0.12 s
[ 3743/31251] Prism::RipperTest#"test_seattlerb/heredoc_unicode.txt" = 0.04 s
[ 3744/31251] Prism::RipperTest#"test_seattlerb/non_interpolated_symbol_array_line_breaks.txt" = 0.0
5 s
[ 3745/31251] Prism::RipperTest#"test_whitequark/numparam_ruby_bug_19025.txt" = 0.07 s
[ 3746/31251] Prism::RipperTest#"test_seattlerb/call_lte.txt" = 0.04 s
[ 3747/31251] Prism::RipperTest#"test_whitequark/send_block_conditional.txt" = 0.05 s
[ 3748/31251] Prism::RipperTest#"test_whitequark/send_lambda_legacy.txt" = 0.04 s
[ 3749/31251] Prism::RipperTest#"test_seattlerb/block_optarg.txt" = 0.06 s
[ 3750/31251] Prism::RipperTest#"test_whitequark/alias_gvar.txt" = 0.05 s
[ 3751/31251] Prism::RipperTest#"test_seattlerb/unary_tilde.txt" = 0.04 s
[ 3752/31251] Prism::RipperTest#"test_whitequark/send_call.txt" = 0.08 s
[ 3753/31251] Prism::RipperTest#"test_seattlerb/masgn_double_paren.txt" = 0.06 s
[ 3754/31251] Prism::RipperTest#"test_seattlerb/parse_line_newlines.txt" = 0.03 s
[ 3755/31251] Prism::RipperTest#"test_unparser/corpus/literal/for.txt" = 0.18 s
[ 3756/31251] Prism::RipperTest#"test_seattlerb/non_interpolated_word_array_line_breaks.txt" = 0.06
s
[ 3757/31251] Prism::RipperTest#"test_whitequark/ruby_bug_10279.txt" = 0.05 s
[ 3758/31251] Prism::RipperTest#"test_multi_write.txt" = 0.14 s
[ 3759/31251] Prism::RipperTest#"test_seattlerb/parse_line_call_ivar_arg_no_parens_line_break.txt" =
 0.05 s
[ 3760/31251] Prism::RipperTest#"test_whitequark/cond_match_current_line.txt" = 0.07 s
[ 3761/31251] Prism::RipperTest#"test_whitequark/cond_eflipflop_with_beginless_range.txt" = 0.04 s
[ 3762/31251] Prism::RipperTest#"test_seattlerb/evstr_evstr.txt" = 0.07 s
[ 3763/31251] Prism::RipperTest#"test_seattlerb/block_arg_splat_arg.txt" = 0.06 s
[ 3764/31251] Prism::RipperTest#"test_seattlerb/call_pipe.txt" = 0.04 s
[ 3765/31251] Prism::RipperTest#"test_whitequark/array_symbols.txt" = 0.05 s
[ 3766/31251] Prism::RipperTest#"test_seattlerb/float_with_if_modifier.txt" = 0.04 s
[ 3767/31251] Prism::RipperTest#"test_seattlerb/dstr_str.txt" = 0.14 s
[ 3768/31251] Prism::RipperTest#"test_whitequark/defs.txt" = 0.20 s
[ 3769/31251] Prism::RipperTest#"test_unparser/corpus/literal/since/32.txt" = 0.23 s
[ 3770/31251] Prism::RipperTest#"test_seattlerb/do_lambda.txt" = 0.04 s
[ 3771/31251] Prism::RipperTest#"test_whitequark/parser_bug_518.txt" = 0.04 s
[ 3772/31251] Prism::RipperTest#"test_seattlerb/bug290.txt" = 0.05 s
[ 3773/31251] Prism::RipperTest#"test_whitequark/ruby_bug_12686.txt" = 0.20 s
[ 3774/31251] Prism::RipperTest#"test_whitequark/int.txt" = 0.05 s
[ 3775/31251] Prism::RipperTest#"test_unparser/corpus/semantic/and.txt" = 0.28 s
[ 3776/31251] Prism::RipperTest#"test_whitequark/arg_scope.txt" = 0.10 s
[ 3777/31251] Prism::RipperTest#"test_seattlerb/str_lit_concat_bad_encodings.txt" = 0.10 s
[ 3778/31251] Prism::RipperTest#"test_seattlerb/module_comments.txt" = 0.07 s
[ 3779/31251] Prism::RipperTest#"test_seattlerb/call_spaceship.txt" = 0.09 s
[ 3780/31251] Prism::RipperTest#"test_seattlerb/case_in_86_2.txt" = 0.12 s
[ 3781/31251] Prism::RipperTest#"test_it_indirect_writes.txt" = 0.80 s
[ 3782/31251] Prism::RipperTest#"test_whitequark/complex.txt" = 0.06 s
[ 3783/31251] Prism::RipperTest#"test_seattlerb/iter_args_8_1.txt" = 0.12 s
[ 3784/31251] Prism::RipperTest#"test_unparser/corpus/literal/literal.txt" = 2.72 s
[ 3785/31251] Prism::RipperTest#"test_seattlerb/stabby_arg_opt_splat_arg_block_omfg.txt" = 0.07 s
[ 3786/31251] Prism::RipperTest#"test_whitequark/bug_do_block_in_cmdarg.txt" = 0.13 s
[ 3787/31251] Prism::RipperTest#"test_whitequark/parser_bug_272.txt" = 0.17 s
[ 3788/31251] Prism::RipperTest#"test_whitequark/rescue_else.txt" = 0.07 s
[ 3789/31251] Prism::RipperTest#"test_whitequark/beginless_range.txt" = 0.05 s
[ 3790/31251] Prism::RipperTest#"test_seattlerb/iter_args_10_2.txt" = 0.08 s
[ 3791/31251] Prism::RipperTest#"test_seattlerb/heredoc_lineno.txt" = 0.11 s
[ 3792/31251] Prism::RipperTest#"test_seattlerb/read_escape_unicode_h4.txt" = 0.09 s
[ 3793/31251] Prism::RipperTest#"test_unparser/corpus/literal/case.txt" = 0.58 s
[ 3794/31251] Prism::RipperTest#"test_spanning_heredoc_newlines.txt" = 0.24 s
[ 3795/31251] Prism::RipperTest#"test_whitequark/empty_stmt.txt" = 0.03 s
[ 3796/31251] Prism::RipperTest#"test_seattlerb/evstr_str.txt" = 0.06 s
[ 3797/31251] Prism::RipperTest#"test_whitequark/case_expr.txt" = 0.11 s
[ 3798/31251] Prism::RipperTest#"test_whitequark/kwbegin_compstmt.txt" = 0.10 s
[ 3799/31251] Prism::RipperTest#"test_seattlerb/defined_eh_parens.txt" = 0.04 s
[ 3800/31251] Prism::RipperTest#"test_seattlerb/parse_line_heredoc_regexp_chars.txt" = 0.07 s
[ 3801/31251] Prism::RipperTest#"test_unparser/corpus/literal/pattern.txt" = 0.71 s
[ 3802/31251] Prism::RipperTest#"test_unparser/corpus/literal/defs.txt" = 0.78 s
[ 3803/31251] Prism::RipperTest#"test_seattlerb/defn_forward_args.txt" = 0.12 s
[ 3804/31251] Prism::RipperTest#"test_seattlerb/parse_line_op_asgn.txt" = 0.05 s
[ 3805/31251] Prism::RipperTest#"test_whitequark/interp_digit_var.txt" = 0.87 s
[ 3806/31251] Prism::RipperTest#"test_whitequark/resbody_list_var.txt" = 0.07 s
[ 3807/31251] Prism::RipperTest#"test_seattlerb/qsymbols_interp.txt" = 0.08 s
[ 3808/31251] Prism::RipperTest#"test_unparser/corpus/literal/if.txt" = 0.58 s
[ 3809/31251] Prism::RipperTest#"test_whitequark/and.txt" = 0.11 s
[ 3810/31251] Prism::RipperTest#"test_seattlerb/pctW_lineno.txt" = 0.09 s
[ 3811/31251] Prism::RipperTest#"test_seattlerb/parse_line_dot2.txt" = 0.12 s
[ 3812/31251] Prism::RipperTest#"test_seattlerb/op_asgn_val_dot_ident_command_call.txt" = 0.12 s
[ 3813/31251] Prism::RipperTest#"test_seattlerb/block_call_paren_call_block_call.txt" = 0.08 s
[ 3814/31251] Prism::RipperTest#"test_seattlerb/stabby_block_iter_call_no_target_with_arg.txt" = 0.1
0 s
[ 3815/31251] Prism::RipperTest#"test_seattlerb/call_args_command.txt" = 0.18 s
[ 3816/31251] Prism::RipperTest#"test_whitequark/undef.txt" = 0.07 s
[ 3817/31251] Prism::RipperTest#"test_whitequark/send_self.txt" = 0.07 s
[ 3818/31251] Prism::RipperTest#"test_begin_ensure.txt" = 0.37 s
[ 3819/31251] Prism::RipperTest#"test_unparser/corpus/semantic/send.txt" = 0.22 s
[ 3820/31251] Prism::RipperTest#"test_seattlerb/heredoc_with_carriage_return_escapes_windows.txt" =
0.10 s
[ 3821/31251] Prism::RipperTest#"test_seattlerb/safe_call_operator.txt" = 0.11 s
[ 3822/31251] Prism::RipperTest#"test_seattlerb/str_interp_ternary_or_label.txt" = 0.14 s
[ 3823/31251] Prism::RipperTest#"test_seattlerb/call_rshift.txt" = 0.04 s
[ 3824/31251] Prism::RipperTest#"test_whitequark/rescue_in_lambda_block.txt" = 0.10 s
[ 3825/31251] Prism::RipperTest#"test_seattlerb/call_self_brackets.txt" = 0.05 s
[ 3826/31251] Prism::RipperTest#"test_seattlerb/bug_args__19.txt" = 0.13 s
[ 3827/31251] Prism::RipperTest#"test_seattlerb/call_assoc.txt" = 0.05 s
[ 3828/31251] Prism::RipperTest#"test_whitequark/until_mod.txt" = 0.10 s
[ 3829/31251] Prism::RipperTest#"test_whitequark/bug_interp_single.txt" = 0.07 s
[ 3830/31251] Prism::RipperTest#"test_whitequark/bug_435.txt" = 0.11 s
[ 3831/31251] Prism::RipperTest#"test_seattlerb/case_in_hash_pat_assign.txt" = 0.10 s
[ 3832/31251] Prism::RipperTest#"test_whitequark/until_post.txt" = 0.05 s
[ 3833/31251] Prism::RipperTest#"test_whitequark/string_dvar.txt" = 0.12 s
[ 3834/31251] Prism::RipperTest#"test_seattlerb/block_decomp_splat.txt" = 0.06 s
[ 3835/31251] Prism::RipperTest#"test_whitequark/lvasgn.txt" = 0.10 s
[ 3836/31251] Prism::RipperTest#"test_whitequark/numbered_args_after_27.txt" = 0.21 s
[ 3837/31251] Prism::RipperTest#"test_non_alphanumeric_methods.txt" = 1.20 s
[ 3838/31251] Prism::RipperTest#"test_seattlerb/quoted_symbol_keys.txt" = 0.05 s
[ 3839/31251] Prism::RipperTest#"test_whitequark/endless_method_with_rescue_mod.txt" = 0.09 s
[ 3840/31251] Prism::RipperTest#"test_whitequark/beginless_irange_after_newline.txt" = 0.15 s
[ 3841/31251] Prism::RipperTest#"test_seattlerb/parse_pattern_051.txt" = 0.08 s
[ 3842/31251] Prism::RipperTest#"test_whitequark/class_super.txt" = 0.04 s
[ 3843/31251] Prism::RipperTest#"test_seattlerb/method_call_assoc_trailing_comma.txt" = 0.06 s
[ 3844/31251] Prism::RipperTest#"test_whitequark/space_args_arg_newline.txt" = 0.11 s
[ 3845/31251] Prism::RipperTest#"test_seattlerb/defs_endless_command.txt" = 0.06 s
[ 3846/31251] Prism::RipperTest#"test_seattlerb/block_args_opt3.txt" = 0.21 s
[ 3847/31251] Prism::RipperTest#"test_alias.txt" = 0.41 s
[ 3848/31251] Prism::RipperTest#"test_seattlerb/utf8_bom.txt" = 0.05 s
[ 3849/31251] Prism::RipperTest#"test_whitequark/dedenting_non_interpolating_heredoc_line_continuati
on.txt" = 0.11 s
[ 3850/31251] Prism::RipperTest#"test_whitequark/class.txt" = 0.09 s
[ 3851/31251] TestMkmfConfig#test_with_config_with_arg_and_no_value = 18.15 s
[ 3852/31251] TestMkmfConfig#test_with_target_rbconfig = 19.39 s
[ 3853/31251] TestMkmfConfig#test_with_config_with_arg_and_value = 18.04 s
[ 3854/31251] TestMkmfConfig#test_dir_config = 18.02 s
[ 3855/31251] TestMkmfConfig#test_with_config_without_arg = 18.07 s
[ 3856/31251] TestAllocation::MethodCall::WithBlock#test_required_and_keyword_splat_parameter = 15.1
4 s
[ 3857/31251] TestAllocation::MethodCall::WithBlock#test_keyword_parameter = 13.99 s
[ 3858/31251] TestAllocation::MethodCall::WithBlock#test_no_parameters = 13.26 s
[ 3859/31251] TestAllocation::MethodCall::WithBlock#test_required_parameter = 13.60 s
[ 3860/31251] TestAllocation::MethodCall::WithBlock#test_anonymous_splat_and_anonymous_keyword_splat
_parameters = 15.35 s
[ 3861/31251] TestAllocation::MethodCall::WithBlock#test_argument_forwarding = 15.28 s
[ 3862/31251] TestAllocation::MethodCall::WithBlock#test_keyword_splat_parameter = 13.96 s
[ 3863/31251] TestAllocation::MethodCall::WithBlock#test_positional_splat_and_keyword_splat_paramete
r = 15.26 s
[ 3864/31251] TestAllocation::MethodCall::WithBlock#test_positional_splat_and_post_parameters = 14.6
9 s
[ 3865/31251] TestAllocation::MethodCall::WithBlock#test_optional_parameter = 13.74 s
[ 3866/31251] TestAllocation::MethodCall::WithBlock#test_nested_anonymous_splat_and_anonymous_keywor
d_splat_parameters = 15.44 s
[ 3867/31251] TestAllocation::MethodCall::WithBlock#test_required_and_positional_splat_parameters =
14.17 s
[ 3868/31251] TestAllocation::MethodCall::WithBlock#test_nested_argument_forwarding = 15.31 s
[ 3869/31251] TestAllocation::MethodCall::WithBlock#test_ruby2_keywords = 15.47 s
[ 3870/31251] TestAllocation::MethodCall::WithBlock#test_keyword_and_keyword_splat_parameter = 14.02
 s
[ 3871/31251] TestAllocation::MethodCall::WithBlock#test_positional_splat_and_keyword_parameter = 15
.36 s
[ 3872/31251] TestAllocation::MethodCall::WithBlock#test_required_positional_and_keyword_parameter =
 15.54 s
[ 3873/31251] TestAllocation::MethodCall::WithBlock#test_no_array_allocation_with_splat_and_nonstati
c_keywords = 14.81 s
[ 3874/31251] TestAllocation::MethodCall::WithBlock#test_positional_splat_parameter = 14.31 s
[ 3875/31251] Test_StringCoderange#test_ascii8bit = 0.04 s
[ 3876/31251] Test_StringCoderange#test_utf8 = 0.02 s
[ 3877/31251] Test_StringCoderange#test_usascii = 0.02 s
[ 3878/31251] RDocMarkupParagraphTest#test_text_break = 0.07 s
[ 3879/31251] RDocMarkupParagraphTest#test_accept = 0.05 s
[ 3880/31251] RDocMarkupParagraphTest#test_text = 0.04 s
[ 3881/31251] TestOptionParserReqArg::Def4#test_require_exact = 1.71 s
[ 3882/31251] TestOptionParserReqArg::Def4#test_lambda = 0.06 s
[ 3883/31251] TestOptionParserReqArg::Def4#test_long = 0.17 s
[ 3884/31251] TestOptionParserReqArg::Def4#test_permute = 0.12 s
[ 3885/31251] TestOptionParserReqArg::Def4#test_raise_unknown = 0.17 s
[ 3886/31251] TestOptionParserReqArg::Def4#test_help_pager = 29.07 s
[ 3887/31251] TestOptionParserReqArg::Def4#test_regexp = 0.06 s
[ 3888/31251] TestOptionParserReqArg::Def4#test_hyphenize = 0.10 s
[ 3889/31251] TestOptionParserReqArg::Def4#test_short = 0.12 s
[ 3890/31251] TestOptionParserReqArg::Def4#test_order = 0.11 s
[ 3891/31251] TestOptionParserReqArg::Def4#test_abbrev = 0.40 s
[ 3892/31251] TestOptionParserReqArg::Def4#test_exact_option = 0.54 s
[ 3893/31251] TestOptionParserReqArg::Def4#test_into = 0.21 s
[ 3894/31251] TestOptionParserReqArg::Def4#test_nonopt_pattern = 0.10 s
[ 3895/31251] TestRubyYieldGen#test_yield_enum = 327.05 s
[ 3896/31251] TestRubyYieldGen#test_block_with_mock = 0.02 s
[ 3897/31251] TestRubyYieldGen#test_yield_lambda = 577.03 s
[ 3898/31251] TestRubyYieldGen#test_block_cached_argc = 12.09 s
[ 3899/31251] TestRubyYieldGen#test_yield = 313.36 s
[ 3900/31251] TestTimeTZ#test_gen_America_Managua_38 = 0.04 s
[ 3901/31251] TestTimeTZ#test_gen_America_St_Johns_60 = 0.04 s
[ 3902/31251] TestTimeTZ#test_gen_Europe_London_88 = 0.03 s
[ 3903/31251] TestTimeTZ#test_gen_Europe_London_84 = 0.04 s
[ 3904/31251] TestTimeTZ#test_gen_America_Los_Angeles_33 = 0.03 s
[ 3905/31251] TestTimeTZ#test_gen_Europe_London_86 = 0.03 s
[ 3906/31251] TestTimeTZ#test_gen_America_Los_Angeles_31 = 0.04 s
[ 3907/31251] TestTimeTZ#test_gen_Europe_Brussels_64 = 0.03 s
[ 3908/31251] TestTimeTZ#test_gen_Europe_Brussels_62 = 0.02 s
[ 3909/31251] TestTimeTZ#test_gen_America_Los_Angeles_37 = 0.03 s
[ 3910/31251] TestTimeTZ#test_gen_Europe_London_82 = 0.04 s
[ 3911/31251] TestTimeTZ#test_gen_America_Los_Angeles_35 = 0.04 s
[ 3912/31251] TestTimeTZ#test_gen_America_Los_Angeles_8 = 0.02 s
[ 3913/31251] TestTimeTZ#test_gen_Europe_Brussels_79 = 0.02 s
[ 3914/31251] TestTimeTZ#test_gen_America_St_Johns_75 = 0.03 s
[ 3915/31251] TestTimeTZ#test_gen_America_Lima_29 = 0.03 s
[ 3916/31251] TestTimeTZ#test_gen_America_St_Johns_73 = 0.04 s
[ 3917/31251] TestTimeTZ#test_gen_Asia_Tokyo_51 = 0.03 s
[ 3918/31251] TestTimeTZ#test_gen_Asia_Tokyo_53 = 0.04 s
[ 3919/31251] TestTimeTZ#test_military_names = 0.08 s
[ 3920/31251] TestTimeTZ#test_gen_America_Managua_40 = 0.04 s
[ 3921/31251] TestTimeTZ#test_gen_Asia_Tokyo_55 = 0.02 s
[ 3922/31251] TestTimeTZ#test_gen_America_Lima_27 = 0.04 s
[ 3923/31251] TestTimeTZ#test_gen_Europe_Brussels_77 = 0.04 s
[ 3924/31251] TestTimeTZ#test_gen_America_Managua_42 = 0.02 s
[ 3925/31251] TestTimeTZ#test_gen_America_Lima_25 = 0.02 s
[ 3926/31251] TestTimeTZ#test_gen_America_Managua_16 = 0.03 s
[ 3927/31251] TestTimeTZ#test_gen_Europe_London_66 = 0.03 s
[ 3928/31251] TestTimeTZ#test_gen_America_Los_Angeles_13 = 0.03 s
[ 3929/31251] TestTimeTZ#test_gen_Europe_Brussels_80 = 0.03 s
[ 3930/31251] TestTimeTZ#test_gen_America_Los_Angeles_11 = 0.03 s
[ 3931/31251] TestTimeTZ#test_gen_Pacific_Kiritimati_91 = 0.05 s
[ 3932/31251] TestTimeTZ#test_gen_Europe_London_68 = 0.03 s
[ 3933/31251] TestTimeTZ#test_gen_America_Managua_18 = 0.03 s
[ 3934/31251] TestTimeTZ#test_canada_newfoundland = 0.05 s
[ 3935/31251] TestTimeTZ#test_gen_America_St_Johns_59 = 0.02 s
[ 3936/31251] TestTimeTZ#test_asia_kuala_lumpur = 0.02 s
[ 3937/31251] TestTimeTZ#test_gen_Europe_London_71 = 0.03 s
[ 3938/31251] TestTimeTZ#test_localtime_zone = 0.02 s
[ 3939/31251] TestTimeTZ#test_pacific_kiritimati = 0.04 s
[ 3940/31251] TestTimeTZ#test_gen_Asia_Singapore_48 = 0.04 s
[ 3941/31251] TestTimeTZ#test_gen_Asia_Singapore_46 = 0.04 s
[ 3942/31251] TestTimeTZ#test_gen_America_Lima_1 = 0.03 s
[ 3943/31251] TestTimeTZ#test_gen_Asia_Singapore_44 = 0.04 s
[ 3944/31251] TestTimeTZ#test_gen_America_Lima_3 = 0.03 s
[ 3945/31251] TestTimeTZ#test_asia_singapore = 0.04 s
[ 3946/31251] TestTimeTZ#test_gen_America_Lima_5 = 0.03 s
[ 3947/31251] TestTimeTZ#test_gen_Asia_Singapore_21 = 0.03 s
[ 3948/31251] TestTimeTZ#test_gen_America_St_Johns_57 = 0.03 s
[ 3949/31251] TestTimeTZ#test_gen_Asia_Singapore_23 = 0.03 s
[ 3950/31251] TestTimeTZ#test_gen_Pacific_Kiritimati_89 = 0.03 s
[ 3951/31251] TestTimeTZ#test_gen_Europe_London_70 = 0.03 s
[ 3952/31251] TestTimeTZ#test_gen_America_St_Johns_58 = 0.03 s
[ 3953/31251] TestTimeTZ#test_gen_Europe_London_72 = 0.03 s
[ 3954/31251] TestTimeTZ#test_gen_Asia_Singapore_22 = 0.03 s
[ 3955/31251] TestTimeTZ#test_gen_America_Lima_6 = 0.03 s
[ 3956/31251] TestTimeTZ#test_gen_America_Lima_4 = 0.02 s
[ 3957/31251] TestTimeTZ#test_gen_America_Lima_2 = 0.02 s
[ 3958/31251] TestTimeTZ#test_gen_Asia_Singapore_45 = 0.04 s
[ 3959/31251] TestTimeTZ#test_gen_Asia_Singapore_47 = 0.02 s
[ 3960/31251] TestTimeTZ#test_gen_America_Los_Angeles_10 = 0.03 s
[ 3961/31251] TestTimeTZ#test_utc_names = 0.02 s
[ 3962/31251] TestTimeTZ#test_gen_America_Los_Angeles_12 = 0.03 s
[ 3963/31251] TestTimeTZ#test_gen_America_Los_Angeles_14 = 0.02 s
[ 3964/31251] TestTimeTZ#test_gen_Europe_London_67 = 0.03 s
[ 3965/31251] TestTimeTZ#test_asia_tokyo = 0.03 s
[ 3966/31251] TestTimeTZ#test_gen_America_Managua_17 = 0.03 s
[ 3967/31251] TestTimeTZ#test_gen_Europe_London_65 = 0.03 s
[ 3968/31251] TestTimeTZ#test_gen_America_Managua_15 = 0.03 s
[ 3969/31251] TestTimeTZ#test_gen_America_Managua_19 = 0.02 s
[ 3970/31251] TestTimeTZ#test_gen_Europe_London_69 = 0.03 s
[ 3971/31251] TestTimeTZ#test_gen_Pacific_Kiritimati_90 = 0.03 s
[ 3972/31251] TestTimeTZ#test_gen_Pacific_Kiritimati_92 = 0.04 s
[ 3973/31251] TestTimeTZ#test_gen_America_St_Johns_76 = 0.03 s
[ 3974/31251] TestTimeTZ#test_america_managua = 0.03 s
[ 3975/31251] TestTimeTZ#test_gen_America_Lima_28 = 0.03 s
[ 3976/31251] TestTimeTZ#test_gen_America_St_Johns_74 = 0.04 s
[ 3977/31251] TestTimeTZ#test_gen_Europe_Brussels_78 = 0.04 s
[ 3978/31251] TestTimeTZ#test_gen_America_Los_Angeles_9 = 0.03 s
[ 3979/31251] TestTimeTZ#test_gen_America_Managua_20 = 0.03 s
[ 3980/31251] TestTimeTZ#test_gen_America_Los_Angeles_7 = 0.03 s
[ 3981/31251] TestTimeTZ#test_gen_America_Lima_24 = 0.03 s
[ 3982/31251] TestTimeTZ#test_gen_Asia_Tokyo_56 = 0.03 s
[ 3983/31251] TestTimeTZ#test_gen_America_Managua_43 = 0.02 s
[ 3984/31251] TestTimeTZ#test_gen_America_Lima_26 = 0.04 s
[ 3985/31251] TestTimeTZ#test_gen_Asia_Tokyo_54 = 0.04 s
[ 3986/31251] TestTimeTZ#test_gen_America_Managua_41 = 0.04 s
[ 3987/31251] TestTimeTZ#test_gen_Asia_Tokyo_52 = 0.03 s
[ 3988/31251] TestTimeTZ#test_gen_Asia_Tokyo_50 = 0.02 s
[ 3989/31251] TestTimeTZ#test_europe_berlin = 0.03 s
[ 3990/31251] TestTimeTZ#test_gen_Asia_Tokyo_49 = 0.03 s
[ 3991/31251] TestTimeTZ#test_america_los_angeles = 0.07 s
[ 3992/31251] TestTimeTZ#test_gen_America_Managua_39 = 0.03 s
[ 3993/31251] TestTimeTZ#test_gen_America_Los_Angeles_34 = 0.04 s
[ 3994/31251] TestTimeTZ#test_gen_Europe_Brussels_61 = 0.03 s
[ 3995/31251] TestTimeTZ#test_gen_Europe_London_83 = 0.05 s
[ 3996/31251] TestTimeTZ#test_europe_brussels = 0.04 s
[ 3997/31251] TestTimeTZ#test_gen_Europe_Brussels_63 = 0.02 s
[ 3998/31251] TestTimeTZ#test_gen_America_Los_Angeles_36 = 0.03 s
[ 3999/31251] TestTimeTZ#test_gen_Europe_London_81 = 0.04 s
[ 4000/31251] TestTimeTZ#test_gen_America_Los_Angeles_30 = 0.04 s
[ 4001/31251] TestTimeTZ#test_gen_Europe_London_87 = 0.03 s
[ 4002/31251] TestTimeTZ#test_gen_America_Los_Angeles_32 = 0.03 s
[ 4003/31251] TestTimeTZ#test_gen_Europe_London_85 = 0.03 s
[ 4004/31251] TestIOWait#test_wait_mask_zero = 0.03 s
[ 4005/31251] TestIOWait#test_wait_forever = 0.06 s
[ 4006/31251] TestIOWait#test_wait_writable_timeout = 0.08 s
[ 4007/31251] TestIOWait#test_wait_eof = 0.07 s
[ 4008/31251] TestIOWait#test_ready? = 1.05 s
[ 4009/31251] TestIOWait#test_wait_mask_writable = 0.02 s
[ 4010/31251] TestIOWait#test_wait_readable = 0.03 s
[ 4011/31251] TestIOWait#test_nread = 1.04 s
[ 4012/31251] TestIOWait#test_wait_mask_readable = 0.03 s
[ 4013/31251] TestIOWait#test_wait_readable_buffered = 0.02 s
[ 4014/31251] TestIOWait#test_wait_writable_closed = 0.02 s
[ 4015/31251] TestIOWait#test_wait_writable = 0.02 s
[ 4016/31251] TestIOWait#test_wait = 1.05 s
[ 4017/31251] TestIOWait#test_nread_buffered = 0.02 s
[ 4018/31251] TestIOWait#test_wait_writable_EPIPE = 0.05 s
[ 4019/31251] TestIOWait#test_wait_readable_eof = 0.05 s
[ 4020/31251] TestIOWait#test_wait_readwrite_timeout = 0.08 s
[ 4021/31251] TestIOWait#test_wait_readwrite = 0.02 s
[ 4022/31251] TestIOWait#test_buffered_ready? = 0.02 s
[ 4023/31251] TestIOWait#test_wait_mask_negative = 0.02 s
[ 4024/31251] TestIOWait#test_wait_buffered = 0.02 s
[ 4025/31251] TestIOWait#test_wait_readable_forever = 0.05 s
[ 4026/31251] TestGemRemoteFetchError#test_to_s = 1.10 s
[ 4027/31251] TestGemRemoteFetchError#test_invalid_url = 1.06 s
[ 4028/31251] TestGemRemoteFetchError#test_password_redacted = 1.06 s
[ 4029/31251] Test_NotImplement#test_respond_to = 0.03 s
[ 4030/31251] Test_NotImplement#test_funcall_notimplement = 0.02 s
[ 4031/31251] Test_NotImplement#test_not_method_defined = 0.01 s
[ 4032/31251] Test_NotImplement#test_method_inspect_notimplement = 0.02 s
[ 4033/31251] Test_NotImplement#test_not_private_method_defined = 0.01 s
[ 4034/31251] Test_NotImplement#test_not_protected_method_defined = 0.02 s
[ 4035/31251] TestGemSourceList#test_replace = 1.07 s
[ 4036/31251] TestGemSourceList#test_to_a = 1.05 s
[ 4037/31251] TestGemSourceList#test_Enumerable = 1.05 s
[ 4038/31251] TestGemSourceList#test_equal_to_another_list = 1.06 s
[ 4039/31251] TestGemSourceList#test_each = 1.05 s
[ 4040/31251] TestGemSourceList#test_each_source = 1.07 s
[ 4041/31251] TestGemSourceList#test_include_matches_a_source = 1.08 s
[ 4042/31251] TestGemSourceList#test_append = 1.08 s
[ 4043/31251] TestGemSourceList#test_empty? = 1.07 s
[ 4044/31251] TestGemSourceList#test_include_eh = 1.07 s
[ 4045/31251] TestGemSourceList#test_equal_to_array = 1.07 s
[ 4046/31251] TestGemSourceList#test_delete = 1.07 s
[ 4047/31251] TestGemSourceList#test_delete_a_source = 1.07 s
[ 4048/31251] TestGemSourceList#test_clear = 1.07 s
[ 4049/31251] TestGemSourceList#test_self_from = 1.07 s
[ 4050/31251] TestIRB::IrbLoadTest#test_irb_load = 0.63 s
[ 4051/31251] TestIRB::IrbLoadTest#test_irb_load_without_argument = 0.24 s
[ 4052/31251] TestFileUtils#test_ln_symlink = 1.65 s
[ 4053/31251] TestFileUtils#test_chown_R = 1.83 s
[ 4054/31251] TestFileUtils#test_chdir = 1.47 s
[ 4055/31251] TestFileUtils#test_mkdir_p_pathname = 1.45 s
[ 4056/31251] TestFileUtils#test_cp_pathname = 1.57 s
[ 4057/31251] TestFileUtils#test_s_chmod_verbose = 2.34 s
[ 4058/31251] TestFileUtils#test_install_broken_symlink = 1.52 s
[ 4059/31251] TestFileUtils#test_ln_broken_symlink = 1.50 s
[ 4060/31251] TestFileUtils#test_chown_R_verbose = 2.03 s
[ 4061/31251] TestFileUtils#test_collect_methods = 1.47 s
[ 4062/31251] TestFileUtils#test_ln_sr_broken_symlink = 1.49 s
[ 4063/31251] TestFileUtils#test_chown_verbose = 1.65 s
[ 4064/31251] TestFileUtils#test_rm_rf = 1.88 s
[ 4065/31251] TestFileUtils#test_cp_r_pathname = 1.56 s
[ 4066/31251] TestFileUtils#test_remove_file_file_perm = 1.47 s
[ 4067/31251] TestFileUtils#test_cp_r_socket = 1.70 s
[ 4068/31251] TestFileUtils#test_safe_unlink = 1.46 s
[ 4069/31251] TestFileUtils#test_rm_r_symlink = 1.48 s
[ 4070/31251] TestFileUtils#test_touch = 1.46 s
[ 4071/31251] TestFileUtils#test_cp_r_fifo = 1.60 s
[ 4072/31251] TestFileUtils#test_makedirs = 1.45 s
[ 4073/31251] TestFileUtils#test_cp_preserve_permissions_dir = 1.59 s
[ 4074/31251] TestFileUtils#test_mkdir_file_perm = 1.60 s
[ 4075/31251] TestFileUtils#test_remove_entry_secure_symlink = 1.50 s
[ 4076/31251] TestFileUtils#test_install_group_option = 1.49 s
[ 4077/31251] TestFileUtils#test_compare_stream = 1.52 s
[ 4078/31251] TestFileUtils#test_chown_R_force = 1.80 s
[ 4079/31251] TestFileUtils#test_rm = 1.59 s
[ 4080/31251] TestFileUtils#test_ln_s_broken_symlink = 1.48 s
[ 4081/31251] TestFileUtils#test_copy_stream_duck = 1.63 s
[ 4082/31251] TestFileUtils#test_chmod = 1.49 s
[ 4083/31251] TestFileUtils#test_cp_r = 3.22 s
[ 4084/31251] TestFileUtils#test_options_of = 1.45 s
[ 4085/31251] TestFileUtils#test_copy_file = 1.56 s
[ 4086/31251] TestFileUtils#test_copy_entry = 1.72 s
[ 4087/31251] TestFileUtils#test_ln = 1.66 s
[ 4088/31251] TestFileUtils#test_copy_entry_symlink_remove_destination = 1.52 s
[ 4089/31251] TestFileUtils#test_chown_dir_user_ownership_not_recursive_with_root = 1.73 s
[ 4090/31251] TestFileUtils#test_commands = 1.43 s
[ 4091/31251] TestFileUtils#test_install_owner_option = 1.48 s
[ 4092/31251] TestFileUtils#test_remove_dir = 1.48 s
[ 4093/31251] TestFileUtils#test_rmtree = 1.54 s
[ 4094/31251] TestFileUtils#test_mkdir_lf_in_path = 1.44 s
[ 4095/31251] TestFileUtils#test_install_symlink = 1.47 s
[ 4096/31251] TestFileUtils#test_rm_symlink = 1.91 s
[ 4097/31251] TestFileUtils#test_cp_r_dev = 1.72 s
[ 4098/31251] TestFileUtils#test_cp_r_symlink_remove_destination = 1.60 s
[ 4099/31251] TestFileUtils#test_mkdir_p = 7.99 s
[ 4100/31251] TestFileUtils#test_mkdir = 1.93 s
[ 4101/31251] TestFileUtils#test_ln_sr_pathname = 1.51 s
[ 4102/31251] TestFileUtils#test_cp_symlink = 1.49 s
[ 4103/31251] TestFileUtils#test_ln_s = 1.51 s
[ 4104/31251] TestFileUtils#test_rm_r_pathname = 1.56 s
[ 4105/31251] TestFileUtils#test_ln_sf_broken_symlink = 1.62 s
[ 4106/31251] TestFileUtils#test_getwd = 1.45 s
[ 4107/31251] TestFileUtils#test_pwd = 1.47 s
[ 4108/31251] TestFileUtils#test_chown_R_with_root = 1.92 s
[ 4109/31251] TestFileUtils#test_mv_broken_symlink = 1.50 s
[ 4110/31251] TestFileUtils#test_ln_sf_pathname = 1.48 s
[ 4111/31251] TestFileUtils#test_compare_file = 1.43 s
[ 4112/31251] TestFileUtils#test_rm_f = 1.68 s
[ 4113/31251] TestFileUtils#test_remove_entry_secure_pathname = 1.52 s
[ 4114/31251] TestFileUtils#test_mv_pathname = 1.50 s
[ 4115/31251] TestFileUtils#test_install = 1.63 s
[ 4116/31251] TestFileUtils#test_mkdir_pathname = 1.64 s
[ 4117/31251] TestFileUtils#test_chmod_symbol_mode_R = 1.75 s
[ 4118/31251] TestFileUtils#test_chown_R_noop = 2.15 s
[ 4119/31251] TestFileUtils#test_cmp = 1.66 s
[ 4120/31251] TestFileUtils#test_options = 1.44 s
[ 4121/31251] TestFileUtils#test_symlink = 1.45 s
[ 4122/31251] TestFileUtils#test_copy_stream = 1.69 s
[ 4123/31251] TestFileUtils#test_chdir_verbose = 4.26 s
[ 4124/31251] TestFileUtils#test_rm_r = 2.06 s
[ 4125/31251] TestFileUtils#test_chown_noop = 1.87 s
[ 4126/31251] TestFileUtils#test_rm_pathname = 1.49 s
[ 4127/31251] TestFileUtils#test_mv = 2.01 s
[ 4128/31251] TestFileUtils#test_rm_f_2 = 1.46 s
[ 4129/31251] TestFileUtils#test_install_pathname = 4.30 s
[ 4130/31251] TestFileUtils#test_mkpath = 1.45 s
[ 4131/31251] TestFileUtils#test_cp_preserve_permissions = 1.47 s
[ 4132/31251] TestFileUtils#test_remove_file = 1.43 s
[ 4133/31251] TestFileUtils#test_mkdir_p_file_perm = 1.43 s
[ 4134/31251] TestFileUtils#test_ln_s_pathname = 1.44 s
[ 4135/31251] TestFileUtils#test_cp_r_symlink = 1.60 s
[ 4136/31251] TestFileUtils#test_chown = 2.89 s
[ 4137/31251] TestFileUtils#test_copy_entry_symlink = 1.61 s
[ 4138/31251] TestFileUtils#test_cd_result = 1.48 s
[ 4139/31251] TestFileUtils#test_chown_dir_group_ownership_not_recursive = 1.67 s
[ 4140/31251] TestFileUtils#test_uptodate? = 1.64 s
[ 4141/31251] TestFileUtils#test_remove_dir_file_perm = 1.48 s
[ 4142/31251] TestFileUtils#test_rm_r_no_permissions = 1.72 s
[ 4143/31251] TestFileUtils#test_chmod_symbol_mode = 1.96 s
[ 4144/31251] TestFileUtils#test_remove_entry_multibyte_path = 1.93 s
[ 4145/31251] TestFileUtils#test_remove_entry_secure = 2.55 s
[ 4146/31251] TestFileUtils#test_with_big_file = 7.45 s
[ 4147/31251] TestFileUtils#test_ln_sr = 1.57 s
[ 4148/31251] TestFileUtils#test_cp_r_symlink_preserve = 1.64 s
[ 4149/31251] TestFileUtils#test_cd = 1.44 s
[ 4150/31251] TestFileUtils#test_link = 1.73 s
[ 4151/31251] TestFileUtils#test_rmdir = 1.53 s
[ 4152/31251] TestFileUtils#test_chown_with_root = 2.52 s
[ 4153/31251] TestFileUtils#test_move = 3.49 s
[ 4154/31251] TestFileUtils#test_have_option? = 3.01 s
[ 4155/31251] TestFileUtils#test_chown_error = 2.33 s
[ 4156/31251] TestFileUtils#test_identical? = 1.46 s
[ 4157/31251] TestFileUtils#test_chmod_verbose = 1.77 s
[ 4158/31251] TestFileUtils#test_remove_entry_cjk_path = 1.92 s
[ 4159/31251] TestFileUtils#test_chmod_R = 1.64 s
[ 4160/31251] TestFileUtils#test_chdir_verbose_frozen = 1.50 s
[ 4161/31251] TestFileUtils#test_mv_symlink = 1.50 s
[ 4162/31251] TestFileUtils#test_ln_pathname = 1.48 s
[ 4163/31251] TestFileUtils#test_cp = 2.24 s
[ 4164/31251] TestFileUtils#test_install_mode_option = 1.97 s
[ 4165/31251] TestFileUtils#test_ln_sf = 1.65 s
[ 4166/31251] TestFileUtils#test_assert_output_lines = 1.66 s
[ 4167/31251] TestFileUtils#test_cp_lr = 2.81 s
[ 4168/31251] TSortTest#test_dag = 0.07 s
[ 4169/31251] TSortTest#test_s_tsort_each = 0.04 s
[ 4170/31251] TSortTest#test_s_each_strongly_connected_component_from = 0.03 s
[ 4171/31251] TSortTest#test_s_each_strongly_connected_component = 0.04 s
[ 4172/31251] TSortTest#test_cycle = 0.04 s
[ 4173/31251] TSortTest#test_array = 0.04 s
[ 4174/31251] TSortTest#test_s_strongly_connected_components = 0.03 s
[ 4175/31251] TSortTest#test_s_tsort = 0.03 s
[ 4176/31251] TestWhileuntil#test_until = 0.03 s
[ 4177/31251] TestWhileuntil#test_while = 0.17 s
[ 4178/31251] TestWhileuntil#test_begin_while = 0.02 s
[ 4179/31251] JSONGenericObjectTest#test_parse_json = 0.40 s
[ 4180/31251] JSONGenericObjectTest#test_from_hash = 0.06 s
[ 4181/31251] JSONGenericObjectTest#test_generate_json = 0.04 s
[ 4182/31251] JSONGenericObjectTest#test_attributes = 0.03 s
[ 4183/31251] JSONGenericObjectTest#test_json_generic_object_load = 0.07 s
[ 4184/31251] TestData#test_with = 0.09 s
[ 4185/31251] TestData#test_initialize = 0.05 s
[ 4186/31251] TestData#test_frozen_subclass = 0.02 s
[ 4187/31251] TestData#test_define_edge_cases = 0.04 s
[ 4188/31251] TestData#test_initialize_redefine = 0.03 s
[ 4189/31251] TestData#test_hash = 0.34 s
[ 4190/31251] TestData#test_marshal = 0.02 s
[ 4191/31251] TestData#test_instance_behavior = 0.05 s
[ 4192/31251] TestData#test_define_with_block = 0.02 s
[ 4193/31251] TestData#test_define = 0.04 s
[ 4194/31251] TestData#test_with_initialize = 0.03 s
[ 4195/31251] TestData#test_equal = 0.02 s
[ 4196/31251] TestData#test_memberless = 0.03 s
[ 4197/31251] TestData#test_eql = 0.02 s
[ 4198/31251] TestData#test_inspect = 0.03 s
[ 4199/31251] TestData#test_dup = 0.02 s
[ 4200/31251] TestIRB::EchoingTest#test_irb_echos_by_default = 0.06 s
[ 4201/31251] TestIRB::EchoingTest#test_irb_doesnt_echo_line_with_semicolon = 0.04 s
[ 4202/31251] PrettyPrintTest::Fill#test_27 = 0.06 s
[ 4203/31251] PrettyPrintTest::Fill#test_07_10 = 0.06 s
[ 4204/31251] PrettyPrintTest::Fill#test_11_14 = 0.06 s
[ 4205/31251] PrettyPrintTest::Fill#test_15_18 = 0.06 s
[ 4206/31251] PrettyPrintTest::Fill#test_19_22 = 0.06 s
[ 4207/31251] PrettyPrintTest::Fill#test_23_26 = 0.06 s
[ 4208/31251] PrettyPrintTest::Fill#test_00_06 = 0.06 s
[ 4209/31251] TestGemResolverInstallerSet#test_add_always_install_prerelease_only = 2.22 s
[ 4210/31251] TestGemResolverInstallerSet#test_consider_local_eh = 1.44 s
[ 4211/31251] TestGemResolverInstallerSet#test_load_spec = 2.58 s
[ 4212/31251] TestGemResolverInstallerSet#test_errors = 1.97 s
[ 4213/31251] TestGemResolverInstallerSet#test_find_all_prerelease_dependencies_with_add_local = 2.3
7 s
[ 4214/31251] TestGemResolverInstallerSet#test_remote_equals_local = 1.42 s
[ 4215/31251] TestGemResolverInstallerSet#test_add_always_install_platform_if_gem_platforms_modified
_by_platform_flag = 2.11 s
[ 4216/31251] TestGemResolverInstallerSet#test_prefetch = 1.44 s
[ 4217/31251] TestGemResolverInstallerSet#test_add_always_install_platform = 2.11 s
[ 4218/31251] TestGemResolverInstallerSet#test_remote_equals_both = 1.43 s
[ 4219/31251] TestGemResolverInstallerSet#test_add_always_install_index_spec_platform = 2.12 s
[ 4220/31251] TestGemResolverInstallerSet#test_consider_remote_eh = 1.44 s
[ 4221/31251] TestGemResolverInstallerSet#test_add_always_install_errors = 1.64 s
[ 4222/31251] TestGemResolverInstallerSet#test_remote_equals_remote = 1.42 s
[ 4223/31251] TestGemResolverInstallerSet#test_add_always_install_prerelease = 2.11 s
[ 4224/31251] TestGemResolverInstallerSet#test_add_always_install = 2.44 s
[ 4225/31251] TestGemResolverInstallerSet#test_add_always_install_prerelease_github_problem = 2.46 s
[ 4226/31251] TestGemResolverInstallerSet#test_find_all_prerelease = 2.43 s
[ 4227/31251] TestGemResolverInstallerSet#test_find_all_always_install = 2.48 s
[ 4228/31251] TestGemResolverInstallerSet#test_add_local = 2.42 s
[ 4229/31251] TestGemResolverInstallerSet#test_prerelease_equals = 1.42 s
[ 4230/31251] TestGemExtCargoBuilderLinkFlagConverter#test_libstatic_with_colon = 1.08 s
[ 4231/31251] TestGemExtCargoBuilderLinkFlagConverter#test_lib_with_nonascii = 1.08 s
[ 4232/31251] TestGemExtCargoBuilderLinkFlagConverter#test_so_with_colon_space = 1.07 s
[ 4233/31251] TestGemExtCargoBuilderLinkFlagConverter#test_framework = 1.07 s
[ 4234/31251] TestGemExtCargoBuilderLinkFlagConverter#test_search_path_basic = 1.07 s
[ 4235/31251] TestGemExtCargoBuilderLinkFlagConverter#test_verbose_lib_space = 1.07 s
[ 4236/31251] TestGemExtCargoBuilderLinkFlagConverter#test_dll_with_colon_space = 1.08 s
[ 4237/31251] TestGemExtCargoBuilderLinkFlagConverter#test_dylib_with_colon_space = 1.07 s
[ 4238/31251] TestGemExtCargoBuilderLinkFlagConverter#test_search_path_space = 1.07 s
[ 4239/31251] TestGemExtCargoBuilderLinkFlagConverter#test_simple_lib_space = 1.07 s
[ 4240/31251] TestGemExtCargoBuilderLinkFlagConverter#test_libstatic_with_colon_space = 1.09 s
[ 4241/31251] TestGemExtCargoBuilderLinkFlagConverter#test_framework_space = 1.32 s
[ 4242/31251] TestGemExtCargoBuilderLinkFlagConverter#test_unconventional_lib_with_colon = 1.25 s
[ 4243/31251] TestGemExtCargoBuilderLinkFlagConverter#test_simple_lib = 1.24 s
[ 4244/31251] TestGemExtCargoBuilderLinkFlagConverter#test_search_path_space_in_path = 1.27 s
[ 4245/31251] TestGemExtCargoBuilderLinkFlagConverter#test_non_lib_dash_l = 1.20 s
[ 4246/31251] TestDigest::TestSHA2#test_s_file = 0.06 s
[ 4247/31251] TestMkmfSignedness#test_typeof_typedef = 0.96 s
[ 4248/31251] TestMkmfSignedness#test_typeof_builtin = 0.36 s
[ 4249/31251] TestOptionParserReqArg::Def2#test_require_exact = 0.60 s
[ 4250/31251] TestOptionParserReqArg::Def2#test_lambda = 0.06 s
[ 4251/31251] TestOptionParserReqArg::Def2#test_long = 0.15 s
[ 4252/31251] TestOptionParserReqArg::Def2#test_permute = 0.12 s
[ 4253/31251] TestOptionParserReqArg::Def2#test_raise_unknown = 0.18 s
[ 4254/31251] TestOptionParserReqArg::Def2#test_help_pager = 28.54 s
[ 4255/31251] TestOptionParserReqArg::Def2#test_regexp = 0.06 s
[ 4256/31251] TestOptionParserReqArg::Def2#test_hyphenize = 0.10 s
[ 4257/31251] TestOptionParserReqArg::Def2#test_short = 0.11 s
[ 4258/31251] TestOptionParserReqArg::Def2#test_order = 0.11 s
[ 4259/31251] TestOptionParserReqArg::Def2#test_abbrev = 0.33 s
[ 4260/31251] TestOptionParserReqArg::Def2#test_exact_option = 0.56 s
[ 4261/31251] TestOptionParserReqArg::Def2#test_into = 0.21 s
[ 4262/31251] TestOptionParserReqArg::Def2#test_nonopt_pattern = 0.10 s
[ 4263/31251] RDocMarkupIncludeTest#test_equals2 = 0.17 s
[ 4264/31251] Prism::FixturesTest#"test_seattlerb/dstr_evstr.txt" = 0.03 s
[ 4265/31251] Prism::FixturesTest#"test_seattlerb/dot3_nil__26.txt" = 0.02 s
[ 4266/31251] Prism::FixturesTest#"test_whitequark/forwarded_restarg.txt" = 0.02 s
[ 4267/31251] Prism::FixturesTest#"test_whitequark/class_super_label.txt" = 0.02 s
[ 4268/31251] Prism::FixturesTest#"test_whitequark/send_index.txt" = 0.02 s
[ 4269/31251] Prism::FixturesTest#"test_seattlerb/block_command_operation_dot.txt" = 0.02 s
[ 4270/31251] Prism::FixturesTest#"test_seattlerb/heredoc_with_extra_carriage_horrible_mix.txt" = 0.
02 s
[ 4271/31251] Prism::FixturesTest#"test_unparser/corpus/semantic/block.txt" = 0.02 s
[ 4272/31251] Prism::FixturesTest#"test_whitequark/ruby_bug_14690.txt" = 0.02 s
[ 4273/31251] Prism::FixturesTest#"test_range_end_open_exclusive.txt" = 0.02 s
[ 4274/31251] Prism::FixturesTest#"test_seattlerb/case_in_else.txt" = 0.02 s
[ 4275/31251] Prism::FixturesTest#"test_heredocs_with_ignored_newlines.txt" = 0.02 s
[ 4276/31251] Prism::FixturesTest#"test_dsym_str.txt" = 0.02 s
[ 4277/31251] Prism::FixturesTest#"test_next.txt" = 0.03 s
[ 4278/31251] Prism::FixturesTest#"test_whitequark/op_asgn_index_cmd.txt" = 0.02 s
[ 4279/31251] Prism::FixturesTest#"test_whitequark/bug_cmd_string_lookahead.txt" = 0.02 s
[ 4280/31251] Prism::FixturesTest#"test_seattlerb/call_not.txt" = 0.02 s
[ 4281/31251] Prism::FixturesTest#"test_seattlerb/call_trailing_comma.txt" = 0.02 s
[ 4282/31251] Prism::FixturesTest#"test_dstring.txt" = 0.02 s
[ 4283/31251] Prism::FixturesTest#"test_whitequark/send_op_asgn_conditional.txt" = 0.02 s
[ 4284/31251] Prism::FixturesTest#"test_seattlerb/integer_with_if_modifier.txt" = 0.02 s
[ 4285/31251] Prism::FixturesTest#"test_unparser/corpus/literal/since/30.txt" = 0.02 s
[ 4286/31251] Prism::FixturesTest#"test_seattlerb/block_decomp_anon_splat_arg.txt" = 0.02 s
[ 4287/31251] Prism::FixturesTest#"test_unless.txt" = 0.02 s
[ 4288/31251] Prism::FixturesTest#"test_seattlerb/regexp_esc_C_slash.txt" = 0.02 s
[ 4289/31251] Prism::FixturesTest#"test_whitequark/hash_empty.txt" = 0.02 s
[ 4290/31251] Prism::FixturesTest#"test_seattlerb/call_env.txt" = 0.02 s
[ 4291/31251] Prism::FixturesTest#"test_seattlerb/defn_oneliner_noargs_parentheses.txt" = 0.02 s
[ 4292/31251] Prism::FixturesTest#"test_seattlerb/masgn_anon_splat_arg.txt" = 0.02 s
[ 4293/31251] Prism::FixturesTest#"test_seattlerb/masgn_splat_arg.txt" = 0.02 s
[ 4294/31251] Prism::FixturesTest#"test_heredoc_with_trailing_newline.txt" = 0.02 s
[ 4295/31251] Prism::FixturesTest#"test_whitequark/parser_bug_507.txt" = 0.02 s
[ 4296/31251] Prism::FixturesTest#"test_seattlerb/begin_ensure_no_bodies.txt" = 0.02 s
[ 4297/31251] Prism::FixturesTest#"test_seattlerb/defn_oneliner.txt" = 0.02 s
[ 4298/31251] Prism::FixturesTest#"test_seattlerb/parse_line_dot2_open.txt" = 0.02 s
[ 4299/31251] Prism::FixturesTest#"test_whitequark/var_or_asgn.txt" = 0.02 s
[ 4300/31251] Prism::FixturesTest#"test_seattlerb/bug_args_masgn_outer_parens__19.txt" = 0.02 s
[ 4301/31251] Prism::FixturesTest#"test_unparser/corpus/literal/send.txt" = 0.02 s
[ 4302/31251] Prism::FixturesTest#"test_seattlerb/in_expr_no_case.txt" = 0.02 s
[ 4303/31251] Prism::FixturesTest#"test_seattlerb/difficult7_.txt" = 0.02 s
[ 4304/31251] Prism::FixturesTest#"test_seattlerb/rhs_asgn.txt" = 0.02 s
[ 4305/31251] Prism::FixturesTest#"test_seattlerb/method_call_trailing_comma.txt" = 0.02 s
[ 4306/31251] Prism::FixturesTest#"test_newline_terminated.txt" = 0.02 s
[ 4307/31251] Prism::FixturesTest#"test_seattlerb/difficult3__9.txt" = 0.02 s
[ 4308/31251] Prism::FixturesTest#"test_seattlerb/safe_call_newline.txt" = 0.02 s
[ 4309/31251] Prism::FixturesTest#"test_whitequark/optarg.txt" = 0.02 s
[ 4310/31251] Prism::FixturesTest#"test_whitequark/slash_newline_in_heredocs.txt" = 0.02 s
[ 4311/31251] Prism::FixturesTest#"test_whitequark/sclass.txt" = 0.02 s
[ 4312/31251] Prism::FixturesTest#"test_seattlerb/parse_line_call_no_args.txt" = 0.02 s
[ 4313/31251] Prism::FixturesTest#"test_seattlerb/defn_kwarg_lvar.txt" = 0.02 s
[ 4314/31251] Prism::FixturesTest#"test_whitequark/dedenting_heredoc.txt" = 0.02 s
[ 4315/31251] Prism::FixturesTest#"test_seattlerb/case_in_find.txt" = 0.02 s
[ 4316/31251] Prism::FixturesTest#"test_seattlerb/qwords_empty.txt" = 0.02 s
[ 4317/31251] Prism::FixturesTest#"test_whitequark/cvar.txt" = 0.02 s
[ 4318/31251] Prism::FixturesTest#"test_seattlerb/bug_215.txt" = 0.02 s
[ 4319/31251] Prism::FixturesTest#"test_whitequark/send_index_asgn.txt" = 0.02 s
[ 4320/31251] Prism::FixturesTest#"test_seattlerb/parse_if_not_canonical.txt" = 0.02 s
[ 4321/31251] Prism::FixturesTest#"test_ternary_operator.txt" = 0.02 s
[ 4322/31251] Prism::FixturesTest#"test_seattlerb/qWords_space.txt" = 0.02 s
[ 4323/31251] Prism::FixturesTest#"test_boolean_operators.txt" = 0.02 s
[ 4324/31251] Prism::FixturesTest#"test_seattlerb/block_arg_opt_arg_block.txt" = 0.02 s
[ 4325/31251] Prism::FixturesTest#"test_whitequark/string_concat.txt" = 0.02 s
[ 4326/31251] Prism::FixturesTest#"test_nils.txt" = 0.02 s
[ 4327/31251] Prism::FixturesTest#"test_whitequark/masgn_nested.txt" = 0.02 s
[ 4328/31251] Prism::FixturesTest#"test_seattlerb/masgn_arg_colon_arg.txt" = 0.02 s
[ 4329/31251] Prism::FixturesTest#"test_seattlerb/defn_oneliner_eq2.txt" = 0.02 s
[ 4330/31251] Prism::FixturesTest#"test_seattlerb/parse_if_not_noncanonical.txt" = 0.02 s
[ 4331/31251] Prism::FixturesTest#"test_seattlerb/f_kw__required.txt" = 0.02 s
[ 4332/31251] Prism::FixturesTest#"test_seattlerb/bug_cond_pct.txt" = 0.02 s
[ 4333/31251] Prism::FixturesTest#"test_whitequark/bang_cmd.txt" = 0.02 s
[ 4334/31251] Prism::FixturesTest#"test_seattlerb/rescue_do_end_ensure_result.txt" = 0.02 s
[ 4335/31251] Prism::FixturesTest#"test_seattlerb/case_in_86.txt" = 0.02 s
[ 4336/31251] Prism::FixturesTest#"test_seattlerb/dstr_lex_state.txt" = 0.02 s
[ 4337/31251] Prism::FixturesTest#"test_whitequark/super.txt" = 0.02 s
[ 4338/31251] Prism::FixturesTest#"test_seattlerb/cond_unary_minus.txt" = 0.02 s
[ 4339/31251] Prism::FixturesTest#"test_whitequark/not_masgn__24.txt" = 0.02 s
[ 4340/31251] Prism::FixturesTest#"test_whitequark/hash_label.txt" = 0.02 s
[ 4341/31251] Prism::FixturesTest#"test_seattlerb/heredoc_squiggly_empty.txt" = 0.02 s
[ 4342/31251] Prism::FixturesTest#"test_seattlerb/block_splat_reg.txt" = 0.02 s
[ 4343/31251] Prism::FixturesTest#"test_seattlerb/qw_escape_term.txt" = 0.02 s
[ 4344/31251] Prism::FixturesTest#"test_seattlerb/iter_kwarg.txt" = 0.02 s
[ 4345/31251] Prism::FixturesTest#"test_seattlerb/thingy.txt" = 0.02 s
[ 4346/31251] Prism::FixturesTest#"test_seattlerb/masgn_arg_splat_arg.txt" = 0.02 s
[ 4347/31251] Prism::FixturesTest#"test_seattlerb/parse_while_not_noncanonical.txt" = 0.02 s
[ 4348/31251] Prism::FixturesTest#"test_seattlerb/pipe_space.txt" = 0.02 s
[ 4349/31251] Prism::FixturesTest#"test_strings.txt" = 0.02 s
[ 4350/31251] Prism::FixturesTest#"test_seattlerb/bug_249.txt" = 0.02 s
[ 4351/31251] Prism::FixturesTest#"test_seattlerb/dot2_nil__26.txt" = 0.02 s
[ 4352/31251] Prism::FixturesTest#"test_seattlerb/defn_kwarg_kwsplat_anon.txt" = 0.02 s
[ 4353/31251] Prism::FixturesTest#"test_global_variables.txt" = 0.02 s
[ 4354/31251] Prism::FixturesTest#"test_whitequark/space_args_block.txt" = 0.02 s
[ 4355/31251] Prism::FixturesTest#"test_seattlerb/parse_line_defn_complex.txt" = 0.02 s
[ 4356/31251] Prism::FixturesTest#"test_seattlerb/iter_args_7_2.txt" = 0.02 s
[ 4357/31251] Prism::FixturesTest#"test_seattlerb/safe_calls.txt" = 0.02 s
[ 4358/31251] Prism::FixturesTest#"test_seattlerb/call_assoc_new.txt" = 0.02 s
[ 4359/31251] Prism::FixturesTest#"test_whitequark/space_args_arg_block.txt" = 0.02 s
[ 4360/31251] Prism::FixturesTest#"test_whitequark/send_index_legacy.txt" = 0.02 s
[ 4361/31251] Prism::FixturesTest#"test_seattlerb/block_call_defn_call_block_call.txt" = 0.02 s
[ 4362/31251] Prism::FixturesTest#"test_seattlerb/mlhs_front_anonsplat.txt" = 0.02 s
[ 4363/31251] Prism::FixturesTest#"test_whitequark/bug_lambda_leakage.txt" = 0.02 s
[ 4364/31251] Prism::FixturesTest#"test_seattlerb/const_op_asgn_and1.txt" = 0.02 s
[ 4365/31251] Prism::FixturesTest#"test_seattlerb/parse_line_str_with_newline_escape.txt" = 0.02 s
[ 4366/31251] Prism::FixturesTest#"test_whitequark/ruby_bug_11107.txt" = 0.02 s
[ 4367/31251] Prism::FixturesTest#"test_whitequark/args_args_assocs.txt" = 0.02 s
[ 4368/31251] Prism::FixturesTest#"test_seattlerb/defn_arg_asplat_arg.txt" = 0.02 s
[ 4369/31251] Prism::FixturesTest#"test_seattlerb/defn_kwarg_env.txt" = 0.02 s
[ 4370/31251] Prism::FixturesTest#"test_methods.txt" = 0.02 s
[ 4371/31251] Prism::FixturesTest#"test_seattlerb/defs_oneliner_rescue.txt" = 0.02 s
[ 4372/31251] Prism::FixturesTest#"test_whitequark/hash_hashrocket.txt" = 0.02 s
[ 4373/31251] Prism::FixturesTest#"test_unparser/corpus/literal/kwbegin.txt" = 0.02 s
[ 4374/31251] Prism::FixturesTest#"test_xstring_with_backslash.txt" = 0.02 s
[ 4375/31251] Prism::FixturesTest#"test_until.txt" = 0.02 s
[ 4376/31251] Prism::FixturesTest#"test_seattlerb/index_0_opasgn.txt" = 0.02 s
[ 4377/31251] Prism::FixturesTest#"test_whitequark/forwarded_argument_with_restarg.txt" = 0.02 s
[ 4378/31251] Prism::FixturesTest#"test_seattlerb/block_args_opt1.txt" = 0.02 s
[ 4379/31251] Prism::FixturesTest#"test_seattlerb/block_kwarg_lvar.txt" = 0.02 s
[ 4380/31251] Prism::FixturesTest#"test_lambda.txt" = 0.02 s
[ 4381/31251] Prism::FixturesTest#"test_seattlerb/iter_args_4.txt" = 0.02 s
[ 4382/31251] Prism::FixturesTest#"test_whitequark/true.txt" = 0.02 s
[ 4383/31251] Prism::FixturesTest#"test_seattlerb/qw_escape.txt" = 0.02 s
[ 4384/31251] Prism::FixturesTest#"test_seattlerb/op_asgn_primary_colon_const_command_call.txt" = 0.
02 s
[ 4385/31251] Prism::FixturesTest#"test_seattlerb/masgn_splat_arg_arg.txt" = 0.02 s
[ 4386/31251] Prism::FixturesTest#"test_whitequark/send_plain_cmd.txt" = 0.02 s
[ 4387/31251] Prism::FixturesTest#"test_whitequark/keyword_argument_omission.txt" = 0.02 s
[ 4388/31251] Prism::FixturesTest#"test_whitequark/symbol_plain.txt" = 0.02 s
[ 4389/31251] Prism::FixturesTest#"test_whitequark/when_then.txt" = 0.02 s
[ 4390/31251] Prism::FixturesTest#"test_seattlerb/unary_plus_on_literal.txt" = 0.02 s
[ 4391/31251] Prism::FixturesTest#"test_whitequark/rescue_mod_masgn.txt" = 0.02 s
[ 4392/31251] Prism::FixturesTest#"test_seattlerb/call_array_lit_inline_hash.txt" = 0.02 s
[ 4393/31251] Prism::FixturesTest#"test_seattlerb/str_newline_hash_line_number.txt" = 0.02 s
[ 4394/31251] Prism::FixturesTest#"test_seattlerb/difficult3_3.txt" = 0.02 s
[ 4395/31251] Prism::FixturesTest#"test_whitequark/bang.txt" = 0.02 s
[ 4396/31251] Prism::FixturesTest#"test_seattlerb/defn_forward_args__no_parens.txt" = 0.02 s
[ 4397/31251] Prism::FixturesTest#"test_heredocs_with_ignored_newlines_and_non_empty.txt" = 0.02 s
[ 4398/31251] Prism::FixturesTest#"test_whitequark/pattern_matching_single_line_allowed_omission_of_
parentheses.txt" = 0.02 s
[ 4399/31251] Prism::FixturesTest#"test_whitequark/__ENCODING__.txt" = 0.02 s
[ 4400/31251] Prism::FixturesTest#"test_whitequark/if.txt" = 0.02 s
[ 4401/31251] Prism::FixturesTest#"test_whitequark/unless_else.txt" = 0.02 s
[ 4402/31251] Prism::FixturesTest#"test_seattlerb/defn_kwarg_kwarg.txt" = 0.02 s
[ 4403/31251] Prism::FixturesTest#"test_integer_operations.txt" = 0.02 s
[ 4404/31251] Prism::FixturesTest#"test_seattlerb/block_call_dot_op2_cmd_args_do_block.txt" = 0.02 s
[ 4405/31251] Prism::FixturesTest#"test_whitequark/and_asgn.txt" = 0.02 s
[ 4406/31251] Prism::FixturesTest#"test_seattlerb/block_arg_kwsplat.txt" = 0.02 s
[ 4407/31251] Prism::FixturesTest#"test_seattlerb/case_in_array_pat_const2.txt" = 0.02 s
[ 4408/31251] Prism::FixturesTest#"test_whitequark/when_multi.txt" = 0.02 s
[ 4409/31251] Prism::FixturesTest#"test_whitequark/for.txt" = 0.02 s
[ 4410/31251] Prism::FixturesTest#"test_seattlerb/str_backslashes.txt" = 0.02 s
[ 4411/31251] Prism::FixturesTest#"test_seattlerb/parse_until_not_noncanonical.txt" = 0.02 s
[ 4412/31251] Prism::FixturesTest#"test_seattlerb/parse_line_multiline_str_literal_n.txt" = 0.02 s
[ 4413/31251] Prism::FixturesTest#"test_seattlerb/rescue_do_end_no_raise.txt" = 0.02 s
[ 4414/31251] Prism::FixturesTest#"test_whitequark/send_index_cmd.txt" = 0.02 s
[ 4415/31251] Prism::FixturesTest#"test_seattlerb/heredoc_backslash_nl.txt" = 0.02 s
[ 4416/31251] Prism::FixturesTest#"test_seattlerb/attrasgn_array_lhs.txt" = 0.02 s
[ 4417/31251] Prism::FixturesTest#"test_whitequark/lparenarg_after_lvar__since_25.txt" = 0.02 s
[ 4418/31251] Prism::FixturesTest#"test_seattlerb/dsym_to_sym.txt" = 0.02 s
[ 4419/31251] Prism::FixturesTest#"test_arrays.txt" = 0.02 s
[ 4420/31251] Prism::FixturesTest#"test_seattlerb/op_asgn_primary_colon_identifier1.txt" = 0.02 s
[ 4421/31251] Prism::FixturesTest#"test_seattlerb/str_double_escaped_newline.txt" = 0.02 s
[ 4422/31251] Prism::FixturesTest#"test_seattlerb/call_stabby_do_end_with_block.txt" = 0.02 s
[ 4423/31251] Prism::FixturesTest#"test_whitequark/bug_do_block_in_call_args.txt" = 0.02 s
[ 4424/31251] Prism::FixturesTest#"test_seattlerb/begin_rescue_else_ensure_no_bodies.txt" = 0.02 s
[ 4425/31251] Prism::FixturesTest#"test_whitequark/cond_begin.txt" = 0.02 s
[ 4426/31251] Prism::FixturesTest#"test_unparser/corpus/literal/hookexe.txt" = 0.02 s
[ 4427/31251] Prism::FixturesTest#"test_seattlerb/parse_line_rescue.txt" = 0.02 s
[ 4428/31251] Prism::FixturesTest#"test_whitequark/array_words.txt" = 0.02 s
[ 4429/31251] Prism::FixturesTest#"test_seattlerb/BEGIN.txt" = 0.02 s
[ 4430/31251] Prism::FixturesTest#"test_seattlerb/mlhs_keyword.txt" = 0.02 s
[ 4431/31251] Prism::FixturesTest#"test_seattlerb/heredoc_trailing_slash_continued_call.txt" = 0.02
s
[ 4432/31251] Prism::FixturesTest#"test_whitequark/rescue_mod_asgn.txt" = 0.02 s
[ 4433/31251] Prism::FixturesTest#"test_whitequark/arg_duplicate_ignored.txt" = 0.02 s
[ 4434/31251] Prism::FixturesTest#"test_seattlerb/defs_kwarg.txt" = 0.02 s
[ 4435/31251] Prism::FixturesTest#"test_seattlerb/difficult3__12.txt" = 0.02 s
[ 4436/31251] Prism::FixturesTest#"test_whitequark/args_args_assocs_comma.txt" = 0.02 s
[ 4437/31251] Prism::FixturesTest#"test_seattlerb/bug_not_parens.txt" = 0.02 s
[ 4438/31251] Prism::FixturesTest#"test_seattlerb/block_decomp_arg_splat_arg.txt" = 0.02 s
[ 4439/31251] Prism::FixturesTest#"test_seattlerb/parse_pattern_076.txt" = 0.02 s
[ 4440/31251] Prism::FixturesTest#"test_heredoc_with_carriage_returns.txt" = 0.02 s
[ 4441/31251] Prism::FixturesTest#"test_seattlerb/uminus_float.txt" = 0.02 s
[ 4442/31251] Prism::FixturesTest#"test_whitequark/regex_interp.txt" = 0.02 s
[ 4443/31251] Prism::FixturesTest#"test_whitequark/if_masgn__24.txt" = 0.02 s
[ 4444/31251] Prism::FixturesTest#"test_seattlerb/pipe_semicolon.txt" = 0.02 s
[ 4445/31251] Prism::FixturesTest#"test_seattlerb/difficult6__7.txt" = 0.02 s
[ 4446/31251] Prism::FixturesTest#"test_seattlerb/eq_begin_line_numbers.txt" = 0.02 s
[ 4447/31251] Prism::FixturesTest#"test_seattlerb/defn_kwarg_val.txt" = 0.02 s
[ 4448/31251] Prism::FixturesTest#"test_unparser/corpus/literal/range.txt" = 0.02 s
[ 4449/31251] Prism::FixturesTest#"test_seattlerb/rescue_do_end_rescued.txt" = 0.02 s
[ 4450/31251] Prism::FixturesTest#"test_seattlerb/call_div.txt" = 0.02 s
[ 4451/31251] Prism::FixturesTest#"test_unparser/corpus/literal/dstr.txt" = 0.02 s
[ 4452/31251] Prism::FixturesTest#"test_whitequark/arg_label.txt" = 0.02 s
[ 4453/31251] Prism::FixturesTest#"test_seattlerb/case_in_array_pat_paren_assign.txt" = 0.02 s
[ 4454/31251] Prism::FixturesTest#"test_dash_heredocs.txt" = 0.02 s
[ 4455/31251] Prism::FixturesTest#"test_seattlerb/bug169.txt" = 0.02 s
[ 4456/31251] Prism::FixturesTest#"test_whitequark/send_attr_asgn.txt" = 0.02 s
[ 4457/31251] Prism::FixturesTest#"test_whitequark/casgn_scoped.txt" = 0.02 s
[ 4458/31251] Prism::FixturesTest#"test_unparser/corpus/literal/undef.txt" = 0.02 s
[ 4459/31251] Prism::FixturesTest#"test_whitequark/defined.txt" = 0.02 s
[ 4460/31251] Prism::FixturesTest#"test_unparser/corpus/literal/empty_begin.txt" = 0.02 s
[ 4461/31251] Prism::FixturesTest#"test_whitequark/rescue_without_begin_end.txt" = 0.02 s
[ 4462/31251] Prism::FixturesTest#"test_whitequark/send_lambda_args_shadow.txt" = 0.02 s
[ 4463/31251] Prism::FixturesTest#"test_whitequark/if_nl_then.txt" = 0.02 s
[ 4464/31251] Prism::FixturesTest#"test_seattlerb/unary_plus.txt" = 0.02 s
[ 4465/31251] Prism::FixturesTest#"test_xstring.txt" = 0.02 s
[ 4466/31251] Prism::FixturesTest#"test_seattlerb/difficult1_line_numbers.txt" = 0.02 s
[ 4467/31251] Prism::FixturesTest#"test_whitequark/ruby_bug_11380.txt" = 0.02 s
[ 4468/31251] Prism::FixturesTest#"test_seattlerb/iter_args_9_2.txt" = 0.02 s
[ 4469/31251] Prism::FixturesTest#"test_seattlerb/call_unary_bang.txt" = 0.02 s
[ 4470/31251] Prism::FixturesTest#"test_whitequark/zsuper.txt" = 0.02 s
[ 4471/31251] Prism::FixturesTest#"test_whitequark/trailing_forward_arg.txt" = 0.02 s
[ 4472/31251] Prism::FixturesTest#"test_seattlerb/parse_def_special_name.txt" = 0.02 s
[ 4473/31251] Prism::FixturesTest#"test_whitequark/bug_cmdarg.txt" = 0.02 s
[ 4474/31251] Prism::FixturesTest#"test_seattlerb/multiline_hash_declaration.txt" = 0.02 s
[ 4475/31251] Prism::FixturesTest#"test_seattlerb/block_arg_opt_splat.txt" = 0.02 s
[ 4476/31251] Prism::FixturesTest#"test_spanning_heredoc.txt" = 0.02 s
[ 4477/31251] Prism::FixturesTest#"test_whitequark/character.txt" = 0.02 s
[ 4478/31251] Prism::FixturesTest#"test_whitequark/ambiuous_quoted_label_in_ternary_operator.txt" =
0.02 s
[ 4479/31251] Prism::FixturesTest#"test_unparser/corpus/literal/assignment.txt" = 0.02 s
[ 4480/31251] Prism::FixturesTest#"test_seattlerb/call_colon_parens.txt" = 0.02 s
[ 4481/31251] Prism::FixturesTest#"test_whitequark/nil_expression.txt" = 0.02 s
[ 4482/31251] Prism::FixturesTest#"test_whitequark/args_star.txt" = 0.02 s
[ 4483/31251] Prism::FixturesTest#"test_whitequark/send_block_chain_cmd.txt" = 0.02 s
[ 4484/31251] Prism::FixturesTest#"test_unparser/corpus/literal/opasgn.txt" = 0.02 s
[ 4485/31251] Prism::FixturesTest#"test_seattlerb/defn_endless_command_rescue.txt" = 0.02 s
[ 4486/31251] Prism::FixturesTest#"test_seattlerb/alias_resword.txt" = 0.02 s
[ 4487/31251] Prism::FixturesTest#"test_whitequark/args_args_star.txt" = 0.02 s
[ 4488/31251] Prism::FixturesTest#"test_symbols.txt" = 0.02 s
[ 4489/31251] Prism::FixturesTest#"test_whitequark/ivar.txt" = 0.02 s
[ 4490/31251] Prism::FixturesTest#"test_seattlerb/block_decomp_arg_splat.txt" = 0.02 s
[ 4491/31251] Prism::FixturesTest#"test_not.txt" = 0.02 s
[ 4492/31251] Prism::FixturesTest#"test_seattlerb/bug_hash_interp_array.txt" = 0.02 s
[ 4493/31251] Prism::FixturesTest#"test_whitequark/xstring_plain.txt" = 0.02 s
[ 4494/31251] Prism::FixturesTest#"test_seattlerb/masgn_colon3.txt" = 0.02 s
[ 4495/31251] Prism::FixturesTest#"test_whitequark/bug_481.txt" = 0.02 s
[ 4496/31251] Prism::FixturesTest#"test_seattlerb/iter_args_11_1.txt" = 0.02 s
[ 4497/31251] Prism::FixturesTest#"test_whitequark/non_lvar_injecting_match.txt" = 0.02 s
[ 4498/31251] Prism::FixturesTest#"test_seattlerb/difficult2_.txt" = 0.02 s
[ 4499/31251] Prism::FixturesTest#"test_repeat_parameters.txt" = 0.02 s
[ 4500/31251] Prism::FixturesTest#"test_unparser/corpus/literal/class.txt" = 0.02 s
[ 4501/31251] Prism::FixturesTest#"test_whitequark/rescue.txt" = 0.02 s
[ 4502/31251] Prism::FixturesTest#"test_whitequark/array_words_interp.txt" = 0.02 s
[ 4503/31251] Prism::FixturesTest#"test_whitequark/casgn_toplevel.txt" = 0.02 s
[ 4504/31251] Prism::FixturesTest#"test_whitequark/ruby_bug_15789.txt" = 0.02 s
[ 4505/31251] Prism::FixturesTest#"test_whitequark/dedenting_interpolating_heredoc_fake_line_continu
ation.txt" = 0.02 s
[ 4506/31251] Prism::FixturesTest#"test_seattlerb/call_trailing_dots.txt" = 0.02 s
[ 4507/31251] Prism::FixturesTest#"test_whitequark/parser_bug_525.txt" = 0.02 s
[ 4508/31251] Prism::FixturesTest#"test_whitequark/forward_args_legacy.txt" = 0.02 s
[ 4509/31251] Prism::FixturesTest#"test_seattlerb/block_call_operation_dot.txt" = 0.02 s
[ 4510/31251] Prism::FixturesTest#"test_seattlerb/difficult3_4.txt" = 0.02 s
[ 4511/31251] Prism::FixturesTest#"test_seattlerb/parse_line_trailing_newlines.txt" = 0.02 s
[ 4512/31251] Prism::FixturesTest#"test_heredoc_with_escaped_newline_at_start.txt" = 0.02 s
[ 4513/31251] Prism::FixturesTest#"test_seattlerb/iter_args_11_2.txt" = 0.02 s
[ 4514/31251] Prism::FixturesTest#"test_whitequark/blockargs.txt" = 0.02 s
[ 4515/31251] Prism::FixturesTest#"test_whitequark/when_splat.txt" = 0.02 s
[ 4516/31251] Prism::FixturesTest#"test_whitequark/restarg_named.txt" = 0.02 s
[ 4517/31251] Prism::FixturesTest#"test_indented_file_end.txt" = 0.02 s
[ 4518/31251] Prism::FixturesTest#"test_whitequark/if_else.txt" = 0.02 s
[ 4519/31251] Prism::FixturesTest#"test_whitequark/string_plain.txt" = 0.02 s
[ 4520/31251] Prism::FixturesTest#"test_seattlerb/parse_until_not_canonical.txt" = 0.02 s
[ 4521/31251] Prism::FixturesTest#"test_seattlerb/masgn_star.txt" = 0.02 s
[ 4522/31251] Prism::FixturesTest#"test_whitequark/lbrace_arg_after_command_args.txt" = 0.02 s
[ 4523/31251] Prism::FixturesTest#"test_seattlerb/iter_args_9_1.txt" = 0.02 s
[ 4524/31251] Prism::FixturesTest#"test_seattlerb/mlhs_back_splat.txt" = 0.02 s
[ 4525/31251] Prism::FixturesTest#"test_whitequark/ruby_bug_11873.txt" = 0.02 s
[ 4526/31251] Prism::FixturesTest#"test_whitequark/endless_method.txt" = 0.02 s
[ 4527/31251] Prism::FixturesTest#"test_seattlerb/parse_pattern_019.txt" = 0.02 s
[ 4528/31251] Prism::FixturesTest#"test_seattlerb/iter_args_3.txt" = 0.02 s
[ 4529/31251] Prism::FixturesTest#"test_whitequark/multiple_pattern_matches.txt" = 0.02 s
[ 4530/31251] Prism::FixturesTest#"test_seattlerb/str_pct_q.txt" = 0.02 s
[ 4531/31251] Prism::FixturesTest#"test_seattlerb/call_gt.txt" = 0.02 s
[ 4532/31251] Prism::FixturesTest#"test_seattlerb/block_scope.txt" = 0.02 s
[ 4533/31251] Prism::FixturesTest#"test_whitequark/string___FILE__.txt" = 0.02 s
[ 4534/31251] Prism::FixturesTest#"test_tilde_heredocs.txt" = 0.02 s
[ 4535/31251] Prism::FixturesTest#"test_whitequark/procarg0.txt" = 0.02 s
[ 4536/31251] Prism::FixturesTest#"test_seattlerb/const_op_asgn_or.txt" = 0.02 s
[ 4537/31251] Prism::FixturesTest#"test_seattlerb/heredoc_bad_oct_escape.txt" = 0.02 s
[ 4538/31251] Prism::FixturesTest#"test_seattlerb/defn_comments.txt" = 0.02 s
[ 4539/31251] Prism::FixturesTest#"test_whitequark/if_mod.txt" = 0.02 s
[ 4540/31251] Prism::FixturesTest#"test_seattlerb/parse_line_to_ary.txt" = 0.02 s
[ 4541/31251] Prism::FixturesTest#"test_whitequark/bug_rescue_empty_else.txt" = 0.02 s
[ 4542/31251] Prism::FixturesTest#"test_emoji_method_calls.txt" = 0.02 s
[ 4543/31251] Prism::FixturesTest#"test_whitequark/parser_bug_645.txt" = 0.02 s
[ 4544/31251] Prism::FixturesTest#"test_whitequark/bug_regex_verification.txt" = 0.02 s
[ 4545/31251] Prism::FixturesTest#"test_classes.txt" = 0.02 s
[ 4546/31251] Prism::FixturesTest#"test_whitequark/masgn_splat.txt" = 0.02 s
[ 4547/31251] Prism::FixturesTest#"test_whitequark/super_block.txt" = 0.02 s
[ 4548/31251] Prism::FixturesTest#"test_seattlerb/parse_line_iter_call_no_parens.txt" = 0.02 s
[ 4549/31251] Prism::FixturesTest#"test_whitequark/beginless_erange_after_newline.txt" = 0.02 s
[ 4550/31251] Prism::FixturesTest#"test_seattlerb/lasgn_call_bracket_rescue_arg.txt" = 0.02 s
[ 4551/31251] Prism::FixturesTest#"test_whitequark/ruby_bug_10653.txt" = 0.02 s
[ 4552/31251] Prism::FixturesTest#"test_seattlerb/parse_line_dstr_escaped_newline.txt" = 0.02 s
[ 4553/31251] Prism::FixturesTest#"test_seattlerb/difficult3__11.txt" = 0.02 s
[ 4554/31251] Prism::FixturesTest#"test_seattlerb/bdot2.txt" = 0.02 s
[ 4555/31251] Prism::FixturesTest#"test_seattlerb/label_vs_string.txt" = 0.02 s
[ 4556/31251] Prism::FixturesTest#"test_whitequark/space_args_arg_call.txt" = 0.02 s
[ 4557/31251] Prism::FixturesTest#"test_variables.txt" = 0.02 s
[ 4558/31251] Prism::FixturesTest#"test_whitequark/endless_comparison_method.txt" = 0.02 s
[ 4559/31251] Prism::FixturesTest#"test_regex_char_width.txt" = 0.02 s
[ 4560/31251] Prism::FixturesTest#"test_seattlerb/case_in_42.txt" = 0.02 s
[ 4561/31251] Prism::FixturesTest#"test_seattlerb/case_in_37.txt" = 0.02 s
[ 4562/31251] Prism::FixturesTest#"test_seattlerb/parse_line_defn_no_parens_args.txt" = 0.02 s
[ 4563/31251] Prism::FixturesTest#"test_whitequark/ternary.txt" = 0.02 s
[ 4564/31251] Prism::FixturesTest#"test_seattlerb/words_interp.txt" = 0.02 s
[ 4565/31251] Prism::FixturesTest#"test_seattlerb/call_bang_command_call.txt" = 0.02 s
[ 4566/31251] Prism::FixturesTest#"test_whitequark/gvasgn.txt" = 0.02 s
[ 4567/31251] Prism::FixturesTest#"test_seattlerb/parse_pattern_058.txt" = 0.02 s
[ 4568/31251] Prism::FixturesTest#"test_seattlerb/symbols_interp.txt" = 0.02 s
[ 4569/31251] Prism::FixturesTest#"test_seattlerb/assoc_label.txt" = 0.02 s
[ 4570/31251] Prism::FixturesTest#"test_seattlerb/bug191.txt" = 0.02 s
[ 4571/31251] Prism::FixturesTest#"test_seattlerb/defn_reg_opt_reg.txt" = 0.02 s
[ 4572/31251] Prism::FixturesTest#"test_seattlerb/const_2_op_asgn_or2.txt" = 0.02 s
[ 4573/31251] Prism::FixturesTest#"test_unparser/corpus/literal/rescue.txt" = 0.02 s
[ 4574/31251] Prism::FixturesTest#"test_whitequark/while.txt" = 0.02 s
[ 4575/31251] Prism::FixturesTest#"test_whitequark/kwnilarg.txt" = 0.02 s
[ 4576/31251] Prism::FixturesTest#"test_seattlerb/call_arg_assoc.txt" = 0.02 s
[ 4577/31251] Prism::FixturesTest#"test_whitequark/case_expr_else.txt" = 0.02 s
[ 4578/31251] Prism::FixturesTest#"test_seattlerb/call_and.txt" = 0.02 s
[ 4579/31251] Prism::FixturesTest#"test_seattlerb/block_paren_splat.txt" = 0.02 s
[ 4580/31251] Prism::FixturesTest#"test_whitequark/self.txt" = 0.02 s
[ 4581/31251] Prism::FixturesTest#"test_whitequark/and_or_masgn.txt" = 0.02 s
[ 4582/31251] Prism::FixturesTest#"test_whitequark/postexe.txt" = 0.02 s
[ 4583/31251] Prism::FixturesTest#"test_seattlerb/defn_opt_reg.txt" = 0.02 s
[ 4584/31251] Prism::FixturesTest#"test_seattlerb/heredoc_with_only_carriage_returns.txt" = 0.02 s
[ 4585/31251] Prism::FixturesTest#"test_method_calls.txt" = 0.02 s
[ 4586/31251] Prism::FixturesTest#"test_seattlerb/call_colon2.txt" = 0.02 s
[ 4587/31251] Prism::FixturesTest#"test_seattlerb/heredoc_squiggly_visually_blank_lines.txt" = 0.02
s
[ 4588/31251] Prism::FixturesTest#"test_seattlerb/symbols.txt" = 0.02 s
[ 4589/31251] Prism::FixturesTest#"test_seattlerb/heredoc_nested.txt" = 0.02 s
[ 4590/31251] Prism::FixturesTest#"test_seattlerb/parse_line_iter_call_parens.txt" = 0.02 s
[ 4591/31251] Prism::FixturesTest#"test_whitequark/args_args_comma.txt" = 0.02 s
[ 4592/31251] Prism::FixturesTest#"test_seattlerb/safe_op_asgn.txt" = 0.02 s
[ 4593/31251] Prism::FixturesTest#"test_rescue_modifier.txt" = 0.02 s
[ 4594/31251] Prism::FixturesTest#"test_whitequark/array_words_empty.txt" = 0.02 s
[ 4595/31251] Prism::FixturesTest#"test_keywords.txt" = 0.02 s
[ 4596/31251] Prism::FixturesTest#"test_whitequark/hash_label_end.txt" = 0.02 s
[ 4597/31251] Prism::FixturesTest#"test_whitequark/send_self_block.txt" = 0.02 s
[ 4598/31251] Prism::FixturesTest#"test_range_end_open_inclusive.txt" = 0.02 s
[ 4599/31251] Prism::FixturesTest#"test_seattlerb/bug_hash_args_trailing_comma.txt" = 0.02 s
[ 4600/31251] Prism::FixturesTest#"test_seattlerb/quoted_symbol_hash_arg.txt" = 0.02 s
[ 4601/31251] Prism::FixturesTest#"test_seattlerb/stabby_block_kw__required.txt" = 0.02 s
[ 4602/31251] Prism::FixturesTest#"test_seattlerb/difficult3__6.txt" = 0.02 s
[ 4603/31251] Prism::FixturesTest#"test_whitequark/ruby_bug_12669.txt" = 0.02 s
[ 4604/31251] Prism::FixturesTest#"test_whitequark/__ENCODING___legacy_.txt" = 0.02 s
[ 4605/31251] Prism::FixturesTest#"test_whitequark/masgn_cmd.txt" = 0.02 s
[ 4606/31251] Prism::FixturesTest#"test_defined.txt" = 0.02 s
[ 4607/31251] Prism::FixturesTest#"test_whitequark/parser_bug_604.txt" = 0.02 s
[ 4608/31251] Prism::FixturesTest#"test_whitequark/kwrestarg_unnamed.txt" = 0.02 s
[ 4609/31251] Prism::FixturesTest#"test_seattlerb/heredoc_squiggly_blank_lines.txt" = 0.02 s
[ 4610/31251] Prism::FixturesTest#"test_seattlerb/case_in_or.txt" = 0.02 s
[ 4611/31251] Prism::FixturesTest#"test_seattlerb/safe_call.txt" = 0.02 s
[ 4612/31251] Prism::FixturesTest#"test_whitequark/unless_mod.txt" = 0.02 s
[ 4613/31251] Prism::FixturesTest#"test_whitequark/forward_arg_with_open_args.txt" = 0.02 s
[ 4614/31251] Prism::FixturesTest#"test_whitequark/send_index_asgn_legacy.txt" = 0.02 s
[ 4615/31251] Prism::FixturesTest#"test_heredocs_leading_whitespace.txt" = 0.02 s
[ 4616/31251] Prism::FixturesTest#"test_seattlerb/rescue_do_end_raised.txt" = 0.02 s
[ 4617/31251] Prism::FixturesTest#"test_seattlerb/begin_rescue_ensure_no_bodies.txt" = 0.02 s
[ 4618/31251] Prism::FixturesTest#"test_whitequark/back_ref.txt" = 0.02 s
[ 4619/31251] Prism::FixturesTest#"test_seattlerb/case_in_hash_pat.txt" = 0.02 s
[ 4620/31251] Prism::FixturesTest#"test_unescaping.txt" = 0.02 s
[ 4621/31251] Prism::FixturesTest#"test_whitequark/op_asgn_cmd.txt" = 0.02 s
[ 4622/31251] Prism::FixturesTest#"test_seattlerb/difficult4__leading_dots2.txt" = 0.02 s
[ 4623/31251] Prism::FixturesTest#"test_seattlerb/call_args_assoc_trailing_comma.txt" = 0.02 s
[ 4624/31251] Prism::FixturesTest#"test_embdoc_no_newline_at_end.txt" = 0.02 s
[ 4625/31251] Prism::FixturesTest#"test_seattlerb/block_call_dot_op2_brace_block.txt" = 0.02 s
[ 4626/31251] Prism::FixturesTest#"test_whitequark/args_block_pass.txt" = 0.02 s
[ 4627/31251] Prism::FixturesTest#"test_whitequark/bug_heredoc_do.txt" = 0.02 s
[ 4628/31251] Prism::FixturesTest#"test_seattlerb/lambda_do_vs_brace.txt" = 0.02 s
[ 4629/31251] Prism::FixturesTest#"test_single_quote_heredocs.txt" = 0.02 s
[ 4630/31251] Prism::FixturesTest#"test_seattlerb/bug_call_arglist_parens.txt" = 0.02 s
[ 4631/31251] Prism::FixturesTest#"test_seattlerb/block_args_opt2.txt" = 0.02 s
[ 4632/31251] Prism::FixturesTest#"test_seattlerb/case_in_67.txt" = 0.02 s
[ 4633/31251] Prism::FixturesTest#"test_whitequark/send_binary_op.txt" = 0.02 s
[ 4634/31251] Prism::FixturesTest#"test_whitequark/ruby_bug_12073.txt" = 0.02 s
[ 4635/31251] Prism::FixturesTest#"test_single_method_call_with_bang.txt" = 0.02 s
[ 4636/31251] Prism::FixturesTest#"test_seattlerb/iter_args_7_1.txt" = 0.02 s
[ 4637/31251] Prism::FixturesTest#"test_seattlerb/case_in_hash_pat_paren_true.txt" = 0.02 s
[ 4638/31251] Prism::FixturesTest#"test_seattlerb/difficult6__8.txt" = 0.02 s
[ 4639/31251] Prism::FixturesTest#"test_seattlerb/heredoc_with_extra_carriage_returns.txt" = 0.02 s
[ 4640/31251] Prism::FixturesTest#"test_whitequark/ruby_bug_9669.txt" = 0.02 s
[ 4641/31251] Prism::FixturesTest#"test_whitequark/array_symbols_interp.txt" = 0.02 s
[ 4642/31251] Prism::FixturesTest#"test_whitequark/case_cond.txt" = 0.02 s
[ 4643/31251] Prism::FixturesTest#"test_whitequark/alias.txt" = 0.02 s
[ 4644/31251] Prism::FixturesTest#"test_whitequark/asgn_cmd.txt" = 0.02 s
[ 4645/31251] Prism::FixturesTest#"test_whitequark/array_splat.txt" = 0.02 s
[ 4646/31251] Prism::FixturesTest#"test_whitequark/begin_cmdarg.txt" = 0.02 s
[ 4647/31251] Prism::FixturesTest#"test_whitequark/pattern_matching_else.txt" = 0.02 s
[ 4648/31251] Prism::FixturesTest#"test_seattlerb/const_op_asgn_and2.txt" = 0.02 s
[ 4649/31251] Prism::FixturesTest#"test_seattlerb/regexp_esc_u.txt" = 0.02 s
[ 4650/31251] Prism::FixturesTest#"test_seattlerb/case_in_find_array.txt" = 0.02 s
[ 4651/31251] Prism::FixturesTest#"test_whitequark/cond_begin_masgn.txt" = 0.02 s
[ 4652/31251] Prism::FixturesTest#"test_whitequark/pattern_matching_single_line.txt" = 0.02 s
[ 4653/31251] Prism::FixturesTest#"test_seattlerb/op_asgn_dot_ident_command_call.txt" = 0.02 s
[ 4654/31251] Prism::FixturesTest#"test_whitequark/rational.txt" = 0.02 s
[ 4655/31251] Prism::FixturesTest#"test_seattlerb/str_single_double_escaped_newline.txt" = 0.02 s
[ 4656/31251] Prism::FixturesTest#"test_seattlerb/call_kwsplat.txt" = 0.02 s
[ 4657/31251] Prism::FixturesTest#"test_seattlerb/masgn_arg_ident.txt" = 0.02 s
[ 4658/31251] Prism::FixturesTest#"test_yield.txt" = 0.02 s
[ 4659/31251] Prism::FixturesTest#"test_heredoc_with_comment.txt" = 0.02 s
[ 4660/31251] Prism::FixturesTest#"test_whitequark/space_args_arg.txt" = 0.02 s
[ 4661/31251] Prism::FixturesTest#"test_seattlerb/if_elsif.txt" = 0.02 s
[ 4662/31251] Prism::FixturesTest#"test_hashes.txt" = 0.02 s
[ 4663/31251] Prism::FixturesTest#"test_seattlerb/call_stabby_with_braces_block.txt" = 0.02 s
[ 4664/31251] Prism::FixturesTest#"test_seattlerb/call_leading_dots.txt" = 0.02 s
[ 4665/31251] Prism::FixturesTest#"test_seattlerb/defs_endless_command_rescue.txt" = 0.02 s
[ 4666/31251] Prism::FixturesTest#"test_seattlerb/dsym_esc_to_sym.txt" = 0.02 s
[ 4667/31251] Prism::FixturesTest#"test_whitequark/ruby_bug_11989.txt" = 0.02 s
[ 4668/31251] Prism::FixturesTest#"test_whitequark/not_cmd.txt" = 0.02 s
[ 4669/31251] Prism::FixturesTest#"test_whitequark/masgn_attr.txt" = 0.02 s
[ 4670/31251] Prism::FixturesTest#"test_seattlerb/defn_kwarg_no_parens.txt" = 0.02 s
[ 4671/31251] Prism::FixturesTest#"test_seattlerb/lasgn_env.txt" = 0.02 s
[ 4672/31251] Prism::FixturesTest#"test_whitequark/send_lambda_args_noparen.txt" = 0.02 s
[ 4673/31251] Prism::FixturesTest#"test_whitequark/forwarded_kwrestarg_with_additional_kwarg.txt" =
0.02 s
[ 4674/31251] Prism::FixturesTest#"test_seattlerb/parse_line_return.txt" = 0.02 s
[ 4675/31251] Prism::FixturesTest#"test_unparser/corpus/literal/pragma.txt" = 0.02 s
[ 4676/31251] Prism::FixturesTest#"test_seattlerb/regexp_escape_extended.txt" = 0.02 s
[ 4677/31251] Prism::FixturesTest#"test_whitequark/bug_do_block_in_hash_brace.txt" = 0.02 s
[ 4678/31251] Prism::FixturesTest#"test_seattlerb/masgn_lhs_splat.txt" = 0.02 s
[ 4679/31251] Prism::FixturesTest#"test_whitequark/rescue_else_ensure.txt" = 0.02 s
[ 4680/31251] Prism::FixturesTest#"test_undef.txt" = 0.02 s
[ 4681/31251] Prism::FixturesTest#"test_whitequark/var_op_asgn_cmd.txt" = 0.02 s
[ 4682/31251] Prism::FixturesTest#"test_unparser/corpus/semantic/literal.txt" = 0.02 s
[ 4683/31251] Prism::FixturesTest#"test_seattlerb/parse_line_dot3.txt" = 0.02 s
[ 4684/31251] Prism::FixturesTest#"test_whitequark/asgn_mrhs.txt" = 0.02 s
[ 4685/31251] Prism::FixturesTest#"test_seattlerb/defn_kwarg_kwsplat.txt" = 0.02 s
[ 4686/31251] Prism::FixturesTest#"test_whitequark/anonymous_blockarg.txt" = 0.02 s
[ 4687/31251] Prism::FixturesTest#"test_seattlerb/bug202.txt" = 0.02 s
[ 4688/31251] Prism::FixturesTest#"test_seattlerb/bug_masgn_right.txt" = 0.02 s
[ 4689/31251] Prism::FixturesTest#"test_seattlerb/mlhs_back_anonsplat.txt" = 0.02 s
[ 4690/31251] Prism::FixturesTest#"test_seattlerb/heredoc_squiggly_blank_line_plus_interpolation.txt
" = 0.02 s
[ 4691/31251] Prism::FixturesTest#"test_seattlerb/block_args_no_kwargs.txt" = 0.02 s
[ 4692/31251] Prism::FixturesTest#"test_whitequark/array_symbols_empty.txt" = 0.02 s
[ 4693/31251] Prism::FixturesTest#"test_booleans.txt" = 0.02 s
[ 4694/31251] Prism::FixturesTest#"test_whitequark/case_cond_else.txt" = 0.02 s
[ 4695/31251] Prism::FixturesTest#"test_seattlerb/str_str_str.txt" = 0.02 s
[ 4696/31251] Prism::FixturesTest#"test_whitequark/while_post.txt" = 0.02 s
[ 4697/31251] Prism::FixturesTest#"test_seattlerb/heredoc_with_carriage_return_escapes.txt" = 0.02 s
[ 4698/31251] Prism::FixturesTest#"test_whitequark/cond_iflipflop_with_beginless_range.txt" = 0.02 s
[ 4699/31251] Prism::FixturesTest#"test_seattlerb/safe_call_dot_parens.txt" = 0.02 s
[ 4700/31251] Prism::FixturesTest#"test_seattlerb/safe_attrasgn_constant.txt" = 0.02 s
[ 4701/31251] Prism::FixturesTest#"test_unparser/corpus/semantic/while.txt" = 0.02 s
[ 4702/31251] Prism::FixturesTest#"test_seattlerb/mlhs_mid_splat.txt" = 0.02 s
[ 4703/31251] Prism::FixturesTest#"test_seattlerb/symbol_list.txt" = 0.02 s
[ 4704/31251] Prism::FixturesTest#"test_whitequark/parser_bug_830.txt" = 0.02 s
[ 4705/31251] Prism::FixturesTest#"test_seattlerb/parse_line_postexe.txt" = 0.02 s
[ 4706/31251] Prism::FixturesTest#"test_keyword_method_names.txt" = 0.02 s
[ 4707/31251] Prism::FixturesTest#"test_seattlerb/difficult4__leading_dots.txt" = 0.02 s
[ 4708/31251] Prism::FixturesTest#"test_whitequark/symbol_interp.txt" = 0.02 s
[ 4709/31251] Prism::FixturesTest#"test_seattlerb/iter_args_2__19.txt" = 0.02 s
[ 4710/31251] Prism::FixturesTest#"test_whitequark/const_unscoped.txt" = 0.02 s
[ 4711/31251] Prism::FixturesTest#"test_whitequark/xstring_interp.txt" = 0.02 s
[ 4712/31251] Prism::FixturesTest#"test_seattlerb/bug236.txt" = 0.02 s
[ 4713/31251] Prism::FixturesTest#"test_whitequark/or.txt" = 0.02 s
[ 4714/31251] Prism::FixturesTest#"test_whitequark/cond_iflipflop.txt" = 0.02 s
[ 4715/31251] Prism::FixturesTest#"test_unparser/corpus/literal/def.txt" = 0.02 s
[ 4716/31251] Prism::FixturesTest#"test_seattlerb/symbol_empty.txt" = 0.02 s
[ 4717/31251] Prism::FixturesTest#"test_seattlerb/defn_endless_command.txt" = 0.02 s
[ 4718/31251] Prism::FixturesTest#"test_whitequark/ruby_bug_11990.txt" = 0.02 s
[ 4719/31251] Prism::FixturesTest#"test_seattlerb/heredoc_bad_hex_escape.txt" = 0.02 s
[ 4720/31251] Prism::FixturesTest#"test_seattlerb/defn_args_forward_args.txt" = 0.02 s
[ 4721/31251] Prism::FixturesTest#"test_begin_rescue.txt" = 0.02 s
[ 4722/31251] Prism::FixturesTest#"test_unparser/corpus/semantic/opasgn.txt" = 0.02 s
[ 4723/31251] Prism::FixturesTest#"test_seattlerb/call_array_arg.txt" = 0.02 s
[ 4724/31251] Prism::FixturesTest#"test_whitequark/array_plain.txt" = 0.02 s
[ 4725/31251] Prism::FixturesTest#"test_seattlerb/class_comments.txt" = 0.02 s
[ 4726/31251] Prism::FixturesTest#"test_whitequark/gvar.txt" = 0.02 s
[ 4727/31251] Prism::FixturesTest#"test_seattlerb/block_arg_opt_splat_arg_block_omfg.txt" = 0.02 s
[ 4728/31251] Prism::FixturesTest#"test_seattlerb/str_evstr_escape.txt" = 0.02 s
[ 4729/31251] Prism::FixturesTest#"test_whitequark/forward_arg.txt" = 0.02 s
[ 4730/31251] Prism::FixturesTest#"test_whitequark/var_op_asgn.txt" = 0.02 s
[ 4731/31251] Prism::FixturesTest#"test_seattlerb/call_carat.txt" = 0.02 s
[ 4732/31251] Prism::FixturesTest#"test_seattlerb/backticks_interpolation_line.txt" = 0.02 s
[ 4733/31251] Prism::FixturesTest#"test_seattlerb/attrasgn_array_arg.txt" = 0.02 s
[ 4734/31251] Prism::FixturesTest#"test_whitequark/return.txt" = 0.02 s
[ 4735/31251] Prism::FixturesTest#"test_seattlerb/bug_op_asgn_rescue.txt" = 0.02 s
[ 4736/31251] Prism::FixturesTest#"test_whitequark/space_args_cmd.txt" = 0.02 s
[ 4737/31251] Prism::FixturesTest#"test_whitequark/nth_ref.txt" = 0.02 s
[ 4738/31251] Prism::FixturesTest#"test_seattlerb/pct_w_heredoc_interp_nested.txt" = 0.02 s
[ 4739/31251] Prism::FixturesTest#"test_seattlerb/defs_oneliner_eq2.txt" = 0.02 s
[ 4740/31251] Prism::FixturesTest#"test_whitequark/bug_447.txt" = 0.02 s
[ 4741/31251] Prism::FixturesTest#"test_seattlerb/symbols_empty_space.txt" = 0.02 s
[ 4742/31251] Prism::FixturesTest#"test_seattlerb/defn_oneliner_noargs.txt" = 0.02 s
[ 4743/31251] Prism::FixturesTest#"test_seattlerb/parse_line_heredoc.txt" = 0.02 s
[ 4744/31251] Prism::FixturesTest#"test_seattlerb/f_kw.txt" = 0.02 s
[ 4745/31251] Prism::FixturesTest#"test_whitequark/until.txt" = 0.02 s
[ 4746/31251] Prism::FixturesTest#"test_range_begin_open_inclusive.txt" = 0.02 s
[ 4747/31251] Prism::FixturesTest#"test_whitequark/const_op_asgn.txt" = 0.02 s
[ 4748/31251] Prism::FixturesTest#"test_whitequark/const_toplevel.txt" = 0.02 s
[ 4749/31251] Prism::FixturesTest#"test_seattlerb/defn_powarg.txt" = 0.02 s
[ 4750/31251] Prism::FixturesTest#"test_seattlerb/parse_line_block_inline_multiline_comment.txt" = 0
.02 s
[ 4751/31251] Prism::FixturesTest#"test_heredocs_nested.txt" = 0.02 s
[ 4752/31251] Prism::FixturesTest#"test_seattlerb/difficult3_.txt" = 0.02 s
[ 4753/31251] Prism::FixturesTest#"test_seattlerb/parse_line_hash_lit.txt" = 0.02 s
[ 4754/31251] Prism::FixturesTest#"test_seattlerb/call_assoc_trailing_comma.txt" = 0.02 s
[ 4755/31251] Prism::FixturesTest#"test_dos_endings.txt" = 0.02 s
[ 4756/31251] Prism::FixturesTest#"test_seattlerb/super_arg.txt" = 0.02 s
[ 4757/31251] Prism::FixturesTest#"test_seattlerb/defs_as_arg_with_do_block_inside.txt" = 0.02 s
[ 4758/31251] Prism::FixturesTest#"test_seattlerb/parse_line_preexe.txt" = 0.02 s
[ 4759/31251] Prism::FixturesTest#"test_seattlerb/defn_splat_arg.txt" = 0.02 s
[ 4760/31251] Prism::FixturesTest#"test_whitequark/method_definition_in_while_cond.txt" = 0.02 s
[ 4761/31251] Prism::FixturesTest#"test_whitequark/parser_slash_slash_n_escaping_in_literals.txt" =
0.02 s
[ 4762/31251] Prism::FixturesTest#"test_seattlerb/call_begin_call_block_call.txt" = 0.02 s
[ 4763/31251] Prism::FixturesTest#"test_patterns.txt" = 0.02 s
[ 4764/31251] Prism::FixturesTest#"test_seattlerb/bug_hash_args.txt" = 0.02 s
[ 4765/31251] Prism::FixturesTest#"test_seattlerb/block_opt_arg.txt" = 0.02 s
[ 4766/31251] Prism::FixturesTest#"test_whitequark/masgn.txt" = 0.02 s
[ 4767/31251] Prism::FixturesTest#"test_whitequark/bug_473.txt" = 0.02 s
[ 4768/31251] Prism::FixturesTest#"test_seattlerb/safe_attrasgn.txt" = 0.02 s
[ 4769/31251] Prism::FixturesTest#"test_whitequark/kwarg.txt" = 0.02 s
[ 4770/31251] Prism::FixturesTest#"test_whitequark/unary_num_pow_precedence.txt" = 0.02 s
[ 4771/31251] Prism::FixturesTest#"test_seattlerb/bug179.txt" = 0.02 s
[ 4772/31251] Prism::FixturesTest#"test_seattlerb/mlhs_rescue.txt" = 0.02 s
[ 4773/31251] Prism::FixturesTest#"test_seattlerb/case_in_hash_pat_paren_assign.txt" = 0.02 s
[ 4774/31251] Prism::FixturesTest#"test_seattlerb/regexp_unicode_curlies.txt" = 0.02 s
[ 4775/31251] Prism::FixturesTest#"test_super.txt" = 0.02 s
[ 4776/31251] Prism::FixturesTest#"test_whitequark/send_conditional.txt" = 0.02 s
[ 4777/31251] Prism::FixturesTest#"test_ranges.txt" = 0.02 s
[ 4778/31251] Prism::FixturesTest#"test_rescue.txt" = 0.02 s
[ 4779/31251] Prism::FixturesTest#"test_whitequark/arg.txt" = 0.02 s
[ 4780/31251] Prism::FixturesTest#"test_seattlerb/bug_and.txt" = 0.02 s
[ 4781/31251] Prism::FixturesTest#"test_seattlerb/iter_args_10_1.txt" = 0.02 s
[ 4782/31251] Prism::FixturesTest#"test_seattlerb/difficult3__8.txt" = 0.02 s
[ 4783/31251] Prism::FixturesTest#"test_seattlerb/call_star2.txt" = 0.02 s
[ 4784/31251] Prism::FixturesTest#"test_seattlerb/const_3_op_asgn_or.txt" = 0.02 s
[ 4785/31251] Prism::FixturesTest#"test_seattlerb/stabby_block_iter_call.txt" = 0.02 s
[ 4786/31251] Prism::FixturesTest#"test_whitequark/bug_def_no_paren_eql_begin.txt" = 0.02 s
[ 4787/31251] Prism::FixturesTest#"test_seattlerb/block_return.txt" = 0.02 s
[ 4788/31251] Prism::FixturesTest#"test_whitequark/cond_iflipflop_with_endless_range.txt" = 0.02 s
[ 4789/31251] Prism::FixturesTest#"test_whitequark/ruby_bug_13547.txt" = 0.02 s
[ 4790/31251] Prism::FixturesTest#"test_whitequark/range_exclusive.txt" = 0.02 s
[ 4791/31251] Prism::FixturesTest#"test_whitequark/int___LINE__.txt" = 0.02 s
[ 4792/31251] Prism::FixturesTest#"test_seattlerb/interpolated_word_array_line_breaks.txt" = 0.02 s
[ 4793/31251] Prism::FixturesTest#"test_seattlerb/defs_oneliner.txt" = 0.02 s
[ 4794/31251] Prism::FixturesTest#"test_seattlerb/parse_line_block_inline_comment.txt" = 0.02 s
[ 4795/31251] Prism::FixturesTest#"test_procs.txt" = 0.02 s
[ 4796/31251] Prism::FixturesTest#"test_whitequark/restarg_unnamed.txt" = 0.02 s
[ 4797/31251] Prism::FixturesTest#"test_seattlerb/defn_opt_splat_arg.txt" = 0.02 s
[ 4798/31251] Prism::FixturesTest#"test_seattlerb/parse_line_block.txt" = 0.02 s
[ 4799/31251] Prism::FixturesTest#"test_unparser/corpus/literal/while.txt" = 0.02 s
[ 4800/31251] Prism::FixturesTest#"test_seattlerb/qsymbols_empty_space.txt" = 0.02 s
[ 4801/31251] Prism::FixturesTest#"test_seattlerb/index_0.txt" = 0.02 s
[ 4802/31251] Prism::FixturesTest#"test_seattlerb/str_pct_Q_nested.txt" = 0.02 s
[ 4803/31251] Prism::FixturesTest#"test_seattlerb/difficult0_.txt" = 0.02 s
[ 4804/31251] Prism::FixturesTest#"test_seattlerb/case_in_array_pat_const.txt" = 0.02 s
[ 4805/31251] Prism::FixturesTest#"test_whitequark/send_unary_op.txt" = 0.02 s
[ 4806/31251] Prism::FixturesTest#"test_seattlerb/block_opt_splat_arg_block_omfg.txt" = 0.02 s
[ 4807/31251] Prism::FixturesTest#"test_seattlerb/iter_args_8_2.txt" = 0.02 s
[ 4808/31251] Prism::FixturesTest#"test_seattlerb/read_escape_unicode_curlies.txt" = 0.02 s
[ 4809/31251] Prism::FixturesTest#"test_seattlerb/parse_line_call_ivar_line_break_paren.txt" = 0.02
s
[ 4810/31251] Prism::FixturesTest#"test_whitequark/rescue_mod.txt" = 0.02 s
[ 4811/31251] Prism::FixturesTest#"test_seattlerb/call_bang_squiggle.txt" = 0.02 s
[ 4812/31251] Prism::FixturesTest#"test_endless_methods.txt" = 0.02 s
[ 4813/31251] Prism::FixturesTest#"test_whitequark/parser_drops_truncated_parts_of_squiggly_heredoc.
txt" = 0.02 s
[ 4814/31251] Prism::FixturesTest#"test_seattlerb/call_lt.txt" = 0.02 s
[ 4815/31251] Prism::FixturesTest#"test_whitequark/pattern_matching_blank_else.txt" = 0.02 s
[ 4816/31251] Prism::FixturesTest#"test_whitequark/pattern_matching__FILE__LINE_literals.txt" = 0.02
 s
[ 4817/31251] Prism::FixturesTest#"test_seattlerb/defn_opt_last_arg.txt" = 0.02 s
[ 4818/31251] Prism::FixturesTest#"test_whitequark/rescue_mod_op_assign.txt" = 0.02 s
[ 4819/31251] Prism::FixturesTest#"test_whitequark/preexe.txt" = 0.02 s
[ 4820/31251] Prism::FixturesTest#"test_unparser/corpus/literal/since/31.txt" = 0.02 s
[ 4821/31251] Prism::FixturesTest#"test_unparser/corpus/semantic/kwbegin.txt" = 0.02 s
[ 4822/31251] Prism::FixturesTest#"test_seattlerb/defn_oneliner_rescue.txt" = 0.02 s
[ 4823/31251] Prism::FixturesTest#"test_seattlerb/block_kw.txt" = 0.02 s
[ 4824/31251] Prism::FixturesTest#"test_seattlerb/slashy_newlines_within_string.txt" = 0.02 s
[ 4825/31251] Prism::FixturesTest#"test_seattlerb/do_bug.txt" = 0.02 s
[ 4826/31251] Prism::FixturesTest#"test_whitequark/cond_eflipflop.txt" = 0.02 s
[ 4827/31251] Prism::FixturesTest#"test_whitequark/ruby_bug_11873_a.txt" = 0.02 s
[ 4828/31251] Prism::FixturesTest#"test_seattlerb/block_arg_optional.txt" = 0.02 s
[ 4829/31251] Prism::FixturesTest#"test_seattlerb/parse_opt_call_args_assocs_comma.txt" = 0.02 s
[ 4830/31251] Prism::FixturesTest#"test_whitequark/false.txt" = 0.02 s
[ 4831/31251] Prism::FixturesTest#"test_regex_escape_encoding.txt" = 0.02 s
[ 4832/31251] Prism::FixturesTest#"test_seattlerb/block_arg__bare.txt" = 0.02 s
[ 4833/31251] Prism::FixturesTest#"test_seattlerb/parse_pattern_058_2.txt" = 0.02 s
[ 4834/31251] Prism::FixturesTest#"test_seattlerb/parse_line_block_inline_comment_leading_newlines.t
xt" = 0.02 s
[ 4835/31251] Prism::FixturesTest#"test_whitequark/heredoc.txt" = 0.02 s
[ 4836/31251] Prism::FixturesTest#"test_seattlerb/magic_encoding_comment.txt" = 0.02 s
[ 4837/31251] Prism::FixturesTest#"test_seattlerb/masgn_colon2.txt" = 0.02 s
[ 4838/31251] Prism::FixturesTest#"test_whitequark/send_lambda.txt" = 0.02 s
[ 4839/31251] Prism::FixturesTest#"test_seattlerb/call_array_block_call.txt" = 0.02 s
[ 4840/31251] Prism::FixturesTest#"test_seattlerb/call_block_arg_named.txt" = 0.02 s
[ 4841/31251] Prism::FixturesTest#"test_unparser/corpus/literal/unary.txt" = 0.02 s
[ 4842/31251] Prism::FixturesTest#"test_unparser/corpus/literal/module.txt" = 0.02 s
[ 4843/31251] Prism::FixturesTest#"test_seattlerb/args_kw_block.txt" = 0.02 s
[ 4844/31251] Prism::FixturesTest#"test_seattlerb/masgn_paren.txt" = 0.02 s
[ 4845/31251] Prism::FixturesTest#"test_seattlerb/aref_args_lit_assocs.txt" = 0.02 s
[ 4846/31251] Prism::FixturesTest#"test_unparser/corpus/literal/singletons.txt" = 0.02 s
[ 4847/31251] Prism::FixturesTest#"test_seattlerb/heredoc_with_extra_carriage_returns_windows.txt" =
 0.02 s
[ 4848/31251] Prism::FixturesTest#"test_whitequark/bug_480.txt" = 0.02 s
[ 4849/31251] Prism::FixturesTest#"test_whitequark/send_plain.txt" = 0.02 s
[ 4850/31251] Prism::FixturesTest#"test_whitequark/not.txt" = 0.02 s
[ 4851/31251] Prism::FixturesTest#"test_seattlerb/str_double_newline.txt" = 0.02 s
[ 4852/31251] Prism::FixturesTest#"test_seattlerb/parse_line_heredoc_evstr.txt" = 0.02 s
[ 4853/31251] Prism::FixturesTest#"test_whitequark/kwoptarg.txt" = 0.02 s
[ 4854/31251] Prism::FixturesTest#"test_unparser/corpus/literal/variables.txt" = 0.02 s
[ 4855/31251] Prism::FixturesTest#"test_seattlerb/eq_begin_why_wont_people_use_their_spacebar.txt" =
 0.02 s
[ 4856/31251] Prism::FixturesTest#"test_seattlerb/iter_args_1.txt" = 0.02 s
[ 4857/31251] Prism::FixturesTest#"test_seattlerb/call_star.txt" = 0.02 s
[ 4858/31251] Prism::FixturesTest#"test_seattlerb/heredoc_with_interpolation_and_carriage_return_esc
apes_windows.txt" = 0.02 s
[ 4859/31251] Prism::FixturesTest#"test_unparser/corpus/literal/alias.txt" = 0.02 s
[ 4860/31251] Prism::FixturesTest#"test_seattlerb/block_kwarg_lvar_multiple.txt" = 0.02 s
[ 4861/31251] Prism::FixturesTest#"test_seattlerb/stabby_proc_scope.txt" = 0.02 s
[ 4862/31251] Prism::FixturesTest#"test_seattlerb/call_array_lambda_block_call.txt" = 0.02 s
[ 4863/31251] Prism::FixturesTest#"test_whitequark/or_asgn.txt" = 0.02 s
[ 4864/31251] Prism::FixturesTest#"test_seattlerb/stabby_block_kw.txt" = 0.02 s
[ 4865/31251] Prism::FixturesTest#"test_seattlerb/call_arg_kwsplat.txt" = 0.02 s
[ 4866/31251] Prism::FixturesTest#"test_seattlerb/block_call_operation_colon.txt" = 0.02 s
[ 4867/31251] Prism::FixturesTest#"test_whitequark/op_asgn_index.txt" = 0.02 s
[ 4868/31251] Prism::FixturesTest#"test_seattlerb/case_in.txt" = 0.02 s
[ 4869/31251] Prism::FixturesTest#"test_whitequark/ternary_ambiguous_symbol.txt" = 0.02 s
[ 4870/31251] Prism::FixturesTest#"test_seattlerb/lasgn_ivar_env.txt" = 0.02 s
[ 4871/31251] Prism::FixturesTest#"test_whitequark/string_interp.txt" = 0.02 s
[ 4872/31251] Prism::FixturesTest#"test_seattlerb/masgn_var_star_var.txt" = 0.02 s
[ 4873/31251] Prism::FixturesTest#"test_seattlerb/block_reg_optarg.txt" = 0.02 s
[ 4874/31251] Prism::FixturesTest#"test_seattlerb/case_in_42_2.txt" = 0.02 s
[ 4875/31251] Prism::FixturesTest#"test_seattlerb/case_in_31.txt" = 0.02 s
[ 4876/31251] Prism::FixturesTest#"test_seattlerb/heredoc_with_not_global_interpolation.txt" = 0.02
s
[ 4877/31251] Prism::FixturesTest#"test_seattlerb/defn_no_kwargs.txt" = 0.02 s
[ 4878/31251] Prism::FixturesTest#"test_whitequark/kwoptarg_with_kwrestarg_and_forwarded_args.txt" =
 0.02 s
[ 4879/31251] Prism::FixturesTest#"test_seattlerb/expr_not_bang.txt" = 0.02 s
[ 4880/31251] Prism::FixturesTest#"test_whitequark/cond_eflipflop_with_endless_range.txt" = 0.02 s
[ 4881/31251] Prism::FixturesTest#"test_seattlerb/case_in_hash_pat_rest_solo.txt" = 0.02 s
[ 4882/31251] Prism::FixturesTest#"test_whitequark/parser_bug_989.txt" = 0.02 s
[ 4883/31251] Prism::FixturesTest#"test_seattlerb/heredoc_squiggly_tabs_extra.txt" = 0.02 s
[ 4884/31251] Prism::FixturesTest#"test_whitequark/lvar_injecting_match.txt" = 0.02 s
[ 4885/31251] Prism::FixturesTest#"test_seattlerb/parse_line_evstr_after_break.txt" = 0.02 s
[ 4886/31251] Prism::FixturesTest#"test_seattlerb/mlhs_front_splat.txt" = 0.02 s
[ 4887/31251] Prism::FixturesTest#"test_whitequark/if_elsif.txt" = 0.02 s
[ 4888/31251] Prism::FixturesTest#"test_unparser/corpus/semantic/def.txt" = 0.02 s
[ 4889/31251] Prism::FixturesTest#"test_seattlerb/defn_arg_forward_args.txt" = 0.02 s
[ 4890/31251] Prism::FixturesTest#"test_seattlerb/op_asgn_index_command_call.txt" = 0.02 s
[ 4891/31251] Prism::FixturesTest#"test_whitequark/newline_in_hash_argument.txt" = 0.02 s
[ 4892/31251] Prism::FixturesTest#"test_seattlerb/if_symbol.txt" = 0.02 s
[ 4893/31251] Prism::FixturesTest#"test_seattlerb/pct_Q_backslash_nl.txt" = 0.02 s
[ 4894/31251] Prism::FixturesTest#"test_seattlerb/bug_187.txt" = 0.02 s
[ 4895/31251] Prism::FixturesTest#"test_whitequark/while_mod.txt" = 0.02 s
[ 4896/31251] Prism::FixturesTest#"test_seattlerb/ruby21_numbers.txt" = 0.02 s
[ 4897/31251] Prism::FixturesTest#"test_break.txt" = 0.02 s
[ 4898/31251] Prism::FixturesTest#"test_seattlerb/block_kw__required.txt" = 0.02 s
[ 4899/31251] Prism::FixturesTest#"test_whitequark/args.txt" = 0.02 s
[ 4900/31251] Prism::FixturesTest#"test_seattlerb/lasgn_call_nobracket_rescue_arg.txt" = 0.02 s
[ 4901/31251] Prism::FixturesTest#"test_whitequark/resbody_var.txt" = 0.02 s
[ 4902/31251] Prism::FixturesTest#"test_seattlerb/qsymbols.txt" = 0.02 s
[ 4903/31251] Prism::FixturesTest#"test_whitequark/float.txt" = 0.02 s
[ 4904/31251] Prism::FixturesTest#"test_whitequark/const_scoped.txt" = 0.02 s
[ 4905/31251] Prism::FixturesTest#"test_range_beginless.txt" = 0.02 s
[ 4906/31251] Prism::FixturesTest#"test_command_method_call.txt" = 0.02 s
[ 4907/31251] Prism::FixturesTest#"test_seattlerb/bug_args_masgn2.txt" = 0.02 s
[ 4908/31251] Prism::FixturesTest#"test_seattlerb/rescue_parens.txt" = 0.02 s
[ 4909/31251] Prism::FixturesTest#"test_whitequark/ensure.txt" = 0.02 s
[ 4910/31251] Prism::FixturesTest#"test_seattlerb/difficult6_.txt" = 0.02 s
[ 4911/31251] Prism::FixturesTest#"test_whitequark/parser_bug_490.txt" = 0.02 s
[ 4912/31251] Prism::FixturesTest#"test_seattlerb/required_kwarg_no_value.txt" = 0.02 s
[ 4913/31251] Prism::FixturesTest#"test_whitequark/bug_ascii_8bit_in_literal.txt" = 0.02 s
[ 4914/31251] Prism::FixturesTest#"test_seattlerb/lasgn_arg_rescue_arg.txt" = 0.02 s
[ 4915/31251] Prism::FixturesTest#"test_whitequark/ruby_bug_12402.txt" = 0.02 s
[ 4916/31251] Prism::FixturesTest#"test_unparser/corpus/literal/empty.txt" = 0.02 s
[ 4917/31251] Prism::FixturesTest#"test_seattlerb/alias_gvar_backref.txt" = 0.02 s
[ 4918/31251] Prism::FixturesTest#"test_whitequark/bug_466.txt" = 0.02 s
[ 4919/31251] Prism::FixturesTest#"test_for.txt" = 0.02 s
[ 4920/31251] Prism::FixturesTest#"test_whitequark/def.txt" = 0.02 s
[ 4921/31251] Prism::FixturesTest#"test_whitequark/unless.txt" = 0.03 s
[ 4922/31251] Prism::FixturesTest#"test_seattlerb/heredoc_squiggly_interp.txt" = 0.02 s
[ 4923/31251] Prism::FixturesTest#"test_seattlerb/aref_args_assocs.txt" = 0.02 s
[ 4924/31251] Prism::FixturesTest#"test_seattlerb/case_in_if_unless_post_mod.txt" = 0.02 s
[ 4925/31251] Prism::FixturesTest#"test_whitequark/cvasgn.txt" = 0.02 s
[ 4926/31251] Prism::FixturesTest#"test_seattlerb/case_in_multiple.txt" = 0.02 s
[ 4927/31251] Prism::FixturesTest#"test_seattlerb/difficult1_line_numbers2.txt" = 0.02 s
[ 4928/31251] Prism::FixturesTest#"test_seattlerb/lasgn_middle_splat.txt" = 0.02 s
[ 4929/31251] Prism::FixturesTest#"test_seattlerb/difficult3_2.txt" = 0.02 s
[ 4930/31251] Prism::FixturesTest#"test_whitequark/regex_plain.txt" = 0.02 s
[ 4931/31251] Prism::FixturesTest#"test_seattlerb/case_in_const.txt" = 0.02 s
[ 4932/31251] Prism::FixturesTest#"test_seattlerb/dstr_evstr_empty_end.txt" = 0.02 s
[ 4933/31251] Prism::FixturesTest#"test_seattlerb/op_asgn_command_call.txt" = 0.02 s
[ 4934/31251] Prism::FixturesTest#"test_whitequark/bug_while_not_parens_do.txt" = 0.02 s
[ 4935/31251] Prism::FixturesTest#"test_seattlerb/defn_unary_not.txt" = 0.02 s
[ 4936/31251] Prism::FixturesTest#"test_whitequark/send_lambda_args.txt" = 0.02 s
[ 4937/31251] Prism::FixturesTest#"test_unparser/corpus/literal/flipflop.txt" = 0.02 s
[ 4938/31251] Prism::FixturesTest#"test_seattlerb/case_in_hash_pat_rest.txt" = 0.02 s
[ 4939/31251] Prism::FixturesTest#"test_seattlerb/str_evstr.txt" = 0.02 s
[ 4940/31251] Prism::FixturesTest#"test_seattlerb/str_double_double_escaped_newline.txt" = 0.02 s
[ 4941/31251] Prism::FixturesTest#"test_seattlerb/attrasgn_primary_dot_constant.txt" = 0.02 s
[ 4942/31251] Prism::FixturesTest#"test_whitequark/numparam_outside_block.txt" = 0.02 s
[ 4943/31251] Prism::FixturesTest#"test_seattlerb/iter_args_5.txt" = 0.02 s
[ 4944/31251] Prism::FixturesTest#"test_seattlerb/block_arg_scope2.txt" = 0.02 s
[ 4945/31251] Prism::FixturesTest#"test_whitequark/hash_kwsplat.txt" = 0.02 s
[ 4946/31251] Prism::FixturesTest#"test_whitequark/bug_452.txt" = 0.02 s
[ 4947/31251] Prism::FixturesTest#"test_seattlerb/str_single_newline.txt" = 0.02 s
[ 4948/31251] Prism::FixturesTest#"test_seattlerb/messy_op_asgn_lineno.txt" = 0.02 s
[ 4949/31251] Prism::FixturesTest#"test_seattlerb/bang_eq.txt" = 0.02 s
[ 4950/31251] Prism::FixturesTest#"test_whitequark/forwarded_argument_with_kwrestarg.txt" = 0.02 s
[ 4951/31251] Prism::FixturesTest#"test_regex.txt" = 0.02 s
[ 4952/31251] Prism::FixturesTest#"test_seattlerb/heredoc_squiggly_no_indent.txt" = 0.02 s
[ 4953/31251] Prism::FixturesTest#"test_seattlerb/mlhs_mid_anonsplat.txt" = 0.02 s
[ 4954/31251] Prism::FixturesTest#"test_seattlerb/str_pct_nested_nested.txt" = 0.02 s
[ 4955/31251] Prism::FixturesTest#"test_seattlerb/block_args_opt2_2.txt" = 0.02 s
[ 4956/31251] Prism::FixturesTest#"test_seattlerb/begin_rescue_else_ensure_bodies.txt" = 0.02 s
[ 4957/31251] Prism::FixturesTest#"test_seattlerb/parse_pattern_044.txt" = 0.02 s
[ 4958/31251] Prism::FixturesTest#"test_seattlerb/safe_call_rhs_newline.txt" = 0.02 s
[ 4959/31251] Prism::FixturesTest#"test_seattlerb/assoc__bare.txt" = 0.02 s
[ 4960/31251] Prism::FixturesTest#"test_constants.txt" = 0.02 s
[ 4961/31251] Prism::FixturesTest#"test_seattlerb/iter_args_6.txt" = 0.02 s
[ 4962/31251] Prism::FixturesTest#"test_seattlerb/attr_asgn_colon_id.txt" = 0.02 s
[ 4963/31251] Prism::FixturesTest#"test_whitequark/casgn_unscoped.txt" = 0.02 s
[ 4964/31251] Prism::FixturesTest#"test_if.txt" = 0.02 s
[ 4965/31251] Prism::FixturesTest#"test_seattlerb/__ENCODING__.txt" = 0.02 s
[ 4966/31251] Prism::FixturesTest#"test_arithmetic.txt" = 0.02 s
[ 4967/31251] Prism::FixturesTest#"test_unparser/corpus/literal/lambda.txt" = 0.02 s
[ 4968/31251] Prism::FixturesTest#"test_seattlerb/parse_line_multiline_str.txt" = 0.02 s
[ 4969/31251] Prism::FixturesTest#"test_seattlerb/symbols_empty.txt" = 0.02 s
[ 4970/31251] Prism::FixturesTest#"test_whitequark/ivasgn.txt" = 0.02 s
[ 4971/31251] Prism::FixturesTest#"test_whitequark/endless_method_without_args.txt" = 0.02 s
[ 4972/31251] Prism::FixturesTest#"test_whitequark/comments_before_leading_dot__27.txt" = 0.02 s
[ 4973/31251] Prism::FixturesTest#"test_seattlerb/call_args_assoc_quoted.txt" = 0.02 s
[ 4974/31251] Prism::FixturesTest#"test_seattlerb/parse_opt_call_args_lit_comma.txt" = 0.02 s
[ 4975/31251] Prism::FixturesTest#"test_seattlerb/parse_line_defn_no_parens.txt" = 0.02 s
[ 4976/31251] Prism::FixturesTest#"test_whitequark/resbody_list.txt" = 0.02 s
[ 4977/31251] Prism::FixturesTest#"test_whitequark/var_and_asgn.txt" = 0.02 s
[ 4978/31251] Prism::FixturesTest#"test_seattlerb/difficult3__7.txt" = 0.02 s
[ 4979/31251] Prism::FixturesTest#"test_seattlerb/bug_comma.txt" = 0.02 s
[ 4980/31251] Prism::FixturesTest#"test_seattlerb/heredoc__backslash_dos_format.txt" = 0.02 s
[ 4981/31251] Prism::FixturesTest#"test_seattlerb/call_leading_dots_comment.txt" = 0.02 s
[ 4982/31251] Prism::FixturesTest#"test_seattlerb/heredoc_with_interpolation_and_carriage_return_esc
apes.txt" = 0.02 s
[ 4983/31251] Prism::FixturesTest#"test_seattlerb/return_call_assocs.txt" = 0.02 s
[ 4984/31251] Prism::FixturesTest#"test_heredoc.txt" = 0.02 s
[ 4985/31251] Prism::FixturesTest#"test_whitequark/send_attr_asgn_conditional.txt" = 0.02 s
[ 4986/31251] Prism::FixturesTest#"test_seattlerb/array_lits_trailing_calls.txt" = 0.02 s
[ 4987/31251] Prism::FixturesTest#"test_seattlerb/op_asgn_primary_colon_identifier_command_call.txt"
 = 0.02 s
[ 4988/31251] Prism::FixturesTest#"test_whitequark/lvar.txt" = 0.02 s
[ 4989/31251] Prism::FixturesTest#"test_seattlerb/array_line_breaks.txt" = 0.02 s
[ 4990/31251] Prism::FixturesTest#"test_unparser/corpus/semantic/dstr.txt" = 0.02 s
[ 4991/31251] Prism::FixturesTest#"test_whitequark/range_inclusive.txt" = 0.02 s
[ 4992/31251] Prism::FixturesTest#"test_whitequark/array_assocs.txt" = 0.02 s
[ 4993/31251] Prism::FixturesTest#"test_seattlerb/parse_line_heredoc_hardnewline.txt" = 0.02 s
[ 4994/31251] Prism::FixturesTest#"test_seattlerb/bug_args_masgn.txt" = 0.02 s
[ 4995/31251] Prism::FixturesTest#"test_seattlerb/str_str.txt" = 0.02 s
[ 4996/31251] Prism::FixturesTest#"test_seattlerb/case_in_47.txt" = 0.02 s
[ 4997/31251] Prism::FixturesTest#"test_seattlerb/call_assoc_new_if_multiline.txt" = 0.02 s
[ 4998/31251] Prism::FixturesTest#"test_seattlerb/iter_kwarg_kwsplat.txt" = 0.02 s
[ 4999/31251] Prism::FixturesTest#"test_seattlerb/pct_nl.txt" = 0.02 s
[ 5000/31251] Prism::FixturesTest#"test_seattlerb/parse_line_dstr_soft_newline.txt" = 0.02 s
[ 5001/31251] Prism::FixturesTest#"test_whitequark/module.txt" = 0.02 s
[ 5002/31251] Prism::FixturesTest#"test_seattlerb/heredoc_comma_arg.txt" = 0.02 s
[ 5003/31251] Prism::FixturesTest#"test_seattlerb/stabby_arg_no_paren.txt" = 0.02 s
[ 5004/31251] Prism::FixturesTest#"test_return.txt" = 0.02 s
[ 5005/31251] Prism::FixturesTest#"test_seattlerb/bug190.txt" = 0.02 s
[ 5006/31251] Prism::FixturesTest#"test_while.txt" = 0.02 s
[ 5007/31251] Prism::FixturesTest#"test_whitequark/parser_bug_640.txt" = 0.02 s
[ 5008/31251] Prism::FixturesTest#"test_endless_range_in_conditional.txt" = 0.02 s
[ 5009/31251] Prism::FixturesTest#"test_whitequark/cpath.txt" = 0.02 s
[ 5010/31251] Prism::FixturesTest#"test_seattlerb/heredoc_with_only_carriage_returns_windows.txt" =
0.02 s
[ 5011/31251] Prism::FixturesTest#"test_seattlerb/bdot3.txt" = 0.02 s
[ 5012/31251] Prism::FixturesTest#"test_seattlerb/qsymbols_empty.txt" = 0.02 s
[ 5013/31251] Prism::FixturesTest#"test_unparser/corpus/literal/defined.txt" = 0.02 s
[ 5014/31251] Prism::FixturesTest#"test_whitequark/args_assocs_comma.txt" = 0.02 s
[ 5015/31251] Prism::FixturesTest#"test_blocks.txt" = 0.02 s
[ 5016/31251] Prism::FixturesTest#"test_seattlerb/TestRubyParserShared.txt" = 0.02 s
[ 5017/31251] Prism::FixturesTest#"test_seattlerb/block_arg_scope.txt" = 0.02 s
[ 5018/31251] Prism::FixturesTest#"test_seattlerb/heredoc_squiggly.txt" = 0.02 s
[ 5019/31251] Prism::FixturesTest#"test_seattlerb/difficult3__10.txt" = 0.02 s
[ 5020/31251] Prism::FixturesTest#"test_seattlerb/lasgn_lasgn_command_call.txt" = 0.02 s
[ 5021/31251] Prism::FixturesTest#"test_seattlerb/str_single_escaped_newline.txt" = 0.02 s
[ 5022/31251] Prism::FixturesTest#"test_seattlerb/defs_comments.txt" = 0.02 s
[ 5023/31251] Prism::FixturesTest#"test_whitequark/op_asgn.txt" = 0.02 s
[ 5024/31251] Prism::FixturesTest#"test_whitequark/kwrestarg_named.txt" = 0.02 s
[ 5025/31251] Prism::FixturesTest#"test_seattlerb/call_eq3.txt" = 0.02 s
[ 5026/31251] Prism::FixturesTest#"test_seattlerb/safe_op_asgn2.txt" = 0.02 s
[ 5027/31251] Prism::FixturesTest#"test_seattlerb/interpolated_symbol_array_line_breaks.txt" = 0.02
s
[ 5028/31251] Prism::FixturesTest#"test_whitequark/return_block.txt" = 0.02 s
[ 5029/31251] Prism::FixturesTest#"test_whitequark/nil.txt" = 0.02 s
[ 5030/31251] Prism::FixturesTest#"test_unparser/corpus/semantic/undef.txt" = 0.02 s
[ 5031/31251] Prism::FixturesTest#"test_unparser/corpus/literal/super.txt" = 0.02 s
[ 5032/31251] Prism::FixturesTest#"test_whitequark/forwarded_kwrestarg.txt" = 0.02 s
[ 5033/31251] Prism::FixturesTest#"test_seattlerb/masgn_command_call.txt" = 0.02 s
[ 5034/31251] Prism::FixturesTest#"test_seattlerb/block_command_operation_colon.txt" = 0.02 s
[ 5035/31251] Prism::FixturesTest#"test_seattlerb/unary_minus.txt" = 0.02 s
[ 5036/31251] Prism::FixturesTest#"test_numbers.txt" = 0.02 s
[ 5037/31251] Prism::FixturesTest#"test_seattlerb/call_dot_parens.txt" = 0.02 s
[ 5038/31251] Prism::FixturesTest#"test_seattlerb/and_multi.txt" = 0.02 s
[ 5039/31251] Prism::FixturesTest#"test_seattlerb/str_heredoc_interp.txt" = 0.02 s
[ 5040/31251] Prism::FixturesTest#"test_seattlerb/lasgn_command.txt" = 0.02 s
[ 5041/31251] Prism::FixturesTest#"test_whitequark/rescue_ensure.txt" = 0.02 s
[ 5042/31251] Prism::FixturesTest#"test_seattlerb/safe_call_after_newline.txt" = 0.02 s
[ 5043/31251] Prism::FixturesTest#"test_whitequark/blockarg.txt" = 0.02 s
[ 5044/31251] Prism::FixturesTest#"test_seattlerb/bug_case_when_regexp.txt" = 0.02 s
[ 5045/31251] Prism::FixturesTest#"test_whitequark/hash_pair_value_omission.txt" = 0.02 s
[ 5046/31251] Prism::FixturesTest#"test_seattlerb/when_splat.txt" = 0.02 s
[ 5047/31251] Prism::FixturesTest#"test_seattlerb/defns_reserved.txt" = 0.02 s
[ 5048/31251] Prism::FixturesTest#"test_unparser/corpus/literal/since/27.txt" = 0.02 s
[ 5049/31251] Prism::FixturesTest#"test_seattlerb/block_args_kwargs.txt" = 0.02 s
[ 5050/31251] Prism::FixturesTest#"test_seattlerb/block_opt_splat.txt" = 0.02 s
[ 5051/31251] Prism::FixturesTest#"test_seattlerb/flip2_env_lvar.txt" = 0.02 s
[ 5052/31251] Prism::FixturesTest#"test_whitequark/ensure_empty.txt" = 0.02 s
[ 5053/31251] Prism::FixturesTest#"test_comments.txt" = 0.02 s
[ 5054/31251] Prism::FixturesTest#"test_seattlerb/heredoc_squiggly_tabs.txt" = 0.02 s
[ 5055/31251] Prism::FixturesTest#"test_modules.txt" = 0.02 s
[ 5056/31251] Prism::FixturesTest#"test_whitequark/endless_method_forwarded_args_legacy.txt" = 0.02
s
[ 5057/31251] Prism::FixturesTest#"test_seattlerb/difficult3_5.txt" = 0.02 s
[ 5058/31251] Prism::FixturesTest#"test_range_begin_open_exclusive.txt" = 0.02 s
[ 5059/31251] Prism::FixturesTest#"test_whitequark/for_mlhs.txt" = 0.02 s
[ 5060/31251] Prism::FixturesTest#"test_seattlerb/regexp.txt" = 0.02 s
[ 5061/31251] Prism::FixturesTest#"test_whitequark/resbody_list_mrhs.txt" = 0.02 s
[ 5062/31251] Prism::FixturesTest#"test_seattlerb/parse_line_dot3_open.txt" = 0.02 s
[ 5063/31251] Prism::FixturesTest#"test_whitequark/args_cmd.txt" = 0.02 s
[ 5064/31251] Prism::FixturesTest#"test_whitequark/masgn_const.txt" = 0.02 s
[ 5065/31251] Prism::FixturesTest#"test_seattlerb/call_arg_assoc_kwsplat.txt" = 0.02 s
[ 5066/31251] Prism::FixturesTest#"test_seattlerb/parse_pattern_069.txt" = 0.02 s
[ 5067/31251] Prism::FixturesTest#"test_seattlerb/rescue_in_block.txt" = 0.02 s
[ 5068/31251] Prism::FixturesTest#"test_whitequark/endless_method_command_syntax.txt" = 0.02 s
[ 5069/31251] Prism::FixturesTest#"test_case.txt" = 0.02 s
[ 5070/31251] Prism::FixturesTest#"test_unparser/corpus/literal/block.txt" = 0.02 s
[ 5071/31251] Prism::FixturesTest#"test_seattlerb/parse_while_not_canonical.txt" = 0.02 s
[ 5072/31251] Prism::FixturesTest#"test_whitequark/ruby_bug_11873_b.txt" = 0.02 s
[ 5073/31251] Prism::FixturesTest#"test_seattlerb/heredoc_unicode.txt" = 0.02 s
[ 5074/31251] Prism::FixturesTest#"test_seattlerb/non_interpolated_symbol_array_line_breaks.txt" = 0
.02 s
[ 5075/31251] Prism::FixturesTest#"test_whitequark/numparam_ruby_bug_19025.txt" = 0.02 s
[ 5076/31251] Prism::FixturesTest#"test_seattlerb/call_lte.txt" = 0.02 s
[ 5077/31251] Prism::FixturesTest#"test_whitequark/send_block_conditional.txt" = 0.02 s
[ 5078/31251] Prism::FixturesTest#"test_whitequark/send_lambda_legacy.txt" = 0.02 s
[ 5079/31251] Prism::FixturesTest#"test_seattlerb/block_optarg.txt" = 0.02 s
[ 5080/31251] Prism::FixturesTest#"test_whitequark/alias_gvar.txt" = 0.02 s
[ 5081/31251] Prism::FixturesTest#"test_seattlerb/unary_tilde.txt" = 0.02 s
[ 5082/31251] Prism::FixturesTest#"test_whitequark/send_call.txt" = 0.02 s
[ 5083/31251] Prism::FixturesTest#"test_seattlerb/masgn_double_paren.txt" = 0.02 s
[ 5084/31251] Prism::FixturesTest#"test_seattlerb/parse_line_newlines.txt" = 0.02 s
[ 5085/31251] Prism::FixturesTest#"test_unparser/corpus/literal/for.txt" = 0.02 s
[ 5086/31251] Prism::FixturesTest#"test_seattlerb/non_interpolated_word_array_line_breaks.txt" = 0.0
2 s
[ 5087/31251] Prism::FixturesTest#"test_whitequark/ruby_bug_10279.txt" = 0.02 s
[ 5088/31251] Prism::FixturesTest#"test_multi_write.txt" = 0.02 s
[ 5089/31251] Prism::FixturesTest#"test_seattlerb/parse_line_call_ivar_arg_no_parens_line_break.txt"
 = 0.02 s
[ 5090/31251] Prism::FixturesTest#"test_whitequark/cond_match_current_line.txt" = 0.02 s
[ 5091/31251] Prism::FixturesTest#"test_whitequark/cond_eflipflop_with_beginless_range.txt" = 0.02 s
[ 5092/31251] Prism::FixturesTest#"test_seattlerb/evstr_evstr.txt" = 0.02 s
[ 5093/31251] Prism::FixturesTest#"test_seattlerb/block_arg_splat_arg.txt" = 0.02 s
[ 5094/31251] Prism::FixturesTest#"test_seattlerb/call_pipe.txt" = 0.02 s
[ 5095/31251] Prism::FixturesTest#"test_whitequark/array_symbols.txt" = 0.02 s
[ 5096/31251] Prism::FixturesTest#"test_seattlerb/float_with_if_modifier.txt" = 0.02 s
[ 5097/31251] Prism::FixturesTest#"test_seattlerb/dstr_str.txt" = 0.02 s
[ 5098/31251] Prism::FixturesTest#"test_whitequark/defs.txt" = 0.02 s
[ 5099/31251] Prism::FixturesTest#"test_unparser/corpus/literal/since/32.txt" = 0.02 s
[ 5100/31251] Prism::FixturesTest#"test_seattlerb/do_lambda.txt" = 0.02 s
[ 5101/31251] Prism::FixturesTest#"test_whitequark/parser_bug_518.txt" = 0.02 s
[ 5102/31251] Prism::FixturesTest#"test_seattlerb/bug290.txt" = 0.02 s
[ 5103/31251] Prism::FixturesTest#"test_whitequark/ruby_bug_12686.txt" = 0.02 s
[ 5104/31251] Prism::FixturesTest#"test_whitequark/int.txt" = 0.02 s
[ 5105/31251] Prism::FixturesTest#"test_unparser/corpus/semantic/and.txt" = 0.02 s
[ 5106/31251] Prism::FixturesTest#"test_whitequark/arg_scope.txt" = 0.02 s
[ 5107/31251] Prism::FixturesTest#"test_seattlerb/str_lit_concat_bad_encodings.txt" = 0.02 s
[ 5108/31251] Prism::FixturesTest#"test_seattlerb/module_comments.txt" = 0.02 s
[ 5109/31251] Prism::FixturesTest#"test_seattlerb/call_spaceship.txt" = 0.02 s
[ 5110/31251] Prism::FixturesTest#"test_seattlerb/case_in_86_2.txt" = 0.02 s
[ 5111/31251] Prism::FixturesTest#"test_it_indirect_writes.txt" = 0.02 s
[ 5112/31251] Prism::FixturesTest#"test_whitequark/complex.txt" = 0.02 s
[ 5113/31251] Prism::FixturesTest#"test_seattlerb/iter_args_8_1.txt" = 0.02 s
[ 5114/31251] Prism::FixturesTest#"test_unparser/corpus/literal/literal.txt" = 0.02 s
[ 5115/31251] Prism::FixturesTest#"test_seattlerb/stabby_arg_opt_splat_arg_block_omfg.txt" = 0.02 s
[ 5116/31251] Prism::FixturesTest#"test_whitequark/bug_do_block_in_cmdarg.txt" = 0.02 s
[ 5117/31251] Prism::FixturesTest#"test_whitequark/parser_bug_272.txt" = 0.02 s
[ 5118/31251] Prism::FixturesTest#"test_whitequark/rescue_else.txt" = 0.02 s
[ 5119/31251] Prism::FixturesTest#"test_whitequark/beginless_range.txt" = 0.02 s
[ 5120/31251] Prism::FixturesTest#"test_seattlerb/iter_args_10_2.txt" = 0.02 s
[ 5121/31251] Prism::FixturesTest#"test_seattlerb/heredoc_lineno.txt" = 0.02 s
[ 5122/31251] Prism::FixturesTest#"test_seattlerb/read_escape_unicode_h4.txt" = 0.02 s
[ 5123/31251] Prism::FixturesTest#"test_unparser/corpus/literal/case.txt" = 0.02 s
[ 5124/31251] Prism::FixturesTest#"test_spanning_heredoc_newlines.txt" = 0.02 s
[ 5125/31251] Prism::FixturesTest#"test_whitequark/empty_stmt.txt" = 0.02 s
[ 5126/31251] Prism::FixturesTest#"test_seattlerb/evstr_str.txt" = 0.02 s
[ 5127/31251] Prism::FixturesTest#"test_whitequark/case_expr.txt" = 0.02 s
[ 5128/31251] Prism::FixturesTest#"test_whitequark/kwbegin_compstmt.txt" = 0.02 s
[ 5129/31251] Prism::FixturesTest#"test_seattlerb/defined_eh_parens.txt" = 0.02 s
[ 5130/31251] Prism::FixturesTest#"test_seattlerb/parse_line_heredoc_regexp_chars.txt" = 0.02 s
[ 5131/31251] Prism::FixturesTest#"test_unparser/corpus/literal/pattern.txt" = 0.02 s
[ 5132/31251] Prism::FixturesTest#"test_unparser/corpus/literal/defs.txt" = 0.02 s
[ 5133/31251] Prism::FixturesTest#"test_seattlerb/defn_forward_args.txt" = 0.02 s
[ 5134/31251] Prism::FixturesTest#"test_seattlerb/parse_line_op_asgn.txt" = 0.02 s
[ 5135/31251] Prism::FixturesTest#"test_whitequark/interp_digit_var.txt" = 0.02 s
[ 5136/31251] Prism::FixturesTest#"test_whitequark/resbody_list_var.txt" = 0.02 s
[ 5137/31251] Prism::FixturesTest#"test_seattlerb/qsymbols_interp.txt" = 0.02 s
[ 5138/31251] Prism::FixturesTest#"test_unparser/corpus/literal/if.txt" = 0.02 s
[ 5139/31251] Prism::FixturesTest#"test_whitequark/and.txt" = 0.02 s
[ 5140/31251] Prism::FixturesTest#"test_seattlerb/pctW_lineno.txt" = 0.02 s
[ 5141/31251] Prism::FixturesTest#"test_seattlerb/parse_line_dot2.txt" = 0.02 s
[ 5142/31251] Prism::FixturesTest#"test_seattlerb/op_asgn_val_dot_ident_command_call.txt" = 0.02 s
[ 5143/31251] Prism::FixturesTest#"test_seattlerb/block_call_paren_call_block_call.txt" = 0.02 s
[ 5144/31251] Prism::FixturesTest#"test_seattlerb/stabby_block_iter_call_no_target_with_arg.txt" = 0
.02 s
[ 5145/31251] Prism::FixturesTest#"test_seattlerb/call_args_command.txt" = 0.02 s
[ 5146/31251] Prism::FixturesTest#"test_whitequark/undef.txt" = 0.02 s
[ 5147/31251] Prism::FixturesTest#"test_whitequark/send_self.txt" = 0.02 s
[ 5148/31251] Prism::FixturesTest#"test_begin_ensure.txt" = 0.02 s
[ 5149/31251] Prism::FixturesTest#"test_unparser/corpus/semantic/send.txt" = 0.02 s
[ 5150/31251] Prism::FixturesTest#"test_seattlerb/heredoc_with_carriage_return_escapes_windows.txt"
= 0.02 s
[ 5151/31251] Prism::FixturesTest#"test_seattlerb/safe_call_operator.txt" = 0.02 s
[ 5152/31251] Prism::FixturesTest#"test_seattlerb/str_interp_ternary_or_label.txt" = 0.02 s
[ 5153/31251] Prism::FixturesTest#"test_seattlerb/call_rshift.txt" = 0.02 s
[ 5154/31251] Prism::FixturesTest#"test_whitequark/rescue_in_lambda_block.txt" = 0.02 s
[ 5155/31251] Prism::FixturesTest#"test_seattlerb/call_self_brackets.txt" = 0.02 s
[ 5156/31251] Prism::FixturesTest#"test_seattlerb/bug_args__19.txt" = 0.02 s
[ 5157/31251] Prism::FixturesTest#"test_seattlerb/call_assoc.txt" = 0.02 s
[ 5158/31251] Prism::FixturesTest#"test_whitequark/until_mod.txt" = 0.02 s
[ 5159/31251] Prism::FixturesTest#"test_whitequark/bug_interp_single.txt" = 0.02 s
[ 5160/31251] Prism::FixturesTest#"test_whitequark/bug_435.txt" = 0.02 s
[ 5161/31251] Prism::FixturesTest#"test_seattlerb/case_in_hash_pat_assign.txt" = 0.02 s
[ 5162/31251] Prism::FixturesTest#"test_whitequark/until_post.txt" = 0.02 s
[ 5163/31251] Prism::FixturesTest#"test_whitequark/string_dvar.txt" = 0.02 s
[ 5164/31251] Prism::FixturesTest#"test_seattlerb/block_decomp_splat.txt" = 0.02 s
[ 5165/31251] Prism::FixturesTest#"test_whitequark/lvasgn.txt" = 0.02 s
[ 5166/31251] Prism::FixturesTest#"test_whitequark/numbered_args_after_27.txt" = 0.02 s
[ 5167/31251] Prism::FixturesTest#"test_non_alphanumeric_methods.txt" = 0.02 s
[ 5168/31251] Prism::FixturesTest#"test_seattlerb/quoted_symbol_keys.txt" = 0.02 s
[ 5169/31251] Prism::FixturesTest#"test_whitequark/endless_method_with_rescue_mod.txt" = 0.02 s
[ 5170/31251] Prism::FixturesTest#"test_whitequark/beginless_irange_after_newline.txt" = 0.02 s
[ 5171/31251] Prism::FixturesTest#"test_seattlerb/parse_pattern_051.txt" = 0.02 s
[ 5172/31251] Prism::FixturesTest#"test_whitequark/class_super.txt" = 0.02 s
[ 5173/31251] Prism::FixturesTest#"test_seattlerb/method_call_assoc_trailing_comma.txt" = 0.02 s
[ 5174/31251] Prism::FixturesTest#"test_whitequark/space_args_arg_newline.txt" = 0.02 s
[ 5175/31251] Prism::FixturesTest#"test_seattlerb/defs_endless_command.txt" = 0.02 s
[ 5176/31251] Prism::FixturesTest#"test_seattlerb/block_args_opt3.txt" = 0.02 s
[ 5177/31251] Prism::FixturesTest#"test_alias.txt" = 0.02 s
[ 5178/31251] Prism::FixturesTest#"test_seattlerb/utf8_bom.txt" = 0.02 s
[ 5179/31251] Prism::FixturesTest#"test_whitequark/dedenting_non_interpolating_heredoc_line_continua
tion.txt" = 0.02 s
[ 5180/31251] Prism::FixturesTest#"test_whitequark/class.txt" = 0.02 s
[ 5181/31251] TestGemCommandsYankCommand#test_execute_with_otp_failure = 1.92 s
[ 5182/31251] TestGemCommandsYankCommand#test_with_webauthn_enabled_failure = 2.21 s
[ 5183/31251] TestGemCommandsYankCommand#test_handle_options = 2.28 s
[ 5184/31251] TestGemCommandsYankCommand#test_handle_options_missing_argument = 2.99 s
[ 5185/31251] TestGemCommandsYankCommand#test_with_webauthn_enabled_success_with_polling = 2.16 s
[ 5186/31251] TestGemCommandsYankCommand#test_with_webauthn_enabled_failure_with_polling = 2.15 s
[ 5187/31251] TestGemCommandsYankCommand#test_execute_with_otp_success = 2.20 s
[ 5188/31251] TestGemCommandsYankCommand#test_with_webauthn_enabled_success = 2.37 s
[ 5189/31251] TestGemCommandsYankCommand#test_execute_host = 1.89 s
[ 5190/31251] TestGemCommandsYankCommand#test_yank_gem_unathorized_api_key = 2.32 s
[ 5191/31251] TestGemCommandsYankCommand#test_execute_key = 1.88 s
[ 5192/31251] TestGemCommandsYankCommand#test_execute = 1.89 s
[ 5193/31251] Test_Hash::TestDelete#test_delete = 0.03 s
[ 5194/31251] OpenSSL::OSSL#test_error_data = 5.68 s
[ 5195/31251] OpenSSL::OSSL#test_fixed_length_secure_compare = 3.81 s
[ 5196/31251] OpenSSL::OSSL#test_secure_compare = 3.72 s
[ 5197/31251] OpenSSL::OSSL#test_memcmp_timing = 139.14 s
[ 5198/31251] TestIRB::DisplayDocumentTest#test_perfect_matching_stops_without_rdoc = 1.54 s
[ 5199/31251] TestIRB::DisplayDocumentTest#test_perfectly_matched_namespace_triggers_document_displa
y = 0.08 s
[ 5200/31251] TestIRB::DisplayDocumentTest#test_perfectly_matched_multiple_namespaces_triggers_docum
ent_display = 0.56 s
[ 5201/31251] TestIRB::DisplayDocumentTest#test_perfect_matching_handles_nil_namespace = 0.42 s
[ 5202/31251] TestIRB::DisplayDocumentTest#test_not_matched_namespace_triggers_nothing = 0.59 s
[ 5203/31251] RDocTextTest#test_to_html_tt_tag = 0.06 s
[ 5204/31251] RDocTextTest#test_to_html_apostrophe_entity = 0.07 s
[ 5205/31251] RDocTextTest#test_to_html_double_quote = 0.06 s
[ 5206/31251] RDocTextTest#test_snippet_short = 0.12 s
[ 5207/31251] RDocTextTest#test_markup_comment = 0.12 s
[ 5208/31251] RDocTextTest#test_to_html_ellipsis = 0.06 s
[ 5209/31251] RDocTextTest#test_to_html_double_tick = 0.06 s
[ 5210/31251] RDocTextTest#test_parse_newline = 0.06 s
[ 5211/31251] RDocTextTest#test_snippet = 0.17 s
[ 5212/31251] RDocTextTest#test_self_encode_fallback = 0.05 s
[ 5213/31251] RDocTextTest#test_normalize_comment_stars_single_double_space = 0.06 s
[ 5214/31251] RDocTextTest#test_parse_format_markdown = 0.89 s
[ 5215/31251] RDocTextTest#test_strip_stars_document_method_special = 0.06 s
[ 5216/31251] RDocTextTest#test_flush_left_encoding = 0.05 s
[ 5217/31251] RDocTextTest#test_strip_stars_no_stars = 0.05 s
[ 5218/31251] RDocTextTest#test_to_html_double_backtick = 0.06 s
[ 5219/31251] RDocTextTest#test_parse_document = 0.05 s
[ 5220/31251] RDocTextTest#test_strip_stars = 0.05 s
[ 5221/31251] RDocTextTest#test_to_html_registered_trademark = 0.05 s
[ 5222/31251] RDocTextTest#test_to_html_double_quote_quot = 0.06 s
[ 5223/31251] RDocTextTest#test_to_html_dash = 0.06 s
[ 5224/31251] RDocTextTest#test_to_html_copyright = 0.05 s
[ 5225/31251] RDocTextTest#test_parse_empty = 0.05 s
[ 5226/31251] RDocTextTest#test_expand_tabs = 0.09 s
[ 5227/31251] RDocTextTest#test_to_html_encoding = 0.07 s
[ 5228/31251] RDocTextTest#test_to_html_br = 0.05 s
[ 5229/31251] RDocTextTest#test_markup_string = 0.10 s
[ 5230/31251] RDocTextTest#test_normalize_comment_hash = 0.06 s
[ 5231/31251] RDocTextTest#test_strip_stars_encoding = 0.05 s
[ 5232/31251] RDocTextTest#test_parse_format_rd = 0.12 s
[ 5233/31251] RDocTextTest#test_normalize_comment_stars_single_space = 0.06 s
[ 5234/31251] RDocTextTest#test_flush_left = 0.05 s
[ 5235/31251] RDocTextTest#test_strip_stars_document_method = 0.05 s
[ 5236/31251] RDocTextTest#test_strip_hashes_encoding = 0.06 s
[ 5237/31251] RDocTextTest#test_strip_stars_encoding2 = 0.06 s
[ 5238/31251] RDocTextTest#test_strip_newlines = 0.05 s
[ 5239/31251] RDocTextTest#test_expand_tabs_encoding = 0.05 s
[ 5240/31251] RDocTextTest#test_strip_newlines_encoding = 0.05 s
[ 5241/31251] RDocTextTest#test_to_html_backslash = 0.05 s
[ 5242/31251] RDocTextTest#test_to_html_tt_tag_mismatch = 0.19 s
[ 5243/31251] RDocTextTest#test_snippet_comment = 0.11 s
[ 5244/31251] RDocTextTest#test_strip_hashes = 0.05 s
[ 5245/31251] RDocTextTest#test_parse_format_tomdoc = 0.09 s
[ 5246/31251] RDocTextTest#test_parse_empty_newline = 0.06 s
[ 5247/31251] RDocTextTest#test_parse_comment = 0.05 s
[ 5248/31251] RDocTextTest#test_to_html_html_tag = 0.05 s
[ 5249/31251] RDocTextTest#test_parse = 0.06 s
[ 5250/31251] RDocTextTest#test_to_html_apostrophe = 0.07 s
[ 5251/31251] TestRational#test_rb_rational_raw = 0.04 s
[ 5252/31251] RactorCompatibilityTest#test_pattern_key_name_suggestion_works_in_ractor = 13.69 s
[ 5253/31251] RactorCompatibilityTest#test_method_name_suggestion_works_in_ractor = 14.75 s
[ 5254/31251] RactorCompatibilityTest#test_key_name_suggestion_works_in_ractor = 13.63 s
[ 5255/31251] RactorCompatibilityTest#test_can_raise_other_name_error_in_ractor = 13.58 s
[ 5256/31251] RactorCompatibilityTest#test_class_name_suggestion_works_in_ractor = 14.16 s
[ 5257/31251] RactorCompatibilityTest#test_variable_name_suggestion_works_in_ractor = 15.62 s
[ 5258/31251] ErrorHighlightTest#test_OP_ASGN1_aset_4 = 2.16 s
[ 5259/31251] ErrorHighlightTest#test_OP_ASGN2_write_3 = 1.95 s
[ 5260/31251] ErrorHighlightTest#test_args_OP_ASGN1_aref_1 = 1.94 s
[ 5261/31251] ErrorHighlightTest#test_OP_ASGN2_write_1 = 1.95 s
[ 5262/31251] ErrorHighlightTest#test_QCALL_1 = 2.24 s
[ 5263/31251] ErrorHighlightTest#test_OP_ASGN1_aset_2 = 1.89 s
[ 5264/31251] ErrorHighlightTest#test_args_FCALL_2 = 2.08 s
[ 5265/31251] ErrorHighlightTest#test_FCALL_1 = 2.97 s
[ 5266/31251] ErrorHighlightTest#test_spoofed_filename = 1.40 s
[ 5267/31251] ErrorHighlightTest#test_args_CALL_2 = 1.90 s
[ 5268/31251] ErrorHighlightTest#test_VCALL_2 = 3.17 s
[ 5269/31251] ErrorHighlightTest#test_OP_CDECL_op_2 = 3.91 s
[ 5270/31251] ErrorHighlightTest#test_OP_CDECL_read_2 = 13.44 s
[ 5271/31251] ErrorHighlightTest#test_CALL_noarg_3 = 2.26 s
[ 5272/31251] ErrorHighlightTest#test_CALL_noarg_1 = 2.18 s
[ 5273/31251] ErrorHighlightTest#test_OP_CDECL_toplevel_1 = 13.10 s
[ 5274/31251] ErrorHighlightTest#test_CALL_op_asgn = 1.92 s
[ 5275/31251] ErrorHighlightTest#test_args_OP_ASGN1_op = 1.88 s
[ 5276/31251] ErrorHighlightTest#test_CALL_aref_2 = 2.90 s
[ 5277/31251] ErrorHighlightTest#test_args_OP_ASGN2 = 1.78 s
[ 5278/31251] ErrorHighlightTest#test_CALL_aref_4 = 1.84 s
[ 5279/31251] ErrorHighlightTest#test_args_ATTRASGN_2 = 1.78 s
[ 5280/31251] ErrorHighlightTest#test_explicit_raise_name_error = 1.79 s
[ 5281/31251] ErrorHighlightTest#test_explicit_raise_no_method_error = 1.76 s
[ 5282/31251] ErrorHighlightTest#test_multibyte = 12.58 s
[ 5283/31251] ErrorHighlightTest#test_OP_ASGN2_read_2 = 3.79 s
[ 5284/31251] ErrorHighlightTest#test_CALL_special_call_1 = 2.13 s
[ 5285/31251] ErrorHighlightTest#test_ATTRASGN_1 = 1.99 s
[ 5286/31251] ErrorHighlightTest#test_OPCALL_binary_1 = 2.31 s
[ 5287/31251] ErrorHighlightTest#test_ATTRASGN_3 = 1.89 s
[ 5288/31251] ErrorHighlightTest#test_OPCALL_binary_3 = 2.21 s
[ 5289/31251] ErrorHighlightTest#test_errors_on_small_terminal_window_at_the_beginning = 2.41 s
[ 5290/31251] ErrorHighlightTest#test_ATTRASGN_5 = 1.83 s
[ 5291/31251] ErrorHighlightTest#test_OP_ASGN1_op_1 = 1.91 s
[ 5292/31251] ErrorHighlightTest#test_OP_ASGN1_op_3 = 1.65 s
[ 5293/31251] ErrorHighlightTest#test_OP_ASGN1_aref_2 = 2.39 s
[ 5294/31251] ErrorHighlightTest#test_COLON2_5 = 12.79 s
[ 5295/31251] ErrorHighlightTest#test_simulate_funcallv_from_embedded_ruby = 0.26 s
[ 5296/31251] ErrorHighlightTest#test_no_final_newline = 0.58 s
[ 5297/31251] ErrorHighlightTest#test_errors_on_terminal_window_when_truncation_is_disabled = 2.52 s
[ 5298/31251] ErrorHighlightTest#test_CALL_arg_4 = 1.87 s
[ 5299/31251] ErrorHighlightTest#test_hard_tabs = 0.58 s
[ 5300/31251] ErrorHighlightTest#test_OPCALL_unary_1 = 2.63 s
[ 5301/31251] ErrorHighlightTest#test_CALL_arg_6 = 2.03 s
[ 5302/31251] ErrorHighlightTest#test_COLON2_1 = 13.21 s
[ 5303/31251] ErrorHighlightTest#test_OP_ASGN2_op_1 = 2.03 s
[ 5304/31251] ErrorHighlightTest#test_COLON2_3 = 13.26 s
[ 5305/31251] ErrorHighlightTest#test_OP_ASGN1_aref_4 = 1.92 s
[ 5306/31251] ErrorHighlightTest#test_CONST = 13.66 s
[ 5307/31251] ErrorHighlightTest#test_OP_ASGN2_op_3 = 1.86 s
[ 5308/31251] ErrorHighlightTest#test_CALL_arg_2 = 1.88 s
[ 5309/31251] ErrorHighlightTest#test_OP_ASGN1_op_2 = 1.83 s
[ 5310/31251] ErrorHighlightTest#test_ATTRASGN_4 = 1.72 s
[ 5311/31251] ErrorHighlightTest#test_OPCALL_binary_2 = 2.48 s
[ 5312/31251] ErrorHighlightTest#test_CALL_special_call_2 = 1.89 s
[ 5313/31251] ErrorHighlightTest#test_ATTRASGN_2 = 1.81 s
[ 5314/31251] ErrorHighlightTest#test_OP_ASGN1_op_4 = 2.09 s
[ 5315/31251] ErrorHighlightTest#test_CALL_arg_3 = 2.07 s
[ 5316/31251] ErrorHighlightTest#test_OP_ASGN2_op_2 = 1.96 s
[ 5317/31251] ErrorHighlightTest#test_COLON2_2 = 13.18 s
[ 5318/31251] ErrorHighlightTest#test_CALL_arg_1 = 1.96 s
[ 5319/31251] ErrorHighlightTest#test_errors_on_terminal_window_smaller_than_min_width = 2.57 s
[ 5320/31251] ErrorHighlightTest#test_CALL_arg_7 = 1.82 s
[ 5321/31251] ErrorHighlightTest#test_OP_ASGN1_aref_1 = 1.85 s
[ 5322/31251] ErrorHighlightTest#test_errors_on_extremely_small_terminal_window = 2.44 s
[ 5323/31251] ErrorHighlightTest#test_CALL_arg_5 = 1.87 s
[ 5324/31251] ErrorHighlightTest#test_COLON2_4 = 13.13 s
[ 5325/31251] ErrorHighlightTest#test_OPCALL_unary_2 = 2.27 s
[ 5326/31251] ErrorHighlightTest#test_OP_ASGN1_aref_3 = 1.89 s
[ 5327/31251] ErrorHighlightTest#test_args_ATTRASGN_1 = 1.93 s
[ 5328/31251] ErrorHighlightTest#test_const_get = 12.99 s
[ 5329/31251] ErrorHighlightTest#test_args_ATTRASGN_3 = 1.91 s
[ 5330/31251] ErrorHighlightTest#test_errors_on_small_terminal_window_when_exact_size_of_viewport =
5.13 s
[ 5331/31251] ErrorHighlightTest#test_custom_formatter = 2.47 s
[ 5332/31251] ErrorHighlightTest#test_errors_on_small_terminal_window_at_the_middle_near_beginning =
 2.50 s
[ 5333/31251] ErrorHighlightTest#test_OP_ASGN2_read_1 = 2.42 s
[ 5334/31251] ErrorHighlightTest#test_spot_with_node = 0.04 s
[ 5335/31251] ErrorHighlightTest#test_OP_ASGN2_read_3 = 1.92 s
[ 5336/31251] ErrorHighlightTest#test_errors_on_small_terminal_window_at_the_middle = 2.42 s
[ 5337/31251] ErrorHighlightTest#test_errors_on_small_terminal_window_at_the_end = 2.43 s
[ 5338/31251] ErrorHighlightTest#test_spot_with_backtrace_location = 3.03 s
[ 5339/31251] ErrorHighlightTest#test_args_OPCALL = 1.74 s
[ 5340/31251] ErrorHighlightTest#test_CALL_noarg_4 = 2.49 s
[ 5341/31251] ErrorHighlightTest#test_errors_on_small_terminal_window_when_larger_than_viewport = 5.
79 s
[ 5342/31251] ErrorHighlightTest#test_OP_CDECL_toplevel_2 = 2.54 s
[ 5343/31251] ErrorHighlightTest#test_CALL_noarg_2 = 2.24 s
[ 5344/31251] ErrorHighlightTest#test_CALL_aref_5 = 1.93 s
[ 5345/31251] ErrorHighlightTest#test_CALL_aref_1 = 2.11 s
[ 5346/31251] ErrorHighlightTest#test_CALL_send = 2.77 s
[ 5347/31251] ErrorHighlightTest#test_CALL_aref_3 = 1.84 s
[ 5348/31251] ErrorHighlightTest#test_QCALL_2 = 2.20 s
[ 5349/31251] ErrorHighlightTest#test_OP_ASGN1_aset_3 = 1.80 s
[ 5350/31251] ErrorHighlightTest#test_OP_ASGN1_aset_1 = 2.42 s
[ 5351/31251] ErrorHighlightTest#test_OP_ASGN2_write_2 = 1.78 s
[ 5352/31251] ErrorHighlightTest#test_args_OP_ASGN1_aref_2 = 1.79 s
[ 5353/31251] ErrorHighlightTest#test_CALL_aset = 13.23 s
[ 5354/31251] ErrorHighlightTest#test_OP_CDECL_read_3 = 14.71 s
[ 5355/31251] ErrorHighlightTest#test_local_variable_get = 2.28 s
[ 5356/31251] ErrorHighlightTest#test_OP_CDECL_op_3 = 2.56 s
[ 5357/31251] ErrorHighlightTest#test_args_CALL_1 = 1.95 s
[ 5358/31251] ErrorHighlightTest#test_OP_CDECL_read_1 = 13.59 s
[ 5359/31251] ErrorHighlightTest#test_OP_CDECL_op_1 = 2.42 s
[ 5360/31251] ErrorHighlightTest#test_COLON3 = 13.37 s
[ 5361/31251] ErrorHighlightTest#test_FCALL_2 = 2.88 s
[ 5362/31251] ErrorHighlightTest#test_args_FCALL_1 = 2.51 s
[ 5363/31251] TestGemExtExtConfBuilder#test_class_make_no_Makefile = 1.16 s
[ 5364/31251] TestGemExtExtConfBuilder#test_class_build_env_make = 18.55 s
[ 5365/31251] TestGemExtExtConfBuilder#test_class_build = 21.30 s
[ 5366/31251] TestGemExtExtConfBuilder#test_class_build_extconf_fail = 18.64 s
[ 5367/31251] TestGemExtExtConfBuilder#test_class_make = 3.62 s
[ 5368/31251] TestGemExtExtConfBuilder#test_class_build_unconventional = 55.56 s
[ 5369/31251] TestGemExtExtConfBuilder#test_class_build_extconf_success_without_warning = 21.20 s
[ 5370/31251] TestGemExtExtConfBuilder#test_class_build_rbconfig_make_prog = 21.24 s
[ 5371/31251] TestEucTw#test_mbc_case_fold = 0.03 s
[ 5372/31251] TestEucTw#test_mbc_enc_len = 0.02 s
[ 5373/31251] TestEucTw#test_left_adjust_char_head = 0.01 s
[ 5374/31251] TestEucTw#test_code_to_mbc = 0.01 s
[ 5375/31251] TestEucTw#test_mbc_to_code = 0.02 s
[ 5376/31251] Prism::NumericValueTest#test_numeric_value = 0.07 s
[ 5377/31251] TestFnmatch#test_unicode = 0.68 s
[ 5378/31251] TestFnmatch#test_any_chars = 1.50 s
[ 5379/31251] TestFnmatch#test_fnmatch = 0.93 s
[ 5380/31251] TestFnmatch#test_extglob = 0.33 s
[ 5381/31251] TestFnmatch#test_any_one = 1.06 s
[ 5382/31251] TestFnmatch#test_fnm_pathname = 0.61 s
[ 5383/31251] TestFnmatch#test_fnm_escape = 2.28 s
[ 5384/31251] TestFnmatch#test_nullchar = 0.02 s
[ 5385/31251] TestFnmatch#test_escape = 2.20 s
[ 5386/31251] TestFnmatch#test_text = 0.46 s
[ 5387/31251] TestFnmatch#test_char_class = 0.39 s
[ 5388/31251] TestFnmatch#test_recursive = 0.94 s
[ 5389/31251] TestFnmatch#test_fnm_casefold = 0.96 s
[ 5390/31251] TestFnmatch#test_fnm_dotmatch = 1.12 s
[ 5391/31251] TestFnmatch#test_unmatched_encoding = 0.99 s
[ 5392/31251] TC_Operator#test_carrot = 0.10 s
[ 5393/31251] TC_Operator#test_include? = 0.11 s
[ 5394/31251] TC_Operator#test_mask = 0.12 s
[ 5395/31251] TC_Operator#test_shift_right = 0.07 s
[ 5396/31251] TC_Operator#test_shift_left = 0.07 s
[ 5397/31251] TC_Operator#test_link_local? = 0.16 s
[ 5398/31251] TC_Operator#test_hash = 0.12 s
[ 5399/31251] TC_Operator#test_compare = 0.05 s
[ 5400/31251] TC_Operator#test_loopback? = 0.12 s
[ 5401/31251] TC_Operator#test_and = 0.08 s
[ 5402/31251] TC_Operator#test_private? = 0.27 s
[ 5403/31251] TC_Operator#test_equal = 0.09 s
[ 5404/31251] TC_Operator#test_or = 0.08 s
[ 5405/31251] TC_Operator#test_native_coerce_mask_addr = 0.07 s
[ 5406/31251] RDocGeneratorPOTPOTest#test_have_entry = 0.10 s
[ 5407/31251] RDocGeneratorPOTPOTest#test_empty = 0.07 s
[ 5408/31251] Test_EConvAppend#test_econv_str_append_valid = 0.03 s
[ 5409/31251] Test_EConvAppend#test_econv_str_append_broken = 0.02 s
[ 5410/31251] Prism::FuzzerTest#"test_fuzzer_comment followed by whitespace at end of file" = 0.02 s
[ 5411/31251] Prism::FuzzerTest#"test_fuzzer_incomplete symbol" = 0.02 s
[ 5412/31251] Prism::FuzzerTest#"test_fuzzer_unterminated heredoc with unterminated escape at end of
 file" = 0.02 s
[ 5413/31251] Prism::FuzzerTest#"test_fuzzer_escaped unicode at end of file 7" = 0.02 s
[ 5414/31251] Prism::FuzzerTest#"test_fuzzer_escaped unicode at end of file 5" = 0.02 s
[ 5415/31251] Prism::FuzzerTest#"test_fuzzer_escaped unicode at end of file 3" = 0.02 s
[ 5416/31251] Prism::FuzzerTest#"test_fuzzer_escaped unicode at end of file 1" = 0.02 s
[ 5417/31251] Prism::FuzzerTest#"test_fuzzer_incomplete binary number" = 0.02 s
[ 5418/31251] Prism::FuzzerTest#"test_fuzzer_escaped unicode at end of file 9" = 0.02 s
[ 5419/31251] Prism::FuzzerTest#"test_fuzzer_trailing comment" = 0.02 s
[ 5420/31251] Prism::FuzzerTest#"test_fuzzer_escaped hex at end of file 1" = 0.02 s
[ 5421/31251] Prism::FuzzerTest#"test_fuzzer_incomplete escaped list" = 0.02 s
[ 5422/31251] Prism::FuzzerTest#"test_fuzzer_escaped octal at end of file 2" = 0.02 s
[ 5423/31251] Prism::FuzzerTest#"test_fuzzer_incomplete hex number" = 0.02 s
[ 5424/31251] Prism::FuzzerTest#"test_fuzzer_escaped octal at end of file 1" = 0.02 s
[ 5425/31251] Prism::FuzzerTest#"test_fuzzer_incomplete escaped regex" = 0.02 s
[ 5426/31251] Prism::FuzzerTest#"test_fuzzer_create a binary call node with arg before receiver" = 0
.02 s
[ 5427/31251] Prism::FuzzerTest#"test_fuzzer_parameter name that is zero length" = 0.02 s
[ 5428/31251] Prism::FuzzerTest#"test_fuzzer_incomplete global variable" = 0.02 s
[ 5429/31251] Prism::FuzzerTest#"test_fuzzer_trailing asterisk" = 0.02 s
[ 5430/31251] Prism::FuzzerTest#"test_fuzzer_escaped hex at end of file 2" = 0.02 s
[ 5431/31251] Prism::FuzzerTest#"test_fuzzer_interpolated regular expression with start and end out
of order" = 0.02 s
[ 5432/31251] Prism::FuzzerTest#"test_fuzzer_escaped unicode at end of file 2" = 0.02 s
[ 5433/31251] Prism::FuzzerTest#"test_fuzzer_escaped unicode at end of file 4" = 0.02 s
[ 5434/31251] Prism::FuzzerTest#"test_fuzzer_regular expression with start and end out of order" = 0
.02 s
[ 5435/31251] Prism::FuzzerTest#"test_fuzzer_escaped unicode at end of file 6" = 0.02 s
[ 5436/31251] Prism::FuzzerTest#"test_fuzzer_float suffix at end of file" = 0.02 s
[ 5437/31251] Prism::FuzzerTest#"test_fuzzer_escaped unicode at end of file 8" = 0.02 s
[ 5438/31251] Prism::FuzzerTest#"test_fuzzer_incomplete escaped string" = 0.02 s
[ 5439/31251] Prism::FuzzerTest#"test_fuzzer_incomplete octal number" = 0.02 s
[ 5440/31251] Prism::FuzzerTest#"test_fuzzer_incomplete decimal number" = 0.02 s
[ 5441/31251] Prism::FuzzerTest#"test_fuzzer_statements node with multiple heredocs" = 0.02 s
[ 5442/31251] TestGB18030#test_mbc_case_fold = 0.03 s
[ 5443/31251] TestGB18030#test_mbc_enc_len = 0.02 s
[ 5444/31251] TestGB18030#test_left_adjust_char_head = 0.11 s
[ 5445/31251] TestGB18030#test_code_to_mbc = 0.02 s
[ 5446/31251] TestGB18030#test_mbc_to_code = 0.02 s
[ 5447/31251] RDocConstantTest#test_documented_eh = 5.52 s
[ 5448/31251] RDocConstantTest#test_marshal_load_version_0 = 6.88 s
[ 5449/31251] RDocConstantTest#test_full_name = 5.77 s
[ 5450/31251] RDocConstantTest#test_marshal_dump = 5.45 s
[ 5451/31251] RDocConstantTest#test_path = 6.25 s
[ 5452/31251] RDocConstantTest#test_is_alias_for = 6.41 s
[ 5453/31251] RDocConstantTest#test_marshal_round_trip = 6.08 s
[ 5454/31251] RDocConstantTest#test_documented_eh_alias = 6.45 s
[ 5455/31251] RDocConstantTest#test_marshal_load = 5.79 s
[ 5456/31251] TestDate#test__const = 0.09 s
[ 5457/31251] TestDate#test_eql_p = 0.06 s
[ 5458/31251] TestDate#test_submillisecond_comparison = 0.05 s
[ 5459/31251] TestDate#test_range_infinite_float = 0.03 s
[ 5460/31251] TestDate#test_deconstruct_keys = 0.11 s
[ 5461/31251] TestDate#test_hash = 0.04 s
[ 5462/31251] TestDate#test_sub = 0.10 s
[ 5463/31251] TestDate#test_freeze = 0.03 s
[ 5464/31251] TestDate#test_infinity_comparison = 0.05 s
[ 5465/31251] TestGemRequestSetLockfileParser#test_get_type_multiple = 1.87 s
[ 5466/31251] TestGemRequestSetLockfileParser#test_parse_dependencies = 2.81 s
[ 5467/31251] TestGemRequestSetLockfileParser#test_parse_gem_specs_dependency = 2.41 s
[ 5468/31251] TestGemRequestSetLockfileParser#test_get_type_value_mismatch = 2.23 s
[ 5469/31251] TestGemRequestSetLockfileParser#test_parse_GIT_tag = 2.56 s
[ 5470/31251] TestGemRequestSetLockfileParser#test_parse_GIT_branch = 2.74 s
[ 5471/31251] TestGemRequestSetLockfileParser#test_get = 2.25 s
[ 5472/31251] TestGemRequestSetLockfileParser#test_parse_GEM_remote_multiple = 2.38 s
[ 5473/31251] TestGemRequestSetLockfileParser#test_parse_GIT = 2.91 s
[ 5474/31251] TestGemRequestSetLockfileParser#test_parse_DEPENDENCIES_git = 2.47 s
[ 5475/31251] TestGemRequestSetLockfileParser#test_parse_DEPENDENCIES_git_version = 2.13 s
[ 5476/31251] TestGemRequestSetLockfileParser#test_parse_dependency = 2.24 s
[ 5477/31251] TestGemRequestSetLockfileParser#test_parse_GEM = 2.04 s
[ 5478/31251] TestGemRequestSetLockfileParser#test_parse_GIT_ref = 2.12 s
[ 5479/31251] TestGemRequestSetLockfileParser#test_parse_PATH = 2.23 s
[ 5480/31251] TestGemRequestSetLockfileParser#test_get_type_mismatch = 2.01 s
[ 5481/31251] TestGemRequestSetLockfileParser#test_parse_missing = 1.49 s
[ 5482/31251] TestGemRequestSetLockfileParser#test_parse = 1.70 s
[ 5483/31251] MethodNameCheckTest#test_suggests_corrections_on_nested_error = 1.33 s
[ 5484/31251] MethodNameCheckTest#test_corrections_include_method_from_module = 1.13 s
[ 5485/31251] MethodNameCheckTest#test_does_not_append_suggestions_three_times = 2.61 s
[ 5486/31251] MethodNameCheckTest#test_does_not_exclude_custom_methods_on_nil = 0.38 s
[ 5487/31251] MethodNameCheckTest#test_does_not_suggest_writer = 0.80 s
[ 5488/31251] MethodNameCheckTest#test_corrections_include_class_method = 0.96 s
[ 5489/31251] MethodNameCheckTest#test_does_not_suggest_reader = 0.44 s
[ 5490/31251] MethodNameCheckTest#test_private_methods_should_not_be_suggested = 2.04 s
[ 5491/31251] MethodNameCheckTest#test_suggests_yield = 2.80 s
[ 5492/31251] MethodNameCheckTest#test_exclude_methods_on_nil = 0.26 s
[ 5493/31251] MethodNameCheckTest#test_corrections_include_private_method = 0.81 s
[ 5494/31251] MethodNameCheckTest#test_does_not_suggest_yield = 1.00 s
[ 5495/31251] MethodNameCheckTest#test_does_not_append_suggestions_twice = 1.48 s
[ 5496/31251] MethodNameCheckTest#test_corrections_include_instance_method = 12.64 s
[ 5497/31251] MethodNameCheckTest#test_corrections_when_private_method_is_called_with_args = 3.56 s
[ 5498/31251] RDocGeneratorMarkupTest#test_cvs_url = 0.06 s
[ 5499/31251] RDocGeneratorMarkupTest#test_formatter = 0.30 s
[ 5500/31251] RDocGeneratorMarkupTest#test_as_href = 0.05 s
[ 5501/31251] RDocGeneratorMarkupTest#test_aref_to = 0.05 s
[ 5502/31251] RDocGeneratorMarkupTest#test_description = 0.40 s
[ 5503/31251] TestSecureRandom#test_with_openssl = 0.13 s
[ 5504/31251] TestSecureRandom#test_alphanumeric_with_chars = 0.02 s
[ 5505/31251] TestSecureRandom#test_repeated_gen_random = 0.02 s
[ 5506/31251] TestTimeout#test_raise_with_message = 0.03 s
[ 5507/31251] TestTimeout#test_raise_for_neg_second = 0.02 s
[ 5508/31251] TestTimeout#test_nested_timeout = 0.19 s
[ 5509/31251] TestTimeout#test_included = 0.04 s
[ 5510/31251] TestTimeout#test_cannot_convert_into_time_interval = 0.02 s
[ 5511/31251] TestTimeout#test_work_is_done_in_same_thread_as_caller = 0.03 s
[ 5512/31251] TestTimeout#test_timeout = 0.15 s
[ 5513/31251] TestTimeout#test_non_timing_out_code_is_successful = 0.03 s
[ 5514/31251] TestTimeout#test_custom_exception = 0.08 s
[ 5515/31251] TestTimeout#test_threadgroup = 12.91 s
[ 5516/31251] TestTimeout#test_allows_nil_seconds = 0.02 s
[ 5517/31251] TestTimeout#test_nested_timeout_which_error_bubbles_up = 0.07 s
[ 5518/31251] TestTimeout#test_exit_exception = 0.04 s
[ 5519/31251] TestTimeout#test_handle_interrupt = 0.25 s
[ 5520/31251] TestTimeout#test_handling_enclosed_threadgroup = 12.86 s
[ 5521/31251] TestTimeout#test_queue = 0.05 s
[ 5522/31251] TestTimeout#test_rescue_exit = 0.08 s
[ 5523/31251] TestTimeout#test_allows_zero_seconds = 0.02 s
[ 5524/31251] TestTimeout#test_fork = 12.61 s
[ 5525/31251] TestTimeout#test_yield_param = 0.04 s
[ 5526/31251] TestTimeout#test_raises_exception_internally = 0.10 s
[ 5527/31251] TestTimeout#test_enumerator_next = 0.05 s
[ 5528/31251] TestTimeout#test_work_is_done_in_same_fiber_as_caller = 0.17 s
[ 5529/31251] TestTimeout#test_skip_rescue_standarderror = 0.05 s
[ 5530/31251] TestTimeout#test_nested_timeout_error_identity = 0.16 s
[ 5531/31251] JSONParserTest#test_parse_array_custom_array_derived_class = 0.04 s
[ 5532/31251] JSONParserTest#test_parse_arrays = 0.03 s
[ 5533/31251] JSONParserTest#test_nesting = 0.26 s
[ 5534/31251] JSONParserTest#test_parse_string_mixed_unicode = 0.02 s
[ 5535/31251] JSONParserTest#test_parse_json_primitive_values = 0.04 s
[ 5536/31251] JSONParserTest#test_parse_values = 0.03 s
[ 5537/31251] JSONParserTest#test_parse_big_integers = 0.03 s
[ 5538/31251] JSONParserTest#test_argument_encoding_unmodified = 0.03 s
[ 5539/31251] JSONParserTest#test_parse_some_strings = 0.02 s
[ 5540/31251] JSONParserTest#test_parse_generic_object = 0.04 s
[ 5541/31251] JSONParserTest#test_parse_object_custom_non_hash_derived_class = 0.03 s
[ 5542/31251] JSONParserTest#test_parser_reset = 0.02 s
[ 5543/31251] JSONParserTest#test_construction = 0.02 s
[ 5544/31251] JSONParserTest#test_parse_object_with_allow_trailing_comma = 0.07 s
[ 5545/31251] JSONParserTest#test_parse_comments = 0.03 s
[ 5546/31251] JSONParserTest#test_parse_complex_objects = 4.80 s
[ 5547/31251] JSONParserTest#test_parse_error_message_length = 0.02 s
[ 5548/31251] JSONParserTest#test_parse_more_complex_arrays = 4.21 s
[ 5549/31251] JSONParserTest#test_argument_encoding_for_binary_unmodified = 0.02 s
[ 5550/31251] JSONParserTest#test_generate_core_subclasses_with_new_to_json = 0.09 s
[ 5551/31251] JSONParserTest#test_generate_core_subclasses_with_default_to_json = 0.02 s
[ 5552/31251] JSONParserTest#test_parse_error_incomplete_hash = 0.08 s
[ 5553/31251] JSONParserTest#test_symbolize_names = 0.02 s
[ 5554/31251] JSONParserTest#test_generate_of_core_subclasses = 0.08 s
[ 5555/31251] JSONParserTest#test_parse_numbers = 0.05 s
[ 5556/31251] JSONParserTest#test_freeze = 0.03 s
[ 5557/31251] JSONParserTest#test_parsing = 0.02 s
[ 5558/31251] JSONParserTest#test_parse_simple_objects = 0.09 s
[ 5559/31251] JSONParserTest#test_backslash = 0.02 s
[ 5560/31251] JSONParserTest#test_some_wrong_inputs = 0.05 s
[ 5561/31251] JSONParserTest#test_parse_object = 0.02 s
[ 5562/31251] JSONParserTest#test_parse_broken_string = 0.04 s
[ 5563/31251] JSONParserTest#test_parse_object_custom_hash_derived_class = 0.08 s
[ 5564/31251] JSONParserTest#test_parsing_frozen_ascii8bit_string = 0.02 s
[ 5565/31251] JSONParserTest#test_parse_array_custom_non_array_derived_class = 0.02 s
[ 5566/31251] JSONParserTest#test_parse_simple_arrays = 0.09 s
[ 5567/31251] JSONParserTest#test_parse_arrays_with_allow_trailing_comma = 0.05 s
[ 5568/31251] JSONParserTest#test_error_message_encoding = 0.02 s
[ 5569/31251] TestGemExtRakeBuilder#test_class_build_with_args = 23.18 s
[ 5570/31251] TestGemExtRakeBuilder#test_class_build_no_mkrf_passes_args = 12.73 s
[ 5571/31251] TestGemExtRakeBuilder#test_class_build = 23.38 s
[ 5572/31251] TestGemExtRakeBuilder#test_class_build_fail = 23.55 s
[ 5573/31251] TestGemExtRakeBuilder#test_class_no_openssl_override = 2.69 s
[ 5574/31251] TestGemResolverActivationRequest#test_installed_eh = 1.56 s
[ 5575/31251] TestGemResolverActivationRequest#test_development_eh = 1.16 s
[ 5576/31251] TestGemResolverActivationRequest#test_inspect = 1.19 s
[ 5577/31251] TestIRB::TestHelperMethod::ConfTest#test_conf_returns_the_context_object = 0.64 s
[ 5578/31251] RDocGeneratorJsonIndexTest#test_generate_utf_8 = 2.08 s
[ 5579/31251] RDocGeneratorJsonIndexTest#test_generate = 1.21 s
[ 5580/31251] RDocGeneratorJsonIndexTest#test_generate_search_index_with_reproducible_builds = 0.82
s
[ 5581/31251] RDocGeneratorJsonIndexTest#test_index_classes_nodoc = 0.23 s
[ 5582/31251] RDocGeneratorJsonIndexTest#test_search_string = 0.23 s
[ 5583/31251] RDocGeneratorJsonIndexTest#test_index_classes = 0.30 s
[ 5584/31251] RDocGeneratorJsonIndexTest#test_index_pages = 0.27 s
[ 5585/31251] RDocGeneratorJsonIndexTest#test_index_methods = 0.87 s
[ 5586/31251] RDocGeneratorJsonIndexTest#test_build_index = 0.98 s
[ 5587/31251] RDocGeneratorJsonIndexTest#test_generate_gzipped = 1.51 s
[ 5588/31251] RDocMarkupToHtmlTest#test_end_accepting = 0.10 s
[ 5589/31251] RDocMarkupToHtmlTest#test_accept_list_item_start_lalpha = 0.09 s
[ 5590/31251] RDocMarkupToHtmlTest#test_accept_table = 0.78 s
[ 5591/31251] RDocMarkupToHtmlTest#test_list_verbatim_2 = 0.24 s
[ 5592/31251] RDocMarkupToHtmlTest#test_convert_underscore_adjacent_to_code = 0.19 s
[ 5593/31251] RDocMarkupToHtmlTest#test_accept_paragraph_newline = 0.66 s
[ 5594/31251] RDocMarkupToHtmlTest#test_accept_list_item_end_lalpha = 0.08 s
[ 5595/31251] RDocMarkupToHtmlTest#test_accept_list_item_start_note = 0.11 s
[ 5596/31251] RDocMarkupToHtmlTest#test_accept_raw = 0.08 s
[ 5597/31251] RDocMarkupToHtmlTest#test_accept_verbatim_parseable = 0.12 s
[ 5598/31251] RDocMarkupToHtmlTest#test_accept_list_end_lalpha = 0.08 s
[ 5599/31251] RDocMarkupToHtmlTest#test_accept_list_start_note = 0.08 s
[ 5600/31251] RDocMarkupToHtmlTest#test_accept_list_start_bullet = 0.08 s
[ 5601/31251] RDocMarkupToHtmlTest#test_accept_list_item_end_label = 0.11 s
[ 5602/31251] RDocMarkupToHtmlTest#test_gen_url_image_url = 0.08 s
[ 5603/31251] RDocMarkupToHtmlTest#test_convert_RDOCLINK_escape_ref = 0.16 s
[ 5604/31251] RDocMarkupToHtmlTest#test_convert_RDOCLINK_label_label = 0.13 s
[ 5605/31251] RDocMarkupToHtmlTest#test_accept_paragraph_plus = 0.12 s
[ 5606/31251] RDocMarkupToHtmlTest#test_gen_url = 0.09 s
[ 5607/31251] RDocMarkupToHtmlTest#test_handle_regexp_HYPERLINK_escape = 0.18 s
[ 5608/31251] RDocMarkupToHtmlTest#test_accept_paragraph_b = 0.14 s
[ 5609/31251] RDocMarkupToHtmlTest#test_parseable_eh = 0.21 s
[ 5610/31251] RDocMarkupToHtmlTest#test_convert_RDOCLINK_ref = 0.13 s
[ 5611/31251] RDocMarkupToHtmlTest#test_block_quote_in_verbatim = 0.20 s
[ 5612/31251] RDocMarkupToHtmlTest#test_accept_list_item_start_ualpha = 0.08 s
[ 5613/31251] RDocMarkupToHtmlTest#test_accept_list_item_end_ualpha = 0.08 s
[ 5614/31251] RDocMarkupToHtmlTest#test_accept_list_end_ualpha = 0.09 s
[ 5615/31251] RDocMarkupToHtmlTest#test_accept_verbatim_ruby = 0.11 s
[ 5616/31251] RDocMarkupToHtmlTest#test_convert_TIDYLINK_escape_onmouseover = 0.14 s
[ 5617/31251] RDocMarkupToHtmlTest#test_start_accepting = 0.08 s
[ 5618/31251] RDocMarkupToHtmlTest#test_accept_list_item_end_note = 0.11 s
[ 5619/31251] RDocMarkupToHtmlTest#test_accept_paragraph_br = 0.12 s
[ 5620/31251] RDocMarkupToHtmlTest#test_accept_list_item_start_note_2 = 0.16 s
[ 5621/31251] RDocMarkupToHtmlTest#test_accept_verbatim_redefinable_operators = 0.91 s
[ 5622/31251] RDocMarkupToHtmlTest#test_convert_string = 0.08 s
[ 5623/31251] RDocMarkupToHtmlTest#test_accept_blank_line = 0.08 s
[ 5624/31251] RDocMarkupToHtmlTest#test_accept_paragraph_star = 0.13 s
[ 5625/31251] RDocMarkupToHtmlTest#test_accept_paragraph = 0.11 s
[ 5626/31251] RDocMarkupToHtmlTest#test_accept_heading_2 = 0.25 s
[ 5627/31251] RDocMarkupToHtmlTest#test_accept_list_start_label = 0.08 s
[ 5628/31251] RDocMarkupToHtmlTest#test_accept_heading_4 = 0.14 s
[ 5629/31251] RDocMarkupToHtmlTest#test_handle_regexp_HYPERLINK_link = 0.08 s
[ 5630/31251] RDocMarkupToHtmlTest#test_to_html = 0.12 s
[ 5631/31251] RDocMarkupToHtmlTest#test_accept_list_end_note = 0.08 s
[ 5632/31251] RDocMarkupToHtmlTest#test_convert_RDOCLINK_label_foottext = 0.13 s
[ 5633/31251] RDocMarkupToHtmlTest#test_convert_TIDYLINK_image = 0.24 s
[ 5634/31251] RDocMarkupToHtmlTest#test_convert_RDOCLINK_label_footmark = 0.13 s
[ 5635/31251] RDocMarkupToHtmlTest#test_convert_TIDYLINK_footnote = 0.14 s
[ 5636/31251] RDocMarkupToHtmlTest#test_accept_list_start_number = 0.08 s
[ 5637/31251] RDocMarkupToHtmlTest#test_accept_heading_aref_method = 0.28 s
[ 5638/31251] RDocMarkupToHtmlTest#test_accept_list_item_start_note_multi_description = 0.18 s
[ 5639/31251] RDocMarkupToHtmlTest#test_accept_list_item_start_note_multi_label = 0.17 s
[ 5640/31251] RDocMarkupToHtmlTest#test_accept_verbatim_escape_in_string = 0.57 s
[ 5641/31251] RDocMarkupToHtmlTest#test_accept_list_start_lalpha = 0.08 s
[ 5642/31251] RDocMarkupToHtmlTest#test_accept_heading = 0.14 s
[ 5643/31251] RDocMarkupToHtmlTest#test_accept_list_end_label = 0.08 s
[ 5644/31251] RDocMarkupToHtmlTest#test_convert_TIDYLINK_image_external_with_alt = 0.17 s
[ 5645/31251] RDocMarkupToHtmlTest#test_convert_TIDYLINK_rdoc_label = 0.13 s
[ 5646/31251] RDocMarkupToHtmlTest#test_accept_verbatim_escape_in_backtick = 0.32 s
[ 5647/31251] RDocMarkupToHtmlTest#test_gen_url_md_file = 0.10 s
[ 5648/31251] RDocMarkupToHtmlTest#test_accept_list_item_start_bullet = 0.08 s
[ 5649/31251] RDocMarkupToHtmlTest#test_accept_paragraph_underscore = 0.13 s
[ 5650/31251] RDocMarkupToHtmlTest#test_accept_list_item_end_bullet = 0.08 s
[ 5651/31251] RDocMarkupToHtmlTest#test_accept_rule = 0.08 s
[ 5652/31251] RDocMarkupToHtmlTest#test_convert_TIDYLINK_escape_javascript = 0.08 s
[ 5653/31251] RDocMarkupToHtmlTest#test_accept_list_end_bullet = 0.08 s
[ 5654/31251] RDocMarkupToHtmlTest#test_accept_list_item_start_label = 0.11 s
[ 5655/31251] RDocMarkupToHtmlTest#test_accept_heading_pipe = 0.14 s
[ 5656/31251] RDocMarkupToHtmlTest#test_convert_RDOCLINK_escape_xxx = 0.16 s
[ 5657/31251] RDocMarkupToHtmlTest#test_convert_TIDYLINK_escape_text = 0.22 s
[ 5658/31251] RDocMarkupToHtmlTest#test_convert_with_exclude_tag = 0.28 s
[ 5659/31251] RDocMarkupToHtmlTest#test_accept_block_quote = 0.11 s
[ 5660/31251] RDocMarkupToHtmlTest#test_accept_paragraph_break = 0.12 s
[ 5661/31251] RDocMarkupToHtmlTest#test_accept_heading_output_decoration = 0.14 s
[ 5662/31251] RDocMarkupToHtmlTest#test_accept_heading_7 = 0.14 s
[ 5663/31251] RDocMarkupToHtmlTest#test_accept_list_start_ualpha = 0.08 s
[ 5664/31251] RDocMarkupToHtmlTest#test_convert_TIDYLINK_image_with_alt = 0.15 s
[ 5665/31251] RDocMarkupToHtmlTest#test_gen_url_ssl_image_url = 0.08 s
[ 5666/31251] RDocMarkupToHtmlTest#test_accept_heading_suppressed_crossref = 0.14 s
[ 5667/31251] RDocMarkupToHtmlTest#test_accept_heading_3 = 0.15 s
[ 5668/31251] RDocMarkupToHtmlTest#test_convert_RDOCLINK_escape_label_id = 0.17 s
[ 5669/31251] RDocMarkupToHtmlTest#test_convert_RDOCLINK_escape_label_path = 0.17 s
[ 5670/31251] RDocMarkupToHtmlTest#test_accept_heading_1 = 0.14 s
[ 5671/31251] RDocMarkupToHtmlTest#test_convert_HYPERLINK_irc = 0.15 s
[ 5672/31251] RDocMarkupToHtmlTest#test_gen_url_rb_file = 0.10 s
[ 5673/31251] RDocMarkupToHtmlTest#test_convert_TIDYLINK_multiple = 0.16 s
[ 5674/31251] RDocMarkupToHtmlTest#test_list_verbatim = 0.13 s
[ 5675/31251] RDocMarkupToHtmlTest#test_convert_RDOCLINK_escape_image = 0.13 s
[ 5676/31251] RDocMarkupToHtmlTest#test_accept_heading_aref_class = 0.15 s
[ 5677/31251] RDocMarkupToHtmlTest#test_accept_verbatim = 0.11 s
[ 5678/31251] RDocMarkupToHtmlTest#test_accept_heading_output_decoration_with_pipe = 0.14 s
[ 5679/31251] RDocMarkupToHtmlTest#test_accept_paragraph_i = 0.14 s
[ 5680/31251] RDocMarkupToHtmlTest#test_accept_verbatim_pipe = 0.11 s
[ 5681/31251] RDocMarkupToHtmlTest#test_accept_list_end_number = 0.08 s
[ 5682/31251] RDocMarkupToHtmlTest#test_convert_TIDYLINK_irc = 0.14 s
[ 5683/31251] RDocMarkupToHtmlTest#test_gen_url_rdoc_label = 0.08 s
[ 5684/31251] RDocMarkupToHtmlTest#test_accept_list_item_end_number = 0.08 s
[ 5685/31251] RDocMarkupToHtmlTest#test_gen_url_rdoc_label_id = 0.08 s
[ 5686/31251] RDocMarkupToHtmlTest#test_accept_list_item_start_number = 0.08 s
[ 5687/31251] RDocMarkupToHtmlTest#test_convert_TIDYLINK_escape_onerror = 0.14 s
[ 5688/31251] RDocMarkupToHtmlTest#test_accept_verbatim_parseable_error = 0.09 s
[ 5689/31251] RDocMarkupToHtmlTest#test_accept_heading_b = 0.15 s
[ 5690/31251] RDocMarkupToHtmlTest#test_accept_document = 0.11 s
[ 5691/31251] RDocMarkupToHtmlTest#test_convert_TIDYLINK_image_external = 0.17 s
[ 5692/31251] RDocMarkupToHtmlTest#test_accept_verbatim_nl_after_backslash = 0.16 s
[ 5693/31251] RDocMarkupToHtmlTest#test_gen_url_rdoc_file = 0.10 s
[ 5694/31251] RDocMarkupToHtmlTest#test_handle_regexp_HYPERLINK_irc = 0.08 s
[ 5695/31251] RDocMarkupToHtmlTest#test_list_nested = 0.17 s
[ 5696/31251] TestUpdateSuggestion#test_eligible_for_update_for_prerelease = 1.85 s
[ 5697/31251] TestUpdateSuggestion#test_eligible_for_update_is_not_annoying_when_not_upgraded = 2.34
 s
[ 5698/31251] TestUpdateSuggestion#test_eligible_for_update_on_ci = 2.10 s
[ 5699/31251] TestUpdateSuggestion#test_eligible_for_update_prevent_env = 2.14 s
[ 5700/31251] TestUpdateSuggestion#test_eligible_for_update = 2.21 s
[ 5701/31251] TestUpdateSuggestion#test_eligible_for_update_disabled_update = 2.11 s
[ 5702/31251] TestUpdateSuggestion#test_eligible_for_update_prevent_config = 2.12 s
[ 5703/31251] TestUpdateSuggestion#test_eligible_for_update_notification_delay = 2.18 s
[ 5704/31251] TestUpdateSuggestion#test_update_suggestion = 1.62 s
[ 5705/31251] TestUpdateSuggestion#test_eligible_for_update_unwrittable_config = 1.82 s
[ 5706/31251] TestUpdateSuggestion#test_eligible_for_update_non_tty = 2.16 s
[ 5707/31251] TestUpdateSuggestion#test_eligible_for_update_is_not_annoying_when_new_version_is_rele
ased = 2.79 s
[ 5708/31251] VariableNameCheckTest#test_exclude_duplicates_with_same_name = 1.69 s
[ 5709/31251] VariableNameCheckTest#test_corrections_include_method_from_module = 3.59 s
[ 5710/31251] VariableNameCheckTest#test_corrections_include_instance_variable_name = 3.45 s
[ 5711/31251] VariableNameCheckTest#test_corrections_include_local_variable_name = 3.24 s
[ 5712/31251] VariableNameCheckTest#test_corrections_include_ruby_predefined_objects = 10.97 s
[ 5713/31251] VariableNameCheckTest#test_suggests_yield = 2.82 s
[ 5714/31251] VariableNameCheckTest#test_exclude_typical_incorrect_suggestions = 1.70 s
[ 5715/31251] VariableNameCheckTest#test_corrections_include_class_variable_name = 4.83 s
[ 5716/31251] VariableNameCheckTest#test_struct_name_error = 3.96 s
[ 5717/31251] VariableNameCheckTest#test_corrections_include_private_method = 3.48 s
[ 5718/31251] VariableNameCheckTest#test_corrections_include_instance_method = 2.84 s
[ 5719/31251] TestNetHTTP_v1_2_chunked#test_get = 0.67 s
[ 5720/31251] TestNetHTTP_v1_2_chunked#test_get2 = 0.23 s
[ 5721/31251] TestNetHTTP_v1_2_chunked#test_s_start = 0.18 s
[ 5722/31251] TestNetHTTP_v1_2_chunked#test_patch = 0.18 s
[ 5723/31251] TestNetHTTP_v1_2_chunked#test_s_post = 0.44 s
[ 5724/31251] TestNetHTTP_v1_2_chunked#test_get__break = 0.14 s
[ 5725/31251] TestNetHTTP_v1_2_chunked#test_set_form = 0.64 s
[ 5726/31251] TestNetHTTP_v1_2_chunked#test_s_get = 0.52 s
[ 5727/31251] TestNetHTTP_v1_2_chunked#test_get__implicit_start = 0.17 s
[ 5728/31251] TestNetHTTP_v1_2_chunked#test_head = 0.17 s
[ 5729/31251] TestNetHTTP_v1_2_chunked#test_timeout_during_HTTP_session = 0.58 s
[ 5730/31251] TestNetHTTP_v1_2_chunked#test_get__crlf = 0.20 s
[ 5731/31251] TestNetHTTP_v1_2_chunked#test_send_request = 0.43 s
[ 5732/31251] TestNetHTTP_v1_2_chunked#test_chunked_break = 0.58 s
[ 5733/31251] TestNetHTTP_v1_2_chunked#test_s_get_response = 0.44 s
[ 5734/31251] TestNetHTTP_v1_2_chunked#test_post = 0.36 s
[ 5735/31251] TestNetHTTP_v1_2_chunked#test_request = 1.17 s
[ 5736/31251] TestNetHTTP_v1_2_chunked#test_s_post_form = 0.89 s
[ 5737/31251] TestNetHTTP_v1_2_chunked#test_set_form_with_file = 0.39 s
[ 5738/31251] TestNetHTTP_v1_2_chunked#test_timeout_during_non_chunked_streamed_HTTP_session_write =
 4.71 s
[ 5739/31251] TestNetHTTP_v1_2_chunked#test_timeout_during_HTTP_session_write = 3.90 s
[ 5740/31251] TestPTY#test_close_in_block = 0.17 s
[ 5741/31251] TestPTY#test_open_with_block = 0.06 s
[ 5742/31251] TestPTY#test_open = 0.05 s
[ 5743/31251] TestPTY#test_spawn_without_block = 10.29 s
[ 5744/31251] TestPTY#test_getpty_nonexistent = 0.52 s
[ 5745/31251] TestPTY#test_close_slave = 0.06 s
[ 5746/31251] TestPTY#test_spawn_with_block = 10.11 s
[ 5747/31251] TestPTY#test_pty_check_raise = 0.59 s
[ 5748/31251] TestPTY#test_argv0 = 10.12 s
[ 5749/31251] TestPTY#test_pty_check_default = 1.04 s
[ 5750/31251] TestPTY#test_commandline = 10.19 s
[ 5751/31251] TestPTY#test_stat_slave = 0.05 s
[ 5752/31251] TestPTY#test_open_without_block = 0.05 s
[ 5753/31251] TestPTY#test_cloexec = 0.51 s
[ 5754/31251] TestPTY#test_close_master = 0.05 s
[ 5755/31251] TestIOBuffer#test_string_mapped_mutable = 0.04 s
[ 5756/31251] TestIOBuffer#test_inplace_operators = 0.03 s
[ 5757/31251] TestIOBuffer#test_slice_arguments = 0.02 s
[ 5758/31251] TestIOBuffer#test_resize_zero_external = 0.02 s
[ 5759/31251] TestIOBuffer#test_slice = 0.02 s
[ 5760/31251] TestIOBuffer#test_string_mapped_buffer_locked = 0.02 s
[ 5761/31251] TestIOBuffer#test_shared = 11.59 s
[ 5762/31251] TestIOBuffer#test_compare_same_size = 0.03 s
[ 5763/31251] TestIOBuffer#test_string_negative = 0.02 s
[ 5764/31251] TestIOBuffer#test_resize_zero_internal = 0.02 s
[ 5765/31251] TestIOBuffer#test_copy_overlapped_bwd = 0.02 s
[ 5766/31251] TestIOBuffer#test_copy_overlapped_fwd = 0.01 s
[ 5767/31251] TestIOBuffer#test_copy_null_destination = 0.02 s
[ 5768/31251] TestIOBuffer#test_endian = 0.03 s
[ 5769/31251] TestIOBuffer#test_new_readonly = 0.02 s
[ 5770/31251] TestIOBuffer#test_copy_null_source = 0.02 s
[ 5771/31251] TestIOBuffer#test_transfer_in_block = 0.03 s
[ 5772/31251] TestIOBuffer#test_file_mapped = 0.03 s
[ 5773/31251] TestIOBuffer#test_operators = 0.02 s
[ 5774/31251] TestIOBuffer#test_read_with_length_and_offset = 0.10 s
[ 5775/31251] TestIOBuffer#test_flags = 0.03 s
[ 5776/31251] TestIOBuffer#test_default_size = 0.02 s
[ 5777/31251] TestIOBuffer#test_get_set_values = 0.07 s
[ 5778/31251] TestIOBuffer#test_non_string = 0.02 s
[ 5779/31251] TestIOBuffer#test_zero_length_each_byte = 0.02 s
[ 5780/31251] TestIOBuffer#test_values = 0.06 s
[ 5781/31251] TestIOBuffer#test_new_mapped = 0.02 s
[ 5782/31251] TestIOBuffer#test_each = 0.08 s
[ 5783/31251] TestIOBuffer#test_transfer = 0.02 s
[ 5784/31251] TestIOBuffer#test_get_string = 0.10 s
[ 5785/31251] TestIOBuffer#test_resize_preserve = 0.06 s
[ 5786/31251] TestIOBuffer#test_string_mapped_frozen = 0.01 s
[ 5787/31251] TestIOBuffer#test_compare_different_size = 0.02 s
[ 5788/31251] TestIOBuffer#test_set_string_overlapped_fwd = 0.02 s
[ 5789/31251] TestIOBuffer#test_invalidation = 0.08 s
[ 5790/31251] TestIOBuffer#test_set_string_overlapped_bwd = 0.02 s
[ 5791/31251] TestIOBuffer#test_zero_length_each = 0.02 s
[ 5792/31251] TestIOBuffer#test_compare_zero_length = 0.02 s
[ 5793/31251] TestIOBuffer#test_private = 0.05 s
[ 5794/31251] TestIOBuffer#test_locked = 0.02 s
[ 5795/31251] TestIOBuffer#test_pread = 0.04 s
[ 5796/31251] TestIOBuffer#test_zero_length_get_string = 0.02 s
[ 5797/31251] TestIOBuffer#test_read_with_with_length = 0.04 s
[ 5798/31251] TestIOBuffer#test_new_internal = 0.02 s
[ 5799/31251] TestIOBuffer#test_file_mapped_invalid = 0.02 s
[ 5800/31251] TestIOBuffer#test_zero_length_get_set_values = 0.02 s
[ 5801/31251] TestIOBuffer#test_resize_mapped = 0.02 s
[ 5802/31251] TestIOBuffer#test_slice_readonly = 0.02 s
[ 5803/31251] TestIOBuffer#test_slice_bounds_error = 0.02 s
[ 5804/31251] TestIOBuffer#test_pwrite_offset = 0.04 s
[ 5805/31251] TestIOBuffer#test_write = 0.04 s
[ 5806/31251] TestIOBuffer#test_pwrite = 0.04 s
[ 5807/31251] TestIOBuffer#test_string_mapped = 0.01 s
[ 5808/31251] TestIOBuffer#test_clear = 0.01 s
[ 5809/31251] TestIOBuffer#test_write_with_length_and_offset = 0.04 s
[ 5810/31251] TestIOBuffer#test_get_set_value = 0.07 s
[ 5811/31251] TestIOBuffer#test_string = 0.01 s
[ 5812/31251] TestIOBuffer#test_read = 0.04 s
[ 5813/31251] TestIOBuffer#test_read_with_with_offset = 0.04 s
[ 5814/31251] TestIOBuffer#test_set_string_null_destination = 0.02 s
[ 5815/31251] TestIOBuffer#test_each_byte = 0.02 s
[ 5816/31251] TestIOBuffer#test_pread_offset = 0.04 s
[ 5817/31251] TestDigest::TestInitCopy#test_initialize_copy_md5_rmd160 = 12.52 s
[ 5818/31251] TestGemRemoteFetcherLocalSSLServer#test_do_not_allow_invalid_client_cert_auth_connecti
on = 4.85 s
[ 5819/31251] TestGemRemoteFetcherLocalSSLServer#test_ssl_connection_allow_verify_none = 3.45 s
[ 5820/31251] TestGemRemoteFetcherLocalSSLServer#test_do_not_allow_insecure_ssl_connection_by_defaul
t = 3.07 s
[ 5821/31251] TestGemRemoteFetcherLocalSSLServer#test_nil_ca_cert = 3.12 s
[ 5822/31251] TestGemRemoteFetcherLocalSSLServer#test_ssl_client_cert_auth_connection = 5.27 s
[ 5823/31251] TestGemRemoteFetcherLocalSSLServer#test_do_not_follow_insecure_redirect = 3.20 s
[ 5824/31251] TestGemRemoteFetcherLocalSSLServer#test_ssl_connection = 3.15 s
[ 5825/31251] TestDateParse#test__parse_odd_offset = 0.05 s
[ 5826/31251] TestDateParse#test_rfc3339 = 0.04 s
[ 5827/31251] TestDateParse#test__rfc3339 = 0.05 s
[ 5828/31251] TestDateParse#test__parse = 3.03 s
[ 5829/31251] TestDateParse#test__iso8601 = 0.18 s
[ 5830/31251] TestDateParse#test_iso8601 = 0.03 s
[ 5831/31251] TestDateParse#test_parse_utf8 = 0.09 s
[ 5832/31251] TestDateParse#test_jisx0301 = 0.06 s
[ 5833/31251] TestDateParse#test__parse__2 = 0.15 s
[ 5834/31251] TestDateParse#test_parse__comp = 0.07 s
[ 5835/31251] TestDateParse#test_httpdate = 0.04 s
[ 5836/31251] TestDateParse#test_given_string = 0.08 s
[ 5837/31251] TestDateParse#test_parse__2 = 0.09 s
[ 5838/31251] TestDateParse#test__jisx0301 = 0.08 s
[ 5839/31251] TestDateParse#test_parse__ex = 0.06 s
[ 5840/31251] TestDateParse#test__parse_too_long_yearIn-address space security exception (core dumpe
d)
root@cheribsd-riscv64-purecap:~/ruby-3.4.5/build # uname -a
FreeBSD cheribsd-riscv64-purecap 15.0-CURRENT FreeBSD 15.0-CURRENT #0 main-485c1c8195: Sun Aug 17 21
:21:09 JST 2025     hanhaotian@assam:/cheriv92/src/build/cheribsd-riscv64-purecap-build/cheriv92/src
/cheribsd/riscv.riscv64c/sys/CHERI-PURECAP-QEMU riscv
root@cheribsd-riscv64-purecap:~/ruby-3.4.5/build #

