root@cheribsd-riscv64-purecap:~/ruby-3.4.5/build # ./miniruby -I../lib -I. -I.ext/common  ../tool/ru
nruby.rb --extout=.ext  -- --disable-gems -r../tool/lib/_tmpdir \
> "../test/runner.rb" --ruby="./miniruby -I../lib -I. -I.ext/common  ../tool/runruby.rb --extout=.ex
t  -- --disable-gems" \
> --excludes-dir=../test/.excludes --name=!/memory_leak/ --timeout-scale 10 --worker-timeout=1000 -v

/root/ruby-3.4.5/lib/yaml.rb:3: warning: It seems your ruby installation is missing psych (for YAML
output).
To eliminate this warning, please install libyaml and reinstall your ruby.
/root/ruby-3.4.5/test/did_you_mean/test_tree_spell_checker.rb: cannot load such file -- psych
/root/ruby-3.4.5/lib/yaml.rb:3: warning: It seems your ruby installation is missing psych (for YAML
output).
To eliminate this warning, please install libyaml and reinstall your ruby.
/root/ruby-3.4.5/lib/yaml.rb:3: warning: It seems your ruby installation is missing psych (for YAML
output).
To eliminate this warning, please install libyaml and reinstall your ruby.
/root/ruby-3.4.5/lib/yaml.rb:3: warning: It seems your ruby installation is missing psych (for YAML
output).
To eliminate this warning, please install libyaml and reinstall your ruby.
Run options:
  --seed=64928
  "--ruby=./miniruby -I../lib -I. -I.ext/common  ../tool/runruby.rb --extout=.ext  -- --disable-gems
"
  --excludes-dir=../test/.excludes
  --name=!/memory_leak/
  --timeout-scale
  10
  --worker-timeout=1000
  -v

# Running tests:

[    1/31251] Prism::ImplicitArrayTest#test_constant_path_write_node = 0.05 s
[    2/31251] Prism::ImplicitArrayTest#test_global_variable_write_node = 0.02 s
[    3/31251] Prism::ImplicitArrayTest#test_constant_write_node = 0.01 s
[    4/31251] Prism::ImplicitArrayTest#test_call_node = 0.02 s
[    5/31251] Prism::ImplicitArrayTest#test_instance_variable_write_node = 0.01 s
[    6/31251] Prism::ImplicitArrayTest#test_multi_write_node = 0.02 s
[    7/31251] Prism::ImplicitArrayTest#test_class_variable_write_node = 0.01 s
[    8/31251] Prism::ImplicitArrayTest#test_local_variable_write_node = 0.01 s
[    9/31251] TestAllocation::ProcCall#test_optional_parameter = 14.07 s
[   10/31251] TestAllocation::ProcCall#test_required_and_positional_splat_parameters = 14.41 s
[   11/31251] TestAllocation::ProcCall#test_required_and_keyword_splat_parameter = 15.83 s
[   12/31251] TestAllocation::ProcCall#test_keyword_parameter = 14.08 s
[   13/31251] TestAllocation::ProcCall#test_no_parameters = 13.53 s
[   14/31251] TestAllocation::ProcCall#test_required_parameter = 13.99 s
[   15/31251] TestAllocation::ProcCall#test_anonymous_splat_and_anonymous_keyword_splat_parameters =
 15.35 s
[   16/31251] TestAllocation::ProcCall#test_keyword_splat_parameter = 14.37 s
[   17/31251] TestAllocation::ProcCall#test_positional_splat_and_keyword_splat_parameter = 15.69 s
[   18/31251] TestAllocation::ProcCall#test_positional_splat_and_post_parameters = 14.17 s
[   19/31251] TestAllocation::ProcCall#test_no_array_allocation_with_splat_and_nonstatic_keywords =
14.94 s
[   20/31251] TestAllocation::ProcCall#test_positional_splat_parameter = 14.26 s
[   21/31251] TestAllocation::ProcCall#test_ruby2_keywords = 15.28 s
[   22/31251] TestAllocation::ProcCall#test_keyword_and_keyword_splat_parameter = 13.95 s
[   23/31251] TestAllocation::ProcCall#test_required_positional_and_keyword_parameter = 20.34 s
[   24/31251] TestAllocation::ProcCall#test_positional_splat_and_keyword_parameter = 15.30 s
[   25/31251] Bug::Time::Test_New#test_timespec_now = 0.03 s
[   26/31251] Bug::Time::Test_New#test_timespec_new = 0.07 s
[   27/31251] Bug::Time::Test_New#test_nano_new = 0.02 s
[   28/31251] TestGemUtil#test_traverse_parents = 0.80 s
[   29/31251] TestGemUtil#test_correct_for_windows_path = 0.53 s
[   30/31251] TestGemUtil#test_glob_files_in_dir = 0.55 s
[   31/31251] TestGemUtil#test_traverse_parents_does_not_crash_on_permissions_error = 0.57 s
[   32/31251] TestGemUtil#test_silent_system = 10.82 s
[   33/31251] TestGemUtil#test_class_popen = 10.76 s
[   34/31251] Prism::CommentsTest#test_comment_inline_def = 0.08 s
[   35/31251] Prism::CommentsTest#test_comment_embedded_document_with_content_on_same_line = 0.02 s
[   36/31251] Prism::CommentsTest#test_comment_embedded_document = 0.02 s
[   37/31251] Prism::CommentsTest#test_comment_inline = 0.02 s
[   38/31251] Prism::CommentsTest#test_attaching_comments = 0.33 s
[   39/31251] Prism::CommentsTest#test___END__crlf = 0.01 s
[   40/31251] Prism::CommentsTest#test___END__ = 0.01 s
[   41/31251] TestErbCommand#test_template_file_encoding = 3.75 s
[   42/31251] TestErbCommand#test_var = 3.70 s
[   43/31251] Reline::History::Test#test_shift = 0.10 s
[   44/31251] Reline::History::Test#test_push = 0.32 s
[   45/31251] Reline::History::Test#test_set__out_of_range = 0.32 s
[   46/31251] Reline::History::Test#test_each = 0.31 s
[   47/31251] Reline::History::Test#test_length = 0.27 s
[   48/31251] Reline::History::Test#test_to_s = 0.28 s
[   49/31251] Reline::History::Test#test_delete_at = 0.35 s
[   50/31251] Reline::History::Test#test_ancestors = 0.25 s
[   51/31251] Reline::History::Test#test_delete_at__out_of_range = 0.32 s
[   52/31251] Reline::History::Test#test_set = 0.29 s
[   53/31251] Reline::History::Test#test_get = 0.27 s
[   54/31251] Reline::History::Test#test_push__plural = 0.30 s
[   55/31251] Reline::History::Test#test_push__operator = 0.35 s
[   56/31251] Reline::History::Test#test_empty_p = 0.31 s
[   57/31251] Reline::History::Test#test_history_size_zero = 0.30 s
[   58/31251] Reline::History::Test#test_get__out_of_range = 0.60 s
[   59/31251] Reline::History::Test#test_get__negative = 0.55 s
[   60/31251] Reline::History::Test#test_each__enumerator = 0.45 s
[   61/31251] Reline::History::Test#test_history_size_negative_unlimited = 0.65 s
[   62/31251] Reline::History::Test#test_history_encoding_conversion = 0.41 s
[   63/31251] Reline::History::Test#test_pop = 0.68 s
[   64/31251] TestShiftJIS#test_mbc_case_fold = 0.02 s
[   65/31251] TestShiftJIS#test_code_to_mbclen = 0.01 s
[   66/31251] TestShiftJIS#test_property = 0.04 s
[   67/31251] TestGemCommandsMirrorCommand#test_execute = 0.61 s
[   68/31251] TestGemConsoleUI#test_output_can_be_captured_by_test_unit = 0.96 s
[   69/31251] TestGCCompact::CompactMethodsNotImplemented#test_gc_latest_compact_info_not_implemente
d = 0.04 s
[   70/31251] TestGCCompact::CompactMethodsNotImplemented#test_gc_verify_compaction_references_not_i
mplemented = 0.03 s
[   71/31251] TestGCCompact::CompactMethodsNotImplemented#test_gc_compact_not_implemented = 0.03 s
[   72/31251] TestGCCompact::CompactMethodsNotImplemented#test_gc_auto_compact_set_not_implemented =
 0.04 s
[   73/31251] TestGCCompact::CompactMethodsNotImplemented#test_gc_auto_compact_get_not_implemented =
 0.03 s
[   74/31251] TestGemCommandsDependencyCommand#test_execute_remote_version = 1.66 s
[   75/31251] TestGemCommandsDependencyCommand#test_execute_prerelease = 1.26 s
[   76/31251] TestGemCommandsDependencyCommand#test_execute_reverse_remote = 0.77 s
[   77/31251] TestGemCommandsDependencyCommand#test_execute_remote = 1.58 s
[   78/31251] TestGemCommandsDependencyCommand#test_execute_regexp = 1.32 s
[   79/31251] TestGemCommandsDependencyCommand#test_execute_no_args = 1.59 s
[   80/31251] TestGemCommandsDependencyCommand#test_execute_pipe_format = 1.13 s
[   81/31251] TestGemCommandsDependencyCommand#test_execute_no_match = 0.77 s
[   82/31251] TestGemCommandsDependencyCommand#test_execute = 0.87 s
[   83/31251] TestGemCommandsDependencyCommand#test_execute_reverse = 0.95 s
[   84/31251] Test_StrEncAssociate#test_dummy_encoding_index_ISO_2022_JP_KDDI = 12.04 s
[   85/31251] Test_StrEncAssociate#test_dummy_encoding_index_UTF_32 = 11.98 s
[   86/31251] Test_StrEncAssociate#test_dummy_encoding_index_UTF_16 = 12.05 s
[   87/31251] Test_StrEncAssociate#test_dummy_encoding_index_UTF_7 = 12.01 s
[   88/31251] Test_StrEncAssociate#test_dummy_encoding_index_ISO_2022_JP = 12.00 s
[   89/31251] Test_StrEncAssociate#test_frozen = 0.05 s
[   90/31251] Test_StrEncAssociate#test_dummy_encoding_index_CP50221 = 12.00 s
[   91/31251] Test_StrEncAssociate#test_dummy_encoding_index_CP50220 = 11.99 s
[   92/31251] Test_StrEncAssociate#test_dummy_encoding_index_ISO_2022_JP_2 = 12.03 s
[   93/31251] Test_StrEncAssociate#test_dummy_encoding_index_IBM037 = 11.95 s
[   94/31251] RDocRIPathsTest#test_class_site_dir = 4.19 s
[   95/31251] RDocRIPathsTest#test_class_gemdirs_latest = 0.43 s
[   96/31251] RDocRIPathsTest#test_class_gemdirs_all = 0.41 s
[   97/31251] RDocRIPathsTest#test_class_gemdirs_legacy = 0.42 s
[   98/31251] RDocRIPathsTest#test_class_system_dir = 0.40 s
[   99/31251] RDocRIPathsTest#test_class_gem_dir = 0.43 s
[  100/31251] RDocRIPathsTest#test_class_home_dir = 0.40 s
[  101/31251] RDocRIPathsTest#test_class_raw_path_extra_dirs = 0.43 s
[  102/31251] RDocRIPathsTest#test_class_raw_path = 0.41 s
[  103/31251] RDocRIPathsTest#test_class_path_nonexistent = 0.48 s
[  104/31251] RDocRIPathsTest#test_class_each = 0.44 s
[  105/31251] Prism::NodeIdTest#"test_whitequark/forward_args_legacy.txt" = 0.07 s
[  106/31251] Prism::NodeIdTest#"test_whitequark/parser_bug_525.txt" = 0.04 s
[  107/31251] Prism::NodeIdTest#"test_seattlerb/parse_line_trailing_newlines.txt" = 0.03 s
[  108/31251] Prism::NodeIdTest#"test_seattlerb/difficult3_4.txt" = 0.06 s
[  109/31251] Prism::NodeIdTest#"test_seattlerb/block_call_operation_dot.txt" = 0.03 s
[  110/31251] Prism::NodeIdTest#"test_heredoc_with_escaped_newline_at_start.txt" = 0.04 s
[  111/31251] Prism::NodeIdTest#"test_seattlerb/call_trailing_dots.txt" = 0.02 s
[  112/31251] Prism::NodeIdTest#"test_seattlerb/masgn_star.txt" = 0.03 s
[  113/31251] Prism::NodeIdTest#"test_whitequark/lbrace_arg_after_command_args.txt" = 0.03 s
[  114/31251] Prism::NodeIdTest#"test_seattlerb/parse_until_not_canonical.txt" = 0.03 s
[  115/31251] Prism::NodeIdTest#"test_seattlerb/iter_args_11_2.txt" = 0.03 s
[  116/31251] Prism::NodeIdTest#"test_whitequark/when_splat.txt" = 0.03 s
[  117/31251] Prism::NodeIdTest#"test_whitequark/blockargs.txt" = 0.20 s
[  118/31251] Prism::NodeIdTest#"test_whitequark/if_else.txt" = 0.03 s
[  119/31251] Prism::NodeIdTest#"test_whitequark/restarg_named.txt" = 0.02 s
[  120/31251] Prism::NodeIdTest#"test_indented_file_end.txt" = 0.02 s
[  121/31251] Prism::NodeIdTest#"test_whitequark/string_plain.txt" = 0.02 s
[  122/31251] Prism::NodeIdTest#"test_seattlerb/parse_pattern_019.txt" = 0.03 s
[  123/31251] Prism::NodeIdTest#"test_whitequark/multiple_pattern_matches.txt" = 0.05 s
[  124/31251] Prism::NodeIdTest#"test_seattlerb/str_pct_q.txt" = 0.02 s
[  125/31251] Prism::NodeIdTest#"test_seattlerb/iter_args_3.txt" = 0.03 s
[  126/31251] Prism::NodeIdTest#"test_seattlerb/iter_args_9_1.txt" = 0.02 s
[  127/31251] Prism::NodeIdTest#"test_seattlerb/mlhs_back_splat.txt" = 0.02 s
[  128/31251] Prism::NodeIdTest#"test_whitequark/endless_method.txt" = 0.04 s
[  129/31251] Prism::NodeIdTest#"test_whitequark/ruby_bug_11873.txt" = 0.10 s
[  130/31251] Prism::NodeIdTest#"test_whitequark/string___FILE__.txt" = 0.02 s
[  131/31251] Prism::NodeIdTest#"test_tilde_heredocs.txt" = 0.08 s
[  132/31251] Prism::NodeIdTest#"test_whitequark/procarg0.txt" = 0.03 s
[  133/31251] Prism::NodeIdTest#"test_seattlerb/call_gt.txt" = 0.02 s
[  134/31251] Prism::NodeIdTest#"test_seattlerb/block_scope.txt" = 0.02 s
[  135/31251] Prism::NodeIdTest#"test_whitequark/bug_rescue_empty_else.txt" = 0.03 s
[  136/31251] Prism::NodeIdTest#"test_seattlerb/const_op_asgn_or.txt" = 0.02 s
[  137/31251] Prism::NodeIdTest#"test_whitequark/if_mod.txt" = 0.02 s
[  138/31251] Prism::NodeIdTest#"test_seattlerb/defn_comments.txt" = 0.02 s
[  139/31251] Prism::NodeIdTest#"test_seattlerb/heredoc_bad_oct_escape.txt" = 0.02 s
[  140/31251] Prism::NodeIdTest#"test_seattlerb/parse_line_to_ary.txt" = 0.03 s
[  141/31251] Prism::NodeIdTest#"test_seattlerb/lasgn_call_bracket_rescue_arg.txt" = 0.02 s
[  142/31251] Prism::NodeIdTest#"test_whitequark/beginless_erange_after_newline.txt" = 0.02 s
[  143/31251] Prism::NodeIdTest#"test_whitequark/ruby_bug_10653.txt" = 0.04 s
[  144/31251] Prism::NodeIdTest#"test_seattlerb/parse_line_dstr_escaped_newline.txt" = 0.02 s
[  145/31251] Prism::NodeIdTest#"test_whitequark/parser_bug_645.txt" = 0.02 s
[  146/31251] Prism::NodeIdTest#"test_emoji_method_calls.txt" = 0.02 s
[  147/31251] Prism::NodeIdTest#"test_whitequark/masgn_splat.txt" = 0.06 s
[  148/31251] Prism::NodeIdTest#"test_whitequark/bug_regex_verification.txt" = 0.02 s
[  149/31251] Prism::NodeIdTest#"test_classes.txt" = 0.08 s
[  150/31251] Prism::NodeIdTest#"test_whitequark/super_block.txt" = 0.02 s
[  151/31251] Prism::NodeIdTest#"test_seattlerb/parse_line_iter_call_no_parens.txt" = 0.03 s
[  152/31251] Prism::NodeIdTest#"test_seattlerb/bdot2.txt" = 0.03 s
[  153/31251] Prism::NodeIdTest#"test_seattlerb/difficult3__11.txt" = 0.02 s
[  154/31251] Prism::NodeIdTest#"test_whitequark/endless_comparison_method.txt" = 0.04 s
[  155/31251] Prism::NodeIdTest#"test_regex_char_width.txt" = 0.03 s
[  156/31251] Prism::NodeIdTest#"test_seattlerb/case_in_42.txt" = 0.03 s
[  157/31251] Prism::NodeIdTest#"test_whitequark/space_args_arg_call.txt" = 0.02 s
[  158/31251] Prism::NodeIdTest#"test_seattlerb/label_vs_string.txt" = 0.02 s
[  159/31251] Prism::NodeIdTest#"test_variables.txt" = 0.10 s
[  160/31251] Prism::NodeIdTest#"test_seattlerb/words_interp.txt" = 0.02 s
[  161/31251] Prism::NodeIdTest#"test_whitequark/gvasgn.txt" = 0.02 s
[  162/31251] Prism::NodeIdTest#"test_seattlerb/call_bang_command_call.txt" = 0.02 s
[  163/31251] Prism::NodeIdTest#"test_seattlerb/case_in_37.txt" = 0.03 s
[  164/31251] Prism::NodeIdTest#"test_seattlerb/parse_line_defn_no_parens_args.txt" = 0.02 s
[  165/31251] Prism::NodeIdTest#"test_whitequark/ternary.txt" = 0.02 s
[  166/31251] Prism::NodeIdTest#"test_seattlerb/assoc_label.txt" = 0.02 s
[  167/31251] Prism::NodeIdTest#"test_seattlerb/defn_reg_opt_reg.txt" = 0.02 s
[  168/31251] Prism::NodeIdTest#"test_seattlerb/bug191.txt" = 0.03 s
[  169/31251] Prism::NodeIdTest#"test_seattlerb/const_2_op_asgn_or2.txt" = 0.02 s
[  170/31251] Prism::NodeIdTest#"test_unparser/corpus/literal/rescue.txt" = 0.03 s
[  171/31251] Prism::NodeIdTest#"test_seattlerb/symbols_interp.txt" = 0.02 s
[  172/31251] Prism::NodeIdTest#"test_seattlerb/parse_pattern_058.txt" = 0.03 s
[  173/31251] Prism::NodeIdTest#"test_seattlerb/call_and.txt" = 0.02 s
[  174/31251] Prism::NodeIdTest#"test_seattlerb/block_paren_splat.txt" = 0.02 s
[  175/31251] Prism::NodeIdTest#"test_whitequark/self.txt" = 0.02 s
[  176/31251] Prism::NodeIdTest#"test_seattlerb/call_arg_assoc.txt" = 0.02 s
[  177/31251] Prism::NodeIdTest#"test_whitequark/while.txt" = 0.03 s
[  178/31251] Prism::NodeIdTest#"test_whitequark/kwnilarg.txt" = 0.03 s
[  179/31251] Prism::NodeIdTest#"test_whitequark/case_expr_else.txt" = 0.02 s
[  180/31251] Prism::NodeIdTest#"test_seattlerb/heredoc_with_only_carriage_returns.txt" = 0.02 s
[  181/31251] Prism::NodeIdTest#"test_method_calls.txt" = 0.33 s
[  182/31251] Prism::NodeIdTest#"test_seattlerb/call_colon2.txt" = 0.02 s
[  183/31251] Prism::NodeIdTest#"test_seattlerb/heredoc_squiggly_visually_blank_lines.txt" = 0.02 s
[  184/31251] Prism::NodeIdTest#"test_whitequark/and_or_masgn.txt" = 0.03 s
[  185/31251] Prism::NodeIdTest#"test_whitequark/postexe.txt" = 0.02 s
[  186/31251] Prism::NodeIdTest#"test_seattlerb/defn_opt_reg.txt" = 0.03 s
[  187/31251] Prism::NodeIdTest#"test_whitequark/array_words_empty.txt" = 0.02 s
[  188/31251] Prism::NodeIdTest#"test_rescue_modifier.txt" = 0.04 s
[  189/31251] Prism::NodeIdTest#"test_seattlerb/safe_op_asgn.txt" = 0.02 s
[  190/31251] Prism::NodeIdTest#"test_keywords.txt" = 0.03 s
[  191/31251] Prism::NodeIdTest#"test_whitequark/hash_label_end.txt" = 0.03 s
[  192/31251] Prism::NodeIdTest#"test_whitequark/send_self_block.txt" = 0.02 s
[  193/31251] Prism::NodeIdTest#"test_seattlerb/symbols.txt" = 0.02 s
[  194/31251] Prism::NodeIdTest#"test_whitequark/args_args_comma.txt" = 0.02 s
[  195/31251] Prism::NodeIdTest#"test_seattlerb/parse_line_iter_call_parens.txt" = 0.03 s
[  196/31251] Prism::NodeIdTest#"test_seattlerb/heredoc_nested.txt" = 0.02 s
[  197/31251] Prism::NodeIdTest#"test_seattlerb/difficult3__6.txt" = 0.02 s
[  198/31251] Prism::NodeIdTest#"test_range_end_open_inclusive.txt" = 0.02 s
[  199/31251] Prism::NodeIdTest#"test_seattlerb/stabby_block_kw__required.txt" = 0.03 s
[  200/31251] Prism::NodeIdTest#"test_seattlerb/bug_hash_args_trailing_comma.txt" = 0.02 s
[  201/31251] Prism::NodeIdTest#"test_seattlerb/quoted_symbol_hash_arg.txt" = 0.02 s
[  202/31251] Prism::NodeIdTest#"test_defined.txt" = 0.04 s
[  203/31251] Prism::NodeIdTest#"test_whitequark/kwrestarg_unnamed.txt" = 0.02 s
[  204/31251] Prism::NodeIdTest#"test_whitequark/parser_bug_604.txt" = 0.02 s
[  205/31251] Prism::NodeIdTest#"test_seattlerb/heredoc_squiggly_blank_lines.txt" = 0.02 s
[  206/31251] Prism::NodeIdTest#"test_whitequark/ruby_bug_12669.txt" = 0.03 s
[  207/31251] Prism::NodeIdTest#"test_whitequark/__ENCODING___legacy_.txt" = 0.02 s
[  208/31251] Prism::NodeIdTest#"test_whitequark/masgn_cmd.txt" = 0.02 s
[  209/31251] Prism::NodeIdTest#"test_heredocs_leading_whitespace.txt" = 0.03 s
[  210/31251] Prism::NodeIdTest#"test_seattlerb/rescue_do_end_raised.txt" = 0.03 s
[  211/31251] Prism::NodeIdTest#"test_whitequark/back_ref.txt" = 0.02 s
[  212/31251] Prism::NodeIdTest#"test_seattlerb/begin_rescue_ensure_no_bodies.txt" = 0.03 s
[  213/31251] Prism::NodeIdTest#"test_seattlerb/safe_call.txt" = 0.02 s
[  214/31251] Prism::NodeIdTest#"test_seattlerb/case_in_or.txt" = 0.02 s
[  215/31251] Prism::NodeIdTest#"test_whitequark/unless_mod.txt" = 0.02 s
[  216/31251] Prism::NodeIdTest#"test_whitequark/send_index_asgn_legacy.txt" = 0.02 s
[  217/31251] Prism::NodeIdTest#"test_whitequark/forward_arg_with_open_args.txt" = 0.07 s
[  218/31251] Prism::NodeIdTest#"test_seattlerb/call_args_assoc_trailing_comma.txt" = 0.02 s
[  219/31251] Prism::NodeIdTest#"test_embdoc_no_newline_at_end.txt" = 0.02 s
[  220/31251] Prism::NodeIdTest#"test_seattlerb/block_call_dot_op2_brace_block.txt" = 0.04 s
[  221/31251] Prism::NodeIdTest#"test_unescaping.txt" = 0.02 s
[  222/31251] Prism::NodeIdTest#"test_seattlerb/case_in_hash_pat.txt" = 0.03 s
[  223/31251] Prism::NodeIdTest#"test_whitequark/op_asgn_cmd.txt" = 0.04 s
[  224/31251] Prism::NodeIdTest#"test_seattlerb/difficult4__leading_dots2.txt" = 0.02 s
[  225/31251] Prism::NodeIdTest#"test_seattlerb/lambda_do_vs_brace.txt" = 0.03 s
[  226/31251] Prism::NodeIdTest#"test_whitequark/bug_heredoc_do.txt" = 0.02 s
[  227/31251] Prism::NodeIdTest#"test_single_quote_heredocs.txt" = 0.02 s
[  228/31251] Prism::NodeIdTest#"test_seattlerb/bug_call_arglist_parens.txt" = 0.03 s
[  229/31251] Prism::NodeIdTest#"test_seattlerb/case_in_67.txt" = 0.02 s
[  230/31251] Prism::NodeIdTest#"test_seattlerb/block_args_opt2.txt" = 0.02 s
[  231/31251] Prism::NodeIdTest#"test_whitequark/args_block_pass.txt" = 0.02 s
[  232/31251] Prism::NodeIdTest#"test_seattlerb/heredoc_with_extra_carriage_returns.txt" = 0.02 s
[  233/31251] Prism::NodeIdTest#"test_whitequark/ruby_bug_9669.txt" = 0.03 s
[  234/31251] Prism::NodeIdTest#"test_whitequark/array_symbols_interp.txt" = 0.03 s
[  235/31251] Prism::NodeIdTest#"test_whitequark/case_cond.txt" = 0.02 s
[  236/31251] Prism::NodeIdTest#"test_whitequark/alias.txt" = 0.02 s
[  237/31251] Prism::NodeIdTest#"test_whitequark/asgn_cmd.txt" = 0.02 s
[  238/31251] Prism::NodeIdTest#"test_whitequark/send_binary_op.txt" = 0.09 s
[  239/31251] Prism::NodeIdTest#"test_single_method_call_with_bang.txt" = 0.02 s
[  240/31251] Prism::NodeIdTest#"test_whitequark/ruby_bug_12073.txt" = 0.03 s
[  241/31251] Prism::NodeIdTest#"test_seattlerb/case_in_hash_pat_paren_true.txt" = 0.03 s
[  242/31251] Prism::NodeIdTest#"test_seattlerb/difficult6__8.txt" = 0.02 s
[  243/31251] Prism::NodeIdTest#"test_seattlerb/iter_args_7_1.txt" = 0.02 s
[  244/31251] Prism::NodeIdTest#"test_seattlerb/regexp_esc_u.txt" = 0.02 s
[  245/31251] Prism::NodeIdTest#"test_seattlerb/case_in_find_array.txt" = 0.03 s
[  246/31251] Prism::NodeIdTest#"test_whitequark/pattern_matching_single_line.txt" = 0.03 s
[  247/31251] Prism::NodeIdTest#"test_whitequark/cond_begin_masgn.txt" = 0.03 s
[  248/31251] Prism::NodeIdTest#"test_seattlerb/op_asgn_dot_ident_command_call.txt" = 0.02 s
[  249/31251] Prism::NodeIdTest#"test_whitequark/begin_cmdarg.txt" = 0.02 s
[  250/31251] Prism::NodeIdTest#"test_whitequark/array_splat.txt" = 0.03 s
[  251/31251] Prism::NodeIdTest#"test_whitequark/pattern_matching_else.txt" = 0.02 s
[  252/31251] Prism::NodeIdTest#"test_seattlerb/const_op_asgn_and2.txt" = 0.02 s
[  253/31251] Prism::NodeIdTest#"test_seattlerb/call_kwsplat.txt" = 0.02 s
[  254/31251] Prism::NodeIdTest#"test_seattlerb/masgn_arg_ident.txt" = 0.02 s
[  255/31251] Prism::NodeIdTest#"test_whitequark/rational.txt" = 0.02 s
[  256/31251] Prism::NodeIdTest#"test_seattlerb/str_single_double_escaped_newline.txt" = 0.02 s
[  257/31251] Prism::NodeIdTest#"test_seattlerb/defs_endless_command_rescue.txt" = 0.03 s
[  258/31251] Prism::NodeIdTest#"test_heredoc_with_comment.txt" = 0.02 s
[  259/31251] Prism::NodeIdTest#"test_whitequark/space_args_arg.txt" = 0.02 s
[  260/31251] Prism::NodeIdTest#"test_yield.txt" = 0.03 s
[  261/31251] Prism::NodeIdTest#"test_hashes.txt" = 0.06 s
[  262/31251] Prism::NodeIdTest#"test_seattlerb/if_elsif.txt" = 0.02 s
[  263/31251] Prism::NodeIdTest#"test_seattlerb/call_stabby_with_braces_block.txt" = 0.02 s
[  264/31251] Prism::NodeIdTest#"test_seattlerb/call_leading_dots.txt" = 0.02 s
[  265/31251] Prism::NodeIdTest#"test_whitequark/forwarded_kwrestarg_with_additional_kwarg.txt" = 0.
03 s
[  266/31251] Prism::NodeIdTest#"test_unparser/corpus/literal/pragma.txt" = 0.02 s
[  267/31251] Prism::NodeIdTest#"test_seattlerb/parse_line_return.txt" = 0.03 s
[  268/31251] Prism::NodeIdTest#"test_whitequark/ruby_bug_11989.txt" = 0.02 s
[  269/31251] Prism::NodeIdTest#"test_seattlerb/dsym_esc_to_sym.txt" = 0.02 s
[  270/31251] Prism::NodeIdTest#"test_whitequark/not_cmd.txt" = 0.02 s
[  271/31251] Prism::NodeIdTest#"test_whitequark/masgn_attr.txt" = 0.03 s
[  272/31251] Prism::NodeIdTest#"test_seattlerb/defn_kwarg_no_parens.txt" = 0.02 s
[  273/31251] Prism::NodeIdTest#"test_whitequark/send_lambda_args_noparen.txt" = 0.03 s
[  274/31251] Prism::NodeIdTest#"test_seattlerb/lasgn_env.txt" = 0.02 s
[  275/31251] Prism::NodeIdTest#"test_undef.txt" = 0.03 s
[  276/31251] Prism::NodeIdTest#"test_whitequark/rescue_else_ensure.txt" = 0.03 s
[  277/31251] Prism::NodeIdTest#"test_unparser/corpus/semantic/literal.txt" = 0.05 s
[  278/31251] Prism::NodeIdTest#"test_whitequark/var_op_asgn_cmd.txt" = 0.02 s
[  279/31251] Prism::NodeIdTest#"test_whitequark/asgn_mrhs.txt" = 0.03 s
[  280/31251] Prism::NodeIdTest#"test_seattlerb/parse_line_dot3.txt" = 0.02 s
[  281/31251] Prism::NodeIdTest#"test_seattlerb/regexp_escape_extended.txt" = 0.02 s
[  282/31251] Prism::NodeIdTest#"test_whitequark/bug_do_block_in_hash_brace.txt" = 0.06 s
[  283/31251] Prism::NodeIdTest#"test_seattlerb/masgn_lhs_splat.txt" = 0.02 s
[  284/31251] Prism::NodeIdTest#"test_whitequark/anonymous_blockarg.txt" = 0.02 s
[  285/31251] Prism::NodeIdTest#"test_seattlerb/defn_kwarg_kwsplat.txt" = 0.02 s
[  286/31251] Prism::NodeIdTest#"test_seattlerb/mlhs_back_anonsplat.txt" = 0.02 s
[  287/31251] Prism::NodeIdTest#"test_seattlerb/bug_masgn_right.txt" = 0.02 s
[  288/31251] Prism::NodeIdTest#"test_seattlerb/bug202.txt" = 0.03 s
[  289/31251] Prism::NodeIdTest#"test_booleans.txt" = 0.02 s
[  290/31251] Prism::NodeIdTest#"test_whitequark/case_cond_else.txt" = 0.02 s
[  291/31251] Prism::NodeIdTest#"test_whitequark/while_post.txt" = 0.02 s
[  292/31251] Prism::NodeIdTest#"test_seattlerb/str_str_str.txt" = 0.02 s
[  293/31251] Prism::NodeIdTest#"test_seattlerb/block_args_no_kwargs.txt" = 0.02 s
[  294/31251] Prism::NodeIdTest#"test_seattlerb/heredoc_squiggly_blank_line_plus_interpolation.txt"
= 0.03 s
[  295/31251] Prism::NodeIdTest#"test_whitequark/array_symbols_empty.txt" = 0.02 s
[  296/31251] Prism::NodeIdTest#"test_whitequark/parser_bug_830.txt" = 0.02 s
[  297/31251] Prism::NodeIdTest#"test_seattlerb/symbol_list.txt" = 0.03 s
[  298/31251] Prism::NodeIdTest#"test_seattlerb/parse_line_postexe.txt" = 0.02 s
[  299/31251] Prism::NodeIdTest#"test_seattlerb/difficult4__leading_dots.txt" = 0.02 s
[  300/31251] Prism::NodeIdTest#"test_keyword_method_names.txt" = 0.04 s
[  301/31251] Prism::NodeIdTest#"test_seattlerb/heredoc_with_carriage_return_escapes.txt" = 0.02 s
[  302/31251] Prism::NodeIdTest#"test_whitequark/cond_iflipflop_with_beginless_range.txt" = 0.02 s
[  303/31251] Prism::NodeIdTest#"test_seattlerb/safe_call_dot_parens.txt" = 0.02 s
[  304/31251] Prism::NodeIdTest#"test_unparser/corpus/semantic/while.txt" = 0.05 s
[  305/31251] Prism::NodeIdTest#"test_seattlerb/safe_attrasgn_constant.txt" = 0.02 s
[  306/31251] Prism::NodeIdTest#"test_seattlerb/mlhs_mid_splat.txt" = 0.03 s
[  307/31251] Prism::NodeIdTest#"test_whitequark/symbol_interp.txt" = 0.02 s
[  308/31251] Prism::NodeIdTest#"test_seattlerb/iter_args_2__19.txt" = 0.02 s
[  309/31251] Prism::NodeIdTest#"test_whitequark/cond_iflipflop.txt" = 0.03 s
[  310/31251] Prism::NodeIdTest#"test_whitequark/xstring_interp.txt" = 0.03 s
[  311/31251] Prism::NodeIdTest#"test_whitequark/const_unscoped.txt" = 0.02 s
[  312/31251] Prism::NodeIdTest#"test_seattlerb/bug236.txt" = 0.03 s
[  313/31251] Prism::NodeIdTest#"test_whitequark/or.txt" = 0.02 s
[  314/31251] Prism::NodeIdTest#"test_seattlerb/defn_endless_command.txt" = 0.02 s
[  315/31251] Prism::NodeIdTest#"test_whitequark/ruby_bug_11990.txt" = 0.02 s
[  316/31251] Prism::NodeIdTest#"test_seattlerb/heredoc_bad_hex_escape.txt" = 0.02 s
[  317/31251] Prism::NodeIdTest#"test_seattlerb/symbol_empty.txt" = 0.02 s
[  318/31251] Prism::NodeIdTest#"test_unparser/corpus/literal/def.txt" = 0.16 s
[  319/31251] Prism::NodeIdTest#"test_seattlerb/block_arg_opt_splat_arg_block_omfg.txt" = 0.03 s
[  320/31251] Prism::NodeIdTest#"test_whitequark/gvar.txt" = 0.02 s
[  321/31251] Prism::NodeIdTest#"test_seattlerb/class_comments.txt" = 0.02 s
[  322/31251] Prism::NodeIdTest#"test_seattlerb/str_evstr_escape.txt" = 0.02 s
[  323/31251] Prism::NodeIdTest#"test_whitequark/forward_arg.txt" = 0.02 s
[  324/31251] Prism::NodeIdTest#"test_unparser/corpus/semantic/opasgn.txt" = 0.03 s
[  325/31251] Prism::NodeIdTest#"test_begin_rescue.txt" = 0.12 s
[  326/31251] Prism::NodeIdTest#"test_seattlerb/defn_args_forward_args.txt" = 0.02 s
[  327/31251] Prism::NodeIdTest#"test_whitequark/array_plain.txt" = 0.02 s
[  328/31251] Prism::NodeIdTest#"test_seattlerb/call_array_arg.txt" = 0.02 s
[  329/31251] Prism::NodeIdTest#"test_seattlerb/attrasgn_array_arg.txt" = 0.03 s
[  330/31251] Prism::NodeIdTest#"test_whitequark/return.txt" = 0.03 s
[  331/31251] Prism::NodeIdTest#"test_whitequark/var_op_asgn.txt" = 0.03 s
[  332/31251] Prism::NodeIdTest#"test_seattlerb/backticks_interpolation_line.txt" = 0.02 s
[  333/31251] Prism::NodeIdTest#"test_seattlerb/call_carat.txt" = 0.03 s
[  334/31251] Prism::NodeIdTest#"test_seattlerb/block_command_operation_dot.txt" = 0.02 s
[  335/31251] Prism::NodeIdTest#"test_seattlerb/heredoc_with_extra_carriage_horrible_mix.txt" = 0.02
 s
[  336/31251] Prism::NodeIdTest#"test_unparser/corpus/semantic/block.txt" = 0.04 s
[  337/31251] Prism::NodeIdTest#"test_whitequark/ruby_bug_14690.txt" = 0.02 s
[  338/31251] Prism::NodeIdTest#"test_seattlerb/dot3_nil__26.txt" = 0.02 s
[  339/31251] Prism::NodeIdTest#"test_seattlerb/dstr_evstr.txt" = 0.02 s
[  340/31251] Prism::NodeIdTest#"test_whitequark/forwarded_restarg.txt" = 0.02 s
[  341/31251] Prism::NodeIdTest#"test_whitequark/class_super_label.txt" = 0.02 s
[  342/31251] Prism::NodeIdTest#"test_whitequark/send_index.txt" = 0.03 s
[  343/31251] Prism::NodeIdTest#"test_dsym_str.txt" = 0.02 s
[  344/31251] Prism::NodeIdTest#"test_next.txt" = 0.07 s
[  345/31251] Prism::NodeIdTest#"test_range_end_open_exclusive.txt" = 0.02 s
[  346/31251] Prism::NodeIdTest#"test_seattlerb/case_in_else.txt" = 0.02 s
[  347/31251] Prism::NodeIdTest#"test_heredocs_with_ignored_newlines.txt" = 0.02 s
[  348/31251] Prism::NodeIdTest#"test_seattlerb/call_trailing_comma.txt" = 0.02 s
[  349/31251] Prism::NodeIdTest#"test_dstring.txt" = 0.03 s
[  350/31251] Prism::NodeIdTest#"test_whitequark/send_op_asgn_conditional.txt" = 0.03 s
[  351/31251] Prism::NodeIdTest#"test_seattlerb/integer_with_if_modifier.txt" = 0.02 s
[  352/31251] Prism::NodeIdTest#"test_whitequark/op_asgn_index_cmd.txt" = 0.02 s
[  353/31251] Prism::NodeIdTest#"test_whitequark/bug_cmd_string_lookahead.txt" = 0.02 s
[  354/31251] Prism::NodeIdTest#"test_seattlerb/call_not.txt" = 0.02 s
[  355/31251] Prism::NodeIdTest#"test_seattlerb/defn_oneliner_noargs_parentheses.txt" = 0.02 s
[  356/31251] Prism::NodeIdTest#"test_seattlerb/masgn_splat_arg.txt" = 0.02 s
[  357/31251] Prism::NodeIdTest#"test_seattlerb/masgn_anon_splat_arg.txt" = 0.02 s
[  358/31251] Prism::NodeIdTest#"test_unparser/corpus/literal/since/30.txt" = 0.03 s
[  359/31251] Prism::NodeIdTest#"test_seattlerb/block_decomp_anon_splat_arg.txt" = 0.03 s
[  360/31251] Prism::NodeIdTest#"test_seattlerb/regexp_esc_C_slash.txt" = 0.02 s
[  361/31251] Prism::NodeIdTest#"test_unless.txt" = 0.04 s
[  362/31251] Prism::NodeIdTest#"test_whitequark/hash_empty.txt" = 0.02 s
[  363/31251] Prism::NodeIdTest#"test_seattlerb/call_env.txt" = 0.02 s
[  364/31251] Prism::NodeIdTest#"test_seattlerb/begin_ensure_no_bodies.txt" = 0.02 s
[  365/31251] Prism::NodeIdTest#"test_seattlerb/defn_oneliner.txt" = 0.02 s
[  366/31251] Prism::NodeIdTest#"test_heredoc_with_trailing_newline.txt" = 0.02 s
[  367/31251] Prism::NodeIdTest#"test_whitequark/parser_bug_507.txt" = 0.02 s
[  368/31251] Prism::NodeIdTest#"test_seattlerb/bug_args_masgn_outer_parens__19.txt" = 0.02 s
[  369/31251] Prism::NodeIdTest#"test_unparser/corpus/literal/send.txt" = 0.25 s
[  370/31251] Prism::NodeIdTest#"test_seattlerb/parse_line_dot2_open.txt" = 0.02 s
[  371/31251] Prism::NodeIdTest#"test_whitequark/var_or_asgn.txt" = 0.02 s
[  372/31251] Prism::NodeIdTest#"test_newline_terminated.txt" = 0.04 s
[  373/31251] Prism::NodeIdTest#"test_seattlerb/method_call_trailing_comma.txt" = 0.02 s
[  374/31251] Prism::NodeIdTest#"test_seattlerb/rhs_asgn.txt" = 0.02 s
[  375/31251] Prism::NodeIdTest#"test_seattlerb/difficult7_.txt" = 0.03 s
[  376/31251] Prism::NodeIdTest#"test_seattlerb/safe_call_newline.txt" = 0.02 s
[  377/31251] Prism::NodeIdTest#"test_seattlerb/difficult3__9.txt" = 0.02 s
[  378/31251] Prism::NodeIdTest#"test_whitequark/optarg.txt" = 0.03 s
[  379/31251] Prism::NodeIdTest#"test_whitequark/slash_newline_in_heredocs.txt" = 0.02 s
[  380/31251] Prism::NodeIdTest#"test_whitequark/sclass.txt" = 0.02 s
[  381/31251] Prism::NodeIdTest#"test_whitequark/dedenting_heredoc.txt" = 0.07 s
[  382/31251] Prism::NodeIdTest#"test_seattlerb/defn_kwarg_lvar.txt" = 0.02 s
[  383/31251] Prism::NodeIdTest#"test_seattlerb/parse_line_call_no_args.txt" = 0.02 s
[  384/31251] Prism::NodeIdTest#"test_seattlerb/in_expr_no_case.txt" = 0.02 s
[  385/31251] Prism::NodeIdTest#"test_whitequark/masgn_nested.txt" = 0.03 s
[  386/31251] Prism::NodeIdTest#"test_nils.txt" = 0.03 s
[  387/31251] Prism::NodeIdTest#"test_seattlerb/qwords_empty.txt" = 0.02 s
[  388/31251] Prism::NodeIdTest#"test_seattlerb/case_in_find.txt" = 0.02 s
[  389/31251] Prism::NodeIdTest#"test_seattlerb/bug_215.txt" = 0.02 s
[  390/31251] Prism::NodeIdTest#"test_whitequark/send_index_asgn.txt" = 0.02 s
[  391/31251] Prism::NodeIdTest#"test_whitequark/cvar.txt" = 0.02 s
[  392/31251] Prism::NodeIdTest#"test_seattlerb/qWords_space.txt" = 0.02 s
[  393/31251] Prism::NodeIdTest#"test_ternary_operator.txt" = 0.06 s
[  394/31251] Prism::NodeIdTest#"test_seattlerb/parse_if_not_canonical.txt" = 0.02 s
[  395/31251] Prism::NodeIdTest#"test_seattlerb/block_arg_opt_arg_block.txt" = 0.02 s
[  396/31251] Prism::NodeIdTest#"test_whitequark/string_concat.txt" = 0.02 s
[  397/31251] Prism::NodeIdTest#"test_boolean_operators.txt" = 0.02 s
[  398/31251] Prism::NodeIdTest#"test_seattlerb/parse_if_not_noncanonical.txt" = 0.02 s
[  399/31251] Prism::NodeIdTest#"test_seattlerb/f_kw__required.txt" = 0.03 s
[  400/31251] Prism::NodeIdTest#"test_seattlerb/masgn_arg_colon_arg.txt" = 0.02 s
[  401/31251] Prism::NodeIdTest#"test_seattlerb/defn_oneliner_eq2.txt" = 0.02 s
[  402/31251] Prism::NodeIdTest#"test_seattlerb/rescue_do_end_ensure_result.txt" = 0.02 s
[  403/31251] Prism::NodeIdTest#"test_seattlerb/case_in_86.txt" = 0.02 s
[  404/31251] Prism::NodeIdTest#"test_seattlerb/bug_cond_pct.txt" = 0.02 s
[  405/31251] Prism::NodeIdTest#"test_whitequark/bang_cmd.txt" = 0.02 s
[  406/31251] Prism::NodeIdTest#"test_whitequark/not_masgn__24.txt" = 0.02 s
[  407/31251] Prism::NodeIdTest#"test_seattlerb/heredoc_squiggly_empty.txt" = 0.02 s
[  408/31251] Prism::NodeIdTest#"test_whitequark/hash_label.txt" = 0.02 s
[  409/31251] Prism::NodeIdTest#"test_seattlerb/iter_kwarg.txt" = 0.02 s
[  410/31251] Prism::NodeIdTest#"test_seattlerb/block_splat_reg.txt" = 0.03 s
[  411/31251] Prism::NodeIdTest#"test_seattlerb/qw_escape_term.txt" = 0.02 s
[  412/31251] Prism::NodeIdTest#"test_whitequark/super.txt" = 0.03 s
[  413/31251] Prism::NodeIdTest#"test_seattlerb/dstr_lex_state.txt" = 0.02 s
[  414/31251] Prism::NodeIdTest#"test_seattlerb/cond_unary_minus.txt" = 0.02 s
[  415/31251] Prism::NodeIdTest#"test_seattlerb/bug_249.txt" = 0.03 s
[  416/31251] Prism::NodeIdTest#"test_seattlerb/dot2_nil__26.txt" = 0.02 s
[  417/31251] Prism::NodeIdTest#"test_seattlerb/defn_kwarg_kwsplat_anon.txt" = 0.02 s
[  418/31251] Prism::NodeIdTest#"test_seattlerb/parse_while_not_noncanonical.txt" = 0.02 s
[  419/31251] Prism::NodeIdTest#"test_seattlerb/thingy.txt" = 0.02 s
[  420/31251] Prism::NodeIdTest#"test_seattlerb/masgn_arg_splat_arg.txt" = 0.02 s
[  421/31251] Prism::NodeIdTest#"test_seattlerb/pipe_space.txt" = 0.03 s
[  422/31251] Prism::NodeIdTest#"test_strings.txt" = 0.10 s
[  423/31251] Prism::NodeIdTest#"test_whitequark/send_index_legacy.txt" = 0.02 s
[  424/31251] Prism::NodeIdTest#"test_whitequark/space_args_arg_block.txt" = 0.03 s
[  425/31251] Prism::NodeIdTest#"test_seattlerb/safe_calls.txt" = 0.02 s
[  426/31251] Prism::NodeIdTest#"test_seattlerb/call_assoc_new.txt" = 0.02 s
[  427/31251] Prism::NodeIdTest#"test_seattlerb/block_call_defn_call_block_call.txt" = 0.02 s
[  428/31251] Prism::NodeIdTest#"test_global_variables.txt" = 0.08 s
[  429/31251] Prism::NodeIdTest#"test_seattlerb/parse_line_defn_complex.txt" = 0.02 s
[  430/31251] Prism::NodeIdTest#"test_whitequark/space_args_block.txt" = 0.02 s
[  431/31251] Prism::NodeIdTest#"test_seattlerb/iter_args_7_2.txt" = 0.02 s
[  432/31251] Prism::NodeIdTest#"test_whitequark/ruby_bug_11107.txt" = 0.02 s
[  433/31251] Prism::NodeIdTest#"test_whitequark/args_args_assocs.txt" = 0.03 s
[  434/31251] Prism::NodeIdTest#"test_whitequark/bug_lambda_leakage.txt" = 0.02 s
[  435/31251] Prism::NodeIdTest#"test_seattlerb/mlhs_front_anonsplat.txt" = 0.02 s
[  436/31251] Prism::NodeIdTest#"test_seattlerb/const_op_asgn_and1.txt" = 0.02 s
[  437/31251] Prism::NodeIdTest#"test_seattlerb/parse_line_str_with_newline_escape.txt" = 0.03 s
[  438/31251] Prism::NodeIdTest#"test_seattlerb/defn_kwarg_env.txt" = 0.02 s
[  439/31251] Prism::NodeIdTest#"test_methods.txt" = 0.27 s
[  440/31251] Prism::NodeIdTest#"test_seattlerb/defn_arg_asplat_arg.txt" = 0.02 s
[  441/31251] Prism::NodeIdTest#"test_seattlerb/index_0_opasgn.txt" = 0.02 s
[  442/31251] Prism::NodeIdTest#"test_whitequark/forwarded_argument_with_restarg.txt" = 0.03 s
[  443/31251] Prism::NodeIdTest#"test_seattlerb/block_args_opt1.txt" = 0.02 s
[  444/31251] Prism::NodeIdTest#"test_lambda.txt" = 0.06 s
[  445/31251] Prism::NodeIdTest#"test_seattlerb/block_kwarg_lvar.txt" = 0.02 s
[  446/31251] Prism::NodeIdTest#"test_whitequark/hash_hashrocket.txt" = 0.03 s
[  447/31251] Prism::NodeIdTest#"test_seattlerb/defs_oneliner_rescue.txt" = 0.04 s
[  448/31251] Prism::NodeIdTest#"test_unparser/corpus/literal/kwbegin.txt" = 0.09 s
[  449/31251] Prism::NodeIdTest#"test_xstring_with_backslash.txt" = 0.02 s
[  450/31251] Prism::NodeIdTest#"test_until.txt" = 0.04 s
[  451/31251] Prism::NodeIdTest#"test_seattlerb/qw_escape.txt" = 0.02 s
[  452/31251] Prism::NodeIdTest#"test_seattlerb/masgn_splat_arg_arg.txt" = 0.02 s
[  453/31251] Prism::NodeIdTest#"test_seattlerb/op_asgn_primary_colon_const_command_call.txt" = 0.02
 s
[  454/31251] Prism::NodeIdTest#"test_whitequark/send_plain_cmd.txt" = 0.03 s
[  455/31251] Prism::NodeIdTest#"test_seattlerb/iter_args_4.txt" = 0.02 s
[  456/31251] Prism::NodeIdTest#"test_whitequark/true.txt" = 0.02 s
[  457/31251] Prism::NodeIdTest#"test_seattlerb/str_newline_hash_line_number.txt" = 0.02 s
[  458/31251] Prism::NodeIdTest#"test_seattlerb/unary_plus_on_literal.txt" = 0.03 s
[  459/31251] Prism::NodeIdTest#"test_whitequark/when_then.txt" = 0.02 s
[  460/31251] Prism::NodeIdTest#"test_whitequark/keyword_argument_omission.txt" = 0.02 s
[  461/31251] Prism::NodeIdTest#"test_whitequark/symbol_plain.txt" = 0.02 s
[  462/31251] Prism::NodeIdTest#"test_whitequark/rescue_mod_masgn.txt" = 0.02 s
[  463/31251] Prism::NodeIdTest#"test_seattlerb/call_array_lit_inline_hash.txt" = 0.03 s
[  464/31251] Prism::NodeIdTest#"test_whitequark/if.txt" = 0.02 s
[  465/31251] Prism::NodeIdTest#"test_whitequark/pattern_matching_single_line_allowed_omission_of_pa
rentheses.txt" = 0.05 s
[  466/31251] Prism::NodeIdTest#"test_whitequark/__ENCODING__.txt" = 0.02 s
[  467/31251] Prism::NodeIdTest#"test_heredocs_with_ignored_newlines_and_non_empty.txt" = 0.02 s
[  468/31251] Prism::NodeIdTest#"test_seattlerb/defn_forward_args__no_parens.txt" = 0.02 s
[  469/31251] Prism::NodeIdTest#"test_whitequark/unless_else.txt" = 0.03 s
[  470/31251] Prism::NodeIdTest#"test_whitequark/bang.txt" = 0.02 s
[  471/31251] Prism::NodeIdTest#"test_seattlerb/difficult3_3.txt" = 0.03 s
[  472/31251] Prism::NodeIdTest#"test_seattlerb/block_arg_kwsplat.txt" = 0.02 s
[  473/31251] Prism::NodeIdTest#"test_whitequark/and_asgn.txt" = 0.02 s
[  474/31251] Prism::NodeIdTest#"test_seattlerb/case_in_array_pat_const2.txt" = 0.02 s
[  475/31251] Prism::NodeIdTest#"test_whitequark/when_multi.txt" = 0.03 s
[  476/31251] Prism::NodeIdTest#"test_seattlerb/defn_kwarg_kwarg.txt" = 0.02 s
[  477/31251] Prism::NodeIdTest#"test_seattlerb/block_call_dot_op2_cmd_args_do_block.txt" = 0.03 s
[  478/31251] Prism::NodeIdTest#"test_integer_operations.txt" = 0.11 s
[  479/31251] Prism::NodeIdTest#"test_seattlerb/rescue_do_end_no_raise.txt" = 0.03 s
[  480/31251] Prism::NodeIdTest#"test_whitequark/send_index_cmd.txt" = 0.02 s
[  481/31251] Prism::NodeIdTest#"test_seattlerb/parse_line_multiline_str_literal_n.txt" = 0.02 s
[  482/31251] Prism::NodeIdTest#"test_seattlerb/heredoc_backslash_nl.txt" = 0.02 s
[  483/31251] Prism::NodeIdTest#"test_whitequark/for.txt" = 0.04 s
[  484/31251] Prism::NodeIdTest#"test_seattlerb/parse_until_not_noncanonical.txt" = 0.02 s
[  485/31251] Prism::NodeIdTest#"test_seattlerb/str_backslashes.txt" = 0.02 s
[  486/31251] Prism::NodeIdTest#"test_seattlerb/dsym_to_sym.txt" = 0.02 s
[  487/31251] Prism::NodeIdTest#"test_arrays.txt" = 0.22 s
[  488/31251] Prism::NodeIdTest#"test_whitequark/bug_do_block_in_call_args.txt" = 0.02 s
[  489/31251] Prism::NodeIdTest#"test_seattlerb/call_stabby_do_end_with_block.txt" = 0.02 s
[  490/31251] Prism::NodeIdTest#"test_seattlerb/op_asgn_primary_colon_identifier1.txt" = 0.02 s
[  491/31251] Prism::NodeIdTest#"test_seattlerb/str_double_escaped_newline.txt" = 0.02 s
[  492/31251] Prism::NodeIdTest#"test_seattlerb/attrasgn_array_lhs.txt" = 0.03 s
[  493/31251] Prism::NodeIdTest#"test_whitequark/lparenarg_after_lvar__since_25.txt" = 0.03 s
[  494/31251] Prism::NodeIdTest#"test_seattlerb/BEGIN.txt" = 0.02 s
[  495/31251] Prism::NodeIdTest#"test_seattlerb/begin_rescue_else_ensure_no_bodies.txt" = 0.02 s
[  496/31251] Prism::NodeIdTest#"test_unparser/corpus/literal/hookexe.txt" = 0.02 s
[  497/31251] Prism::NodeIdTest#"test_whitequark/cond_begin.txt" = 0.02 s
[  498/31251] Prism::NodeIdTest#"test_whitequark/array_words.txt" = 0.02 s
[  499/31251] Prism::NodeIdTest#"test_seattlerb/parse_line_rescue.txt" = 0.02 s
[  500/31251] Prism::NodeIdTest#"test_seattlerb/mlhs_keyword.txt" = 0.02 s
[  501/31251] Prism::NodeIdTest#"test_seattlerb/heredoc_trailing_slash_continued_call.txt" = 0.02 s
[  502/31251] Prism::NodeIdTest#"test_whitequark/rescue_mod_asgn.txt" = 0.02 s
[  503/31251] Prism::NodeIdTest#"test_seattlerb/defs_kwarg.txt" = 0.02 s
[  504/31251] Prism::NodeIdTest#"test_whitequark/arg_duplicate_ignored.txt" = 0.02 s
[  505/31251] Prism::NodeIdTest#"test_seattlerb/block_decomp_arg_splat_arg.txt" = 0.03 s
[  506/31251] Prism::NodeIdTest#"test_seattlerb/parse_pattern_076.txt" = 0.02 s
[  507/31251] Prism::NodeIdTest#"test_heredoc_with_carriage_returns.txt" = 0.02 s
[  508/31251] Prism::NodeIdTest#"test_seattlerb/uminus_float.txt" = 0.02 s
[  509/31251] Prism::NodeIdTest#"test_whitequark/regex_interp.txt" = 0.02 s
[  510/31251] Prism::NodeIdTest#"test_seattlerb/bug_not_parens.txt" = 0.02 s
[  511/31251] Prism::NodeIdTest#"test_whitequark/args_args_assocs_comma.txt" = 0.02 s
[  512/31251] Prism::NodeIdTest#"test_seattlerb/difficult3__12.txt" = 0.02 s
[  513/31251] Prism::NodeIdTest#"test_unparser/corpus/literal/range.txt" = 0.03 s
[  514/31251] Prism::NodeIdTest#"test_seattlerb/call_div.txt" = 0.02 s
[  515/31251] Prism::NodeIdTest#"test_seattlerb/rescue_do_end_rescued.txt" = 0.03 s
[  516/31251] Prism::NodeIdTest#"test_seattlerb/pipe_semicolon.txt" = 0.02 s
[  517/31251] Prism::NodeIdTest#"test_seattlerb/difficult6__7.txt" = 0.02 s
[  518/31251] Prism::NodeIdTest#"test_whitequark/if_masgn__24.txt" = 0.02 s
[  519/31251] Prism::NodeIdTest#"test_seattlerb/eq_begin_line_numbers.txt" = 0.02 s
[  520/31251] Prism::NodeIdTest#"test_seattlerb/defn_kwarg_val.txt" = 0.02 s
[  521/31251] Prism::NodeIdTest#"test_whitequark/defined.txt" = 0.02 s
[  522/31251] Prism::NodeIdTest#"test_unparser/corpus/literal/empty_begin.txt" = 0.02 s
[  523/31251] Prism::NodeIdTest#"test_whitequark/rescue_without_begin_end.txt" = 0.02 s
[  524/31251] Prism::NodeIdTest#"test_whitequark/send_lambda_args_shadow.txt" = 0.02 s
[  525/31251] Prism::NodeIdTest#"test_unparser/corpus/literal/dstr.txt" = 0.07 s
[  526/31251] Prism::NodeIdTest#"test_dash_heredocs.txt" = 0.05 s
[  527/31251] Prism::NodeIdTest#"test_whitequark/arg_label.txt" = 0.03 s
[  528/31251] Prism::NodeIdTest#"test_seattlerb/case_in_array_pat_paren_assign.txt" = 0.03 s
[  529/31251] Prism::NodeIdTest#"test_whitequark/send_attr_asgn.txt" = 0.03 s
[  530/31251] Prism::NodeIdTest#"test_seattlerb/bug169.txt" = 0.02 s
[  531/31251] Prism::NodeIdTest#"test_unparser/corpus/literal/undef.txt" = 0.02 s
[  532/31251] Prism::NodeIdTest#"test_whitequark/casgn_scoped.txt" = 0.02 s
[  533/31251] Prism::NodeIdTest#"test_whitequark/if_nl_then.txt" = 0.02 s
[  534/31251] Prism::NodeIdTest#"test_xstring.txt" = 0.02 s
[  535/31251] Prism::NodeIdTest#"test_seattlerb/unary_plus.txt" = 0.02 s
[  536/31251] Prism::NodeIdTest#"test_whitequark/ruby_bug_11380.txt" = 0.02 s
[  537/31251] Prism::NodeIdTest#"test_seattlerb/difficult1_line_numbers.txt" = 0.05 s
[  538/31251] Prism::NodeIdTest#"test_seattlerb/multiline_hash_declaration.txt" = 0.03 s
[  539/31251] Prism::NodeIdTest#"test_seattlerb/block_arg_opt_splat.txt" = 0.02 s
[  540/31251] Prism::NodeIdTest#"test_seattlerb/iter_args_9_2.txt" = 0.02 s
[  541/31251] Prism::NodeIdTest#"test_whitequark/zsuper.txt" = 0.02 s
[  542/31251] Prism::NodeIdTest#"test_seattlerb/call_unary_bang.txt" = 0.02 s
[  543/31251] Prism::NodeIdTest#"test_whitequark/trailing_forward_arg.txt" = 0.03 s
[  544/31251] Prism::NodeIdTest#"test_whitequark/bug_cmdarg.txt" = 0.04 s
[  545/31251] Prism::NodeIdTest#"test_seattlerb/parse_def_special_name.txt" = 0.03 s
[  546/31251] Prism::NodeIdTest#"test_unparser/corpus/literal/opasgn.txt" = 0.08 s
[  547/31251] Prism::NodeIdTest#"test_seattlerb/defn_endless_command_rescue.txt" = 0.02 s
[  548/31251] Prism::NodeIdTest#"test_seattlerb/alias_resword.txt" = 0.02 s
[  549/31251] Prism::NodeIdTest#"test_whitequark/character.txt" = 0.02 s
[  550/31251] Prism::NodeIdTest#"test_spanning_heredoc.txt" = 0.07 s
[  551/31251] Prism::NodeIdTest#"test_whitequark/nil_expression.txt" = 0.02 s
[  552/31251] Prism::NodeIdTest#"test_unparser/corpus/literal/assignment.txt" = 0.17 s
[  553/31251] Prism::NodeIdTest#"test_seattlerb/call_colon_parens.txt" = 0.02 s
[  554/31251] Prism::NodeIdTest#"test_whitequark/ambiuous_quoted_label_in_ternary_operator.txt" = 0.
02 s
[  555/31251] Prism::NodeIdTest#"test_whitequark/send_block_chain_cmd.txt" = 0.06 s
[  556/31251] Prism::NodeIdTest#"test_whitequark/args_star.txt" = 0.02 s
[  557/31251] Prism::NodeIdTest#"test_seattlerb/bug_hash_interp_array.txt" = 0.02 s
[  558/31251] Prism::NodeIdTest#"test_whitequark/xstring_plain.txt" = 0.02 s
[  559/31251] Prism::NodeIdTest#"test_seattlerb/masgn_colon3.txt" = 0.02 s
[  560/31251] Prism::NodeIdTest#"test_symbols.txt" = 0.09 s
[  561/31251] Prism::NodeIdTest#"test_whitequark/args_args_star.txt" = 0.03 s
[  562/31251] Prism::NodeIdTest#"test_whitequark/ivar.txt" = 0.02 s
[  563/31251] Prism::NodeIdTest#"test_not.txt" = 0.06 s
[  564/31251] Prism::NodeIdTest#"test_seattlerb/block_decomp_arg_splat.txt" = 0.02 s
[  565/31251] Prism::NodeIdTest#"test_whitequark/array_words_interp.txt" = 0.03 s
[  566/31251] Prism::NodeIdTest#"test_whitequark/ruby_bug_15789.txt" = 0.03 s
[  567/31251] Prism::NodeIdTest#"test_whitequark/casgn_toplevel.txt" = 0.02 s
[  568/31251] Prism::NodeIdTest#"test_whitequark/dedenting_interpolating_heredoc_fake_line_continuat
ion.txt" = 0.02 s
[  569/31251] Prism::NodeIdTest#"test_whitequark/non_lvar_injecting_match.txt" = 0.02 s
[  570/31251] Prism::NodeIdTest#"test_whitequark/bug_481.txt" = 0.02 s
[  571/31251] Prism::NodeIdTest#"test_seattlerb/iter_args_11_1.txt" = 0.02 s
[  572/31251] Prism::NodeIdTest#"test_repeat_parameters.txt" = 0.08 s
[  573/31251] Prism::NodeIdTest#"test_seattlerb/difficult2_.txt" = 0.03 s
[  574/31251] Prism::NodeIdTest#"test_unparser/corpus/literal/class.txt" = 0.05 s
[  575/31251] Prism::NodeIdTest#"test_whitequark/rescue.txt" = 0.02 s
[  576/31251] Prism::NodeIdTest#"test_seattlerb/assoc__bare.txt" = 0.02 s
[  577/31251] Prism::NodeIdTest#"test_seattlerb/safe_call_rhs_newline.txt" = 0.02 s
[  578/31251] Prism::NodeIdTest#"test_seattlerb/begin_rescue_else_ensure_bodies.txt" = 0.02 s
[  579/31251] Prism::NodeIdTest#"test_seattlerb/parse_pattern_044.txt" = 0.03 s
[  580/31251] Prism::NodeIdTest#"test_seattlerb/iter_args_6.txt" = 0.02 s
[  581/31251] Prism::NodeIdTest#"test_constants.txt" = 0.18 s
[  582/31251] Prism::NodeIdTest#"test_seattlerb/mlhs_mid_anonsplat.txt" = 0.03 s
[  583/31251] Prism::NodeIdTest#"test_seattlerb/block_args_opt2_2.txt" = 0.02 s
[  584/31251] Prism::NodeIdTest#"test_seattlerb/str_pct_nested_nested.txt" = 0.02 s
[  585/31251] Prism::NodeIdTest#"test_if.txt" = 0.10 s
[  586/31251] Prism::NodeIdTest#"test_seattlerb/__ENCODING__.txt" = 0.02 s
[  587/31251] Prism::NodeIdTest#"test_arithmetic.txt" = 0.04 s
[  588/31251] Prism::NodeIdTest#"test_unparser/corpus/literal/lambda.txt" = 0.04 s
[  589/31251] Prism::NodeIdTest#"test_seattlerb/attr_asgn_colon_id.txt" = 0.03 s
[  590/31251] Prism::NodeIdTest#"test_whitequark/casgn_unscoped.txt" = 0.02 s
[  591/31251] Prism::NodeIdTest#"test_seattlerb/parse_line_multiline_str.txt" = 0.02 s
[  592/31251] Prism::NodeIdTest#"test_seattlerb/symbols_empty.txt" = 0.02 s
[  593/31251] Prism::NodeIdTest#"test_whitequark/ivasgn.txt" = 0.02 s
[  594/31251] Prism::NodeIdTest#"test_seattlerb/heredoc__backslash_dos_format.txt" = 0.02 s
[  595/31251] Prism::NodeIdTest#"test_seattlerb/bug_comma.txt" = 0.02 s
[  596/31251] Prism::NodeIdTest#"test_seattlerb/call_leading_dots_comment.txt" = 0.02 s
[  597/31251] Prism::NodeIdTest#"test_whitequark/comments_before_leading_dot__27.txt" = 0.03 s
[  598/31251] Prism::NodeIdTest#"test_whitequark/endless_method_without_args.txt" = 0.04 s
[  599/31251] Prism::NodeIdTest#"test_seattlerb/parse_opt_call_args_lit_comma.txt" = 0.02 s
[  600/31251] Prism::NodeIdTest#"test_seattlerb/call_args_assoc_quoted.txt" = 0.03 s
[  601/31251] Prism::NodeIdTest#"test_whitequark/resbody_list.txt" = 0.02 s
[  602/31251] Prism::NodeIdTest#"test_seattlerb/parse_line_defn_no_parens.txt" = 0.02 s
[  603/31251] Prism::NodeIdTest#"test_seattlerb/difficult3__7.txt" = 0.03 s
[  604/31251] Prism::NodeIdTest#"test_whitequark/var_and_asgn.txt" = 0.02 s
[  605/31251] Prism::NodeIdTest#"test_seattlerb/array_line_breaks.txt" = 0.02 s
[  606/31251] Prism::NodeIdTest#"test_unparser/corpus/semantic/dstr.txt" = 0.12 s
[  607/31251] Prism::NodeIdTest#"test_whitequark/range_inclusive.txt" = 0.02 s
[  608/31251] Prism::NodeIdTest#"test_seattlerb/heredoc_with_interpolation_and_carriage_return_escap
es.txt" = 0.02 s
[  609/31251] Prism::NodeIdTest#"test_whitequark/send_attr_asgn_conditional.txt" = 0.02 s
[  610/31251] Prism::NodeIdTest#"test_seattlerb/return_call_assocs.txt" = 0.05 s
[  611/31251] Prism::NodeIdTest#"test_heredoc.txt" = 0.02 s
[  612/31251] Prism::NodeIdTest#"test_seattlerb/array_lits_trailing_calls.txt" = 0.02 s
[  613/31251] Prism::NodeIdTest#"test_seattlerb/op_asgn_primary_colon_identifier_command_call.txt" =
 0.02 s
[  614/31251] Prism::NodeIdTest#"test_whitequark/lvar.txt" = 0.02 s
[  615/31251] Prism::NodeIdTest#"test_seattlerb/str_str.txt" = 0.02 s
[  616/31251] Prism::NodeIdTest#"test_seattlerb/case_in_47.txt" = 0.02 s
[  617/31251] Prism::NodeIdTest#"test_seattlerb/call_assoc_new_if_multiline.txt" = 0.02 s
[  618/31251] Prism::NodeIdTest#"test_seattlerb/parse_line_heredoc_hardnewline.txt" = 0.02 s
[  619/31251] Prism::NodeIdTest#"test_seattlerb/bug_args_masgn.txt" = 0.02 s
[  620/31251] Prism::NodeIdTest#"test_seattlerb/iter_kwarg_kwsplat.txt" = 0.02 s
[  621/31251] Prism::NodeIdTest#"test_whitequark/array_assocs.txt" = 0.02 s
[  622/31251] Prism::NodeIdTest#"test_seattlerb/heredoc_comma_arg.txt" = 0.02 s
[  623/31251] Prism::NodeIdTest#"test_seattlerb/stabby_arg_no_paren.txt" = 0.03 s
[  624/31251] Prism::NodeIdTest#"test_seattlerb/pct_nl.txt" = 0.02 s
[  625/31251] Prism::NodeIdTest#"test_seattlerb/parse_line_dstr_soft_newline.txt" = 0.02 s
[  626/31251] Prism::NodeIdTest#"test_whitequark/module.txt" = 0.02 s
[  627/31251] Prism::NodeIdTest#"test_endless_range_in_conditional.txt" = 0.03 s
[  628/31251] Prism::NodeIdTest#"test_seattlerb/heredoc_with_only_carriage_returns_windows.txt" = 0.
02 s
[  629/31251] Prism::NodeIdTest#"test_whitequark/cpath.txt" = 0.02 s
[  630/31251] Prism::NodeIdTest#"test_return.txt" = 0.05 s
[  631/31251] Prism::NodeIdTest#"test_seattlerb/bug190.txt" = 0.02 s
[  632/31251] Prism::NodeIdTest#"test_whitequark/parser_bug_640.txt" = 0.02 s
[  633/31251] Prism::NodeIdTest#"test_while.txt" = 0.08 s
[  634/31251] Prism::NodeIdTest#"test_seattlerb/TestRubyParserShared.txt" = 0.07 s
[  635/31251] Prism::NodeIdTest#"test_blocks.txt" = 0.11 s
[  636/31251] Prism::NodeIdTest#"test_whitequark/args_assocs_comma.txt" = 0.02 s
[  637/31251] Prism::NodeIdTest#"test_unparser/corpus/literal/defined.txt" = 0.03 s
[  638/31251] Prism::NodeIdTest#"test_seattlerb/heredoc_squiggly.txt" = 0.03 s
[  639/31251] Prism::NodeIdTest#"test_seattlerb/block_arg_scope.txt" = 0.02 s
[  640/31251] Prism::NodeIdTest#"test_seattlerb/difficult3__10.txt" = 0.02 s
[  641/31251] Prism::NodeIdTest#"test_seattlerb/bdot3.txt" = 0.02 s
[  642/31251] Prism::NodeIdTest#"test_seattlerb/qsymbols_empty.txt" = 0.02 s
[  643/31251] Prism::NodeIdTest#"test_whitequark/kwrestarg_named.txt" = 0.02 s
[  644/31251] Prism::NodeIdTest#"test_seattlerb/call_eq3.txt" = 0.02 s
[  645/31251] Prism::NodeIdTest#"test_seattlerb/safe_op_asgn2.txt" = 0.02 s
[  646/31251] Prism::NodeIdTest#"test_seattlerb/lasgn_lasgn_command_call.txt" = 0.02 s
[  647/31251] Prism::NodeIdTest#"test_seattlerb/str_single_escaped_newline.txt" = 0.03 s
[  648/31251] Prism::NodeIdTest#"test_seattlerb/defs_comments.txt" = 0.02 s
[  649/31251] Prism::NodeIdTest#"test_whitequark/op_asgn.txt" = 0.02 s
[  650/31251] Prism::NodeIdTest#"test_unparser/corpus/semantic/undef.txt" = 0.02 s
[  651/31251] Prism::NodeIdTest#"test_whitequark/forwarded_kwrestarg.txt" = 0.02 s
[  652/31251] Prism::NodeIdTest#"test_unparser/corpus/literal/super.txt" = 0.06 s
[  653/31251] Prism::NodeIdTest#"test_seattlerb/masgn_command_call.txt" = 0.02 s
[  654/31251] Prism::NodeIdTest#"test_whitequark/nil.txt" = 0.02 s
[  655/31251] Prism::NodeIdTest#"test_whitequark/return_block.txt" = 0.02 s
[  656/31251] Prism::NodeIdTest#"test_seattlerb/interpolated_symbol_array_line_breaks.txt" = 0.02 s
[  657/31251] Prism::NodeIdTest#"test_seattlerb/call_dot_parens.txt" = 0.02 s
[  658/31251] Prism::NodeIdTest#"test_seattlerb/and_multi.txt" = 0.02 s
[  659/31251] Prism::NodeIdTest#"test_numbers.txt" = 0.06 s
[  660/31251] Prism::NodeIdTest#"test_seattlerb/block_command_operation_colon.txt" = 0.03 s
[  661/31251] Prism::NodeIdTest#"test_seattlerb/unary_minus.txt" = 0.02 s
[  662/31251] Prism::NodeIdTest#"test_whitequark/rescue_ensure.txt" = 0.02 s
[  663/31251] Prism::NodeIdTest#"test_seattlerb/bug_case_when_regexp.txt" = 0.02 s
[  664/31251] Prism::NodeIdTest#"test_seattlerb/safe_call_after_newline.txt" = 0.02 s
[  665/31251] Prism::NodeIdTest#"test_whitequark/blockarg.txt" = 0.02 s
[  666/31251] Prism::NodeIdTest#"test_seattlerb/defns_reserved.txt" = 0.02 s
[  667/31251] Prism::NodeIdTest#"test_seattlerb/when_splat.txt" = 0.02 s
[  668/31251] Prism::NodeIdTest#"test_whitequark/hash_pair_value_omission.txt" = 0.03 s
[  669/31251] Prism::NodeIdTest#"test_seattlerb/lasgn_command.txt" = 0.02 s
[  670/31251] Prism::NodeIdTest#"test_seattlerb/str_heredoc_interp.txt" = 0.02 s
[  671/31251] Prism::NodeIdTest#"test_seattlerb/heredoc_squiggly_tabs.txt" = 0.02 s
[  672/31251] Prism::NodeIdTest#"test_modules.txt" = 0.04 s
[  673/31251] Prism::NodeIdTest#"test_seattlerb/block_args_kwargs.txt" = 0.03 s
[  674/31251] Prism::NodeIdTest#"test_unparser/corpus/literal/since/27.txt" = 0.02 s
[  675/31251] Prism::NodeIdTest#"test_seattlerb/block_opt_splat.txt" = 0.02 s
[  676/31251] Prism::NodeIdTest#"test_whitequark/ensure_empty.txt" = 0.02 s
[  677/31251] Prism::NodeIdTest#"test_seattlerb/flip2_env_lvar.txt" = 0.02 s
[  678/31251] Prism::NodeIdTest#"test_comments.txt" = 0.04 s
[  679/31251] Prism::NodeIdTest#"test_whitequark/for_mlhs.txt" = 0.02 s
[  680/31251] Prism::NodeIdTest#"test_seattlerb/regexp.txt" = 0.02 s
[  681/31251] Prism::NodeIdTest#"test_seattlerb/parse_line_dot3_open.txt" = 0.02 s
[  682/31251] Prism::NodeIdTest#"test_whitequark/args_cmd.txt" = 0.02 s
[  683/31251] Prism::NodeIdTest#"test_whitequark/resbody_list_mrhs.txt" = 0.02 s
[  684/31251] Prism::NodeIdTest#"test_seattlerb/difficult3_5.txt" = 0.02 s
[  685/31251] Prism::NodeIdTest#"test_whitequark/endless_method_forwarded_args_legacy.txt" = 0.02 s
[  686/31251] Prism::NodeIdTest#"test_range_begin_open_exclusive.txt" = 0.03 s
[  687/31251] Prism::NodeIdTest#"test_whitequark/endless_method_command_syntax.txt" = 0.06 s
[  688/31251] Prism::NodeIdTest#"test_seattlerb/call_arg_assoc_kwsplat.txt" = 0.02 s
[  689/31251] Prism::NodeIdTest#"test_seattlerb/parse_pattern_069.txt" = 0.03 s
[  690/31251] Prism::NodeIdTest#"test_whitequark/masgn_const.txt" = 0.03 s
[  691/31251] Prism::NodeIdTest#"test_seattlerb/rescue_in_block.txt" = 0.02 s
[  692/31251] Prism::NodeIdTest#"test_seattlerb/heredoc_unicode.txt" = 0.02 s
[  693/31251] Prism::NodeIdTest#"test_whitequark/ruby_bug_11873_b.txt" = 0.03 s
[  694/31251] Prism::NodeIdTest#"test_seattlerb/non_interpolated_symbol_array_line_breaks.txt" = 0.0
2 s
[  695/31251] Prism::NodeIdTest#"test_case.txt" = 0.09 s
[  696/31251] Prism::NodeIdTest#"test_unparser/corpus/literal/block.txt" = 0.20 s
[  697/31251] Prism::NodeIdTest#"test_seattlerb/parse_while_not_canonical.txt" = 0.02 s
[  698/31251] Prism::NodeIdTest#"test_seattlerb/block_optarg.txt" = 0.02 s
[  699/31251] Prism::NodeIdTest#"test_whitequark/alias_gvar.txt" = 0.02 s
[  700/31251] Prism::NodeIdTest#"test_seattlerb/call_lte.txt" = 0.03 s
[  701/31251] Prism::NodeIdTest#"test_whitequark/numparam_ruby_bug_19025.txt" = 0.02 s
[  702/31251] Prism::NodeIdTest#"test_whitequark/send_block_conditional.txt" = 0.02 s
[  703/31251] Prism::NodeIdTest#"test_whitequark/send_lambda_legacy.txt" = 0.02 s
[  704/31251] Prism::NodeIdTest#"test_unparser/corpus/literal/for.txt" = 0.04 s
[  705/31251] Prism::NodeIdTest#"test_seattlerb/non_interpolated_word_array_line_breaks.txt" = 0.02
s
[  706/31251] Prism::NodeIdTest#"test_multi_write.txt" = 0.03 s
[  707/31251] Prism::NodeIdTest#"test_whitequark/ruby_bug_10279.txt" = 0.02 s
[  708/31251] Prism::NodeIdTest#"test_seattlerb/unary_tilde.txt" = 0.02 s
[  709/31251] Prism::NodeIdTest#"test_seattlerb/masgn_double_paren.txt" = 0.02 s
[  710/31251] Prism::NodeIdTest#"test_whitequark/send_call.txt" = 0.02 s
[  711/31251] Prism::NodeIdTest#"test_seattlerb/parse_line_newlines.txt" = 0.02 s
[  712/31251] Prism::NodeIdTest#"test_seattlerb/dstr_str.txt" = 0.02 s
[  713/31251] Prism::NodeIdTest#"test_whitequark/defs.txt" = 0.03 s
[  714/31251] Prism::NodeIdTest#"test_seattlerb/do_lambda.txt" = 0.02 s
[  715/31251] Prism::NodeIdTest#"test_unparser/corpus/literal/since/32.txt" = 0.04 s
[  716/31251] Prism::NodeIdTest#"test_seattlerb/bug290.txt" = 0.02 s
[  717/31251] Prism::NodeIdTest#"test_whitequark/parser_bug_518.txt" = 0.02 s
[  718/31251] Prism::NodeIdTest#"test_whitequark/ruby_bug_12686.txt" = 0.02 s
[  719/31251] Prism::NodeIdTest#"test_whitequark/int.txt" = 0.02 s
[  720/31251] Prism::NodeIdTest#"test_seattlerb/parse_line_call_ivar_arg_no_parens_line_break.txt" =
 0.02 s
[  721/31251] Prism::NodeIdTest#"test_whitequark/cond_match_current_line.txt" = 0.02 s
[  722/31251] Prism::NodeIdTest#"test_whitequark/cond_eflipflop_with_beginless_range.txt" = 0.03 s
[  723/31251] Prism::NodeIdTest#"test_seattlerb/call_pipe.txt" = 0.02 s
[  724/31251] Prism::NodeIdTest#"test_seattlerb/evstr_evstr.txt" = 0.02 s
[  725/31251] Prism::NodeIdTest#"test_seattlerb/block_arg_splat_arg.txt" = 0.02 s
[  726/31251] Prism::NodeIdTest#"test_whitequark/array_symbols.txt" = 0.02 s
[  727/31251] Prism::NodeIdTest#"test_seattlerb/float_with_if_modifier.txt" = 0.02 s
[  728/31251] Prism::NodeIdTest#"test_seattlerb/call_spaceship.txt" = 0.02 s
[  729/31251] Prism::NodeIdTest#"test_seattlerb/case_in_86_2.txt" = 0.03 s
[  730/31251] Prism::NodeIdTest#"test_it_indirect_writes.txt" = 0.08 s
[  731/31251] Prism::NodeIdTest#"test_whitequark/complex.txt" = 0.02 s
[  732/31251] Prism::NodeIdTest#"test_whitequark/arg_scope.txt" = 0.02 s
[  733/31251] Prism::NodeIdTest#"test_unparser/corpus/semantic/and.txt" = 0.04 s
[  734/31251] Prism::NodeIdTest#"test_seattlerb/str_lit_concat_bad_encodings.txt" = 0.02 s
[  735/31251] Prism::NodeIdTest#"test_seattlerb/module_comments.txt" = 0.02 s
[  736/31251] Prism::NodeIdTest#"test_whitequark/beginless_range.txt" = 0.02 s
[  737/31251] Prism::NodeIdTest#"test_whitequark/rescue_else.txt" = 0.02 s
[  738/31251] Prism::NodeIdTest#"test_seattlerb/iter_args_8_1.txt" = 0.03 s
[  739/31251] Prism::NodeIdTest#"test_unparser/corpus/literal/literal.txt" = 0.22 s
[  740/31251] Prism::NodeIdTest#"test_seattlerb/stabby_arg_opt_splat_arg_block_omfg.txt" = 0.02 s
[  741/31251] Prism::NodeIdTest#"test_whitequark/parser_bug_272.txt" = 0.03 s
[  742/31251] Prism::NodeIdTest#"test_whitequark/bug_do_block_in_cmdarg.txt" = 0.02 s
[  743/31251] Prism::NodeIdTest#"test_unparser/corpus/literal/case.txt" = 0.07 s
[  744/31251] Prism::NodeIdTest#"test_seattlerb/read_escape_unicode_h4.txt" = 0.02 s
[  745/31251] Prism::NodeIdTest#"test_seattlerb/evstr_str.txt" = 0.03 s
[  746/31251] Prism::NodeIdTest#"test_whitequark/empty_stmt.txt" = 0.01 s
[  747/31251] Prism::NodeIdTest#"test_spanning_heredoc_newlines.txt" = 0.04 s
[  748/31251] Prism::NodeIdTest#"test_seattlerb/heredoc_lineno.txt" = 0.02 s
[  749/31251] Prism::NodeIdTest#"test_seattlerb/iter_args_10_2.txt" = 0.02 s
[  750/31251] Prism::NodeIdTest#"test_seattlerb/parse_line_heredoc_regexp_chars.txt" = 0.02 s
[  751/31251] Prism::NodeIdTest#"test_unparser/corpus/literal/pattern.txt" = 0.09 s
[  752/31251] Prism::NodeIdTest#"test_whitequark/case_expr.txt" = 0.02 s
[  753/31251] Prism::NodeIdTest#"test_seattlerb/defined_eh_parens.txt" = 0.03 s
[  754/31251] Prism::NodeIdTest#"test_whitequark/kwbegin_compstmt.txt" = 0.02 s
[  755/31251] Prism::NodeIdTest#"test_seattlerb/parse_line_op_asgn.txt" = 0.02 s
[  756/31251] Prism::NodeIdTest#"test_whitequark/interp_digit_var.txt" = 0.06 s
[  757/31251] Prism::NodeIdTest#"test_whitequark/resbody_list_var.txt" = 0.03 s
[  758/31251] Prism::NodeIdTest#"test_unparser/corpus/literal/defs.txt" = 0.06 s
[  759/31251] Prism::NodeIdTest#"test_seattlerb/defn_forward_args.txt" = 0.02 s
[  760/31251] Prism::NodeIdTest#"test_seattlerb/op_asgn_val_dot_ident_command_call.txt" = 0.02 s
[  761/31251] Prism::NodeIdTest#"test_seattlerb/qsymbols_interp.txt" = 0.03 s
[  762/31251] Prism::NodeIdTest#"test_whitequark/and.txt" = 0.02 s
[  763/31251] Prism::NodeIdTest#"test_unparser/corpus/literal/if.txt" = 0.06 s
[  764/31251] Prism::NodeIdTest#"test_seattlerb/pctW_lineno.txt" = 0.02 s
[  765/31251] Prism::NodeIdTest#"test_seattlerb/parse_line_dot2.txt" = 0.03 s
[  766/31251] Prism::NodeIdTest#"test_seattlerb/stabby_block_iter_call_no_target_with_arg.txt" = 0.0
2 s
[  767/31251] Prism::NodeIdTest#"test_whitequark/undef.txt" = 0.02 s
[  768/31251] Prism::NodeIdTest#"test_seattlerb/call_args_command.txt" = 0.02 s
[  769/31251] Prism::NodeIdTest#"test_whitequark/send_self.txt" = 0.02 s
[  770/31251] Prism::NodeIdTest#"test_seattlerb/block_call_paren_call_block_call.txt" = 0.02 s
[  771/31251] Prism::NodeIdTest#"test_seattlerb/str_interp_ternary_or_label.txt" = 0.03 s
[  772/31251] Prism::NodeIdTest#"test_seattlerb/call_rshift.txt" = 0.02 s
[  773/31251] Prism::NodeIdTest#"test_whitequark/rescue_in_lambda_block.txt" = 0.02 s
[  774/31251] Prism::NodeIdTest#"test_seattlerb/call_self_brackets.txt" = 0.02 s
[  775/31251] Prism::NodeIdTest#"test_begin_ensure.txt" = 0.05 s
[  776/31251] Prism::NodeIdTest#"test_seattlerb/heredoc_with_carriage_return_escapes_windows.txt" =
0.02 s
[  777/31251] Prism::NodeIdTest#"test_seattlerb/safe_call_operator.txt" = 0.02 s
[  778/31251] Prism::NodeIdTest#"test_unparser/corpus/semantic/send.txt" = 0.04 s
[  779/31251] Prism::NodeIdTest#"test_whitequark/bug_435.txt" = 0.02 s
[  780/31251] Prism::NodeIdTest#"test_seattlerb/case_in_hash_pat_assign.txt" = 0.03 s
[  781/31251] Prism::NodeIdTest#"test_seattlerb/bug_args__19.txt" = 0.02 s
[  782/31251] Prism::NodeIdTest#"test_seattlerb/call_assoc.txt" = 0.03 s
[  783/31251] Prism::NodeIdTest#"test_whitequark/bug_interp_single.txt" = 0.02 s
[  784/31251] Prism::NodeIdTest#"test_whitequark/until_mod.txt" = 0.02 s
[  785/31251] Prism::NodeIdTest#"test_seattlerb/block_decomp_splat.txt" = 0.02 s
[  786/31251] Prism::NodeIdTest#"test_whitequark/numbered_args_after_27.txt" = 0.04 s
[  787/31251] Prism::NodeIdTest#"test_whitequark/lvasgn.txt" = 0.02 s
[  788/31251] Prism::NodeIdTest#"test_whitequark/endless_method_with_rescue_mod.txt" = 0.02 s
[  789/31251] Prism::NodeIdTest#"test_non_alphanumeric_methods.txt" = 0.06 s
[  790/31251] Prism::NodeIdTest#"test_seattlerb/quoted_symbol_keys.txt" = 0.02 s
[  791/31251] Prism::NodeIdTest#"test_whitequark/string_dvar.txt" = 0.02 s
[  792/31251] Prism::NodeIdTest#"test_whitequark/until_post.txt" = 0.02 s
[  793/31251] Prism::NodeIdTest#"test_seattlerb/method_call_assoc_trailing_comma.txt" = 0.02 s
[  794/31251] Prism::NodeIdTest#"test_whitequark/beginless_irange_after_newline.txt" = 0.02 s
[  795/31251] Prism::NodeIdTest#"test_seattlerb/parse_pattern_051.txt" = 0.02 s
[  796/31251] Prism::NodeIdTest#"test_whitequark/class_super.txt" = 0.02 s
[  797/31251] Prism::NodeIdTest#"test_alias.txt" = 0.04 s
[  798/31251] Prism::NodeIdTest#"test_whitequark/dedenting_non_interpolating_heredoc_line_continuati
on.txt" = 0.02 s
[  799/31251] Prism::NodeIdTest#"test_seattlerb/utf8_bom.txt" = 0.02 s
[  800/31251] Prism::NodeIdTest#"test_whitequark/class.txt" = 0.02 s
[  801/31251] Prism::NodeIdTest#"test_whitequark/space_args_arg_newline.txt" = 0.02 s
[  802/31251] Prism::NodeIdTest#"test_seattlerb/defs_endless_command.txt" = 0.02 s
[  803/31251] Prism::NodeIdTest#"test_seattlerb/block_args_opt3.txt" = 0.03 s
[  804/31251] Prism::NodeIdTest#"test_whitequark/space_args_cmd.txt" = 0.02 s
[  805/31251] Prism::NodeIdTest#"test_whitequark/nth_ref.txt" = 0.02 s
[  806/31251] Prism::NodeIdTest#"test_seattlerb/bug_op_asgn_rescue.txt" = 0.02 s
[  807/31251] Prism::NodeIdTest#"test_seattlerb/defs_oneliner_eq2.txt" = 0.02 s
[  808/31251] Prism::NodeIdTest#"test_whitequark/bug_447.txt" = 0.02 s
[  809/31251] Prism::NodeIdTest#"test_seattlerb/symbols_empty_space.txt" = 0.02 s
[  810/31251] Prism::NodeIdTest#"test_seattlerb/parse_line_heredoc.txt" = 0.02 s
[  811/31251] Prism::NodeIdTest#"test_seattlerb/defn_oneliner_noargs.txt" = 0.02 s
[  812/31251] Prism::NodeIdTest#"test_seattlerb/pct_w_heredoc_interp_nested.txt" = 0.03 s
[  813/31251] Prism::NodeIdTest#"test_whitequark/const_toplevel.txt" = 0.02 s
[  814/31251] Prism::NodeIdTest#"test_seattlerb/defn_powarg.txt" = 0.02 s
[  815/31251] Prism::NodeIdTest#"test_whitequark/const_op_asgn.txt" = 0.04 s
[  816/31251] Prism::NodeIdTest#"test_whitequark/until.txt" = 0.02 s
[  817/31251] Prism::NodeIdTest#"test_seattlerb/f_kw.txt" = 0.02 s
[  818/31251] Prism::NodeIdTest#"test_range_begin_open_inclusive.txt" = 0.02 s
[  819/31251] Prism::NodeIdTest#"test_seattlerb/difficult3_.txt" = 0.02 s
[  820/31251] Prism::NodeIdTest#"test_seattlerb/call_assoc_trailing_comma.txt" = 0.02 s
[  821/31251] Prism::NodeIdTest#"test_dos_endings.txt" = 0.03 s
[  822/31251] Prism::NodeIdTest#"test_seattlerb/parse_line_hash_lit.txt" = 0.02 s
[  823/31251] Prism::NodeIdTest#"test_seattlerb/super_arg.txt" = 0.02 s
[  824/31251] Prism::NodeIdTest#"test_seattlerb/parse_line_block_inline_multiline_comment.txt" = 0.0
2 s
[  825/31251] Prism::NodeIdTest#"test_heredocs_nested.txt" = 0.04 s
[  826/31251] Prism::NodeIdTest#"test_whitequark/parser_slash_slash_n_escaping_in_literals.txt" = 0.
04 s
[  827/31251] Prism::NodeIdTest#"test_seattlerb/call_begin_call_block_call.txt" = 0.02 s
[  828/31251] Prism::NodeIdTest#"test_seattlerb/defn_splat_arg.txt" = 0.02 s
[  829/31251] Prism::NodeIdTest#"test_seattlerb/defs_as_arg_with_do_block_inside.txt" = 0.03 s
[  830/31251] Prism::NodeIdTest#"test_seattlerb/parse_line_preexe.txt" = 0.02 s
[  831/31251] Prism::NodeIdTest#"test_whitequark/method_definition_in_while_cond.txt" = 0.04 s
[  832/31251] Prism::NodeIdTest#"test_whitequark/bug_473.txt" = 0.02 s
[  833/31251] Prism::NodeIdTest#"test_patterns.txt" = 0.67 s
[  834/31251] Prism::NodeIdTest#"test_seattlerb/block_opt_arg.txt" = 0.02 s
[  835/31251] Prism::NodeIdTest#"test_seattlerb/bug_hash_args.txt" = 0.02 s
[  836/31251] Prism::NodeIdTest#"test_whitequark/masgn.txt" = 0.03 s
[  837/31251] Prism::NodeIdTest#"test_seattlerb/bug179.txt" = 0.02 s
[  838/31251] Prism::NodeIdTest#"test_seattlerb/mlhs_rescue.txt" = 0.02 s
[  839/31251] Prism::NodeIdTest#"test_seattlerb/safe_attrasgn.txt" = 0.02 s
[  840/31251] Prism::NodeIdTest#"test_whitequark/unary_num_pow_precedence.txt" = 0.03 s
[  841/31251] Prism::NodeIdTest#"test_whitequark/kwarg.txt" = 0.02 s
[  842/31251] Prism::NodeIdTest#"test_ranges.txt" = 0.09 s
[  843/31251] Prism::NodeIdTest#"test_rescue.txt" = 0.09 s
[  844/31251] Prism::NodeIdTest#"test_whitequark/arg.txt" = 0.02 s
[  845/31251] Prism::NodeIdTest#"test_seattlerb/bug_and.txt" = 0.02 s
[  846/31251] Prism::NodeIdTest#"test_whitequark/send_conditional.txt" = 0.02 s
[  847/31251] Prism::NodeIdTest#"test_super.txt" = 0.04 s
[  848/31251] Prism::NodeIdTest#"test_seattlerb/case_in_hash_pat_paren_assign.txt" = 0.02 s
[  849/31251] Prism::NodeIdTest#"test_seattlerb/regexp_unicode_curlies.txt" = 0.02 s
[  850/31251] Prism::NodeIdTest#"test_seattlerb/block_return.txt" = 0.02 s
[  851/31251] Prism::NodeIdTest#"test_whitequark/cond_iflipflop_with_endless_range.txt" = 1.04 s
[  852/31251] Prism::NodeIdTest#"test_whitequark/ruby_bug_13547.txt" = 0.02 s
[  853/31251] Prism::NodeIdTest#"test_whitequark/range_exclusive.txt" = 0.02 s
[  854/31251] Prism::NodeIdTest#"test_seattlerb/iter_args_10_1.txt" = 0.02 s
[  855/31251] Prism::NodeIdTest#"test_seattlerb/const_3_op_asgn_or.txt" = 0.02 s
[  856/31251] Prism::NodeIdTest#"test_seattlerb/call_star2.txt" = 0.02 s
[  857/31251] Prism::NodeIdTest#"test_seattlerb/difficult3__8.txt" = 0.02 s
[  858/31251] Prism::NodeIdTest#"test_seattlerb/stabby_block_iter_call.txt" = 0.02 s
[  859/31251] Prism::NodeIdTest#"test_whitequark/bug_def_no_paren_eql_begin.txt" = 0.02 s
[  860/31251] Prism::NodeIdTest#"test_seattlerb/defs_oneliner.txt" = 0.02 s
[  861/31251] Prism::NodeIdTest#"test_procs.txt" = 0.07 s
[  862/31251] Prism::NodeIdTest#"test_seattlerb/parse_line_block_inline_comment.txt" = 0.02 s
[  863/31251] Prism::NodeIdTest#"test_whitequark/restarg_unnamed.txt" = 0.02 s
[  864/31251] Prism::NodeIdTest#"test_whitequark/int___LINE__.txt" = 0.02 s
[  865/31251] Prism::NodeIdTest#"test_seattlerb/interpolated_word_array_line_breaks.txt" = 0.02 s
[  866/31251] Prism::NodeIdTest#"test_seattlerb/parse_line_block.txt" = 0.02 s
[  867/31251] Prism::NodeIdTest#"test_unparser/corpus/literal/while.txt" = 0.12 s
[  868/31251] Prism::NodeIdTest#"test_seattlerb/qsymbols_empty_space.txt" = 0.02 s
[  869/31251] Prism::NodeIdTest#"test_seattlerb/str_pct_Q_nested.txt" = 0.02 s
[  870/31251] Prism::NodeIdTest#"test_seattlerb/index_0.txt" = 0.02 s
[  871/31251] Prism::NodeIdTest#"test_seattlerb/defn_opt_splat_arg.txt" = 0.02 s
[  872/31251] Prism::NodeIdTest#"test_seattlerb/call_bang_squiggle.txt" = 0.19 s
[  873/31251] Prism::NodeIdTest#"test_endless_methods.txt" = 0.03 s
[  874/31251] Prism::NodeIdTest#"test_whitequark/parser_drops_truncated_parts_of_squiggly_heredoc.tx
t" = 0.02 s
[  875/31251] Prism::NodeIdTest#"test_whitequark/send_unary_op.txt" = 0.02 s
[  876/31251] Prism::NodeIdTest#"test_seattlerb/block_opt_splat_arg_block_omfg.txt" = 0.02 s
[  877/31251] Prism::NodeIdTest#"test_seattlerb/case_in_array_pat_const.txt" = 0.02 s
[  878/31251] Prism::NodeIdTest#"test_seattlerb/difficult0_.txt" = 0.02 s
[  879/31251] Prism::NodeIdTest#"test_seattlerb/parse_line_call_ivar_line_break_paren.txt" = 0.02 s
[  880/31251] Prism::NodeIdTest#"test_seattlerb/iter_args_8_2.txt" = 0.02 s
[  881/31251] Prism::NodeIdTest#"test_seattlerb/read_escape_unicode_curlies.txt" = 0.02 s
[  882/31251] Prism::NodeIdTest#"test_whitequark/rescue_mod.txt" = 0.02 s
[  883/31251] Prism::NodeIdTest#"test_whitequark/rescue_mod_op_assign.txt" = 0.02 s
[  884/31251] Prism::NodeIdTest#"test_whitequark/pattern_matching_blank_else.txt" = 0.02 s
[  885/31251] Prism::NodeIdTest#"test_seattlerb/call_lt.txt" = 0.02 s
[  886/31251] Prism::NodeIdTest#"test_whitequark/pattern_matching__FILE__LINE_literals.txt" = 0.02 s
[  887/31251] Prism::NodeIdTest#"test_seattlerb/defn_opt_last_arg.txt" = 0.02 s
[  888/31251] Prism::NodeIdTest#"test_unparser/corpus/literal/since/31.txt" = 0.03 s
[  889/31251] Prism::NodeIdTest#"test_seattlerb/defn_oneliner_rescue.txt" = 0.04 s
[  890/31251] Prism::NodeIdTest#"test_unparser/corpus/semantic/kwbegin.txt" = 0.05 s
[  891/31251] Prism::NodeIdTest#"test_seattlerb/block_kw.txt" = 0.02 s
[  892/31251] Prism::NodeIdTest#"test_seattlerb/slashy_newlines_within_string.txt" = 0.02 s
[  893/31251] Prism::NodeIdTest#"test_whitequark/preexe.txt" = 0.02 s
[  894/31251] Prism::NodeIdTest#"test_whitequark/ruby_bug_11873_a.txt" = 0.15 s
[  895/31251] Prism::NodeIdTest#"test_seattlerb/block_arg_optional.txt" = 0.02 s
[  896/31251] Prism::NodeIdTest#"test_seattlerb/do_bug.txt" = 0.02 s
[  897/31251] Prism::NodeIdTest#"test_whitequark/cond_eflipflop.txt" = 0.02 s
[  898/31251] Prism::NodeIdTest#"test_regex_escape_encoding.txt" = 0.02 s
[  899/31251] Prism::NodeIdTest#"test_seattlerb/block_arg__bare.txt" = 0.02 s
[  900/31251] Prism::NodeIdTest#"test_seattlerb/parse_pattern_058_2.txt" = 0.03 s
[  901/31251] Prism::NodeIdTest#"test_seattlerb/parse_line_block_inline_comment_leading_newlines.txt
" = 0.02 s
[  902/31251] Prism::NodeIdTest#"test_seattlerb/parse_opt_call_args_assocs_comma.txt" = 0.02 s
[  903/31251] Prism::NodeIdTest#"test_whitequark/false.txt" = 0.02 s
[  904/31251] Prism::NodeIdTest#"test_whitequark/send_lambda.txt" = 0.02 s
[  905/31251] Prism::NodeIdTest#"test_seattlerb/call_array_block_call.txt" = 0.02 s
[  906/31251] Prism::NodeIdTest#"test_seattlerb/call_block_arg_named.txt" = 0.18 s
[  907/31251] Prism::NodeIdTest#"test_unparser/corpus/literal/unary.txt" = 0.05 s
[  908/31251] Prism::NodeIdTest#"test_unparser/corpus/literal/module.txt" = 0.03 s
[  909/31251] Prism::NodeIdTest#"test_whitequark/heredoc.txt" = 0.02 s
[  910/31251] Prism::NodeIdTest#"test_seattlerb/magic_encoding_comment.txt" = 0.02 s
[  911/31251] Prism::NodeIdTest#"test_seattlerb/masgn_colon2.txt" = 0.02 s
[  912/31251] Prism::NodeIdTest#"test_whitequark/bug_480.txt" = 0.02 s
[  913/31251] Prism::NodeIdTest#"test_whitequark/send_plain.txt" = 0.02 s
[  914/31251] Prism::NodeIdTest#"test_whitequark/not.txt" = 0.02 s
[  915/31251] Prism::NodeIdTest#"test_seattlerb/args_kw_block.txt" = 0.02 s
[  916/31251] Prism::NodeIdTest#"test_seattlerb/masgn_paren.txt" = 0.02 s
[  917/31251] Prism::NodeIdTest#"test_seattlerb/aref_args_lit_assocs.txt" = 0.02 s
[  918/31251] Prism::NodeIdTest#"test_seattlerb/heredoc_with_extra_carriage_returns_windows.txt" = 0
.02 s
[  919/31251] Prism::NodeIdTest#"test_unparser/corpus/literal/singletons.txt" = 0.02 s
[  920/31251] Prism::NodeIdTest#"test_seattlerb/stabby_proc_scope.txt" = 0.02 s
[  921/31251] Prism::NodeIdTest#"test_seattlerb/block_kwarg_lvar_multiple.txt" = 0.02 s
[  922/31251] Prism::NodeIdTest#"test_whitequark/kwoptarg.txt" = 0.02 s
[  923/31251] Prism::NodeIdTest#"test_unparser/corpus/literal/variables.txt" = 0.03 s
[  924/31251] Prism::NodeIdTest#"test_seattlerb/str_double_newline.txt" = 0.02 s
[  925/31251] Prism::NodeIdTest#"test_seattlerb/parse_line_heredoc_evstr.txt" = 0.02 s
[  926/31251] Prism::NodeIdTest#"test_seattlerb/eq_begin_why_wont_people_use_their_spacebar.txt" = 0
.02 s
[  927/31251] Prism::NodeIdTest#"test_seattlerb/call_star.txt" = 0.02 s
[  928/31251] Prism::NodeIdTest#"test_seattlerb/iter_args_1.txt" = 0.02 s
[  929/31251] Prism::NodeIdTest#"test_unparser/corpus/literal/alias.txt" = 0.02 s
[  930/31251] Prism::NodeIdTest#"test_seattlerb/heredoc_with_interpolation_and_carriage_return_escap
es_windows.txt" = 0.02 s
[  931/31251] Prism::NodeIdTest#"test_seattlerb/masgn_var_star_var.txt" = 0.02 s
[  932/31251] Prism::NodeIdTest#"test_seattlerb/block_reg_optarg.txt" = 0.02 s
[  933/31251] Prism::NodeIdTest#"test_seattlerb/call_array_lambda_block_call.txt" = 0.02 s
[  934/31251] Prism::NodeIdTest#"test_seattlerb/block_call_operation_colon.txt" = 0.02 s
[  935/31251] Prism::NodeIdTest#"test_seattlerb/call_arg_kwsplat.txt" = 0.02 s
[  936/31251] Prism::NodeIdTest#"test_whitequark/or_asgn.txt" = 0.02 s
[  937/31251] Prism::NodeIdTest#"test_seattlerb/stabby_block_kw.txt" = 0.02 s
[  938/31251] Prism::NodeIdTest#"test_whitequark/op_asgn_index.txt" = 0.02 s
[  939/31251] Prism::NodeIdTest#"test_whitequark/string_interp.txt" = 0.02 s
[  940/31251] Prism::NodeIdTest#"test_seattlerb/lasgn_ivar_env.txt" = 0.02 s
[  941/31251] Prism::NodeIdTest#"test_seattlerb/case_in.txt" = 0.26 s
[  942/31251] Prism::NodeIdTest#"test_whitequark/ternary_ambiguous_symbol.txt" = 0.02 s
[  943/31251] Prism::NodeIdTest#"test_seattlerb/defn_no_kwargs.txt" = 0.02 s
[  944/31251] Prism::NodeIdTest#"test_seattlerb/case_in_42_2.txt" = 0.02 s
[  945/31251] Prism::NodeIdTest#"test_seattlerb/case_in_31.txt" = 0.02 s
[  946/31251] Prism::NodeIdTest#"test_seattlerb/heredoc_with_not_global_interpolation.txt" = 0.02 s
[  947/31251] Prism::NodeIdTest#"test_seattlerb/case_in_hash_pat_rest_solo.txt" = 0.02 s
[  948/31251] Prism::NodeIdTest#"test_whitequark/parser_bug_989.txt" = 0.02 s
[  949/31251] Prism::NodeIdTest#"test_whitequark/kwoptarg_with_kwrestarg_and_forwarded_args.txt" = 0
.02 s
[  950/31251] Prism::NodeIdTest#"test_seattlerb/expr_not_bang.txt" = 0.02 s
[  951/31251] Prism::NodeIdTest#"test_whitequark/cond_eflipflop_with_endless_range.txt" = 0.02 s
[  952/31251] Prism::NodeIdTest#"test_seattlerb/mlhs_front_splat.txt" = 0.02 s
[  953/31251] Prism::NodeIdTest#"test_unparser/corpus/semantic/def.txt" = 0.03 s
[  954/31251] Prism::NodeIdTest#"test_whitequark/if_elsif.txt" = 0.02 s
[  955/31251] Prism::NodeIdTest#"test_seattlerb/heredoc_squiggly_tabs_extra.txt" = 0.02 s
[  956/31251] Prism::NodeIdTest#"test_seattlerb/parse_line_evstr_after_break.txt" = 0.02 s
[  957/31251] Prism::NodeIdTest#"test_whitequark/lvar_injecting_match.txt" = 0.02 s
[  958/31251] Prism::NodeIdTest#"test_seattlerb/op_asgn_index_command_call.txt" = 0.02 s
[  959/31251] Prism::NodeIdTest#"test_seattlerb/pct_Q_backslash_nl.txt" = 0.02 s
[  960/31251] Prism::NodeIdTest#"test_seattlerb/if_symbol.txt" = 0.02 s
[  961/31251] Prism::NodeIdTest#"test_whitequark/newline_in_hash_argument.txt" = 0.04 s
[  962/31251] Prism::NodeIdTest#"test_seattlerb/defn_arg_forward_args.txt" = 0.02 s
[  963/31251] Prism::NodeIdTest#"test_break.txt" = 0.08 s
[  964/31251] Prism::NodeIdTest#"test_whitequark/args.txt" = 0.25 s
[  965/31251] Prism::NodeIdTest#"test_seattlerb/block_kw__required.txt" = 0.02 s
[  966/31251] Prism::NodeIdTest#"test_seattlerb/lasgn_call_nobracket_rescue_arg.txt" = 0.02 s
[  967/31251] Prism::NodeIdTest#"test_whitequark/resbody_var.txt" = 0.03 s
[  968/31251] Prism::NodeIdTest#"test_whitequark/while_mod.txt" = 0.02 s
[  969/31251] Prism::NodeIdTest#"test_seattlerb/bug_187.txt" = 0.02 s
[  970/31251] Prism::NodeIdTest#"test_seattlerb/ruby21_numbers.txt" = 0.02 s
[  971/31251] Prism::NodeIdTest#"test_whitequark/const_scoped.txt" = 0.02 s
[  972/31251] Prism::NodeIdTest#"test_range_beginless.txt" = 0.03 s
[  973/31251] Prism::NodeIdTest#"test_seattlerb/qsymbols.txt" = 0.02 s
[  974/31251] Prism::NodeIdTest#"test_whitequark/float.txt" = 0.02 s
[  975/31251] Prism::NodeIdTest#"test_whitequark/parser_bug_490.txt" = 0.14 s
[  976/31251] Prism::NodeIdTest#"test_seattlerb/required_kwarg_no_value.txt" = 0.02 s
[  977/31251] Prism::NodeIdTest#"test_command_method_call.txt" = 0.11 s
[  978/31251] Prism::NodeIdTest#"test_seattlerb/rescue_parens.txt" = 0.02 s
[  979/31251] Prism::NodeIdTest#"test_seattlerb/bug_args_masgn2.txt" = 0.02 s
[  980/31251] Prism::NodeIdTest#"test_seattlerb/difficult6_.txt" = 0.02 s
[  981/31251] Prism::NodeIdTest#"test_whitequark/ensure.txt" = 0.02 s
[  982/31251] Prism::NodeIdTest#"test_for.txt" = 0.04 s
[  983/31251] Prism::NodeIdTest#"test_whitequark/def.txt" = 0.02 s
[  984/31251] Prism::NodeIdTest#"test_whitequark/unless.txt" = 0.02 s
[  985/31251] Prism::NodeIdTest#"test_whitequark/bug_ascii_8bit_in_literal.txt" = 0.02 s
[  986/31251] Prism::NodeIdTest#"test_whitequark/ruby_bug_12402.txt" = 0.19 s
[  987/31251] Prism::NodeIdTest#"test_unparser/corpus/literal/empty.txt" = 0.01 s
[  988/31251] Prism::NodeIdTest#"test_seattlerb/lasgn_arg_rescue_arg.txt" = 0.02 s
[  989/31251] Prism::NodeIdTest#"test_seattlerb/alias_gvar_backref.txt" = 0.02 s
[  990/31251] Prism::NodeIdTest#"test_whitequark/bug_466.txt" = 0.02 s
[  991/31251] Prism::NodeIdTest#"test_seattlerb/lasgn_middle_splat.txt" = 0.02 s
[  992/31251] Prism::NodeIdTest#"test_seattlerb/difficult1_line_numbers2.txt" = 0.03 s
[  993/31251] Prism::NodeIdTest#"test_whitequark/regex_plain.txt" = 0.02 s
[  994/31251] Prism::NodeIdTest#"test_seattlerb/difficult3_2.txt" = 0.02 s
[  995/31251] Prism::NodeIdTest#"test_seattlerb/heredoc_squiggly_interp.txt" = 0.02 s
[  996/31251] Prism::NodeIdTest#"test_seattlerb/aref_args_assocs.txt" = 0.02 s
[  997/31251] Prism::NodeIdTest#"test_seattlerb/case_in_if_unless_post_mod.txt" = 0.03 s
[  998/31251] Prism::NodeIdTest#"test_seattlerb/case_in_multiple.txt" = 0.02 s
[  999/31251] Prism::NodeIdTest#"test_whitequark/cvasgn.txt" = 0.02 s
[ 1000/31251] Prism::NodeIdTest#"test_whitequark/send_lambda_args.txt" = 0.02 s
[ 1001/31251] Prism::NodeIdTest#"test_seattlerb/defn_unary_not.txt" = 0.02 s
[ 1002/31251] Prism::NodeIdTest#"test_seattlerb/case_in_hash_pat_rest.txt" = 0.03 s
[ 1003/31251] Prism::NodeIdTest#"test_unparser/corpus/literal/flipflop.txt" = 0.04 s
[ 1004/31251] Prism::NodeIdTest#"test_seattlerb/str_evstr.txt" = 0.02 s
[ 1005/31251] Prism::NodeIdTest#"test_seattlerb/case_in_const.txt" = 0.02 s
[ 1006/31251] Prism::NodeIdTest#"test_seattlerb/dstr_evstr_empty_end.txt" = 0.02 s
[ 1007/31251] Prism::NodeIdTest#"test_whitequark/bug_while_not_parens_do.txt" = 0.02 s
[ 1008/31251] Prism::NodeIdTest#"test_seattlerb/op_asgn_command_call.txt" = 0.02 s
[ 1009/31251] Prism::NodeIdTest#"test_seattlerb/block_arg_scope2.txt" = 0.02 s
[ 1010/31251] Prism::NodeIdTest#"test_seattlerb/iter_args_5.txt" = 0.02 s
[ 1011/31251] Prism::NodeIdTest#"test_whitequark/hash_kwsplat.txt" = 0.02 s
[ 1012/31251] Prism::NodeIdTest#"test_seattlerb/str_double_double_escaped_newline.txt" = 0.02 s
[ 1013/31251] Prism::NodeIdTest#"test_whitequark/numparam_outside_block.txt" = 0.03 s
[ 1014/31251] Prism::NodeIdTest#"test_seattlerb/attrasgn_primary_dot_constant.txt" = 0.02 s
[ 1015/31251] Prism::NodeIdTest#"test_regex.txt" = 0.08 s
[ 1016/31251] Prism::NodeIdTest#"test_whitequark/forwarded_argument_with_kwrestarg.txt" = 0.02 s
[ 1017/31251] Prism::NodeIdTest#"test_seattlerb/bang_eq.txt" = 0.02 s
[ 1018/31251] Prism::NodeIdTest#"test_seattlerb/heredoc_squiggly_no_indent.txt" = 0.02 s
[ 1019/31251] Prism::NodeIdTest#"test_whitequark/bug_452.txt" = 0.02 s
[ 1020/31251] Prism::NodeIdTest#"test_seattlerb/str_single_newline.txt" = 0.02 s
[ 1021/31251] Prism::NodeIdTest#"test_seattlerb/messy_op_asgn_lineno.txt" = 0.02 s
[ 1022/31251] TestFlip#test_input_line_number_range = 0.09 s
[ 1023/31251] TestFlip#test_flip_flop = 0.02 s
[ 1024/31251] TestFlip#test_shared_eval = 0.02 s
[ 1025/31251] TestFlip#test_shared_thread = 0.04 s
[ 1026/31251] TestFlip#test_hidden_key = 17.43 s
[ 1027/31251] URI::TestFTP#test_select = 0.07 s
[ 1028/31251] URI::TestFTP#test_assemble = 0.05 s
[ 1029/31251] URI::TestFTP#test_parse = 0.02 s
[ 1030/31251] URI::TestFTP#test_parse_invalid = 0.02 s
[ 1031/31251] URI::TestFTP#test_paths = 0.02 s
[ 1032/31251] TestSingleton#test_inheritance_works_with_overridden_inherited_method = 0.04 s
[ 1033/31251] TestSingleton#test_inheritance_creates_separate_singleton = 0.02 s
[ 1034/31251] TestSingleton#test_extending_singleton_raises_exception = 0.01 s
[ 1035/31251] TestSingleton#test_allocate_raises_exception = 0.01 s
[ 1036/31251] TestSingleton#test_include_in_module_raises_exception = 0.02 s
[ 1037/31251] TestSingleton#test_class_level_cloning_creates_separate_singleton = 0.02 s
[ 1038/31251] TestSingleton#test_class_level_cloning_preserves_singleton_behavior = 0.01 s
[ 1039/31251] TestSingleton#test_inheritance_instantiation = 0.01 s
[ 1040/31251] TestSingleton#test_marshal = 0.01 s
[ 1041/31251] TestSingleton#test_instance_never_changes = 0.01 s
[ 1042/31251] TestSingleton#test_clone_raises_exception = 0.01 s
[ 1043/31251] TestSingleton#test_initialize_raises_exception = 0.01 s
[ 1044/31251] TestSingleton#test_dup_raises_exception = 0.01 s
[ 1045/31251] TestFiberProcess#test_system_faulty_process_wait = 0.72 s
[ 1046/31251] TestFiberProcess#test_system = 0.65 s
[ 1047/31251] TestFiberProcess#test_process_wait = 0.63 s
[ 1048/31251] TestFiberProcess#test_fork = 11.98 s
[ 1049/31251] TestIRB::MultiIRBTest#test_jobs_command_with_print_deprecated_warning = 0.09 s
[ 1050/31251] TestIRB::MultiIRBTest#test_irb_jobs_and_kill_commands = 0.05 s
[ 1051/31251] TestIRB::MultiIRBTest#test_irb_fg_jobs_and_kill_commands = 0.05 s
[ 1052/31251] TestTRICK2015#test_ksk_2 = 2.66 s
[ 1053/31251] TestTRICK2015#test_eregon = 9.35 s
[ 1054/31251] TestTRICK2015#test_monae = 4.59 s
[ 1055/31251] TestTRICK2015#test_kinaba = 421.43 s
[ 1056/31251] TestTRICK2015#test_ksk_1 = 17.69 s
[ 1057/31251] TestDefined#test_defined_refined_vcall_without_using = 0.10 s
[ 1058/31251] TestDefined#test_top_level_constant_not_defined = 0.01 s
[ 1059/31251] TestDefined#test_defined_attrasgn = 0.01 s
[ 1060/31251] TestDefined#test_defined_splat = 0.02 s
[ 1061/31251] TestDefined#test_defined_undef = 0.02 s
[ 1062/31251] TestDefined#test_defined_impl_specific = 0.01 s
[ 1063/31251] TestDefined#test_defined_refined_vcall_with_using = 0.01 s
[ 1064/31251] TestDefined#test_defined_refined_call_with_using = 0.01 s
[ 1065/31251] TestDefined#test_defined_local_variable = 0.01 s
[ 1066/31251] TestDefined#test_respond_to = 0.04 s
[ 1067/31251] TestDefined#test_defined_empty_paren_expr = 0.07 s
[ 1068/31251] TestDefined#test_defined_method = 0.06 s
[ 1069/31251] TestDefined#test_super_in_block = 0.02 s
[ 1070/31251] TestDefined#test_defined_refined_call_without_using = 0.01 s
[ 1071/31251] TestDefined#test_defined_undefined_argument = 0.02 s
[ 1072/31251] TestDefined#test_defined_global_variable = 0.01 s
[ 1073/31251] TestDefined#test_defined_undefined_method = 0.01 s
[ 1074/31251] TestDefined#test_defined_assignment = 0.05 s
[ 1075/31251] TestDefined#test_defined_yield = 0.01 s
[ 1076/31251] TestDefined#test_defined_empty_paren_arg = 0.01 s
[ 1077/31251] TestDefined#test_defined_method_single_call = 0.03 s
[ 1078/31251] TestDefined#test_defined_protected_method = 0.01 s
[ 1079/31251] TestDefined#test_defined_operator = 0.01 s
[ 1080/31251] TestDefined#test_autoloaded_subclass = 0.01 s
[ 1081/31251] TestDefined#test_defined_public_method = 0.01 s
[ 1082/31251] TestDefined#test_super_in_included_method = 0.01 s
[ 1083/31251] TestDefined#test_defined_literal = 0.01 s
[ 1084/31251] TestDefined#test_super_in_basic_object = 0.01 s
[ 1085/31251] TestDefined#test_exception = 0.01 s
[ 1086/31251] TestDefined#test_defined_matchdata = 0.03 s
[ 1087/31251] TestDefined#test_super_toplevel = 11.96 s
[ 1088/31251] TestDefined#test_defined_constant = 0.01 s
[ 1089/31251] TestDefined#test_defined_private_method = 0.01 s
[ 1090/31251] TestDefined#test_defined_hash = 0.03 s
[ 1091/31251] TestDefined#test_define_method = 0.03 s
[ 1092/31251] TestDefined#test_method_by_respond_to_missing = 0.03 s
[ 1093/31251] TestDefined#test_autoloaded_noload = 0.22 s
[ 1094/31251] URI::TestWS#test_select = 0.06 s
[ 1095/31251] URI::TestWS#test_equal = 0.04 s
[ 1096/31251] URI::TestWS#test_request_uri = 0.04 s
[ 1097/31251] URI::TestWS#test_parse = 0.02 s
[ 1098/31251] URI::TestWS#test_normalize = 0.04 s
[ 1099/31251] URI::TestWS#test_build = 0.03 s
[ 1100/31251] TestFrozen#test_setting_ivar_on_frozen_obj = 0.03 s
[ 1101/31251] TestFrozen#test_setting_ivar_on_frozen_obj_with_ivars = 0.02 s
[ 1102/31251] TestFrozen#test_setting_ivar_on_frozen_string = 0.01 s
[ 1103/31251] TestFrozen#test_setting_ivar_on_frozen_string_with_ivars = 0.01 s
[ 1104/31251] TestOptionParser::WithPattern#test_raise_unknown = 0.20 s
[ 1105/31251] TestOptionParser::WithPattern#test_pattern = 0.06 s
[ 1106/31251] TestOptionParser::WithPattern#test_help_pager = 30.27 s
[ 1107/31251] TestOptionParser::WithPattern#test_require_exact = 0.54 s
[ 1108/31251] TestOptionParser::WithPattern#test_permute = 0.08 s
[ 1109/31251] TestOptionParser::WithPattern#test_exact_option = 0.49 s
[ 1110/31251] TestOptionParser::WithPattern#test_into = 0.17 s
[ 1111/31251] TestOptionParser::WithPattern#test_nonopt_pattern = 0.06 s
[ 1112/31251] TestOptionParser::WithPattern#test_regexp = 0.01 s
[ 1113/31251] TestOptionParser::WithPattern#test_order = 0.06 s
[ 1114/31251] TestGemResolverIndexSpecification#test_initialize = 0.88 s
[ 1115/31251] TestGemResolverIndexSpecification#test_spec = 1.45 s
[ 1116/31251] TestGemResolverIndexSpecification#test_initialize_platform = 0.82 s
[ 1117/31251] TestGemResolverIndexSpecification#test_install = 1.04 s
[ 1118/31251] TestGemResolverIndexSpecification#test_spec_local = 0.90 s
[ 1119/31251] RDocMarkupParserTest#test_parse_verbatim_multilevel = 0.36 s
[ 1120/31251] RDocMarkupParserTest#test_verbatim_normalize = 0.04 s
[ 1121/31251] RDocMarkupParserTest#test_tokenize_label_newline = 0.04 s
[ 1122/31251] RDocMarkupParserTest#test_parse_ualpha = 0.19 s
[ 1123/31251] RDocMarkupParserTest#test_unget = 0.05 s
[ 1124/31251] RDocMarkupParserTest#test_tokenize_rule_windows = 0.04 s
[ 1125/31251] RDocMarkupParserTest#test_parse_verbatim_number = 0.04 s
[ 1126/31251] RDocMarkupParserTest#test_tokenize_line_break_no_short = 0.04 s
[ 1127/31251] RDocMarkupParserTest#test_skip = 0.05 s
[ 1128/31251] RDocMarkupParserTest#test_parse_bullet_verbatim_heading = 0.13 s
[ 1129/31251] RDocMarkupParserTest#test_parse_list_list_2 = 0.10 s
[ 1130/31251] RDocMarkupParserTest#test_parse_verbatim = 0.05 s
[ 1131/31251] RDocMarkupParserTest#test_tokenize_note = 0.04 s
[ 1132/31251] RDocMarkupParserTest#test_tokenize_line_break_long = 0.04 s
[ 1133/31251] RDocMarkupParserTest#test_parse_label_newline = 0.05 s
[ 1134/31251] RDocMarkupParserTest#test_parse_verbatim_rule = 0.05 s
[ 1135/31251] RDocMarkupParserTest#test_parse_label_multi_line = 0.05 s
[ 1136/31251] RDocMarkupParserTest#test_parse_label_multi_label = 0.04 s
[ 1137/31251] RDocMarkupParserTest#test_parse_list_verbatim = 0.06 s
[ 1138/31251] RDocMarkupParserTest#test_tokenize_note_newline = 0.03 s
[ 1139/31251] RDocMarkupParserTest#test_parse_line_break = 0.04 s
[ 1140/31251] RDocMarkupParserTest#test_peek_token = 0.04 s
[ 1141/31251] RDocMarkupParserTest#test_parse_heading_number = 0.03 s
[ 1142/31251] RDocMarkupParserTest#test_parse_rule = 0.08 s
[ 1143/31251] RDocMarkupParserTest#test_tokenize_number = 0.04 s
[ 1144/31251] RDocMarkupParserTest#test_parse_lalpha = 0.05 s
[ 1145/31251] RDocMarkupParserTest#test_parse_paragraph = 0.04 s
[ 1146/31251] RDocMarkupParserTest#test_tokenize_note_empty = 0.04 s
[ 1147/31251] RDocMarkupParserTest#test_tokenize_verbatim_rule = 0.03 s
[ 1148/31251] RDocMarkupParserTest#test_tokenize_bullet = 0.03 s
[ 1149/31251] RDocMarkupParserTest#test_tokenize_number_period = 0.05 s
[ 1150/31251] RDocMarkupParserTest#test_build_heading = 0.03 s
[ 1151/31251] RDocMarkupParserTest#test_parse_lalpha_utf_8 = 0.07 s
[ 1152/31251] RDocMarkupParserTest#test_parse_paragraph_verbatim = 0.05 s
[ 1153/31251] RDocMarkupParserTest#test_parse_heading_bullet = 0.03 s
[ 1154/31251] RDocMarkupParserTest#test_parse_bullet_paragraph = 0.06 s
[ 1155/31251] RDocMarkupParserTest#test_parse_verbatim_heading2 = 0.05 s
[ 1156/31251] RDocMarkupParserTest#test_parse_verbatim_fold = 0.06 s
[ 1157/31251] RDocMarkupParserTest#test_tokenize_note_utf_8 = 0.05 s
[ 1158/31251] RDocMarkupParserTest#test_tokenize_heading_no_space = 0.04 s
[ 1159/31251] RDocMarkupParserTest#test_parse_verbatim_label = 0.04 s
[ 1160/31251] RDocMarkupParserTest#test_get = 0.04 s
[ 1161/31251] RDocMarkupParserTest#test_parse_bullet_indent = 0.06 s
[ 1162/31251] RDocMarkupParserTest#test_parse_whitespace = 0.17 s
[ 1163/31251] RDocMarkupParserTest#test_tokenize_bullet_indent = 0.04 s
[ 1164/31251] RDocMarkupParserTest#test_parse_verbatim_bullet = 0.04 s
[ 1165/31251] RDocMarkupParserTest#test_parse_verbatim_multiline = 0.05 s
[ 1166/31251] RDocMarkupParserTest#test_tokenize_number_period_continue = 0.06 s
[ 1167/31251] RDocMarkupParserTest#test_parse_note_note = 0.04 s
[ 1168/31251] RDocMarkupParserTest#test_parse_verbatim_markup_example = 0.05 s
[ 1169/31251] RDocMarkupParserTest#test_tokenize_heading_heading = 0.03 s
[ 1170/31251] RDocMarkupParserTest#test_parse_bullet_utf_8 = 0.04 s
[ 1171/31251] RDocMarkupParserTest#test_parse_verbatim_trim = 0.06 s
[ 1172/31251] RDocMarkupParserTest#test_tokenize_verbatim_rule_fancy = 0.04 s
[ 1173/31251] RDocMarkupParserTest#test_parse_verbatim_merge = 0.06 s
[ 1174/31251] RDocMarkupParserTest#test_tokenize_heading_empty = 0.04 s
[ 1175/31251] RDocMarkupParserTest#test_parse_bullet = 0.05 s
[ 1176/31251] RDocMarkupParserTest#test_parse_lalpha_ualpha = 0.08 s
[ 1177/31251] RDocMarkupParserTest#test_tokenize_label_newline_windows = 0.04 s
[ 1178/31251] RDocMarkupParserTest#test_parse_label = 0.05 s
[ 1179/31251] RDocMarkupParserTest#test_tokenize_heading = 0.04 s
[ 1180/31251] RDocMarkupParserTest#test_tokenize_note_newline_windows = 0.03 s
[ 1181/31251] RDocMarkupParserTest#test_parse_block_quote = 0.10 s
[ 1182/31251] RDocMarkupParserTest#test_tokenize_label_note = 0.03 s
[ 1183/31251] RDocMarkupParserTest#test_tokenize_label = 0.04 s
[ 1184/31251] RDocMarkupParserTest#test_parse_heading_empty = 0.04 s
[ 1185/31251] RDocMarkupParserTest#test_parse_heading_lalpha = 0.03 s
[ 1186/31251] RDocMarkupParserTest#test_parse_heading_label = 0.03 s
[ 1187/31251] RDocMarkupParserTest#test_parse_lists = 0.09 s
[ 1188/31251] RDocMarkupParserTest#test_tokenize_rule = 0.04 s
[ 1189/31251] RDocMarkupParserTest#test_parse_label_bullet = 0.06 s
[ 1190/31251] RDocMarkupParserTest#test_parse_verbatim_heading = 0.04 s
[ 1191/31251] RDocMarkupParserTest#test_parse_heading_heading = 0.03 s
[ 1192/31251] RDocMarkupParserTest#test_parse_bullet_indent_verbatim = 0.08 s
[ 1193/31251] RDocMarkupParserTest#test_parse_paragraph_multiline = 0.04 s
[ 1194/31251] RDocMarkupParserTest#test_parse_number_bullet = 0.07 s
[ 1195/31251] RDocMarkupParserTest#test_parse_trailing_cr = 0.03 s
[ 1196/31251] RDocMarkupParserTest#test_parse_verbatim_ualpha = 0.04 s
[ 1197/31251] RDocMarkupParserTest#test_parse_bullet_multiline = 0.05 s
[ 1198/31251] RDocMarkupParserTest#test_parse_bullet_multiparagraph = 0.05 s
[ 1199/31251] RDocMarkupParserTest#test_tokenize_note_not = 0.03 s
[ 1200/31251] RDocMarkupParserTest#test_tokenize_lalpha = 0.04 s
[ 1201/31251] RDocMarkupParserTest#test_parse_dash = 0.05 s
[ 1202/31251] RDocMarkupParserTest#test_parse_verbatim_lalpha = 0.04 s
[ 1203/31251] RDocMarkupParserTest#test_parse_bullet_heading = 0.04 s
[ 1204/31251] RDocMarkupParserTest#test_parse_heading_three = 0.03 s
[ 1205/31251] RDocMarkupParserTest#test_parse_note_empty = 0.04 s
[ 1206/31251] RDocMarkupParserTest#test_tokenize_verbatim_heading = 0.04 s
[ 1207/31251] RDocMarkupParserTest#test_tokenize_ualpha = 0.04 s
[ 1208/31251] RDocMarkupParserTest#test_parse_verbatim_merge2 = 0.06 s
[ 1209/31251] RDocMarkupParserTest#test_parse_note = 0.05 s
[ 1210/31251] RDocMarkupParserTest#test_parse_heading_note = 0.03 s
[ 1211/31251] RDocMarkupParserTest#test_parse_verbatim_dash = 0.04 s
[ 1212/31251] RDocMarkupParserTest#test_parse_heading_ualpha = 0.03 s
[ 1213/31251] RDocMarkupParserTest#test_tokenize_paragraphs = 0.04 s
[ 1214/31251] RDocMarkupParserTest#test_tokenize_line_break = 0.04 s
[ 1215/31251] RDocMarkupParserTest#test_parse_list_list_1 = 0.07 s
[ 1216/31251] RDocMarkupParserTest#test_parse_verbatim_rule2 = 0.04 s
[ 1217/31251] RDocMarkupParserTest#test_parse_heading = 0.03 s
[ 1218/31251] RDocMarkupParserTest#test_parse_verbatim_note = 0.04 s
[ 1219/31251] RDocRdTest#test_class_parse = 3.83 s
[ 1220/31251] RDocRdTest#test_class_parse_newline = 0.07 s
[ 1221/31251] RDocRdTest#test_class_parse_begin_end = 0.07 s
[ 1222/31251] TestEmojiBreaks#test_data_files_available = 0.05 s
[ 1223/31251] TestTRICK2013#test_yhara = 2.75 s
[ 1224/31251] TestTRICK2013#test_shinh = 2.55 s
[ 1225/31251] TestTRICK2013#test_mame = 440.55 s
[ 1226/31251] TestTRICK2013#test_kinaba = 2.65 s
[ 1227/31251] JSONCommonInterfaceTest#test_load_file_with_bad_default_external_encoding = 0.08 s
[ 1228/31251] JSONCommonInterfaceTest#test_load_file! = 0.04 s
[ 1229/31251] JSONCommonInterfaceTest#test_load = 0.09 s
[ 1230/31251] JSONCommonInterfaceTest#test_load_file = 0.03 s
[ 1231/31251] JSONCommonInterfaceTest#test_fast_generate = 0.01 s
[ 1232/31251] JSONCommonInterfaceTest#test_index = 0.03 s
[ 1233/31251] JSONCommonInterfaceTest#test_generator = 0.01 s
[ 1234/31251] JSONCommonInterfaceTest#test_state = 0.01 s
[ 1235/31251] JSONCommonInterfaceTest#test_load_with_proc = 0.02 s
[ 1236/31251] JSONCommonInterfaceTest#test_pretty_generate = 0.02 s
[ 1237/31251] JSONCommonInterfaceTest#test_create_id = 0.01 s
[ 1238/31251] JSONCommonInterfaceTest#test_dump_in_io = 2.91 s
[ 1239/31251] JSONCommonInterfaceTest#test_parser = 0.01 s
[ 1240/31251] JSONCommonInterfaceTest#test_load_file_with_option = 0.03 s
[ 1241/31251] JSONCommonInterfaceTest#test_generate = 0.01 s
[ 1242/31251] JSONCommonInterfaceTest#test_dump = 0.31 s
[ 1243/31251] JSONCommonInterfaceTest#test_JSON = 0.02 s
[ 1244/31251] JSONCommonInterfaceTest#test_parse = 0.01 s
[ 1245/31251] JSONCommonInterfaceTest#test_deep_const_get = 0.02 s
[ 1246/31251] JSONCommonInterfaceTest#test_load_null = 0.02 s
[ 1247/31251] JSONCommonInterfaceTest#test_load_file_with_option! = 0.03 s
[ 1248/31251] JSONCommonInterfaceTest#test_parse_bang = 0.01 s
[ 1249/31251] JSONCommonInterfaceTest#test_load_with_options = 0.01 s
[ 1250/31251] JSONCommonInterfaceTest#test_dump_should_modify_defaults = 0.01 s
[ 1251/31251] Test_StrSetLen#test_shared = 0.14 s
[ 1252/31251] Test_StrSetLen#test_coderange_after_trunc = 0.03 s
[ 1253/31251] Test_StrSetLen#test_coderange_after_append = 0.02 s
[ 1254/31251] Test_StrSetLen#test_valid_encoding_after_resized = 0.02 s
[ 1255/31251] Test_StrSetLen#test_non_shared = 0.02 s
[ 1256/31251] Test_StrSetLen#test_capacity_equals_to_new_size = 0.02 s
[ 1257/31251] TestZlib#test_adler32_combine = 0.02 s
[ 1258/31251] TestZlib#test_version = 0.01 s
[ 1259/31251] TestZlib#test_gunzip_encoding = 0.01 s
[ 1260/31251] TestZlib#test_inflate = 0.02 s
[ 1261/31251] TestZlib#test_gunzip = 0.04 s
[ 1262/31251] TestZlib#test_crc32_combine = 0.01 s
[ 1263/31251] TestZlib#test_deflate_stream = 0.05 s
[ 1264/31251] TestZlib#test_adler32 = 0.06 s
[ 1265/31251] TestZlib#test_crc32 = 0.06 s
[ 1266/31251] TestZlib#test_deflate = 0.03 s
[ 1267/31251] TestZlib#test_crc_table = 0.21 s
[ 1268/31251] TestZlib#test_gzip = 0.05 s
[ 1269/31251] TestIRB::ContextWithTracerIntegrationTest#test_use_tracer_enabled_when_gem_is_unavaila
ble = 0.05 s
[ 1270/31251] TestIRB::ContextWithTracerIntegrationTest#test_use_tracer_enabled_when_gem_is_availabl
e = 0.04 s
[ 1271/31251] TestIRB::ContextWithTracerIntegrationTest#test_use_tracer_is_disabled_by_default = 0.0
4 s
[ 1272/31251] Bug::StTable::Test_Update#test_pass_objects_in_st_table = 0.02 s
[ 1273/31251] Bug::StTable::Test_Update#test_delete = 0.01 s
[ 1274/31251] Bug::StTable::Test_Update#test_update = 0.01 s
[ 1275/31251] Bug::StTable::Test_Update#test_continue = 0.01 s
[ 1276/31251] Bug::StTable::Test_Update#test_notfound = 0.01 s
[ 1277/31251] TestCP949#test_mbc_case_fold = 0.02 s
[ 1278/31251] TestCP949#test_mbc_enc_len = 0.01 s
[ 1279/31251] TestCP949#test_left_adjust_char_head = 0.01 s
[ 1280/31251] TestCP949#test_code_to_mbc = 0.01 s
[ 1281/31251] TestCP949#test_mbc_to_code = 0.01 s
[ 1282/31251] TestCase#test_method_missing = 0.02 s
[ 1283/31251] TestCase#test_deoptimization = 5.98 s
[ 1284/31251] TestCase#test_optimization = 0.02 s
[ 1285/31251] TestCase#test_nomethoderror = 0.02 s
[ 1286/31251] TestCase#test_case = 0.04 s
[ 1287/31251] TestCase#test_deoptimize_nil = 0.01 s
[ 1288/31251] OpenSSL::TestCipher#test_key_iv_set = 0.05 s
[ 1289/31251] OpenSSL::TestCipher#test_ctr_if_exists = 0.03 s
[ 1290/31251] OpenSSL::TestCipher#test_update_with_buffer = 0.06 s
[ 1291/31251] OpenSSL::TestCipher#test_authenticated = 0.02 s
[ 1292/31251] OpenSSL::TestCipher#test_aes_ocb_tag_len = 0.04 s
[ 1293/31251] OpenSSL::TestCipher#test_aes_gcm_variable_iv_len = 0.03 s
[ 1294/31251] OpenSSL::TestCipher#test_info = 0.01 s
[ 1295/31251] OpenSSL::TestCipher#test_random_key_iv = 0.02 s
[ 1296/31251] OpenSSL::TestCipher#test_aes_keywrap_pad = 0.02 s
[ 1297/31251] OpenSSL::TestCipher#test_initialize = 0.02 s
[ 1298/31251] OpenSSL::TestCipher#test_reset = 0.01 s
[ 1299/31251] OpenSSL::TestCipher#test_non_aead_cipher_set_auth_data = 0.02 s
[ 1300/31251] OpenSSL::TestCipher#test_update_raise_if_key_not_set = 0.01 s
[ 1301/31251] OpenSSL::TestCipher#test_AES = 3.83 s
[ 1302/31251] OpenSSL::TestCipher#test_aes_ccm = 0.06 s
[ 1303/31251] OpenSSL::TestCipher#test_aes_gcm = 0.05 s
[ 1304/31251] OpenSSL::TestCipher#test_dup = 0.02 s
[ 1305/31251] OpenSSL::TestCipher#test_aes_gcm_key_iv_order_issue = 0.01 s
[ 1306/31251] OpenSSL::TestCipher#test_pkcs5_keyivgen = 3.21 s
[ 1307/31251] OpenSSL::TestCipher#test_encrypt_decrypt = 0.02 s
[ 1308/31251] OpenSSL::TestCipher#test_ciphers = 0.02 s
[ 1309/31251] OpenSSL::TestCipher#test_crypt_after_key = 0.04 s
[ 1310/31251] TestLazyEnumerator#test_flat_map_nested = 0.03 s
[ 1311/31251] TestLazyEnumerator#test_each_line = 0.12 s
[ 1312/31251] TestLazyEnumerator#test_reject = 0.02 s
[ 1313/31251] TestLazyEnumerator#test_zip_with_block = 0.03 s
[ 1314/31251] TestLazyEnumerator#test_flat_map_take = 0.02 s
[ 1315/31251] TestLazyEnumerator#test_zip_nonsingle = 0.03 s
[ 1316/31251] TestLazyEnumerator#test_size = 0.08 s
[ 1317/31251] TestLazyEnumerator#test_symbol_chain = 0.02 s
[ 1318/31251] TestLazyEnumerator#test_each_cons_limit = 0.02 s
[ 1319/31251] TestLazyEnumerator#test_flat_map_to_ary = 0.02 s
[ 1320/31251] TestLazyEnumerator#test_select = 0.02 s
[ 1321/31251] TestLazyEnumerator#test_take = 0.02 s
[ 1322/31251] TestLazyEnumerator#test_take_rewound = 0.02 s
[ 1323/31251] TestLazyEnumerator#test_take_recycle = 0.02 s
[ 1324/31251] TestLazyEnumerator#test_zip_efficient_on_array_args = 0.01 s
[ 1325/31251] TestLazyEnumerator#test_take_bad_arg = 0.01 s
[ 1326/31251] TestLazyEnumerator#test_laziness_conservation = 0.03 s
[ 1327/31251] TestLazyEnumerator#test_drop_while_nested = 0.03 s
[ 1328/31251] TestLazyEnumerator#test_map = 0.02 s
[ 1329/31251] TestLazyEnumerator#test_zip_without_arg = 0.02 s
[ 1330/31251] TestLazyEnumerator#test_take_0_bug_18971 = 0.07 s
[ 1331/31251] TestLazyEnumerator#test_map_zip = 82.78 s
[ 1332/31251] TestLazyEnumerator#test_zip_nested = 0.06 s
[ 1333/31251] TestLazyEnumerator#test_zip_bad_arg = 0.02 s
[ 1334/31251] TestLazyEnumerator#test_grep_v_with_block = 0.02 s
[ 1335/31251] TestLazyEnumerator#test_lazy_eager = 0.02 s
[ 1336/31251] TestLazyEnumerator#test_cycle_chain = 0.03 s
[ 1337/31251] TestLazyEnumerator#test_cycle_with_block = 0.02 s
[ 1338/31251] TestLazyEnumerator#test_flat_map = 0.02 s
[ 1339/31251] TestLazyEnumerator#test_take_nested = 0.03 s
[ 1340/31251] TestLazyEnumerator#test_grep_v_multiple_values = 0.03 s
[ 1341/31251] TestLazyEnumerator#test_each_args = 0.01 s
[ 1342/31251] TestLazyEnumerator#test_require_block = 0.03 s
[ 1343/31251] TestLazyEnumerator#test_reject_multiple_values = 0.02 s
[ 1344/31251] TestLazyEnumerator#test_flat_map_non_array = 0.02 s
[ 1345/31251] TestLazyEnumerator#test_initialize = 0.03 s
[ 1346/31251] TestLazyEnumerator#test_lazy_to_enum = 0.02 s
[ 1347/31251] TestLazyEnumerator#test_force = 0.02 s
[ 1348/31251] TestLazyEnumerator#test_filter_map = 0.02 s
[ 1349/31251] TestLazyEnumerator#test_no_warnings = 0.05 s
[ 1350/31251] TestLazyEnumerator#test_drop_and_take = 0.02 s
[ 1351/31251] TestLazyEnumerator#test_with_index = 0.54 s
[ 1352/31251] TestLazyEnumerator#test_drop = 0.02 s
[ 1353/31251] TestLazyEnumerator#test_each_slice_limit = 0.01 s
[ 1354/31251] TestLazyEnumerator#test_inspect = 0.06 s
[ 1355/31251] TestLazyEnumerator#test_lazy_zip_map_yield_arity_bug_20623 = 0.02 s
[ 1356/31251] TestLazyEnumerator#test_zip_map_lambda_bug_19569 = 0.01 s
[ 1357/31251] TestLazyEnumerator#test_zip_lazy_on_args = 0.02 s
[ 1358/31251] TestLazyEnumerator#test_grep_with_block = 0.02 s
[ 1359/31251] TestLazyEnumerator#test_uniq = 0.02 s
[ 1360/31251] TestLazyEnumerator#test_flat_map_hash = 0.02 s
[ 1361/31251] TestLazyEnumerator#test_take_while = 0.02 s
[ 1362/31251] TestLazyEnumerator#test_map_packed_nested = 0.02 s
[ 1363/31251] TestLazyEnumerator#test_grep_multiple_values = 0.03 s
[ 1364/31251] TestLazyEnumerator#test_with_index_size = 0.01 s
[ 1365/31251] TestLazyEnumerator#test_drop_nested = 0.04 s
[ 1366/31251] TestLazyEnumerator#test_grep_v = 0.03 s
[ 1367/31251] TestLazyEnumerator#test_lazy_to_enum_lazy_methods = 3.75 s
[ 1368/31251] TestLazyEnumerator#test_cycle = 0.02 s
[ 1369/31251] TestLazyEnumerator#test_drop_while = 0.02 s
[ 1370/31251] TestLazyEnumerator#test_select_multiple_values = 0.02 s
[ 1371/31251] TestLazyEnumerator#test_zip = 0.02 s
[ 1372/31251] TestLazyEnumerator#test_zip_short_arg = 0.03 s
[ 1373/31251] TestLazyEnumerator#test_grep = 0.03 s
[ 1374/31251] TestCaseFold#"test_get_case_fold_codes_by_str_ISO-8859-15" = 0.06 s
[ 1375/31251] TestCaseFold#"test_get_case_fold_codes_by_str_ISO-8859-11" = 0.01 s
[ 1376/31251] TestCaseFold#"test_apply_all_case_fold_ISO-8859-9" = 0.01 s
[ 1377/31251] TestCaseFold#"test_get_case_fold_codes_by_str_ISO-8859-13" = 0.01 s
[ 1378/31251] TestCaseFold#"test_apply_all_case_fold_ISO-8859-5" = 0.01 s
[ 1379/31251] TestCaseFold#"test_apply_all_case_fold_ISO-8859-3" = 0.01 s
[ 1380/31251] TestCaseFold#"test_mbc_case_fold_koi8-u" = 0.01 s
[ 1381/31251] TestCaseFold#"test_get_case_fold_codes_by_str_koi8-r" = 0.01 s
[ 1382/31251] TestCaseFold#"test_apply_all_case_fold_ISO-8859-1" = 0.01 s
[ 1383/31251] TestCaseFold#"test_apply_all_case_fold_ISO-8859-15" = 0.01 s
[ 1384/31251] TestCaseFold#"test_mbc_case_fold_ISO-8859-13" = 0.01 s
[ 1385/31251] TestCaseFold#"test_mbc_case_fold_ISO-8859-11" = 0.01 s
[ 1386/31251] TestCaseFold#"test_apply_all_case_fold_ISO-8859-11" = 0.01 s
[ 1387/31251] TestCaseFold#"test_get_case_fold_codes_by_str_ISO-8859-9" = 0.01 s
[ 1388/31251] TestCaseFold#"test_apply_all_case_fold_ISO-8859-13" = 0.01 s
[ 1389/31251] TestCaseFold#"test_mbc_case_fold_ISO-8859-15" = 0.01 s
[ 1390/31251] TestCaseFold#"test_get_case_fold_codes_by_str_ISO-8859-5" = 0.01 s
[ 1391/31251] TestCaseFold#"test_get_case_fold_codes_by_str_ISO-8859-1" = 0.01 s
[ 1392/31251] TestCaseFold#"test_get_case_fold_codes_by_str_ISO-8859-3" = 0.01 s
[ 1393/31251] TestCaseFold#test_downcase_fold = 0.01 s
[ 1394/31251] TestCaseFold#"test_apply_all_case_fold_koi8-r" = 0.01 s
[ 1395/31251] TestCaseFold#"test_mbc_case_fold_ISO-8859-5" = 0.01 s
[ 1396/31251] TestCaseFold#"test_mbc_case_fold_ISO-8859-3" = 0.01 s
[ 1397/31251] TestCaseFold#"test_mbc_case_fold_ISO-8859-1" = 0.01 s
[ 1398/31251] TestCaseFold#"test_mbc_case_fold_Windows-1252" = 0.01 s
[ 1399/31251] TestCaseFold#"test_mbc_case_fold_Windows-1250" = 0.01 s
[ 1400/31251] TestCaseFold#"test_mbc_case_fold_US-ASCII" = 0.01 s
[ 1401/31251] TestCaseFold#"test_mbc_case_fold_ISO-8859-9" = 0.01 s
[ 1402/31251] TestCaseFold#"test_get_case_fold_codes_by_str_Windows-1250" = 0.01 s
[ 1403/31251] TestCaseFold#"test_get_case_fold_codes_by_str_Windows-1252" = 0.01 s
[ 1404/31251] TestCaseFold#"test_apply_all_case_fold_koi8-u" = 0.01 s
[ 1405/31251] TestCaseFold#"test_mbc_case_fold_ISO-8859-2" = 0.01 s
[ 1406/31251] TestCaseFold#"test_mbc_case_fold_ISO-8859-4" = 0.01 s
[ 1407/31251] TestCaseFold#"test_get_case_fold_codes_by_str_US-ASCII" = 0.01 s
[ 1408/31251] TestCaseFold#"test_mbc_case_fold_ISO-8859-6" = 0.01 s
[ 1409/31251] TestCaseFold#"test_mbc_case_fold_ISO-8859-8" = 0.01 s
[ 1410/31251] TestCaseFold#"test_apply_all_case_fold_US-ASCII" = 0.01 s
[ 1411/31251] TestCaseFold#"test_mbc_case_fold_ISO-8859-14" = 0.01 s
[ 1412/31251] TestCaseFold#"test_mbc_case_fold_ISO-8859-16" = 0.01 s
[ 1413/31251] TestCaseFold#"test_get_case_fold_codes_by_str_ISO-8859-8" = 0.01 s
[ 1414/31251] TestCaseFold#"test_apply_all_case_fold_ISO-8859-10" = 0.01 s
[ 1415/31251] TestCaseFold#"test_mbc_case_fold_ISO-8859-10" = 0.01 s
[ 1416/31251] TestCaseFold#"test_apply_all_case_fold_ISO-8859-16" = 0.01 s
[ 1417/31251] TestCaseFold#"test_apply_all_case_fold_ISO-8859-14" = 0.01 s
[ 1418/31251] TestCaseFold#"test_get_case_fold_codes_by_str_ISO-8859-2" = 0.01 s
[ 1419/31251] TestCaseFold#"test_get_case_fold_codes_by_str_ISO-8859-6" = 0.01 s
[ 1420/31251] TestCaseFold#"test_apply_all_case_fold_Windows-1252" = 0.01 s
[ 1421/31251] TestCaseFold#"test_get_case_fold_codes_by_str_ISO-8859-4" = 0.01 s
[ 1422/31251] TestCaseFold#"test_apply_all_case_fold_Windows-1250" = 0.01 s
[ 1423/31251] TestCaseFold#"test_apply_all_case_fold_ISO-8859-8" = 0.01 s
[ 1424/31251] TestCaseFold#"test_get_case_fold_codes_by_str_ISO-8859-10" = 0.01 s
[ 1425/31251] TestCaseFold#"test_get_case_fold_codes_by_str_ISO-8859-16" = 0.01 s
[ 1426/31251] TestCaseFold#"test_get_case_fold_codes_by_str_ISO-8859-14" = 0.01 s
[ 1427/31251] TestCaseFold#"test_apply_all_case_fold_ISO-8859-2" = 0.01 s
[ 1428/31251] TestCaseFold#"test_apply_all_case_fold_ISO-8859-4" = 0.01 s
[ 1429/31251] TestCaseFold#"test_apply_all_case_fold_ISO-8859-6" = 0.01 s
[ 1430/31251] TestCaseFold#"test_get_case_fold_codes_by_str_koi8-u" = 0.01 s
[ 1431/31251] TestCaseFold#"test_mbc_case_fold_koi8-r" = 0.01 s
[ 1432/31251] TestGemInstaller#test_install_creates_binstub_that_understand_version = 1.06 s
[ 1433/31251] TestGemInstaller#test_generate_bin_bindir = 1.05 s
[ 1434/31251] TestGemInstaller#test_check_executable_overwrite_other_gem_force = 1.06 s
[ 1435/31251] TestGemInstaller#test_keeps_plugins_up_to_date = 1.07 s
[ 1436/31251] TestGemInstaller#test_installation_satisfies_dependency_eh_development = 1.04 s
[ 1437/31251] TestGemInstaller#test_check_that_user_bin_dir_is_in_path_tilde = 1.05 s
[ 1438/31251] TestGemInstaller#test_install_pre_install_false = 0.96 s
[ 1439/31251] TestGemInstaller#test_pre_install_checks_malicious_platform_before_eval = 1.09 s
[ 1440/31251] TestGemInstaller#test_check_executable_overwrite_format_executable = 1.06 s
[ 1441/31251] TestGemInstaller#test_dir = 1.05 s
[ 1442/31251] TestGemInstaller#test_check_that_user_bin_dir_is_in_path = 1.04 s
[ 1443/31251] TestGemInstaller#test_install_with_no_prior_files = 1.05 s
[ 1444/31251] TestGemInstaller#test_generate_bin_script_no_execs = 1.06 s
[ 1445/31251] TestGemInstaller#test_generate_bin_script_no_shebang = 1.06 s
[ 1446/31251] TestGemInstaller#test_pre_install_checks_malicious_extensions_before_eval = 0.97 s
[ 1447/31251] TestGemInstaller#test_shebang_custom_with_expands = 1.05 s
[ 1448/31251] TestGemInstaller#test_generate_bin_script_no_perms = 1.08 s
[ 1449/31251] TestGemInstaller#test_install_does_not_leave_lockfile_for_binstub = 1.08 s
[ 1450/31251] TestGemInstaller#test_install_with_skipped_message = 0.99 s
[ 1451/31251] TestGemInstaller#test_generate_plugins = 1.05 s
[ 1452/31251] TestGemInstaller#test_default_gem_with_wrappers = 1.05 s
[ 1453/31251] TestGemInstaller#test_generate_bin_script_install_dir = 1.05 s
[ 1454/31251] TestGemInstaller#test_installation_satisfies_dependency_eh = 1.06 s
[ 1455/31251] TestGemInstaller#test_install_build_root = 1.04 s
[ 1456/31251] TestGemInstaller#test_shebang_arguments = 1.05 s
[ 1457/31251] TestGemInstaller#test_generate_bin_symlink_win32 = 1.06 s
[ 1458/31251] TestGemInstaller#test_generate_bin_symlink_update_newer = 1.06 s
[ 1459/31251] TestGemInstaller#test_generate_bin_symlink_update_remove_wrapper = 1.06 s
[ 1460/31251] TestGemInstaller#test_shebang_version_env = 1.06 s
[ 1461/31251] TestGemInstaller#test_generate_bin_script = 1.05 s
[ 1462/31251] TestGemInstaller#test_default_gem_with_exe_as_bindir = 1.05 s
[ 1463/31251] TestGemInstaller#test_install_creates_binstub_that_dont_trust_encoding = 1.07 s
[ 1464/31251] TestGemInstaller#test_shebang_custom = 1.05 s
[ 1465/31251] TestGemInstaller#test_extract_files = 1.05 s
[ 1466/31251] TestGemInstaller#test_find_lib_file_after_install = 1.03 s
[ 1467/31251] TestGemInstaller#test_install_with_message = 1.00 s
[ 1468/31251] TestGemInstaller#test_leaves_no_empty_cached_spec_when_no_more_disk_space = 0.87 s
[ 1469/31251] TestGemInstaller#test_install_creates_binstub_that_prefers_user_installed_gem_to_defau
lt = 1.91 s
[ 1470/31251] TestGemInstaller#test_install_extension_and_script = 1.04 s
[ 1471/31251] TestGemInstaller#test_shebang_version_arguments_with_load_relative = 1.05 s
[ 1472/31251] TestGemInstaller#test_shebang_version_arguments = 1.05 s
[ 1473/31251] TestGemInstaller#test_install_pre_install_nil = 1.05 s
[ 1474/31251] TestGemInstaller#test_install_user_extension_dir = 1.02 s
[ 1475/31251] TestGemInstaller#test_shebang_empty = 1.04 s
[ 1476/31251] TestGemInstaller#test_pre_install_checks_malicious_name_before_eval = 0.97 s
[ 1477/31251] TestGemInstaller#test_generate_bin_uses_default_shebang = 1.06 s
[ 1478/31251] TestGemInstaller#test_shebang_nested_arguments = 1.05 s
[ 1479/31251] TestGemInstaller#test_write_build_info_file_install_dir = 1.06 s
[ 1480/31251] TestGemInstaller#test_pre_install_checks_dependencies_ignore = 1.06 s
[ 1481/31251] TestGemInstaller#test_shebang_env_shebang = 1.07 s
[ 1482/31251] TestGemInstaller#test_generate_bin_symlink_update_older = 1.06 s
[ 1483/31251] TestGemInstaller#test_install_extension_flat = 1.03 s
[ 1484/31251] TestGemInstaller#test_default_gem_without_wrappers = 1.06 s
[ 1485/31251] TestGemInstaller#test_pre_install_checks_dependencies_install_dir = 1.06 s
[ 1486/31251] TestGemInstaller#test_shebang_version_env_arguments = 1.06 s
[ 1487/31251] TestGemInstaller#test_process_options_does_not_fallback_to_user_install_when_gem_home_
not_writable_and_no_user_install = 0.64 s
[ 1488/31251] TestGemInstaller#test_pre_install_checks_malicious_dependencies_before_eval = 0.88 s
[ 1489/31251] TestGemInstaller#test_generate_bin_script_wrappers = 1.05 s
[ 1490/31251] TestGemInstaller#test_pre_install_checks_malicious_require_paths_before_eval = 0.96 s
[ 1491/31251] TestGemInstaller#test_initialize = 0.97 s
[ 1492/31251] TestGemInstaller#test_initialize_user_install = 1.06 s
[ 1493/31251] TestGemInstaller#test_generate_plugins_with_build_root = 1.11 s
[ 1494/31251] TestGemInstaller#test_generate_bin_symlink = 1.16 s
[ 1495/31251] TestGemInstaller#test_install_extension_clean_intermediate_files = 1.02 s
[ 1496/31251] TestGemInstaller#test_write_cache_file = 1.04 s
[ 1497/31251] TestGemInstaller#test_generate_bin_with_dangling_symlink = 0.90 s
[ 1498/31251] TestGemInstaller#test_install_post_build_nil = 1.04 s
[ 1499/31251] TestGemInstaller#test_ensure_loadable_spec_security_policy = 1.03 s
[ 1500/31251] TestGemInstaller#test_unpack = 1.07 s
[ 1501/31251] TestGemInstaller#test_generate_plugins_with_install_dir = 1.05 s
[ 1502/31251] TestGemInstaller#test_shebang_arguments_with_load_relative = 1.05 s
[ 1503/31251] TestGemInstaller#test_shebang_env_arguments_with_load_relative = 1.05 s
[ 1504/31251] TestGemInstaller#test_check_executable_overwrite = 1.05 s
[ 1505/31251] TestGemInstaller#test_process_options = 1.04 s
[ 1506/31251] TestGemInstaller#test_install_missing_dirs = 1.04 s
[ 1507/31251] TestGemInstaller#test_write_build_info_file_empty = 1.07 s
[ 1508/31251] TestGemInstaller#test_process_options_build_root = 1.05 s
[ 1509/31251] TestGemInstaller#test_install_build_root_when_gem_home_not_writable_does_not_fallback_
to_user_install_inside_build_root = 1.06 s
[ 1510/31251] TestGemInstaller#test_check_executable_overwrite_other_non_gem = 1.05 s
[ 1511/31251] TestGemInstaller#test_shebang_version = 1.65 s
[ 1512/31251] TestGemInstaller#test_check_that_user_bin_dir_is_in_path_not_in_path = 1.04 s
[ 1513/31251] TestGemInstaller#test_default_gem_loaded_from = 1.02 s
[ 1514/31251] TestGemInstaller#test_gem_attribute = 0.84 s
[ 1515/31251] TestGemInstaller#test_generate_bin_bindir_with_user_install_warning = 0.86 s
[ 1516/31251] TestGemInstaller#test_pre_install_checks_malicious_name = 0.94 s
[ 1517/31251] TestGemInstaller#test_ensure_dependency = 1.04 s
[ 1518/31251] TestGemInstaller#test_shebang_nested_arguments_with_load_relative = 1.04 s
[ 1519/31251] TestGemInstaller#test_ensure_loadable_spec = 0.99 s
[ 1520/31251] TestGemInstaller#test_install_dir_takes_precedence_to_user_install = 1.02 s
[ 1521/31251] TestGemInstaller#test_conflicting_binstubs = 1.03 s
[ 1522/31251] TestGemInstaller#test_install_force = 1.00 s
[ 1523/31251] TestGemInstaller#test_install_post_build_false = 0.92 s
[ 1524/31251] TestGemInstaller#test_default_gem_to_specific_install_dir = 1.10 s
[ 1525/31251] TestGemInstaller#test_generate_bin_script_format = 1.03 s
[ 1526/31251] TestGemInstaller#test_process_options_fallback_to_user_install_when_gem_home_not_writa
ble = 0.69 s
[ 1527/31251] TestGemInstaller#test_shebang_nested = 0.94 s
[ 1528/31251] TestGemInstaller#test_install_creates_working_binstub = 1.09 s
[ 1529/31251] TestGemInstaller#test_pre_install_checks_malicious_specification_version_before_eval =
 0.94 s
[ 1530/31251] TestGemInstaller#test_app_script_text = 1.12 s
[ 1531/31251] TestGemInstaller#test_generates_plugins_dir_under_install_dir_if_not_there = 0.89 s
[ 1532/31251] TestGemInstaller#test_shebang = 1.03 s
[ 1533/31251] TestGemInstaller#test_check_executable_overwrite_other_gem = 1.09 s
[ 1534/31251] TestGemInstaller#test_use_plugin_immediately = 1.02 s
[ 1535/31251] TestGemInstaller#test_generate_bin_symlink_no_execs = 1.10 s
[ 1536/31251] TestGemInstaller#test_install = 1.03 s
[ 1537/31251] TestGemInstaller#test_install_extension_dir_is_removed_on_reinstall = 1.04 s
[ 1538/31251] TestGemInstaller#test_write_spec = 0.85 s
[ 1539/31251] TestGemInstaller#test_install_extension_dir = 1.05 s
[ 1540/31251] TestGemInstaller#test_pre_install_checks_dependencies = 1.02 s
[ 1541/31251] TestGemInstaller#test_package_attribute = 0.90 s
[ 1542/31251] TestGemInstaller#test_write_spec_writes_cached_spec = 0.84 s
[ 1543/31251] TestGemInstaller#test_check_executable_overwrite_default_bin_dir = 1.09 s
[ 1544/31251] TestGemInstaller#test_write_build_info_file = 1.04 s
[ 1545/31251] TestGemInstaller#test_generate_bin_script_format_disabled = 1.02 s
[ 1546/31251] TestGemInstaller#test_generate_bin_symlink_no_perms = 1.11 s
[ 1547/31251] TestGemInstaller#test_shebang_env = 1.02 s
[ 1548/31251] TestGemInstaller#test_shebang_custom_with_expands_and_arguments = 1.09 s
[ 1549/31251] TestGemInstaller#test_shebang_version_env_arguments_with_load_relative = 1.02 s
[ 1550/31251] TestGemInstaller#test_generate_plugins_with_user_install = 1.09 s
[ 1551/31251] TestGemInstaller#test_initialize_user_install_bin_dir = 1.02 s
[ 1552/31251] TestGemInstaller#test_shebang_env_arguments = 1.11 s
[ 1553/31251] TestGemSourceSpecificFile#test_path = 1.05 s
[ 1554/31251] TestGemSourceSpecificFile#test_load_specs = 1.37 s
[ 1555/31251] TestGemSourceSpecificFile#test_download = 1.00 s
[ 1556/31251] TestGemSourceSpecificFile#test_fetch_spec = 0.99 s
[ 1557/31251] TestGemSourceSpecificFile#test_fetch_spec_fails_on_unknown_name = 1.01 s
[ 1558/31251] TestGemSourceSpecificFile#test_spaceship = 0.99 s
[ 1559/31251] TestGemSourceSpecificFile#test_spec = 1.01 s
[ 1560/31251] TestGemSourceSpecificFile#test_pretty_print = 1.00 s
[ 1561/31251] RDocMarkupToBsTest#test_start_accepting = 0.83 s
[ 1562/31251] RDocMarkupToBsTest#test_accept_list_item_end_note = 0.12 s
[ 1563/31251] RDocMarkupToBsTest#test_accept_paragraph_br = 0.18 s
[ 1564/31251] RDocMarkupToBsTest#test_accept_list_item_start_note_2 = 0.13 s
[ 1565/31251] RDocMarkupToBsTest#test_accept_blank_line = 0.05 s
[ 1566/31251] RDocMarkupToBsTest#test_accept_paragraph_star = 0.09 s
[ 1567/31251] RDocMarkupToBsTest#test_accept_paragraph = 0.08 s
[ 1568/31251] RDocMarkupToBsTest#test_accept_heading_2 = 0.08 s
[ 1569/31251] RDocMarkupToBsTest#test_accept_heading_4 = 0.07 s
[ 1570/31251] RDocMarkupToBsTest#test_accept_list_start_label = 0.05 s
[ 1571/31251] RDocMarkupToBsTest#test_accept_list_end_note = 0.06 s
[ 1572/31251] RDocMarkupToBsTest#test_accept_list_start_number = 0.05 s
[ 1573/31251] RDocMarkupToBsTest#test_accept_list_item_start_note_multi_description = 0.14 s
[ 1574/31251] RDocMarkupToBsTest#test_accept_list_item_start_note_multi_label = 0.12 s
[ 1575/31251] RDocMarkupToBsTest#test_accept_paragraph_wrap = 0.13 s
[ 1576/31251] RDocMarkupToBsTest#test_accept_list_item_start_lalpha = 0.06 s
[ 1577/31251] RDocMarkupToBsTest#test_end_accepting = 0.05 s
[ 1578/31251] RDocMarkupToBsTest#test_accept_raw = 0.05 s
[ 1579/31251] RDocMarkupToBsTest#test_accept_list_item_start_note = 0.08 s
[ 1580/31251] RDocMarkupToBsTest#test_accept_list_item_end_lalpha = 0.05 s
[ 1581/31251] RDocMarkupToBsTest#test_accept_list_start_note = 0.05 s
[ 1582/31251] RDocMarkupToBsTest#test_accept_list_end_lalpha = 0.05 s
[ 1583/31251] RDocMarkupToBsTest#test_accept_list_item_end_label = 0.08 s
[ 1584/31251] RDocMarkupToBsTest#test_accept_list_start_bullet = 0.05 s
[ 1585/31251] RDocMarkupToBsTest#test_accept_paragraph_indent = 0.13 s
[ 1586/31251] RDocMarkupToBsTest#test_accept_paragraph_plus = 0.08 s
[ 1587/31251] RDocMarkupToBsTest#test_accept_paragraph_b = 0.09 s
[ 1588/31251] RDocMarkupToBsTest#test_accept_list_item_start_ualpha = 0.05 s
[ 1589/31251] RDocMarkupToBsTest#test_accept_rule_indent = 0.05 s
[ 1590/31251] RDocMarkupToBsTest#test_accept_list_item_end_ualpha = 0.05 s
[ 1591/31251] RDocMarkupToBsTest#test_accept_list_end_ualpha = 0.05 s
[ 1592/31251] RDocMarkupToBsTest#test_accept_heading_indent = 0.07 s
[ 1593/31251] RDocMarkupToBsTest#test_list_verbatim = 0.09 s
[ 1594/31251] RDocMarkupToBsTest#test_accept_verbatim = 0.05 s
[ 1595/31251] RDocMarkupToBsTest#test_accept_paragraph_i = 0.10 s
[ 1596/31251] RDocMarkupToBsTest#test_accept_verbatim_big_indent = 0.05 s
[ 1597/31251] RDocMarkupToBsTest#test_accept_list_end_number = 0.05 s
[ 1598/31251] RDocMarkupToBsTest#test_accept_list_item_end_number = 0.11 s
[ 1599/31251] RDocMarkupToBsTest#test_accept_heading_b = 0.12 s
[ 1600/31251] RDocMarkupToBsTest#test_accept_list_item_start_number = 0.05 s
[ 1601/31251] RDocMarkupToBsTest#test_accept_document = 0.12 s
[ 1602/31251] RDocMarkupToBsTest#test_accept_verbatim_indent = 0.09 s
[ 1603/31251] RDocMarkupToBsTest#test_list_nested = 0.21 s
[ 1604/31251] RDocMarkupToBsTest#test_accept_list_start_lalpha = 0.09 s
[ 1605/31251] RDocMarkupToBsTest#test_accept_list_end_label = 0.09 s
[ 1606/31251] RDocMarkupToBsTest#test_accept_heading = 0.16 s
[ 1607/31251] RDocMarkupToBsTest#test_accept_paragraph_underscore = 0.14 s
[ 1608/31251] RDocMarkupToBsTest#test_accept_list_item_start_bullet = 0.09 s
[ 1609/31251] RDocMarkupToBsTest#test_accept_table_align = 0.10 s
[ 1610/31251] RDocMarkupToBsTest#test_accept_list_item_end_bullet = 0.09 s
[ 1611/31251] RDocMarkupToBsTest#test_accept_rule = 0.05 s
[ 1612/31251] RDocMarkupToBsTest#test_attributes = 0.08 s
[ 1613/31251] RDocMarkupToBsTest#test_accept_list_end_bullet = 0.05 s
[ 1614/31251] RDocMarkupToBsTest#test_accept_list_item_start_label = 0.16 s
[ 1615/31251] RDocMarkupToBsTest#test_accept_block_quote = 0.13 s
[ 1616/31251] RDocMarkupToBsTest#test_accept_paragraph_break = 0.11 s
[ 1617/31251] RDocMarkupToBsTest#test_accept_list_start_ualpha = 0.08 s
[ 1618/31251] RDocMarkupToBsTest#test_accept_heading_suppressed_crossref = 0.17 s
[ 1619/31251] RDocMarkupToBsTest#test_accept_heading_3 = 0.12 s
[ 1620/31251] RDocMarkupToBsTest#test_accept_heading_1 = 0.07 s
[ 1621/31251] TestBignum_Big2str#test_big2str_poweroftwo = 0.02 s
[ 1622/31251] TestBignum_Big2str#test_big2str_gmp = 0.01 s
[ 1623/31251] TestBignum_Big2str#test_big2str_generic = 0.01 s
[ 1624/31251] Prism::ReflectionTest#test_fields_for = 0.70 s
[ 1625/31251] TestGemSource#test_dependency_resolver_set_bundler_api = 0.98 s
[ 1626/31251] TestGemSource#test_typo_squatting_custom_distance_threshold = 1.04 s
[ 1627/31251] TestGemSource#test_load_specs = 1.03 s
[ 1628/31251] TestGemSource#test_cache_dir_escapes_windows_paths = 1.04 s
[ 1629/31251] TestGemSource#test_fetch_spec = 1.05 s
[ 1630/31251] TestGemSource#test_typo_squatting_false_positive = 1.04 s
[ 1631/31251] TestGemSource#test_load_specs_from_unavailable_uri = 1.04 s
[ 1632/31251] TestGemSource#test_initialize_git = 1.04 s
[ 1633/31251] TestGemSource#test_dependency_resolver_set_file_uri = 1.06 s
[ 1634/31251] TestGemSource#test_update_cache_eh = 1.04 s
[ 1635/31251] TestGemSource#test_spaceship_order_is_preserved_when_uri_differs = 1.03 s
[ 1636/31251] TestGemSource#test_dependency_resolver_set_marshal_api = 1.04 s
[ 1637/31251] TestGemSource#test_initialize_invalid_uri = 1.04 s
[ 1638/31251] TestGemSource#test_spaceship = 1.04 s
[ 1639/31251] TestGemSource#test_update_cache_eh_home_nonexistent = 1.03 s
[ 1640/31251] TestGemSource#test_load_specs_cached_empty = 1.04 s
[ 1641/31251] TestGemSource#test_fetch_spec_platform = 1.05 s
[ 1642/31251] TestGemSource#test_fetch_spec_platform_ruby = 1.04 s
[ 1643/31251] TestGemSource#test_load_specs_cached = 1.03 s
[ 1644/31251] TestGemSource#test_fetch_spec_cached = 1.04 s
[ 1645/31251] TestGemSource#test_typo_squatting = 1.03 s
[ 1646/31251] TestHash::TestSubHash#test_recursive_hash_value_hash_array = 0.03 s
[ 1647/31251] TestHash::TestSubHash#test_reject = 0.03 s
[ 1648/31251] TestHash::TestSubHash#test_s_AREF_duplicated_key = 0.01 s
[ 1649/31251] TestHash::TestSubHash#test_to_h_instance_variable = 0.01 s
[ 1650/31251] TestHash::TestSubHash#test_rassoc = 0.01 s
[ 1651/31251] TestHash::TestSubHash#test_transform_values = 0.02 s
[ 1652/31251] TestHash::TestSubHash#test_size = 0.01 s
[ 1653/31251] TestHash::TestSubHash#test_AREF = 0.02 s
[ 1654/31251] TestHash::TestSubHash#test_include? = 0.01 s
[ 1655/31251] TestHash::TestSubHash#test_select = 0.02 s
[ 1656/31251] TestHash::TestSubHash#test_clone = 0.02 s
[ 1657/31251] TestHash::TestSubHash#test_shift_for_empty_hash = 2.20 s
[ 1658/31251] TestHash::TestSubHash#test_callcc = 0.03 s
[ 1659/31251] TestHash::TestSubHash#test_shift = 0.02 s
[ 1660/31251] TestHash::TestSubHash#test_recursive_hash_value_struct = 0.02 s
[ 1661/31251] TestHash::TestSubHash#test_replace_bug9230 = 0.01 s
[ 1662/31251] TestHash::TestSubHash#test_transform_values_on_identhash = 0.01 s
[ 1663/31251] TestHash::TestSubHash#test_s_AREF_from_pairs = 0.02 s
[ 1664/31251] TestHash::TestSubHash#test_equal2 = 0.02 s
[ 1665/31251] TestHash::TestSubHash#test_update3 = 0.01 s
[ 1666/31251] TestHash::TestSubHash#test_filter = 0.02 s
[ 1667/31251] TestHash::TestSubHash#test_fetch_values = 0.02 s
[ 1668/31251] TestHash::TestSubHash#test_EQUAL = 0.02 s
[ 1669/31251] TestHash::TestSubHash#test_values = 0.01 s
[ 1670/31251] TestHash::TestSubHash#test_store = 0.03 s
[ 1671/31251] TestHash::TestSubHash#test_update5 = 0.02 s
[ 1672/31251] TestHash::TestSubHash#test_default_proc = 0.02 s
[ 1673/31251] TestHash::TestSubHash#test_shift_none = 0.01 s
[ 1674/31251] TestHash::TestSubHash#test_each = 0.02 s
[ 1675/31251] TestHash::TestSubHash#test_length = 0.01 s
[ 1676/31251] TestHash::TestSubHash#test_hash_hash = 0.01 s
[ 1677/31251] TestHash::TestSubHash#test_to_s = 0.02 s
[ 1678/31251] TestHash::TestSubHash#test_recursive_hash_value_array_hash = 0.01 s
[ 1679/31251] TestHash::TestSubHash#test_assoc_compare_by_identity = 0.01 s
[ 1680/31251] TestHash::TestSubHash#test_hash_recursion_independent_of_mid = 0.01 s
[ 1681/31251] TestHash::TestSubHash#test_callcc_iter_level = 0.03 s
[ 1682/31251] TestHash::TestSubHash#test_to_h_default_value = 0.01 s
[ 1683/31251] TestHash::TestSubHash#test_keep_if = 0.02 s
[ 1684/31251] TestHash::TestSubHash#test_replace2 = 0.02 s
[ 1685/31251] TestHash::TestSubHash#test_replace = 0.01 s
[ 1686/31251] TestHash::TestSubHash#test_compact = 0.01 s
[ 1687/31251] TestHash::TestSubHash#test_keys = 0.01 s
[ 1688/31251] TestHash::TestSubHash#test_slice = 0.01 s
[ 1689/31251] TestHash::TestSubHash#test_recursive_key = 0.01 s
[ 1690/31251] TestHash::TestSubHash#test_fetch = 0.01 s
[ 1691/31251] TestHash::TestSubHash#test_fetch_error = 0.02 s
[ 1692/31251] TestHash::TestSubHash#test_s_new = 0.01 s
[ 1693/31251] TestHash::TestSubHash#test_filter! = 0.02 s
[ 1694/31251] TestHash::TestSubHash#test_merge_on_identhash = 0.02 s
[ 1695/31251] TestHash::TestSubHash#test_to_a = 0.02 s
[ 1696/31251] TestHash::TestSubHash#test_s_AREF_from_hash = 0.02 s
[ 1697/31251] TestHash::TestSubHash#test_callcc_escape = 0.03 s
[ 1698/31251] TestHash::TestSubHash#test_compare_by_identity = 0.01 s
[ 1699/31251] TestHash::TestSubHash#test_self_initialize_copy = 0.01 s
[ 1700/31251] TestHash::TestSubHash#test_default = 0.01 s
[ 1701/31251] TestHash::TestSubHash#test_s_AREF_key_tampering = 0.01 s
[ 1702/31251] TestHash::TestSubHash#test_try_convert = 0.01 s
[ 1703/31251] TestHash::TestSubHash#test_to_hash = 0.01 s
[ 1704/31251] TestHash::TestSubHash#test_value2? = 0.01 s
[ 1705/31251] TestHash::TestSubHash#test_transform_keys_bang = 0.03 s
[ 1706/31251] TestHash::TestSubHash#test_each_key = 0.01 s
[ 1707/31251] TestHash::TestSubHash#test_reject! = 0.02 s
[ 1708/31251] TestHash::TestSubHash#test_transform_keys_on_identhash = 0.02 s
[ 1709/31251] TestHash::TestSubHash#test_cmp_samekeys = 0.02 s
[ 1710/31251] TestHash::TestSubHash#test_clear2 = 0.01 s
[ 1711/31251] TestHash::TestSubHash#test_delete = 0.02 s
[ 1712/31251] TestHash::TestSubHash#test_callcc_reenter = 0.03 s
[ 1713/31251] TestHash::TestSubHash#test_size2 = 0.01 s
[ 1714/31251] TestHash::TestSubHash#test_reject_bang2 = 0.01 s
[ 1715/31251] TestHash::TestSubHash#test_key2? = 0.01 s
[ 1716/31251] TestHash::TestSubHash#test_s_AREF_from_list = 0.01 s
[ 1717/31251] TestHash::TestSubHash#test_sort = 0.01 s
[ 1718/31251] TestHash::TestSubHash#test_same_key = 0.01 s
[ 1719/31251] TestHash::TestSubHash#test_create = 0.02 s
[ 1720/31251] TestHash::TestSubHash#test_invert = 0.02 s
[ 1721/31251] TestHash::TestSubHash#test_hash_bignum_hash = 0.01 s
[ 1722/31251] TestHash::TestSubHash#test_key = 0.01 s
[ 1723/31251] TestHash::TestSubHash#test_flatten = 0.03 s
[ 1724/31251] TestHash::TestSubHash#test_to_h = 0.01 s
[ 1725/31251] TestHash::TestSubHash#test_merge! = 0.02 s
[ 1726/31251] TestHash::TestSubHash#test_clear = 0.01 s
[ 1727/31251] TestHash::TestSubHash#test_hash2 = 0.01 s
[ 1728/31251] TestHash::TestSubHash#test_ASET = 0.02 s
[ 1729/31251] TestHash::TestSubHash#test_assoc = 0.01 s
[ 1730/31251] TestHash::TestSubHash#test_eql = 0.01 s
[ 1731/31251] TestHash::TestSubHash#test_huge_iter_level = 0.29 s
[ 1732/31251] TestHash::TestSubHash#test_transform_keys = 0.02 s
[ 1733/31251] TestHash::TestSubHash#test_value? = 0.01 s
[ 1734/31251] TestHash::TestSubHash#test_to_proc = 0.01 s
[ 1735/31251] TestHash::TestSubHash#test_inspect = 0.08 s
[ 1736/31251] TestHash::TestSubHash#test_each_value = 0.01 s
[ 1737/31251] TestHash::TestSubHash#test_default= = 0.01 s
[ 1738/31251] TestHash::TestSubHash#test_values_at = 0.02 s
[ 1739/31251] TestHash::TestSubHash#test_dup = 0.01 s
[ 1740/31251] TestHash::TestSubHash#test_except = 0.01 s
[ 1741/31251] TestHash::TestSubHash#test_merge = 0.01 s
[ 1742/31251] TestHash::TestSubHash#test_hash_popped = 0.01 s
[ 1743/31251] TestHash::TestSubHash#test_threaded_iter_level = 0.04 s
[ 1744/31251] TestHash::TestSubHash#test_inverse_hash = 0.01 s
[ 1745/31251] TestHash::TestSubHash#test_to_h_default_proc = 0.01 s
[ 1746/31251] TestHash::TestSubHash#test_rehash2 = 0.01 s
[ 1747/31251] TestHash::TestSubHash#test_each_pair = 0.01 s
[ 1748/31251] TestHash::TestSubHash#test_update = 0.01 s
[ 1749/31251] TestHash::TestSubHash#test_member? = 0.01 s
[ 1750/31251] TestHash::TestSubHash#test_to_h_block = 0.01 s
[ 1751/31251] TestHash::TestSubHash#test_delete_if = 0.03 s
[ 1752/31251] TestHash::TestSubHash#test_transform_values_bang = 0.29 s
[ 1753/31251] TestHash::TestSubHash#test_key? = 0.01 s
[ 1754/31251] TestHash::TestSubHash#test_shift2 = 0.02 s
[ 1755/31251] TestHash::TestSubHash#test_hash = 0.04 s
[ 1756/31251] TestHash::TestSubHash#test_update4 = 0.01 s
[ 1757/31251] TestHash::TestSubHash#test_select! = 0.02 s
[ 1758/31251] TestHash::TestSubHash#test_dig = 0.02 s
[ 1759/31251] TestHash::TestSubHash#test_flatten_arity = 0.01 s
[ 1760/31251] TestHash::TestSubHash#test_slice_on_identhash = 0.02 s
[ 1761/31251] TestHash::TestSubHash#test_update2 = 0.01 s
[ 1762/31251] TestHash::TestSubHash#test_cmp = 0.02 s
[ 1763/31251] TestHash::TestSubHash#test_select_on_identhash = 0.02 s
[ 1764/31251] TestHash::TestSubHash#test_empty? = 0.01 s
[ 1765/31251] TestHash::TestSubHash#test_fetch2 = 0.01 s
[ 1766/31251] TestHash::TestSubHash#test_s_AREF_frozen_key_id = 0.01 s
[ 1767/31251] TestHash::TestSubHash#test_reject_on_identhash = 0.02 s
[ 1768/31251] TestHash::TestSubHash#test_dig_with_respond_to = 0.01 s
[ 1769/31251] TestHash::TestSubHash#test_recursive_hash_value_array = 0.02 s
[ 1770/31251] TestHash::TestSubHash#test_dup_equality = 0.01 s
[ 1771/31251] TestHash::TestSubHash#test_update_on_identhash = 0.01 s
[ 1772/31251] TestHash::TestSubHash#test_rehash = 0.01 s
[ 1773/31251] TestHash::TestSubHash#test_clear_initialize_copy = 0.01 s
[ 1774/31251] TestHash::TestSubHash#test_except_on_identhash = 0.02 s
[ 1775/31251] TestHash::TestSubHash#test_update_modify_in_block = 0.18 s
[ 1776/31251] WebauthnListenerResponseTest#test_ok_response_to_s = 0.62 s
[ 1777/31251] WebauthnListenerResponseTest#test_bad_request_response_to_s = 0.51 s
[ 1778/31251] WebauthnListenerResponseTest#test_no_to_s_response_to_s = 0.51 s
[ 1779/31251] WebauthnListenerResponseTest#test_method_not_allowed_response_to_s = 0.52 s
[ 1780/31251] WebauthnListenerResponseTest#test_method_not_found_response_to_s = 0.51 s
[ 1781/31251] TestEtc#test_group = 0.13 s
[ 1782/31251] TestEtc#test_getgrnam = 0.19 s
[ 1783/31251] TestEtc#test_getpwnam = 0.18 s
[ 1784/31251] TestEtc#test_ractor_parallel = 17.32 s
[ 1785/31251] TestEtc#test_getpwuid = 0.22 s
[ 1786/31251] TestEtc#test_pathconf = 0.02 s
[ 1787/31251] TestEtc#test_ractor_getgrgid = 0.04 s
[ 1788/31251] TestEtc#test_confstr = 0.02 s
[ 1789/31251] TestEtc#test_ractor_passwd = 0.04 s
[ 1790/31251] TestEtc#test_passwd = 0.26 s
[ 1791/31251] TestEtc#test_ractor_unsafe = 12.49 s
[ 1792/31251] TestEtc#test_passwd_with_low_level_api = 0.06 s
[ 1793/31251] TestEtc#test_group_with_low_level_api = 0.06 s
[ 1794/31251] TestEtc#test_sysconf = 0.02 s
[ 1795/31251] TestEtc#test_getlogin = 0.01 s
[ 1796/31251] TestEtc#test_uname = 0.03 s
[ 1797/31251] TestEtc#test_getgrgid = 0.21 s
[ 1798/31251] TestEtc#test_nprocessors = 0.01 s
[ 1799/31251] TestGemPackageTarReaderEntry#test_consecutive_read_bytes_past_eof = 0.67 s
[ 1800/31251] TestGemPackageTarReaderEntry#test_size = 0.55 s
[ 1801/31251] TestGemPackageTarReaderEntry#test_read_from_gzip_io = 0.59 s
[ 1802/31251] TestGemPackageTarReaderEntry#test_file_eh = 0.59 s
[ 1803/31251] TestGemPackageTarReaderEntry#test_pos = 0.55 s
[ 1804/31251] TestGemPackageTarReaderEntry#test_read_partial_buffer = 0.55 s
[ 1805/31251] TestGemPackageTarReaderEntry#test_readpartial = 0.55 s
[ 1806/31251] TestGemPackageTarReaderEntry#test_rewind = 0.56 s
[ 1807/31251] TestGemPackageTarReaderEntry#test_getc = 0.56 s
[ 1808/31251] TestGemPackageTarReaderEntry#test_seek = 0.58 s
[ 1809/31251] TestGemPackageTarReaderEntry#test_symlink_eh = 0.59 s
[ 1810/31251] TestGemPackageTarReaderEntry#test_closed_eh = 0.57 s
[ 1811/31251] TestGemPackageTarReaderEntry#test_bytes_read = 0.57 s
[ 1812/31251] TestGemPackageTarReaderEntry#test_readpartial_corrupted_tar = 0.61 s
[ 1813/31251] TestGemPackageTarReaderEntry#test_seek_in_gzip_io_with_non_zero_offset = 0.65 s
[ 1814/31251] TestGemPackageTarReaderEntry#test_read_small = 0.57 s
[ 1815/31251] TestGemPackageTarReaderEntry#test_open_returns_entry = 0.60 s
[ 1816/31251] TestGemPackageTarReaderEntry#test_readpartial_zero = 0.56 s
[ 1817/31251] TestGemPackageTarReaderEntry#test_seek_in_gzip_io_corrupted = 0.61 s
[ 1818/31251] TestGemPackageTarReaderEntry#test_open = 0.59 s
[ 1819/31251] TestGemPackageTarReaderEntry#test_full_name_null = 0.58 s
[ 1820/31251] TestGemPackageTarReaderEntry#test_readpartial_past_eof = 0.56 s
[ 1821/31251] TestGemPackageTarReaderEntry#test_full_name = 0.57 s
[ 1822/31251] TestGemPackageTarReaderEntry#test_close = 0.59 s
[ 1823/31251] TestGemPackageTarReaderEntry#test_read_corrupted_tar = 0.59 s
[ 1824/31251] TestGemPackageTarReaderEntry#test_zero_byte_file_read = 0.60 s
[ 1825/31251] TestGemPackageTarReaderEntry#test_readpartial_to_eof = 0.58 s
[ 1826/31251] TestGemPackageTarReaderEntry#test_read_big = 0.56 s
[ 1827/31251] TestGemPackageTarReaderEntry#test_read = 0.57 s
[ 1828/31251] TestGemPackageTarReaderEntry#test_consecutive_read = 0.56 s
[ 1829/31251] TestGemPackageTarReaderEntry#test_eof_eh = 0.55 s
[ 1830/31251] TestGemPackageTarReaderEntry#test_directory_eh = 0.59 s
[ 1831/31251] TestGemPackageTarReaderEntry#test_open_closes_entry = 0.58 s
[ 1832/31251] TestGemPackageTarReaderEntry#test_read_remaining = 0.60 s
[ 1833/31251] TestGemPackageTarReaderEntry#test_read_zero = 0.59 s
[ 1834/31251] TestGemPackageTarReaderEntry#test_zero_byte_file_readpartial = 0.63 s
[ 1835/31251] TestGemPackageTarReaderEntry#test_read_from_gzip_io_with_non_zero_offset = 0.63 s
[ 1836/31251] TestGemExtCargoBuilderUnit#test_build_env_includes_rbconfig = 0.66 s
[ 1837/31251] TestGemExtCargoBuilderUnit#test_cargo_command_passes_respects_cargo_env_var = 0.67 s
[ 1838/31251] TestGemExtCargoBuilderUnit#test_cargo_command_passes_respects_cargo_build_target = 0.7
4 s
[ 1839/31251] TestGemExtCargoBuilderUnit#test_cargo_command_passes_args = 0.73 s
[ 1840/31251] TestGemExtCargoBuilderUnit#test_cargo_command_locks_in_release_profile = 0.74 s
[ 1841/31251] RDocMarkupToHtmlSnippetTest#test_start_accepting = 1.01 s
[ 1842/31251] RDocMarkupToHtmlSnippetTest#test_accept_verbatim_ruby = 0.15 s
[ 1843/31251] RDocMarkupToHtmlSnippetTest#test_accept_list_item_end_note = 0.11 s
[ 1844/31251] RDocMarkupToHtmlSnippetTest#test_accept_paragraph_br = 0.13 s
[ 1845/31251] RDocMarkupToHtmlSnippetTest#test_accept_list_item_start_note_2 = 0.16 s
[ 1846/31251] RDocMarkupToHtmlSnippetTest#test_convert_string = 0.08 s
[ 1847/31251] RDocMarkupToHtmlSnippetTest#test_accept_blank_line = 0.08 s
[ 1848/31251] RDocMarkupToHtmlSnippetTest#test_accept_paragraph_star = 0.13 s
[ 1849/31251] RDocMarkupToHtmlSnippetTest#test_accept_paragraph = 0.11 s
[ 1850/31251] RDocMarkupToHtmlSnippetTest#test_accept_heading_2 = 0.12 s
[ 1851/31251] RDocMarkupToHtmlSnippetTest#test_accept_heading_4 = 0.11 s
[ 1852/31251] RDocMarkupToHtmlSnippetTest#test_accept_list_start_label = 0.08 s
[ 1853/31251] RDocMarkupToHtmlSnippetTest#test_to_html = 0.12 s
[ 1854/31251] RDocMarkupToHtmlSnippetTest#test_handle_regexp_HYPERLINK_link = 0.08 s
[ 1855/31251] RDocMarkupToHtmlSnippetTest#test_accept_list_end_note = 0.09 s
[ 1856/31251] RDocMarkupToHtmlSnippetTest#test_convert_RDOCLINK_label_foottext = 0.14 s
[ 1857/31251] RDocMarkupToHtmlSnippetTest#test_convert_RDOCLINK_label_footmark = 0.13 s
[ 1858/31251] RDocMarkupToHtmlSnippetTest#test_accept_list_start_number = 0.09 s
[ 1859/31251] RDocMarkupToHtmlSnippetTest#test_accept_heading_aref_method = 0.35 s
[ 1860/31251] RDocMarkupToHtmlSnippetTest#test_accept_verbatim_ruby_error = 0.10 s
[ 1861/31251] RDocMarkupToHtmlSnippetTest#test_accept_list_item_start_note_multi_description = 0.18
s
[ 1862/31251] RDocMarkupToHtmlSnippetTest#test_accept_list_item_start_note_multi_label = 0.17 s
[ 1863/31251] RDocMarkupToHtmlSnippetTest#test_accept_list_item_start_lalpha = 0.08 s
[ 1864/31251] RDocMarkupToHtmlSnippetTest#test_end_accepting = 0.08 s
[ 1865/31251] RDocMarkupToHtmlSnippetTest#test_list_verbatim_2 = 0.19 s
[ 1866/31251] RDocMarkupToHtmlSnippetTest#test_accept_raw = 0.08 s
[ 1867/31251] RDocMarkupToHtmlSnippetTest#test_accept_list_item_start_note = 0.11 s
[ 1868/31251] RDocMarkupToHtmlSnippetTest#test_accept_list_item_end_lalpha = 0.08 s
[ 1869/31251] RDocMarkupToHtmlSnippetTest#test_convert_limit_verbatim_2 = 0.27 s
[ 1870/31251] RDocMarkupToHtmlSnippetTest#test_accept_list_start_note = 0.09 s
[ 1871/31251] RDocMarkupToHtmlSnippetTest#test_accept_list_end_lalpha = 0.08 s
[ 1872/31251] RDocMarkupToHtmlSnippetTest#test_accept_list_item_end_label = 0.11 s
[ 1873/31251] RDocMarkupToHtmlSnippetTest#test_accept_list_start_bullet = 0.09 s
[ 1874/31251] RDocMarkupToHtmlSnippetTest#test_convert_limit_in_tag = 0.15 s
[ 1875/31251] RDocMarkupToHtmlSnippetTest#test_convert_RDOCLINK_label_label = 0.13 s
[ 1876/31251] RDocMarkupToHtmlSnippetTest#test_accept_paragraph_plus = 0.13 s
[ 1877/31251] RDocMarkupToHtmlSnippetTest#test_convert_limit_over = 0.15 s
[ 1878/31251] RDocMarkupToHtmlSnippetTest#test_accept_paragraph_b = 0.13 s
[ 1879/31251] RDocMarkupToHtmlSnippetTest#test_convert_RDOCLINK_ref = 0.13 s
[ 1880/31251] RDocMarkupToHtmlSnippetTest#test_convert_limit = 0.26 s
[ 1881/31251] RDocMarkupToHtmlSnippetTest#test_accept_list_item_start_ualpha = 0.08 s
[ 1882/31251] RDocMarkupToHtmlSnippetTest#test_accept_list_item_end_ualpha = 0.08 s
[ 1883/31251] RDocMarkupToHtmlSnippetTest#test_accept_list_end_ualpha = 0.09 s
[ 1884/31251] RDocMarkupToHtmlSnippetTest#test_list_verbatim = 0.12 s
[ 1885/31251] RDocMarkupToHtmlSnippetTest#test_on_tags = 0.08 s
[ 1886/31251] RDocMarkupToHtmlSnippetTest#test_convert_limit_paragraphs = 0.33 s
[ 1887/31251] RDocMarkupToHtmlSnippetTest#test_accept_heading_aref_class = 0.21 s
[ 1888/31251] RDocMarkupToHtmlSnippetTest#test_accept_verbatim = 0.11 s
[ 1889/31251] RDocMarkupToHtmlSnippetTest#test_accept_paragraph_i = 0.13 s
[ 1890/31251] RDocMarkupToHtmlSnippetTest#test_accept_list_end_number = 0.08 s
[ 1891/31251] RDocMarkupToHtmlSnippetTest#test_add_paragraph = 0.38 s
[ 1892/31251] RDocMarkupToHtmlSnippetTest#test_accept_list_item_end_number = 0.08 s
[ 1893/31251] RDocMarkupToHtmlSnippetTest#test_accept_heading_b = 0.12 s
[ 1894/31251] RDocMarkupToHtmlSnippetTest#test_accept_list_item_start_number = 0.08 s
[ 1895/31251] RDocMarkupToHtmlSnippetTest#test_accept_document = 0.11 s
[ 1896/31251] RDocMarkupToHtmlSnippetTest#test_list_nested = 0.18 s
[ 1897/31251] RDocMarkupToHtmlSnippetTest#test_off_tags = 0.08 s
[ 1898/31251] RDocMarkupToHtmlSnippetTest#test_accept_list_start_lalpha = 0.09 s
[ 1899/31251] RDocMarkupToHtmlSnippetTest#test_convert_limit_verbatim_multiline = 0.23 s
[ 1900/31251] RDocMarkupToHtmlSnippetTest#test_accept_list_end_label = 0.09 s
[ 1901/31251] RDocMarkupToHtmlSnippetTest#test_accept_heading = 0.12 s
[ 1902/31251] RDocMarkupToHtmlSnippetTest#test_convert_TIDYLINK_rdoc_label = 0.14 s
[ 1903/31251] RDocMarkupToHtmlSnippetTest#test_accept_paragraph_underscore = 0.12 s
[ 1904/31251] RDocMarkupToHtmlSnippetTest#test_accept_list_item_start_bullet = 0.08 s
[ 1905/31251] RDocMarkupToHtmlSnippetTest#test_accept_list_item_end_bullet = 0.08 s
[ 1906/31251] RDocMarkupToHtmlSnippetTest#test_accept_rule = 0.08 s
[ 1907/31251] RDocMarkupToHtmlSnippetTest#test_accept_list_end_bullet = 0.08 s
[ 1908/31251] RDocMarkupToHtmlSnippetTest#test_accept_list_item_start_label = 0.11 s
[ 1909/31251] RDocMarkupToHtmlSnippetTest#test_accept_block_quote = 0.11 s
[ 1910/31251] RDocMarkupToHtmlSnippetTest#test_accept_paragraph_break = 0.12 s
[ 1911/31251] RDocMarkupToHtmlSnippetTest#test_accept_heading_7 = 0.12 s
[ 1912/31251] RDocMarkupToHtmlSnippetTest#test_accept_list_start_ualpha = 0.08 s
[ 1913/31251] RDocMarkupToHtmlSnippetTest#test_convert_limit_verbatim = 0.23 s
[ 1914/31251] RDocMarkupToHtmlSnippetTest#test_convert_limit_2 = 0.27 s
[ 1915/31251] RDocMarkupToHtmlSnippetTest#test_accept_heading_suppressed_crossref = 0.12 s
[ 1916/31251] RDocMarkupToHtmlSnippetTest#test_accept_heading_3 = 0.12 s
[ 1917/31251] RDocMarkupToHtmlSnippetTest#test_accept_heading_1 = 0.12 s
[ 1918/31251] TestGemText#test_format_text_trailing = 0.53 s
[ 1919/31251] TestGemText#test_truncate_text = 0.85 s
[ 1920/31251] TestGemText#test_format_text_none = 0.51 s
[ 1921/31251] TestGemText#test_format_text_indent = 0.52 s
[ 1922/31251] TestGemText#test_levenshtein_distance_all = 0.57 s
[ 1923/31251] TestGemText#test_clean_text = 0.52 s
[ 1924/31251] TestGemText#test_format_text_no_space = 0.52 s
[ 1925/31251] TestGemText#test_format_removes_nonprintable_characters = 1.29 s
[ 1926/31251] TestGemText#test_levenshtein_distance_remove = 0.58 s
[ 1927/31251] TestGemText#test_format_text_none_indent = 0.51 s
[ 1928/31251] TestGemText#test_levenshtein_distance_add = 0.67 s
[ 1929/31251] TestGemText#test_levenshtein_distance_replace = 0.55 s
[ 1930/31251] TestGemText#test_format_text = 0.51 s
[ 1931/31251] TestGemText#test_levenshtein_distance_empty = 0.50 s
[ 1932/31251] TestGemText#test_min3 = 0.52 s
[ 1933/31251] Prism::PatternTest#test_string_empty = 0.22 s
[ 1934/31251] Prism::PatternTest#test_invalid_node = 15.04 s
[ 1935/31251] Prism::PatternTest#test_array_pattern_no_constant = 0.03 s
[ 1936/31251] Prism::PatternTest#test_string_with_interpolation = 0.08 s
[ 1937/31251] Prism::PatternTest#test_array_pattern = 0.03 s
[ 1938/31251] Prism::PatternTest#test_constant_path = 0.02 s
[ 1939/31251] Prism::PatternTest#test_regexp_options = 0.03 s
[ 1940/31251] Prism::PatternTest#test_invalid_nested_constant = 0.04 s
[ 1941/31251] Prism::PatternTest#test_object_const = 0.02 s
[ 1942/31251] Prism::PatternTest#test_regexp_with_interpolation = 0.07 s
[ 1943/31251] Prism::PatternTest#test_symbol_with_interpolation = 0.06 s
[ 1944/31251] Prism::PatternTest#test_self = 0.02 s
[ 1945/31251] Prism::PatternTest#test_invalid_constant = 0.02 s
[ 1946/31251] Prism::PatternTest#test_constant_read_node = 0.03 s
[ 1947/31251] Prism::PatternTest#test_symbol = 0.02 s
[ 1948/31251] Prism::PatternTest#test_symbol_empty = 0.02 s
[ 1949/31251] Prism::PatternTest#test_nil = 0.02 s
[ 1950/31251] Prism::PatternTest#test_symbol_plain = 0.02 s
[ 1951/31251] Prism::PatternTest#test_invalid_syntax = 0.03 s
[ 1952/31251] Prism::PatternTest#test_alternation_pattern = 0.03 s
[ 1953/31251] Prism::PatternTest#test_hash_pattern_regexp = 0.04 s
[ 1954/31251] Prism::PatternTest#test_hash_pattern_no_constant = 0.03 s
[ 1955/31251] Test_TypedData#test_deferred_free = 81.50 s
[ 1956/31251] Test_TypedData#test_wrong_argtype = 0.08 s
[ 1957/31251] TestIRB::HistoryTest#test_history_dont_save = 0.38 s
[ 1958/31251] TestIRB::HistoryTest#test_history_save_1 = 0.09 s
[ 1959/31251] TestIRB::HistoryTest#test_history_save_100 = 0.08 s
[ 1960/31251] TestIRB::HistoryTest#test_history_save_minus_as_infinity = 0.08 s
[ 1961/31251] TestIRB::HistoryTest#test_history_does_not_raise_when_history_file_directory_does_not_
exist = 0.04 s
[ 1962/31251] TestIRB::HistoryTest#test_history_concurrent_use_readline = 0.13 s
[ 1963/31251] TestIRB::HistoryTest#test_no_home_no_history_file_does_not_raise_history_save = 0.03 s
[ 1964/31251] TestIRB::HistoryTest#test_history_different_encodings = 0.08 s
[ 1965/31251] TestIRB::HistoryTest#test_history_save_bignum = 0.09 s
[ 1966/31251] TestIRB::HistoryTest#test_history_concurrent_use_reline = 0.12 s
[ 1967/31251] TestIRB::HistoryTest#test_history_concurrent_use_not_present = 0.07 s
[ 1968/31251] RDocRubyGemsHookTest#test_ri_installed? = 0.14 s
[ 1969/31251] RDocRubyGemsHookTest#test_generate_disabled = 0.08 s
[ 1970/31251] RDocRubyGemsHookTest#test_generate_configuration_rdoc_string = 5.18 s
[ 1971/31251] RDocRubyGemsHookTest#test_generate_force = 4.42 s
[ 1972/31251] RDocRubyGemsHookTest#test_generate_configuration_rdoc_array = 4.39 s
[ 1973/31251] RDocRubyGemsHookTest#test_new_rdoc = 0.08 s
[ 1974/31251] RDocRubyGemsHookTest#test_generate_rubygems_compatible = 11.19 s
[ 1975/31251] RDocRubyGemsHookTest#test_document = 3.55 s
[ 1976/31251] RDocRubyGemsHookTest#test_initialize = 0.08 s
[ 1977/31251] RDocRubyGemsHookTest#test_generate = 4.37 s
[ 1978/31251] RDocRubyGemsHookTest#test_rdoc_installed? = 0.10 s
[ 1979/31251] RDocRubyGemsHookTest#test_remove = 0.11 s
[ 1980/31251] RDocRubyGemsHookTest#test_generate_all = 10.23 s
[ 1981/31251] RDocRubyGemsHookTest#test_generate_with_ri_opt = 10.46 s
[ 1982/31251] RDocRubyGemsHookTest#test_delete_legacy_args = 0.08 s
[ 1983/31251] RDocRubyGemsHookTest#test_generate_no_overwrite = 4.20 s
[ 1984/31251] RDocRubyGemsHookTest#test_setup_unwritable = 0.11 s
[ 1985/31251] RDocRubyGemsHookTest#test_setup = 0.09 s
[ 1986/31251] RDocRubyGemsHookTest#test_remove_unwritable = 0.11 s
[ 1987/31251] RDocRubyGemsHookTest#test_generate_default_gem = 0.08 s
[ 1988/31251] TestLastThread#test_last_thread = 13.10 s
[ 1989/31251] TestTrace#test_trace_proc_that_raises_exception = 0.02 s
[ 1990/31251] TestTrace#test_trace_string = 0.02 s
[ 1991/31251] TestTrace#test_trace = 0.01 s
[ 1992/31251] TestTrace#test_trace_break = 17.03 s
[ 1993/31251] TestSystem#test_system_redirect_win = 0.01 s
[ 1994/31251] TestSystem#test_system_exception = 40.91 s
[ 1995/31251] TestSystem#test_system_at = 0.01 s
[ 1996/31251] TestSystem#test_system_closed = 12.31 s
[ 1997/31251] TestSystem#test_system_exception_nonascii = 0.44 s
[ 1998/31251] TestSystem#test_empty_evstr = 0.01 s
[ 1999/31251] TestSystem#test_system = 90.54 s
[ 2000/31251] TestSystem#test_fallback_to_sh = 0.06 s
[ 2001/31251] RDocParserRubyTest#test_parse_constant_the_same_of_outside = 0.77 s
[ 2002/31251] RDocParserRubyTest#test_suppress_parents = 0.10 s
[ 2003/31251] RDocParserRubyTest#test_parse_class_ghost_method = 0.20 s
[ 2004/31251] RDocParserRubyTest#test_look_for_directives_in_method = 0.08 s
[ 2005/31251] RDocParserRubyTest#test_parse_statements_identifier_meta_method = 0.21 s
[ 2006/31251] RDocParserRubyTest#test_parse_class_nodoc = 0.11 s
[ 2007/31251] RDocParserRubyTest#test_parse_method_internal_gvar = 0.20 s
[ 2008/31251] RDocParserRubyTest#test_parse_attr_accessor_stopdoc = 0.24 s
[ 2009/31251] RDocParserRubyTest#test_parse_statements_stopdoc_alias = 0.19 s
[ 2010/31251] RDocParserRubyTest#test_parse_percent_symbol = 0.08 s
[ 2011/31251] RDocParserRubyTest#test_parse_instance_operation_method = 0.21 s
[ 2012/31251] RDocParserRubyTest#test_parse_class_single_root = 0.14 s
[ 2013/31251] RDocParserRubyTest#test_sanity_interpolation_crazy = 0.14 s
[ 2014/31251] RDocParserRubyTest#test_parse_meta_attr_named = 0.14 s
[ 2015/31251] RDocParserRubyTest#test_look_for_directives_in_attr = 0.09 s
[ 2016/31251] RDocParserRubyTest#test_parse_method_alias = 0.17 s
[ 2017/31251] RDocParserRubyTest#test_parse_method_nodoc = 0.12 s
[ 2018/31251] RDocParserRubyTest#test_parse_symbol_in_paren_arg = 0.23 s
[ 2019/31251] RDocParserRubyTest#test_parse_statements_identifier_private = 0.18 s
[ 2020/31251] RDocParserRubyTest#test_scan_stopdoc = 0.19 s
[ 2021/31251] RDocParserRubyTest#test_parse_method_constant = 0.25 s
[ 2022/31251] RDocParserRubyTest#test_look_for_directives_in_commented = 0.08 s
[ 2023/31251] RDocParserRubyTest#test_parse_class_mistaken_for_module = 0.26 s
[ 2024/31251] RDocParserRubyTest#test_read_directive_one_liner = 0.10 s
[ 2025/31251] RDocParserRubyTest#test_parse_statements_stopdoc_identifier_alias_method = 0.14 s
[ 2026/31251] RDocParserRubyTest#test_parse_method_bracket = 0.37 s
[ 2027/31251] RDocParserRubyTest#test_parse_comment_method_stopdoc = 0.09 s
[ 2028/31251] RDocParserRubyTest#test_parse_extend_or_include_include = 0.20 s
[ 2029/31251] RDocParserRubyTest#test_sanity_integer = 0.09 s
[ 2030/31251] RDocParserRubyTest#test_parse_module_stopdoc = 0.10 s
[ 2031/31251] RDocParserRubyTest#test_parse_meta_method_block = 0.20 s
[ 2032/31251] RDocParserRubyTest#test_scan_constant_in_method = 0.26 s
[ 2033/31251] RDocParserRubyTest#test_parse_class_singleton = 0.17 s
[ 2034/31251] RDocParserRubyTest#test_parse_method_nil = 0.15 s
[ 2035/31251] RDocParserRubyTest#test_parse_statements_identifier_alias_method_before_original_metho
d = 0.43 s
[ 2036/31251] RDocParserRubyTest#test_parse_top_level_statements_stopdoc = 0.09 s
[ 2037/31251] RDocParserRubyTest#test_parse_attr_accessor = 0.14 s
[ 2038/31251] RDocParserRubyTest#test_parse_included = 0.34 s
[ 2039/31251] RDocParserRubyTest#test_parse_constant_in_method = 0.14 s
[ 2040/31251] RDocParserRubyTest#test_collect_first_comment = 0.11 s
[ 2041/31251] RDocParserRubyTest#test_parse_meta_attr_stopdoc = 0.13 s
[ 2042/31251] RDocParserRubyTest#test_parse_statements_super_no_method = 0.08 s
[ 2043/31251] RDocParserRubyTest#test_parse_method_ampersand = 0.12 s
[ 2044/31251] RDocParserRubyTest#test_parse_const_third_party = 0.33 s
[ 2045/31251] RDocParserRubyTest#test_parse_statements_enddoc_top_level = 0.16 s
[ 2046/31251] RDocParserRubyTest#test_parse_const_fail_w_meta = 0.25 s
[ 2047/31251] RDocParserRubyTest#test_parse_on_ignored_nl_with_nil_text = 0.26 s
[ 2048/31251] RDocParserRubyTest#test_parse_meta_method_string_name = 0.11 s
[ 2049/31251] RDocParserRubyTest#test_parse_method_true = 0.15 s
[ 2050/31251] RDocParserRubyTest#test_parse_method_parameters_comment_continue = 0.15 s
[ 2051/31251] RDocParserRubyTest#test_scan_meta_method_block = 0.33 s
[ 2052/31251] RDocParserRubyTest#test_parse_statements_nodoc_identifier_alias = 0.13 s
[ 2053/31251] RDocParserRubyTest#test_parse_statements_identifier_private_class_method = 0.32 s
[ 2054/31251] RDocParserRubyTest#test_collect_first_comment_encoding = 0.10 s
[ 2055/31251] RDocParserRubyTest#test_parse_statements_def_percent_string_pound = 0.27 s
[ 2056/31251] RDocParserRubyTest#test_parse_method_with_args_directive = 0.27 s
[ 2057/31251] RDocParserRubyTest#test_parse_include_by_dynamic_definition_via_variable = 0.46 s
[ 2058/31251] RDocParserRubyTest#test_parse_constant = 0.11 s
[ 2059/31251] RDocParserRubyTest#test_parse_statements_class_nested = 0.17 s
[ 2060/31251] RDocParserRubyTest#test_parse_module = 0.11 s
[ 2061/31251] RDocParserRubyTest#test_parse_constant_stopdoc = 0.10 s
[ 2062/31251] RDocParserRubyTest#test_parse_include_by_dynamic_definition_with_brace = 0.37 s
[ 2063/31251] RDocParserRubyTest#test_parse_statements_identifier_require = 0.14 s
[ 2064/31251] RDocParserRubyTest#test_parse_top_level_statements_stopdoc_integration = 0.19 s
[ 2065/31251] RDocParserRubyTest#test_parse_constant_rescue = 0.10 s
[ 2066/31251] RDocParserRubyTest#test_parse_class_colon3 = 0.17 s
[ 2067/31251] RDocParserRubyTest#test_parse_comment_nested = 0.15 s
[ 2068/31251] RDocParserRubyTest#test_parse_class = 0.12 s
[ 2069/31251] RDocParserRubyTest#test_scan_rails_routes = 0.19 s
[ 2070/31251] RDocParserRubyTest#test_parse_class_object = 0.28 s
[ 2071/31251] RDocParserRubyTest#test_parse_multi_ghost_methods = 0.39 s
[ 2072/31251] RDocParserRubyTest#test_parse_method_or_yield_parameters_hash = 0.09 s
[ 2073/31251] RDocParserRubyTest#test_parse_statements_while_begin = 0.32 s
[ 2074/31251] RDocParserRubyTest#test_parse_redefined_op_with_constant = 0.72 s
[ 2075/31251] RDocParserRubyTest#test_sanity_interpolation = 0.13 s
[ 2076/31251] RDocParserRubyTest#test_parse_meta_attr = 0.13 s
[ 2077/31251] RDocParserRubyTest#test_parse_heredoc_end = 0.27 s
[ 2078/31251] RDocParserRubyTest#test_parse_meta_method_singleton_name = 0.14 s
[ 2079/31251] RDocParserRubyTest#test_parse_comment_attr_stopdoc = 0.09 s
[ 2080/31251] RDocParserRubyTest#test_scan_duplicate_module = 0.19 s
[ 2081/31251] RDocParserRubyTest#test_parse_class_lower_name_warning = 0.16 s
[ 2082/31251] RDocParserRubyTest#test_parse_method_gvar_insane = 0.22 s
[ 2083/31251] RDocParserRubyTest#test_parse_statements_identifier_public_class_method = 0.34 s
[ 2084/31251] RDocParserRubyTest#test_parse_alias = 0.12 s
[ 2085/31251] RDocParserRubyTest#test_sanity_interpolation_curly = 0.09 s
[ 2086/31251] RDocParserRubyTest#test_get_class_or_module_document_children = 0.13 s
[ 2087/31251] RDocParserRubyTest#test_scan_markup_first_comment = 0.24 s
[ 2088/31251] RDocParserRubyTest#test_scan_block_comment = 0.25 s
[ 2089/31251] RDocParserRubyTest#test_parse_yield_in_braces_with_parens = 0.24 s
[ 2090/31251] RDocParserRubyTest#test_parse_class_nested_superclass = 0.13 s
[ 2091/31251] RDocParserRubyTest#test_scan_stopdoc_class_alias = 0.20 s
[ 2092/31251] RDocParserRubyTest#test_parse_comment_method_args = 0.10 s
[ 2093/31251] RDocParserRubyTest#test_parse_class_in_a_file_repeatedly = 0.25 s
[ 2094/31251] RDocParserRubyTest#test_scan_cr = 0.24 s
[ 2095/31251] RDocParserRubyTest#test_read_documentation_modifiers_notnew = 1.28 s
[ 2096/31251] RDocParserRubyTest#test_parse_meta_method_unknown = 0.12 s
[ 2097/31251] RDocParserRubyTest#test_sanity_symbol_interpolation = 0.08 s
[ 2098/31251] RDocParserRubyTest#test_parse_statements_enddoc = 0.08 s
[ 2099/31251] RDocParserRubyTest#test_scan_constant_nodoc_block = 0.19 s
[ 2100/31251] RDocParserRubyTest#test_parse_attr_accessor_nodoc_track = 0.13 s
[ 2101/31251] RDocParserRubyTest#test_parse_top_level_statements_enddoc = 0.14 s
[ 2102/31251] RDocParserRubyTest#test_scan_markup_override = 0.20 s
[ 2103/31251] RDocParserRubyTest#test_scan_visibility_count = 0.52 s
[ 2104/31251] RDocParserRubyTest#test_parse_attr_accessor_writer = 0.12 s
[ 2105/31251] RDocParserRubyTest#test_get_class_or_module_ignore_constants = 0.10 s
[ 2106/31251] RDocParserRubyTest#test_parse_attr = 0.12 s
[ 2107/31251] RDocParserRubyTest#test_parse_statements_identifier_module_function = 0.20 s
[ 2108/31251] RDocParserRubyTest#test_parse_statements_method_oneliner_with_regexp = 0.21 s
[ 2109/31251] RDocParserRubyTest#test_parse_class_single_gvar = 0.17 s
[ 2110/31251] RDocParserRubyTest#test_scan_tomdoc_meta = 0.27 s
[ 2111/31251] RDocParserRubyTest#test_parse_class_single = 0.35 s
[ 2112/31251] RDocParserRubyTest#test_parse_postfix_nodoc = 0.28 s
[ 2113/31251] RDocParserRubyTest#test_get_class_or_module = 0.16 s
[ 2114/31251] RDocParserRubyTest#test_read_directive_no_comment = 0.06 s
[ 2115/31251] RDocParserRubyTest#test_parse_statements_alias_method = 0.27 s
[ 2116/31251] RDocParserRubyTest#test_parse_method_utf8 = 0.16 s
[ 2117/31251] RDocParserRubyTest#test_parse_statements_postfix_if_unless_with_expr_mid = 0.32 s
[ 2118/31251] RDocParserRubyTest#test_parse_method_star = 0.12 s
[ 2119/31251] RDocParserRubyTest#test_parse_constant_attrasgn = 0.11 s
[ 2120/31251] RDocParserRubyTest#test_parse_alias_stopdoc = 0.11 s
[ 2121/31251] RDocParserRubyTest#test_parse_symbol_in_arg = 0.13 s
[ 2122/31251] RDocParserRubyTest#test_parse_module_nodoc = 0.10 s
[ 2123/31251] RDocParserRubyTest#test_parse_method_toplevel_class = 0.14 s
[ 2124/31251] RDocParserRubyTest#test_stopdoc_after_comment = 0.28 s
[ 2125/31251] RDocParserRubyTest#test_parse_method_false = 0.14 s
[ 2126/31251] RDocParserRubyTest#test_parse_include_by_dynamic_definition_directly = 0.37 s
[ 2127/31251] RDocParserRubyTest#test_document_after_rescue_inside_paren = 0.30 s
[ 2128/31251] RDocParserRubyTest#test_parse_method_nodoc_track = 0.12 s
[ 2129/31251] RDocParserRubyTest#test_parse_meta_method_singleton = 0.13 s
[ 2130/31251] RDocParserRubyTest#test_parse_constant_alias = 0.11 s
[ 2131/31251] RDocParserRubyTest#test_parse_const_alias_defined_elsewhere = 0.26 s
[ 2132/31251] RDocParserRubyTest#test_scan_stopdoc_nested = 0.13 s
[ 2133/31251] RDocParserRubyTest#test_parse_constant_alias_same_name = 0.11 s
[ 2134/31251] RDocParserRubyTest#test_parse_class_multi_ghost_methods = 0.38 s
[ 2135/31251] RDocParserRubyTest#test_parse_constant_with_bracket = 0.35 s
[ 2136/31251] RDocParserRubyTest#test_parse_alias_meta = 0.10 s
[ 2137/31251] RDocParserRubyTest#test_parse_for_in = 0.30 s
[ 2138/31251] RDocParserRubyTest#test_scan_struct_self_brackets = 0.20 s
[ 2139/31251] RDocParserRubyTest#test_parse_redefinable_methods = 1.44 s
[ 2140/31251] RDocParserRubyTest#test_get_class_specification = 0.13 s
[ 2141/31251] RDocParserRubyTest#test_parse_statements_identifier_attr = 0.13 s
[ 2142/31251] RDocParserRubyTest#test_parse_meta_attr_accessor = 0.13 s
[ 2143/31251] RDocParserRubyTest#test_parse_attr_accessor_nodoc = 0.12 s
[ 2144/31251] RDocParserRubyTest#test_parse_meta_attr_writer = 0.12 s
[ 2145/31251] RDocParserRubyTest#test_scan_constant_in_rescue = 0.60 s
[ 2146/31251] RDocParserRubyTest#test_scan_constant_visibility = 0.31 s
[ 2147/31251] RDocParserRubyTest#test_end_that_doesnt_belong_to_class_doesnt_change_visibility = 0.2
4 s
[ 2148/31251] RDocParserRubyTest#test_parenthesized_cdecl = 0.22 s
[ 2149/31251] RDocParserRubyTest#test_parse_class_colon3_self_reference = 0.17 s
[ 2150/31251] RDocParserRubyTest#test_parse_statements_complex_condition_in_for = 0.41 s
[ 2151/31251] RDocParserRubyTest#test_parse_class_definition_encountered_after_class_reference = 0.2
1 s
[ 2152/31251] RDocParserRubyTest#test_parse_comment_attr = 0.09 s
[ 2153/31251] RDocParserRubyTest#test_sanity_interpolation_format = 0.10 s
[ 2154/31251] RDocParserRubyTest#test_parse_statements_identifier_args = 0.20 s
[ 2155/31251] RDocParserRubyTest#test_parse_method_parameters_comment = 0.13 s
[ 2156/31251] RDocParserRubyTest#test_parse_call_syntax_sugar_for_constant = 0.16 s
[ 2157/31251] RDocParserRubyTest#test_parse_class_stopdoc = 0.10 s
[ 2158/31251] RDocParserRubyTest#test_parse_attr_accessor_with_newline = 0.18 s
[ 2159/31251] RDocParserRubyTest#test_parse_statements_stopdoc_constant = 0.12 s
[ 2160/31251] RDocParserRubyTest#test_parse_method_dummy = 0.11 s
[ 2161/31251] RDocParserRubyTest#test_scan_class_nested_nodoc = 0.13 s
[ 2162/31251] RDocParserRubyTest#test_parse_statements_identifier_constant = 1.29 s
[ 2163/31251] RDocParserRubyTest#test_parse_method_toplevel = 0.13 s
[ 2164/31251] RDocParserRubyTest#test_parse_statements_identifier_define_method = 0.27 s
[ 2165/31251] RDocParserRubyTest#test_parse_method = 0.16 s
[ 2166/31251] RDocParserRubyTest#test_singleton_method_via_eigenclass = 0.22 s
[ 2167/31251] RDocParserRubyTest#test_read_directive_empty = 0.07 s
[ 2168/31251] RDocParserRubyTest#test_parse_statements_encoding = 0.18 s
[ 2169/31251] RDocParserRubyTest#test_parse_comment_method = 0.11 s
[ 2170/31251] RDocParserRubyTest#test_parse_include_by_dynamic_definition = 0.37 s
[ 2171/31251] RDocParserRubyTest#test_scan_block_comment_nested = 0.21 s
[ 2172/31251] RDocParserRubyTest#test_read_directive = 0.07 s
[ 2173/31251] RDocParserRubyTest#test_parse_class_the_same_of_outside = 0.17 s
[ 2174/31251] RDocParserRubyTest#test_parse_statements_identifier_attr_accessor = 0.14 s
[ 2175/31251] RDocParserRubyTest#test_parse_top_level_statements_constant_nodoc_integration = 0.16 s
[ 2176/31251] RDocParserRubyTest#test_parse_statements_identifier_alias_method = 0.22 s
[ 2177/31251] RDocParserRubyTest#test_parse_statements_embdoc_in_document = 0.39 s
[ 2178/31251] RDocParserRubyTest#test_scan_block_comment_notflush = 0.34 s
[ 2179/31251] RDocParserRubyTest#test_parse_module_relative_to_top_level_namespace = 0.19 s
[ 2180/31251] RDocParserRubyTest#test_parse_method_funky = 0.13 s
[ 2181/31251] RDocParserRubyTest#test_read_documentation_modifiers_not_new = 0.07 s
[ 2182/31251] RDocParserRubyTest#test_parse_statements_stopdoc_def = 0.14 s
[ 2183/31251] RDocParserRubyTest#test_parse_comment_attr_attr_reader = 0.08 s
[ 2184/31251] RDocParserRubyTest#test_parse_meta_method_stopdoc = 0.13 s
[ 2185/31251] RDocParserRubyTest#test_suppress_parents_documented = 0.09 s
[ 2186/31251] RDocParserRubyTest#test_parse_const_alias_defined_far_away = 0.33 s
[ 2187/31251] RDocParserRubyTest#test_collect_first_comment_rd_hash = 0.10 s
[ 2188/31251] RDocParserRubyTest#test_parse_statements_super = 0.07 s
[ 2189/31251] RDocParserRubyTest#test_parse_statements_stopdoc_identifier_metaprogrammed = 0.09 s
[ 2190/31251] RDocParserRubyTest#test_parse_syntax_error_code = 0.21 s
[ 2191/31251] RDocParserRubyTest#test_parse_meta_method_define_method = 0.12 s
[ 2192/31251] RDocParserRubyTest#test_parse_statements_identifier_include = 0.13 s
[ 2193/31251] RDocParserRubyTest#test_parse_include_by_dynamic_definition_without_paren = 0.36 s
[ 2194/31251] RDocParserRubyTest#test_scan_constant_nodoc = 0.17 s
[ 2195/31251] RDocParserRubyTest#test_parse_statements_nodoc_identifier_alias_method = 0.13 s
[ 2196/31251] RDocParserRubyTest#test_parse_statements_postfix_if_unless = 0.31 s
[ 2197/31251] RDocParserRubyTest#test_look_for_directives_in_section = 0.08 s
[ 2198/31251] RDocParserRubyTest#test_parse_statements_postfix_if_after_heredocbeg = 0.26 s
[ 2199/31251] RDocParserRubyTest#test_read_documentation_modifiers_not_dash_new = 0.07 s
[ 2200/31251] RDocParserRubyTest#test_parse_method_stopdoc = 0.13 s
[ 2201/31251] RDocParserRubyTest#test_parse_meta_method_name = 0.14 s
[ 2202/31251] RDocParserRubyTest#test_parse_method_gvar = 0.13 s
[ 2203/31251] RDocParserRubyTest#test_read_directive_allow = 0.07 s
[ 2204/31251] RDocParserRubyTest#test_get_symbol_or_name = 0.12 s
[ 2205/31251] RDocParserRubyTest#test_scan_visibility = 0.35 s
[ 2206/31251] RDocParserRubyTest#test_parse_require_dynamic_string = 0.17 s
[ 2207/31251] RDocParserRubyTest#test_parse_alias_singleton = 0.11 s
[ 2208/31251] RDocParserRubyTest#test_parse_meta_method = 0.15 s
[ 2209/31251] RDocParserRubyTest#test_parse_extend_or_include_extend = 0.09 s
[ 2210/31251] RDocParserRubyTest#test_read_directive_linear_performanceIn-address space security exc
eption (core dumped)
root@cheribsd-riscv64-purecap:~/ruby-3.4.5/build # ./miniruby -v
ruby 3.4.5 (2025-09-01 revision c3648febdf) +PRISM [riscv64-freebsd]
last_commit=[other]
root@cheribsd-riscv64-purecap:~/ruby-3.4.5/build # uname -a
FreeBSD cheribsd-riscv64-purecap 15.0-CURRENT FreeBSD 15.0-CURRENT #0 main-485c1c8195: Sun Aug 17 21
:21:09 JST 2025     hanhaotian@assam:/cheriv92/src/build/cheribsd-riscv64-purecap-build/cheriv92/src
/cheribsd/riscv.riscv64c/sys/CHERI-PURECAP-QEMU riscv
root@cheribsd-riscv64-purecap:~/ruby-3.4.5/build #
