../test/ruby/test_marshal.rb
../test/ruby/test_method.rb
../test/ruby/test_process.rb
../test/ruby/test_settracefunc.rb
../test/ruby/test_time.rb
../test/rubygems/test_gem_installer.rb
../test/rubygems/test_gem_resolver_lock_specification.rb
../test/rubygems/test_gem_silent_ui.rb
../test/rubygems/test_gem_specification.rb
../test/rubygems/test_gem_uninstaller.rb
../test/test_time.rb
../test/uri/test_parser.rb
root@cheribsd-riscv64-purecap:~/ruby-3.4.5/build # ./miniruby -I../lib -I. -I.ext/common  ../tool/ru
nruby.rb --extout=.ext  -- --disable-gems -r../tool/lib/_tmpdir \
"../test/runner.rb" --ruby="./miniruby -I../lib -I. -I.ext/common  ../tool/runruby.rb --extout=.ext
 -- --disable-gems" \
--excludes-dir=../test/.excludes --name=!/memory_leak/ --timeout-scale 10 --worker-timeout=1000 -v -
-test-order=random
/root/ruby-3.4.5/lib/yaml.rb:3: warning: It seems your ruby installation is missing psych (for YAML
output).
To eliminate this warning, please install libyaml and reinstall your ruby.
/root/ruby-3.4.5/test/did_you_mean/test_tree_spell_checker.rb: cannot load such file -- psych
/root/ruby-3.4.5/test/optparse/test_acceptable.rb: cannot load such file -- /root/ruby-3.4.5/test/op
tparse/test_optparse
/root/ruby-3.4.5/lib/yaml.rb:3: warning: It seems your ruby installation is missing psych (for YAML
output).
To eliminate this warning, please install libyaml and reinstall your ruby.
/root/ruby-3.4.5/test/psych/handlers/test_recorder.rb: cannot load such file -- psych/helper
/root/ruby-3.4.5/test/psych/test_alias_and_anchor.rb: cannot load such file -- /root/ruby-3.4.5/test
/psych/helper
/root/ruby-3.4.5/test/ruby/test_pipe.rb: cannot load such file -- /root/ruby-3.4.5/test/ruby/ut_eof
/root/ruby-3.4.5/lib/yaml.rb:3: warning: It seems your ruby installation is missing psych (for YAML
output).
To eliminate this warning, please install libyaml and reinstall your ruby.
/root/ruby-3.4.5/lib/yaml.rb:3: warning: It seems your ruby installation is missing psych (for YAML
output).
To eliminate this warning, please install libyaml and reinstall your ruby.
/root/ruby-3.4.5/test/rdoc/rdoc_alias_test.rb: cannot load such file -- /root/ruby-3.4.5/test/rdoc/s
upport/formatter_test_case
Run options:
  --seed=62378
  "--ruby=./miniruby -I../lib -I. -I.ext/common  ../tool/runruby.rb --extout=.ext  -- --disable-gems
"
  --excludes-dir=../test/.excludes
  --name=!/memory_leak/
  --timeout-scale
  10
  --worker-timeout=1000
  -v
  --test-order=random

# Running tests:

[   1/4401] TestCP949#test_mbc_enc_len = 0.14 s
[   2/4401] TestCP949#test_mbc_case_fold = 0.01 s
[   3/4401] TestCP949#test_left_adjust_char_head = 0.01 s
[   4/4401] TestCP949#test_code_to_mbc = 0.01 s
[   5/4401] TestCP949#test_mbc_to_code = 0.01 s
[   6/4401] TestGemCommandsMirrorCommand#test_execute = 0.69 s
[   7/4401] TestMkmfConvertible#test_typeof_typedef = 0.72 s
[   8/4401] TestMkmfConvertible#test_typeof_builtin = 0.44 s
[   9/4401] TestConcatStress#test_concat = 182.02 s
[  10/4401] TestGemDependencyResolutionError#test_message = 0.57 s
[  11/4401] TestMkmfPkgConfig#test_pkgconfig_with_multiple_options = 0.23 s
[  12/4401] TestMkmfPkgConfig#test_pkgconfig_with_option_returns_nil_on_error = 0.22 s
[  13/4401] TestMkmfPkgConfig#test_pkgconfig_with_libs_option_returns_output = 0.22 s
[  14/4401] TestMkmfPkgConfig#test_pkgconfig_with_cflags_option_returns_output = 0.21 s
[  15/4401] TestMkmfLibs#test_merge_cyclic_2 = 0.22 s
[  16/4401] TestMkmfLibs#test_merge_seq_pre = 0.25 s
[  17/4401] TestMkmfLibs#test_merge_cyclic = 0.37 s
[  18/4401] TestMkmfLibs#test_merge_seq = 0.20 s
[  19/4401] TestMkmfLibs#test_merge_reversal = 0.26 s
[  20/4401] TestMkmfLibs#test_split_libs = 0.19 s
[  21/4401] TestMkmfLibs#test_merge_reversal_followed = 0.25 s
[  22/4401] TestMkmfLibs#test_merge_simple = 0.20 s
[  23/4401] TestSocketNonblock#test_sendmsg_nonblock_seqpacket = 0.04 s
[  24/4401] TestSocketNonblock#test_connect_nonblock_no_exception = 0.06 s
[  25/4401] TestSocketNonblock#test_connect_nonblock_error = 0.03 s
[  26/4401] TestSocketNonblock#test_recvfrom_nonblock_no_exception = 0.05 s
[  27/4401] TestSocketNonblock#test_read_nonblock_no_exception = 0.03 s
[  28/4401] TestSocketNonblock#test_recvmsg_nonblock_error = 0.03 s
[  29/4401] TestSocketNonblock#test_read_nonblock = 0.05 s
[  30/4401] TestSocketNonblock#test_accept_nonblock = 0.04 s
[  31/4401] TestSocketNonblock#test_connect_nonblock = 0.02 s
[  32/4401] TestSocketNonblock#test_udp_recv_nonblock = 0.07 s
[  33/4401] TestSocketNonblock#test_recv_nonblock_no_exception = 0.03 s
[  34/4401] TestSocketNonblock#test_tcp_recv_nonblock = 0.03 s
[  35/4401] TestSocketNonblock#test_socket_recvfrom_nonblock = 0.03 s
[  36/4401] TestSocketNonblock#test_accept_nonblock_error = 0.01 s
[  37/4401] TestSocketNonblock#test_sendmsg_nonblock_error = 0.03 s
[  38/4401] TestSocketNonblock#test_sendmsg_nonblock_no_exception = 0.03 s
[  39/4401] TestSocketNonblock#test_udp_recvfrom_nonblock = 0.04 s
[  40/4401] TestSocketNonblock#test_recv_nonblock_error = 0.02 s
[  41/4401] TestUbfAsyncSafe#test_ubf_async_safe = 1.01 s
[  42/4401] TestDateParseRactor#test_date_ractor = 49.00 s
[  43/4401] TestGemRequestConnectionPool#test_net_http_args_proxy = 1.56 s
[  44/4401] TestGemRequestConnectionPool#test_to_proxy_empty_string = 0.51 s
[  45/4401] TestGemRequestConnectionPool#test_net_http_args_ipv6 = 0.44 s
[  46/4401] TestGemRequestConnectionPool#test_to_proxy_eh_wildcard = 0.44 s
[  47/4401] TestGemRequestConnectionPool#test_to_proxy_eh = 0.44 s
[  48/4401] TestGemRequestConnectionPool#test_checkout_same_connection = 0.45 s
[  49/4401] TestGemRequestConnectionPool#test_thread_waits_for_connection = 1.50 s
[  50/4401] TestGemRequestConnectionPool#test_net_http_args_no_proxy = 0.44 s
[  51/4401] TestGemRequestConnectionPool#test_net_http_args = 0.43 s
[  52/4401] TestGemRequestConnectionPool#test_to_proxy_substring = 0.43 s
[  53/4401] TestDateStrftime#test_strftime__gnuext_z = 0.10 s
[  54/4401] TestDateStrftime#test_strftime__3_1 = 81.16 s
[  55/4401] TestDateStrftime#test_strftime__gnuext_complex = 0.03 s
[  56/4401] TestDateStrftime#test_strftime = 0.47 s
[  57/4401] TestDateStrftime#test_strftime_milli = 0.02 s
[  58/4401] TestDateStrftime#test_strftime__gnuext_LN = 0.03 s
[  59/4401] TestDateStrftime#test_strftime__offset = 0.82 s
[  60/4401] TestDateStrftime#test_strftime__2 = 0.04 s
[  61/4401] TestDateStrftime#test_overflow = 0.02 s
[  62/4401] TestDateStrftime#test_strftime__4 = 0.07 s
[  63/4401] TestDateStrftime#test_strftime__minus = 0.01 s
[  64/4401] TestDateStrftime#test_strftime__gnuext = 0.07 s
[  65/4401] TestDateStrftime#test_strftime__3_2 = 138.41 s
[  66/4401] TestDateStrftime#test__different_format = 0.22 s
[  67/4401] TestBignum_Str2big#test_str2big_normal = 0.02 s
[  68/4401] TestBignum_Str2big#test_str2big_poweroftwo = 0.01 s
[  69/4401] TestBignum_Str2big#test_str2big_gmp = 0.01 s
[  70/4401] TestBignum_Str2big#test_str2big_karatsuba = 0.01 s
[  71/4401] TestGemResolverComposedSet#test_remote_equals = 0.43 s
[  72/4401] TestGemResolverComposedSet#test_errors = 0.61 s
[  73/4401] TestGemResolverComposedSet#test_prerelease_equals = 0.48 s
[  74/4401] TestMath#test_atanh = 0.05 s
[  75/4401] TestMath#test_rational_to_f = 0.01 s
[  76/4401] TestMath#test_erf = 0.01 s
[  77/4401] TestMath#test_atan = 0.02 s
[  78/4401] TestMath#test_gamma = 0.17 s
[  79/4401] TestMath#test_lgamma = 0.05 s
[  80/4401] TestMath#test_log = 0.08 s
[  81/4401] TestMath#test_acosh = 0.03 s
[  82/4401] TestMath#test_log2 = 0.05 s
[  83/4401] TestMath#test_log10 = 0.04 s
[  84/4401] TestMath#test_sin = 0.01 s
[  85/4401] TestMath#test_cos = 0.02 s
[  86/4401] TestMath#test_ldexp = 0.01 s
[  87/4401] TestMath#test_sqrt = 0.04 s
[  88/4401] TestMath#test_fixnum_to_f = 0.01 s
[  89/4401] TestMath#test_asinh = 0.01 s
[  90/4401] TestMath#test_hypot = 0.01 s
[  91/4401] TestMath#test_override_rational_to_f = 0.02 s
[  92/4401] TestMath#test_override_integer_to_f = 0.02 s
[  93/4401] TestMath#test_tanh = 0.02 s
[  94/4401] TestMath#test_override_bignum_to_f = 0.01 s
[  95/4401] TestMath#test_tan = 0.02 s
[  96/4401] TestMath#test_atan2 = 0.02 s
[  97/4401] TestMath#test_frexp = 0.02 s
[  98/4401] TestMath#test_cbrt = 0.02 s
[  99/4401] TestMath#test_erfc = 0.01 s
[ 100/4401] TestMath#test_acos = 0.04 s
[ 101/4401] TestMath#test_cosh = 0.01 s
[ 102/4401] TestMath#test_exp = 0.01 s
[ 103/4401] TestMath#test_sinh = 0.01 s
[ 104/4401] TestMath#test_bignum_to_f = 0.01 s
[ 105/4401] TestMath#test_asin = 0.04 s
[ 106/4401] TestGemResolverLockSet#test_load_spec = 1.98 s
[ 107/4401] TestGemResolverLockSet#test_add = 0.50 s
[ 108/4401] TestGemResolverLockSet#test_prefetch = 0.41 s
[ 109/4401] TestGemResolverLockSet#test_find_all = 0.46 s
[ 110/4401] Test_StringCStr#test_wchar_replace = 0.12 s
[ 111/4401] Test_StringCStr#test_wchar_long = 28.94 s
[ 112/4401] Test_StringCStr#test_wchar_squeeze! = 0.01 s
[ 113/4401] Test_StringCStr#test_wchar_chop! = 0.01 s
[ 114/4401] Test_StringCStr#test_wchar_tr_s! = 0.02 s
[ 115/4401] Test_StringCStr#test_embedded_from_heap = 0.02 s
[ 116/4401] Test_StringCStr#test_wchar_lstrip! = 0.01 s
[ 117/4401] Test_StringCStr#test_shared = 3.55 s
[ 118/4401] Test_StringCStr#test_embed = 3.53 s
[ 119/4401] Test_StringCStr#test_long = 3.59 s
[ 120/4401] Test_StringCStr#test_rb_str_new_frozen_embed = 0.01 s
[ 121/4401] Test_StringCStr#test_frozen = 70.46 s
[ 122/4401] Test_StringCStr#test_wchar_delete! = 0.02 s
[ 123/4401] Test_StringCStr#test_wchar_rstrip! = 0.01 s
[ 124/4401] Test_StringCStr#test_wchar_chomp! = 0.01 s
[ 125/4401] Test_StringCStr#test_wchar_aset = 0.02 s
[ 126/4401] Test_StringCStr#test_wchar_tr! = 0.02 s
[ 127/4401] Test_StringCStr#test_wchar_embed = 28.19 s
[ 128/4401] Test_StringCStr#test_wchar_sub! = 0.02 s
[ 129/4401] TestRubyOptimization#test_float_minus = 14.19 s
[ 130/4401] TestRubyOptimization#test_peephole_array_freeze_empty = 2.47 s
[ 131/4401] TestRubyOptimization#test_jump_elimination_with_optimized_out_block_2 = 0.01 s
[ 132/4401] TestRubyOptimization#test_opt_case_dispatch = 93.71 s
[ 133/4401] TestRubyOptimization#test_float_lt = 14.03 s
[ 134/4401] TestRubyOptimization#test_fixnum_gt = 14.10 s
[ 135/4401] TestRubyOptimization#test_array_hash = 2.63 s
[ 136/4401] TestRubyOptimization#test_opt_case_dispatch_inf = 0.02 s
[ 137/4401] TestRubyOptimization#test_peephole_hash_freeze = 2.48 s
[ 138/4401] TestRubyOptimization#test_array_min = 25.68 s
[ 139/4401] TestRubyOptimization#test_callinfo_unreachable_path = 11.68 s
[ 140/4401] TestRubyOptimization#test_hash_length = 14.07 s
[ 141/4401] TestRubyOptimization#test_string_succ = 2.43 s
[ 142/4401] TestRubyOptimization#test_peephole_array_freeze = 2.45 s
[ 143/4401] TestRubyOptimization#test_tailcall_with_block = 0.06 s
[ 144/4401] TestRubyOptimization#test_float_gt = 14.08 s
[ 145/4401] TestRubyOptimization#test_overwritten_blockparam = 0.08 s
[ 146/4401] TestRubyOptimization#test_optimized_empty_ensure = 11.62 s
[ 147/4401] TestRubyOptimization#test_retry_label_in_unreachable_chunk = 0.10 s
[ 148/4401] TestRubyOptimization#test_fixnum_lt = 14.14 s
[ 149/4401] TestRubyOptimization#test_fixnum_and = 23.02 s
[ 150/4401] TestRubyOptimization#test_opt_duparray_send_include_p = 5.05 s
[ 151/4401] TestRubyOptimization#test_tailcall_and_post_arg = 0.08 s
[ 152/4401] TestRubyOptimization#test_block_given_aset_aref = 0.03 s
[ 153/4401] TestRubyOptimization#test_string_length = 14.02 s
[ 154/4401] TestRubyOptimization#test_tailcall = 1.88 s
[ 155/4401] TestRubyOptimization#test_trace_optimized_methods = 9.39 s
[ 156/4401] TestRubyOptimization#test_array_plus = 14.04 s
[ 157/4401] TestRubyOptimization#test_array_length = 14.46 s
[ 158/4401] TestRubyOptimization#test_blockparam_in_rescue = 0.02 s
[ 159/4401] TestRubyOptimization#test_peephole_dstr = 0.04 s
[ 160/4401] TestRubyOptimization#test_objtostring = 57.98 s
[ 161/4401] TestRubyOptimization#test_jump_elimination_with_optimized_out_block = 0.02 s
[ 162/4401] TestRubyOptimization#test_branch_condition_defs = 0.04 s
[ 163/4401] TestRubyOptimization#test_peephole_jump_after_newarray = 0.14 s
[ 164/4401] TestRubyOptimization#test_optimized_rescue = 2.44 s
[ 165/4401] TestRubyOptimization#test_float_div = 14.03 s
[ 166/4401] TestRubyOptimization#test_fixnum_plus = 14.00 s
[ 167/4401] TestRubyOptimization#test_block_parameter = 0.03 s
[ 168/4401] TestRubyOptimization#test_float_mul = 14.10 s
[ 169/4401] TestRubyOptimization#test_string_plus = 14.20 s
[ 170/4401] TestRubyOptimization#test_eqq = 98.63 s
[ 171/4401] TestRubyOptimization#test_string_ltlt = 21.95 s
[ 172/4401] TestRubyOptimization#test_nil_safe_conditional_assign = 9.78 s
[ 173/4401] TestRubyOptimization#test_string_freeze = 14.07 s
[ 174/4401] TestRubyOptimization#test_block_parameter_should_not_create_objects = 12.11 s
[ 175/4401] TestRubyOptimization#test_fixnum_minus = 14.06 s
[ 176/4401] TestRubyOptimization#test_unconditional_branch_to_leave_block = 0.05 s
[ 177/4401] TestRubyOptimization#test_peephole_optimization_without_trace = 11.65 s
[ 178/4401] TestRubyOptimization#test_string_freeze_saves_memory = 0.03 s
[ 179/4401] TestRubyOptimization#test_tailcall_not_to_grow_stack = 61.16 s
[ 180/4401] TestRubyOptimization#test_fixnum_mul = 14.02 s
[ 181/4401] TestRubyOptimization#test_tailcall_symbol_block_arg = 0.06 s
[ 182/4401] TestRubyOptimization#test_fixnum_or = 14.17 s
[ 183/4401] TestRubyOptimization#test_branch_condition_backquote = 0.04 s
[ 184/4401] TestRubyOptimization#test_peephole_string_literal_range = 0.10 s
[ 185/4401] TestRubyOptimization#test_fixnum_div = 14.48 s
[ 186/4401] TestRubyOptimization#test_string_empty? = 14.02 s
[ 187/4401] TestRubyOptimization#test_array_max = 25.64 s
[ 188/4401] TestRubyOptimization#test_string_uminus = 14.04 s
[ 189/4401] TestRubyOptimization#test_array_empty? = 14.21 s
[ 190/4401] TestRubyOptimization#test_array_minus = 14.04 s
[ 191/4401] TestRubyOptimization#test_string_eq_neq = 26.90 s
[ 192/4401] TestRubyOptimization#test_string_freeze_block = 11.75 s
[ 193/4401] TestRubyOptimization#test_hash_aset_with = 14.15 s
[ 194/4401] TestRubyOptimization#test_tailcall_interrupted_by_sigint = 9.79 s
[ 195/4401] TestRubyOptimization#test_eq = 0.02 s
[ 196/4401] TestRubyOptimization#test_side_effect_in_popped_splat = 0.04 s
[ 197/4401] TestRubyOptimization#test_opt_newarray_send_include_p = 5.19 s
[ 198/4401] TestRubyOptimization#test_hash_empty? = 14.10 s
[ 199/4401] TestRubyOptimization#test_float_le = 14.15 s
[ 200/4401] TestRubyOptimization#test_tailcall_inhibited_by_block = 0.06 s
[ 201/4401] TestRubyOptimization#test_float_plus = 14.08 s
[ 202/4401] TestRubyOptimization#test_c_func_with_sp_offset_under_tailcall = 0.17 s
[ 203/4401] TestRubyOptimization#test_clear_unreachable_keyword_args = 207.19 s
[ 204/4401] TestRubyOptimization#test_fixnum_ge = 14.15 s
[ 205/4401] TestRubyOptimization#test_string_format = 14.04 s
[ 206/4401] TestRubyOptimization#test_hash_aref_with = 14.05 s
[ 207/4401] TestRubyOptimization#test_peephole_hash_freeze_empty = 2.50 s
[ 208/4401] TestRubyOptimization#test_tailcall_condition_block = 2.87 s
[ 209/4401] TestRubyOptimization#test_float_ge = 14.05 s
[ 210/4401] TestRubyOptimization#test_string_size = 14.86 s
[ 211/4401] TestRubyOptimization#test_tailcall_inhibited_by_rescue = 0.07 s
[ 212/4401] TestRubyOptimization#test_branch_condition_def = 0.01 s
[ 213/4401] TestRubyOptimization#test_fixnum_mod = 14.02 s
[ 214/4401] TestRubyOptimization#test_fixnum_le = 14.04 s
[ 215/4401] TestSH#test_new = 0.09 s
[ 216/4401] TestSH#test_different_alignments = 0.05 s
[ 217/4401] TestSH#test_canon24oc = 0.02 s
[ 218/4401] TestSH#test_to_s = 0.02 s
[ 219/4401] TestSH#test_strftime = 0.07 s
[ 220/4401] TestSH#test_marshal16 = 0.02 s
[ 221/4401] TestSH#test_period = 0.08 s
[ 222/4401] TestSH#test_marshal14 = 0.02 s
[ 223/4401] TestSH#test_enc = 0.08 s
[ 224/4401] TestSH#test_zone = 0.01 s
[ 225/4401] TestSH#test_marshal18 = 0.03 s
[ 226/4401] TestSH#test_eqeqeq = 0.03 s
[ 227/4401] TestSH#test_period2 = 1.44 s
[ 228/4401] TestSH#test_marshal192 = 0.03 s
[ 229/4401] TestSH#test_commercial = 0.04 s
[ 230/4401] TestSH#test_dup = 0.02 s
[ 231/4401] TestSH#test_inspect = 0.01 s
[ 232/4401] TestSH#test_fractional = 0.08 s
[ 233/4401] TestSH#test_ordinal = 0.03 s
[ 234/4401] TestSH#test_cmp = 0.03 s
[ 235/4401] TestSH#test_jd = 0.03 s
[ 236/4401] TestOpen3#test_noblock = 9.83 s
[ 237/4401] TestOpen3#test_stdout = 9.80 s
[ 238/4401] TestOpen3#test_capture3_flip = 14.12 s
[ 239/4401] TestOpen3#test_capture2e_stdin_data = 9.89 s
[ 240/4401] TestOpen3#test_pid = 9.80 s
[ 241/4401] TestOpen3#test_pipeline_r = 19.61 s
[ 242/4401] TestOpen3#test_integer_and_symbol_key = 9.92 s
[ 243/4401] TestOpen3#test_stdin = 19.62 s
[ 244/4401] TestOpen3#test_pipeline = 69.33 s
[ 245/4401] TestOpen3#test_exit_status = 19.74 s
[ 246/4401] TestOpen3#test_capture2_stdin_data_io = 9.83 s
[ 247/4401] TestOpen3#test_capture3 = 18.80 s
[ 248/4401] TestOpen3#test_block = 9.84 s
[ 249/4401] TestOpen3#test_numeric_file_descriptor2 = 9.80 s
[ 250/4401] TestOpen3#test_capture3_stdin_data = 9.93 s
[ 251/4401] TestOpen3#test_numeric_file_descriptor3 = 9.97 s
[ 252/4401] TestOpen3#test_pipeline_start_noblock = 9.78 s
[ 253/4401] TestOpen3#test_commandline = 0.37 s
[ 254/4401] TestOpen3#test_pipeline_start = 69.46 s
[ 255/4401] TestOpen3#test_capture2e_stdin_data_io = 9.97 s
[ 256/4401] TestOpen3#test_popen2 = 10.20 s
[ 257/4401] TestOpen3#test_env = 9.78 s
[ 258/4401] TestOpen3#test_capture2 = 9.84 s
[ 259/4401] TestOpen3#test_pipeline_rw = 19.66 s
[ 260/4401] TestOpen3#test_popen2e_noblock = 9.80 s
[ 261/4401] TestOpen3#test_capture3_stdin_data_io = 9.87 s
[ 262/4401] TestOpen3#test_stderr = 9.79 s
[ 263/4401] TestOpen3#test_pipeline_w = 59.55 s
[ 264/4401] TestOpen3#test_capture2e = 9.86 s
[ 265/4401] TestOpen3#test_capture2_stdin_data = 9.98 s
[ 266/4401] TestOpen3#test_popen2e = 9.85 s
[ 267/4401] TestKOI8#test_koi8_u = 0.53 s
[ 268/4401] TestKOI8#test_koi8_r = 0.47 s
[ 269/4401] TestGemSecuritySigner#test_sign_expired_auto_update_exists = 0.67 s
[ 270/4401] TestGemSecuritySigner#test_initialize_encrypted_key_path = 1.19 s
[ 271/4401] TestGemSecuritySigner#test_initialize_key_path = 1.05 s
[ 272/4401] TestGemSecuritySigner#test_initialize_default = 1.12 s
[ 273/4401] TestGemSecuritySigner#test_initialize_cert_chain_invalid = 0.45 s
[ 274/4401] TestGemSecuritySigner#test_load_cert_chain_broken = 0.59 s
[ 275/4401] TestGemSecuritySigner#test_load_cert_chain = 0.65 s
[ 276/4401] TestGemSecuritySigner#test_sign_no_key = 0.51 s
[ 277/4401] TestGemSecuritySigner#test_initialize = 0.44 s
[ 278/4401] TestGemSecuritySigner#test_initialize_cert_chain_mixed = 0.45 s
[ 279/4401] TestGemSecuritySigner#test_sign = 0.59 s
[ 280/4401] TestGemSecuritySigner#test_initialize_cert_chain_path = 0.44 s
[ 281/4401] TestGemSecuritySigner#test_sign_no_certs = 0.43 s
[ 282/4401] TestGemSecuritySigner#test_initialize_cert_chain_empty = 0.43 s
[ 283/4401] TestGemSecuritySigner#test_sign_expired = 0.45 s
[ 284/4401] TestGemSecuritySigner#test_extract_name = 0.44 s
[ 285/4401] TestGemSecuritySigner#test_sign_expired_auto_update = 1.74 s
[ 286/4401] TestGemSecuritySigner#test_sign_wrong_key = 0.44 s
[ 287/4401] TestIO_Console#test_setecho2 = 0.48 s
[ 288/4401] TestIO_Console#test_getch_timeout = 0.14 s
[ 289/4401] TestIO_Console#test_cooked = 0.04 s
[ 290/4401] TestIO_Console#test_set_winsize_invalid_dev = 0.04 s
[ 291/4401] TestIO_Console#test_echo = 0.03 s
[ 292/4401] TestIO_Console#test_sync = 0.01 s
[ 293/4401] TestIO_Console#test_cursor_position = 9.88 s
[ 294/4401] TestIO_Console#test_ioflush = 0.03 s
[ 295/4401] TestIO_Console#test_raw_minchar = 0.20 s
[ 296/4401] TestIO_Console#test_failed_path = 0.02 s
[ 297/4401] TestIO_Console#test_intr = 0.04 s
[ 298/4401] TestIO_Console#test_noecho2 = 0.48 s
[ 299/4401] TestIO_Console#test_close = 0.02 s
[ 300/4401] TestIO_Console#test_ttyname = 0.02 s
[ 301/4401] TestIO_Console#test_bad_keyword = 0.03 s
[ 302/4401] TestIO_Console#test_raw! = 0.03 s
[ 303/4401] TestIO_Console#test_winsize = 0.03 s
[ 304/4401] TestIO_Console#test_console_kw = 0.01 s
[ 305/4401] TestIO_Console#test_setecho = 0.14 s
[ 306/4401] TestIO_Console#test_raw = 0.04 s
[ 307/4401] TestIO_Console#test_noctty = 20.40 s
[ 308/4401] TestIO_Console#test_ioflush2 = 0.15 s
[ 309/4401] TestIO_Console#test_raw_timeout = 0.17 s
[ 310/4401] TestIO_Console#test_iflush = 0.03 s
[ 311/4401] TestIO_Console#test_get_winsize_console = 0.02 s
[ 312/4401] TestIO_Console#test_stringio_getch = 7.34 s
[ 313/4401] TestIO_Console#test_noecho = 0.15 s
[ 314/4401] TestIO_Console#test_oflush = 0.14 s
[ 315/4401] TestIO_Console#test_set_winsize_console = 0.02 s
[ 316/4401] TestGemUriFormatter#test_escape = 0.57 s
[ 317/4401] TestGemUriFormatter#test_normalize_uri = 0.59 s
[ 318/4401] TestGemUriFormatter#test_unescape = 0.57 s
[ 319/4401] TestOptionParserLoad#test_load_nothing = 0.11 s
[ 320/4401] TestOptionParserLoad#test_load_home_options = 0.33 s
[ 321/4401] TestOptionParserLoad#test_load_home_config_settings = 0.11 s
[ 322/4401] TestOptionParserLoad#test_load_home_config = 0.23 s
[ 323/4401] TestOptionParserLoad#test_load_xdg_config_home = 0.30 s
[ 324/4401] TestOptionParserLoad#test_load_xdg_config_dirs = 0.19 s
[ 325/4401] TestOpenURISSL#test_bad_ssl_version = 2.98 s
[ 326/4401] TestOpenURISSL#test_ssl_min_version = 3.03 s
[ 327/4401] TestOpenURISSL#test_validation_failure = 3.74 s
[ 328/4401] TestOpenURISSL#test_proxy_cacert_dir = 4.11 s
[ 329/4401] TestOpenURISSL#test_proxy_cacert_file = 4.09 s
[ 330/4401] TestOpenURISSL#test_validation_success = 2.91 s
[ 331/4401] TestOpenURISSL#test_validation_noverify = 8.21 s
[ 332/4401] Test_Load_ResolveSymbol#test_load_resolve_symbol_resolver = 12.12 s
[ 333/4401] TestGemBundledCA#test_accessing_staging = 1.42 s
[ 334/4401] TestGemBundledCA#test_accessing_www_rubygems = 2.41 s
[ 335/4401] TestGemBundledCA#test_accessing_new_index = 1.21 s
[ 336/4401] TestGemBundledCA#test_accessing_rubygems = 1.08 s
[ 337/4401] TestRange#test_size = 0.54 s
[ 338/4401] TestRange#test_reverse_each = 0.03 s
[ 339/4401] TestRange#test_beginless_range_iteration = 0.01 s
[ 340/4401] TestRange#test_bsearch_for_fixnum = 0.03 s
[ 341/4401] TestRange#test_frozen_initialize = 0.02 s
[ 342/4401] TestRange#test_new = 0.03 s
[ 343/4401] TestRange#test_bsearch_for_bignum = 0.41 s
[ 344/4401] TestRange#test_reverse_each_for_endless_range = 0.02 s
[ 345/4401] TestRange#test_include = 0.04 s
[ 346/4401] TestRange#test_step_non_numeric_range = 0.08 s
[ 347/4401] TestRange#test_max = 0.05 s
[ 348/4401] TestRange#test_reverse_each_for_single_point_range = 0.03 s
[ 349/4401] TestRange#test_each = 0.03 s
[ 350/4401] TestRange#test_reverse_each_for_beginless_range = 0.03 s
[ 351/4401] TestRange#test_reverse_each_size = 0.04 s
[ 352/4401] TestRange#test_evaluation_order = 0.01 s
[ 353/4401] TestRange#test_exclude_end = 0.01 s
[ 354/4401] TestRange#test_reverse_each_for_empty_range = 0.12 s
[ 355/4401] TestRange#test_last_with_redefine_each = 2.42 s
[ 356/4401] TestRange#test_to_s = 0.01 s
[ 357/4401] TestRange#test_reverse_each_with_no_block = 0.01 s
[ 358/4401] TestRange#test_step_bug15537 = 0.02 s
[ 359/4401] TestRange#test_step_ruby_core_35753 = 0.02 s
[ 360/4401] TestRange#test_to_a = 0.01 s
[ 361/4401] TestRange#test_eqq_string = 0.02 s
[ 362/4401] TestRange#test_step_numeric_range = 0.36 s
[ 363/4401] TestRange#test_eqq = 0.02 s
[ 364/4401] TestRange#test_step_string_legacy = 0.04 s
[ 365/4401] TestRange#test_bad_value = 0.01 s
[ 366/4401] TestRange#test_eqq_unbounded_ruby_bug_19864 = 0.03 s
[ 367/4401] TestRange#test_initialize_twice = 0.02 s
[ 368/4401] TestRange#test_percent_step = 0.02 s
[ 369/4401] TestRange#test_bsearch_typechecks_return_values = 0.04 s
[ 370/4401] TestRange#test_eqq_non_linear = 0.01 s
[ 371/4401] TestRange#test_range_numeric_string = 0.04 s
[ 372/4401] TestRange#test_step_numeric_fixnum_boundary = 0.02 s
[ 373/4401] TestRange#test_count = 0.02 s
[ 374/4401] TestRange#test_eqq_time = 0.01 s
[ 375/4401] TestRange#test_cyclic_range_inspect = 0.01 s
[ 376/4401] TestRange#test_comparison_when_recursive = 0.05 s
[ 377/4401] TestRange#test_beg_len = 0.03 s
[ 378/4401] TestRange#test_begin_end = 0.01 s
[ 379/4401] TestRange#test_eqq_non_iteratable = 0.02 s
[ 380/4401] TestRange#test_each_with_succ = 0.02 s
[ 381/4401] TestRange#test_bsearch_with_no_block = 0.01 s
[ 382/4401] TestRange#test_bsearch_for_other_numerics = 0.01 s
[ 383/4401] TestRange#test_eql = 0.02 s
[ 384/4401] TestRange#test_duckrange = 0.01 s
[ 385/4401] TestRange#test_step_big_float = 0.01 s
[ 386/4401] TestRange#test_range_symbol = 0.01 s
[ 387/4401] TestRange#test_minmax = 0.04 s
[ 388/4401] TestRange#test_min = 0.03 s
[ 389/4401] TestRange#test_step_with_nonnumeric_endpoint = 0.03 s
[ 390/4401] TestRange#test_step_symbol_legacy = 0.04 s
[ 391/4401] TestRange#test_inspect = 0.02 s
[ 392/4401] TestRange#test_eq = 0.02 s
[ 393/4401] TestRange#test_range_string = 0.02 s
[ 394/4401] TestRange#test_each_no_blockarg = 0.01 s
[ 395/4401] TestRange#test_overlap? = 0.06 s
[ 396/4401] TestRange#test_hash = 0.01 s
[ 397/4401] TestRange#test_cover = 2.44 s
[ 398/4401] TestRange#test_uninitialized_range = 0.01 s
[ 399/4401] TestRange#test_range_bsearch_for_floats = 426.19 s
[ 400/4401] TestRange#test_marshal = 0.02 s
[ 401/4401] TestRange#test_first_last = 0.05 s
[ 402/4401] TestRange#test_bsearch_for_float = 0.22 s
[ 403/4401] TestFileUtilsDryRun#test_singleton_visibility_fu_windows? = 0.02 s
[ 404/4401] TestFileUtilsDryRun#test_visibility_ln = 0.01 s
[ 405/4401] TestFileUtilsDryRun#test_singleton_visibility_touch = 0.01 s
[ 406/4401] TestFileUtilsDryRun#test_singleton_visibility_install = 0.01 s
[ 407/4401] TestFileUtilsDryRun#test_visibility_cp_r = 0.01 s
[ 408/4401] TestFileUtilsDryRun#test_singleton_visibility_rm_rf = 0.01 s
[ 409/4401] TestFileUtilsDryRun#test_singleton_visibility_copy_entry = 0.01 s
[ 410/4401] TestFileUtilsDryRun#test_singleton_visibility_safe_unlink = 0.01 s
[ 411/4401] TestFileUtilsDryRun#test_visibility_rm = 0.01 s
[ 412/4401] TestFileUtilsDryRun#test_visibility_chown = 0.01 s
[ 413/4401] TestFileUtilsDryRun#test_singleton_visibility_symlink = 0.01 s
[ 414/4401] TestFileUtilsDryRun#test_visibility_chown_R = 0.01 s
[ 415/4401] TestFileUtilsDryRun#test_visibility_copy_stream = 0.01 s
[ 416/4401] TestFileUtilsDryRun#test_singleton_visibility_cmp = 0.01 s
[ 417/4401] TestFileUtilsDryRun#test_visibility_pwd = 0.01 s
[ 418/4401] TestFileUtilsDryRun#test_visibility_getwd = 0.01 s
[ 419/4401] TestFileUtilsDryRun#test_singleton_visibility_remove_dir = 0.01 s
[ 420/4401] TestFileUtilsDryRun#test_singleton_visibility_rm = 0.01 s
[ 421/4401] TestFileUtilsDryRun#test_singleton_visibility_compare_stream = 0.01 s
[ 422/4401] TestFileUtilsDryRun#test_visibility_cmp = 0.01 s
[ 423/4401] TestFileUtilsDryRun#test_singleton_visibility_remove_entry_secure = 0.01 s
[ 424/4401] TestFileUtilsDryRun#test_singleton_visibility_chdir = 0.01 s
[ 425/4401] TestFileUtilsDryRun#test_visibility_remove_file = 0.01 s
[ 426/4401] TestFileUtilsDryRun#test_singleton_visibility_ln = 0.01 s
[ 427/4401] TestFileUtilsDryRun#test_singleton_visibility_remove_entry = 0.01 s
[ 428/4401] TestFileUtilsDryRun#test_visibility_ln_s = 0.01 s
[ 429/4401] TestFileUtilsDryRun#test_singleton_visibility_pwd = 0.01 s
[ 430/4401] TestFileUtilsDryRun#test_singleton_visibility_mkdir = 0.01 s
[ 431/4401] TestFileUtilsDryRun#test_singleton_visibility_ln_s = 0.01 s
[ 432/4401] TestFileUtilsDryRun#test_singleton_visibility_fu_stream_blksize = 0.01 s
[ 433/4401] TestFileUtilsDryRun#test_visibility_compare_stream = 0.01 s
[ 434/4401] TestFileUtilsDryRun#test_visibility_rmdir = 0.01 s
[ 435/4401] TestFileUtilsDryRun#test_singleton_visibility_fu_copy_stream0 = 0.01 s
[ 436/4401] TestFileUtilsDryRun#test_visibility_fu_blksize = 0.01 s
[ 437/4401] TestFileUtilsDryRun#test_visibility_fu_copy_stream0 = 0.01 s
[ 438/4401] TestFileUtilsDryRun#test_visibility_identical? = 0.01 s
[ 439/4401] TestFileUtilsDryRun#test_visibility_mkdir_p = 0.01 s
[ 440/4401] TestFileUtilsDryRun#test_visibility_cp_lr = 0.01 s
[ 441/4401] TestFileUtilsDryRun#test_visibility_ln_sf = 0.01 s
[ 442/4401] TestFileUtilsDryRun#test_singleton_visibility_chmod_R = 0.01 s
[ 443/4401] TestFileUtilsDryRun#test_visibility_remove_entry = 0.01 s
[ 444/4401] TestFileUtilsDryRun#test_singleton_visibility_chmod = 0.01 s
[ 445/4401] TestFileUtilsDryRun#test_visibility_rmtree = 0.01 s
[ 446/4401] TestFileUtilsDryRun#test_singleton_visibility_cp_r = 0.01 s
[ 447/4401] TestFileUtilsDryRun#test_singleton_visibility_link_entry = 0.01 s
[ 448/4401] TestFileUtilsDryRun#test_visibility_ln_sr = 0.01 s
[ 449/4401] TestFileUtilsDryRun#test_singleton_visibility_rmtree = 0.01 s
[ 450/4401] TestFileUtilsDryRun#test_visibility_remove_entry_secure = 0.01 s
[ 451/4401] TestFileUtilsDryRun#test_singleton_visibility_uptodate? = 0.01 s
[ 452/4401] TestFileUtilsDryRun#test_visibility_copy_file = 0.01 s
[ 453/4401] TestFileUtilsDryRun#test_visibility_copy = 0.01 s
[ 454/4401] TestFileUtilsDryRun#test_singleton_visibility_chown_R = 0.01 s
[ 455/4401] TestFileUtilsDryRun#test_visibility_symlink = 0.01 s
[ 456/4401] TestFileUtilsDryRun#test_singleton_visibility_chown = 0.01 s
[ 457/4401] TestFileUtilsDryRun#test_singleton_visibility_fu_default_blksize = 0.01 s
[ 458/4401] TestFileUtilsDryRun#test_visibility_cd = 0.01 s
[ 459/4401] TestFileUtilsDryRun#test_singleton_visibility_copy_stream = 0.01 s
[ 460/4401] TestFileUtilsDryRun#test_visibility_rm_rf = 0.01 s
[ 461/4401] TestFileUtilsDryRun#test_singleton_visibility_rm_r = 0.01 s
[ 462/4401] TestFileUtilsDryRun#test_singleton_visibility_makedirs = 0.01 s
[ 463/4401] TestFileUtilsDryRun#test_singleton_visibility_cp = 0.01 s
[ 464/4401] TestFileUtilsDryRun#test_visibility_link_entry = 0.01 s
[ 465/4401] TestFileUtilsDryRun#test_visibility_touch = 0.01 s
[ 466/4401] TestFileUtilsDryRun#test_visibility_link = 0.01 s
[ 467/4401] TestFileUtilsDryRun#test_singleton_visibility_compare_file = 0.01 s
[ 468/4401] TestFileUtilsDryRun#test_singleton_visibility_remove_file = 0.01 s
[ 469/4401] TestFileUtilsDryRun#test_visibility_mkpath = 0.01 s
[ 470/4401] TestFileUtilsDryRun#test_visibility_cp = 0.01 s
[ 471/4401] TestFileUtilsDryRun#test_singleton_visibility_identical? = 0.01 s
[ 472/4401] TestFileUtilsDryRun#test_visibility_move = 0.01 s
[ 473/4401] TestFileUtilsDryRun#test_visibility_fu_windows? = 0.01 s
[ 474/4401] TestFileUtilsDryRun#test_visibility_chdir = 0.01 s
[ 475/4401] TestFileUtilsDryRun#test_singleton_visibility_getwd = 0.01 s
[ 476/4401] TestFileUtilsDryRun#test_singleton_visibility_fu_blksize = 0.01 s
[ 477/4401] TestFileUtilsDryRun#test_visibility_install = 0.01 s
[ 478/4401] TestFileUtilsDryRun#test_visibility_safe_unlink = 0.01 s
[ 479/4401] TestFileUtilsDryRun#test_singleton_visibility_mkpath = 0.01 s
[ 480/4401] TestFileUtilsDryRun#test_singleton_visibility_cd = 0.01 s
[ 481/4401] TestFileUtilsDryRun#test_singleton_visibility_rm_f = 0.01 s
[ 482/4401] TestFileUtilsDryRun#test_visibility_fu_stream_blksize = 0.01 s
[ 483/4401] TestFileUtilsDryRun#test_singleton_visibility_ln_sf = 0.01 s
[ 484/4401] TestFileUtilsDryRun#test_visibility_compare_file = 0.01 s
[ 485/4401] TestFileUtilsDryRun#test_visibility_chmod_R = 0.01 s
[ 486/4401] TestFileUtilsDryRun#test_visibility_rm_f = 0.01 s
[ 487/4401] TestFileUtilsDryRun#test_singleton_visibility_mv = 0.01 s
[ 488/4401] TestFileUtilsDryRun#test_singleton_visibility_cp_lr = 0.01 s
[ 489/4401] TestFileUtilsDryRun#test_visibility_remove = 0.01 s
[ 490/4401] TestFileUtilsDryRun#test_singleton_visibility_rmdir = 0.01 s
[ 491/4401] TestFileUtilsDryRun#test_visibility_remove_dir = 0.01 s
[ 492/4401] TestFileUtilsDryRun#test_singleton_visibility_remove = 0.01 s
[ 493/4401] TestFileUtilsDryRun#test_singleton_visibility_move = 0.01 s
[ 494/4401] TestFileUtilsDryRun#test_visibility_mkdir = 0.01 s
[ 495/4401] TestFileUtilsDryRun#test_visibility_uptodate? = 0.01 s
[ 496/4401] TestFileUtilsDryRun#test_visibility_rm_r = 0.01 s
[ 497/4401] TestFileUtilsDryRun#test_singleton_visibility_copy_file = 0.01 s
[ 498/4401] TestFileUtilsDryRun#test_visibility_copy_entry = 0.01 s
[ 499/4401] TestFileUtilsDryRun#test_singleton_visibility_ln_sr = 0.01 s
[ 500/4401] TestFileUtilsDryRun#test_singleton_visibility_link = 0.01 s
[ 501/4401] TestFileUtilsDryRun#test_visibility_chmod = 0.01 s
[ 502/4401] TestFileUtilsDryRun#test_singleton_visibility_mkdir_p = 0.01 s
[ 503/4401] TestFileUtilsDryRun#test_visibility_fu_default_blksize = 0.01 s
[ 504/4401] TestFileUtilsDryRun#test_singleton_visibility_copy = 0.01 s
[ 505/4401] TestFileUtilsDryRun#test_visibility_mv = 0.01 s
[ 506/4401] TestFileUtilsDryRun#test_visibility_makedirs = 0.01 s
[ 507/4401] TestGemCommandsSearchCommand#test_initialize = 0.47 s
[ 508/4401] TestMethodInlineCache#test_alias = 0.02 s
[ 509/4401] TestMethodInlineCache#test_zsuper = 11.81 s
[ 510/4401] TestMethodInlineCache#test_module_methods_redefiniton = 0.03 s
[ 511/4401] TestPostponed_job#test_preregister_and_trigger = 11.71 s
[ 512/4401] TestPostponed_job#test_multiple_preregistration = 11.65 s
[ 513/4401] TestPostponed_job#test_legacy_register = 13.60 s
[ 514/4401] TestPostponed_job#test_multiple_preregistration_with_new_data = 11.67 s
[ 515/4401] TestPostponed_job#test_legacy_register_in_c_thread = 12.20 s
[ 516/4401] TestPostponed_job#test_legacy_register_one_same = 12.03 s
[ 517/4401] TestFiberBacktrace#test_local_backtrace = 0.05 s
[ 518/4401] TestFiberBacktrace#test_backtrace_locations = 0.02 s
[ 519/4401] TestFiberBacktrace#test_backtrace = 0.03 s
[ 520/4401] TestGemGemRunner#test_info_succeeds = 2.27 s
[ 521/4401] TestGemGemRunner#test_extract_build_args = 0.58 s
[ 522/4401] TestGemGemRunner#test_list_succeeds = 2.16 s
[ 523/4401] TestGemGemRunner#test_do_configuration = 0.94 s
[ 524/4401] TestGemGemRunner#test_query_is_deprecated = 2.10 s
[ 525/4401] TestGemGemRunner#test_validate_encoding = 0.60 s
[ 526/4401] TestGemGemRunner#test_search_succeeds = 2.24 s
[ 527/4401] TestRipper::Sexp#test_named_with_default = 0.09 s
[ 528/4401] TestRipper::Sexp#test_pattern_matching_211 = 0.03 s
[ 529/4401] TestRipper::Sexp#test_pattern_matching_380 = 0.02 s
[ 530/4401] TestRipper::Sexp#test_pattern_matching_526 = 0.02 s
[ 531/4401] TestRipper::Sexp#test_pattern_matching_475 = 0.02 s
[ 532/4401] TestRipper::Sexp#test_pattern_matching_274 = 0.02 s
[ 533/4401] TestRipper::Sexp#test_pattern_matching_399 = 0.02 s
[ 534/4401] TestRipper::Sexp#test_compile_error = 0.11 s
[ 535/4401] TestRipper::Sexp#test_pattern_matching_391 = 0.02 s
[ 536/4401] TestRipper::Sexp#test_pattern_matching_194 = 0.02 s
[ 537/4401] TestRipper::Sexp#test_pattern_matching_506 = 0.02 s
[ 538/4401] TestRipper::Sexp#test_command = 0.02 s
[ 539/4401] TestRipper::Sexp#test_def_fname = 0.03 s
[ 540/4401] TestRipper::Sexp#test_pattern_matching_451 = 0.02 s
[ 541/4401] TestRipper::Sexp#test_raise_errors_keyword = 0.03 s
[ 542/4401] TestRipper::Sexp#test_pattern_matching_360 = 0.02 s
[ 543/4401] TestRipper::Sexp#test_pattern_matching_430 = 0.02 s
[ 544/4401] TestRipper::Sexp#test_pattern_matching_298 = 0.02 s
[ 545/4401] TestRipper::Sexp#test_pattern_matching_368 = 0.02 s
[ 546/4401] TestRipper::Sexp#test_pattern_matching_438 = 0.02 s
[ 547/4401] TestRipper::Sexp#test_pattern_matching_285 = 0.02 s
[ 548/4401] TestRipper::Sexp#test_pattern_matching_224 = 0.02 s
[ 549/4401] TestRipper::Sexp#test_pattern_matching_515 = 0.02 s
[ 550/4401] TestRipper::Sexp#test_pattern_matching_314 = 0.02 s
[ 551/4401] TestRipper::Sexp#test_pattern_matching_446 = 0.02 s
[ 552/4401] TestRipper::Sexp#test_pattern_matching_178 = 0.02 s
[ 553/4401] TestRipper::Sexp#test_params_mlhs = 0.03 s
[ 554/4401] TestRipper::Sexp#test_pattern_matching_488 = 0.02 s
[ 555/4401] TestRipper::Sexp#test_pattern_matching_244 = 0.02 s
[ 556/4401] TestRipper::Sexp#test_pattern_matching_512 = 0.02 s
[ 557/4401] TestRipper::Sexp#test_pattern_matching_422 = 0.02 s
[ 558/4401] TestRipper::Sexp#test_pattern_matching_173 = 0.02 s
[ 559/4401] TestRipper::Sexp#test_squiggly_heredoc_with_interpolated_expression = 0.04 s
[ 560/4401] TestRipper::Sexp#test_hash_value_omission = 0.03 s
[ 561/4401] TestRipper::Sexp#test_pattern_matching_518 = 0.02 s
[ 562/4401] TestRipper::Sexp#test_pattern_matching_496 = 0.02 s
[ 563/4401] TestRipper::Sexp#test_pattern_matching_501 = 0.02 s
[ 564/4401] TestRipper::Sexp#test_dsym = 0.01 s
[ 565/4401] TestRipper::Sexp#test_pattern_matching_232 = 0.02 s
[ 566/4401] TestRipper::Sexp#test_pattern_matching_293 = 0.02 s
[ 567/4401] TestRipper::Sexp#test_pattern_matching_257 = 0.02 s
[ 568/4401] TestRipper::Sexp#test_heredoc_content = 0.02 s
[ 569/4401] TestRipper::Sexp#test_pattern_matching_306 = 0.02 s
[ 570/4401] TestRipper::Sexp#test_pattern_matching_509 = 0.02 s
[ 571/4401] TestRipper::Sexp#test_regexp_named_capture = 0.05 s
[ 572/4401] TestRipper::Sexp#test_regexp_content = 0.04 s
[ 573/4401] TestRipper::Sexp#test_pattern_matching_199 = 0.02 s
[ 574/4401] TestRipper::Sexp#test_pattern_matching_262 = 0.02 s
[ 575/4401] TestRipper::Sexp#test_pattern_matching_463 = 0.02 s
[ 576/4401] TestRipper::Sexp#test_pattern_matching_337 = 0.02 s
[ 577/4401] TestRipper::Sexp#test_pattern_matching_534 = 0.02 s
[ 578/4401] TestRipper::Sexp#test_defs_fname = 0.02 s
[ 579/4401] TestRipper::Sexp#test_pattern_matching_349 = 0.02 s
[ 580/4401] TestRipper::Sexp#test_squiggly_heredoc = 0.02 s
[ 581/4401] TestRipper::Sexp#test_hshptn = 0.03 s
[ 582/4401] TestRipper::Sexp#test_pattern_matching_326 = 0.02 s
[ 583/4401] TestRipper::Sexp#test_pattern_matching_411 = 0.02 s
[ 584/4401] TestRipper::Sexp#test_pattern_matching_186 = 0.02 s
[ 585/4401] TestWeakMap#test_size = 0.02 s
[ 586/4401] TestWeakMap#test_inspect_garbage = 25.89 s
[ 587/4401] TestWeakMap#test_include? = 3.96 s
[ 588/4401] TestWeakMap#test_length = 0.01 s
[ 589/4401] TestWeakMap#test_each = 0.02 s
[ 590/4401] TestWeakMap#test_map = 0.01 s
[ 591/4401] TestWeakMap#test_aset_const = 0.02 s
[ 592/4401] TestWeakMap#test_replaced_values_bug_19531 = 3.66 s
[ 593/4401] TestWeakMap#test_each_key = 0.02 s
[ 594/4401] TestWeakMap#test_use_after_free_bug_20688 = 14.77 s
[ 595/4401] TestWeakMap#test_delete = 0.03 s
[ 596/4401] TestWeakMap#test_compaction = 906.35 s
[ 597/4401] TestWeakMap#test_each_value = 0.03 s
[ 598/4401] TestWeakMap#test_inspect = 0.02 s
[ 599/4401] TestWeakMap#test_member? = 3.77 s
[ 600/4401] TestWeakMap#test_frozen_object = 0.02 s
[ 601/4401] TestWeakMap#test_key? = 3.65 s
[ 602/4401] TestWeakMap#test_gc_compact_stress = 44.81 s
[ 603/4401] TestOptionParserKwArg#test_kwarg = 0.11 s
[ 604/4401] TestFiberSleep#test_sleep_returns_seconds_slept = 2.10 s
[ 605/4401] TestFiberSleep#test_broken_sleep = 0.04 s
[ 606/4401] TestFiberSleep#test_sleep = 0.10 s
[ 607/4401] TestMkmfFindExecutable#test_find_executable_dir = 0.28 s
[ 608/4401] TestMkmfFindExecutable#test_find_executable = 0.25 s
[ 609/4401] Test_Symbol::TestType#test_const_name_type = 0.12 s
[ 610/4401] Test_Symbol::TestType#test_id2str_fstring_bug9171 = 0.02 s
[ 611/4401] Test_Symbol::TestType#test_local = 0.02 s
[ 612/4401] Test_Symbol::TestType#test_const = 0.02 s
[ 613/4401] Test_Symbol::TestType#test_class = 0.02 s
[ 614/4401] Test_Symbol::TestType#test_global = 0.02 s
[ 615/4401] Test_Symbol::TestType#test_instance = 0.02 s
[ 616/4401] Test_Symbol::TestType#test_attrset = 0.05 s
[ 617/4401] Test_Symbol::TestType#test_check_id_invalid_type = 0.03 s
[ 618/4401] Test_Symbol::TestType#test_check_symbol_invalid_type = 0.02 s
[ 619/4401] TestGemCommandsInstallCommand#test_execute_remote_truncates_existing_gemspecs = 0.90 s
[ 620/4401] TestGemCommandsInstallCommand#test_execute_dependency_nonexistent = 1.62 s
[ 621/4401] TestGemCommandsInstallCommand#test_execute_two_version_specified_by_colon = 0.87 s
[ 622/4401] TestGemCommandsInstallCommand#test_execute_required_ruby_version_specific_not_met = 0.88
 s
[ 623/4401] TestGemCommandsInstallCommand#test_execute_with_version_specified_by_colon = 0.87 s
[ 624/4401] TestGemCommandsInstallCommand#test_execute_nonexistent = 1.02 s
[ 625/4401] TestGemCommandsInstallCommand#test_execute_prerelease_skipped_when_non_pre_available = 0
.92 s
[ 626/4401] TestGemCommandsInstallCommand#test_execute_no_user_install = 0.57 s
[ 627/4401] TestGemCommandsInstallCommand#test_execute_required_ruby_version_upper_bound = 0.80 s
[ 628/4401] TestGemCommandsInstallCommand#test_execute_prerelease_wins_over_previous_ver = 0.86 s
[ 629/4401] TestGemCommandsInstallCommand#test_execute_installs_deps_a_gemdeps_into_a_path = 0.87 s
[ 630/4401] TestGemCommandsInstallCommand#test_execute_two_version = 0.54 s
[ 631/4401] TestGemCommandsInstallCommand#test_install_gem_ignore_dependencies_both = 0.74 s
[ 632/4401] TestGemCommandsInstallCommand#test_execute_with_invalid_gem_file = 0.87 s
[ 633/4401] TestGemCommandsInstallCommand#test_execute_local = 0.86 s
[ 634/4401] TestGemCommandsInstallCommand#test_execute_required_ruby_version = 0.87 s
[ 635/4401] TestGemCommandsInstallCommand#test_show_errors_on_failure = 0.87 s
[ 636/4401] TestGemCommandsInstallCommand#test_suggest_update_if_enabled = 1.12 s
[ 637/4401] TestGemCommandsInstallCommand#test_execute_remote = 0.88 s
[ 638/4401] TestGemCommandsInstallCommand#test_execute_uses_from_a_gemdeps = 1.14 s
[ 639/4401] TestGemCommandsInstallCommand#test_install_gem_ignore_dependencies_remote_platform_local
 = 0.87 s
[ 640/4401] TestGemCommandsInstallCommand#test_execute_with_gemdeps_path_ignores_system = 0.85 s
[ 641/4401] TestGemCommandsInstallCommand#test_execute_explicit_version_includes_prerelease = 0.85 s
[ 642/4401] TestGemCommandsInstallCommand#test_execute_nonexistent_hint_disabled = 1.16 s
[ 643/4401] TestGemCommandsInstallCommand#test_show_source_problems_even_on_success = 0.85 s
[ 644/4401] TestGemCommandsInstallCommand#test_execute_exclude_prerelease = 0.87 s
[ 645/4401] TestGemCommandsInstallCommand#test_redact_credentials_from_uri_on_warning = 0.86 s
[ 646/4401] TestGemCommandsInstallCommand#test_execute_bad_source = 0.96 s
[ 647/4401] TestGemCommandsInstallCommand#test_explain_platform_local = 6.93 s
[ 648/4401] TestGemCommandsInstallCommand#test_install_gem_ignore_dependencies_remote = 0.84 s
[ 649/4401] TestGemCommandsInstallCommand#test_execute_installs_deps_a_gemdeps = 0.93 s
[ 650/4401] TestGemCommandsInstallCommand#test_handle_options_suggest = 10.24 s
[ 651/4401] TestGemCommandsInstallCommand#test_execute_remote_ignores_files = 0.79 s
[ 652/4401] TestGemCommandsInstallCommand#test_execute_conservative = 0.86 s
[ 653/4401] TestGemCommandsInstallCommand#test_parses_requirement_from_gemname = 0.87 s
[ 654/4401] TestGemCommandsInstallCommand#test_install_gem_ignore_dependencies_specific_file = 0.79
s
[ 655/4401] TestGemCommandsInstallCommand#test_execute_required_ruby_version_specific_prerelease_not
_met = 0.86 s
[ 656/4401] TestGemCommandsInstallCommand#test_execute_local_transitive_prerelease = 0.85 s
[ 657/4401] TestGemCommandsInstallCommand#test_execute_two = 0.84 s
[ 658/4401] TestGemCommandsInstallCommand#test_execute_nonexistent_force = 1.29 s
[ 659/4401] TestGemCommandsInstallCommand#test_execute_uses_deps_a_gemdeps_with_a_path = 0.86 s
[ 660/4401] TestGemCommandsInstallCommand#test_execute_no_gem = 0.52 s
[ 661/4401] TestGemCommandsInstallCommand#test_handle_options_without = 10.33 s
[ 662/4401] TestGemCommandsInstallCommand#test_explain_platform_local_ignore_dependencies = 1.56 s
[ 663/4401] TestGemCommandsInstallCommand#test_execute_saves_build_args = 0.85 s
[ 664/4401] TestGemCommandsInstallCommand#test_execute_required_rubygems_version_wrong = 0.85 s
[ 665/4401] TestGemCommandsInstallCommand#test_execute_uses_deps_a_gemdeps = 0.89 s
[ 666/4401] TestGemCommandsInstallCommand#test_execute_local_missing = 0.71 s
[ 667/4401] TestGemCommandsInstallCommand#test_execute_required_ruby_version_specific_prerelease_met
 = 0.86 s
[ 668/4401] TestGemCommandsInstallCommand#test_execute_local_dependency_nonexistent_ignore_dependenc
ies = 0.85 s
[ 669/4401] TestGemCommandsInstallCommand#test_execute_nonexistent_with_hint = 1.10 s
[ 670/4401] TestGemCommandsInstallCommand#test_explain_platform_ruby = 1.80 s
[ 671/4401] TestGemCommandsInstallCommand#test_execute_uses_from_a_gemdeps_with_no_lock = 0.85 s
[ 672/4401] TestGemCommandsInstallCommand#test_execute_installs_from_a_gemdeps_with_conservative = 0
.85 s
[ 673/4401] TestGemCommandsInstallCommand#test_execute_installs_from_a_gemdeps = 0.85 s
[ 674/4401] TestGemCommandsInstallCommand#test_explain_platform_ruby_ignore_dependencies = 1.60 s
[ 675/4401] TestGemCommandsInstallCommand#test_execute_local_dependency_nonexistent = 0.87 s
[ 676/4401] TestGemCommandsInstallCommand#test_execute_prerelease_skipped_when_no_flag_set = 0.85 s
[ 677/4401] TestGemCommandsInstallCommand#test_execute_nonexistent_with_dashes = 0.85 s
[ 678/4401] TestGemCommandsInstallCommand#test_execute_local_missing_ignore_dependencies = 1.01 s
[ 679/4401] TestGemCommandsInstallCommand#test_handle_options_file = 10.40 s
[ 680/4401] TestGemCommandsInstallCommand#test_execute_http_proxy = 10.21 s
[ 681/4401] TestUndef#test_singleton_undef = 0.01 s
[ 682/4401] TestUndef#test_undef = 0.02 s
[ 683/4401] TestUndef#test_special_const_undef = 0.01 s
[ 684/4401] TestGemCommandsCheckCommand#test_handle_options = 0.87 s
[ 685/4401] TestGemCommandsCheckCommand#test_initialize = 0.43 s
[ 686/4401] TestGemCommandsCheckCommand#test_doctor = 0.83 s
[ 687/4401] TestGemCommandsCheckCommand#test_handle_options_defaults = 0.92 s
[ 688/4401] WebauthnPollerTest#test_poll_for_otp_invalid_status = 0.57 s
[ 689/4401] WebauthnPollerTest#test_poll_for_otp_missing_credentials = 0.52 s
[ 690/4401] WebauthnPollerTest#test_poll_thread_success = 0.54 s
[ 691/4401] WebauthnPollerTest#test_poll_for_otp_invalid_format = 0.59 s
[ 692/4401] WebauthnPollerTest#test_poll_for_otp_success = 0.59 s
[ 693/4401] WebauthnPollerTest#test_poll_for_otp_pending_sleeps = 0.62 s
[ 694/4401] WebauthnPollerTest#test_poll_thread_webauthn_verification_error = 0.47 s
[ 695/4401] WebauthnPollerTest#test_poll_thread_timeout_error = 0.46 s
[ 696/4401] WebauthnPollerTest#test_poll_for_otp_not_http_success = 0.46 s
[ 697/4401] TestMkmfGlobal#test_global_have_header = 0.02 s
[ 698/4401] TestMkmfGlobal#test_global_have_devel? = 0.01 s
[ 699/4401] TestMkmfGlobal#test_global_cpp_command = 0.01 s
[ 700/4401] TestMkmfGlobal#test_global_check_signedness = 0.01 s
[ 701/4401] TestMkmfGlobal#test_global_init_mkmf = 0.01 s
[ 702/4401] TestMkmfGlobal#test_global_find_library = 0.01 s
[ 703/4401] TestMkmfGlobal#test_global_try_static_assert = 0.01 s
[ 704/4401] TestMkmfGlobal#test_global_append_ldflags = 0.01 s
[ 705/4401] TestMkmfGlobal#test_global_create_header = 0.01 s
[ 706/4401] TestMkmfGlobal#test_global_try_link0 = 0.01 s
[ 707/4401] TestMkmfGlobal#test_global_macro_defined? = 0.01 s
[ 708/4401] TestMkmfGlobal#test_global_try_cpp = 0.01 s
[ 709/4401] TestMkmfGlobal#test_global_find_type = 0.01 s
[ 710/4401] TestMkmfGlobal#test_global_scalar_ptr_type? = 0.01 s
[ 711/4401] TestMkmfGlobal#test_global_try_signedness = 0.01 s
[ 712/4401] TestMkmfGlobal#test_global_have_macro = 0.01 s
[ 713/4401] TestMkmfGlobal#test_global_log_src = 0.01 s
[ 714/4401] TestMkmfGlobal#test_global_merge_libs = 0.01 s
[ 715/4401] TestMkmfGlobal#test_global_relative_from = 0.01 s
[ 716/4401] TestMkmfGlobal#test_global_link_command = 0.01 s
[ 717/4401] TestMkmfGlobal#test_global_modified? = 0.01 s
[ 718/4401] TestMkmfGlobal#test_global_link_config = 0.01 s
[ 719/4401] TestMkmfGlobal#test_global_with_destdir = 0.01 s
[ 720/4401] TestMkmfGlobal#test_global_append_library = 0.01 s
[ 721/4401] TestMkmfGlobal#test_global_with_cflags = 0.01 s
[ 722/4401] TestMkmfGlobal#test_global_map_dir = 0.01 s
[ 723/4401] TestMkmfGlobal#test_global_create_tmpsrc = 0.01 s
[ 724/4401] TestMkmfGlobal#test_global_convertible_int = 0.01 s
[ 725/4401] TestMkmfGlobal#test_global_try_const = 0.01 s
[ 726/4401] TestMkmfGlobal#test_global_have_var = 0.01 s
[ 727/4401] TestMkmfGlobal#test_global_cpp_include = 0.01 s
[ 728/4401] TestMkmfGlobal#test_global_try_cflags = 0.01 s
[ 729/4401] TestMkmfGlobal#test_global_mkmf_failed = 0.01 s
[ 730/4401] TestMkmfGlobal#test_global_have_typeof? = 0.01 s
[ 731/4401] TestMkmfGlobal#test_global_xsystem = 0.01 s
[ 732/4401] TestMkmfGlobal#test_global_install_files = 0.01 s
[ 733/4401] TestMkmfGlobal#test_global_scalar_type? = 0.01 s
[ 734/4401] TestMkmfGlobal#test_global_have_struct_member = 0.01 s
[ 735/4401] TestMkmfGlobal#test_global_try_do = 0.01 s
[ 736/4401] TestMkmfGlobal#test_global_depend_rules = 0.01 s
[ 737/4401] TestMkmfGlobal#test_global_have_framework = 0.01 s
[ 738/4401] TestMkmfGlobal#test_global_cc_command = 0.01 s
[ 739/4401] TestMkmfGlobal#test_global_checking_message = 0.01 s
[ 740/4401] TestMkmfGlobal#test_global_timestamp_file = 0.01 s
[ 741/4401] TestMkmfGlobal#test_global_configuration = 0.01 s
[ 742/4401] TestMkmfGlobal#test_global_xpopen = 0.01 s
[ 743/4401] TestMkmfGlobal#test_global_with_config = 0.01 s
[ 744/4401] TestMkmfGlobal#test_global_checking_for = 0.01 s
[ 745/4401] TestMkmfGlobal#test_global_winsep = 0.01 s
[ 746/4401] TestMkmfGlobal#test_global_with_werror = 0.01 s
[ 747/4401] TestMkmfGlobal#test_global_egrep_cpp = 0.01 s
[ 748/4401] TestMkmfGlobal#test_global_mkintpath = 0.01 s
[ 749/4401] TestMkmfGlobal#test_global_find_executable0 = 0.01 s
[ 750/4401] TestMkmfGlobal#test_global_with_cppflags = 0.01 s
[ 751/4401] TestMkmfGlobal#test_global_what_type? = 0.01 s
[ 752/4401] TestMkmfGlobal#test_global_message = 0.01 s
[ 753/4401] TestMkmfGlobal#test_global_try_func = 0.01 s
[ 754/4401] TestMkmfGlobal#test_global_have_const = 0.01 s
[ 755/4401] TestMkmfGlobal#test_global_try_header = 0.01 s
[ 756/4401] TestMkmfGlobal#test_global_try_constant = 0.01 s
[ 757/4401] TestMkmfGlobal#test_global_libpath_env = 0.01 s
[ 758/4401] TestMkmfGlobal#test_global_dummy_makefile = 0.01 s
[ 759/4401] TestMkmfGlobal#test_global_have_library = 0.01 s
[ 760/4401] TestMkmfGlobal#test_global_find_header = 0.01 s
[ 761/4401] TestMkmfGlobal#test_global_check_sizeof = 0.01 s
[ 762/4401] TestMkmfGlobal#test_global_expand_command = 0.01 s
[ 763/4401] TestMkmfGlobal#test_global_install_rb = 0.01 s
[ 764/4401] TestMkmfGlobal#test_global_cc_config = 0.01 s
[ 765/4401] TestMkmfGlobal#test_global_append_cppflags = 0.01 s
[ 766/4401] TestMkmfGlobal#test_global_append_cflags = 0.01 s
[ 767/4401] TestMkmfGlobal#test_global_try_link = 0.01 s
[ 768/4401] TestMkmfGlobal#test_global_try_type = 0.01 s
[ 769/4401] TestMkmfGlobal#test_global_try_compile = 0.01 s
[ 770/4401] TestMkmfGlobal#test_global_create_makefile = 0.01 s
[ 771/4401] TestMkmfGlobal#test_global_try_var = 0.01 s
[ 772/4401] TestMkmfGlobal#test_global_have_func = 0.01 s
[ 773/4401] TestMkmfGlobal#test_global_typedef_expr = 0.01 s
[ 774/4401] TestMkmfGlobal#test_global_with_ldflags = 0.01 s
[ 775/4401] TestMkmfGlobal#test_global_werror_flag = 0.01 s
[ 776/4401] TestMkmfGlobal#test_global_libpathflag = 0.01 s
[ 777/4401] TestMkmfGlobal#test_global_dir_config = 0.01 s
[ 778/4401] TestMkmfGlobal#test_global_arg_config = 0.01 s
[ 779/4401] TestMkmfGlobal#test_global_install_dirs = 0.01 s
[ 780/4401] TestMkmfGlobal#test_global_conftest_source = 0.01 s
[ 781/4401] TestMkmfGlobal#test_global_env_quote = 0.01 s
[ 782/4401] TestMkmfGlobal#test_global_enable_config = 0.01 s
[ 783/4401] TestMkmfGlobal#test_global_each_compile_rules = 0.01 s
[ 784/4401] TestMkmfGlobal#test_global_try_cppflags = 0.01 s
[ 785/4401] TestMkmfGlobal#test_global_try_run = 0.01 s
[ 786/4401] TestMkmfGlobal#test_global_split_libs = 0.01 s
[ 787/4401] TestMkmfGlobal#test_global_have_type = 0.01 s
[ 788/4401] TestMkmfGlobal#test_global_pkg_config = 0.01 s
[ 789/4401] TestMkmfGlobal#test_global_try_ldflags = 0.01 s
[ 790/4401] TestMkmfGlobal#test_global_find_executable = 0.01 s
[ 791/4401] TestGemKernel#test_gem_bundler = 1.45 s
[ 792/4401] TestGemKernel#test_gem_default_re_gem = 1.50 s
[ 793/4401] TestGemKernel#test_gem_failing_inside_require_doesnt_cause_double_exceptions = 1.47 s
[ 794/4401] TestGemKernel#test_gem_prerelease_is_the_only_available = 1.46 s
[ 795/4401] TestGemKernel#test_gem_overlapping = 1.46 s
[ 796/4401] TestGemKernel#test_gem_re_gem_mismatch = 1.46 s
[ 797/4401] TestGemKernel#test_gem_bundler_inferred_bundler_version = 1.48 s
[ 798/4401] TestGemKernel#test_gem_conflicting = 1.46 s
[ 799/4401] TestGemKernel#test_gem = 1.46 s
[ 800/4401] TestGemKernel#test_gem_redundant = 1.68 s
[ 801/4401] TestGemKernel#test_gem_default = 1.52 s
[ 802/4401] TestGemKernel#test_gem_env_req = 1.50 s
[ 803/4401] TestGemKernel#test_gem_not_adding_bin = 1.48 s
[ 804/4401] TestGemKernel#test_release_favored_over_prerelease = 1.46 s
[ 805/4401] TestDateArith#test__minus__ex = 0.02 s
[ 806/4401] TestDateArith#test_next_day = 0.02 s
[ 807/4401] TestDateArith#test_next_month__2 = 0.01 s
[ 808/4401] TestDateArith#test_step__compare = 0.02 s
[ 809/4401] TestDateArith#test_prev_day = 0.02 s
[ 810/4401] TestDateArith#test__minus = 0.02 s
[ 811/4401] TestDateArith#test_prev = 0.01 s
[ 812/4401] TestDateArith#test_prev_month = 0.02 s
[ 813/4401] TestDateArith#test_upto__noblock = 0.01 s
[ 814/4401] TestDateArith#test_downto__noblock = 0.01 s
[ 815/4401] TestDateArith#test_downto = 0.01 s
[ 816/4401] TestDateArith#test_prev_month__2 = 0.01 s
[ 817/4401] TestDateArith#test_next = 0.02 s
[ 818/4401] TestDateArith#test__plus = 0.02 s
[ 819/4401] TestDateArith#test_step = 0.01 s
[ 820/4401] TestDateArith#test_upto = 0.01 s
[ 821/4401] TestDateArith#test_prev_year = 0.01 s
[ 822/4401] TestDateArith#test__plus__ex = 0.04 s
[ 823/4401] TestDateArith#test_new_offset = 0.02 s
[ 824/4401] TestDateArith#test_next_year = 0.01 s
[ 825/4401] TestDateArith#test_step__noblock = 0.01 s
[ 826/4401] TestDateArith#test_next_month = 0.01 s
[ 827/4401] TestDateArith#test__compare = 0.01 s
[ 828/4401] TestScanArgs#test_opt_hash = 0.02 s
[ 829/4401] TestScanArgs#test_lead_hash = 0.02 s
[ 830/4401] TestScanArgs#test_opt_trail_hash = 0.02 s
[ 831/4401] TestScanArgs#test_var_hash = 0.01 s
[ 832/4401] TestScanArgs#test_opt_var_hash = 0.02 s
[ 833/4401] TestScanArgs#test_lead_var_trail = 0.01 s
[ 834/4401] TestScanArgs#test_opt_var_trail_hash = 0.02 s
[ 835/4401] TestScanArgs#test_lead_opt_trail = 0.02 s
[ 836/4401] TestScanArgs#test_opt_var_trail = 0.01 s
[ 837/4401] TestScanArgs#test_lead_opt_var_hash = 0.02 s
[ 838/4401] TestScanArgs#test_lead_opt_trail_hash = 0.03 s
[ 839/4401] TestScanArgs#test_lead_opt_var_trail_hash = 0.03 s
[ 840/4401] TestScanArgs#test_var = 0.01 s
[ 841/4401] TestScanArgs#test_n_lead_opt_hash = 0.03 s
[ 842/4401] TestScanArgs#test_lead_opt = 0.02 s
[ 843/4401] TestScanArgs#test_lead_opt_var = 0.01 s
[ 844/4401] TestScanArgs#test_lead_var_trail_hash = 0.03 s
[ 845/4401] TestScanArgs#test_lead_var = 0.01 s
[ 846/4401] TestScanArgs#test_opt_var = 0.01 s
[ 847/4401] TestScanArgs#test_k_lead_opt_hash = 0.02 s
[ 848/4401] TestScanArgs#test_opt = 0.01 s
[ 849/4401] TestScanArgs#test_lead_opt_var_trail = 0.01 s
[ 850/4401] TestScanArgs#test_var_trail_hash = 0.02 s
[ 851/4401] TestScanArgs#test_var_trail = 0.01 s
[ 852/4401] TestScanArgs#test_hash = 0.01 s
[ 853/4401] TestScanArgs#test_opt_trail = 0.02 s
[ 854/4401] TestScanArgs#test_lead_opt_hash = 0.02 s
[ 855/4401] TestScanArgs#test_lead = 0.01 s
[ 856/4401] TestScanArgs#test_lead_var_hash = 0.02 s
[ 857/4401] Test_ArithSeq#test_extract_with_others = 11.67 s
[ 858/4401] Test_ArithSeq#test_extract_with_arith_seq = 11.68 s
[ 859/4401] Test_ArithSeq#test_beg_len_step = 12.36 s
[ 860/4401] Test_ArithSeq#test_extract_with_range = 11.66 s
[ 861/4401] TestGemSpecFetcher#test_suggest_gems_from_name_prerelease = 1.37 s
[ 862/4401] TestGemSpecFetcher#test_initialize_nonexistent_home_dir = 0.52 s
[ 863/4401] TestGemSpecFetcher#test_spec_for_dependency_all = 1.46 s
[ 864/4401] TestGemSpecFetcher#test_available_specs_prerelease = 1.07 s
[ 865/4401] TestGemSpecFetcher#test_initialize_source = 0.51 s
[ 866/4401] TestGemSpecFetcher#test_spec_for_dependency_mismatched_platform = 0.92 s
[ 867/4401] TestGemSpecFetcher#test_available_specs_complete_handles_no_prerelease = 1.34 s
[ 868/4401] TestGemSpecFetcher#test_spec_for_dependency_platform = 1.67 s
[ 869/4401] TestGemSpecFetcher#test_initialize_unwritable_home_dir = 0.51 s
[ 870/4401] TestGemSpecFetcher#test_initialize = 0.58 s
[ 871/4401] TestGemSpecFetcher#test_available_specs_cache = 0.87 s
[ 872/4401] TestGemSpecFetcher#test_available_specs_latest = 1.39 s
[ 873/4401] TestGemSpecFetcher#test_spec_for_dependency_prerelease = 1.43 s
[ 874/4401] TestGemSpecFetcher#test_available_specs_released = 1.06 s
[ 875/4401] TestGemSpecFetcher#test_available_specs_complete = 1.45 s
[ 876/4401] TestGemSpecFetcher#test_spec_for_dependency_latest = 1.34 s
[ 877/4401] TestGemSpecFetcher#test_available_specs_with_bad_source = 0.64 s
[ 878/4401] TestGemSpecFetcher#test_available_specs_cache_released = 1.28 s
[ 879/4401] TestGemSpecFetcher#test_suggest_gems_from_name_latest = 6.08 s
[ 880/4401] TestGemSpecFetcher#test_suggest_gems_from_name_prefix_or_suffix = 1.78 s
[ 881/4401] TestGemSpecFetcher#test_spec_for_dependency_bad_fetch_spec = 1.32 s
[ 882/4401] TestNot#test_not_with_grouped_expression = 0.02 s
[ 883/4401] TestNot#test_not_with_empty_grouped_expression = 0.01 s
[ 884/4401] Test_BUG_14834#test = 9.83 s
[ 885/4401] TestThreadConditionVariable#test_condvar_wait_exception_handling = 0.20 s
[ 886/4401] TestThreadConditionVariable#test_condvar_nolock_3 = 0.04 s
[ 887/4401] TestThreadConditionVariable#test_condvar_nolock = 0.01 s
[ 888/4401] TestThreadConditionVariable#test_condvar_wait_deadlock_2 = 0.18 s
[ 889/4401] TestThreadConditionVariable#test_condvar_empty_broadcast = 0.01 s
[ 890/4401] TestThreadConditionVariable#test_condvar_empty_signal = 0.01 s
[ 891/4401] TestThreadConditionVariable#test_condvar_fork = 1.51 s
[ 892/4401] TestThreadConditionVariable#test_dump = 0.06 s
[ 893/4401] TestThreadConditionVariable#test_condvar_timed_wait = 0.32 s
[ 894/4401] TestThreadConditionVariable#test_condvar_wait_deadlock = 2.49 s
[ 895/4401] TestThreadConditionVariable#test_dup = 0.02 s
[ 896/4401] TestThreadConditionVariable#test_condvar_signal_and_wait = 0.03 s
[ 897/4401] TestThreadConditionVariable#test_condvar_wait_and_broadcast = 0.96 s
[ 898/4401] TestThreadConditionVariable#test_condvar_nolock_2 = 0.02 s
[ 899/4401] TestNetHTTPS#test_skip_hostname_verification = 1.09 s
[ 900/4401] TestNetHTTPS#test_get = 1.19 s
[ 901/4401] TestNetHTTPS#test_timeout_during_SSL_handshake = 0.82 s
[ 902/4401] TestNetHTTPS#test_get_SNI = 1.09 s
[ 903/4401] TestNetHTTPS#test_verify_none = 0.93 s
[ 904/4401] TestNetHTTPS#test_session_reuse_but_expire = 2.79 s
[ 905/4401] TestNetHTTPS#test_max_version = 0.80 s
[ 906/4401] TestNetHTTPS#test_session_reuse = 1.86 s
[ 907/4401] TestNetHTTPS#test_certificate_verify_failure = 1.06 s
[ 908/4401] TestNetHTTPS#test_post = 1.19 s
[ 909/4401] TestNetHTTPS#test_min_version = 1.15 s
[ 910/4401] TestNetHTTPS#test_get_SNI_proxy = 0.72 s
[ 911/4401] TestNetHTTPS#test_get_SNI_failure = 0.95 s
[ 912/4401] TestNetHTTPS#test_fail_if_verify_hostname_is_true = 0.85 s
[ 913/4401] Test_String_Fstring#test_subclass = 0.03 s
[ 914/4401] Test_String_Fstring#test_rb_enc_interned_str_null_encoding = 0.01 s
[ 915/4401] Test_String_Fstring#test_rb_enc_str_new_null_encoding = 0.01 s
[ 916/4401] Test_String_Fstring#test_rb_enc_interned_str_autoloaded_encoding = 12.66 s
[ 917/4401] Test_String_Fstring#test_rb_enc_str_new_autoloaded_encoding = 11.78 s
[ 918/4401] Test_String_Fstring#test_singleton_method = 0.02 s
[ 919/4401] Test_String_Fstring#test_instance_variable = 0.02 s
[ 920/4401] Test_String_Fstring#test_fake_str = 0.02 s
[ 921/4401] Test_String_Fstring#test_singleton_class = 0.03 s
[ 922/4401] TestGemSourceLocal#test_find_gem_highest_version = 1.09 s
[ 923/4401] TestGemSourceLocal#test_fetch_spec = 0.87 s
[ 924/4401] TestGemSourceLocal#test_download = 0.86 s
[ 925/4401] TestGemSourceLocal#test_find_gem_prerelease = 0.85 s
[ 926/4401] TestGemSourceLocal#test_load_specs_prerelease = 0.84 s
[ 927/4401] TestGemSourceLocal#test_find_gem_specific_version = 0.84 s
[ 928/4401] TestGemSourceLocal#test_spaceship = 0.84 s
[ 929/4401] TestGemSourceLocal#test_find_gem = 0.84 s
[ 930/4401] TestGemSourceLocal#test_inspect = 0.84 s
[ 931/4401] TestGemSourceLocal#test_pretty_print = 0.84 s
[ 932/4401] TestGemSourceLocal#test_load_specs_latest = 0.83 s
[ 933/4401] TestGemSourceLocal#test_load_specs_released = 0.84 s
[ 934/4401] Test_Method::TestArity#test_base = 0.02 s
[ 935/4401] Test_Method::TestArity#test_zsuper = 0.01 s
[ 936/4401] TestThreadLockNativeThread#test_lock_native_thread_tls = 27.36 s
[ 937/4401] TestThreadLockNativeThread#test_lock_native_thread = 11.69 s
[ 938/4401] TestFormatter#test_call = 0.05 s
[ 939/4401] TestFormatter#test_format_datetime = 0.02 s
[ 940/4401] TestRipper::Lexer#test_end_of_script_char = 0.22 s
[ 941/4401] TestRipper::Lexer#test_embedded_expr_in_heredoc = 0.05 s
[ 942/4401] TestRipper::Lexer#test_invalid_escape_ctrl_meta_mbchar = 0.04 s
[ 943/4401] TestRipper::Lexer#test_tokenize_with_here_document = 0.04 s
[ 944/4401] TestRipper::Lexer#test_expr_at_beginning_in_heredoc = 0.03 s
[ 945/4401] TestRipper::Lexer#test_invalid_escape_string = 0.35 s
[ 946/4401] TestRipper::Lexer#test_raise_errors_keyword = 0.25 s
[ 947/4401] TestRipper::Lexer#test_spaces_at_eof = 0.03 s
[ 948/4401] TestRipper::Lexer#test_slice = 0.06 s
[ 949/4401] TestRipper::Lexer#test_lexer_scan_with_syntax_error = 0.26 s
[ 950/4401] TestRipper::Lexer#test_stack_at_on_heredoc_beg = 0.02 s
[ 951/4401] TestRipper::Lexer#test_invalid_escape_meta_mbchar = 0.03 s
[ 952/4401] TestRipper::Lexer#test_invalid_escape_meta_ctrl_mbchar = 0.03 s
[ 953/4401] TestRipper::Lexer#test_nested_dedent_heredoc = 0.07 s
[ 954/4401] TestRipper::Lexer#test_nested_heredoc = 0.20 s
[ 955/4401] TestRipper::Lexer#test_trailing_on_embexpr_end = 0.04 s
[ 956/4401] TestRipper::Lexer#test_invalid_escape_ctrl_mbchar = 0.03 s
[ 957/4401] TestRipper::Lexer#test_heredoc_inside_block_param = 0.05 s
[ 958/4401] TestRipper::Lexer#test_lex_with_syntax_error_and_heredoc = 0.04 s
[ 959/4401] TestRipper::Lexer#test_state_after_cvar = 0.05 s
[ 960/4401] TestRipper::Lexer#test_heredoc_unterminated_interpolation = 0.03 s
[ 961/4401] TestRipper::Lexer#test_space_after_expr_in_heredoc = 0.03 s
[ 962/4401] TestRipper::Lexer#test_state_after_ivar = 0.05 s
[ 963/4401] TestRipper::Lexer#test_lex_with_syntax_error = 0.18 s
[ 964/4401] TestRipper::Lexer#test_token_aftr_error_heredoc = 0.04 s
[ 965/4401] TestRipper::Lexer#test_tokenize_with_syntax_error = 0.16 s
[ 966/4401] TestObjectSpace#test_each_object_enumerator = 0.64 s
[ 967/4401] TestObjectSpace#test_id2ref_35 = 0.01 s
[ 968/4401] TestObjectSpace#test_id2ref_31 = 0.01 s
[ 969/4401] TestObjectSpace#test_id2ref_33 = 0.01 s
[ 970/4401] TestObjectSpace#test_id2ref_28 = 0.01 s
[ 971/4401] TestObjectSpace#test_finalizer = 252.83 s
[ 972/4401] TestObjectSpace#test_id2ref_22 = 0.01 s
[ 973/4401] TestObjectSpace#test_id2ref_20 = 0.01 s
[ 974/4401] TestObjectSpace#test_id2ref_invalid_argument = 0.11 s
[ 975/4401] TestObjectSpace#test_id2ref_26 = 0.01 s
[ 976/4401] TestObjectSpace#test_id2ref_24 = 0.01 s
[ 977/4401] TestObjectSpace#test_each_object_with_allocation = 11.56 s
[ 978/4401] TestObjectSpace#test_id2ref_19 = 0.01 s
[ 979/4401] TestObjectSpace#test_each_object = 0.64 s
[ 980/4401] TestObjectSpace#test_id2ref_liveness = 28.99 s
[ 981/4401] TestObjectSpace#test_exception_in_finalizer = 2.48 s
[ 982/4401] TestObjectSpace#test_each_object_no_garbage = 14.14 s
[ 983/4401] TestObjectSpace#test_each_object_recursive_key = 9.79 s
[ 984/4401] TestObjectSpace#test_finalizer_with_super = 27.58 s
[ 985/4401] TestObjectSpace#test_finalizer_thread_raise = 10.10 s
[ 986/4401] TestObjectSpace#test_id2ref_18 = 0.01 s
[ 987/4401] TestObjectSpace#test_id2ref_29 = 0.01 s
[ 988/4401] TestObjectSpace#test_count_objects = 1.32 s
[ 989/4401] TestObjectSpace#test_id2ref_25 = 0.01 s
[ 990/4401] TestObjectSpace#test_id2ref_27 = 0.01 s
[ 991/4401] TestObjectSpace#test_id2ref_invalid_symbol_id = 0.02 s
[ 992/4401] TestObjectSpace#test_id2ref_21 = 0.01 s
[ 993/4401] TestObjectSpace#test_each_object_singleton_class = 12.31 s
[ 994/4401] TestObjectSpace#test_id2ref_23 = 0.01 s
[ 995/4401] TestObjectSpace#test_id2ref_32 = 0.01 s
[ 996/4401] TestObjectSpace#test_id2ref_30 = 0.01 s
[ 997/4401] TestObjectSpace#test_id2ref_36 = 0.01 s
[ 998/4401] TestObjectSpace#test_id2ref_34 = 0.01 s
[ 999/4401] TestSocketAddrinfo#test_family_addrinfo = 0.16 s
[1000/4401] TestSocketAddrinfo#test_addrinfo_unix = 0.02 s
[1001/4401] TestSocketAddrinfo#test_addrinfo_predicates = 0.01 s
[1002/4401] TestSocketAddrinfo#test_addrinfo_udp = 0.02 s
[1003/4401] TestSocketAddrinfo#test_connect_to = 0.05 s
[1004/4401] TestSocketAddrinfo#test_basicsocket_remote_address = 0.03 s
[1005/4401] TestSocketAddrinfo#test_socket_accept = 0.03 s
[1006/4401] TestSocketAddrinfo#test_addrinfo_ip_unpack_inet6 = 0.02 s
[1007/4401] TestSocketAddrinfo#test_ipv6_address_predicates = 0.85 s
[1008/4401] TestSocketAddrinfo#test_marshal_inet6 = 0.04 s
[1009/4401] TestSocketAddrinfo#test_error_message = 0.05 s
[1010/4401] TestSocketAddrinfo#test_addrinfo_inspect_sockaddr_unix = 0.01 s
[1011/4401] TestSocketAddrinfo#test_connect_from = 0.05 s
[1012/4401] TestSocketAddrinfo#test_connect = 0.04 s
[1013/4401] TestSocketAddrinfo#test_socket_getnameinfo = 0.02 s
[1014/4401] TestSocketAddrinfo#test_socket_connect_nonblock = 0.03 s
[1015/4401] TestSocketAddrinfo#test_s_foreach = 0.02 s
[1016/4401] TestSocketAddrinfo#test_ipv6_to_ipv4 = 0.03 s
[1017/4401] TestSocketAddrinfo#test_ipv4_address_predicates = 0.12 s
[1018/4401] TestSocketAddrinfo#test_addrinfo_ip_unpack = 0.02 s
[1019/4401] TestSocketAddrinfo#test_addrinfo_predicates_unix = 0.01 s
[1020/4401] TestSocketAddrinfo#test_basicsocket_local_address = 0.02 s
[1021/4401] TestSocketAddrinfo#test_addrinfo_unix_dgram = 0.01 s
[1022/4401] TestSocketAddrinfo#test_addrinfo_tcp = 0.03 s
[1023/4401] TestSocketAddrinfo#test_addrinfo_new_unix = 0.01 s
[1024/4401] TestSocketAddrinfo#test_socket_sysaccept = 0.03 s
[1025/4401] TestSocketAddrinfo#test_bind = 0.02 s
[1026/4401] TestSocketAddrinfo#test_udpsocket_send = 0.02 s
[1027/4401] TestSocketAddrinfo#test_socket_recvfrom = 0.02 s
[1028/4401] TestSocketAddrinfo#test_socket_connect = 0.02 s
[1029/4401] TestSocketAddrinfo#test_socket_recvfrom_nonblock = 0.02 s
[1030/4401] TestSocketAddrinfo#test_addrinfo_new_inet = 0.02 s
[1031/4401] TestSocketAddrinfo#test_marshal_unix = 0.02 s
[1032/4401] TestSocketAddrinfo#test_addrinfo_timeout = 0.04 s
[1033/4401] TestSocketAddrinfo#test_socket_bind = 0.02 s
[1034/4401] TestSocketAddrinfo#test_basicsocket_send = 0.02 s
[1035/4401] TestSocketAddrinfo#test_addrinfo_inspect_sockaddr_inet6 = 0.01 s
[1036/4401] TestSocketAddrinfo#test_addrinfo_unix_path = 0.01 s
[1037/4401] TestSocketAddrinfo#test_addrinfo_inspect_sockaddr = 0.01 s
[1038/4401] TestSocketAddrinfo#test_addrinfo_ip = 0.04 s
[1039/4401] TestSocketAddrinfo#test_marshal = 0.03 s
[1040/4401] TestSocketAddrinfo#test_addrinfo_new_inet6 = 0.02 s
[1041/4401] TestSocketAddrinfo#test_socket_accept_nonblock = 0.03 s
[1042/4401] TestSocketAddrinfo#test_listen = 0.03 s
[1043/4401] TestGemResolverSpecification#test_source = 0.53 s
[1044/4401] TestGemResolverSpecification#test_installable_platform_eh = 0.47 s
[1045/4401] TestGemResolverSpecification#test_install = 0.81 s
[1046/4401] TestIRB::LocaleTestCase#test_initialize_with_ja = 0.03 s
[1047/4401] TestIRB::LocaleTestCase#test_load = 0.75 s
[1048/4401] TestIRB::LocaleTestCase#test_initialize_with_lc_messages = 0.02 s
[1049/4401] TestIRB::LocaleTestCase#test_initialize_with_lang = 0.01 s
[1050/4401] TestIRB::LocaleTestCase#test_initialize_with_lc_all = 0.01 s
[1051/4401] TestIRB::LocaleTestCase#test_find = 0.49 s
[1052/4401] TestIRB::LocaleTestCase#test_initialize_with_en = 0.01 s
[1053/4401] TestIRB::LocaleTestCase#test_initialize_with_legacy_ja_encoding_ujis = 0.02 s
[1054/4401] TestIRB::LocaleTestCase#test_initialize_with_irb_lang = 0.02 s
[1055/4401] TestIRB::LocaleTestCase#test_initialize_with_legacy_ja_encoding_euc = 0.02 s
[1056/4401] TestBundlerGem#test_warning_archdir = 0.04 s
[1057/4401] TestBundlerGem#test_warning_libdir = 0.02 s
[1058/4401] TestBundlerGem#test_no_warning_warning = 0.01 s
[1059/4401] TestBundlerGem#test_warning = 0.27 s
[1060/4401] TestGemSecurityPolicy#test_verify_no_trust = 0.70 s
[1061/4401] TestGemSecurityPolicy#test_check_cert_invalid_issuer = 0.65 s
[1062/4401] TestGemSecurityPolicy#test_check_key = 0.62 s
[1063/4401] TestGemSecurityPolicy#test_check_trust_empty_chain = 0.62 s
[1064/4401] TestGemSecurityPolicy#test_verify_signatures_trust = 0.84 s
[1065/4401] TestGemSecurityPolicy#test_check_cert = 0.62 s
[1066/4401] TestGemSecurityPolicy#test_check_trust_no_trust_child = 0.62 s
[1067/4401] TestGemSecurityPolicy#test_verify_signatures_data = 0.70 s
[1068/4401] TestGemSecurityPolicy#test_check_trust_child = 0.72 s
[1069/4401] TestGemSecurityPolicy#test_verify_no_digests_no_security = 0.71 s
[1070/4401] TestGemSecurityPolicy#test_verify_wrong_digest_type = 1.00 s
[1071/4401] TestGemSecurityPolicy#test_verify_signatures_missing = 0.76 s
[1072/4401] TestGemSecurityPolicy#test_verify_no_digests = 0.69 s
[1073/4401] TestGemSecurityPolicy#test_check_chain_empty_chain = 0.67 s
[1074/4401] TestGemSecurityPolicy#test_subject = 0.61 s
[1075/4401] TestGemSecurityPolicy#test_verify_chain_key = 0.74 s
[1076/4401] TestGemSecurityPolicy#test_verify_not_enough_signatures = 0.75 s
[1077/4401] TestGemSecurityPolicy#test_check_data = 0.68 s
[1078/4401] TestGemSecurityPolicy#test_check_cert_no_signer = 0.61 s
[1079/4401] TestGemSecurityPolicy#test_check_cert_expired = 0.61 s
[1080/4401] TestGemSecurityPolicy#test_check_root_no_chain = 0.61 s
[1081/4401] TestGemSecurityPolicy#test_check_chain_invalid = 0.63 s
[1082/4401] TestGemSecurityPolicy#test_check_trust_no_chain = 0.61 s
[1083/4401] TestGemSecurityPolicy#test_check_cert_issuer = 0.61 s
[1084/4401] TestGemSecurityPolicy#test_check_chain = 0.62 s
[1085/4401] TestGemSecurityPolicy#test_check_trust = 0.73 s
[1086/4401] TestGemSecurityPolicy#test_verify_signatures_root = 1.18 s
[1087/4401] TestGemSecurityPolicy#test_check_trust_no_trust = 0.61 s
[1088/4401] TestGemSecurityPolicy#test_check_trust_mismatch = 0.69 s
[1089/4401] TestGemSecurityPolicy#test_verify_no_signatures_no_digests = 0.64 s
[1090/4401] TestGemSecurityPolicy#test_check_data_invalid = 0.65 s
[1091/4401] TestGemSecurityPolicy#test_verify_signatures_signer = 0.68 s
[1092/4401] TestGemSecurityPolicy#test_check_chain_no_chain = 0.61 s
[1093/4401] TestGemSecurityPolicy#test_check_root_invalid_signer = 0.61 s
[1094/4401] TestGemSecurityPolicy#test_verify_signatures = 0.75 s
[1095/4401] TestGemSecurityPolicy#test_check_key_wrong_key = 0.62 s
[1096/4401] TestGemSecurityPolicy#test_verify_signatures_none = 5.33 s
[1097/4401] TestGemSecurityPolicy#test_verify_chain_signatures = 0.78 s
[1098/4401] TestGemSecurityPolicy#test_check_key_no_signer = 0.72 s
[1099/4401] TestGemSecurityPolicy#test_verify_no_signatures = 0.70 s
[1100/4401] TestGemSecurityPolicy#test_check_cert_future = 0.64 s
[1101/4401] TestGemSecurityPolicy#test_verify_signatures_chain = 0.80 s
[1102/4401] TestGemSecurityPolicy#test_check_root_not_self_signed = 0.61 s
[1103/4401] TestGemSecurityPolicy#test_verify = 0.73 s
[1104/4401] TestGemSecurityPolicy#test_check_root_empty_chain = 0.61 s
[1105/4401] TestGemSecurityPolicy#test_check_root = 0.64 s
[1106/4401] TestGemResolverRequirementList#test_each = 0.50 s
[1107/4401] TestGemDeprecate#test_skip = 0.42 s
[1108/4401] TestGemDeprecate#test_defaults = 0.42 s
[1109/4401] TestGemDeprecate#test_rubygems_deprecate_command = 0.50 s
[1110/4401] TestGemDeprecate#test_assignment = 0.48 s
[1111/4401] TestGemDeprecate#test_deprecated_method_calls_the_old_method = 0.59 s
[1112/4401] TestGemDeprecate#test_deprecated_method_outputs_a_warning_old_way = 0.67 s
[1113/4401] TestGemDeprecate#test_deprecated_method_outputs_a_warning = 0.66 s
[1114/4401] TestGemSecurityTrustDir#test_verify_file = 0.57 s
[1115/4401] TestGemSecurityTrustDir#test_issuer_of = 0.61 s
[1116/4401] TestGemSecurityTrustDir#test_load_certificate = 0.60 s
[1117/4401] TestGemSecurityTrustDir#test_trust_cert = 0.58 s
[1118/4401] TestGemSecurityTrustDir#test_cert_path = 0.49 s
[1119/4401] TestGemSecurityTrustDir#test_name_path = 0.42 s
[1120/4401] TestGemSecurityTrustDir#test_verify = 0.50 s
[1121/4401] TestGemSecurityTrustDir#test_verify_wrong_permissions = 0.57 s
[1122/4401] TestPathname#test_size = 0.06 s
[1123/4401] TestPathname#test_relative_path_from_322 = 0.03 s
[1124/4401] TestPathname#test_mountpoint_enoent = 0.01 s
[1125/4401] TestPathname#test_absolute = 0.01 s
[1126/4401] TestPathname#test_relative_path_from_320 = 0.02 s
[1127/4401] TestPathname#"test_root?_587" = 0.01 s
[1128/4401] TestPathname#test_relative_path_from_326 = 0.02 s
[1129/4401] TestPathname#test_cleanpath_aggressive_59 = 0.01 s
[1130/4401] TestPathname#test_slash = 0.01 s
[1131/4401] TestPathname#test_each_line = 0.05 s
[1132/4401] TestPathname#test_relative_path_from_324 = 0.02 s
[1133/4401] TestPathname#test_plus_208 = 0.01 s
[1134/4401] TestPathname#test_plus_206 = 0.01 s
[1135/4401] TestPathname#test_cleanpath_aggressive_55 = 0.01 s
[1136/4401] TestPathname#test_pathsub_559 = 0.01 s
[1137/4401] TestPathname#test_join = 0.04 s
[1138/4401] TestPathname#test_file_extname = 0.01 s
[1139/4401] TestPathname#test_utime = 0.04 s
[1140/4401] TestPathname#test_mountpoint? = 0.02 s
[1141/4401] TestPathname#test_lutime = 0.01 s
[1142/4401] TestPathname#test_parent_243 = 0.01 s
[1143/4401] TestPathname#test_cleanpath_aggressive_57 = 0.01 s
[1144/4401] TestPathname#test_lchmod = 0.01 s
[1145/4401] TestPathname#test_chmod = 0.03 s
[1146/4401] TestPathname#test_relative_path_from_328 = 0.02 s
[1147/4401] TestPathname#test_parent_241 = 0.01 s
[1148/4401] TestPathname#test_entries = 0.04 s
[1149/4401] TestPathname#test_basename = 0.01 s
[1150/4401] TestPathname#test_cleanpath_aggressive_51 = 0.01 s
[1151/4401] TestPathname#"test_root?_589" = 0.01 s
[1152/4401] TestPathname#test_writable? = 0.03 s
[1153/4401] TestPathname#test_del_trailing_separator_188 = 0.01 s
[1154/4401] TestPathname#test_cleanpath_aggressive_53 = 0.01 s
[1155/4401] TestPathname#test_realdirpath = 0.01 s
[1156/4401] TestPathname#test_parent_245 = 0.01 s
[1157/4401] TestPathname#test_plus_219 = 0.01 s
[1158/4401] TestPathname#test_cleanpath_conservative_122 = 0.01 s
[1159/4401] TestPathname#test_cleanpath_aggressive_48 = 0.01 s
[1160/4401] TestPathname#"test_root?_590" = 0.01 s
[1161/4401] TestPathname#test_cleanpath_conservative_120 = 0.01 s
[1162/4401] TestPathname#"test_has_trailing_separator?_146" = 0.01 s
[1163/4401] TestPathname#test_rmtree = 0.14 s
[1164/4401] TestPathname#test_relative_path_from_331 = 0.02 s
[1165/4401] TestPathname#test_cleanpath_conservative_126 = 0.01 s
[1166/4401] TestPathname#test_descend_460 = 0.02 s
[1167/4401] TestPathname#test_parent_239 = 0.01 s
[1168/4401] TestPathname#"test_relative?_279" = 0.01 s
[1169/4401] TestPathname#test_mktmpdir = 0.07 s
[1170/4401] TestPathname#test_cleanpath_aggressive_88 = 0.01 s
[1171/4401] TestPathname#test_cleanpath_conservative_124 = 0.01 s
[1172/4401] TestPathname#test_relative_path_from_333 = 0.02 s
[1173/4401] TestPathname#test_file_basename = 0.01 s
[1174/4401] TestPathname#"test_relative?_277" = 0.01 s
[1175/4401] TestPathname#test_cleanpath_aggressive_86 = 0.01 s
[1176/4401] TestPathname#test_plus_211 = 0.01 s
[1177/4401] TestPathname#test_directory? = 0.04 s
[1178/4401] TestPathname#"test_relative?_275" = 0.01 s
[1179/4401] TestPathname#test_cleanpath_aggressive_84 = 0.01 s
[1180/4401] TestPathname#test_cleanpath_conservative_128 = 0.02 s
[1181/4401] TestPathname#test_s_glob = 0.05 s
[1182/4401] TestPathname#"test_has_trailing_separator?_148" = 0.01 s
[1183/4401] TestPathname#test_plus_213 = 0.01 s
[1184/4401] TestPathname#test_del_trailing_separator_159 = 0.01 s
[1185/4401] TestPathname#test_relative_path_from_casefold = 12.01 s
[1186/4401] TestPathname#"test_relative?_273" = 0.01 s
[1187/4401] TestPathname#test_plus_215 = 0.02 s
[1188/4401] TestPathname#test_plus_217 = 0.02 s
[1189/4401] TestPathname#test_mkdir = 0.05 s
[1190/4401] TestPathname#test_comparison = 0.03 s
[1191/4401] TestPathname#test_plus_222 = 0.02 s
[1192/4401] TestPathname#test_cleanpath_aggressive_71 = 0.01 s
[1193/4401] TestPathname#test_relative_path_from_299 = 0.02 s
[1194/4401] TestPathname#"test_relative?_280" = 0.02 s
[1195/4401] TestPathname#test_file_split = 0.01 s
[1196/4401] TestPathname#test_cleanpath_conservative_119 = 0.01 s
[1197/4401] TestPathname#test_cleanpath_aggressive_73 = 0.01 s
[1198/4401] TestPathname#test_setuid? = 0.03 s
[1199/4401] TestPathname#test_readlink = 0.01 s
[1200/4401] TestPathname#test_plus_220 = 0.01 s
[1201/4401] TestPathname#"test_relative?_282" = 0.01 s
[1202/4401] TestPathname#test_ascend_468 = 0.02 s
[1203/4401] TestPathname#test_mtime = 0.01 s
[1204/4401] TestPathname#test_cleanpath_aggressive_75 = 0.01 s
[1205/4401] TestPathname#test_plus_224 = 0.01 s
[1206/4401] TestPathname#test_cleanpath_aggressive_77 = 0.01 s
[1207/4401] TestPathname#test_descend_459 = 0.02 s
[1208/4401] TestPathname#test_to_s = 0.01 s
[1209/4401] TestPathname#test_relative_path_from_308 = 0.02 s
[1210/4401] TestPathname#test_cleanpath_conservative_111 = 0.01 s
[1211/4401] TestPathname#test_readable_real? = 0.03 s
[1212/4401] TestPathname#test_cleanpath_aggressive_79 = 0.02 s
[1213/4401] TestPathname#test_sub_matchdata = 0.02 s
[1214/4401] TestPathname#test_del_trailing_separator_164 = 0.01 s
[1215/4401] TestPathname#test_cleanpath_conservative_113 = 0.01 s
[1216/4401] TestPathname#test_relative_path_from_304 = 0.02 s
[1217/4401] TestPathname#test_rename = 0.04 s
[1218/4401] TestPathname#test_initialize_nul = 0.01 s
[1219/4401] TestPathname#test_del_trailing_separator_162 = 0.01 s
[1220/4401] TestPathname#test_find = 0.31 s
[1221/4401] TestPathname#test_cleanpath_conservative_115 = 0.02 s
[1222/4401] TestPathname#test_relative_path_from_302 = 0.02 s
[1223/4401] TestPathname#test_hashkey = 0.01 s
[1224/4401] TestPathname#test_world_readable? = 0.04 s
[1225/4401] TestPathname#test_fnmatch = 0.01 s
[1226/4401] TestPathname#test_symlink? = 0.03 s
[1227/4401] TestPathname#test_relative_path_from_300 = 0.02 s
[1228/4401] TestPathname#test_cleanpath_conservative_117 = 0.01 s
[1229/4401] TestPathname#test_del_trailing_separator_160 = 0.01 s
[1230/4401] TestPathname#test_relative_path_from_297 = 0.03 s
[1231/4401] TestPathname#test_pathsubext_570 = 0.01 s
[1232/4401] TestPathname#test_relative_path_from_319 = 0.02 s
[1233/4401] TestPathname#test_unlink = 0.04 s
[1234/4401] TestPathname#test_executable? = 0.03 s
[1235/4401] TestPathname#test_ftype = 0.04 s
[1236/4401] TestPathname#test_pathsubext_569 = 0.01 s
[1237/4401] TestPathname#test_dirname = 0.01 s
[1238/4401] TestPathname#test_cleanpath_aggressive_66 = 0.01 s
[1239/4401] TestPathname#test_equality = 0.02 s
[1240/4401] TestPathname#test_cleanpath_aggressive_64 = 0.01 s
[1241/4401] TestPathname#test_cleanpath_aggressive_62 = 0.01 s
[1242/4401] TestPathname#test_atime = 0.01 s
[1243/4401] TestPathname#test_cleanpath_conservative_108 = 0.01 s
[1244/4401] TestPathname#test_cleanpath_aggressive_60 = 0.01 s
[1245/4401] TestPathname#test_null_character = 0.01 s
[1246/4401] TestPathname#test_cleanpath_conservative_99 = 0.01 s
[1247/4401] TestPathname#test_cleanpath_conservative_106 = 0.01 s
[1248/4401] TestPathname#test_relative_path_from_311 = 0.02 s
[1249/4401] TestPathname#test_pathsubext_563 = 0.01 s
[1250/4401] TestPathname#test_size? = 0.04 s
[1251/4401] TestPathname#test_relative_path_from_313 = 0.02 s
[1252/4401] TestPathname#test_cleanpath_conservative_104 = 0.01 s
[1253/4401] TestPathname#test_each_filename = 0.02 s
[1254/4401] TestPathname#test_executable_real? = 0.03 s
[1255/4401] TestPathname#test_file? = 0.05 s
[1256/4401] TestPathname#test_pathsubext_565 = 0.01 s
[1257/4401] TestPathname#test_blockless_ascend_is_enumerator = 0.01 s
[1258/4401] TestPathname#test_relative_path_from_315 = 0.02 s
[1259/4401] TestPathname#test_cleanpath_conservative_102 = 0.01 s
[1260/4401] TestPathname#test_open = 0.07 s
[1261/4401] TestPathname#test_initialize = 0.01 s
[1262/4401] TestPathname#test_pathsubext_567 = 0.01 s
[1263/4401] TestPathname#test_cleanpath_aggressive_68 = 0.01 s
[1264/4401] TestPathname#test_cleanpath_conservative_100 = 0.01 s
[1265/4401] TestPathname#test_relative_path_from_317 = 0.03 s
[1266/4401] TestPathname#test_each_child = 0.07 s
[1267/4401] TestPathname#test_cleanpath_aggressive_61 = 0.01 s
[1268/4401] TestPathname#test_file_fnmatch = 0.07 s
[1269/4401] TestPathname#test_cleanpath_conservative_109 = 0.01 s
[1270/4401] TestPathname#test_cleanpath_aggressive_63 = 0.01 s
[1271/4401] TestPathname#test_write = 0.03 s
[1272/4401] TestPathname#test_cleanpath_aggressive_65 = 0.01 s
[1273/4401] TestPathname#test_make_link = 0.06 s
[1274/4401] TestPathname#test_s_pwd = 0.01 s
[1275/4401] TestPathname#test_ctime = 0.01 s
[1276/4401] TestPathname#test_cleanpath_aggressive_67 = 0.01 s
[1277/4401] TestPathname#test_pathsubext_568 = 0.01 s
[1278/4401] TestPathname#test_relative_path_from_318 = 0.03 s
[1279/4401] TestPathname#test_setgid? = 0.03 s
[1280/4401] TestPathname#test_cleanpath_conservative_101 = 0.01 s
[1281/4401] TestPathname#test_cleanpath_aggressive_69 = 0.01 s
[1282/4401] TestPathname#test_pathsubext_566 = 0.01 s
[1283/4401] TestPathname#test_kernel_open = 0.07 s
[1284/4401] TestPathname#test_relative_path_from_314 = 0.02 s
[1285/4401] TestPathname#test_cleanpath_conservative_103 = 0.01 s
[1286/4401] TestPathname#test_truncate = 0.04 s
[1287/4401] TestPathname#test_ascend_470 = 0.01 s
[1288/4401] TestPathname#test_pathsubext_564 = 0.01 s
[1289/4401] TestPathname#test_cleanpath_conservative_105 = 0.01 s
[1290/4401] TestPathname#test_parent = 0.01 s
[1291/4401] TestPathname#test_expand_path = 0.02 s
[1292/4401] TestPathname#test_pathsubext_562 = 0.01 s
[1293/4401] TestPathname#test_each_entry = 0.04 s
[1294/4401] TestPathname#test_cleanpath_conservative_107 = 0.01 s
[1295/4401] TestPathname#test_relative_path_from_310 = 0.02 s
[1296/4401] TestPathname#test_plus = 0.01 s
[1297/4401] TestPathname#test_destructive_update = 0.01 s
[1298/4401] TestPathname#test_s_glob_3args = 0.04 s
[1299/4401] TestPathname#test_descend_458 = 0.02 s
[1300/4401] TestPathname#test_cleanpath_aggressive_76 = 0.01 s
[1301/4401] TestPathname#test_global_constructor = 0.01 s
[1302/4401] TestPathname#test_s_getwd = 0.01 s
[1303/4401] TestPathname#test_binwrite = 0.03 s
[1304/4401] TestPathname#test_zero? = 0.04 s
[1305/4401] TestPathname#test_cleanpath_aggressive_74 = 0.01 s
[1306/4401] TestPathname#test_sysopen = 0.03 s
[1307/4401] TestPathname#test_ascend_469 = 0.02 s
[1308/4401] TestPathname#test_cleanpath_aggressive_72 = 0.01 s
[1309/4401] TestPathname#test_cleanpath_conservative_118 = 0.01 s
[1310/4401] TestPathname#test_relative_path_from_298 = 0.02 s
[1311/4401] TestPathname#"test_relative?_281" = 0.01 s
[1312/4401] TestPathname#test_rmdir = 0.03 s
[1313/4401] TestPathname#test_cleanpath_aggressive_70 = 0.01 s
[1314/4401] TestPathname#test_pathsubext_571 = 0.01 s
[1315/4401] TestPathname#test_blockless_descend_is_enumerator = 0.01 s
[1316/4401] TestPathname#test_del_trailing_separator_161 = 0.01 s
[1317/4401] TestPathname#test_relative_path_from_301 = 0.02 s
[1318/4401] TestPathname#test_cleanpath_conservative_116 = 0.01 s
[1319/4401] TestPathname#test_ascend_467 = 0.02 s
[1320/4401] TestPathname#test_binread = 0.03 s
[1321/4401] TestPathname#test_cleanpath_conservative_114 = 0.01 s
[1322/4401] TestPathname#test_relative_path_from_303 = 0.02 s
[1323/4401] TestPathname#test_del_trailing_separator_163 = 0.01 s
[1324/4401] TestPathname#test_each_line_opts = 0.05 s
[1325/4401] TestPathname#test_write_opts = 0.03 s
[1326/4401] TestPathname#test_chardev? = 0.03 s
[1327/4401] TestPathname#test_file_dirname = 0.01 s
[1328/4401] TestPathname#test_cleanpath_conservative_112 = 0.01 s
[1329/4401] TestPathname#test_relative_path_from_305 = 0.02 s
[1330/4401] TestPathname#test_del_trailing_separator_165 = 0.01 s
[1331/4401] TestPathname#test_read = 0.03 s
[1332/4401] TestPathname#test_owned? = 0.03 s
[1333/4401] TestPathname#test_cleanpath_aggressive_78 = 0.01 s
[1334/4401] TestPathname#test_exist? = 0.03 s
[1335/4401] TestPathname#test_make_symlink = 0.01 s
[1336/4401] TestPathname#test_world_writable? = 0.03 s
[1337/4401] TestPathname#test_relative_path_from_307 = 0.02 s
[1338/4401] TestPathname#test_cleanpath_conservative_110 = 0.01 s
[1339/4401] TestPathname#test_cleanpath_conservative_125 = 0.01 s
[1340/4401] TestPathname#test_relative_path_from_332 = 0.02 s
[1341/4401] TestPathname#test_parent_238 = 0.01 s
[1342/4401] TestPathname#test_children = 0.07 s
[1343/4401] TestPathname#test_writable_real? = 0.03 s
[1344/4401] TestPathname#test_descend_461 = 0.01 s
[1345/4401] TestPathname#test_cleanpath_conservative_127 = 0.01 s
[1346/4401] TestPathname#test_socket? = 0.03 s
[1347/4401] TestPathname#test_readlines = 0.03 s
[1348/4401] TestPathname#test_readlines_opts = 0.03 s
[1349/4401] TestPathname#"test_has_trailing_separator?_147" = 0.01 s
[1350/4401] TestPathname#test_extname = 0.01 s
[1351/4401] TestPathname#test_cleanpath_conservative_121 = 0.01 s
[1352/4401] TestPathname#test_split = 11.91 s
[1353/4401] TestPathname#test_cleanpath_aggressive_49 = 0.01 s
[1354/4401] TestPathname#test_matchop = 0.01 s
[1355/4401] TestPathname#test_cleanpath_conservative_123 = 0.02 s
[1356/4401] TestPathname#test_relative_path_from_334 = 0.02 s
[1357/4401] TestPathname#test_relative_path_from_mock = 0.06 s
[1358/4401] TestPathname#test_plus_218 = 0.02 s
[1359/4401] TestPathname#test_grpowned? = 0.04 s
[1360/4401] TestPathname#test_glob = 0.08 s
[1361/4401] TestPathname#test_plus_216 = 0.01 s
[1362/4401] TestPathname#test_blockdev? = 0.03 s
[1363/4401] TestPathname#test_kernel_pathname = 0.01 s
[1364/4401] TestPathname#test_empty? = 0.07 s
[1365/4401] TestPathname#test_plus_214 = 0.01 s
[1366/4401] TestPathname#test_stat = 0.03 s
[1367/4401] TestPathname#"test_relative?_272" = 0.01 s
[1368/4401] TestPathname#"test_has_trailing_separator?_149" = 0.01 s
[1369/4401] TestPathname#test_cleanpath_conservative_129 = 0.02 s
[1370/4401] TestPathname#test_cleanpath_aggressive_85 = 0.01 s
[1371/4401] TestPathname#"test_relative?_274" = 0.01 s
[1372/4401] TestPathname#test_plus_210 = 0.01 s
[1373/4401] TestPathname#test_cleanpath_aggressive_87 = 0.01 s
[1374/4401] TestPathname#"test_relative?_276" = 0.01 s
[1375/4401] TestPathname#test_plus_209 = 0.01 s
[1376/4401] TestPathname#test_mkpath = 0.13 s
[1377/4401] TestPathname#test_pipe? = 0.03 s
[1378/4401] TestPathname#test_relative_path_from_325 = 0.02 s
[1379/4401] TestPathname#test_cleanpath_aggressive_58 = 0.01 s
[1380/4401] TestPathname#test_opendir = 0.04 s
[1381/4401] TestPathname#test_comparison_string = 0.01 s
[1382/4401] TestPathname#test_fnmatch? = 0.01 s
[1383/4401] TestPathname#"test_root?_586" = 0.01 s
[1384/4401] TestPathname#test_binwrite_opts = 0.03 s
[1385/4401] TestPathname#test_relative_path_from_323 = 0.02 s
[1386/4401] TestPathname#test_parent_244 = 0.01 s
[1387/4401] TestPathname#test_cleanpath_aggressive_52 = 0.01 s
[1388/4401] TestPathname#test_del_trailing_separator_189 = 0.01 s
[1389/4401] TestPathname#test_cleanpath_conservative_138 = 0.01 s
[1390/4401] TestPathname#test_sticky? = 0.03 s
[1391/4401] TestPathname#test_parent_246 = 0.01 s
[1392/4401] TestPathname#test_lstat = 0.01 s
[1393/4401] TestPathname#test_cleanpath_aggressive_50 = 0.01 s
[1394/4401] TestPathname#"test_root?_588" = 0.01 s
[1395/4401] TestPathname#test_realpath = 0.01 s
[1396/4401] TestPathname#test_parent_240 = 0.01 s
[1397/4401] TestPathname#test_chown = 0.03 s
[1398/4401] TestPathname#test_lchown = 0.01 s
[1399/4401] TestPathname#test_relative_path_from_329 = 0.02 s
[1400/4401] TestPathname#test_cleanpath_aggressive_56 = 0.01 s
[1401/4401] TestPathname#test_each_entry_enumerator = 0.05 s
[1402/4401] TestPathname#test_birthtime = 0.03 s
[1403/4401] TestPathname#test_freeze = 0.02 s
[1404/4401] TestPathname#test_parent_242 = 0.01 s
[1405/4401] TestPathname#test_readable? = 0.03 s
[1406/4401] TestPathname#test_cleanpath_aggressive_54 = 0.01 s
[1407/4401] TestPathname#test_plus_207 = 0.01 s
[1408/4401] TestERBCoreWOStrScan#test_percent = 0.23 s
[1409/4401] TestERBCoreWOStrScan#test_result_with_hash_does_not_modify_toplevel_binding = 0.07 s
[1410/4401] TestERBCoreWOStrScan#test_version = 0.01 s
[1411/4401] TestERBCoreWOStrScan#test_token_extension = 0.06 s
[1412/4401] TestERBCoreWOStrScan#test_deprecated_interface_warnings = 0.14 s
[1413/4401] TestERBCoreWOStrScan#test_half_working_comment_backward_compatibility = 0.03 s
[1414/4401] TestERBCoreWOStrScan#test_result_with_hash_does_not_modify_caller_binding = 0.03 s
[1415/4401] TestERBCoreWOStrScan#test_explicit_trim_line_with_carriage_return = 0.07 s
[1416/4401] TestERBCoreWOStrScan#test_url_encode = 0.01 s
[1417/4401] TestERBCoreWOStrScan#test_result_with_hash_with_invalid_keys_raises_type_error = 0.02 s
[1418/4401] TestERBCoreWOStrScan#test_escape = 0.11 s
[1419/4401] TestERBCoreWOStrScan#test_percent_after_etag = 0.03 s
[1420/4401] TestERBCoreWOStrScan#test_frozen_string_literal = 0.07 s
[1421/4401] TestERBCoreWOStrScan#test_explicit = 0.25 s
[1422/4401] TestERBCoreWOStrScan#test_def_module = 0.04 s
[1423/4401] TestERBCoreWOStrScan#test_run = 0.03 s
[1424/4401] TestERBCoreWOStrScan#test_trim_line2_with_carriage_return = 0.08 s
[1425/4401] TestERBCoreWOStrScan#test_def_class = 0.06 s
[1426/4401] TestERBCoreWOStrScan#test_prohibited_marshal_load = 0.02 s
[1427/4401] TestERBCoreWOStrScan#test_result_with_hash_does_not_use_caller_local_variables = 0.04 s
[1428/4401] TestERBCoreWOStrScan#test_trim_line1_with_carriage_return = 0.07 s
[1429/4401] TestERBCoreWOStrScan#test_def_method_without_filename = 0.05 s
[1430/4401] TestERBCoreWOStrScan#test_result_with_hash = 0.02 s
[1431/4401] TestERBCoreWOStrScan#test_invalid_trim_mode = 0.08 s
[1432/4401] TestERBCoreWOStrScan#test_multi_line_comment_lineno = 0.03 s
[1433/4401] TestERBCoreWOStrScan#test_def_erb_method = 0.08 s
[1434/4401] TestERBCoreWOStrScan#test_def_method_with_fname = 0.05 s
[1435/4401] TestERBCoreWOStrScan#test_keep_lineno = 0.42 s
[1436/4401] TestERBCoreWOStrScan#test_core = 1.37 s
[1437/4401] TestERBCoreWOStrScan#test_prohibited_marshal_dump = 0.02 s
[1438/4401] Test_Load_Protect#test_load_protect = 0.04 s
[1439/4401] TestGemResolverLocalSpecification#test_installable_platform_eh = 0.81 s
[1440/4401] TestGemResolverLocalSpecification#test_install = 0.82 s
[1441/4401] TestGemExtBuilder#test_custom_make_with_options = 30.69 s
[1442/4401] TestGemExtBuilder#test_build_extensions_none = 0.58 s
[1443/4401] TestGemExtBuilder#test_build_extensions_install_ext_only = 17.71 s
[1444/4401] TestGemExtBuilder#test_build_extensions_extconf_bad = 2.49 s
[1445/4401] TestGemExtBuilder#test_initialize_build_args = 0.56 s
[1446/4401] TestGemExtBuilder#test_initialize = 0.47 s
[1447/4401] TestGemExtBuilder#test_build_extensions_with_gemhome_with_space = 17.60 s
[1448/4401] TestGemExtBuilder#test_class_make_no_clean = 21.45 s
[1449/4401] TestGemExtBuilder#test_build_extensions_rebuild_failure = 0.70 s
[1450/4401] TestGemExtBuilder#test_build_extensions_with_build_args = 12.48 s
[1451/4401] TestGemExtBuilder#test_build_extensions = 18.01 s
[1452/4401] TestGemExtBuilder#test_build_extensions_unsupported = 0.69 s
[1453/4401] TestGemExtBuilder#test_class_make = 30.54 s
[1454/4401] TestGemExtBuilder#test_build_extensions_with_target_rbconfig = 40.88 s
[1455/4401] TestMkmfInstall#test_install_dirs = 31.23 s
[1456/4401] TestGemRemoteFetcherS3#test_fetch_s3_config_creds_with_region = 1.01 s
[1457/4401] TestGemRemoteFetcherS3#test_fetch_s3_config_creds_with_token = 0.90 s
[1458/4401] TestGemRemoteFetcherS3#test_fetch_s3_no_host = 0.87 s
[1459/4401] TestGemRemoteFetcherS3#test_fetch_s3_url_creds = 0.87 s
[1460/4401] TestGemRemoteFetcherS3#test_fetch_s3_no_secret = 1.24 s
[1461/4401] TestGemRemoteFetcherS3#test_fetch_s3_env_creds_with_region = 1.21 s
[1462/4401] TestGemRemoteFetcherS3#test_fetch_s3_no_source_key = 1.10 s
[1463/4401] TestGemRemoteFetcherS3#test_fetch_s3_no_id = 1.14 s
[1464/4401] TestGemRemoteFetcherS3#test_fetch_s3_instance_profile_creds_with_token = 1.22 s
[1465/4401] TestGemRemoteFetcherS3#test_fetch_s3_env_creds = 1.15 s
[1466/4401] TestGemRemoteFetcherS3#test_fetch_s3_config_creds = 1.15 s
[1467/4401] TestGemRemoteFetcherS3#test_fetch_s3_env_creds_with_token = 1.29 s
[1468/4401] TestGemRemoteFetcherS3#test_fetch_s3_instance_profile_creds = 1.09 s
[1469/4401] TestGemRemoteFetcherS3#test_fetch_s3_instance_profile_creds_with_region = 2.09 s
[1470/4401] TestGemCommandsSpecificationCommand#test_execute_exact_match = 0.66 s
[1471/4401] TestGemCommandsSpecificationCommand#test_execute_remote_with_prerelease = 0.67 s
[1472/4401] TestGemCommandsSpecificationCommand#test_execute_remote_with_version = 0.83 s
[1473/4401] TestGemCommandsSpecificationCommand#test_execute_remote = 0.65 s
[1474/4401] TestGemCommandsSpecificationCommand#test_execute_remote_with_version_and_platform = 0.65
 s
[1475/4401] TestGemCommandsSpecificationCommand#test_execute_bad_name = 0.67 s
[1476/4401] TestGemCommandsSpecificationCommand#test_execute_field = 0.65 s
[1477/4401] TestGemCommandsSpecificationCommand#test_execute_all = 0.66 s
[1478/4401] TestGemCommandsSpecificationCommand#test_execute_remote_without_prerelease = 0.65 s
[1479/4401] TestGemCommandsSpecificationCommand#test_execute_all_conflicts_with_version = 0.65 s
[1480/4401] TestGemCommandsSpecificationCommand#test_execute = 0.65 s
[1481/4401] TestGemCommandsSpecificationCommand#test_execute_marshal = 0.66 s
[1482/4401] TestGemCommandsSpecificationCommand#test_execute_file = 0.66 s
[1483/4401] TestGemCommandsSpecificationCommand#test_execute_bad_name_with_version = 0.65 s
[1484/4401] TestGemCommandsSpecificationCommand#test_execute_ruby = 0.65 s
[1485/4401] TestIOConsoleInRactor#test_ractor = 5.43 s
[1486/4401] TestDateNew#test_jd__ex = 0.03 s
[1487/4401] TestDateNew#test_commercial__neg = 0.02 s
[1488/4401] TestDateNew#test_civil = 0.06 s
[1489/4401] TestDateNew#test_valid_with_invalid_types = 0.02 s
[1490/4401] TestDateNew#test_ordinal__neg = 0.01 s
[1491/4401] TestDateNew#test_civil__reform = 0.02 s
[1492/4401] TestDateNew#test_invalid_types = 0.11 s
[1493/4401] TestDateNew#test_today = 0.02 s
[1494/4401] TestDateNew#test_civil__neg = 0.01 s
[1495/4401] TestDateNew#test_commercial__ex = 0.01 s
[1496/4401] TestDateNew#test_civil__ex = 0.02 s
[1497/4401] TestDateNew#test_commercial = 0.02 s
[1498/4401] TestDateNew#test_ordinal__ex = 0.01 s
[1499/4401] TestDateNew#test_memsize = 0.09 s
[1500/4401] TestDateNew#test_ordinal = 0.02 s
[1501/4401] TestDateNew#test_jd = 0.02 s
[1502/4401] TestDateNew#test_now = 0.01 s
[1503/4401] TestRbConfig#test_vendorarchdirs = 0.05 s
[1504/4401] TestRbConfig#test_sitedirs = 0.05 s
[1505/4401] TestRbConfig#test_sitearchdirs = 0.05 s
[1506/4401] TestRbConfig#test_archdirs = 0.05 s
[1507/4401] TestRbConfig#test_vendordirs = 0.05 s
[1508/4401] TestFloatExt#"test_nextafter_213_other_5.0e-324_2.220446049250313e-16" = 0.03 s
[1509/4401] TestFloatExt#"test_nextafter_147_other_-5.0e-324_-5.0e-324" = 0.01 s
[1510/4401] TestFloatExt#"test_nextafter_304_other_1.0000000000000002_-1.0" = 0.01 s
[1511/4401] TestFloatExt#"test_nextafter_186_other_0.0_-1.1125369292536007e-308" = 0.01 s
[1512/4401] TestFloatExt#"test_nextafter_236_other_1.1125369292536007e-308_100.0" = 0.01 s
[1513/4401] TestFloatExt#"test_nextafter_161_other_-0.0_-1.7976931348623157e+308" = 0.01 s
[1514/4401] TestFloatExt#"test_nextafter_81_other_-1.0_-1.7976931348623157e+308" = 0.01 s
[1515/4401] TestFloatExt#"test_nextafter_61_other_-1.0000000000000002_-1.7976931348623157e+308" = 0.
01 s
[1516/4401] TestFloatExt#"test_nextafter_110_other_-2.220446049250313e-16_5.0e-324" = 0.01 s
[1517/4401] TestFloatExt#"test_nextafter_275_other_2.220446049250313e-16_1.0000000000000002" = 0.02
s
[1518/4401] TestFloatExt#"test_nextafter_244_other_2.2250738585072014e-308_-1.0" = 0.02 s
[1519/4401] TestFloatExt#"test_nextafter_262_other_2.220446049250313e-16_-100.0" = 0.02 s
[1520/4401] TestFloatExt#"test_nextafter_326_other_100.0_-1.1125369292536007e-308" = 0.01 s
[1521/4401] TestFloatExt#"test_nextafter_148_other_-5.0e-324_-0.0" = 0.02 s
[1522/4401] TestFloatExt#"test_nextafter_397_other_NaN_1.7976931348623157e+308" = 0.01 s
[1523/4401] TestFloatExt#"test_nextafter_133_other_-1.1125369292536007e-308_2.220446049250313e-16" =
 0.01 s
[1524/4401] TestFloatExt#"test_nextafter_257_other_2.2250738585072014e-308_1.7976931348623157e+308"
= 0.01 s
[1525/4401] TestFloatExt#"test_nextafter_384_other_NaN_-1.0" = 0.01 s
[1526/4401] TestFloatExt#"test_nextafter_27_other_-1.7976931348623157e+308_-5.0e-324" = 0.01 s
[1527/4401] TestFloatExt#"test_nextafter_374_other_Infinity_1.0" = 0.01 s
[1528/4401] TestFloatExt#"test_nextafter_53_other_-100.0_2.220446049250313e-16" = 0.01 s
[1529/4401] TestFloatExt#"test_nextafter_361_other_Infinity_-1.7976931348623157e+308" = 0.01 s
[1530/4401] TestFloatExt#"test_nextafter_259_other_2.2250738585072014e-308_NaN" = 0.01 s
[1531/4401] TestFloatExt#"test_nextafter_62_other_-1.0000000000000002_-100.0" = 0.01 s
[1532/4401] TestFloatExt#"test_nextafter_64_other_-1.0000000000000002_-1.0" = 0.01 s
[1533/4401] TestFloatExt#"test_nextafter_373_other_Infinity_2.220446049250313e-16" = 0.01 s
[1534/4401] TestFloatExt#"test_nextafter_231_other_1.1125369292536007e-308_1.1125369292536007e-308"
= 0.01 s
[1535/4401] TestFloatExt#"test_nextafter_364_other_Infinity_-1.0" = 0.01 s
[1536/4401] TestFloatExt#"test_nextafter_176_other_-0.0_100.0" = 0.01 s
[1537/4401] TestFloatExt#"test_nextafter_218_ruby_5.0e-324_Infinity" = 0.01 s
[1538/4401] TestFloatExt#"test_nextafter_385_other_NaN_-2.220446049250313e-16" = 0.01 s
[1539/4401] TestFloatExt#"test_nextafter_17_other_-Infinity_1.7976931348623157e+308" = 0.01 s
[1540/4401] TestFloatExt#"test_nextafter_113_other_-2.220446049250313e-16_2.220446049250313e-16" = 0
.01 s
[1541/4401] TestFloatExt#"test_nextafter_390_other_NaN_5.0e-324" = 0.01 s
[1542/4401] TestFloatExt#"test_nextafter_45_other_-100.0_-2.220446049250313e-16" = 0.01 s
[1543/4401] TestFloatExt#"test_nextafter_100_ruby_-2.220446049250313e-16_-Infinity" = 0.01 s
[1544/4401] TestFloatExt#"test_nextafter_365_other_Infinity_-2.220446049250313e-16" = 0.01 s
[1545/4401] TestFloatExt#"test_nextafter_194_other_0.0_1.0" = 0.01 s
[1546/4401] TestFloatExt#"test_nextafter_329_other_100.0_0.0" = 0.01 s
[1547/4401] TestFloatExt#"test_nextafter_120_ruby_-1.1125369292536007e-308_-Infinity" = 0.01 s
[1548/4401] TestFloatExt#"test_nextafter_143_other_-5.0e-324_-1.0000000000000002" = 0.01 s
[1549/4401] TestFloatExt#"test_nextafter_71_other_-1.0000000000000002_1.1125369292536007e-308" = 0.0
1 s
[1550/4401] TestFloatExt#"test_nextafter_273_other_2.220446049250313e-16_2.220446049250313e-16" = 0.
01 s
[1551/4401] TestFloatExt#"test_nextafter_366_other_Infinity_-1.1125369292536007e-308" = 0.01 s
[1552/4401] TestFloatExt#"test_nextafter_108_other_-2.220446049250313e-16_-0.0" = 0.01 s
[1553/4401] TestFloatExt#"test_nextafter_234_other_1.1125369292536007e-308_1.0" = 0.01 s
[1554/4401] TestFloatExt#"test_nextafter_383_other_NaN_-1.0000000000000002" = 0.01 s
[1555/4401] TestFloatExt#"test_nextafter_189_other_0.0_0.0" = 0.02 s
[1556/4401] TestFloatExt#"test_nextafter_67_other_-1.0000000000000002_-5.0e-324" = 0.01 s
[1557/4401] TestFloatExt#"test_nextafter_392_other_NaN_2.2250738585072014e-308" = 0.01 s
[1558/4401] TestFloatExt#test_nextafter_398_ruby_NaN_Infinity = 0.01 s
[1559/4401] TestFloatExt#"test_nextafter_279_other_2.220446049250313e-16_NaN" = 0.01 s
[1560/4401] TestFloatExt#"test_nextafter_245_other_2.2250738585072014e-308_-2.220446049250313e-16" =
 0.01 s
[1561/4401] TestFloatExt#"test_nextafter_44_other_-100.0_-1.0" = 0.01 s
[1562/4401] TestFloatExt#"test_nextafter_97_other_-1.0_1.7976931348623157e+308" = 0.01 s
[1563/4401] TestFloatExt#"test_nextafter_339_other_100.0_NaN" = 0.01 s
[1564/4401] TestFloatExt#"test_nextafter_307_other_1.0000000000000002_-5.0e-324" = 0.01 s
[1565/4401] TestFloatExt#"test_nextafter_59_other_-100.0_NaN" = 0.01 s
[1566/4401] TestFloatExt#"test_nextafter_106_other_-2.220446049250313e-16_-1.1125369292536007e-308"
= 0.01 s
[1567/4401] TestFloatExt#"test_nextafter_183_other_0.0_-1.0000000000000002" = 0.01 s
[1568/4401] TestFloatExt#"test_nextafter_83_other_-1.0_-1.0000000000000002" = 0.01 s
[1569/4401] TestFloatExt#"test_nextafter_309_other_1.0000000000000002_0.0" = 0.01 s
[1570/4401] TestFloatExt#"test_nextafter_136_other_-1.1125369292536007e-308_100.0" = 0.01 s
[1571/4401] TestFloatExt#"test_nextafter_23_other_-1.7976931348623157e+308_-1.0000000000000002" = 0.
01 s
[1572/4401] TestFloatExt#"test_nextafter_241_other_2.2250738585072014e-308_-1.7976931348623157e+308"
 = 0.01 s
[1573/4401] TestFloatExt#"test_nextafter_229_other_1.1125369292536007e-308_0.0" = 0.01 s
[1574/4401] TestFloatExt#"test_nextafter_29_other_-1.7976931348623157e+308_0.0" = 0.01 s
[1575/4401] TestFloatExt#"test_nextafter_246_other_2.2250738585072014e-308_-1.1125369292536007e-308"
 = 0.01 s
[1576/4401] TestFloatExt#"test_nextafter_228_other_1.1125369292536007e-308_-0.0" = 0.01 s
[1577/4401] TestFloatExt#"test_nextafter_302_other_1.0000000000000002_-100.0" = 0.01 s
[1578/4401] TestFloatExt#"test_nextafter_295_other_1.0_1.0000000000000002" = 0.01 s
[1579/4401] TestFloatExt#"test_nextafter_54_other_-100.0_1.0" = 0.01 s
[1580/4401] TestFloatExt#"test_nextafter_335_other_100.0_1.0000000000000002" = 0.01 s
[1581/4401] TestFloatExt#"test_nextafter_387_other_NaN_-5.0e-324" = 0.01 s
[1582/4401] TestFloatExt#"test_nextafter_112_other_-2.220446049250313e-16_2.2250738585072014e-308" =
 0.01 s
[1583/4401] TestFloatExt#"test_nextafter_356_other_1.7976931348623157e+308_100.0" = 0.01 s
[1584/4401] TestFloatExt#"test_nextafter_337_other_100.0_1.7976931348623157e+308" = 0.01 s
[1585/4401] TestFloatExt#"test_nextafter_212_other_5.0e-324_2.2250738585072014e-308" = 0.01 s
[1586/4401] TestFloatExt#"test_nextafter_316_other_1.0000000000000002_100.0" = 0.01 s
[1587/4401] TestFloatExt#"test_nextafter_175_other_-0.0_1.0000000000000002" = 0.01 s
[1588/4401] TestFloatExt#"test_nextafter_253_other_2.2250738585072014e-308_2.220446049250313e-16" =
0.01 s
[1589/4401] TestFloatExt#"test_nextafter_164_other_-0.0_-1.0" = 0.01 s
[1590/4401] TestFloatExt#"test_nextafter_308_other_1.0000000000000002_-0.0" = 0.01 s
[1591/4401] TestFloatExt#"test_nextafter_82_other_-1.0_-100.0" = 0.01 s
[1592/4401] TestFloatExt#"test_nextafter_358_ruby_1.7976931348623157e+308_Infinity" = 0.01 s
[1593/4401] TestFloatExt#"test_nextafter_101_other_-2.220446049250313e-16_-1.7976931348623157e+308"
= 0.01 s
[1594/4401] TestFloatExt#"test_nextafter_84_other_-1.0_-1.0" = 0.01 s
[1595/4401] TestFloatExt#"test_nextafter_16_other_-Infinity_100.0" = 0.01 s
[1596/4401] TestFloatExt#"test_nextafter_128_other_-1.1125369292536007e-308_-0.0" = 0.01 s
[1597/4401] TestFloatExt#"test_nextafter_78_ruby_-1.0000000000000002_Infinity" = 0.01 s
[1598/4401] TestFloatExt#"test_nextafter_151_other_-5.0e-324_1.1125369292536007e-308" = 0.02 s
[1599/4401] TestFloatExt#"test_nextafter_353_other_1.7976931348623157e+308_2.220446049250313e-16" =
0.01 s
[1600/4401] TestFloatExt#"test_nextafter_74_other_-1.0000000000000002_1.0" = 0.01 s
[1601/4401] TestFloatExt#"test_nextafter_369_other_Infinity_0.0" = 0.01 s
[1602/4401] TestFloatExt#"test_nextafter_219_other_5.0e-324_NaN" = 0.01 s
[1603/4401] TestFloatExt#"test_nextafter_172_other_-0.0_2.2250738585072014e-308" = 0.01 s
[1604/4401] TestFloatExt#"test_nextafter_72_other_-1.0000000000000002_2.2250738585072014e-308" = 0.0
1 s
[1605/4401] TestFloatExt#"test_nextafter_180_ruby_0.0_-Infinity" = 0.01 s
[1606/4401] TestFloatExt#"test_nextafter_42_other_-100.0_-100.0" = 0.01 s
[1607/4401] TestFloatExt#"test_nextafter_150_other_-5.0e-324_5.0e-324" = 0.02 s
[1608/4401] TestFloatExt#"test_nextafter_96_other_-1.0_100.0" = 0.01 s
[1609/4401] TestFloatExt#"test_nextafter_105_other_-2.220446049250313e-16_-2.220446049250313e-16" =
0.01 s
[1610/4401] TestFloatExt#"test_nextafter_182_other_0.0_-100.0" = 0.01 s
[1611/4401] TestFloatExt#"test_nextafter_39_other_-1.7976931348623157e+308_NaN" = 0.01 s
[1612/4401] TestFloatExt#"test_nextafter_286_other_1.0_-1.1125369292536007e-308" = 0.01 s
[1613/4401] TestFloatExt#"test_nextafter_107_other_-2.220446049250313e-16_-5.0e-324" = 0.01 s
[1614/4401] TestFloatExt#"test_nextafter_24_other_-1.7976931348623157e+308_-1.0" = 0.01 s
[1615/4401] TestFloatExt#"test_nextafter_200_ruby_5.0e-324_-Infinity" = 0.02 s
[1616/4401] TestFloatExt#"test_nextafter_269_other_2.220446049250313e-16_0.0" = 0.01 s
[1617/4401] TestFloatExt#"test_nextafter_40_ruby_-100.0_-Infinity" = 0.01 s
[1618/4401] TestFloatExt#"test_nextafter_280_ruby_1.0_-Infinity" = 0.12 s
[1619/4401] TestFloatExt#"test_nextafter_198_ruby_0.0_Infinity" = 0.01 s
[1620/4401] TestFloatExt#"test_nextafter_317_other_1.0000000000000002_1.7976931348623157e+308" = 0.0
1 s
[1621/4401] TestFloatExt#"test_nextafter_131_other_-1.1125369292536007e-308_1.1125369292536007e-308"
 = 0.01 s
[1622/4401] TestFloatExt#"test_nextafter_5_other_-Infinity_-2.220446049250313e-16" = 0.01 s
[1623/4401] TestFloatExt#"test_nextafter_58_ruby_-100.0_Infinity" = 0.01 s
[1624/4401] TestFloatExt#"test_nextafter_242_other_2.2250738585072014e-308_-100.0" = 0.01 s
[1625/4401] TestFloatExt#"test_nextafter_126_other_-1.1125369292536007e-308_-1.1125369292536007e-308
" = 0.01 s
[1626/4401] TestFloatExt#"test_nextafter_389_other_NaN_0.0" = 0.01 s
[1627/4401] TestFloatExt#"test_nextafter_155_other_-5.0e-324_1.0000000000000002" = 0.02 s
[1628/4401] TestFloatExt#"test_nextafter_224_other_1.1125369292536007e-308_-1.0" = 0.01 s
[1629/4401] TestFloatExt#"test_nextafter_69_other_-1.0000000000000002_0.0" = 0.01 s
[1630/4401] TestFloatExt#"test_nextafter_19_other_-Infinity_NaN" = 0.01 s
[1631/4401] TestFloatExt#"test_nextafter_2_other_-Infinity_-100.0" = 0.01 s
[1632/4401] TestFloatExt#"test_nextafter_388_other_NaN_-0.0" = 0.01 s
[1633/4401] TestFloatExt#"test_nextafter_139_other_-1.1125369292536007e-308_NaN" = 0.01 s
[1634/4401] TestFloatExt#"test_nextafter_394_other_NaN_1.0" = 0.01 s
[1635/4401] TestFloatExt#"test_nextafter_98_ruby_-1.0_Infinity" = 0.01 s
[1636/4401] TestFloatExt#"test_nextafter_93_other_-1.0_2.220446049250313e-16" = 0.01 s
[1637/4401] TestFloatExt#"test_nextafter_323_other_100.0_-1.0000000000000002" = 0.01 s
[1638/4401] TestFloatExt#"test_nextafter_252_other_2.2250738585072014e-308_2.2250738585072014e-308"
= 0.01 s
[1639/4401] TestFloatExt#"test_nextafter_324_other_100.0_-1.0" = 0.01 s
[1640/4401] TestFloatExt#"test_nextafter_282_other_1.0_-100.0" = 0.01 s
[1641/4401] TestFloatExt#"test_nextafter_70_other_-1.0000000000000002_5.0e-324" = 0.01 s
[1642/4401] TestFloatExt#"test_nextafter_342_other_1.7976931348623157e+308_-100.0" = 0.01 s
[1643/4401] TestFloatExt#"test_nextafter_51_other_-100.0_1.1125369292536007e-308" = 0.01 s
[1644/4401] TestFloatExt#"test_nextafter_289_other_1.0_0.0" = 0.01 s
[1645/4401] TestFloatExt#"test_nextafter_338_ruby_100.0_Infinity" = 0.01 s
[1646/4401] TestFloatExt#"test_nextafter_73_other_-1.0000000000000002_2.220446049250313e-16" = 0.01
s
[1647/4401] TestFloatExt#"test_nextafter_14_other_-Infinity_1.0" = 0.01 s
[1648/4401] TestFloatExt#"test_nextafter_140_ruby_-5.0e-324_-Infinity" = 0.01 s
[1649/4401] TestFloatExt#"test_nextafter_216_other_5.0e-324_100.0" = 0.01 s
[1650/4401] TestFloatExt#"test_nextafter_351_other_1.7976931348623157e+308_1.1125369292536007e-308"
= 0.01 s
[1651/4401] TestFloatExt#"test_nextafter_115_other_-2.220446049250313e-16_1.0000000000000002" = 0.01
 s
[1652/4401] TestFloatExt#"test_nextafter_267_other_2.220446049250313e-16_-5.0e-324" = 0.01 s
[1653/4401] TestFloatExt#"test_nextafter_294_other_1.0_1.0" = 0.01 s
[1654/4401] TestFloatExt#"test_nextafter_121_other_-1.1125369292536007e-308_-1.7976931348623157e+308
" = 0.01 s
[1655/4401] TestFloatExt#"test_nextafter_190_other_0.0_5.0e-324" = 0.01 s
[1656/4401] TestFloatExt#"test_nextafter_146_other_-5.0e-324_-1.1125369292536007e-308" = 0.01 s
[1657/4401] TestFloatExt#"test_nextafter_169_other_-0.0_0.0" = 0.01 s
[1658/4401] TestFloatExt#"test_nextafter_318_ruby_1.0000000000000002_Infinity" = 0.01 s
[1659/4401] TestFloatExt#"test_nextafter_202_other_5.0e-324_-100.0" = 0.01 s
[1660/4401] TestFloatExt#"test_nextafter_25_other_-1.7976931348623157e+308_-2.220446049250313e-16" =
 0.01 s
[1661/4401] TestFloatExt#"test_nextafter_91_other_-1.0_1.1125369292536007e-308" = 0.05 s
[1662/4401] TestFloatExt#"test_nextafter_31_other_-1.7976931348623157e+308_1.1125369292536007e-308"
= 0.01 s
[1663/4401] TestFloatExt#"test_nextafter_214_other_5.0e-324_1.0" = 0.01 s
[1664/4401] TestFloatExt#"test_nextafter_247_other_2.2250738585072014e-308_-5.0e-324" = 0.01 s
[1665/4401] TestFloatExt#"test_nextafter_52_other_-100.0_2.2250738585072014e-308" = 0.01 s
[1666/4401] TestFloatExt#"test_nextafter_20_ruby_-1.7976931348623157e+308_-Infinity" = 0.01 s
[1667/4401] TestFloatExt#"test_nextafter_325_other_100.0_-2.220446049250313e-16" = 0.01 s
[1668/4401] TestFloatExt#"test_nextafter_370_other_Infinity_5.0e-324" = 0.01 s
[1669/4401] TestFloatExt#"test_nextafter_129_other_-1.1125369292536007e-308_0.0" = 0.01 s
[1670/4401] TestFloatExt#"test_nextafter_7_other_-Infinity_-5.0e-324" = 0.01 s
[1671/4401] TestFloatExt#"test_nextafter_118_ruby_-2.220446049250313e-16_Infinity" = 0.01 s
[1672/4401] TestFloatExt#"test_nextafter_174_other_-0.0_1.0" = 0.01 s
[1673/4401] TestFloatExt#"test_nextafter_187_other_0.0_-5.0e-324" = 0.01 s
[1674/4401] TestFloatExt#"test_nextafter_368_other_Infinity_-0.0" = 0.01 s
[1675/4401] TestFloatExt#"test_nextafter_142_other_-5.0e-324_-100.0" = 0.01 s
[1676/4401] TestFloatExt#"test_nextafter_85_other_-1.0_-2.220446049250313e-16" = 0.01 s
[1677/4401] TestFloatExt#"test_nextafter_163_other_-0.0_-1.0000000000000002" = 0.01 s
[1678/4401] TestFloatExt#"test_nextafter_196_other_0.0_100.0" = 0.01 s
[1679/4401] TestFloatExt#"test_nextafter_43_other_-100.0_-1.0000000000000002" = 0.01 s
[1680/4401] TestFloatExt#"test_nextafter_87_other_-1.0_-5.0e-324" = 0.01 s
[1681/4401] TestFloatExt#"test_nextafter_248_other_2.2250738585072014e-308_-0.0" = 0.01 s
[1682/4401] TestFloatExt#"test_nextafter_89_other_-1.0_0.0" = 0.01 s
[1683/4401] TestFloatExt#"test_nextafter_35_other_-1.7976931348623157e+308_1.0000000000000002" = 0.0
1 s
[1684/4401] TestFloatExt#"test_nextafter_285_other_1.0_-2.220446049250313e-16" = 0.01 s
[1685/4401] TestFloatExt#"test_nextafter_386_other_NaN_-1.1125369292536007e-308" = 0.01 s
[1686/4401] TestFloatExt#"test_nextafter_4_other_-Infinity_-1.0" = 0.01 s
[1687/4401] TestFloatExt#"test_nextafter_26_other_-1.7976931348623157e+308_-1.1125369292536007e-308"
 = 0.01 s
[1688/4401] TestFloatExt#"test_nextafter_192_other_0.0_2.2250738585072014e-308" = 0.01 s
[1689/4401] TestFloatExt#"test_nextafter_15_other_-Infinity_1.0000000000000002" = 0.01 s
[1690/4401] TestFloatExt#"test_nextafter_220_ruby_1.1125369292536007e-308_-Infinity" = 0.01 s
[1691/4401] TestFloatExt#"test_nextafter_170_other_-0.0_5.0e-324" = 0.01 s
[1692/4401] TestFloatExt#test_nextafter_379_other_Infinity_NaN = 0.01 s
[1693/4401] TestFloatExt#"test_nextafter_371_other_Infinity_1.1125369292536007e-308" = 0.01 s
[1694/4401] TestFloatExt#"test_nextafter_380_ruby_NaN_-Infinity" = 0.01 s
[1695/4401] TestFloatExt#"test_nextafter_359_other_1.7976931348623157e+308_NaN" = 0.01 s
[1696/4401] TestFloatExt#"test_nextafter_209_other_5.0e-324_0.0" = 0.01 s
[1697/4401] TestFloatExt#"test_nextafter_305_other_1.0000000000000002_-2.220446049250313e-16" = 0.01
 s
[1698/4401] TestFloatExt#"test_nextafter_230_other_1.1125369292536007e-308_5.0e-324" = 0.01 s
[1699/4401] TestFloatExt#"test_nextafter_217_other_5.0e-324_1.7976931348623157e+308" = 0.01 s
[1700/4401] TestFloatExt#"test_nextafter_225_other_1.1125369292536007e-308_-2.220446049250313e-16" =
 0.01 s
[1701/4401] TestFloatExt#"test_nextafter_222_other_1.1125369292536007e-308_-100.0" = 0.01 s
[1702/4401] TestFloatExt#"test_nextafter_94_other_-1.0_1.0" = 0.01 s
[1703/4401] TestFloatExt#"test_nextafter_297_other_1.0_1.7976931348623157e+308" = 0.01 s
[1704/4401] TestFloatExt#"test_nextafter_328_other_100.0_-0.0" = 0.01 s
[1705/4401] TestFloatExt#"test_nextafter_10_other_-Infinity_5.0e-324" = 0.01 s
[1706/4401] TestFloatExt#"test_nextafter_258_ruby_2.2250738585072014e-308_Infinity" = 0.01 s
[1707/4401] TestFloatExt#"test_nextafter_111_other_-2.220446049250313e-16_1.1125369292536007e-308" =
 0.01 s
[1708/4401] TestFloatExt#"test_nextafter_292_other_1.0_2.2250738585072014e-308" = 0.01 s
[1709/4401] TestFloatExt#"test_nextafter_46_other_-100.0_-1.1125369292536007e-308" = 0.01 s
[1710/4401] TestFloatExt#"test_nextafter_272_other_2.220446049250313e-16_2.2250738585072014e-308" =
0.01 s
[1711/4401] TestFloatExt#"test_nextafter_21_other_-1.7976931348623157e+308_-1.7976931348623157e+308"
 = 0.01 s
[1712/4401] TestFloatExt#"test_nextafter_12_other_-Infinity_2.2250738585072014e-308" = 0.01 s
[1713/4401] TestFloatExt#"test_nextafter_320_ruby_100.0_-Infinity" = 0.01 s
[1714/4401] TestFloatExt#"test_nextafter_256_other_2.2250738585072014e-308_100.0" = 0.01 s
[1715/4401] TestFloatExt#"test_nextafter_360_ruby_Infinity_-Infinity" = 0.01 s
[1716/4401] TestFloatExt#"test_nextafter_382_other_NaN_-100.0" = 0.01 s
[1717/4401] TestFloatExt#"test_nextafter_55_other_-100.0_1.0000000000000002" = 0.01 s
[1718/4401] TestFloatExt#"test_nextafter_18_ruby_-Infinity_Infinity" = 0.01 s
[1719/4401] TestFloatExt#"test_nextafter_197_other_0.0_1.7976931348623157e+308" = 0.01 s
[1720/4401] TestFloatExt#"test_nextafter_215_other_5.0e-324_1.0000000000000002" = 0.01 s
[1721/4401] TestFloatExt#"test_nextafter_117_other_-2.220446049250313e-16_1.7976931348623157e+308" =
 0.01 s
[1722/4401] TestFloatExt#"test_nextafter_49_other_-100.0_0.0" = 0.01 s
[1723/4401] TestFloatExt#"test_nextafter_334_other_100.0_1.0" = 0.01 s
[1724/4401] TestFloatExt#"test_nextafter_141_other_-5.0e-324_-1.7976931348623157e+308" = 0.01 s
[1725/4401] TestFloatExt#"test_nextafter_355_other_1.7976931348623157e+308_1.0000000000000002" = 0.0
1 s
[1726/4401] TestFloatExt#"test_nextafter_287_other_1.0_-5.0e-324" = 0.01 s
[1727/4401] TestFloatExt#"test_nextafter_156_other_-5.0e-324_100.0" = 0.02 s
[1728/4401] TestFloatExt#"test_nextafter_250_other_2.2250738585072014e-308_5.0e-324" = 0.01 s
[1729/4401] TestFloatExt#"test_nextafter_207_other_5.0e-324_-5.0e-324" = 0.01 s
[1730/4401] TestFloatExt#test_nextafter_399_other_NaN_NaN = 0.01 s
[1731/4401] TestFloatExt#"test_nextafter_372_other_Infinity_2.2250738585072014e-308" = 0.01 s
[1732/4401] TestFloatExt#"test_nextafter_375_other_Infinity_1.0000000000000002" = 0.01 s
[1733/4401] TestFloatExt#"test_nextafter_381_other_NaN_-1.7976931348623157e+308" = 0.01 s
[1734/4401] TestFloatExt#"test_nextafter_11_other_-Infinity_1.1125369292536007e-308" = 0.01 s
[1735/4401] TestFloatExt#"test_nextafter_210_other_5.0e-324_5.0e-324" = 0.01 s
[1736/4401] TestFloatExt#"test_nextafter_1_other_-Infinity_-1.7976931348623157e+308" = 0.01 s
[1737/4401] TestFloatExt#"test_nextafter_303_other_1.0000000000000002_-1.0000000000000002" = 0.01 s
[1738/4401] TestFloatExt#"test_nextafter_205_other_5.0e-324_-2.220446049250313e-16" = 0.01 s
[1739/4401] TestFloatExt#"test_nextafter_48_other_-100.0_-0.0" = 0.01 s
[1740/4401] TestFloatExt#"test_nextafter_350_other_1.7976931348623157e+308_5.0e-324" = 0.01 s
[1741/4401] TestFloatExt#"test_nextafter_363_other_Infinity_-1.0000000000000002" = 0.01 s
[1742/4401] TestFloatExt#"test_nextafter_299_other_1.0_NaN" = 0.01 s
[1743/4401] TestFloatExt#"test_nextafter_284_other_1.0_-1.0" = 0.01 s
[1744/4401] TestFloatExt#"test_nextafter_9_other_-Infinity_0.0" = 0.01 s
[1745/4401] TestFloatExt#"test_nextafter_166_other_-0.0_-1.1125369292536007e-308" = 0.01 s
[1746/4401] TestFloatExt#test_nextafter_378_ruby_Infinity_Infinity = 0.01 s
[1747/4401] TestFloatExt#"test_nextafter_86_other_-1.0_-1.1125369292536007e-308" = 0.01 s
[1748/4401] TestFloatExt#"test_nextafter_185_other_0.0_-2.220446049250313e-16" = 0.01 s
[1749/4401] TestFloatExt#"test_nextafter_33_other_-1.7976931348623157e+308_2.220446049250313e-16" =
0.01 s
[1750/4401] TestFloatExt#"test_nextafter_109_other_-2.220446049250313e-16_0.0" = 0.01 s
[1751/4401] TestFloatExt#"test_nextafter_116_other_-2.220446049250313e-16_100.0" = 0.01 s
[1752/4401] TestFloatExt#"test_nextafter_354_other_1.7976931348623157e+308_1.0" = 0.01 s
[1753/4401] TestFloatExt#"test_nextafter_75_other_-1.0000000000000002_1.0000000000000002" = 0.01 s
[1754/4401] TestFloatExt#"test_nextafter_322_other_100.0_-100.0" = 0.01 s
[1755/4401] TestFloatExt#"test_nextafter_270_other_2.220446049250313e-16_5.0e-324" = 0.29 s
[1756/4401] TestFloatExt#"test_nextafter_34_other_-1.7976931348623157e+308_1.0" = 0.01 s
[1757/4401] TestFloatExt#"test_nextafter_130_other_-1.1125369292536007e-308_5.0e-324" = 0.01 s
[1758/4401] TestFloatExt#"test_nextafter_66_other_-1.0000000000000002_-1.1125369292536007e-308" = 0.
01 s
[1759/4401] TestFloatExt#"test_nextafter_47_other_-100.0_-5.0e-324" = 0.01 s
[1760/4401] TestFloatExt#"test_nextafter_149_other_-5.0e-324_0.0" = 0.01 s
[1761/4401] TestFloatExt#"test_nextafter_171_other_-0.0_1.1125369292536007e-308" = 0.01 s
[1762/4401] TestFloatExt#"test_nextafter_223_other_1.1125369292536007e-308_-1.0000000000000002" = 0.
01 s
[1763/4401] TestFloatExt#"test_nextafter_274_other_2.220446049250313e-16_1.0" = 0.01 s
[1764/4401] TestFloatExt#"test_nextafter_208_other_5.0e-324_-0.0" = 0.02 s
[1765/4401] TestFloatExt#"test_nextafter_314_other_1.0000000000000002_1.0" = 0.01 s
[1766/4401] TestFloatExt#"test_nextafter_333_other_100.0_2.220446049250313e-16" = 0.01 s
[1767/4401] TestFloatExt#"test_nextafter_3_other_-Infinity_-1.0000000000000002" = 0.01 s
[1768/4401] TestFloatExt#"test_nextafter_63_other_-1.0000000000000002_-1.0000000000000002" = 0.01 s
[1769/4401] TestFloatExt#"test_nextafter_165_other_-0.0_-2.220446049250313e-16" = 0.01 s
[1770/4401] TestFloatExt#"test_nextafter_291_other_1.0_1.1125369292536007e-308" = 0.01 s
[1771/4401] TestFloatExt#"test_nextafter_251_other_2.2250738585072014e-308_1.1125369292536007e-308"
= 0.01 s
[1772/4401] TestFloatExt#"test_nextafter_6_other_-Infinity_-1.1125369292536007e-308" = 0.01 s
[1773/4401] TestFloatExt#"test_nextafter_238_ruby_1.1125369292536007e-308_Infinity" = 0.01 s
[1774/4401] TestFloatExt#"test_nextafter_311_other_1.0000000000000002_1.1125369292536007e-308" = 0.0
1 s
[1775/4401] TestFloatExt#"test_nextafter_32_other_-1.7976931348623157e+308_2.2250738585072014e-308"
= 0.01 s
[1776/4401] TestFloatExt#"test_nextafter_173_other_-0.0_2.220446049250313e-16" = 0.01 s
[1777/4401] TestFloatExt#"test_nextafter_349_other_1.7976931348623157e+308_0.0" = 0.01 s
[1778/4401] TestFloatExt#"test_nextafter_340_ruby_1.7976931348623157e+308_-Infinity" = 0.01 s
[1779/4401] TestFloatExt#"test_nextafter_104_other_-2.220446049250313e-16_-1.0" = 0.01 s
[1780/4401] TestFloatExt#"test_nextafter_157_other_-5.0e-324_1.7976931348623157e+308" = 0.02 s
[1781/4401] TestFloatExt#"test_nextafter_68_other_-1.0000000000000002_-0.0" = 0.01 s
[1782/4401] TestFloatExt#"test_nextafter_167_other_-0.0_-5.0e-324" = 0.01 s
[1783/4401] TestFloatExt#"test_nextafter_266_other_2.220446049250313e-16_-1.1125369292536007e-308" =
 0.01 s
[1784/4401] TestFloatExt#"test_nextafter_56_other_-100.0_100.0" = 0.01 s
[1785/4401] TestFloatExt#"test_nextafter_158_ruby_-5.0e-324_Infinity" = 0.02 s
[1786/4401] TestFloatExt#"test_nextafter_145_other_-5.0e-324_-2.220446049250313e-16" = 0.01 s
[1787/4401] TestFloatExt#"test_nextafter_22_other_-1.7976931348623157e+308_-100.0" = 0.01 s
[1788/4401] TestFloatExt#"test_nextafter_352_other_1.7976931348623157e+308_2.2250738585072014e-308"
= 0.01 s
[1789/4401] TestFloatExt#"test_nextafter_345_other_1.7976931348623157e+308_-2.220446049250313e-16" =
 0.01 s
[1790/4401] TestFloatExt#"test_nextafter_237_other_1.1125369292536007e-308_1.7976931348623157e+308"
= 0.01 s
[1791/4401] TestFloatExt#"test_nextafter_191_other_0.0_1.1125369292536007e-308" = 0.01 s
[1792/4401] TestFloatExt#"test_nextafter_76_other_-1.0000000000000002_100.0" = 0.01 s
[1793/4401] TestFloatExt#"test_nextafter_8_other_-Infinity_-0.0" = 0.01 s
[1794/4401] TestFloatExt#"test_nextafter_296_other_1.0_100.0" = 0.01 s
[1795/4401] TestFloatExt#"test_nextafter_13_other_-Infinity_2.220446049250313e-16" = 0.01 s
[1796/4401] TestFloatExt#"test_nextafter_312_other_1.0000000000000002_2.2250738585072014e-308" = 0.0
1 s
[1797/4401] TestFloatExt#"test_nextafter_243_other_2.2250738585072014e-308_-1.0000000000000002" = 0.
01 s
[1798/4401] TestFloatExt#"test_nextafter_193_other_0.0_2.220446049250313e-16" = 0.01 s
[1799/4401] TestFloatExt#"test_nextafter_184_other_0.0_-1.0" = 0.01 s
[1800/4401] TestFloatExt#"test_nextafter_313_other_1.0000000000000002_2.220446049250313e-16" = 0.01
s
[1801/4401] TestFloatExt#"test_nextafter_276_other_2.220446049250313e-16_100.0" = 0.01 s
[1802/4401] TestFloatExt#"test_nextafter_137_other_-1.1125369292536007e-308_1.7976931348623157e+308"
 = 0.01 s
[1803/4401] TestFloatExt#"test_nextafter_348_other_1.7976931348623157e+308_-0.0" = 0.01 s
[1804/4401] TestFloatExt#"test_nextafter_38_ruby_-1.7976931348623157e+308_Infinity" = 0.01 s
[1805/4401] TestFloatExt#"test_nextafter_135_other_-1.1125369292536007e-308_1.0000000000000002" = 0.
01 s
[1806/4401] TestFloatExt#"test_nextafter_362_other_Infinity_-100.0" = 0.01 s
[1807/4401] TestFloatExt#"test_nextafter_240_ruby_2.2250738585072014e-308_-Infinity" = 0.01 s
[1808/4401] TestFloatExt#"test_nextafter_153_other_-5.0e-324_2.220446049250313e-16" = 0.01 s
[1809/4401] TestFloatExt#"test_nextafter_203_other_5.0e-324_-1.0000000000000002" = 0.01 s
[1810/4401] TestFloatExt#"test_nextafter_331_other_100.0_1.1125369292536007e-308" = 0.01 s
[1811/4401] TestFloatExt#"test_nextafter_264_other_2.220446049250313e-16_-1.0" = 0.01 s
[1812/4401] TestFloatExt#"test_nextafter_310_other_1.0000000000000002_5.0e-324" = 0.01 s
[1813/4401] TestFloatExt#"test_nextafter_92_other_-1.0_2.2250738585072014e-308" = 0.01 s
[1814/4401] TestFloatExt#"test_nextafter_288_other_1.0_-0.0" = 0.01 s
[1815/4401] TestFloatExt#"test_nextafter_124_other_-1.1125369292536007e-308_-1.0" = 0.01 s
[1816/4401] TestFloatExt#"test_nextafter_178_ruby_-0.0_Infinity" = 0.01 s
[1817/4401] TestFloatExt#"test_nextafter_195_other_0.0_1.0000000000000002" = 0.01 s
[1818/4401] TestFloatExt#"test_nextafter_265_other_2.220446049250313e-16_-2.220446049250313e-16" = 0
.01 s
[1819/4401] TestFloatExt#"test_nextafter_300_ruby_1.0000000000000002_-Infinity" = 0.01 s
[1820/4401] TestFloatExt#"test_nextafter_301_other_1.0000000000000002_-1.7976931348623157e+308" = 0.
01 s
[1821/4401] TestFloatExt#"test_nextafter_249_other_2.2250738585072014e-308_0.0" = 0.01 s
[1822/4401] TestFloatExt#"test_nextafter_268_other_2.220446049250313e-16_-0.0" = 0.01 s
[1823/4401] TestFloatExt#"test_nextafter_221_other_1.1125369292536007e-308_-1.7976931348623157e+308"
 = 0.01 s
[1824/4401] TestFloatExt#"test_nextafter_377_other_Infinity_1.7976931348623157e+308" = 0.01 s
[1825/4401] TestFloatExt#"test_nextafter_343_other_1.7976931348623157e+308_-1.0000000000000002" = 0.
01 s
[1826/4401] TestFloatExt#"test_nextafter_226_other_1.1125369292536007e-308_-1.1125369292536007e-308"
 = 0.01 s
[1827/4401] TestFloatExt#"test_nextafter_168_other_-0.0_-0.0" = 0.02 s
[1828/4401] TestFloatExt#"test_nextafter_50_other_-100.0_5.0e-324" = 0.01 s
[1829/4401] TestFloatExt#"test_nextafter_152_other_-5.0e-324_2.2250738585072014e-308" = 0.02 s
[1830/4401] TestFloatExt#"test_nextafter_79_other_-1.0000000000000002_NaN" = 0.01 s
[1831/4401] TestFloatExt#"test_nextafter_28_other_-1.7976931348623157e+308_-0.0" = 0.01 s
[1832/4401] TestFloatExt#"test_nextafter_132_other_-1.1125369292536007e-308_2.2250738585072014e-308"
 = 0.01 s
[1833/4401] TestFloatExt#"test_nextafter_391_other_NaN_1.1125369292536007e-308" = 0.01 s
[1834/4401] TestFloatExt#"test_nextafter_346_other_1.7976931348623157e+308_-1.1125369292536007e-308"
 = 0.01 s
[1835/4401] TestFloatExt#"test_nextafter_341_other_1.7976931348623157e+308_-1.7976931348623157e+308"
 = 0.01 s
[1836/4401] TestFloatExt#"test_nextafter_211_other_5.0e-324_1.1125369292536007e-308" = 0.01 s
[1837/4401] TestFloatExt#"test_nextafter_57_other_-100.0_1.7976931348623157e+308" = 0.01 s
[1838/4401] TestFloatExt#"test_nextafter_281_other_1.0_-1.7976931348623157e+308" = 0.01 s
[1839/4401] TestFloatExt#"test_nextafter_376_other_Infinity_100.0" = 0.01 s
[1840/4401] TestFloatExt#"test_nextafter_144_other_-5.0e-324_-1.0" = 0.01 s
[1841/4401] TestFloatExt#"test_nextafter_199_other_0.0_NaN" = 0.01 s
[1842/4401] TestFloatExt#"test_nextafter_179_other_-0.0_NaN" = 0.01 s
[1843/4401] TestFloatExt#"test_nextafter_283_other_1.0_-1.0000000000000002" = 0.01 s
[1844/4401] TestFloatExt#"test_nextafter_103_other_-2.220446049250313e-16_-1.0000000000000002" = 0.0
1 s
[1845/4401] TestFloatExt#"test_nextafter_88_other_-1.0_-0.0" = 0.01 s
[1846/4401] TestFloatExt#"test_nextafter_37_other_-1.7976931348623157e+308_1.7976931348623157e+308"
= 0.01 s
[1847/4401] TestFloatExt#"test_nextafter_102_other_-2.220446049250313e-16_-100.0" = 0.01 s
[1848/4401] TestFloatExt#"test_nextafter_367_other_Infinity_-5.0e-324" = 0.01 s
[1849/4401] TestFloatExt#"test_nextafter_344_other_1.7976931348623157e+308_-1.0" = 0.01 s
[1850/4401] TestFloatExt#"test_nextafter_122_other_-1.1125369292536007e-308_-100.0" = 0.01 s
[1851/4401] TestFloatExt#"test_nextafter_278_ruby_2.220446049250313e-16_Infinity" = 0.01 s
[1852/4401] TestFloatExt#"test_nextafter_119_other_-2.220446049250313e-16_NaN" = 0.01 s
[1853/4401] TestFloatExt#"test_nextafter_290_other_1.0_5.0e-324" = 0.01 s
[1854/4401] TestFloatExt#"test_nextafter_0_ruby_-Infinity_-Infinity" = 0.01 s
[1855/4401] TestFloatExt#"test_nextafter_162_other_-0.0_-100.0" = 0.01 s
[1856/4401] TestFloatExt#"test_nextafter_336_other_100.0_100.0" = 0.01 s
[1857/4401] TestFloatExt#"test_nextafter_271_other_2.220446049250313e-16_1.1125369292536007e-308" =
0.01 s
[1858/4401] TestFloatExt#"test_nextafter_293_other_1.0_2.220446049250313e-16" = 0.01 s
[1859/4401] TestFloatExt#"test_nextafter_233_other_1.1125369292536007e-308_2.220446049250313e-16" =
0.01 s
[1860/4401] TestFloatExt#"test_nextafter_347_other_1.7976931348623157e+308_-5.0e-324" = 0.01 s
[1861/4401] TestFloatExt#"test_nextafter_134_other_-1.1125369292536007e-308_1.0" = 0.01 s
[1862/4401] TestFloatExt#"test_nextafter_127_other_-1.1125369292536007e-308_-5.0e-324" = 0.01 s
[1863/4401] TestFloatExt#"test_nextafter_298_ruby_1.0_Infinity" = 0.01 s
[1864/4401] TestFloatExt#"test_nextafter_99_other_-1.0_NaN" = 0.01 s
[1865/4401] TestFloatExt#"test_nextafter_36_other_-1.7976931348623157e+308_100.0" = 0.01 s
[1866/4401] TestFloatExt#"test_nextafter_239_other_1.1125369292536007e-308_NaN" = 0.01 s
[1867/4401] TestFloatExt#"test_nextafter_332_other_100.0_2.2250738585072014e-308" = 0.01 s
[1868/4401] TestFloatExt#"test_nextafter_263_other_2.220446049250313e-16_-1.0000000000000002" = 0.01
 s
[1869/4401] TestFloatExt#"test_nextafter_306_other_1.0000000000000002_-1.1125369292536007e-308" = 0.
01 s
[1870/4401] TestFloatExt#"test_nextafter_327_other_100.0_-5.0e-324" = 0.01 s
[1871/4401] TestFloatExt#"test_nextafter_396_other_NaN_100.0" = 0.01 s
[1872/4401] TestFloatExt#"test_nextafter_177_other_-0.0_1.7976931348623157e+308" = 0.01 s
[1873/4401] TestFloatExt#"test_nextafter_206_other_5.0e-324_-1.1125369292536007e-308" = 0.02 s
[1874/4401] TestFloatExt#"test_nextafter_277_other_2.220446049250313e-16_1.7976931348623157e+308" =
0.01 s
[1875/4401] TestFloatExt#"test_nextafter_60_ruby_-1.0000000000000002_-Infinity" = 0.01 s
[1876/4401] TestFloatExt#"test_nextafter_80_ruby_-1.0_-Infinity" = 0.01 s
[1877/4401] TestFloatExt#"test_nextafter_235_other_1.1125369292536007e-308_1.0000000000000002" = 0.0
1 s
[1878/4401] TestFloatExt#"test_nextafter_181_other_0.0_-1.7976931348623157e+308" = 0.01 s
[1879/4401] TestFloatExt#"test_nextafter_330_other_100.0_5.0e-324" = 0.01 s
[1880/4401] TestFloatExt#"test_nextafter_260_ruby_2.220446049250313e-16_-Infinity" = 0.01 s
[1881/4401] TestFloatExt#"test_nextafter_319_other_1.0000000000000002_NaN" = 0.01 s
[1882/4401] TestFloatExt#"test_nextafter_65_other_-1.0000000000000002_-2.220446049250313e-16" = 0.01
 s
[1883/4401] TestFloatExt#"test_nextafter_232_other_1.1125369292536007e-308_2.2250738585072014e-308"
= 0.01 s
[1884/4401] TestFloatExt#"test_nextafter_125_other_-1.1125369292536007e-308_-2.220446049250313e-16"
= 0.01 s
[1885/4401] TestFloatExt#"test_nextafter_357_other_1.7976931348623157e+308_1.7976931348623157e+308"
= 0.01 s
[1886/4401] TestFloatExt#"test_nextafter_138_ruby_-1.1125369292536007e-308_Infinity" = 0.01 s
[1887/4401] TestFloatExt#"test_nextafter_159_other_-5.0e-324_NaN" = 0.01 s
[1888/4401] TestFloatExt#"test_nextafter_204_other_5.0e-324_-1.0" = 0.02 s
[1889/4401] TestFloatExt#"test_nextafter_77_other_-1.0000000000000002_1.7976931348623157e+308" = 0.0
1 s
[1890/4401] TestFloatExt#"test_nextafter_255_other_2.2250738585072014e-308_1.0000000000000002" = 0.0
1 s
[1891/4401] TestFloatExt#"test_nextafter_114_other_-2.220446049250313e-16_1.0" = 0.01 s
[1892/4401] TestFloatExt#"test_nextafter_227_other_1.1125369292536007e-308_-5.0e-324" = 0.01 s
[1893/4401] TestFloatExt#"test_nextafter_261_other_2.220446049250313e-16_-1.7976931348623157e+308" =
 0.01 s
[1894/4401] TestFloatExt#"test_nextafter_395_other_NaN_1.0000000000000002" = 0.01 s
[1895/4401] TestFloatExt#"test_nextafter_41_other_-100.0_-1.7976931348623157e+308" = 0.01 s
[1896/4401] TestFloatExt#"test_nextafter_90_other_-1.0_5.0e-324" = 0.01 s
[1897/4401] TestFloatExt#"test_nextafter_201_other_5.0e-324_-1.7976931348623157e+308" = 0.01 s
[1898/4401] TestFloatExt#"test_nextafter_123_other_-1.1125369292536007e-308_-1.0000000000000002" = 0
.01 s
[1899/4401] TestFloatExt#"test_nextafter_321_other_100.0_-1.7976931348623157e+308" = 0.01 s
[1900/4401] TestFloatExt#"test_nextafter_188_other_0.0_-0.0" = 0.01 s
[1901/4401] TestFloatExt#"test_nextafter_393_other_NaN_2.220446049250313e-16" = 0.01 s
[1902/4401] TestFloatExt#"test_nextafter_254_other_2.2250738585072014e-308_1.0" = 0.01 s
[1903/4401] TestFloatExt#"test_nextafter_30_other_-1.7976931348623157e+308_5.0e-324" = 0.01 s
[1904/4401] TestFloatExt#"test_nextafter_315_other_1.0000000000000002_1.0000000000000002" = 0.01 s
[1905/4401] TestFloatExt#"test_nextafter_160_ruby_-0.0_-Infinity" = 0.01 s
[1906/4401] TestFloatExt#"test_nextafter_95_other_-1.0_1.0000000000000002" = 0.01 s
[1907/4401] TestFloatExt#"test_nextafter_154_other_-5.0e-324_1.0" = 0.02 s
[1908/4401] TestIRB::ContextTest#test_p_inspect_mode_successful = 0.56 s
[1909/4401] TestIRB::ContextTest#test_p_inspect_mode_failed = 0.23 s
[1910/4401] TestIRB::ContextTest#test_false_inspect_mode_successful = 0.26 s
[1911/4401] TestIRB::ContextTest#test_eval_input_raise2x = 0.44 s
[1912/4401] TestIRB::ContextTest#test_false_inspect_mode_failed = 0.17 s
[1913/4401] TestIRB::ContextTest#test_echo_on_assignment_conf = 0.09 s
[1914/4401] TestIRB::ContextTest#test_lineno = 0.37 s
[1915/4401] TestIRB::ContextTest#test_prompt_main_raise = 0.06 s
[1916/4401] TestIRB::ContextTest#test_yaml_inspect_mode_successful = 0.18 s
[1917/4401] TestIRB::ContextTest#test_prompt_main_truncate = 0.06 s
[1918/4401] TestIRB::ContextTest#test_object_inspection_prints_useful_info_when_kernel_inspect_also_
errored = 0.21 s
[1919/4401] TestIRB::ContextTest#test_true_inspect_mode_successful = 0.31 s
[1920/4401] TestIRB::ContextTest#test_yaml_inspect_mode_failed = 0.17 s
[1921/4401] TestIRB::ContextTest#test_eval_input_with_exception = 0.32 s
[1922/4401] TestIRB::ContextTest#test_marshal_inspect_mode_successful = 0.15 s
[1923/4401] TestIRB::ContextTest#test_eval_input = 0.40 s
[1924/4401] TestIRB::ContextTest#test_irb_path_setter = 0.04 s
[1925/4401] TestIRB::ContextTest#test_multiline_output_on_default_inspector = 0.27 s
[1926/4401] TestIRB::ContextTest#test_object_inspection_handles_basic_object = 0.19 s
[1927/4401] TestIRB::ContextTest#test_eval_input_with_invalid_byte_sequence_exception = 0.33 s
[1928/4401] TestIRB::ContextTest#test_omit_on_assignment = 5.64 s
[1929/4401] TestIRB::ContextTest#test_prompt_main_basic_object = 0.05 s
[1930/4401] TestIRB::ContextTest#test_prompt_n_deprecation = 0.09 s
[1931/4401] TestIRB::ContextTest#test_default_return_format = 0.15 s
[1932/4401] TestIRB::ContextTest#test_build_completor = 0.15 s
[1933/4401] TestIRB::ContextTest#test_eval_input_with_long_exception = 1.67 s
[1934/4401] TestIRB::ContextTest#test_prompt_format = 0.06 s
[1935/4401] TestIRB::ContextTest#test_output_to_pipe = 0.21 s
[1936/4401] TestIRB::ContextTest#test_echo_on_assignment = 2.25 s
[1937/4401] TestIRB::ContextTest#test_object_inspection_falls_back_to_kernel_inspect_when_errored =
0.17 s
[1938/4401] TestIRB::ContextTest#test_prompt_main_escape = 0.05 s
[1939/4401] TestIRB::ContextTest#test_omit_multiline_on_assignment = 11.75 s
[1940/4401] TestIRB::ContextTest#test_prompt_main_inspect_escape = 0.05 s
[1941/4401] TestIRB::ContextTest#test_marshal_inspect_mode_failed = 0.19 s
[1942/4401] TestIRB::ContextTest#test_default_config = 0.13 s
[1943/4401] TestCaseOptions#test_option_errors = 0.24 s
[1944/4401] TestCaseOptions#test_options_okay = 0.04 s
[1945/4401] TestCaseOptions#test_operation_specific = 0.03 s
[1946/4401] TestGemCommandManager#test_find_command = 0.58 s
[1947/4401] TestGemCommandManager#test_deprecated_command_with_version = 0.72 s
[1948/4401] TestGemCommandManager#test_deprecated_command = 0.70 s
[1949/4401] TestGemCommandManager#test_process_args_with_c_flag_path_not_found = 0.52 s
[1950/4401] TestGemCommandManager#test_find_command_ambiguous = 0.45 s
[1951/4401] TestGemCommandManager#test_process_args_install = 10.33 s
[1952/4401] TestGemCommandManager#test_find_command_unknown = 0.51 s
[1953/4401] TestGemCommandManager#test_process_args_update = 4.14 s
[1954/4401] TestGemCommandManager#test_process_args_with_c_flag = 10.24 s
[1955/4401] TestGemCommandManager#test_run_crash_command = 0.67 s
[1956/4401] TestGemCommandManager#test_process_args_bad_arg = 0.49 s
[1957/4401] TestGemCommandManager#test_find_alias_command = 0.53 s
[1958/4401] TestGemCommandManager#test_find_logout_alias_comamnd = 0.60 s
[1959/4401] TestGemCommandManager#test_process_args_with_c_flag_without_path = 0.49 s
[1960/4401] TestGemCommandManager#test_run_interrupt = 0.89 s
[1961/4401] TestGemCommandManager#test_find_command_unknown_suggestions = 0.50 s
[1962/4401] TestGemCommandManager#test_process_args_uninstall = 6.54 s
[1963/4401] TestGemCommandManager#test_find_command_ambiguous_exact = 0.70 s
[1964/4401] TestGemCommandManager#test_process_args_query = 1.89 s
[1965/4401] TestGemCommandManager#test_find_login_alias_command = 0.57 s
[1966/4401] TestGemCommandManager#test_process_args_check = 1.03 s
[1967/4401] TestGemCommandManager#test_process_args_build = 1.07 s
[1968/4401] TestGemCommandsOwnerCommand#test_with_webauthn_enabled_failure_with_polling = 1.01 s
[1969/4401] TestGemCommandsOwnerCommand#test_otp_verified_failure = 0.79 s
[1970/4401] TestGemCommandsOwnerCommand#test_add_owner_with_host_option_through_execute = 1.30 s
[1971/4401] TestGemCommandsOwnerCommand#test_with_webauthn_enabled_success_with_polling = 0.92 s
[1972/4401] TestGemCommandsOwnerCommand#test_with_webauthn_enabled_success = 0.95 s
[1973/4401] TestGemCommandsOwnerCommand#test_add_owners_key = 1.20 s
[1974/4401] TestGemCommandsOwnerCommand#test_remove_owners = 0.69 s
[1975/4401] TestGemCommandsOwnerCommand#test_add_owners_permanent_redirect = 0.70 s
[1976/4401] TestGemCommandsOwnerCommand#test_show_owners_key = 1.28 s
[1977/4401] TestGemCommandsOwnerCommand#test_remove_owners_missing = 0.69 s
[1978/4401] TestGemCommandsOwnerCommand#test_show_owners_permanent_redirect = 1.19 s
[1979/4401] TestGemCommandsOwnerCommand#test_otp_verified_success = 0.79 s
[1980/4401] TestGemCommandsOwnerCommand#test_show_owners_setting_up_host_through_env_var = 0.86 s
[1981/4401] TestGemCommandsOwnerCommand#test_with_webauthn_enabled_failure = 0.94 s
[1982/4401] TestGemCommandsOwnerCommand#test_add_owners_no_api_key_webauthn_enabled_does_not_reuse_o
tp_codes = 1.95 s
[1983/4401] TestGemCommandsOwnerCommand#test_add_owners = 0.70 s
[1984/4401] TestGemCommandsOwnerCommand#test_add_owners_unathorized_api_key = 0.87 s
[1985/4401] TestGemCommandsOwnerCommand#test_show_owners = 0.76 s
[1986/4401] TestGemCommandsOwnerCommand#test_remove_owners_unathorized_api_key = 0.85 s
[1987/4401] TestGemCommandsOwnerCommand#test_show_owners_dont_load_objects = 0.67 s
[1988/4401] TestGemCommandsOwnerCommand#test_remove_owners_permanent_redirect = 0.74 s
[1989/4401] TestGemCommandsOwnerCommand#test_remove_owners_denied = 0.69 s
[1990/4401] TestGemCommandsOwnerCommand#test_remove_owners_key = 1.47 s
[1991/4401] TestGemCommandsOwnerCommand#test_show_owners_denied = 0.88 s
[1992/4401] TestGemCommandsOwnerCommand#test_show_owners_setting_up_host = 0.76 s
[1993/4401] TestGemCommandsOwnerCommand#test_add_owners_denied = 0.69 s
[1994/4401] TestAssignmentGen#test_chainged_assign_command = 0.04 s
[1995/4401] TestAssignmentGen#test_optimized_aset = 0.01 s
[1996/4401] TestAssignmentGen#test_massign_aref_lhs_splat = 0.01 s
[1997/4401] TestAssignmentGen#test_assignment = 593.04 s
[1998/4401] TestGemRequestSetLockfileParser#test_parse_DEPENDENCIES_git_version = 0.70 s
[1999/4401] TestGemRequestSetLockfileParser#test_parse_DEPENDENCIES_git = 0.75 s
[2000/4401] TestGemRequestSetLockfileParser#test_parse_GIT = 0.65 s
[2001/4401] TestGemRequestSetLockfileParser#test_parse_dependency = 0.63 s
[2002/4401] TestGemRequestSetLockfileParser#test_get_type_multiple = 0.57 s
[2003/4401] TestGemRequestSetLockfileParser#test_parse_gem_specs_dependency = 0.70 s
[2004/4401] TestGemRequestSetLockfileParser#test_parse_dependencies = 0.65 s
[2005/4401] TestGemRequestSetLockfileParser#test_get = 0.57 s
[2006/4401] TestGemRequestSetLockfileParser#test_parse_GIT_tag = 0.64 s
[2007/4401] TestGemRequestSetLockfileParser#test_parse_GIT_branch = 0.64 s
[2008/4401] TestGemRequestSetLockfileParser#test_get_type_value_mismatch = 0.59 s
[2009/4401] TestGemRequestSetLockfileParser#test_parse_GEM_remote_multiple = 0.63 s
[2010/4401] TestGemRequestSetLockfileParser#test_parse_missing = 0.47 s
[2011/4401] TestGemRequestSetLockfileParser#test_parse = 0.57 s
[2012/4401] TestGemRequestSetLockfileParser#test_parse_PATH = 0.73 s
[2013/4401] TestGemRequestSetLockfileParser#test_parse_GIT_ref = 0.66 s
[2014/4401] TestGemRequestSetLockfileParser#test_parse_GEM = 0.64 s
[2015/4401] TestGemRequestSetLockfileParser#test_get_type_mismatch = 0.61 s
[2016/4401] TestDate#test_range_infinite_float = 0.02 s
[2017/4401] TestDate#test_eql_p = 0.02 s
[2018/4401] TestDate#test__const = 0.02 s
[2019/4401] TestDate#test_submillisecond_comparison = 0.02 s
[2020/4401] TestDate#test_infinity_comparison = 0.02 s
[2021/4401] TestDate#test_deconstruct_keys = 0.04 s
[2022/4401] TestDate#test_hash = 0.03 s
[2023/4401] TestDate#test_sub = 0.05 s
[2024/4401] TestDate#test_freeze = 0.01 s
[2025/4401] Test_EConvAppend#test_econv_str_append_valid = 0.16 s
[2026/4401] Test_EConvAppend#test_econv_str_append_broken = 0.01 s
[2027/4401] TestFnmatch#test_fnm_escape = 0.86 s
[2028/4401] TestFnmatch#test_nullchar = 0.01 s
[2029/4401] TestFnmatch#test_escape = 0.77 s
[2030/4401] TestFnmatch#test_any_chars = 0.51 s
[2031/4401] TestFnmatch#test_unicode = 0.11 s
[2032/4401] TestFnmatch#test_fnmatch = 0.34 s
[2033/4401] TestFnmatch#test_any_one = 0.36 s
[2034/4401] TestFnmatch#test_extglob = 0.12 s
[2035/4401] TestFnmatch#test_fnm_pathname = 0.22 s
[2036/4401] TestFnmatch#test_fnm_casefold = 0.33 s
[2037/4401] TestFnmatch#test_fnm_dotmatch = 0.38 s
[2038/4401] TestFnmatch#test_unmatched_encoding = 0.39 s
[2039/4401] TestFnmatch#test_char_class = 0.43 s
[2040/4401] TestFnmatch#test_text = 0.16 s
[2041/4401] TestFnmatch#test_recursive = 0.34 s
[2042/4401] Test_Hash::TestDelete#test_delete = 0.02 s
[2043/4401] TestIRB::DisplayDocumentTest#test_perfect_matching_stops_without_rdoc = 19.26 s
[2044/4401] TestIRB::DisplayDocumentTest#test_perfectly_matched_namespace_triggers_document_display
= 0.06 s
[2045/4401] TestIRB::DisplayDocumentTest#test_not_matched_namespace_triggers_nothing = 0.52 s
[2046/4401] TestIRB::DisplayDocumentTest#test_perfectly_matched_multiple_namespaces_triggers_documen
t_display = 0.88 s
[2047/4401] TestIRB::DisplayDocumentTest#test_perfect_matching_handles_nil_namespace = 0.34 s
[2048/4401] TestRational#test_rb_rational_raw = 0.03 s
[2049/4401] TestGemExtExtConfBuilder#test_class_build = 19.17 s
[2050/4401] TestGemExtExtConfBuilder#test_class_make_no_Makefile = 0.60 s
[2051/4401] TestGemExtExtConfBuilder#test_class_build_env_make = 16.63 s
[2052/4401] TestGemExtExtConfBuilder#test_class_build_extconf_success_without_warning = 18.20 s
[2053/4401] TestGemExtExtConfBuilder#test_class_build_rbconfig_make_prog = 18.26 s
[2054/4401] TestGemExtExtConfBuilder#test_class_build_extconf_fail = 16.73 s
[2055/4401] TestGemExtExtConfBuilder#test_class_make = 2.70 s
[2056/4401] TestGemExtExtConfBuilder#test_class_build_unconventional = 50.17 s
[2057/4401] TestEucTw#test_mbc_enc_len = 0.13 s
[2058/4401] TestEucTw#test_mbc_case_fold = 0.02 s
[2059/4401] TestEucTw#test_left_adjust_char_head = 0.01 s
[2060/4401] TestEucTw#test_code_to_mbc = 0.01 s
[2061/4401] TestEucTw#test_mbc_to_code = 0.01 s
[2062/4401] TestGemExtCargoBuilderLinkFlagConverter#test_verbose_lib_space = 0.62 s
[2063/4401] TestGemExtCargoBuilderLinkFlagConverter#test_libstatic_with_colon = 0.44 s
[2064/4401] TestGemExtCargoBuilderLinkFlagConverter#test_framework = 0.43 s
[2065/4401] TestGemExtCargoBuilderLinkFlagConverter#test_so_with_colon_space = 0.43 s
[2066/4401] TestGemExtCargoBuilderLinkFlagConverter#test_lib_with_nonascii = 0.43 s
[2067/4401] TestGemExtCargoBuilderLinkFlagConverter#test_search_path_basic = 0.43 s
[2068/4401] TestGemExtCargoBuilderLinkFlagConverter#test_simple_lib = 0.43 s
[2069/4401] TestGemExtCargoBuilderLinkFlagConverter#test_search_path_space_in_path = 0.43 s
[2070/4401] TestGemExtCargoBuilderLinkFlagConverter#test_non_lib_dash_l = 0.44 s
[2071/4401] TestGemExtCargoBuilderLinkFlagConverter#test_dylib_with_colon_space = 0.44 s
[2072/4401] TestGemExtCargoBuilderLinkFlagConverter#test_dll_with_colon_space = 0.45 s
[2073/4401] TestGemExtCargoBuilderLinkFlagConverter#test_simple_lib_space = 0.43 s
[2074/4401] TestGemExtCargoBuilderLinkFlagConverter#test_libstatic_with_colon_space = 0.44 s
[2075/4401] TestGemExtCargoBuilderLinkFlagConverter#test_search_path_space = 0.43 s
[2076/4401] TestGemExtCargoBuilderLinkFlagConverter#test_framework_space = 0.44 s
[2077/4401] TestGemExtCargoBuilderLinkFlagConverter#test_unconventional_lib_with_colon = 0.43 s
[2078/4401] TestGemCommandsYankCommand#test_execute_with_otp_success = 0.91 s
[2079/4401] TestGemCommandsYankCommand#test_with_webauthn_enabled_failure_with_polling = 1.37 s
[2080/4401] TestGemCommandsYankCommand#test_with_webauthn_enabled_success_with_polling = 1.54 s
[2081/4401] TestGemCommandsYankCommand#test_with_webauthn_enabled_success = 1.36 s
[2082/4401] TestGemCommandsYankCommand#test_execute_host = 1.14 s
[2083/4401] TestGemCommandsYankCommand#test_execute_with_otp_failure = 1.29 s
[2084/4401] TestGemCommandsYankCommand#test_with_webauthn_enabled_failure = 1.38 s
[2085/4401] TestGemCommandsYankCommand#test_handle_options = 1.93 s
[2086/4401] TestGemCommandsYankCommand#test_handle_options_missing_argument = 1.31 s
[2087/4401] TestGemCommandsYankCommand#test_execute = 0.65 s
[2088/4401] TestGemCommandsYankCommand#test_yank_gem_unathorized_api_key = 0.86 s
[2089/4401] TestGemCommandsYankCommand#test_execute_key = 0.64 s
[2090/4401] TestWhileuntil#test_while = 0.10 s
[2091/4401] TestWhileuntil#test_until = 0.01 s
[2092/4401] TestWhileuntil#test_begin_while = 0.01 s
[2093/4401] TestData#test_frozen_subclass = 0.02 s
[2094/4401] TestData#test_initialize_redefine = 0.03 s
[2095/4401] TestData#test_define_edge_cases = 0.03 s
[2096/4401] TestData#test_with = 0.06 s
[2097/4401] TestData#test_initialize = 0.04 s
[2098/4401] TestData#test_with_initialize = 0.02 s
[2099/4401] TestData#test_equal = 0.02 s
[2100/4401] TestData#test_eql = 0.02 s
[2101/4401] TestData#test_memberless = 0.02 s
[2102/4401] TestData#test_dup = 0.02 s
[2103/4401] TestData#test_inspect = 0.02 s
[2104/4401] TestData#test_hash = 0.21 s
[2105/4401] TestData#test_instance_behavior = 0.03 s
[2106/4401] TestData#test_marshal = 0.02 s
[2107/4401] TestData#test_define = 0.02 s
[2108/4401] TestData#test_define_with_block = 0.01 s
[2109/4401] TestIRB::EchoingTest#test_irb_echos_by_default = 0.05 s
[2110/4401] TestIRB::EchoingTest#test_irb_doesnt_echo_line_with_semicolon = 0.04 s
[2111/4401] TestGemResolverInstallerSet#test_add_always_install_platform_if_gem_platforms_modified_b
y_platform_flag = 0.78 s
[2112/4401] TestGemResolverInstallerSet#test_add_always_install_prerelease_only = 0.82 s
[2113/4401] TestGemResolverInstallerSet#test_remote_equals_local = 0.50 s
[2114/4401] TestGemResolverInstallerSet#test_find_all_prerelease_dependencies_with_add_local = 0.69
s
[2115/4401] TestGemResolverInstallerSet#test_errors = 0.70 s
[2116/4401] TestGemResolverInstallerSet#test_load_spec = 1.14 s
[2117/4401] TestGemResolverInstallerSet#test_consider_local_eh = 0.49 s
[2118/4401] TestGemResolverInstallerSet#test_add_always_install_prerelease = 0.76 s
[2119/4401] TestGemResolverInstallerSet#test_remote_equals_remote = 0.49 s
[2120/4401] TestGemResolverInstallerSet#test_find_all_always_install = 0.75 s
[2121/4401] TestGemResolverInstallerSet#test_add_always_install = 0.82 s
[2122/4401] TestGemResolverInstallerSet#test_find_all_prerelease = 0.82 s
[2123/4401] TestGemResolverInstallerSet#test_add_always_install_prerelease_github_problem = 0.83 s
[2124/4401] TestGemResolverInstallerSet#test_prerelease_equals = 0.49 s
[2125/4401] TestGemResolverInstallerSet#test_add_local = 1.15 s
[2126/4401] TestGemResolverInstallerSet#test_prefetch = 0.49 s
[2127/4401] TestGemResolverInstallerSet#test_add_always_install_index_spec_platform = 0.75 s
[2128/4401] TestGemResolverInstallerSet#test_remote_equals_both = 0.60 s
[2129/4401] TestGemResolverInstallerSet#test_add_always_install_platform = 0.76 s
[2130/4401] TestGemResolverInstallerSet#test_add_always_install_errors = 0.78 s
[2131/4401] TestGemResolverInstallerSet#test_consider_remote_eh = 0.49 s
[2132/4401] Test_StringCoderange#test_ascii8bit = 0.02 s
[2133/4401] Test_StringCoderange#test_usascii = 0.01 s
[2134/4401] Test_StringCoderange#test_utf8 = 0.01 s
[2135/4401] TestRubyYieldGen#test_block_with_mock = 0.02 s
[2136/4401] TestRubyYieldGen#test_yield_lambda = 614.87 s
[2137/4401] TestRubyYieldGen#test_yield_enum = 320.88 s
[2138/4401] TestRubyYieldGen#test_yield = 311.67 s
[2139/4401] TestRubyYieldGen#test_block_cached_argc = 11.65 s
[2140/4401] TestIOWait#test_wait_readable_buffered = 0.04 s
[2141/4401] TestIOWait#test_wait_mask_readable = 0.02 s
[2142/4401] TestIOWait#test_wait_writable = 0.01 s
[2143/4401] TestIOWait#test_wait_writable_closed = 0.02 s
[2144/4401] TestIOWait#test_nread_buffered = 0.02 s
[2145/4401] TestIOWait#test_wait = 1.02 s
[2146/4401] TestIOWait#test_wait_eof = 0.05 s
[2147/4401] TestIOWait#test_wait_mask_zero = 0.01 s
[2148/4401] TestIOWait#test_wait_forever = 0.03 s
[2149/4401] TestIOWait#test_wait_writable_timeout = 0.05 s
[2150/4401] TestIOWait#test_ready? = 1.02 s
[2151/4401] TestIOWait#test_wait_mask_writable = 0.01 s
[2152/4401] TestIOWait#test_wait_readable = 0.02 s
[2153/4401] TestIOWait#test_nread = 1.02 s
[2154/4401] TestIOWait#test_wait_readwrite = 0.01 s
[2155/4401] TestIOWait#test_wait_readwrite_timeout = 0.05 s
[2156/4401] TestIOWait#test_buffered_ready? = 0.01 s
[2157/4401] TestIOWait#test_wait_mask_negative = 0.01 s
[2158/4401] TestIOWait#test_wait_readable_forever = 0.03 s
[2159/4401] TestIOWait#test_wait_buffered = 0.01 s
[2160/4401] TestIOWait#test_wait_readable_eof = 0.03 s
[2161/4401] TestIOWait#test_wait_writable_EPIPE = 0.02 s
[2162/4401] TestGemRemoteFetchError#test_invalid_url = 0.53 s
[2163/4401] TestGemRemoteFetchError#test_to_s = 0.44 s
[2164/4401] TestGemRemoteFetchError#test_password_redacted = 0.45 s
[2165/4401] Test_NotImplement#test_respond_to = 0.03 s
[2166/4401] Test_NotImplement#test_funcall_notimplement = 0.02 s
[2167/4401] Test_NotImplement#test_not_protected_method_defined = 0.01 s
[2168/4401] Test_NotImplement#test_not_method_defined = 0.01 s
[2169/4401] Test_NotImplement#test_method_inspect_notimplement = 0.02 s
[2170/4401] Test_NotImplement#test_not_private_method_defined = 0.01 s
[2171/4401] TestInsnsLeaf#test_insns_leaf = 0.02 s
[2172/4401] TestMkmfConfig#test_with_target_rbconfig = 18.86 s
[2173/4401] TestMkmfConfig#test_with_config_with_arg_and_value = 17.55 s
[2174/4401] TestMkmfConfig#test_with_config_with_arg_and_no_value = 17.88 s
[2175/4401] TestMkmfConfig#test_with_config_without_arg = 17.53 s
[2176/4401] TestMkmfConfig#test_dir_config = 17.73 s
[2177/4401] TestERBCore#test_percent = 0.19 s
[2178/4401] TestERBCore#test_result_with_hash_does_not_modify_toplevel_binding = 0.06 s
[2179/4401] TestERBCore#test_version = 0.01 s
[2180/4401] TestERBCore#test_token_extension = 0.06 s
[2181/4401] TestERBCore#test_deprecated_interface_warnings = 0.13 s
[2182/4401] TestERBCore#test_half_working_comment_backward_compatibility = 0.02 s
[2183/4401] TestERBCore#test_result_with_hash_does_not_modify_caller_binding = 0.03 s
[2184/4401] TestERBCore#test_explicit_trim_line_with_carriage_return = 0.07 s
[2185/4401] TestERBCore#test_url_encode = 0.01 s
[2186/4401] TestERBCore#test_result_with_hash_with_invalid_keys_raises_type_error = 0.02 s
[2187/4401] TestERBCore#test_escape = 0.11 s
[2188/4401] TestERBCore#test_percent_after_etag = 0.03 s
[2189/4401] TestERBCore#test_frozen_string_literal = 0.06 s
[2190/4401] TestERBCore#test_explicit = 0.24 s
[2191/4401] TestERBCore#test_def_module = 0.03 s
[2192/4401] TestERBCore#test_run = 0.02 s
[2193/4401] TestERBCore#test_trim_line2_with_carriage_return = 0.07 s
[2194/4401] TestERBCore#test_def_class = 0.06 s
[2195/4401] TestERBCore#test_prohibited_marshal_load = 0.01 s
[2196/4401] TestERBCore#test_result_with_hash_does_not_use_caller_local_variables = 0.03 s
[2197/4401] TestERBCore#test_trim_line1_with_carriage_return = 0.07 s
[2198/4401] TestERBCore#test_def_method_without_filename = 0.05 s
[2199/4401] TestERBCore#test_result_with_hash = 0.02 s
[2200/4401] TestERBCore#test_invalid_trim_mode = 0.08 s
[2201/4401] TestERBCore#test_multi_line_comment_lineno = 0.03 s
[2202/4401] TestERBCore#test_def_erb_method = 0.07 s
[2203/4401] TestERBCore#test_def_method_with_fname = 0.05 s
[2204/4401] TestERBCore#test_keep_lineno = 0.42 s
[2205/4401] TestERBCore#test_core = 1.34 s
[2206/4401] TestERBCore#test_prohibited_marshal_dump = 0.02 s
[2207/4401] TestStubSpecification#test_missing_extensions_eh_none = 0.50 s
[2208/4401] TestStubSpecification#test_to_spec = 0.50 s
[2209/4401] TestStubSpecification#test_initialize_version = 0.45 s
[2210/4401] TestStubSpecification#test_full_require_paths = 0.46 s
[2211/4401] TestStubSpecification#test_missing_extensions_eh = 12.39 s
[2212/4401] TestStubSpecification#test_missing_extensions_eh_default_gem = 0.85 s
[2213/4401] TestStubSpecification#test_initialize_with_empty_version = 0.46 s
[2214/4401] TestStubSpecification#test_initialize = 0.45 s
[2215/4401] TestStubSpecification#test_matches_for_glob = 0.49 s
[2216/4401] TestStubSpecification#test_matches_for_glob_with_bundler_inline = 0.52 s
[2217/4401] TestStubSpecification#test_contains_requirable_file_eh = 0.48 s
[2218/4401] TestStubSpecification#test_lib_dirs_glob_with_extension = 0.45 s
[2219/4401] TestStubSpecification#test_to_spec_default = 0.51 s
[2220/4401] TestStubSpecification#test_lib_dirs_glob = 0.45 s
[2221/4401] TestStubSpecification#test_to_spec_with_other_specs_loaded_does_not_warn = 0.49 s
[2222/4401] TestStubSpecification#test_initialize_extension = 0.45 s
[2223/4401] TestStubSpecification#test_initialize_missing_stubline = 0.94 s
[2224/4401] TestStubSpecification#test_contains_requirable_file_eh_extension = 0.58 s
[2225/4401] TestFiberStorage#test_inherited_storage = 0.03 s
[2226/4401] TestFiberStorage#test_storage_only_allow_access_from_same_fiber = 0.02 s
[2227/4401] TestFiberStorage#test_enumerator_count = 0.02 s
[2228/4401] TestFiberStorage#test_variable_assignment = 0.01 s
[2229/4401] TestFiberStorage#test_enumerator_inherited_storage = 0.02 s
[2230/4401] TestFiberStorage#test_storage_inherited = 0.02 s
[2231/4401] TestFiberStorage#test_storage_assignment_type_error = 0.01 s
[2232/4401] TestFiberStorage#test_thread_inherited_storage = 0.03 s
[2233/4401] TestFiberStorage#test_storage = 0.01 s
[2234/4401] TestFiberStorage#test_storage_assignment = 0.01 s
[2235/4401] TestObjSpaceRactor#test_tracing_does_not_crash = 12.31 s
[2236/4401] URI::TestWSS#test_select = 0.06 s
[2237/4401] URI::TestWSS#test_equal = 0.05 s
[2238/4401] URI::TestWSS#test_request_uri = 0.04 s
[2239/4401] URI::TestWSS#test_normalize = 0.04 s
[2240/4401] URI::TestWSS#test_parse = 0.02 s
[2241/4401] URI::TestWSS#test_build = 0.04 s
[2242/4401] TestMixedUnicodeEscape#test_basic = 0.10 s
[2243/4401] TestOptionParserBashCompletion#test_long_for_option_complete = 0.11 s
[2244/4401] TestOptionParserBashCompletion#test_empty = 0.06 s
[2245/4401] TestOptionParserBashCompletion#test_long_for_option_args = 0.06 s
[2246/4401] TestOptionParserBashCompletion#test_long_f = 0.06 s
[2247/4401] TestOptionParserBashCompletion#test_case_sensitive = 0.07 s
[2248/4401] TestOptionParserBashCompletion#test_one_hyphen = 0.06 s
[2249/4401] TestOptionParserBashCompletion#test_long_for_option = 0.06 s
[2250/4401] TestOptionParserBashCompletion#test_two_hyphen = 0.06 s
[2251/4401] TestIRB::HelperMethodIntegrationTest#test_helper_method_injection_can_happen_after_irb_r
equire = 0.07 s
[2252/4401] TestIRB::HelperMethodIntegrationTest#test_helper_method_instances_are_memoized = 0.05 s
[2253/4401] TestIRB::HelperMethodIntegrationTest#test_arguments_propogation = 0.05 s
[2254/4401] TestGemResolver#test_second_level_backout = 0.94 s
[2255/4401] TestGemResolver#test_raises_when_a_gem_version_is_missing = 0.62 s
[2256/4401] TestGemResolver#test_sorts_by_source_then_version = 0.78 s
[2257/4401] TestGemResolver#test_common_rack_activation_scenario = 1.28 s
[2258/4401] TestGemResolver#test_does_not_pick_musl_variants_on_non_musl_linux = 1.27 s
[2259/4401] TestGemResolver#test_raises_and_reports_a_toplevel_request_properly = 0.54 s
[2260/4401] TestGemResolver#test_only_returns_spec_once = 0.73 s
[2261/4401] TestGemResolver#test_picks_highest_version = 0.61 s
[2262/4401] TestGemResolver#test_search_for_local_platform_partial_string_match = 0.56 s
[2263/4401] TestGemResolver#test_conflict_resolution_only_effects_correct_spec = 0.95 s
[2264/4401] TestGemResolver#test_picks_lower_version_when_needed = 0.89 s
[2265/4401] TestGemResolver#test_requests_development = 1.05 s
[2266/4401] TestGemResolver#test_resolve_development = 0.75 s
[2267/4401] TestGemResolver#test_self_compose_sets_nest = 0.71 s
[2268/4401] TestGemResolver#test_resolve_bug_699 = 0.99 s
[2269/4401] TestGemResolver#test_no_overlap_specifically = 0.61 s
[2270/4401] TestGemResolver#test_self_compose_sets_single = 0.58 s
[2271/4401] TestGemResolver#test_raises_and_reports_an_implicit_request_properly = 0.65 s
[2272/4401] TestGemResolver#test_keeps_resolving_after_seeing_satisfied_dep = 0.79 s
[2273/4401] TestGemResolver#test_resolve_rollback = 0.93 s
[2274/4401] TestGemResolver#test_raises_dependency_error = 0.93 s
[2275/4401] TestGemResolver#test_raises_when_a_gem_is_missing = 0.51 s
[2276/4401] TestGemResolver#test_backtracks_to_the_first_conflict = 0.79 s
[2277/4401] TestGemResolver#test_simple_activesupport_problem = 0.82 s
[2278/4401] TestGemResolver#test_pick_generic_linux_variants_on_musl_linux = 1.15 s
[2279/4401] TestGemResolver#test_resolve_remote_missing_dependency = 0.66 s
[2280/4401] TestGemResolver#test_self_compose_sets_multiple = 0.65 s
[2281/4401] TestGemResolver#test_resolve_conservative = 1.30 s
[2282/4401] TestGemResolver#test_backoff_higher_version_to_satisfy_dep = 1.08 s
[2283/4401] TestGemResolver#test_pulls_in_dependencies = 0.80 s
[2284/4401] TestGemResolver#test_resolve_conflict = 0.81 s
[2285/4401] TestGemResolver#test_raises_and_explains_when_platform_prevents_install = 0.58 s
[2286/4401] TestGemResolver#test_self_compose_sets_best_set = 0.42 s
[2287/4401] TestGemResolver#test_resolve_development_shallow = 0.68 s
[2288/4401] TestGemResolver#test_requests_ignore_dependencies = 0.68 s
[2289/4401] TestGemResolver#test_picks_best_platform = 1.26 s
[2290/4401] TestGemResolver#test_requests = 0.79 s
[2291/4401] TestGemResolver#test_self_compose_sets_nil = 0.64 s
[2292/4401] TestGemResolver#test_raises_when_possibles_are_exhausted = 0.96 s
[2293/4401] TestGemResolver#test_select_local_platforms = 0.66 s
[2294/4401] TestIRB::CDTest#test_cd_basic_object_or_frozen = 0.04 s
[2295/4401] TestIRB::CDTest#test_cd_moves_top_level_with_no_args = 0.04 s
[2296/4401] TestIRB::CDTest#test_cd = 0.04 s
[2297/4401] TestIRB::CDTest#test_cd_with_error = 0.04 s
[2298/4401] TestOpenURIFtp#test_ftp_over_http_proxy_auth = 0.25 s
[2299/4401] TestOpenURIFtp#test_ftp_over_http_proxy = 0.12 s
[2300/4401] TestFileUtilsVerbose#test_singleton_visibility_fu_windows? = 0.02 s
[2301/4401] TestFileUtilsVerbose#test_visibility_ln = 0.01 s
[2302/4401] TestFileUtilsVerbose#test_singleton_visibility_touch = 0.01 s
[2303/4401] TestFileUtilsVerbose#test_singleton_visibility_install = 0.01 s
[2304/4401] TestFileUtilsVerbose#test_visibility_cp_r = 0.01 s
[2305/4401] TestFileUtilsVerbose#test_singleton_visibility_rm_rf = 0.01 s
[2306/4401] TestFileUtilsVerbose#test_singleton_visibility_copy_entry = 0.01 s
[2307/4401] TestFileUtilsVerbose#test_singleton_visibility_safe_unlink = 0.01 s
[2308/4401] TestFileUtilsVerbose#test_visibility_rm = 0.01 s
[2309/4401] TestFileUtilsVerbose#test_visibility_chown = 0.01 s
[2310/4401] TestFileUtilsVerbose#test_singleton_visibility_symlink = 0.01 s
[2311/4401] TestFileUtilsVerbose#test_visibility_chown_R = 0.01 s
[2312/4401] TestFileUtilsVerbose#test_visibility_copy_stream = 0.01 s
[2313/4401] TestFileUtilsVerbose#test_singleton_visibility_cmp = 0.01 s
[2314/4401] TestFileUtilsVerbose#test_visibility_pwd = 0.01 s
[2315/4401] TestFileUtilsVerbose#test_visibility_getwd = 0.01 s
[2316/4401] TestFileUtilsVerbose#test_singleton_visibility_remove_dir = 0.01 s
[2317/4401] TestFileUtilsVerbose#test_singleton_visibility_rm = 0.01 s
[2318/4401] TestFileUtilsVerbose#test_singleton_visibility_compare_stream = 0.01 s
[2319/4401] TestFileUtilsVerbose#test_visibility_cmp = 0.01 s
[2320/4401] TestFileUtilsVerbose#test_singleton_visibility_remove_entry_secure = 0.01 s
[2321/4401] TestFileUtilsVerbose#test_singleton_visibility_chdir = 0.01 s
[2322/4401] TestFileUtilsVerbose#test_visibility_remove_file = 0.01 s
[2323/4401] TestFileUtilsVerbose#test_singleton_visibility_ln = 0.01 s
[2324/4401] TestFileUtilsVerbose#test_singleton_visibility_remove_entry = 0.01 s
[2325/4401] TestFileUtilsVerbose#test_visibility_ln_s = 0.01 s
[2326/4401] TestFileUtilsVerbose#test_singleton_visibility_pwd = 0.01 s
[2327/4401] TestFileUtilsVerbose#test_singleton_visibility_mkdir = 0.01 s
[2328/4401] TestFileUtilsVerbose#test_singleton_visibility_ln_s = 0.01 s
[2329/4401] TestFileUtilsVerbose#test_singleton_visibility_fu_stream_blksize = 0.01 s
[2330/4401] TestFileUtilsVerbose#test_visibility_compare_stream = 0.01 s
[2331/4401] TestFileUtilsVerbose#test_visibility_rmdir = 0.01 s
[2332/4401] TestFileUtilsVerbose#test_singleton_visibility_fu_copy_stream0 = 0.01 s
[2333/4401] TestFileUtilsVerbose#test_visibility_fu_blksize = 0.01 s
[2334/4401] TestFileUtilsVerbose#test_visibility_fu_copy_stream0 = 0.01 s
[2335/4401] TestFileUtilsVerbose#test_visibility_identical? = 0.01 s
[2336/4401] TestFileUtilsVerbose#test_visibility_mkdir_p = 0.01 s
[2337/4401] TestFileUtilsVerbose#test_visibility_cp_lr = 0.01 s
[2338/4401] TestFileUtilsVerbose#test_visibility_ln_sf = 0.01 s
[2339/4401] TestFileUtilsVerbose#test_singleton_visibility_chmod_R = 0.01 s
[2340/4401] TestFileUtilsVerbose#test_visibility_remove_entry = 0.01 s
[2341/4401] TestFileUtilsVerbose#test_singleton_visibility_chmod = 0.01 s
[2342/4401] TestFileUtilsVerbose#test_visibility_rmtree = 0.01 s
[2343/4401] TestFileUtilsVerbose#test_singleton_visibility_cp_r = 0.01 s
[2344/4401] TestFileUtilsVerbose#test_singleton_visibility_link_entry = 0.01 s
[2345/4401] TestFileUtilsVerbose#test_visibility_ln_sr = 0.01 s
[2346/4401] TestFileUtilsVerbose#test_singleton_visibility_rmtree = 0.01 s
[2347/4401] TestFileUtilsVerbose#test_visibility_remove_entry_secure = 0.01 s
[2348/4401] TestFileUtilsVerbose#test_singleton_visibility_uptodate? = 0.01 s
[2349/4401] TestFileUtilsVerbose#test_visibility_copy_file = 0.01 s
[2350/4401] TestFileUtilsVerbose#test_visibility_copy = 0.01 s
[2351/4401] TestFileUtilsVerbose#test_singleton_visibility_chown_R = 0.01 s
[2352/4401] TestFileUtilsVerbose#test_visibility_symlink = 0.01 s
[2353/4401] TestFileUtilsVerbose#test_singleton_visibility_chown = 0.01 s
[2354/4401] TestFileUtilsVerbose#test_singleton_visibility_fu_default_blksize = 0.01 s
[2355/4401] TestFileUtilsVerbose#test_visibility_cd = 0.01 s
[2356/4401] TestFileUtilsVerbose#test_singleton_visibility_copy_stream = 0.01 s
[2357/4401] TestFileUtilsVerbose#test_visibility_rm_rf = 0.01 s
[2358/4401] TestFileUtilsVerbose#test_singleton_visibility_rm_r = 0.01 s
[2359/4401] TestFileUtilsVerbose#test_singleton_visibility_makedirs = 0.01 s
[2360/4401] TestFileUtilsVerbose#test_singleton_visibility_cp = 0.01 s
[2361/4401] TestFileUtilsVerbose#test_visibility_link_entry = 0.01 s
[2362/4401] TestFileUtilsVerbose#test_visibility_touch = 0.01 s
[2363/4401] TestFileUtilsVerbose#test_visibility_link = 0.01 s
[2364/4401] TestFileUtilsVerbose#test_singleton_visibility_compare_file = 0.01 s
[2365/4401] TestFileUtilsVerbose#test_singleton_visibility_remove_file = 0.01 s
[2366/4401] TestFileUtilsVerbose#test_visibility_mkpath = 0.01 s
[2367/4401] TestFileUtilsVerbose#test_visibility_cp = 0.01 s
[2368/4401] TestFileUtilsVerbose#test_singleton_visibility_identical? = 0.01 s
[2369/4401] TestFileUtilsVerbose#test_visibility_move = 0.01 s
[2370/4401] TestFileUtilsVerbose#test_visibility_fu_windows? = 0.01 s
[2371/4401] TestFileUtilsVerbose#test_visibility_chdir = 0.01 s
[2372/4401] TestFileUtilsVerbose#test_singleton_visibility_getwd = 0.01 s
[2373/4401] TestFileUtilsVerbose#test_singleton_visibility_fu_blksize = 0.01 s
[2374/4401] TestFileUtilsVerbose#test_visibility_install = 0.01 s
[2375/4401] TestFileUtilsVerbose#test_visibility_safe_unlink = 0.01 s
[2376/4401] TestFileUtilsVerbose#test_singleton_visibility_mkpath = 0.01 s
[2377/4401] TestFileUtilsVerbose#test_singleton_visibility_cd = 0.01 s
[2378/4401] TestFileUtilsVerbose#test_singleton_visibility_rm_f = 0.01 s
[2379/4401] TestFileUtilsVerbose#test_visibility_fu_stream_blksize = 0.01 s
[2380/4401] TestFileUtilsVerbose#test_singleton_visibility_ln_sf = 0.01 s
[2381/4401] TestFileUtilsVerbose#test_visibility_compare_file = 0.01 s
[2382/4401] TestFileUtilsVerbose#test_visibility_chmod_R = 0.01 s
[2383/4401] TestFileUtilsVerbose#test_visibility_rm_f = 0.01 s
[2384/4401] TestFileUtilsVerbose#test_singleton_visibility_mv = 0.01 s
[2385/4401] TestFileUtilsVerbose#test_singleton_visibility_cp_lr = 0.01 s
[2386/4401] TestFileUtilsVerbose#test_visibility_remove = 0.01 s
[2387/4401] TestFileUtilsVerbose#test_singleton_visibility_rmdir = 0.01 s
[2388/4401] TestFileUtilsVerbose#test_visibility_remove_dir = 0.01 s
[2389/4401] TestFileUtilsVerbose#test_singleton_visibility_remove = 0.01 s
[2390/4401] TestFileUtilsVerbose#test_singleton_visibility_move = 0.01 s
[2391/4401] TestFileUtilsVerbose#test_visibility_mkdir = 0.01 s
[2392/4401] TestFileUtilsVerbose#test_visibility_uptodate? = 0.01 s
[2393/4401] TestFileUtilsVerbose#test_visibility_rm_r = 0.01 s
[2394/4401] TestFileUtilsVerbose#test_singleton_visibility_copy_file = 0.01 s
[2395/4401] TestFileUtilsVerbose#test_visibility_copy_entry = 0.01 s
[2396/4401] TestFileUtilsVerbose#test_singleton_visibility_ln_sr = 0.01 s
[2397/4401] TestFileUtilsVerbose#test_singleton_visibility_link = 0.01 s
[2398/4401] TestFileUtilsVerbose#test_visibility_chmod = 0.01 s
[2399/4401] TestFileUtilsVerbose#test_singleton_visibility_mkdir_p = 0.01 s
[2400/4401] TestFileUtilsVerbose#test_visibility_fu_default_blksize = 0.01 s
[2401/4401] TestFileUtilsVerbose#test_singleton_visibility_copy = 0.01 s
[2402/4401] TestFileUtilsVerbose#test_visibility_mv = 0.01 s
[2403/4401] TestFileUtilsVerbose#test_visibility_makedirs = 0.01 s
[2404/4401] TestGemCommandsUnpackCommand#test_execute_exact_match = 0.67 s
[2405/4401] TestGemCommandsUnpackCommand#test_execute_remote = 0.83 s
[2406/4401] TestGemCommandsUnpackCommand#test_execute_gem_path = 0.83 s
[2407/4401] TestGemCommandsUnpackCommand#test_execute_spec = 1.51 s
[2408/4401] TestGemCommandsUnpackCommand#test_find_in_cache = 1.50 s
[2409/4401] TestGemCommandsUnpackCommand#test_execute_gem_path_missing = 0.70 s
[2410/4401] TestGemCommandsUnpackCommand#test_execute_with_target_option = 1.77 s
[2411/4401] TestGemCommandsUnpackCommand#test_execute = 1.58 s
[2412/4401] TestGemCommandsUnpackCommand#test_handle_options_metadata = 1.04 s
[2413/4401] TestGemCommandsUnpackCommand#test_get_path = 0.92 s
[2414/4401] TestGemCommandsUnpackCommand#test_execute_sudo = 1.56 s
[2415/4401] TestGemCommandsUnpackCommand#test_execute_spec_target = 1.79 s
[2416/4401] TestStruct::TopStruct#test_size = 0.02 s
[2417/4401] TestStruct::TopStruct#test_select = 0.02 s
[2418/4401] TestStruct::TopStruct#test_frozen_subclass = 0.02 s
[2419/4401] TestStruct::TopStruct#test_overridden_aset = 0.04 s
[2420/4401] TestStruct::TopStruct#test_arity = 0.02 s
[2421/4401] TestStruct::TopStruct#test_init_copy = 0.01 s
[2422/4401] TestStruct::TopStruct#test_each = 0.01 s
[2423/4401] TestStruct::TopStruct#test_error = 0.01 s
[2424/4401] TestStruct::TopStruct#test_filter = 0.02 s
[2425/4401] TestStruct::TopStruct#test_junk = 0.01 s
[2426/4401] TestStruct::TopStruct#test_question_mark_in_member = 0.02 s
[2427/4401] TestStruct::TopStruct#test_morethan10members = 0.14 s
[2428/4401] TestStruct::TopStruct#test_struct_new_with_hash = 0.03 s
[2429/4401] TestStruct::TopStruct#test_setter_method_returns_value = 0.01 s
[2430/4401] TestStruct::TopStruct#test_members = 0.01 s
[2431/4401] TestStruct::TopStruct#test_struct_new_with_keyword_init_and_block = 0.01 s
[2432/4401] TestStruct::TopStruct#test_named_structs_are_not_rooted = 102.47 s
[2433/4401] TestStruct::TopStruct#test_set = 0.02 s
[2434/4401] TestStruct::TopStruct#test_bang_mark_in_member = 0.02 s
[2435/4401] TestStruct::TopStruct#test_struct_keyword_init_p = 0.02 s
[2436/4401] TestStruct::TopStruct#test_struct_new = 0.04 s
[2437/4401] TestStruct::TopStruct#test_initialize = 0.02 s
[2438/4401] TestStruct::TopStruct#test_new_duplicate = 0.03 s
[2439/4401] TestStruct::TopStruct#test_aref = 0.07 s
[2440/4401] TestStruct::TopStruct#test_comparison_when_recursive = 0.04 s
[2441/4401] TestStruct::TopStruct#test_parameters = 0.02 s
[2442/4401] TestStruct::TopStruct#test_to_h = 0.02 s
[2443/4401] TestStruct::TopStruct#test_equal = 0.02 s
[2444/4401] TestStruct::TopStruct#test_overridden_aref = 0.03 s
[2445/4401] TestStruct::TopStruct#test_big_struct = 0.03 s
[2446/4401] TestStruct::TopStruct#test_inherit = 0.01 s
[2447/4401] TestStruct::TopStruct#test_eql = 0.02 s
[2448/4401] TestStruct::TopStruct#test_small_structs = 0.05 s
[2449/4401] TestStruct::TopStruct#test_struct = 0.03 s
[2450/4401] TestStruct::TopStruct#test_values_at = 0.02 s
[2451/4401] TestStruct::TopStruct#test_keyword_args_warning = 0.08 s
[2452/4401] TestStruct::TopStruct#test_nonascii = 0.03 s
[2453/4401] TestStruct::TopStruct#test_struct_new_with_keyword_init = 0.05 s
[2454/4401] TestStruct::TopStruct#test_larger_than_largest_pool = 0.16 s
[2455/4401] TestStruct::TopStruct#test_inspect = 0.05 s
[2456/4401] TestStruct::TopStruct#test_deconstruct_keys = 0.02 s
[2457/4401] TestStruct::TopStruct#test_aset = 0.06 s
[2458/4401] TestStruct::TopStruct#test_each_pair = 0.02 s
[2459/4401] TestStruct::TopStruct#test_redefinition_warning = 0.02 s
[2460/4401] TestStruct::TopStruct#test_public_send = 0.01 s
[2461/4401] TestStruct::TopStruct#test_ref = 0.02 s
[2462/4401] TestStruct::TopStruct#test_dig = 0.01 s
[2463/4401] TestStruct::TopStruct#test_hash = 0.59 s
[2464/4401] TestStruct::TopStruct#test_to_h_block = 0.02 s
[2465/4401] TestStruct::TopStruct#test_attrset_id = 0.01 s
[2466/4401] TestStruct::TopStruct#test_initialize_with_kw = 0.02 s
[2467/4401] TestThreadGroup#test_enclosed_thgroup = 0.17 s
[2468/4401] TestThreadGroup#test_frozen_thgroup = 0.03 s
[2469/4401] TestThreadGroup#test_thread_init = 1.04 s
[2470/4401] TestUnicodeNormalize#test_us_ascii = 0.03 s
[2471/4401] TestUnicodeNormalize#test_hangul_plus_accents = 0.27 s
[2472/4401] TestUnicodeNormalize#test_partial_jamo_decompose = 0.01 s
[2473/4401] TestUnicodeNormalize#test_no_trailing_jamo = 0.02 s
[2474/4401] TestUnicodeNormalize#test_reiwa = 0.26 s
[2475/4401] TestUnicodeNormalize#test_partial_jamo_compose = 0.02 s
[2476/4401] TestUnicodeNormalize#test_raise_exception_for_non_unicode_encoding = 0.05 s
[2477/4401] TestUnicodeNormalize#test_non_UTF_8 = 0.03 s
[2478/4401] TestUnicodeNormalize#test_singleton_with_accents = 0.01 s
[2479/4401] TestGemPlatform#test_self_local = 0.48 s
[2480/4401] TestGemPlatform#test_equals3_cpu_arm = 0.48 s
[2481/4401] TestGemPlatform#test_self_new = 0.43 s
[2482/4401] TestGemPlatform#test_nil_cpu_arch_is_treated_as_universal = 0.43 s
[2483/4401] TestGemPlatform#test_equals3_version = 0.43 s
[2484/4401] TestGemPlatform#test_self_match_gem? = 0.43 s
[2485/4401] TestGemPlatform#test_equals2 = 0.42 s
[2486/4401] TestGemPlatform#test_equals3_cpu = 0.45 s
[2487/4401] TestGemPlatform#test_self_match = 0.51 s
[2488/4401] TestGemPlatform#test_to_s = 0.42 s
[2489/4401] TestGemPlatform#test_gem_platform_match_with_string_argument = 0.47 s
[2490/4401] TestGemPlatform#test_initialize_command_line = 0.43 s
[2491/4401] TestGemPlatform#test_eabi_version_is_stricter_for_linux_os = 0.46 s
[2492/4401] TestGemPlatform#test_eabi_and_nil_version_combination_strictness = 0.46 s
[2493/4401] TestGemPlatform#test_initialize = 0.84 s
[2494/4401] TestGemPlatform#test_equals3_universal_mingw = 0.45 s
[2495/4401] TestGemPlatform#test_equals_tilde = 0.59 s
[2496/4401] TestGemPlatform#test_nil_version_is_treated_as_any_version = 0.42 s
[2497/4401] TestGemPlatform#test_initialize_platform = 0.43 s
[2498/4401] TestGemPlatform#test_inspect = 0.43 s
[2499/4401] TestGemPlatform#test_nil_version_is_stricter_for_linux_os = 0.45 s
[2500/4401] TestGemPlatform#test_equals3 = 0.42 s
[2501/4401] TestGemPlatform#test_self_match_spec? = 0.46 s
[2502/4401] TestGemPlatform#test_initialize_test = 0.44 s
[2503/4401] TestGemPlatform#test_self_match_spec_with_match_gem_override = 0.45 s
[2504/4401] TestGemPlatform#test_initialize_mswin32_vc6 = 0.42 s
[2505/4401] TestIRB::ShowSourceTest#test_show_source_method_s_with_incorrect_signature = 0.30 s
[2506/4401] TestIRB::ShowSourceTest#test_show_source_method_accidental_characters = 0.04 s
[2507/4401] TestIRB::ShowSourceTest#test_show_source_method_s = 0.04 s
[2508/4401] TestIRB::ShowSourceTest#test_show_source_keep_script_lines = 0.04 s
[2509/4401] TestIRB::ShowSourceTest#test_show_source_with_missing_constant = 0.04 s
[2510/4401] TestIRB::ShowSourceTest#test_show_source_unavailable_source = 0.04 s
[2511/4401] TestIRB::ShowSourceTest#test_show_source_method_multiple_s = 0.04 s
[2512/4401] TestIRB::ShowSourceTest#test_show_source_alias = 0.04 s
[2513/4401] TestIRB::ShowSourceTest#test_show_source_with_constant_lookup = 0.04 s
[2514/4401] TestIRB::ShowSourceTest#test_show_source_method_exceeds_super_chain = 0.04 s
[2515/4401] TestIRB::ShowSourceTest#test_show_source_with_eval_error = 0.04 s
[2516/4401] TestIRB::ShowSourceTest#test_show_source_method_no_instance_method = 0.04 s
[2517/4401] TestIRB::ShowSourceTest#test_show_source_private_method = 0.04 s
[2518/4401] TestIRB::ShowSourceTest#test_show_source_with_double_colons = 0.04 s
[2519/4401] TestIRB::ShowSourceTest#test_show_source = 0.04 s
[2520/4401] TestIRB::ShowSourceTest#test_show_source_with_missing_signature = 0.04 s
[2521/4401] TestIRB::ShowSourceTest#test_show_source_private_singleton_method = 0.04 s
[2522/4401] TestIRB::ShowSourceTest#test_show_source_receiver_super = 0.04 s
[2523/4401] TestIRB::ShowSourceTest#test_show_source_shows_binary_source = 0.04 s
[2524/4401] TestIRB::ShowSourceTest#test_show_source_string = 0.04 s
[2525/4401] TestWindows1251#test_windows_1251 = 0.38 s
[2526/4401] TestDateParse#test_parse__comp = 0.11 s
[2527/4401] TestDateParse#test_httpdate = 0.04 s
[2528/4401] TestDateParse#test_given_string = 0.07 s
[2529/4401] TestDateParse#test__parse_odd_offset = 0.03 s
[2530/4401] TestDateParse#test__parse = 3.03 s
[2531/4401] TestDateParse#test__rfc3339 = 0.02 s
[2532/4401] TestDateParse#test_rfc3339 = 0.02 s
[2533/4401] TestDateParse#test__parse__2 = 0.13 s
[2534/4401] TestDateParse#test_jisx0301 = 0.04 s
[2535/4401] TestDateParse#test_parse_utf8 = 0.09 s
[2536/4401] TestDateParse#test_iso8601 = 0.02 s
[2537/4401] TestDateParse#test__iso8601 = 0.22 s
[2538/4401] TestDateParse#test_xmlschema = 0.02 s
[2539/4401] TestDateParse#test__xmlschema = 0.07 s
[2540/4401] TestDateParse#test__httpdate = 0.05 s
[2541/4401] TestDateParse#test_length_limit = 0.20 s
[2542/4401] TestDateParse#test_parse__d_to_s = 0.04 s
[2543/4401] TestDateParse#test__parse_slash_exp = 0.15 s
[2544/4401] TestDateParse#test_parse = 0.05 s
[2545/4401] TestDateParse#test__jisx0301 = 0.06 s
[2546/4401] TestDateParse#test_parse__2 = 0.07 s
[2547/4401] TestDateParse#test_parse__ex = 0.05 s
[2548/4401] TestDateParse#test__parse_too_long_year = 61.81 s
[2549/4401] TestDateParse#test_parse__time = 0.10 s
[2550/4401] TestDateParse#test_rfc2822 = 0.03 s
[2551/4401] TestDateParse#test__rfc2822 = 0.03 s
[2552/4401] TestGemRemoteFetcherLocalSSLServer#test_do_not_allow_invalid_client_cert_auth_connection
 = 2.68 s
[2553/4401] TestGemRemoteFetcherLocalSSLServer#test_ssl_connection = 2.11 s
[2554/4401] TestGemRemoteFetcherLocalSSLServer#test_nil_ca_cert = 2.01 s
[2555/4401] TestGemRemoteFetcherLocalSSLServer#test_ssl_connection_allow_verify_none = 2.08 s
[2556/4401] TestGemRemoteFetcherLocalSSLServer#test_do_not_allow_insecure_ssl_connection_by_default
= 2.02 s
[2557/4401] TestGemRemoteFetcherLocalSSLServer#test_ssl_client_cert_auth_connection = 4.27 s
[2558/4401] TestGemRemoteFetcherLocalSSLServer#test_do_not_follow_insecure_redirect = 2.20 s
[2559/4401] TestIRB::EvalHistoryTest#test_eval_history_is_disabled_by_default = 10.66 s
[2560/4401] TestIRB::EvalHistoryTest#test_eval_history_can_be_retrieved_with_double_underscore = 0.3
2 s
[2561/4401] TestIRB::EvalHistoryTest#test_eval_history_respects_given_limit = 0.48 s
[2562/4401] TestNum2int#test_num2ull = 0.18 s
[2563/4401] TestNum2int#test_num2ushort = 0.10 s
[2564/4401] TestNum2int#test_num2long = 0.13 s
[2565/4401] TestNum2int#test_num2uint = 0.10 s
[2566/4401] TestNum2int#test_num2int = 0.07 s
[2567/4401] TestNum2int#test_fix2uint = 0.03 s
[2568/4401] TestNum2int#test_fix2long = 0.01 s
[2569/4401] TestNum2int#test_fix2ulong = 0.01 s
[2570/4401] TestNum2int#test_num2ulong = 0.15 s
[2571/4401] TestNum2int#test_fix2short = 0.03 s
[2572/4401] TestNum2int#test_fix2int = 0.03 s
[2573/4401] TestNum2int#test_num2short = 0.08 s
[2574/4401] TestNum2int#test_num2ll = 0.12 s
[2575/4401] TestUpdateSuggestion#test_eligible_for_update = 0.74 s
[2576/4401] TestUpdateSuggestion#test_eligible_for_update_disabled_update = 0.73 s
[2577/4401] TestUpdateSuggestion#test_eligible_for_update_prevent_config = 0.72 s
[2578/4401] TestUpdateSuggestion#test_eligible_for_update_for_prerelease = 0.72 s
[2579/4401] TestUpdateSuggestion#test_eligible_for_update_is_not_annoying_when_not_upgraded = 0.86 s
[2580/4401] TestUpdateSuggestion#test_eligible_for_update_on_ci = 0.73 s
[2581/4401] TestUpdateSuggestion#test_eligible_for_update_prevent_env = 0.73 s
[2582/4401] TestUpdateSuggestion#test_eligible_for_update_non_tty = 0.73 s
[2583/4401] TestUpdateSuggestion#test_eligible_for_update_unwrittable_config = 0.75 s
[2584/4401] TestUpdateSuggestion#test_eligible_for_update_is_not_annoying_when_new_version_is_releas
ed = 1.14 s
[2585/4401] TestUpdateSuggestion#test_eligible_for_update_notification_delay = 0.73 s
[2586/4401] TestUpdateSuggestion#test_update_suggestion = 0.59 s
[2587/4401] TestPTY#test_close_in_block = 0.08 s
[2588/4401] TestPTY#test_open_with_block = 0.04 s
[2589/4401] TestPTY#test_open = 0.03 s
[2590/4401] TestPTY#test_commandline = 10.02 s
[2591/4401] TestPTY#test_pty_check_default = 0.76 s
[2592/4401] TestPTY#test_open_without_block = 0.03 s
[2593/4401] TestPTY#test_stat_slave = 0.03 s
[2594/4401] TestPTY#test_close_master = 0.03 s
[2595/4401] TestPTY#test_cloexec = 0.36 s
[2596/4401] TestPTY#test_spawn_without_block = 9.80 s
[2597/4401] TestPTY#test_close_slave = 0.04 s
[2598/4401] TestPTY#test_getpty_nonexistent = 0.34 s
[2599/4401] TestPTY#test_argv0 = 9.80 s
[2600/4401] TestPTY#test_pty_check_raise = 0.46 s
[2601/4401] TestPTY#test_spawn_with_block = 9.80 s
[2602/4401] TestGemExtRakeBuilder#test_class_build = 20.30 s
[2603/4401] TestGemExtRakeBuilder#test_class_build_no_mkrf_passes_args = 10.46 s
[2604/4401] TestGemExtRakeBuilder#test_class_build_with_args = 20.27 s
[2605/4401] TestGemExtRakeBuilder#test_class_build_fail = 20.27 s
[2606/4401] TestGemExtRakeBuilder#test_class_no_openssl_override = 0.89 s
[2607/4401] TestGemResolverActivationRequest#test_installed_eh = 0.55 s
[2608/4401] TestGemResolverActivationRequest#test_development_eh = 0.45 s
[2609/4401] TestGemResolverActivationRequest#test_inspect = 0.46 s
[2610/4401] TestTimeout#test_custom_exception = 0.09 s
[2611/4401] TestTimeout#test_non_timing_out_code_is_successful = 0.01 s
[2612/4401] TestTimeout#test_allows_nil_seconds = 0.01 s
[2613/4401] TestTimeout#test_threadgroup = 11.73 s
[2614/4401] TestTimeout#test_handle_interrupt = 0.25 s
[2615/4401] TestTimeout#test_exit_exception = 0.02 s
[2616/4401] TestTimeout#test_nested_timeout_which_error_bubbles_up = 0.04 s
[2617/4401] TestTimeout#test_handling_enclosed_threadgroup = 12.34 s
[2618/4401] TestTimeout#test_raise_with_message = 0.02 s
[2619/4401] TestTimeout#test_raise_for_neg_second = 0.01 s
[2620/4401] TestTimeout#test_included = 0.04 s
[2621/4401] TestTimeout#test_nested_timeout = 0.15 s
[2622/4401] TestTimeout#test_timeout = 0.13 s
[2623/4401] TestTimeout#test_work_is_done_in_same_thread_as_caller = 0.02 s
[2624/4401] TestTimeout#test_cannot_convert_into_time_interval = 0.02 s
[2625/4401] TestTimeout#test_raises_exception_internally = 0.07 s
[2626/4401] TestTimeout#test_enumerator_next = 0.04 s
[2627/4401] TestTimeout#test_skip_rescue_standarderror = 0.03 s
[2628/4401] TestTimeout#test_work_is_done_in_same_fiber_as_caller = 0.05 s
[2629/4401] TestTimeout#test_nested_timeout_error_identity = 0.13 s
[2630/4401] TestTimeout#test_queue = 0.03 s
[2631/4401] TestTimeout#test_yield_param = 0.01 s
[2632/4401] TestTimeout#test_allows_zero_seconds = 0.01 s
[2633/4401] TestTimeout#test_fork = 5.34 s
[2634/4401] TestTimeout#test_rescue_exit = 0.06 s
[2635/4401] TestSecureRandom#test_with_openssl = 0.11 s
[2636/4401] TestSecureRandom#test_repeated_gen_random = 0.01 s
[2637/4401] TestSecureRandom#test_alphanumeric_with_chars = 0.03 s
[2638/4401] TestIRB::TestHelperMethod::ConfTest#test_conf_returns_the_context_object = 0.23 s
[2639/4401] TestStringIOInRactor#test_ractor = 2.73 s
[2640/4401] TestMemoryView#test_rb_memory_view_parse_item_format = 0.03 s
[2641/4401] TestMemoryView#test_ractor = 2.80 s
[2642/4401] TestMemoryView#test_rb_memory_view_parse_item_format_with_alignment_compound = 0.02 s
[2643/4401] TestMemoryView#test_rb_memory_view_item_size_from_format = 0.07 s
[2644/4401] TestMemoryView#test_rb_memory_view_register_duplicated = 0.02 s
[2645/4401] TestMemoryView#test_rb_memory_view_item_size_from_format_error = 0.01 s
[2646/4401] TestMemoryView#test_rb_memory_view_extract_item_members_float_endianness = 0.02 s
[2647/4401] TestMemoryView#test_rb_memory_view_item_size_from_format_composed = 0.57 s
[2648/4401] TestMemoryView#test_rb_memory_view_extract_item_members_doble_endianness = 0.01 s
[2649/4401] TestMemoryView#test_rb_memory_view_get_item_pointer_single_member = 0.02 s
[2650/4401] TestMemoryView#test_ref_count_with_exported_object = 0.01 s
[2651/4401] TestMemoryView#test_rb_memory_view_get_item_pointer_multiple_members = 0.02 s
[2652/4401] TestMemoryView#test_rb_memory_view_extract_item_members_doble = 0.01 s
[2653/4401] TestMemoryView#test_rb_memory_view_extract_item_members_endianness = 0.02 s
[2654/4401] TestMemoryView#test_rb_memory_view_extract_item_members = 0.01 s
[2655/4401] TestMemoryView#test_rb_memory_view_init_as_byte_array = 0.01 s
[2656/4401] TestMemoryView#test_rb_memory_view_register_nonclass = 0.01 s
[2657/4401] TestMemoryView#test_rb_memory_view_get_with_memory_view_unavailable_object = 0.01 s
[2658/4401] TestMemoryView#test_rb_memory_view_extract_item_members_float = 0.01 s
[2659/4401] TestMemoryView#test_rb_memory_view_item_size_from_format_with_spaces = 0.01 s
[2660/4401] TestMemoryView#test_rb_memory_view_parse_item_format_with_alignment_total_size_with_tail
_padding = 0.02 s
[2661/4401] TestMemoryView#test_rb_memory_view_available_p = 0.01 s
[2662/4401] TestMemoryView#test_rb_memory_view_parse_item_format_with_alignment_signle = 0.14 s
[2663/4401] TestMemoryView#test_rb_memory_view_fill_contiguous_strides = 0.01 s
[2664/4401] TestIRB::RelineInputMethodTest#test_initialization = 0.07 s
[2665/4401] TestIRB::RelineInputMethodTest#test_initialization_with_use_autocomplete_but_without_rdo
c = 0.31 s
[2666/4401] TestIRB::RelineInputMethodTest#test_initialization_with_use_autocomplete = 0.30 s
[2667/4401] TestIRB::RelineInputMethodTest#test_initialization_without_use_autocomplete = 0.29 s
[2668/4401] TestIRB::RelineInputMethodTest#test_colorize = 0.61 s
[2669/4401] TestIRB::DebuggerIntegrationTest#test_catch = 0.06 s
[2670/4401] TestIRB::DebuggerIntegrationTest#test_irb_switches_debugger_interface_if_debug_was_alrea
dy_activated = 0.04 s
[2671/4401] TestIRB::DebuggerIntegrationTest#test_irb_commands_are_available_after_moving_around_wit
h_the_debugger = 0.04 s
[2672/4401] TestIRB::DebuggerIntegrationTest#test_help_display_different_content_when_debugger_is_en
abled = 0.04 s
[2673/4401] TestIRB::DebuggerIntegrationTest#test_help_command_is_delegated_to_the_debugger = 0.04 s
[2674/4401] TestIRB::DebuggerIntegrationTest#test_debug_command_can_only_be_called_from_binding_irb
= 0.05 s
[2675/4401] TestIRB::DebuggerIntegrationTest#test_info = 0.04 s
[2676/4401] TestIRB::DebuggerIntegrationTest#test_next = 0.04 s
[2677/4401] TestIRB::DebuggerIntegrationTest#test_step = 0.04 s
[2678/4401] TestIRB::DebuggerIntegrationTest#test_exit = 0.04 s
[2679/4401] TestIRB::DebuggerIntegrationTest#test_irb_passes_empty_input_to_debugger_to_repeat_the_l
ast_command = 0.04 s
[2680/4401] TestIRB::DebuggerIntegrationTest#test_delete = 0.04 s
[2681/4401] TestIRB::DebuggerIntegrationTest#test_prompt_irb_name_is_kept = 0.04 s
[2682/4401] TestIRB::DebuggerIntegrationTest#test_quit = 0.04 s
[2683/4401] TestIRB::DebuggerIntegrationTest#test_multi_irb_commands_are_not_available_after_activat
ing_the_debugger = 0.04 s
[2684/4401] TestIRB::DebuggerIntegrationTest#test_break = 0.04 s
[2685/4401] TestIRB::DebuggerIntegrationTest#test_force_exit = 0.04 s
[2686/4401] TestIRB::DebuggerIntegrationTest#test_long_stepping = 0.04 s
[2687/4401] TestIRB::DebuggerIntegrationTest#test_finish = 0.04 s
[2688/4401] TestIRB::DebuggerIntegrationTest#test_irb_command_can_check_local_variables = 0.04 s
[2689/4401] TestIRB::DebuggerIntegrationTest#test_debug_command_only_runs_once = 0.04 s
[2690/4401] TestIRB::DebuggerIntegrationTest#test_input_is_evaluated_in_the_context_of_the_current_t
hread = 0.04 s
[2691/4401] TestIRB::DebuggerIntegrationTest#test_debug = 0.04 s
[2692/4401] TestIRB::DebuggerIntegrationTest#test_continue = 0.04 s
[2693/4401] TestIRB::DebuggerIntegrationTest#test_debugger_cant_be_activated_while_multi_irb_is_acti
ve = 0.04 s
[2694/4401] TestIRB::DebuggerIntegrationTest#test_prompt_line_number_continues = 0.04 s
[2695/4401] TestIRB::DebuggerIntegrationTest#test_backtrace = 0.04 s
[2696/4401] TestDateMarshal#test_memsize = 0.02 s
[2697/4401] TestDateMarshal#test_marshal = 0.06 s
[2698/4401] TestGBK#test_mbc_enc_len = 0.05 s
[2699/4401] TestGBK#test_mbc_case_fold = 0.01 s
[2700/4401] TestGBK#test_left_adjust_char_head = 0.01 s
[2701/4401] TestGBK#test_code_to_mbc = 0.01 s
[2702/4401] TestGBK#test_mbc_to_code = 0.01 s
[2703/4401] TestOptionParserGetopts#test_short_arg = 0.07 s
[2704/4401] TestOptionParserGetopts#test_long_arg = 0.06 s
[2705/4401] TestOptionParserGetopts#test_short_noarg = 0.05 s
[2706/4401] TestOptionParserGetopts#test_long_noarg = 0.05 s
[2707/4401] Test_Proc::TestBMethod#test_super_in_bmethod = 0.02 s
[2708/4401] Test_Proc::TestBMethod#test_receiver_in_bmethod = 0.01 s
[2709/4401] Test_Proc::TestBMethod#test_block_super = 0.01 s
[2710/4401] TestIter::IterBreak#test_iter_break = 0.02 s
[2711/4401] TestOptionParserAutoConf#test_enable = 0.05 s
[2712/4401] TestOptionParserAutoConf#test_with = 0.04 s
[2713/4401] TestOptionParserAutoConf#test_enable_value = 0.04 s
[2714/4401] TestOptionParserAutoConf#test_disable = 0.04 s
[2715/4401] TestOptionParserAutoConf#test_without = 0.06 s
[2716/4401] TestOptionParserAutoConf#test_help = 0.05 s
[2717/4401] Test_SPrintf#"test_format_integer(%d)" = 0.08 s
[2718/4401] Test_SPrintf#"test_format_integer(%.0d)" = 0.07 s
[2719/4401] Test_SPrintf#test_string_prec = 0.01 s
[2720/4401] Test_SPrintf#"test_format_integer(% +-20d)" = 0.07 s
[2721/4401] Test_SPrintf#"test_format_integer(% #0.d)" = 0.07 s
[2722/4401] Test_SPrintf#"test_format_integer(% #+-00.d)" = 0.07 s
[2723/4401] Test_SPrintf#"test_format_integer(% +-20.0d)" = 0.08 s
[2724/4401] Test_SPrintf#"test_format_integer(% +-0d)" = 0.07 s
[2725/4401] Test_SPrintf#"test_format_integer(%5.0d)" = 0.07 s
[2726/4401] Test_SPrintf#"test_format_integer(% #-020.d)" = 0.07 s
[2727/4401] Test_SPrintf#"test_format_integer(%#+0.d)" = 0.07 s
[2728/4401] Test_SPrintf#"test_format_integer(%+-0d)" = 0.07 s
[2729/4401] Test_SPrintf#"test_format_integer(%+-05.0d)" = 0.30 s
[2730/4401] Test_SPrintf#"test_format_integer(% #-00.d)" = 0.07 s
[2731/4401] Test_SPrintf#"test_format_integer(%#+05d)" = 0.07 s
[2732/4401] Test_SPrintf#"test_format_integer(%#+05.d)" = 0.07 s
[2733/4401] Test_SPrintf#"test_format_integer(% #20d)" = 0.07 s
[2734/4401] Test_SPrintf#test_encoding = 0.01 s
[2735/4401] Test_SPrintf#test_to_str = 0.01 s
[2736/4401] Test_SPrintf#"test_format_integer(% +-0.0d)" = 0.08 s
[2737/4401] Test_SPrintf#"test_format_integer(% #+-020d)" = 0.07 s
[2738/4401] Test_SPrintf#"test_format_integer(% #-00d)" = 0.07 s
[2739/4401] Test_SPrintf#"test_format_integer(%#+0d)" = 0.28 s
[2740/4401] Test_SPrintf#test_inspect = 0.01 s
[2741/4401] Test_SPrintf#"test_format_integer(% #-020d)" = 0.08 s
[2742/4401] Test_SPrintf#test_snprintf_count = 0.01 s
[2743/4401] Test_SPrintf#test_quote = 0.01 s
[2744/4401] Test_SPrintf#"test_format_integer(%5d)" = 0.08 s
[2745/4401] Test_StringEncStrBufCat#test_unknown = 0.02 s
[2746/4401] Test_StringEncStrBufCat#test_str_conv_enc = 0.02 s
[2747/4401] TestGemCommand#test_self_add_specific_extra_args = 0.53 s
[2748/4401] TestGemCommand#test_invoke_with_build_args = 0.53 s
[2749/4401] TestGemCommand#test_invoke_with_options = 0.55 s
[2750/4401] TestGemCommand#test_add_option = 0.43 s
[2751/4401] TestGemCommand#test_deprecate_option = 0.49 s
[2752/4401] TestGemCommand#test_invoke_with_help = 0.55 s
[2753/4401] TestGemCommand#test_defaults = 0.57 s
[2754/4401] TestGemCommand#test_invoke_with_bad_options = 0.61 s
[2755/4401] TestGemCommand#test_self_extra_args = 0.45 s
[2756/4401] TestGemCommand#test_invoke = 0.50 s
[2757/4401] TestGemCommand#test_show_lookup_failure_suggestions_none = 0.85 s
[2758/4401] TestGemCommand#test_add_option_with_empty = 0.49 s
[2759/4401] TestGemCommand#test_show_lookup_failure_suggestions_local = 0.70 s
[2760/4401] TestGemCommand#test_deprecate_option_extra_message = 0.55 s
[2761/4401] TestGemCommand#test_basic_accessors = 0.42 s
[2762/4401] TestGemCommand#test_deprecate_option_no_version = 0.47 s
[2763/4401] TestGemCommand#test_show_lookup_failure_suggestions_remote = 0.70 s
[2764/4401] TestGemCommand#test_common_option_in_class = 0.48 s
[2765/4401] TestGemCommand#test_invoke_with_common_options = 0.50 s
[2766/4401] TestGemCommand#test_deprecate_option_extra_message_and_no_version = 0.70 s
[2767/4401] TestGemCommand#test_option_recognition = 0.68 s
[2768/4401] TestGemCommand#test_self_add_specific_extra_args_unknown = 0.56 s
[2769/4401] TestInteger#test_square_root = 1.13 s
[2770/4401] TestInteger#test_pow = 257.88 s
[2771/4401] TestInteger#test_lshift = 0.05 s
[2772/4401] TestInteger#test_Integer_with_exception_keyword = 11.95 s
[2773/4401] TestInteger#test_bitwise_and_with_integer_coercion = 0.03 s
[2774/4401] TestInteger#test_round = 0.79 s
[2775/4401] TestInteger#test_downto = 0.01 s
[2776/4401] TestInteger#test_bug_21217 = 0.01 s
[2777/4401] TestInteger#test_digits = 0.52 s
[2778/4401] TestInteger#test_Integer = 12.32 s
[2779/4401] TestInteger#test_bitwise_or_with_integer_coercion = 0.15 s
[2780/4401] TestInteger#test_upto = 0.02 s
[2781/4401] TestInteger#test_try_convert = 0.05 s
[2782/4401] TestInteger#test_ceildiv = 0.03 s
[2783/4401] TestInteger#test_ceil = 0.15 s
[2784/4401] TestInteger#test_bit_length = 18.20 s
[2785/4401] TestInteger#test_aref = 710.60 s
[2786/4401] TestInteger#test_rshift = 0.01 s
[2787/4401] TestInteger#test_bitwise_xor_with_integer_mimic_object = 0.02 s
[2788/4401] TestInteger#test_floor = 0.05 s
[2789/4401] TestInteger#test_truncate = 0.04 s
[2790/4401] TestInteger#test_chr = 0.02 s
[2791/4401] TestInteger#test_bitwise_and_with_integer_mimic_object = 0.01 s
[2792/4401] TestInteger#test_digits_for_invalid_base_numbers = 0.02 s
[2793/4401] TestInteger#test_bitwise_xor_with_integer_coercion = 0.01 s
[2794/4401] TestInteger#test_bitwise_or_with_integer_mimic_object = 0.01 s
[2795/4401] TestInteger#test_Integer_with_invalid_exception = 0.01 s
[2796/4401] TestInteger#test_fdiv = 0.12 s
[2797/4401] TestInteger#test_succ = 0.01 s
[2798/4401] TestInteger#test_digits_for_non_integral_base_numbers = 0.02 s
[2799/4401] TestInteger#test_obj_fdiv = 0.01 s
[2800/4401] TestInteger#test_Integer_with_base = 0.05 s
[2801/4401] TestInteger#test_digits_for_negative_numbers = 0.02 s
[2802/4401] TestInteger#test_Integer_when_to_str = 0.01 s
[2803/4401] TestInteger#test_times = 0.01 s
[2804/4401] TestInteger#test_int_p = 0.01 s
[2805/4401] TestInteger#test_times_bignum_redefine_plus_lt = 11.69 s
[2806/4401] TestInteger#test_digits_for_non_numeric_base_argument = 0.02 s
[2807/4401] TestIRB::DisableIRBTest#test_disable_irb_disable_further_irb_breakpoints = 0.07 s
[2808/4401] TestGemStreamUI#test_progress_reporter_silent_nil = 0.55 s
[2809/4401] TestGemStreamUI#test_threaded_download_reporter = 0.47 s
[2810/4401] TestGemStreamUI#test_ask = 0.48 s
[2811/4401] TestGemStreamUI#test_verbose_download_reporter_progress_zero_length = 0.45 s
[2812/4401] TestGemStreamUI#test_ask_no_tty = 0.44 s
[2813/4401] TestGemStreamUI#test_progress_reporter_simple = 0.44 s
[2814/4401] TestGemStreamUI#test_download_reporter_silent_false = 0.44 s
[2815/4401] TestGemStreamUI#test_choose_from_list_negative = 0.45 s
[2816/4401] TestGemStreamUI#test_verbose_download_reporter_progress_complete = 0.44 s
[2817/4401] TestGemStreamUI#test_verbose_download_reporter_progress_nil_length = 0.44 s
[2818/4401] TestGemStreamUI#test_ask_for_password_no_tty = 0.44 s
[2819/4401] TestGemStreamUI#test_ask_yes_no_no_tty_without_default = 0.44 s
[2820/4401] TestGemStreamUI#test_ask_for_password = 0.55 s
[2821/4401] TestGemStreamUI#test_progress_reporter_silent_false = 0.50 s
[2822/4401] TestGemStreamUI#test_choose_from_list_0 = 0.44 s
[2823/4401] TestGemStreamUI#test_verbose_download_reporter_progress = 0.44 s
[2824/4401] TestGemStreamUI#test_choose_from_list_over = 0.44 s
[2825/4401] TestGemStreamUI#test_download_reporter_anything = 0.43 s
[2826/4401] TestGemStreamUI#test_download_reporter_silent_nil = 0.44 s
[2827/4401] TestGemStreamUI#test_verbose_download_reporter_no_tty = 0.43 s
[2828/4401] TestGemStreamUI#test_verbose_download_reporter_progress_once = 0.43 s
[2829/4401] TestGemStreamUI#test_ask_yes_no_no_tty_with_default = 0.44 s
[2830/4401] TestGemStreamUI#test_choose_from_list = 0.43 s
[2831/4401] TestGemStreamUI#test_choose_from_list_EOF = 0.43 s
[2832/4401] TestGemStreamUI#test_progress_reporter_verbose = 0.43 s
[2833/4401] TestBig5#test_mbc_enc_len = 0.05 s
[2834/4401] TestBig5#test_mbc_case_fold = 0.01 s
[2835/4401] TestBig5#test_left_adjust_char_head = 0.01 s
[2836/4401] TestBig5#test_code_to_mbc = 0.01 s
[2837/4401] TestBig5#test_mbc_to_code = 0.01 s
[2838/4401] TestRipper::Generic#"test_parse_files:test/optparse" = 36.07 s
[2839/4401] TestRipper::Generic#"test_parse_files:test/win32" = 21.62 s
[2840/4401] TestRipper::Generic#"test_parse_files:test/objspace" = 30.91 s
[2841/4401] TestRipper::Generic#"test_parse_files:lib/did_you_mean" = 26.49 s
[2842/4401] TestRipper::Generic#"test_parse_files:lib/optparse" = 20.41 s
[2843/4401] TestRipper::Generic#"test_parse_files:test/openssl" = 25.69 s
[2844/4401] TestRipper::Generic#"test_parse_files:test/digest" = 16.29 s
[2845/4401] TestRipper::Generic#"test_parse_files:test/reline" = 20.69 s
[2846/4401] TestRipper::Generic#"test_parse_files:lib/yaml" = 19.28 s
[2847/4401] TestRipper::Generic#"test_parse_files:test/set" = 15.73 s
[2848/4401] TestRipper::Generic#"test_parse_files:test/dtrace" = 26.66 s
[2849/4401] TestRipper::Generic#"test_parse_files:lib/random" = 19.03 s
[2850/4401] TestRipper::Generic#"test_parse_files:test/psych" = 15.96 s
[2851/4401] TestRipper::Generic#"test_parse_files:lib/cgi" = 47.40 s
[2852/4401] TestRipper::Generic#"test_parse_files:test/ripper" = 79.53 s
[2853/4401] TestRipper::Generic#"test_parse_files:test/stringio" = 38.66 s
[2854/4401] TestRipper::Generic#"test_parse_files:test/monitor" = 15.29 s
[2855/4401] TestRipper::Generic#"test_parse_files:lib/bundler" = 44.91 s
[2856/4401] TestRipper::Generic#"test_parse_files:lib/net" = 65.96 s
[2857/4401] TestRipper::Generic#"test_parse_files:test/yaml" = 20.39 s
[2858/4401] TestRipper::Generic#"test_parse_files:test/fiddle" = 53.15 s
[2859/4401] TestRipper::Generic#"test_parse_files:test/socket" = 49.62 s
[2860/4401] TestRipper::Generic#"test_parse_files:test/lib" = 16.65 s
[2861/4401] TestRipper::Generic#"test_parse_files:lib/prism" = 48.42 s
[2862/4401] TestRipper::Generic#"test_parse_files:test/pathname" = 54.08 s
[2863/4401] TestRipper::Generic#"test_parse_files:lib/uri" = 56.85 s
[2864/4401] TestRipper::Generic#"test_parse_files:lib/error_highlight" = 28.49 s
[2865/4401] TestRipper::Generic#"test_parse_files:lib" = 40.99 s
[2866/4401] TestRipper::Generic#"test_parse_files:sample" = 19.77 s
[2867/4401] TestRipper::Generic#"test_parse_files:lib/reline" = 118.75 s
[2868/4401] TestRipper::Generic#"test_parse_files:test/erb" = 26.33 s
[2869/4401] TestRipper::Generic#"test_parse_files:test/etc" = 15.21 s
[2870/4401] TestRipper::Generic#"test_parse_files:test/irb" = 59.39 s
[2871/4401] TestRipper::Generic#"test_parse_files:test/date" = 145.41 s
[2872/4401] TestRipper::Generic#"test_parse_files:lib/syntax_suggest" = 17.30 s
[2873/4401] TestRipper::Generic#"test_parse_files:lib/irb" = 19.29 s
[2874/4401] TestRipper::Generic#"test_parse_files:lib/erb" = 23.68 s
[2875/4401] TestRipper::Generic#"test_parse_files:test/rdoc" = 39.75 s
[2876/4401] TestRipper::Generic#"test_parse_files:test/uri" = 45.84 s
[2877/4401] TestRipper::Generic#"test_parse_files:lib/unicode_normalize" = 167.04 s
[2878/4401] TestRipper::Generic#"test_parse_files:test/net" = 31.08 s
[2879/4401] TestRipper::Generic#"test_parse_files:test/ostruct" = 24.40 s
[2880/4401] TestRipper::Generic#"test_parse_files:test/-ext-" = 20.96 s
[2881/4401] TestRipper::Generic#"test_parse_files:ext" = 36.34 s
[2882/4401] TestRipper::Generic#"test_parse_files:lib/rubygems" = 37.08 s
[2883/4401] TestRipper::Generic#"test_parse_files:test/logger" = 30.73 s
[2884/4401] TestRipper::Generic#"test_parse_files:test/cgi" = 15.78 s
[2885/4401] TestRipper::Generic#"test_parse_files:test/rubygems" = 26.93 s
[2886/4401] TestRipper::Generic#"test_parse_files:test/did_you_mean" = 21.58 s
[2887/4401] TestRipper::Generic#"test_parse_files:lib/forwardable" = 15.84 s
[2888/4401] TestRipper::Generic#"test_parse_files:test/fileutils" = 21.43 s
[2889/4401] TestRipper::Generic#"test_parse_files:lib/set" = 15.75 s
[2890/4401] TestRipper::Generic#"test_parse_files:test/resolv" = 15.19 s
[2891/4401] TestRipper::Generic#"test_parse_files:test/win32ole" = 18.16 s
[2892/4401] TestRipper::Generic#"test_parse_files:test/mkmf" = 28.28 s
[2893/4401] TestRipper::Generic#"test_parse_files:test/benchmark" = 15.29 s
[2894/4401] TestRipper::Generic#"test_parse_files:test/prism" = 35.46 s
[2895/4401] TestRipper::Generic#"test_parse_files:test/zlib" = 15.60 s
[2896/4401] TestRipper::Generic#"test_parse_files:test" = 45.27 s
[2897/4401] TestRipper::Generic#"test_parse_files:test/open-uri" = 47.73 s
[2898/4401] TestRipper::Generic#"test_parse_files:test/coverage" = 29.34 s
[2899/4401] TestRipper::Generic#"test_parse_files:test/strscan" = 39.67 s
[2900/4401] TestRipper::Generic#"test_parse_files:test/io" = 32.08 s
[2901/4401] TestRipper::Generic#"test_parse_files:test/ruby" = 16.48 s
[2902/4401] TestRipper::Generic#"test_parse_files:lib/rdoc" = 56.62 s
[2903/4401] TestRipper::Generic#"test_parse_files:lib/ruby_vm" = 172.70 s
[2904/4401] TestRipper::Generic#"test_parse_files:lib/logger" = 22.32 s
[2905/4401] TestRipper::Generic#"test_parse_files:test/json" = 20.38 s
[2906/4401] TestRipper::Generic#"test_parse_files:test/fiber" = 27.02 s
[2907/4401] TestRipper::Generic#"test_parse_files:lib/open3" = 16.10 s
[2908/4401] TestRipper::Generic#"test_parse_files:test/error_highlight" = 15.50 s
[2909/4401] TestGemBundlerVersionFinder#test_bundler_version_with_bundle_update_bundler = 0.79 s
[2910/4401] TestGemBundlerVersionFinder#test_bundler_version_with_env_var = 0.44 s
[2911/4401] TestGemBundlerVersionFinder#test_bundler_version_with_lockfile = 0.46 s
[2912/4401] TestGemBundlerVersionFinder#test_deleted_directory = 0.52 s
[2913/4401] TestGemBundlerVersionFinder#test_bundler_version = 0.54 s
[2914/4401] TestGemBundlerVersionFinder#test_prioritize = 0.73 s
[2915/4401] TestGemBundlerVersionFinder#test_bundler_version_defaults_to_nil = 0.43 s
[2916/4401] TestEUC_JP#test_mbc_case_fold = 0.02 s
[2917/4401] TestEUC_JP#test_property = 0.03 s
[2918/4401] TestEUC_JP#test_charboundary = 0.01 s
[2919/4401] TestIRB::RaiseExceptionTest#test_raise_exception_with_invalid_byte_sequence = 24.24 s
[2920/4401] TestIRB::RaiseExceptionTest#test_raise_exception_with_message_exception = 24.39 s
[2921/4401] TestIRB::RaiseExceptionTest#test_raise_exception_with_different_encoding_containing_inva
lid_byte_sequence = 24.36 s
[2922/4401] TestIRB::RaiseExceptionTest#test_raise_exception_with_nil_backtrace = 24.21 s
[2923/4401] TestIRB::RaiseExceptionTest#test_raise_exception_with_message_inspect_exception = 24.49
s
[2924/4401] TestEnumeratorKw#test_enumerator_kw = 0.04 s
[2925/4401] TestSocket_TCPSocket#test_initialize_v6_hostname_resolution_failed_and_v4_hostname_resol
ution_is_success = 0.11 s
[2926/4401] TestSocket_TCPSocket#test_initialize_v6_hostname_resolved_earlier = 0.09 s
[2927/4401] TestSocket_TCPSocket#test_initialize_v4_connected_socket_with_v4_address = 0.03 s
[2928/4401] TestSocket_TCPSocket#test_initialize_v6_hostname_resolved_later_and_v6_server_is_not_lis
tening = 0.13 s
[2929/4401] TestSocket_TCPSocket#test_initialize_with_connection_failure_after_hostname_resolution_f
ailure = 0.27 s
[2930/4401] TestSocket_TCPSocket#test_accept_multithread = 13.59 s
[2931/4401] TestSocket_TCPSocket#test_accept_nonblock = 0.03 s
[2932/4401] TestSocket_TCPSocket#test_initialize_resolv_timeout_with_connection_failure = 0.04 s
[2933/4401] TestSocket_TCPSocket#test_initialize_failure = 0.04 s
[2934/4401] TestSocket_TCPSocket#test_initialize_fast_fallback_is_false = 0.03 s
[2935/4401] TestSocket_TCPSocket#test_encoding = 0.04 s
[2936/4401] TestSocket_TCPSocket#test_initialize_v6_connected_socket_with_v6_address = 0.03 s
[2937/4401] TestSocket_TCPSocket#test_initialize_v6_hostname_resolved_earlier_and_v6_server_is_not_l
istening = 0.07 s
[2938/4401] TestSocket_TCPSocket#test_initialize_v6_hostname_resolved_in_resolution_delay = 0.12 s
[2939/4401] TestSocket_TCPSocket#test_inspect = 0.04 s
[2940/4401] TestSocket_TCPSocket#test_initialize_resolv_timeout = 0.03 s
[2941/4401] TestSocket_TCPSocket#test_recvfrom = 0.03 s
[2942/4401] TestSocket_TCPSocket#test_initialize_connect_timeout = 0.02 s
[2943/4401] TestSocket_TCPSocket#test_initialize_v4_hostname_resolved_earlier = 0.10 s
[2944/4401] TestSocket_TCPSocket#test_initialize_with_hostname_resolution_failure_after_connection_f
ailure = 0.28 s
[2945/4401] TestMkmfEgrepCpp#test_not_have_func = 0.67 s
[2946/4401] TestMkmfEgrepCpp#test_egrep_cpp = 0.64 s
[2947/4401] URI::TestMailTo#test_select = 0.06 s
[2948/4401] URI::TestMailTo#test_to_mailtext = 0.13 s
[2949/4401] URI::TestMailTo#test_to_s = 0.03 s
[2950/4401] URI::TestMailTo#test_build = 0.60 s
[2951/4401] URI::TestMailTo#test_check_to = 0.03 s
[2952/4401] URI::TestMailTo#test_initializer = 0.01 s
[2953/4401] TestKeyError#test_receiver_and_key = 0.02 s
[2954/4401] TestKeyError#test_message = 0.01 s
[2955/4401] TestKeyError#test_default = 0.01 s
[2956/4401] TestKeyError#test_key = 0.01 s
[2957/4401] TestKeyError#test_all = 0.01 s
[2958/4401] TestKeyError#test_receiver = 0.01 s
[2959/4401] TestGemRDoc#test_ri_installed? = 0.84 s
[2960/4401] TestGemRDoc#test_generate_disabled = 0.87 s
[2961/4401] TestGemRDoc#test_new_rdoc = 0.80 s
[2962/4401] TestGemRDoc#test_initialize = 0.80 s
[2963/4401] TestGemRDoc#test_remove = 0.80 s
[2964/4401] TestGemRDoc#test_rdoc_installed? = 0.80 s
[2965/4401] TestGemRDoc#test_delete_legacy_args = 0.80 s
[2966/4401] TestGemRDoc#test_setup_unwritable = 1.10 s
[2967/4401] TestGemRDoc#test_setup = 1.20 s
[2968/4401] TestGemRDoc#test_remove_unwritable = 1.14 s
[2969/4401] Test_MyInteger#test_my_integer_cmp = 0.03 s
[2970/4401] Test_MyInteger#test_my_integer_to_f = 0.01 s
[2971/4401] TestSprintfComb#"test_format_float(%+0.200E)" = 0.54 s
[2972/4401] TestSprintfComb#"test_format_integer(%d)" = 0.40 s
[2973/4401] TestSprintfComb#"test_format_integer(%.0d)" = 0.40 s
[2974/4401] TestSprintfComb#"test_format_float(%+-.8g)" = 0.53 s
[2975/4401] TestSprintfComb#"test_format_integer(% +00.0o)" = 0.39 s
[2976/4401] TestSprintfComb#"test_format_integer(% #+-0x)" = 0.43 s
[2977/4401] TestSprintfComb#"test_format_integer(% #+-20.8B)" = 0.60 s
[2978/4401] TestSprintfComb#"test_format_integer(%.20X)" = 0.70 s
[2979/4401] TestSprintfComb#"test_format_float(%#00.0G)" = 0.52 s
[2980/4401] TestSprintfComb#"test_format_float(%#-5.200E)" = 0.53 s
[2981/4401] TestSprintfComb#"test_format_integer(%0B)" = 0.84 s
[2982/4401] TestSprintfComb#"test_format_integer(%.0X)" = 0.59 s
[2983/4401] TestSprintfComb#"test_format_float(% -5.200g)" = 0.62 s
[2984/4401] TestSprintfComb#"test_format_float(% #05.0g)" = 0.52 s
[2985/4401] TestSprintfComb#"test_format_float(%#+20.9999g)" = 1.97 s
[2986/4401] TestSprintfComb#"test_format_float(% #+.9999f)" = 1.04 s
[2987/4401] TestSprintfComb#"test_format_float(% +05E)" = 0.49 s
[2988/4401] TestSprintfComb#"test_format_integer(%5.0d)" = 0.41 s
[2989/4401] TestSprintfComb#"test_format_float(%#-0.9999E)" = 1.80 s
[2990/4401] TestSprintfComb#"test_format_integer(% #+-020.8o)" = 0.50 s
[2991/4401] TestSprintfComb#"test_format_integer(% +00b)" = 0.56 s
[2992/4401] TestSprintfComb#"test_format_integer(% #+-20d)" = 0.44 s
[2993/4401] TestSprintfComb#"test_format_integer(%#-0.b)" = 0.89 s
[2994/4401] TestSprintfComb#"test_format_float(%-00f)" = 0.52 s
[2995/4401] TestSprintfComb#"test_format_integer(%5.0B)" = 0.89 s
[2996/4401] TestSprintfComb#"test_format_float(%+-5.8G)" = 0.59 s
[2997/4401] TestSprintfComb#"test_format_integer(%.20B)" = 0.86 s
[2998/4401] TestSprintfComb#"test_format_integer(% +00.20x)" = 0.53 s
[2999/4401] TestSprintfComb#"test_format_integer(% #+-20.8o)" = 0.45 s
[3000/4401] TestSprintfComb#"test_format_integer(%5.20d)" = 0.52 s
[3001/4401] TestSprintfComb#"test_format_integer(%#-05.8b)" = 0.91 s
[3002/4401] TestSprintfComb#"test_format_float(%+-05.20e)" = 0.53 s
[3003/4401] TestSprintfComb#"test_format_integer(%#-0.8x)" = 0.54 s
[3004/4401] TestSprintfComb#"test_format_float(% 0.8e)" = 0.47 s
[3005/4401] TestSprintfComb#"test_format_float(%+0.200G)" = 0.61 s
[3006/4401] TestSprintfComb#"test_format_integer(%0.20X)" = 0.66 s
[3007/4401] TestSprintfComb#"test_format_float(%020.e)" = 0.47 s
[3008/4401] TestSprintfComb#"test_format_integer(% #+-0.b)" = 0.56 s
[3009/4401] TestSprintfComb#"test_format_float(%020.200f)" = 0.66 s
[3010/4401] TestSprintfComb#"test_format_float(% -05.9999G)" = 13.89 s
[3011/4401] TestSprintfComb#"test_format_integer(% +020.0x)" = 0.57 s
[3012/4401] TestSprintfComb#"test_format_float(% #5.f)" = 0.51 s
[3013/4401] TestSprintfComb#"test_format_float(%#-0E)" = 0.47 s
[3014/4401] TestSprintfComb#"test_format_integer(%B)" = 0.87 s
[3015/4401] TestSprintfComb#"test_format_integer(% +020.20b)" = 0.64 s
[3016/4401] TestSprintfComb#"test_format_integer(% +00x)" = 0.48 s
[3017/4401] TestSprintfComb#"test_format_integer(%05.0d)" = 0.43 s
[3018/4401] TestSprintfComb#"test_format_float(% +0.9999E)" = 1.49 s
[3019/4401] TestSprintfComb#"test_format_integer(% #+-0X)" = 0.59 s
[3020/4401] TestSprintfComb#"test_format_float(% -20.20E)" = 0.53 s
[3021/4401] TestSprintfComb#"test_format_float(%#-.E)" = 0.48 s
[3022/4401] TestSprintfComb#"test_format_float(%+-0.0f)" = 0.46 s
[3023/4401] TestSprintfComb#"test_format_integer(%#-05o)" = 0.48 s
[3024/4401] TestSprintfComb#"test_format_float(%#+-5.20f)" = 0.47 s
[3025/4401] TestSprintfComb#"test_format_integer(% #+-0.8d)" = 0.39 s
[3026/4401] TestSprintfComb#"test_format_float(% +0.20E)" = 0.48 s
[3027/4401] TestSprintfComb#"test_format_float(%#+20G)" = 0.50 s
[3028/4401] TestSprintfComb#"test_format_float(%5.9999e)" = 1.66 s
[3029/4401] TestSprintfComb#"test_format_float(%+0.g)" = 0.56 s
[3030/4401] TestSprintfComb#"test_format_float(%#+-.0e)" = 0.55 s
[3031/4401] TestSprintfComb#"test_format_float(% -.G)" = 0.59 s
[3032/4401] TestSprintfComb#"test_format_float(% #0.20G)" = 0.56 s
[3033/4401] TestSprintfComb#"test_format_integer(% #+-0.8X)" = 0.58 s
[3034/4401] TestSprintfComb#"test_format_integer(%#-0x)" = 0.55 s
[3035/4401] TestSprintfComb#"test_format_integer(% #+-0.d)" = 0.43 s
[3036/4401] TestSprintfComb#"test_format_float(%+05.E)" = 0.52 s
[3037/4401] TestSprintfComb#"test_format_float(%#00.20g)" = 0.62 s
[3038/4401] TestSprintfComb#"test_format_float(% #+-00.200e)" = 0.55 s
[3039/4401] TestSprintfComb#"test_format_float(%5.0e)" = 0.48 s
[3040/4401] TestSprintfComb#"test_format_float(%#0.8E)" = 0.47 s
[3041/4401] TestSprintfComb#"test_format_float(% -0g)" = 0.51 s
[3042/4401] TestSprintfComb#"test_format_float(%.20e)" = 0.47 s
[3043/4401] TestSprintfComb#"test_format_float(% 0.8f)" = 0.46 s
[3044/4401] TestSprintfComb#"test_format_integer(%5X)" = 0.57 s
[3045/4401] TestSprintfComb#"test_format_float(% #+5e)" = 0.62 s
[3046/4401] TestSprintfComb#"test_format_integer(% #+-0B)" = 0.56 s
[3047/4401] TestSprintfComb#"test_format_integer(% #+-00.b)" = 0.62 s
[3048/4401] TestSprintfComb#"test_format_integer(% +00.0b)" = 0.63 s
[3049/4401] TestSprintfComb#"test_format_integer(% +00.20o)" = 0.50 s
[3050/4401] TestSprintfComb#"test_format_float(%#05.8E)" = 0.53 s
[3051/4401] TestSprintfComb#"test_format_integer(%#-0.8o)" = 0.54 s
[3052/4401] TestSprintfComb#"test_format_integer(% #+-0.B)" = 0.56 s
[3053/4401] TestSprintfComb#"test_format_float(% +0.0E)" = 0.47 s
[3054/4401] TestSprintfComb#"test_format_integer(%#-05.x)" = 0.56 s
[3055/4401] TestSprintfComb#"test_format_float(%-00.9999e)" = 1.55 s
[3056/4401] TestSprintfComb#"test_format_integer(% #+-20.X)" = 0.60 s
[3057/4401] TestSprintfComb#"test_format_integer(%#-0b)" = 0.83 s
[3058/4401] TestSprintfComb#"test_format_float(% #+-00.e)" = 0.53 s
[3059/4401] TestSprintfComb#"test_format_float(% #+-020.8e)" = 0.49 s
[3060/4401] TestSprintfComb#"test_format_float(% -20.0E)" = 0.48 s
[3061/4401] TestSprintfComb#"test_format_integer(% #+-00x)" = 0.42 s
[3062/4401] TestSprintfComb#"test_format_integer(% +020o)" = 0.37 s
[3063/4401] TestSprintfComb#"test_format_float(%e)" = 0.47 s
[3064/4401] TestSprintfComb#"test_format_integer(%#-0.o)" = 0.48 s
[3065/4401] TestSprintfComb#"test_format_float(% #.200e)" = 0.50 s
[3066/4401] TestLoggerSeverity#test_thread_local_level = 0.21 s
[3067/4401] TestLoggerSeverity#test_fiber_local_level = 0.03 s
[3068/4401] TestLoggerSeverity#test_enum = 0.02 s
[3069/4401] TestLoggerSeverity#test_level_assignment = 0.02 s
[3070/4401] TestIONonblock#test_nonblock = 0.02 s
[3071/4401] TestIONonblock#test_flush = 0.06 s
[3072/4401] TestGemVersionOption#test_version_option_explicit_prerelease = 0.66 s
[3073/4401] TestGemVersionOption#test_platform_option = 0.59 s
[3074/4401] TestGemVersionOption#test_add_platform_option = 0.57 s
[3075/4401] TestGemVersionOption#test_enables_prerelease = 0.60 s
[3076/4401] TestGemVersionOption#test_version_option_twice = 0.59 s
[3077/4401] TestGemVersionOption#test_version_option_compound = 0.58 s
[3078/4401] TestGemVersionOption#test_add_version_option = 0.57 s
[3079/4401] TestGemVersionOption#test_multiple_version_operator_option_compound = 0.59 s
[3080/4401] TestGemVersionOption#test_platform_option_ruby = 0.56 s
[3081/4401] TestGemVersionOption#test_platform_option_twice = 0.57 s
[3082/4401] TestGemVersionOption#test_version_option = 0.57 s
[3083/4401] TestGemDependency#test_merge_default = 0.44 s
[3084/4401] TestGemDependency#test_initialize_prerelease = 0.42 s
[3085/4401] TestGemDependency#test_to_spec = 0.90 s
[3086/4401] TestGemDependency#test_merge_name_mismatch = 0.50 s
[3087/4401] TestGemDependency#test_matches_spec_eh_prerelease = 0.46 s
[3088/4401] TestGemDependency#test_initialize_version = 0.43 s
[3089/4401] TestGemDependency#test_match_eh_specification = 0.46 s
[3090/4401] TestGemDependency#test_initialize_empty = 0.43 s
[3091/4401] TestGemDependency#test_equals2 = 0.45 s
[3092/4401] TestGemDependency#test_equals_tilde_object = 0.43 s
[3093/4401] TestGemDependency#test_to_spec_with_only_prereleases = 0.85 s
[3094/4401] TestGemDependency#test_equals_tilde_spec = 0.59 s
[3095/4401] TestGemDependency#test_to_specs_respects_bundler_version = 0.96 s
[3096/4401] TestGemDependency#test_match_eh_allow_prerelease = 0.54 s
[3097/4401] TestGemDependency#test_initialize = 0.68 s
[3098/4401] TestGemDependency#test_initialize_double = 0.44 s
[3099/4401] TestGemDependency#test_equals_tilde = 0.50 s
[3100/4401] TestGemDependency#test_initialize_type_bad = 0.50 s
[3101/4401] TestGemDependency#test_to_specs_indicates_total_gem_set_size = 0.70 s
[3102/4401] TestGemDependency#test_merge_other_default = 0.58 s
[3103/4401] TestGemDependency#test_prerelease_eh = 0.43 s
[3104/4401] TestGemDependency#test_identity = 0.43 s
[3105/4401] TestGemDependency#test_to_spec_prerelease = 0.90 s
[3106/4401] TestGemDependency#test_equals_tilde_escape = 0.51 s
[3107/4401] TestGemDependency#test_merge = 0.49 s
[3108/4401] TestGemDependency#test_initialize_type = 0.43 s
[3109/4401] TestGemDependency#test_equals2_type = 0.42 s
[3110/4401] TestGemDependency#test_match_eh_name_tuple = 0.47 s
[3111/4401] TestGemDependency#test_matches_spec_eh = 0.44 s
[3112/4401] TestGemDependency#test_hash = 0.44 s
[3113/4401] TestGemDependency#test_to_specs_suggests_other_versions = 0.74 s
[3114/4401] TestGemDependency#test_specific = 0.72 s
[3115/4401] URI::TestGeneric#test_hierarchical = 0.03 s
[3116/4401] URI::TestGeneric#test_absolute = 0.02 s
[3117/4401] URI::TestGeneric#test_parse_scheme_with_symbols = 0.02 s
[3118/4401] URI::TestGeneric#test_join = 0.31 s
[3119/4401] URI::TestGeneric#test_find_proxy_no_proxy = 0.35 s
[3120/4401] URI::TestGeneric#test_set_scheme = 0.02 s
[3121/4401] URI::TestGeneric#test_find_proxy_get = 0.13 s
[3122/4401] URI::TestGeneric#test_ipv6 = 0.03 s
[3123/4401] URI::TestGeneric#test_to_s = 0.05 s
[3124/4401] URI::TestGeneric#test_find_proxy_no_env = 0.05 s
[3125/4401] URI::TestGeneric#test_find_proxy_bad_value = 0.09 s
[3126/4401] URI::TestGeneric#test_rfc3986_examples = 0.81 s
[3127/4401] URI::TestGeneric#test_bad_password_component = 0.02 s
[3128/4401] URI::TestGeneric#test_set_component = 0.12 s
[3129/4401] URI::TestGeneric#test_use_proxy_p = 0.06 s
[3130/4401] URI::TestGeneric#test_merge = 0.46 s
[3131/4401] URI::TestGeneric#test_build2 = 0.04 s
[3132/4401] URI::TestGeneric#test_parse = 0.14 s
[3133/4401] URI::TestGeneric#test_find_proxy = 0.17 s
[3134/4401] URI::TestGeneric#test_split = 0.01 s
[3135/4401] URI::TestGeneric#test_find_proxy_bad_uri = 0.02 s
[3136/4401] URI::TestGeneric#test_build = 0.04 s
[3137/4401] URI::TestGeneric#test_merge_authority = 0.03 s
[3138/4401] URI::TestGeneric#test_find_proxy_no_proxy_cidr = 0.18 s
[3139/4401] URI::TestGeneric#test_find_proxy_case_sensitive_env = 0.16 s
[3140/4401] URI::TestGeneric#test_route = 0.23 s
[3141/4401] TestPathnameRactor#test_ractor_shareable = 12.82 s
[3142/4401] TestRipper::ParserEvents#test_mlhs_paren = 0.08 s
[3143/4401] TestRipper::ParserEvents#test_paren = 0.02 s
[3144/4401] TestRipper::ParserEvents#test_command_call = 0.02 s
[3145/4401] TestRipper::ParserEvents#test_symbols_add = 0.03 s
[3146/4401] TestRipper::ParserEvents#test_defined = 0.02 s
[3147/4401] TestRipper::ParserEvents#test_massign = 0.02 s
[3148/4401] TestRipper::ParserEvents#test_ensure = 0.02 s
[3149/4401] TestRipper::ParserEvents#test_unterminated_heredoc = 0.04 s
[3150/4401] TestRipper::ParserEvents#test_until_mod = 0.02 s
[3151/4401] TestRipper::ParserEvents#test_xstring_add = 0.02 s
[3152/4401] TestRipper::ParserEvents#test_call = 0.10 s
[3153/4401] TestRipper::ParserEvents#"test_binary(>=)" = 0.02 s
[3154/4401] TestRipper::ParserEvents#test_bodystmt = 0.02 s
[3155/4401] TestRipper::ParserEvents#test_string_dvar = 0.09 s
[3156/4401] TestRipper::ParserEvents#test_var_alias = 0.02 s
[3157/4401] TestRipper::ParserEvents#test_class_name_error = 0.02 s
[3158/4401] TestRipper::ParserEvents#test_for = 0.02 s
[3159/4401] TestRipper::ParserEvents#test_return = 0.02 s
[3160/4401] TestRipper::ParserEvents#test_string_literal = 0.02 s
[3161/4401] TestRipper::ParserEvents#test_heredoc_dedent = 0.02 s
[3162/4401] TestRipper::ParserEvents#test_while = 0.02 s
[3163/4401] TestRipper::ParserEvents#test_unless_mod = 0.02 s
[3164/4401] TestRipper::ParserEvents#test_opassign_error = 0.02 s
[3165/4401] TestRipper::ParserEvents#test_block_variables = 0.04 s
[3166/4401] TestRipper::ParserEvents#test_warn_mismatched_indentations = 0.05 s
[3167/4401] TestRipper::ParserEvents#test_assign_error = 0.02 s
[3168/4401] TestRipper::ParserEvents#test_elsif = 0.03 s
[3169/4401] TestRipper::ParserEvents#"test_binary(<<)" = 0.02 s
[3170/4401] TestRipper::ParserEvents#test_string_concat = 0.02 s
[3171/4401] TestRipper::ParserEvents#test_assign_error_backref = 0.07 s
[3172/4401] TestRipper::ParserEvents#test_mrhs_new = 0.02 s
[3173/4401] TestRipper::ParserEvents#test_warning_invalid_magic_comment = 0.02 s
[3174/4401] TestRipper::ParserEvents#test_dot2 = 0.02 s
[3175/4401] TestRipper::ParserEvents#"test_binary(+)" = 0.67 s
[3176/4401] TestRipper::ParserEvents#test_def = 0.05 s
[3177/4401] TestRipper::ParserEvents#test_arglist = 0.10 s
[3178/4401] TestRipper::ParserEvents#"test_binary(=~)" = 0.02 s
[3179/4401] TestRipper::ParserEvents#test_redo = 0.01 s
[3180/4401] TestRipper::ParserEvents#test_unless = 0.02 s
[3181/4401] TestRipper::ParserEvents#test_args_add_block = 0.02 s
[3182/4401] TestRipper::ParserEvents#test_assoclist_from_args = 0.02 s
[3183/4401] TestRipper::ParserEvents#test_excessed_comma = 0.24 s
[3184/4401] TestRipper::ParserEvents#"test_binary(and)" = 0.02 s
[3185/4401] TestRipper::ParserEvents#"test_binary(!~)" = 0.02 s
[3186/4401] TestRipper::ParserEvents#test_block_var_add_star = 0.01 s
[3187/4401] TestRipper::ParserEvents#test_var_ref = 0.04 s
[3188/4401] TestRipper::ParserEvents#test_words_add = 0.03 s
[3189/4401] TestRipper::ParserEvents#test_assign_error_const_qualified = 0.06 s
[3190/4401] TestRipper::ParserEvents#test_endless_def = 0.24 s
[3191/4401] TestRipper::ParserEvents#test_until = 0.02 s
[3192/4401] TestRipper::ParserEvents#test_mrhs_add_star = 0.02 s
[3193/4401] TestRipper::ParserEvents#test_words_new = 0.01 s
[3194/4401] TestRipper::ParserEvents#test_defs = 0.03 s
[3195/4401] TestRipper::ParserEvents#test_command = 0.02 s
[3196/4401] TestRipper::ParserEvents#test_method_add_block = 0.03 s
[3197/4401] TestRipper::ParserEvents#test_warn_duplicated_hash_keys = 0.16 s
[3198/4401] TestRipper::ParserEvents#test_anonymous_keyword_rest_forwarding = 0.11 s
[3199/4401] TestRipper::ParserEvents#test_const_path_field = 0.02 s
[3200/4401] TestRipper::ParserEvents#test_undef = 0.04 s
[3201/4401] TestRipper::ParserEvents#test_fndptn = 0.03 s
[3202/4401] TestRipper::ParserEvents#test_mrhs_add = 0.02 s
[3203/4401] TestRipper::ParserEvents#test_assoc_splat = 0.02 s
[3204/4401] TestRipper::ParserEvents#test_magic_comment = 0.01 s
[3205/4401] TestRipper::ParserEvents#test_const_ref = 0.09 s
[3206/4401] TestRipper::ParserEvents#test_invalid_global_variable_name = 0.01 s
[3207/4401] TestRipper::ParserEvents#test_END = 0.02 s
[3208/4401] TestRipper::ParserEvents#test_lambda = 0.02 s
[3209/4401] TestRipper::ParserEvents#test_rescue = 0.03 s
[3210/4401] TestRipper::ParserEvents#test_in = 0.02 s
[3211/4401] TestRipper::ParserEvents#test_string_embexpr = 0.03 s
[3212/4401] TestRipper::ParserEvents#test_module = 0.02 s
[3213/4401] TestRipper::ParserEvents#test_regexp_literal = 0.02 s
[3214/4401] TestRipper::ParserEvents#test_next = 0.02 s
[3215/4401] TestRipper::ParserEvents#test_void_stmt = 0.01 s
[3216/4401] TestRipper::ParserEvents#test_aryptn = 0.02 s
[3217/4401] TestRipper::ParserEvents#test_const_path_ref = 0.09 s
[3218/4401] TestRipper::ParserEvents#test_assign = 0.01 s
[3219/4401] TestRipper::ParserEvents#test_invalid_class_variable_name = 0.02 s
[3220/4401] TestRipper::ParserEvents#test_if = 0.02 s
[3221/4401] TestRipper::ParserEvents#"test_binary(!=)" = 0.02 s
[3222/4401] TestRipper::ParserEvents#test_BEGIN = 0.02 s
[3223/4401] TestRipper::ParserEvents#test_top_const_field = 0.02 s
[3224/4401] TestRipper::ParserEvents#test_xstring_new = 0.01 s
[3225/4401] TestRipper::ParserEvents#test_kwrest_param = 0.04 s
[3226/4401] TestRipper::ParserEvents#test_params_mlhs = 0.03 s
[3227/4401] TestRipper::ParserEvents#test_rescue_class = 0.03 s
[3228/4401] TestRipper::ParserEvents#"test_binary(%)" = 0.02 s
[3229/4401] TestRipper::ParserEvents#test_var_field = 0.10 s
[3230/4401] TestRipper::ParserEvents#test_symbols_new = 0.01 s
[3231/4401] TestRipper::ParserEvents#"test_binary(==)" = 0.02 s
[3232/4401] TestRipper::ParserEvents#test_param_error = 0.07 s
[3233/4401] TestRipper::ParserEvents#test_aref = 0.02 s
[3234/4401] TestRipper::ParserEvents#"test_binary(|)" = 0.02 s
[3235/4401] TestRipper::ParserEvents#"test_binary(**)" = 0.02 s
[3236/4401] TestRipper::ParserEvents#test_assign_error_const = 0.07 s
[3237/4401] TestRipper::ParserEvents#test_return0 = 0.01 s
[3238/4401] TestRipper::ParserEvents#test_qsymbols_add = 0.09 s
[3239/4401] TestRipper::ParserEvents#test_array = 0.03 s
[3240/4401] TestRipper::ParserEvents#test_aref_field = 0.02 s
[3241/4401] TestRipper::ParserEvents#test_retry = 0.01 s
[3242/4401] TestRipper::ParserEvents#"test_binary(&&)" = 0.02 s
[3243/4401] TestRipper::ParserEvents#test_qwords_add = 0.03 s
[3244/4401] TestRipper::ParserEvents#test_mlhs_add = 0.02 s
[3245/4401] TestRipper::ParserEvents#"test_binary(>>)" = 0.02 s
[3246/4401] TestRipper::ParserEvents#test_nokw_param = 0.02 s
[3247/4401] TestRipper::ParserEvents#test_args_add = 0.02 s
[3248/4401] TestRipper::ParserEvents#test_rescue_mod = 0.02 s
[3249/4401] TestRipper::ParserEvents#test_regexp_add = 10.85 s
[3250/4401] TestRipper::ParserEvents#test_unary = 0.12 s
[3251/4401] TestRipper::ParserEvents#test_vcall = 0.01 s
[3252/4401] TestRipper::ParserEvents#test_warning_ignored_magic_comment = 0.02 s
[3253/4401] TestRipper::ParserEvents#test_when = 0.04 s
[3254/4401] TestRipper::ParserEvents#"test_binary(/)" = 0.02 s
[3255/4401] TestRipper::ParserEvents#"test_binary(^)" = 0.02 s
[3256/4401] TestRipper::ParserEvents#test_break = 0.02 s
[3257/4401] TestRipper::ParserEvents#test_block_var_add_block = 0.01 s
[3258/4401] TestRipper::ParserEvents#test_sclass = 0.09 s
[3259/4401] TestRipper::ParserEvents#test_alias = 0.02 s
[3260/4401] TestRipper::ParserEvents#test_block_var = 0.15 s
[3261/4401] TestRipper::ParserEvents#"test_binary(<=>)" = 0.02 s
[3262/4401] TestRipper::ParserEvents#"test_binary(<)" = 0.02 s
[3263/4401] TestRipper::ParserEvents#test_dyna_symbol = 0.04 s
[3264/4401] TestRipper::ParserEvents#test_anonymous_rest_forwarding = 0.14 s
[3265/4401] TestRipper::ParserEvents#test_heredoc = 0.21 s
[3266/4401] TestRipper::ParserEvents#test_xstring_literal = 0.02 s
[3267/4401] TestRipper::ParserEvents#test_endless_defs = 0.11 s
[3268/4401] TestRipper::ParserEvents#test_rest_param = 0.03 s
[3269/4401] TestRipper::ParserEvents#test_string_add = 0.02 s
[3270/4401] TestRipper::ParserEvents#test_class = 0.02 s
[3271/4401] TestRipper::ParserEvents#test_params_mlhs_new = 0.11 s
[3272/4401] TestRipper::ParserEvents#test_string_content = 0.08 s
[3273/4401] TestRipper::ParserEvents#test_stmts_add = 0.02 s
[3274/4401] TestRipper::ParserEvents#test_call_colon2 = 0.02 s
[3275/4401] TestRipper::ParserEvents#test_arg_paren = 0.01 s
[3276/4401] TestRipper::ParserEvents#test_warning_duplicated_when_clause = 0.16 s
[3277/4401] TestRipper::ParserEvents#test_word_add = 0.02 s
[3278/4401] TestRipper::ParserEvents#test_zsuper = 0.01 s
[3279/4401] TestRipper::ParserEvents#test_dot3 = 0.09 s
[3280/4401] TestRipper::ParserEvents#"test_binary(||)" = 0.02 s
[3281/4401] TestRipper::ParserEvents#test_word_new = 0.02 s
[3282/4401] TestRipper::ParserEvents#test_top_const_ref = 0.01 s
[3283/4401] TestRipper::ParserEvents#test_blockarg = 0.13 s
[3284/4401] TestRipper::ParserEvents#test_stmts_new = 0.01 s
[3285/4401] TestRipper::ParserEvents#"test_binary(-)" = 0.02 s
[3286/4401] TestRipper::ParserEvents#test_case = 0.02 s
[3287/4401] TestRipper::ParserEvents#test_operator_ambiguous = 0.02 s
[3288/4401] TestRipper::ParserEvents#test_args_forward = 0.18 s
[3289/4401] TestRipper::ParserEvents#test_params_mlhs_add = 0.03 s
[3290/4401] TestRipper::ParserEvents#test_symbol = 0.04 s
[3291/4401] TestRipper::ParserEvents#test_parse_error = 0.01 s
[3292/4401] TestRipper::ParserEvents#test_bare_assoc_hash = 0.06 s
[3293/4401] TestRipper::ParserEvents#test_unterminated_regexp = 0.01 s
[3294/4401] TestRipper::ParserEvents#test_opassign = 0.17 s
[3295/4401] TestRipper::ParserEvents#test_field = 0.02 s
[3296/4401] TestRipper::ParserEvents#test_event_coverage = 0.12 s
[3297/4401] TestRipper::ParserEvents#test_while_mod = 0.02 s
[3298/4401] TestRipper::ParserEvents#test_anonymous_block_forwarding = 0.03 s
[3299/4401] TestRipper::ParserEvents#test_ignored_nl = 0.02 s
[3300/4401] TestRipper::ParserEvents#test_params_mlhs_add_star = 0.10 s
[3301/4401] TestRipper::ParserEvents#test_super = 0.01 s
[3302/4401] TestRipper::ParserEvents#test_alias_error = 0.01 s
[3303/4401] TestRipper::ParserEvents#test_begin = 0.02 s
[3304/4401] TestRipper::ParserEvents#test_hash = 0.03 s
[3305/4401] TestRipper::ParserEvents#test_mlhs_add_star = 0.09 s
[3306/4401] TestRipper::ParserEvents#test_if_mod = 0.02 s
[3307/4401] TestRipper::ParserEvents#test_warn_cr_in_middle = 0.02 s
[3308/4401] TestRipper::ParserEvents#test_args_add_star = 0.03 s
[3309/4401] TestRipper::ParserEvents#test_invalid_instance_variable_name = 0.02 s
[3310/4401] TestRipper::ParserEvents#test_params = 0.10 s
[3311/4401] TestRipper::ParserEvents#test_yield = 0.02 s
[3312/4401] TestRipper::ParserEvents#test_mlhs_add_post = 0.09 s
[3313/4401] TestRipper::ParserEvents#"test_binary(===)" = 0.02 s
[3314/4401] TestRipper::ParserEvents#test_params_mlhs_add_post = 0.10 s
[3315/4401] TestRipper::ParserEvents#test_ifop = 0.02 s
[3316/4401] TestRipper::ParserEvents#"test_binary(&)" = 0.02 s
[3317/4401] TestRipper::ParserEvents#"test_binary(<=)" = 0.02 s
[3318/4401] TestRipper::ParserEvents#test_regexp_new = 0.01 s
[3319/4401] TestRipper::ParserEvents#"test_binary(or)" = 0.02 s
[3320/4401] TestRipper::ParserEvents#test_args_new = 0.01 s
[3321/4401] TestRipper::ParserEvents#test_local_variables = 0.06 s
[3322/4401] TestRipper::ParserEvents#test_mlhs_new = 0.02 s
[3323/4401] TestRipper::ParserEvents#"test_binary(*)" = 0.02 s
[3324/4401] TestRipper::ParserEvents#test_qwords_new = 0.01 s
[3325/4401] TestRipper::ParserEvents#test_brace_block = 0.02 s
[3326/4401] TestRipper::ParserEvents#test_method_add_arg = 0.05 s
[3327/4401] TestRipper::ParserEvents#"test_binary(>)" = 0.02 s
[3328/4401] TestRipper::ParserEvents#test_hshptn = 0.02 s
[3329/4401] TestRipper::ParserEvents#test_mrhs_new_from_args = 0.02 s
[3330/4401] TestRipper::ParserEvents#test_assoc_new = 0.02 s
[3331/4401] TestRipper::ParserEvents#test_else = 0.02 s
[3332/4401] TestRipper::ParserEvents#test_qsymbols_new = 0.02 s
[3333/4401] TestRipper::ParserEvents#test_arg_ambiguous = 0.02 s
[3334/4401] TestRipper::ParserEvents#test_fcall = 0.02 s
[3335/4401] TestRipper::ParserEvents#test_symbol_literal = 0.02 s
[3336/4401] TestRipper::ParserEvents#test_assocs = 0.04 s
[3337/4401] TestRipper::ParserEvents#test_yield0 = 0.01 s
[3338/4401] TestRipper::ParserEvents#test_do_block = 0.02 s
[3339/4401] TestRipper::ParserEvents#test_assign_error_const_toplevel = 0.05 s
[3340/4401] TestRipper::ParserEvents#test_params_mlhs_paren = 0.04 s
[3341/4401] TestRipper::ParserEvents#test_program = 0.01 s
[3342/4401] TestDateAttr#test__wday_predicate = 0.03 s
[3343/4401] TestDateAttr#test__attr = 0.08 s
[3344/4401] TestGemRemoteFetcherLocalServer#test_observe_no_proxy_env_single_host = 0.85 s
[3345/4401] TestGemRemoteFetcherLocalServer#test_fetch_http_with_additional_headers = 0.76 s
[3346/4401] TestGemRemoteFetcherLocalServer#test_implicit_upper_case_proxy = 0.76 s
[3347/4401] TestGemRemoteFetcherLocalServer#test_observe_no_proxy_env_list = 0.76 s
[3348/4401] TestGemRemoteFetcherLocalServer#test_implicit_proxy_no_env = 0.74 s
[3349/4401] TestGemRemoteFetcherLocalServer#test_implicit_no_proxy = 0.75 s
[3350/4401] TestGemRemoteFetcherLocalServer#test_no_proxy = 1.09 s
[3351/4401] TestGemRemoteFetcherLocalServer#test_implicit_proxy = 0.74 s
[3352/4401] Test_RbStrDup#test_nested_shared_non_frozen = 0.02 s
[3353/4401] Test_RbStrDup#test_nested_shared_frozen = 0.01 s
[3354/4401] TestDebug#test_inspector_open = 0.97 s
[3355/4401] TestDebug#test_lazy_block = 0.03 s
[3356/4401] TestDebug#test_inspector_open_in_eval = 0.95 s
[3357/4401] TestRubyVM#test_keep_script_lines = 0.04 s
[3358/4401] TestRubyVM#test_stat_unknown = 0.03 s
[3359/4401] TestRubyVM#test_stat = 0.01 s
[3360/4401] TestGemResolverGitSpecification#test_equals2 = 0.69 s
[3361/4401] TestGemResolverGitSpecification#test_add_dependency = 0.52 s
[3362/4401] TestGemResolverGitSpecification#test_install_installed = 0.45 s
[3363/4401] TestGemResolverGitSpecification#test_install_extension = 0.45 s
[3364/4401] TestGemResolverGitSpecification#test_install = 0.45 s
[3365/4401] TestGemExit#test_exit = 10.41 s
[3366/4401] TestGemExit#test_status = 0.47 s
[3367/4401] Test_BUG_5832#test_block_passing = 0.03 s
[3368/4401] TestStringScannerRactor#test_ractor = 2.77 s
[3369/4401] TestGemCommandsRebuildCommand#test_build_is_reproducible = 0.90 s
[3370/4401] JSONInRactorTest#test_generate = 41.66 s
[3371/4401] TestGemCommandsServerCommand#test_execute = 0.60 s
[3372/4401] TestFiberCurrentRactor#test_ractor_shareable = 12.07 s
[3373/4401] UncorrectableNameCheckTest#test_message = 0.03 s
[3374/4401] TestRecursion#test_recursive_outer = 0.02 s
[3375/4401] TestRecursion#test_recursive = 0.02 s
[3376/4401] TestNoMethodError#test_new_default = 0.02 s
[3377/4401] TestNoMethodError#test_new_receiver = 0.05 s
[3378/4401] TestNoMethodError#test_new_message = 0.01 s
[3379/4401] TestNoMethodError#test_to_s = 0.02 s
[3380/4401] TestNoMethodError#test_new_name_args_priv = 0.01 s
[3381/4401] TestNoMethodError#test_message_encoding = 0.03 s
[3382/4401] TestNoMethodError#test_new_name = 0.01 s
[3383/4401] TestNoMethodError#test_new_name_args = 0.01 s
[3384/4401] TestStruct::SubStruct#test_size = 0.02 s
[3385/4401] TestStruct::SubStruct#test_select = 0.02 s
[3386/4401] TestStruct::SubStruct#test_frozen_subclass = 0.02 s
[3387/4401] TestStruct::SubStruct#test_overridden_aset = 0.03 s
[3388/4401] TestStruct::SubStruct#test_arity = 0.02 s
[3389/4401] TestStruct::SubStruct#test_init_copy = 0.01 s
[3390/4401] TestStruct::SubStruct#test_each = 0.01 s
[3391/4401] TestStruct::SubStruct#test_error = 0.01 s
[3392/4401] TestStruct::SubStruct#test_filter = 0.02 s
[3393/4401] TestStruct::SubStruct#test_junk = 0.01 s
[3394/4401] TestStruct::SubStruct#test_question_mark_in_member = 0.01 s
[3395/4401] TestStruct::SubStruct#test_morethan10members = 0.72 s
[3396/4401] TestStruct::SubStruct#test_struct_new_with_hash = 0.03 s
[3397/4401] TestStruct::SubStruct#test_setter_method_returns_value = 0.01 s
[3398/4401] TestStruct::SubStruct#test_members = 0.01 s
[3399/4401] TestStruct::SubStruct#test_struct_new_with_keyword_init_and_block = 0.01 s
[3400/4401] TestStruct::SubStruct#test_named_structs_are_not_rooted = 100.89 s
[3401/4401] TestStruct::SubStruct#test_set = 0.02 s
[3402/4401] TestStruct::SubStruct#test_bang_mark_in_member = 0.02 s
[3403/4401] TestStruct::SubStruct#test_struct_keyword_init_p = 0.02 s
[3404/4401] TestStruct::SubStruct#test_struct_new = 0.03 s
[3405/4401] TestStruct::SubStruct#test_initialize = 0.02 s
[3406/4401] TestStruct::SubStruct#test_new_duplicate = 0.03 s
[3407/4401] TestStruct::SubStruct#test_aref = 0.07 s
[3408/4401] TestStruct::SubStruct#test_comparison_when_recursive = 0.04 s
[3409/4401] TestStruct::SubStruct#test_parameters = 0.02 s
[3410/4401] TestStruct::SubStruct#test_to_h = 0.01 s
[3411/4401] TestStruct::SubStruct#test_equal = 0.02 s
[3412/4401] TestStruct::SubStruct#test_overridden_aref = 0.03 s
[3413/4401] TestStruct::SubStruct#test_big_struct = 0.03 s
[3414/4401] TestStruct::SubStruct#test_inherit = 0.01 s
[3415/4401] TestStruct::SubStruct#test_eql = 0.01 s
[3416/4401] TestStruct::SubStruct#test_small_structs = 0.04 s
[3417/4401] TestStruct::SubStruct#test_struct = 0.03 s
[3418/4401] TestStruct::SubStruct#test_values_at = 0.02 s
[3419/4401] TestStruct::SubStruct#test_keyword_args_warning = 0.07 s
[3420/4401] TestStruct::SubStruct#test_nonascii = 0.03 s
[3421/4401] TestStruct::SubStruct#test_struct_new_with_keyword_init = 0.04 s
[3422/4401] TestStruct::SubStruct#test_larger_than_largest_pool = 0.07 s
[3423/4401] TestStruct::SubStruct#test_inspect = 0.04 s
[3424/4401] TestStruct::SubStruct#test_deconstruct_keys = 0.02 s
[3425/4401] TestStruct::SubStruct#test_aset = 6.40 s
[3426/4401] TestStruct::SubStruct#test_each_pair = 0.02 s
[3427/4401] TestStruct::SubStruct#test_redefinition_warning = 0.02 s
[3428/4401] TestStruct::SubStruct#test_public_send = 0.02 s
[3429/4401] TestStruct::SubStruct#test_ref = 0.01 s
[3430/4401] TestStruct::SubStruct#test_dig = 0.01 s
[3431/4401] TestStruct::SubStruct#test_hash = 0.02 s
[3432/4401] TestStruct::SubStruct#test_to_h_block = 0.02 s
[3433/4401] TestStruct::SubStruct#test_attrset_id = 0.01 s
[3434/4401] TestStruct::SubStruct#test_initialize_with_kw = 0.02 s
[3435/4401] TestRational::TestGCD#test_gcd_normal = 0.02 s
[3436/4401] TestRational::TestGCD#test_gcd_gmp_brute_force = 0.01 s
[3437/4401] TestRational::TestGCD#test_gcd_gmp = 0.01 s
[3438/4401] TestThreadFdClose#test_thread_fd_close = 0.05 s
[3439/4401] TestGemLocalRemoteOptions#test_remote_eh = 0.51 s
[3440/4401] TestGemLocalRemoteOptions#test_source_option = 0.75 s
[3441/4401] TestGemLocalRemoteOptions#test_clear_sources_option = 0.85 s
[3442/4401] TestGemLocalRemoteOptions#test_clear_sources_option_idiot_proof = 1.01 s
[3443/4401] TestGemLocalRemoteOptions#test_short_source_option = 0.70 s
[3444/4401] TestGemLocalRemoteOptions#test_update_sources_option = 0.61 s
[3445/4401] TestGemLocalRemoteOptions#test_source_option_bad = 0.60 s
[3446/4401] TestGemLocalRemoteOptions#test_add_local_remote_options = 0.85 s
[3447/4401] TestGemLocalRemoteOptions#test_both_eh = 0.43 s
[3448/4401] TestGemLocalRemoteOptions#test_local_eh = 0.43 s
[3449/4401] TestNetHTTPSIdentityVerifyFailure#test_identity_verify_failure = 1.02 s
[3450/4401] TestGemPackageTarReader#test_rewind = 0.53 s
[3451/4401] TestGemPackageTarReader#test_seek = 0.49 s
[3452/4401] TestGemPackageTarReader#test_seek_missing = 0.49 s
[3453/4401] TestGemPackageTarReader#test_each_with_not_a_tar = 0.45 s
[3454/4401] TestGemPackageTarReader#test_each_entry = 0.48 s
[3455/4401] TestGemPackageTarReader#test_seek_in_gem_data = 0.54 s
[3456/4401] TestGemPackageTarReader#test_read_in_gem_data = 0.48 s
[3457/4401] TestMkmfHaveMacro#test_have_macro_opt = 0.31 s
[3458/4401] TestMkmfHaveMacro#test_have_macro_header = 0.28 s
[3459/4401] TestMkmfHaveMacro#test_not_have_macro_header = 0.28 s
[3460/4401] TestMkmfHaveMacro#test_not_have_macro_opt = 0.26 s
[3461/4401] TestGemInstallUpdateOptions#test_doc_rdoc_ri = 1.80 s
[3462/4401] TestGemInstallUpdateOptions#test_add_install_update_options = 1.83 s
[3463/4401] TestGemInstallUpdateOptions#test_security_policy = 1.76 s
[3464/4401] TestGemInstallUpdateOptions#test_minimal_deps = 1.87 s
[3465/4401] TestGemInstallUpdateOptions#test_vendor_missing = 1.88 s
[3466/4401] TestGemInstallUpdateOptions#test_document_no = 1.80 s
[3467/4401] TestGemInstallUpdateOptions#test_post_install_message = 1.75 s
[3468/4401] TestGemInstallUpdateOptions#test_doc = 1.81 s
[3469/4401] TestGemInstallUpdateOptions#test_doc_rdoc = 1.85 s
[3470/4401] TestGemInstallUpdateOptions#test_user_install_disabled_read_only = 0.46 s
[3471/4401] TestGemInstallUpdateOptions#test_document = 2.06 s
[3472/4401] TestGemInstallUpdateOptions#test_document_rdoc = 1.76 s
[3473/4401] TestGemInstallUpdateOptions#test_post_install_message_no = 1.74 s
[3474/4401] TestGemInstallUpdateOptions#test_user_install_enabled = 0.82 s
[3475/4401] TestGemInstallUpdateOptions#test_build_root = 1.82 s
[3476/4401] TestGemInstallUpdateOptions#test_minimal_deps_no = 1.74 s
[3477/4401] TestGemInstallUpdateOptions#test_doc_no = 2.10 s
[3478/4401] TestGemInstallUpdateOptions#test_vendor = 1.85 s
[3479/4401] TestGemInstallUpdateOptions#test_security_policy_unknown = 3.00 s
[3480/4401] TestRubyYield#test_yield_nested = 0.01 s
[3481/4401] TestRubyYield#test_yield_0 = 0.01 s
[3482/4401] TestRubyYield#test_block_args_unleashed = 0.01 s
[3483/4401] TestRubyYield#test_hash_each = 0.01 s
[3484/4401] TestRubyYield#test_yield_1 = 0.01 s
[3485/4401] TestRubyYield#test_with_enum = 0.01 s
[3486/4401] TestRubyYield#test_ary_each = 0.01 s
[3487/4401] TestRubyYield#test_yield2 = 0.01 s
[3488/4401] TestMethodCache#test_undef_with_subclasses = 0.02 s
[3489/4401] TestMethodCache#test_undef = 0.01 s
[3490/4401] TestMethodCache#test_negative_cache_with_and_without_subclasses = 0.01 s
[3491/4401] TestMethodCache#test_undef_with_subclasses_complicated = 0.02 s
[3492/4401] TestGemDependencyList#test_dependency_order_diamond = 0.55 s
[3493/4401] TestGemDependencyList#test_dependency_order_no_dependencies = 0.48 s
[3494/4401] TestGemDependencyList#test_remove_by_name = 0.48 s
[3495/4401] TestGemDependencyList#test_dependency_order_circle = 0.49 s
[3496/4401] TestGemDependencyList#test_why_not_ok_eh = 0.49 s
[3497/4401] TestGemDependencyList#test_ok_eh_redundant = 0.49 s
[3498/4401] TestGemDependencyList#test_dependency_order = 0.49 s
[3499/4401] TestGemDependencyList#test_add = 0.48 s
[3500/4401] TestGemDependencyList#test_ok_eh_mismatch = 0.55 s
[3501/4401] TestGemDependencyList#test_ok_eh = 0.49 s
[3502/4401] TestGemDependencyList#test_ok_to_remove_eh_after_sibling_removed = 0.48 s
[3503/4401] TestGemDependencyList#test_find_name = 0.47 s
[3504/4401] TestGemDependencyList#test_tsort_each_node = 0.47 s
[3505/4401] TestGemDependencyList#test_dependency_order_development = 0.54 s
[3506/4401] TestGemDependencyList#test_tsort_each_child = 0.48 s
[3507/4401] TestGemDependencyList#test_why_not_ok_eh_old_dependency = 0.54 s
[3508/4401] TestGemDependencyList#test_ok_to_remove_eh = 0.48 s
[3509/4401] TestGemDependencyList#test_active_count = 0.47 s
[3510/4401] TestCall#test_call_send_cfunc_large_array_splat_fail = 0.02 s
[3511/4401] TestCall#test_call_refined_large_array_splat_fail = 0.04 s
[3512/4401] TestCall#test_invalid_safe_call = 0.01 s
[3513/4401] TestCall#test_call = 0.04 s
[3514/4401] TestCall#test_call_args_splat_with_nonhash_keyword_splat = 0.01 s
[3515/4401] TestCall#test_safe_call_block_call_brace = 0.01 s
[3516/4401] TestCall#test_call_bmethod_large_array_splat_pass = 0.04 s
[3517/4401] TestCall#test_callinfo = 0.05 s
[3518/4401] TestCall#test_call_splat_kw_splat_order = 0.01 s
[3519/4401] TestCall#test_call_rb_call_bmethod_large_array_splat_fail = 0.25 s
[3520/4401] TestCall#test_call_symproc_large_array_splat_pass = 0.04 s
[3521/4401] TestCall#test_call_iseq_large_array_splat_fail = 0.61 s
[3522/4401] TestCall#test_safe_call = 0.02 s
[3523/4401] TestCall#test_call_iseq_large_array_splat_with_large_number_of_parameters = 0.37 s
[3524/4401] TestCall#test_call_yield_lambda_large_array_splat_pass = 0.03 s
[3525/4401] TestCall#test_safe_call_block_call_command = 0.01 s
[3526/4401] TestCall#test_call_lambda_large_array_splat_fail = 0.23 s
[3527/4401] TestCall#test_call_bmethod_proc = 0.01 s
[3528/4401] TestCall#test_call_splat_kw_order = 0.01 s
[3529/4401] TestCall#test_safe_call_block_command = 0.01 s
[3530/4401] TestCall#test_call_cfunc_splat_large_array_bug_4040 = 134.57 s
[3531/4401] TestCall#test_call_method_missing_iseq_large_array_splat_pass = 0.01 s
[3532/4401] TestCall#test_call_rb_call_iseq_large_array_splat_pass = 0.15 s
[3533/4401] TestCall#test_call_method_missing_bmethod_large_array_splat_pass = 0.02 s
[3534/4401] TestCall#test_call_proc_large_array_splat_pass = 0.04 s
[3535/4401] TestCall#test_kwsplat_block_eval_order = 0.01 s
[3536/4401] TestCall#test_call_attr_reader_large_array_splat_fail = 0.02 s
[3537/4401] TestCall#test_call_send_iseq_large_array_splat_fail = 0.23 s
[3538/4401] TestCall#test_call_op_asgn_keywords_mutable = 0.04 s
[3539/4401] TestCall#test_call_ifunc_iseq_large_array_splat_fail = 0.25 s
[3540/4401] TestCall#test_call_args_splat_with_pos_arg_kw_splat_is_not_mutable = 0.01 s
[3541/4401] TestCall#test_call_yield_block_large_array_splat_pass = 0.04 s
[3542/4401] TestCall#test_call_refined_large_array_splat_pass = 0.01 s
[3543/4401] TestCall#test_call_yield_large_array_splat_with_large_number_of_parameters = 0.50 s
[3544/4401] TestCall#test_frozen_splat_and_keywords = 0.01 s
[3545/4401] TestCall#test_call_send_cfunc_large_array_splat_pass = 0.01 s
[3546/4401] TestCall#test_call_rb_call_bmethod_large_array_splat_pass = 0.04 s
[3547/4401] TestCall#test_call_bmethod_large_array_splat_fail = 0.32 s
[3548/4401] TestCall#test_call_struct_aref_large_array_splat_fail = 0.02 s
[3549/4401] TestCall#test_call_iseq_large_array_splat_pass = 0.03 s
[3550/4401] TestCall#test_call_symproc_large_array_splat_fail = 0.27 s
[3551/4401] TestCall#test_kwsplat_block_order_super = 0.02 s
[3552/4401] TestCall#test_call_alias_large_array_splat = 0.04 s
[3553/4401] TestCall#test_call_op_asgn_keywords = 14.19 s
[3554/4401] TestCall#test_call_yield_lambda_large_array_splat_fail = 0.35 s
[3555/4401] TestCall#test_kwsplat_block_order = 0.02 s
[3556/4401] TestCall#test_call_bmethod_proc_restarg = 0.01 s
[3557/4401] TestCall#test_call_lambda_large_array_splat_pass = 0.03 s
[3558/4401] TestCall#test_call_proc_large_array_splat_with_large_number_of_parameters = 0.44 s
[3559/4401] TestCall#test_call_attr_writer_large_array_splat_fail = 0.02 s
[3560/4401] TestCall#test_call_splat_post_order = 0.01 s
[3561/4401] TestCall#test_call_method_missing_iseq_large_array_splat_fail = 0.07 s
[3562/4401] TestCall#test_call_rb_call_iseq_large_array_splat_fail = 0.23 s
[3563/4401] TestCall#test_call_zsuper_large_array_splat = 0.04 s
[3564/4401] TestCall#test_call_method_missing_bmethod_large_array_splat_fail = 0.07 s
[3565/4401] TestCall#test_kwsplat_block_order_op_asgn = 0.27 s
[3566/4401] TestCall#test_call_splat_block_order = 0.01 s
[3567/4401] TestCall#test_safe_call_evaluate_arguments_only_method_call_is_made = 0.01 s
[3568/4401] TestCall#test_call_struct_aset_large_array_splat_fail = 0.02 s
[3569/4401] TestCall#test_safe_call_block_call = 0.01 s
[3570/4401] TestCall#test_call_send_iseq_large_array_splat_with_large_number_of_parameters = 0.28 s
[3571/4401] TestCall#test_call_ifunc_iseq_large_array_splat_pass = 0.04 s
[3572/4401] TestCall#test_call_send_iseq_large_array_splat_pass = 0.06 s
[3573/4401] TestGemResolverConflict#test_explanation = 0.47 s
[3574/4401] TestGemResolverConflict#test_request_path = 0.42 s
[3575/4401] TestGemResolverConflict#test_explanation_user_request = 0.43 s
[3576/4401] TestBugReporter#test_bug_reporter_add = 4.40 s
[3577/4401] TestGemUnsatisfiableDependencyError#test_version = 0.52 s
[3578/4401] TestGemUnsatisfiableDependencyError#test_errors = 0.46 s
[3579/4401] TestGemUnsatisfiableDependencyError#test_name = 0.45 s
[3580/4401] TestRipper::Filter#test_filter_filename_unset = 1.63 s
[3581/4401] TestRipper::Filter#test_filter_column = 1.62 s
[3582/4401] TestRipper::Filter#test_filter_filename = 1.58 s
[3583/4401] TestRipper::Filter#test_filter_token = 0.03 s
[3584/4401] TestRipper::Filter#test_filter_lineno_set = 1.57 s
[3585/4401] TestRipper::Filter#test_filter_lineno = 1.58 s
[3586/4401] TestRipper::Filter#test_filter_state = 2.02 s
[3587/4401] Test_StForeachUnpack#test_st_foreach_check_unpack = 0.02 s
[3588/4401] Test_StForeachUnpack#test_st_foreach_unpack = 0.01 s
[3589/4401] TestProtocol#test_write0_multibyte = 0.03 s
[3590/4401] TestProtocol#test_write0_timeout_multi1 = 0.13 s
[3591/4401] TestProtocol#test_write0_timeout = 0.12 s
[3592/4401] TestProtocol#test_write0_success2 = 0.01 s
[3593/4401] TestProtocol#test_write0_success_multi1 = 0.01 s
[3594/4401] TestProtocol#test_each_crlf_line = 0.09 s
[3595/4401] TestProtocol#test_readuntil = 0.05 s
[3596/4401] TestProtocol#test_write0_success = 0.01 s
[3597/4401] TestProtocol#test_should_properly_dot_stuff_period_with_no_endline = 0.02 s
[3598/4401] TestProtocol#test_shareable_buffer_leak = 0.02 s
[3599/4401] TestProtocol#test_write0_success_multi2 = 0.01 s
[3600/4401] TestProtocol#test_write0_timeout_multi2 = 0.13 s
[3601/4401] TestNameError#test_info_parent_iseq_mark = 27.29 s
[3602/4401] TestNameError#test_new_default = 0.02 s
[3603/4401] TestNameError#test_new_receiver = 0.02 s
[3604/4401] TestNameError#test_new_message = 0.01 s
[3605/4401] TestNameError#test_large_receiver_inspect = 0.03 s
[3606/4401] TestNameError#test_info_method = 0.03 s
[3607/4401] TestNameError#test_info_const_name = 0.04 s
[3608/4401] TestNameError#test_info_const = 0.03 s
[3609/4401] TestNameError#test_info_local_variables = 0.02 s
[3610/4401] TestNameError#test_new_name = 0.01 s
[3611/4401] TestNameError#test_info_method_missing = 0.02 s
[3612/4401] TestSocketOption#test_new = 0.03 s
[3613/4401] TestSocketOption#test_ipv4_multicast_ttl = 0.02 s
[3614/4401] TestSocketOption#test_ipv4_multicast_loop_size = 0.01 s
[3615/4401] TestSocketOption#test_unpack = 0.01 s
[3616/4401] TestSocketOption#test_bool = 0.03 s
[3617/4401] TestSocketOption#test_ipv4_multicast_loop = 0.02 s
[3618/4401] TestSocketOption#test_ipv4_multicast_ttl_size = 0.01 s
[3619/4401] TestIOTimeout#test_timeout_gets_exception = 0.03 s
[3620/4401] TestIOTimeout#test_timeout_attribute = 0.02 s
[3621/4401] TestIOTimeout#test_timeout_puts = 0.01 s
[3622/4401] TestIOTimeout#test_timeout_read_exception = 0.02 s
[3623/4401] TestStringScannerFixedAnchor#test_size = 0.02 s
[3624/4401] TestStringScannerFixedAnchor#test_scan_integer_base_16 = 0.06 s
[3625/4401] TestStringScannerFixedAnchor#test_matched = 0.02 s
[3626/4401] TestStringScannerFixedAnchor#test_generic_regexp = 0.01 s
[3627/4401] TestStringScannerFixedAnchor#test_search_full = 0.02 s
[3628/4401] TestStringScannerFixedAnchor#test_exist_p_invalid_argument = 0.01 s
[3629/4401] TestStringScannerFixedAnchor#test_skip = 0.02 s
[3630/4401] TestStringScannerFixedAnchor#test_pos = 0.01 s
[3631/4401] TestStringScannerFixedAnchor#test_AREF = 0.07 s
[3632/4401] TestStringScannerFixedAnchor#test_skip_with_begenning_of_string_anchor_not_match = 0.01
s
[3633/4401] TestStringScannerFixedAnchor#test_pre_match = 0.02 s
[3634/4401] TestStringScannerFixedAnchor#test_scan_aref_repeatedly = 0.02 s
[3635/4401] TestStringScannerFixedAnchor#test_skip_until_string = 0.01 s
[3636/4401] TestStringScannerFixedAnchor#test_matched_size = 0.02 s
[3637/4401] TestStringScannerFixedAnchor#test_eos? = 0.02 s
[3638/4401] TestStringScannerFixedAnchor#test_charpos_not_use_string_methods = 0.08 s
[3639/4401] TestStringScannerFixedAnchor#test_const_Id = 0.01 s
[3640/4401] TestStringScannerFixedAnchor#test_scan_until_string = 0.02 s
[3641/4401] TestStringScannerFixedAnchor#test_post_match = 0.02 s
[3642/4401] TestStringScannerFixedAnchor#test_inspect2 = 0.01 s
[3643/4401] TestStringScannerFixedAnchor#test_peek_byte = 0.01 s
[3644/4401] TestStringScannerFixedAnchor#test_s_new = 0.01 s
[3645/4401] TestStringScannerFixedAnchor#test_concat = 0.02 s
[3646/4401] TestStringScannerFixedAnchor#test_rest = 0.01 s
[3647/4401] TestStringScannerFixedAnchor#test_unscan = 0.02 s
[3648/4401] TestStringScannerFixedAnchor#test_empty_encoding_ascii_8bit = 0.01 s
[3649/4401] TestStringScannerFixedAnchor#test_skip_with_begenning_of_line_anchor_not_match = 0.01 s
[3650/4401] TestStringScannerFixedAnchor#test_bol? = 0.02 s
[3651/4401] TestStringScannerFixedAnchor#test_scan_shared_string = 0.01 s
[3652/4401] TestStringScannerFixedAnchor#test_s_allocate = 0.02 s
[3653/4401] TestStringScannerFixedAnchor#test_exist_p_string = 0.01 s
[3654/4401] TestStringScannerFixedAnchor#test_const_Version = 0.01 s
[3655/4401] TestStringScannerFixedAnchor#test_skip_until = 0.01 s
[3656/4401] TestStringScannerFixedAnchor#test_reset = 0.01 s
[3657/4401] TestStringScannerFixedAnchor#test_encoding = 0.01 s
[3658/4401] TestStringScannerFixedAnchor#test_get_byte = 0.02 s
[3659/4401] TestStringScannerFixedAnchor#test_skip_with_begenning_of_string_anchor_match = 0.01 s
[3660/4401] TestStringScannerFixedAnchor#test_scan_string = 0.02 s
[3661/4401] TestStringScannerFixedAnchor#test_peek = 0.01 s
[3662/4401] TestStringScannerFixedAnchor#test_scan = 0.03 s
[3663/4401] TestStringScannerFixedAnchor#test_string = 0.01 s
[3664/4401] TestStringScannerFixedAnchor#test_string_append = 0.01 s
[3665/4401] TestStringScannerFixedAnchor#test_search_full_string = 0.02 s
[3666/4401] TestStringScannerFixedAnchor#test_encoding_string = 0.01 s
[3667/4401] TestStringScannerFixedAnchor#test_pos_unicode = 0.01 s
[3668/4401] TestStringScannerFixedAnchor#test_values_at = 0.01 s
[3669/4401] TestStringScannerFixedAnchor#test_dup = 0.03 s
[3670/4401] TestStringScannerFixedAnchor#test_inspect = 0.02 s
[3671/4401] TestStringScannerFixedAnchor#test_terminate = 0.01 s
[3672/4401] TestStringScannerFixedAnchor#test_scan_until = 0.02 s
[3673/4401] TestStringScannerFixedAnchor#test_skip_with_begenning_of_line_anchor_match = 0.01 s
[3674/4401] TestStringScannerFixedAnchor#test_captures = 0.01 s
[3675/4401] TestStringScannerFixedAnchor#test_empty_encoding_utf8 = 0.01 s
[3676/4401] TestStringScannerFixedAnchor#test_getch = 0.02 s
[3677/4401] TestStringScannerFixedAnchor#test_scan_full = 0.02 s
[3678/4401] TestStringScannerFixedAnchor#test_scan_integer_unmatch = 0.01 s
[3679/4401] TestStringScannerFixedAnchor#test_s_mustc = 0.01 s
[3680/4401] TestStringScannerFixedAnchor#test_exist_p = 0.01 s
[3681/4401] TestStringScannerFixedAnchor#test_check_until = 0.01 s
[3682/4401] TestStringScannerFixedAnchor#test_scan_integer_encoding = 0.01 s
[3683/4401] TestStringScannerFixedAnchor#test_check_until_string = 0.01 s
[3684/4401] TestStringScannerFixedAnchor#test_rest_size = 0.01 s
[3685/4401] TestStringScannerFixedAnchor#test_aref_without_regex = 0.01 s
[3686/4401] TestStringScannerFixedAnchor#test_match_p = 0.01 s
[3687/4401] TestStringScannerFixedAnchor#test_named_captures = 0.01 s
[3688/4401] TestStringScannerFixedAnchor#test_scan_byte = 0.01 s
[3689/4401] TestStringScannerFixedAnchor#test_check = 0.01 s
[3690/4401] TestStringScannerFixedAnchor#test_string_set_is_equal = 0.01 s
[3691/4401] TestStringScannerFixedAnchor#test_invalid_encoding_string = 0.01 s
[3692/4401] TestStringScannerFixedAnchor#test_set_pos = 0.01 s
[3693/4401] TestStringScannerFixedAnchor#test_scan_integer = 0.04 s
[3694/4401] TestIRB::CustomCommandIntegrationTest#test_no_meta_command_also_works = 0.05 s
[3695/4401] TestIRB::CustomCommandIntegrationTest#test_command_name_local_variable = 0.04 s
[3696/4401] TestIRB::CustomCommandIntegrationTest#test_command_registration_accepts_string_too = 0.0
4 s
[3697/4401] TestIRB::CustomCommandIntegrationTest#test_def_extend_command_still_works = 0.04 s
[3698/4401] TestIRB::CustomCommandIntegrationTest#test_arguments_propagation = 0.04 s
[3699/4401] TestIRB::CustomCommandIntegrationTest#test_command_registration_can_happen_after_irb_req
uire = 0.04 s
[3700/4401] TestGemSourceLock#test_fetch_spec = 1.07 s
[3701/4401] TestGemSourceLock#test_equals2 = 0.53 s
[3702/4401] TestGemSourceLock#test_spaceship = 0.46 s
[3703/4401] TestGemSourceLock#test_spaceship_git = 0.44 s
[3704/4401] TestGemSourceLock#test_spaceship_local = 0.44 s
[3705/4401] TestGemSourceLock#test_spaceship_specific_file = 0.78 s
[3706/4401] TestGemSourceLock#test_spaceship_installed = 0.50 s
[3707/4401] TestGemSourceLock#test_uri = 0.45 s
[3708/4401] TestGemSourceLock#test_spaceship_remote = 0.43 s
[3709/4401] TestGemSourceLock#test_spaceship_vendor = 0.43 s
[3710/4401] TestIOWaitInRactor#test_ractor = 2.72 s
[3711/4401] TestStringScanner#test_size = 0.02 s
[3712/4401] TestStringScanner#test_scan_integer_base_16 = 0.06 s
[3713/4401] TestStringScanner#test_matched = 0.02 s
[3714/4401] TestStringScanner#test_generic_regexp = 0.01 s
[3715/4401] TestStringScanner#test_search_full = 0.02 s
[3716/4401] TestStringScanner#test_exist_p_invalid_argument = 0.01 s
[3717/4401] TestStringScanner#test_skip = 0.02 s
[3718/4401] TestStringScanner#test_pos = 0.01 s
[3719/4401] TestStringScanner#test_AREF = 0.07 s
[3720/4401] TestStringScanner#test_pre_match = 0.02 s
[3721/4401] TestStringScanner#test_scan_aref_repeatedly = 0.02 s
[3722/4401] TestStringScanner#test_skip_until_string = 0.01 s
[3723/4401] TestStringScanner#test_matched_size = 0.02 s
[3724/4401] TestStringScanner#test_eos? = 0.02 s
[3725/4401] TestStringScanner#test_charpos_not_use_string_methods = 0.06 s
[3726/4401] TestStringScanner#test_const_Id = 0.01 s
[3727/4401] TestStringScanner#test_scan_until_string = 0.02 s
[3728/4401] TestStringScanner#test_post_match = 0.02 s
[3729/4401] TestStringScanner#test_inspect2 = 0.01 s
[3730/4401] TestStringScanner#test_peek_byte = 0.01 s
[3731/4401] TestStringScanner#test_s_new = 0.01 s
[3732/4401] TestStringScanner#test_concat = 0.01 s
[3733/4401] TestStringScanner#test_rest = 0.01 s
[3734/4401] TestStringScanner#test_unscan = 0.01 s
[3735/4401] TestStringScanner#test_empty_encoding_ascii_8bit = 0.01 s
[3736/4401] TestStringScanner#test_bol? = 0.02 s
[3737/4401] TestStringScanner#test_s_allocate = 0.02 s
[3738/4401] TestStringScanner#test_exist_p_string = 0.01 s
[3739/4401] TestStringScanner#test_const_Version = 0.01 s
[3740/4401] TestStringScanner#test_skip_until = 0.01 s
[3741/4401] TestStringScanner#test_reset = 0.01 s
[3742/4401] TestStringScanner#test_encoding = 0.01 s
[3743/4401] TestStringScanner#test_get_byte = 0.02 s
[3744/4401] TestStringScanner#test_skip_with_begenning_of_string_anchor_match = 0.01 s
[3745/4401] TestStringScanner#test_scan_string = 0.02 s
[3746/4401] TestStringScanner#test_peek = 0.01 s
[3747/4401] TestStringScanner#test_scan = 0.03 s
[3748/4401] TestStringScanner#test_string = 0.01 s
[3749/4401] TestStringScanner#test_string_append = 0.01 s
[3750/4401] TestStringScanner#test_search_full_string = 0.01 s
[3751/4401] TestStringScanner#test_encoding_string = 0.01 s
[3752/4401] TestStringScanner#test_fixed_anchor_true = 0.01 s
[3753/4401] TestStringScanner#test_pos_unicode = 0.01 s
[3754/4401] TestStringScanner#test_values_at = 0.01 s
[3755/4401] TestStringScanner#test_dup = 0.03 s
[3756/4401] TestStringScanner#test_inspect = 0.02 s
[3757/4401] TestStringScanner#test_terminate = 0.01 s
[3758/4401] TestStringScanner#test_scan_until = 0.01 s
[3759/4401] TestStringScanner#test_skip_with_begenning_of_line_anchor_match = 0.01 s
[3760/4401] TestStringScanner#test_captures = 0.01 s
[3761/4401] TestStringScanner#test_empty_encoding_utf8 = 0.01 s
[3762/4401] TestStringScanner#test_fixed_anchor_false = 0.01 s
[3763/4401] TestStringScanner#test_getch = 0.02 s
[3764/4401] TestStringScanner#test_scan_full = 0.02 s
[3765/4401] TestStringScanner#test_scan_integer_unmatch = 0.01 s
[3766/4401] TestStringScanner#test_s_mustc = 0.01 s
[3767/4401] TestStringScanner#test_exist_p = 0.01 s
[3768/4401] TestStringScanner#test_check_until = 0.01 s
[3769/4401] TestStringScanner#test_scan_integer_encoding = 0.01 s
[3770/4401] TestStringScanner#test_check_until_string = 0.01 s
[3771/4401] TestStringScanner#test_rest_size = 0.01 s
[3772/4401] TestStringScanner#test_aref_without_regex = 0.01 s
[3773/4401] TestStringScanner#test_match_p = 0.01 s
[3774/4401] TestStringScanner#test_named_captures = 0.01 s
[3775/4401] TestStringScanner#test_scan_byte = 0.01 s
[3776/4401] TestStringScanner#test_check = 0.01 s
[3777/4401] TestStringScanner#test_string_set_is_equal = 0.01 s
[3778/4401] TestStringScanner#test_invalid_encoding_string = 0.02 s
[3779/4401] TestStringScanner#test_set_pos = 0.01 s
[3780/4401] TestStringScanner#test_scan_integer = 0.04 s
[3781/4401] TestERB#test_concurrent_default_binding = 0.06 s
[3782/4401] TestERB#test_with_filename_and_safe_level = 0.04 s
[3783/4401] TestERB#test_html_escape = 0.02 s
[3784/4401] TestERB#test_with_filename_lineno = 0.04 s
[3785/4401] TestERB#test_html_escape_extension = 0.01 s
[3786/4401] TestERB#test_without_filename_with_safe_level = 0.04 s
[3787/4401] TestERB#test_with_location = 0.04 s
[3788/4401] TestERB#test_html_escape_to_s = 0.01 s
[3789/4401] TestERB#test_with_filename = 0.04 s
[3790/4401] TestERB#test_without_filename = 0.04 s
[3791/4401] WebauthnListenerTest#test_wait_for_otp_code_incorrect_path = 0.70 s
[3792/4401] WebauthnListenerTest#test_wait_for_otp_code_invalid_post_req_method = 0.60 s
[3793/4401] WebauthnListenerTest#test_wait_for_otp_code_incorrect_params = 0.64 s
[3794/4401] WebauthnListenerTest#test_listener_thread_retreives_otp_code = 0.67 s
[3795/4401] WebauthnListenerTest#test_listener_thread_sets_error = 0.61 s
[3796/4401] WebauthnListenerTest#test_wait_for_otp_code_no_params_response = 0.62 s
[3797/4401] WebauthnListenerTest#test_wait_for_otp_code_get_request = 0.68 s
[3798/4401] WebauthnListenerTest#test_wait_for_otp_code_options_request = 0.60 s
[3799/4401] WebauthnListenerTest#test_wait_for_otp_code_get_follows_options = 0.69 s
[3800/4401] TestStringchar#test_char = 0.35 s
[3801/4401] TestStringchar#test_bang = 0.02 s
[3802/4401] TestStringchar#test_dump = 40.10 s
[3803/4401] TestStringchar#test_string = 0.06 s
[3804/4401] TestDelegateClass#test_dir_in_simple_delegator = 0.02 s
[3805/4401] TestDelegateClass#test_basicobject_respond_to = 0.02 s
[3806/4401] TestDelegateClass#test_callee_in_delegator_class = 0.01 s
[3807/4401] TestDelegateClass#test_method_in_delegator_class = 0.01 s
[3808/4401] TestDelegateClass#test_global_function = 0.02 s
[3809/4401] TestDelegateClass#test_methods = 0.01 s
[3810/4401] TestDelegateClass#test_unset_delegate_class = 0.02 s
[3811/4401] TestDelegateClass#test_override = 0.02 s
[3812/4401] TestDelegateClass#test_delegateclass_class = 0.01 s
[3813/4401] TestDelegateClass#test_keyword_and_hash = 0.02 s
[3814/4401] TestDelegateClass#test_keyword_argument = 0.04 s
[3815/4401] TestDelegateClass#test_global_method_if_no_target = 0.01 s
[3816/4401] TestDelegateClass#test_basicobject = 0.02 s
[3817/4401] TestDelegateClass#test_protected_instance_methods = 0.06 s
[3818/4401] TestDelegateClass#test_simpledelegator_class = 0.01 s
[3819/4401] TestDelegateClass#test_send_method_in_delegator = 0.01 s
[3820/4401] TestDelegateClass#test_method_in_simple_delegator = 0.01 s
[3821/4401] TestDelegateClass#test_callee_in_simple_delegator = 0.01 s
[3822/4401] TestDelegateClass#test_module_methods_vs_kernel_methods = 0.01 s
[3823/4401] TestDelegateClass#test_private_method = 0.02 s
[3824/4401] TestDelegateClass#test_systemcallerror_eq = 0.02 s
[3825/4401] TestDelegateClass#test_frozen = 0.02 s
[3826/4401] TestDelegateClass#test_dir_in_delegator_class = 0.01 s
[3827/4401] TestDelegateClass#test_DelegateClass_instance_method = 0.15 s
[3828/4401] TestDelegateClass#test_extend = 0.11 s
[3829/4401] TestDelegateClass#test_instance_method = 0.01 s
[3830/4401] TestDelegateClass#test_copy_frozen = 0.02 s
[3831/4401] TestDelegateClass#test_DelegateClass_public_instance_method = 0.19 s
[3832/4401] TestDelegateClass#test_delegate_class_block = 0.11 s
[3833/4401] TestDelegateClass#test_public_instance_methods = 0.07 s
[3834/4401] TestDelegateClass#test_marshal = 0.02 s
[3835/4401] TestDelegateClass#test_instance_methods = 7.77 s
[3836/4401] TestDelegateClass#test_unset_simple_delegator = 0.02 s
[3837/4401] TestDelegateClass#test_simpledelegator_clone = 0.12 s
[3838/4401] TestDelegateClass#test_eql? = 0.01 s
[3839/4401] TestOpenURIProxy#test_authenticated_proxy_http_basic_authentication_success = 0.33 s
[3840/4401] TestOpenURIProxy#test_proxy = 0.54 s
[3841/4401] TestOpenURIProxy#test_proxy_http_basic_authentication_success = 0.24 s
[3842/4401] TestOpenURIProxy#test_proxy_http_basic_authentication_failure = 0.45 s
[3843/4401] TestTracepointObj#test_teardown_with_active_GC_end_hook = 11.71 s
[3844/4401] TestTracepointObj#test_tracks_objspace_count = 158.46 s
[3845/4401] TestTracepointObj#test_after_gc_start_hook_with_GC_stress = 5.78 s
[3846/4401] TestTracepointObj#test_tracks_objspace_events = 0.04 s
[3847/4401] TestTracepointObj#test_not_available_from_ruby = 0.02 s
[3848/4401] TestTracepointObj#test_tracepoint_specify_normal_and_internal_events = 0.01 s
[3849/4401] TestClass#test_redefine_private_class = 0.06 s
[3850/4401] TestClass#test_instantiate_singleton_class = 0.01 s
[3851/4401] TestClass#test_clone_when_method_exists_on_singleton_class_of_singleton_class = 0.03 s
[3852/4401] TestClass#test_clone = 0.02 s
[3853/4401] TestClass#test_instance_freeze_dont_freeze_the_class_bug_19164 = 0.02 s
[3854/4401] TestClass#test_freeze_to_s = 0.01 s
[3855/4401] TestClass#test_cannot_reinitialize_class_with_initialize_copy = 2.53 s
[3856/4401] TestClass#test_invalid_return_from_class_definition = 0.08 s
[3857/4401] TestClass#test_should_not_expose_singleton_class_without_metaclass = 19.82 s
[3858/4401] TestClass#test_subclasses = 0.90 s
[3859/4401] TestClass#test_class_initialize = 0.01 s
[3860/4401] TestClass#test_check_inheritable = 0.07 s
[3861/4401] TestClass#test_invalid_reset_superclass = 0.04 s
[3862/4401] TestClass#test_s_new = 0.02 s
[3863/4401] TestClass#test_01_new_inherited = 0.01 s
[3864/4401] TestClass#test_subclass_gc_stress = 638.68 s
[3865/4401] TestClass#test_module_specific_methods = 0.02 s
[3866/4401] TestClass#test_cloned_singleton_method_added = 0.02 s
[3867/4401] TestClass#test_invalid_superclass = 0.10 s
[3868/4401] TestClass#test_prepend_features = 0.01 s
[3869/4401] TestClass#test_extend_object = 0.01 s
[3870/4401] TestClass#test_clone_when_singleton_class_of_singleton_class_exists = 0.02 s
[3871/4401] TestClass#test_namescope_error_message = 0.03 s
[3872/4401] TestClass#test_00_new_basic = 0.01 s
[3873/4401] TestClass#test_method_redefinition = 0.05 s
[3874/4401] TestClass#test_invalid_redo_from_class_definition = 0.03 s
[3875/4401] TestClass#test_visibility_inside_method = 0.03 s
[3876/4401] TestClass#test_invalid_yield_from_class_definition = 0.02 s
[3877/4401] TestClass#test_private_const_access = 0.04 s
[3878/4401] TestClass#test_singleton_class_p = 0.02 s
[3879/4401] TestClass#test_module_function = 0.01 s
[3880/4401] TestClass#test_singleton_class_should_has_own_namespace = 0.05 s
[3881/4401] TestClass#test_initialize_copy = 0.02 s
[3882/4401] TestClass#test_nonascii_name = 0.02 s
[3883/4401] TestClass#test_constant_access_from_method_in_cloned_class = 0.01 s
[3884/4401] TestClass#test_invalid_break_from_class_definition = 0.03 s
[3885/4401] TestClass#test_invalid_retry_from_class_definition = 0.03 s
[3886/4401] TestClass#test_nested_class_removal = 10.29 s
[3887/4401] TestClass#test_s_inherited = 0.02 s
[3888/4401] TestClass#test_redefinition_mismatch = 11.83 s
[3889/4401] TestClass#test_superclass_of_basicobject = 11.63 s
[3890/4401] TestClass#test_superclass = 0.02 s
[3891/4401] TestClass#test_attached_object = 0.23 s
[3892/4401] TestClass#test_invalid_next_from_class_definition = 0.04 s
[3893/4401] TestClass#test_singleton_class_message = 0.03 s
[3894/4401] TestClass#test_uninitialized = 0.06 s
[3895/4401] TestClass#test_class_cmp = 0.02 s
[3896/4401] TestClass#test_assign_frozen_class_to_const = 0.02 s
[3897/4401] TestClass#test_subclass_gc = 607.16 s
[3898/4401] TestClass#test_cloned_class = 0.02 s
[3899/4401] TestClass#test_append_features = 0.01 s
[3900/4401] TestClass#test_singleton_class_of_frozen_object = 0.02 s
[3901/4401] TestClass#test_singleton_class = 2.60 s
[3902/4401] TestClass#test_clone_singleton_class_exists = 0.03 s
[3903/4401] URI::TestFile#test_parse = 0.08 s
[3904/4401] URI::TestFile#test_build = 0.09 s
[3905/4401] TestWeakRef#test_not_reference_different_object = 13.45 s
[3906/4401] TestWeakRef#test_recycled = 8.76 s
[3907/4401] TestWeakRef#test_ref = 0.02 s
[3908/4401] TestWeakRef#test_weakref_finalize = 11.04 s
[3909/4401] Test_Array::TestResize#test_expand = 0.05 s
[3910/4401] TestGemResolverDependencyRequest#test_matches_spec_eh_prerelease = 0.56 s
[3911/4401] TestGemResolverDependencyRequest#test_requirement = 0.46 s
[3912/4401] TestGemResolverDependencyRequest#test_match_eh_prerelease_allow_prerelease = 0.48 s
[3913/4401] TestGemResolverDependencyRequest#test_match_eh_prerelease = 0.47 s
[3914/4401] TestGemResolverDependencyRequest#test_development_eh = 0.45 s
[3915/4401] TestGemResolverDependencyRequest#test_match_eh = 0.45 s
[3916/4401] TestGemResolverDependencyRequest#test_matches_spec_eh = 0.46 s
[3917/4401] TestGemResolverVendorSet#test_load_spec = 0.46 s
[3918/4401] TestGemResolverVendorSet#test_add_vendor_gem_missing = 0.52 s
[3919/4401] TestGemResolverVendorSet#test_add_vendor_gem = 0.54 s
[3920/4401] TestGemResolverVendorSet#test_find_all_prerelease = 0.54 s
[3921/4401] TestGemResolverVendorSet#test_find_all = 0.56 s
[3922/4401] TestMkmfHaveFunc#test_not_have_func = 0.37 s
[3923/4401] TestMkmfHaveFunc#test_have_func = 0.31 s
[3924/4401] TestGemCommandsSigninCommand#test_execute_with_key_name_default_scope = 0.85 s
[3925/4401] TestGemCommandsSigninCommand#test_execute_with_host_permanent_redirect = 0.78 s
[3926/4401] TestGemCommandsSigninCommand#test_execute_with_key_name_custom_scope_and_mfa_level_of_ui
_only = 0.88 s
[3927/4401] TestGemCommandsSigninCommand#test_execute_with_valid_creds_set_for_default_host = 0.83 s
[3928/4401] TestGemCommandsSigninCommand#test_execute_when_already_signed_in_with_same_host = 0.87 s
[3929/4401] TestGemCommandsSigninCommand#test_execute_with_key_name_and_custom_scope = 0.87 s
[3930/4401] TestGemCommandsSigninCommand#test_execute_with_host_supplied = 0.81 s
[3931/4401] TestGemCommandsSigninCommand#test_execute_when_already_signed_in_with_different_host = 0
.87 s
[3932/4401] TestGemCommandsSigninCommand#test_execute_with_warnings = 0.82 s
[3933/4401] TestGemCommandsSigninCommand#test_execute_with_key_name_and_exclusive_scope = 0.86 s
[3934/4401] TestGemCommandsSigninCommand#test_execute_when_not_already_signed_in_and_not_preexisting
_credentials_folder = 1.09 s
[3935/4401] TestGemCommandsSigninCommand#test_execute_with_key_name_custom_scope_and_mfa_level_of_ge
m_signin = 0.87 s
[3936/4401] TestGemCommandsSigninCommand#test_execute_on_gemserver_without_profile_me_endpoint = 0.9
1 s
[3937/4401] TestGemCommandsSigninCommand#test_execute_when_not_already_signed_in = 0.81 s
[3938/4401] TestFuncall#test_with_funcall_passing_block = 0.02 s
[3939/4401] TestFuncall#test_with_funcallv_public_kw = 0.02 s
[3940/4401] TestFuncall#test_with_yield_splat_kw = 0.02 s
[3941/4401] TestFuncall#test_with_funcall_passing_block_kw = 0.02 s
[3942/4401] TestFuncall#test_funcall_extra_args = 0.01 s
[3943/4401] TestFuncall#test_with_funcall2 = 0.01 s
[3944/4401] TestGemCommandsPushCommand#test_with_webauthn_enabled_failure_with_polling = 0.93 s
[3945/4401] TestGemCommandsPushCommand#test_otp_verified_failure = 0.90 s
[3946/4401] TestGemCommandsPushCommand#test_sending_gem_to_metadata_host = 0.90 s
[3947/4401] TestGemCommandsPushCommand#test_with_webauthn_enabled_success_with_polling = 0.90 s
[3948/4401] TestGemCommandsPushCommand#test_sending_gem_to_host_permanent_redirect = 0.89 s
[3949/4401] TestGemCommandsPushCommand#test_with_webauthn_enabled_success = 0.89 s
[3950/4401] TestGemCommandsPushCommand#test_execute_allowed_push_host = 0.89 s
[3951/4401] TestGemCommandsPushCommand#test_sending_gem_to_disallowed_default_host = 0.89 s
[3952/4401] TestGemCommandsPushCommand#test_execute_host = 0.90 s
[3953/4401] TestGemCommandsPushCommand#test_sending_gem_denied = 0.90 s
[3954/4401] TestGemCommandsPushCommand#test_sending_gem_unathorized_api_key_with_mfa_enabled = 0.90
s
[3955/4401] TestGemCommandsPushCommand#test_sending_gem_key = 0.91 s
[3956/4401] TestGemCommandsPushCommand#test_otp_verified_success = 0.90 s
[3957/4401] TestGemCommandsPushCommand#test_sending_gem_with_env_var_api_key = 1.16 s
[3958/4401] TestGemCommandsPushCommand#test_sending_gem_defaulting_to_allowed_push_host = 0.90 s
[3959/4401] TestGemCommandsPushCommand#test_with_webauthn_enabled_failure = 0.89 s
[3960/4401] TestGemCommandsPushCommand#test_sending_gem_to_allowed_push_host = 1.00 s
[3961/4401] TestGemCommandsPushCommand#test_execute_attestation = 0.90 s
[3962/4401] TestGemCommandsPushCommand#test_sending_gem_with_no_local_creds = 10.83 s
[3963/4401] TestGemCommandsPushCommand#test_execute = 0.90 s
[3964/4401] TestGemCommandsPushCommand#test_raises_error_with_no_arguments = 0.91 s
[3965/4401] TestGemCommandsPushCommand#test_sending_gem_to_allowed_push_host_with_basic_credentials
= 0.90 s
[3966/4401] TestGemCommandsPushCommand#test_sending_when_default_host_disabled_with_override = 1.38
s
[3967/4401] TestGemCommandsPushCommand#test_sending_gem_to_disallowed_push_host = 0.89 s
[3968/4401] TestGemCommandsPushCommand#test_sending_gem = 0.89 s
[3969/4401] TestGemCommandsPushCommand#test_sending_when_default_host_disabled = 0.89 s
[3970/4401] TestGemCommandsWhichCommand#test_execute_missing = 1.14 s
[3971/4401] TestGemCommandsWhichCommand#test_execute_one_missing = 1.62 s
[3972/4401] TestGemCommandsWhichCommand#test_execute_directory = 1.37 s
[3973/4401] TestGemCommandsWhichCommand#test_execute = 1.29 s
[3974/4401] TestUTF32#test_mbc_newline = 0.05 s
[3975/4401] TestUTF32#test_mbc_case_fold = 0.03 s
[3976/4401] TestUTF32#test_code_to_mbc = 0.01 s
[3977/4401] TestUTF32#test_mbc_len = 0.02 s
[3978/4401] TestUTF32#test_mbc_to_code = 0.01 s
[3979/4401] TestUTF32#test_utf32be_valid_encoding = 0.04 s
[3980/4401] TestUTF32#test_utf32le_valid_encoding = 0.03 s
[3981/4401] TestUTF32#test_substr = 0.01 s
[3982/4401] TestGemSourceFetchProblem#test_exception = 0.50 s
[3983/4401] TestGemSourceFetchProblem#test_source_password_no_redacted = 0.44 s
[3984/4401] TestGemSourceFetchProblem#test_password_redacted = 0.43 s
[3985/4401] TestSocket_BasicSocket#test_read_nonblock_mix_buffered = 0.08 s
[3986/4401] TestSocket_BasicSocket#test_close_read = 0.07 s
[3987/4401] TestSocket_BasicSocket#test_for_fd = 0.02 s
[3988/4401] TestSocket_BasicSocket#test_setsockopt = 0.02 s
[3989/4401] TestSocket_BasicSocket#test_write_nonblock_buffered = 0.05 s
[3990/4401] TestSocket_BasicSocket#test_getsockopt = 0.02 s
[3991/4401] TestSocket_BasicSocket#test_read_write_nonblock = 0.09 s
[3992/4401] TestSocket_BasicSocket#test_close_write = 0.05 s
[3993/4401] TestSocket_BasicSocket#test_listen = 0.01 s
[3994/4401] Test_Load_stringify_symbols#test_load_stringify_symbol_required_extensions = 0.20 s
[3995/4401] Test_Load_stringify_symbols#test_load_stringify_symbol_statically_linked = 0.32 s
[3996/4401] Test_Load_stringify_symbols#test_load_stringify_symbol_missing_target = 0.29 s
[3997/4401] TestGemCommandsUpdateCommand#test_execute_up_to_date = 0.79 s
[3998/4401] TestGemCommandsUpdateCommand#test_execute_named_up_to_date_prerelease = 0.84 s
[3999/4401] TestGemCommandsUpdateCommand#test_execute_system_update_installed = 0.84 s
[4000/4401] TestGemCommandsUpdateCommand#test_execute_dependencies = 0.83 s
[4001/4401] TestGemCommandsUpdateCommand#test_handle_options_system_non_version = 0.83 s
[4002/4401] TestGemCommandsUpdateCommand#test_update_gem_unresolved_dependency = 0.84 s
[4003/4401] TestGemCommandsUpdateCommand#test_fetch_remote_gems = 0.83 s
[4004/4401] TestGemCommandsUpdateCommand#test_execute_named_not_installed_and_no_update = 0.84 s
[4005/4401] TestGemCommandsUpdateCommand#test_execute_system_silent = 0.84 s
[4006/4401] TestGemCommandsUpdateCommand#test_fetch_remote_gems_mismatch = 0.83 s
[4007/4401] TestGemCommandsUpdateCommand#test_execute_system_update_installed_in_non_default_gem_pat
h = 0.83 s
[4008/4401] TestGemCommandsUpdateCommand#test_fetch_remote_gems_prerelease = 0.84 s
[4009/4401] TestGemCommandsUpdateCommand#test_execute_system_with_gems = 0.83 s
[4010/4401] TestGemCommandsUpdateCommand#test_handle_options_system_specific = 0.83 s
[4011/4401] TestGemCommandsUpdateCommand#test_execute_named = 1.11 s
[4012/4401] TestGemCommandsUpdateCommand#test_explain_platform_local = 0.83 s
[4013/4401] TestGemCommandsUpdateCommand#test_execute_system_multiple = 0.91 s
[4014/4401] TestGemCommandsUpdateCommand#test_execute_system_specific_older_than_3_2_removes_plugins
_dir = 0.83 s
[4015/4401] TestGemCommandsUpdateCommand#test_execute_system_silent_passed_to_setuprb = 0.89 s
[4016/4401] TestGemCommandsUpdateCommand#test_execute_system_with_disabled_update = 0.83 s
[4017/4401] TestGemCommandsUpdateCommand#test_execute_system_specifically_to_latest_version = 0.83 s
[4018/4401] TestGemCommandsUpdateCommand#test_handle_options_system = 0.83 s
[4019/4401] TestGemCommandsUpdateCommand#test_execute_system_specific_older_than_minimum_supported_r
ubygems = 0.84 s
[4020/4401] TestGemCommandsUpdateCommand#test_explain_platform_ruby = 0.84 s
[4021/4401] TestGemCommandsUpdateCommand#test_execute_user_install = 1.27 s
[4022/4401] TestGemCommandsUpdateCommand#test_execute = 0.83 s
[4023/4401] TestGemCommandsUpdateCommand#test_execute_system_specific = 0.84 s
[4024/4401] TestGemCommandsUpdateCommand#test_fetch_remote_gems_error = 0.83 s
[4025/4401] TestGemCommandsUpdateCommand#test_execute_system_when_latest_does_not_support_your_ruby
= 0.84 s
[4026/4401] TestGemCommandsUpdateCommand#test_execute_system_specific_newer_than_or_equal_to_3_2_lea
ves_plugins_dir_alone = 0.83 s
[4027/4401] TestGemCommandsUpdateCommand#test_update_rubygems_arguments = 0.83 s
[4028/4401] TestGemCommandsUpdateCommand#test_execute_system_when_latest_does_not_support_your_ruby_
but_previous_one_does = 0.83 s
[4029/4401] TestGemCommandsUpdateCommand#test_execute_named_up_to_date = 0.83 s
[4030/4401] TestGemCommandsUpdateCommand#test_execute_named_some_up_to_date = 0.83 s
[4031/4401] TestGemCommandsUpdateCommand#test_update_gem_prerelease = 1.10 s
[4032/4401] TestGemCommandsUpdateCommand#test_execute_system_at_latest = 0.84 s
[4033/4401] TestGemCommandsUpdateCommand#test_execute_system = 0.83 s
[4034/4401] TestGemCommandsUpdateCommand#test_explain = 0.94 s
[4035/4401] TestGemCommandsUpdateCommand#test_execute_multiple = 0.83 s
[4036/4401] TestDateConv#test_to_time_to_date_roundtrip__from_gregorian_date = 0.02 s
[4037/4401] TestDateConv#test_to_class = 0.03 s
[4038/4401] TestDateConv#test_to_time__from_date = 0.01 s
[4039/4401] TestDateConv#test_to_date__from_time = 0.02 s
[4040/4401] TestDateConv#test_to_datetime__from_date = 0.01 s
[4041/4401] TestDateConv#test_to_datetime__from_time = 0.09 s
[4042/4401] TestDateConv#test_to_time__from_datetime = 0.05 s
[4043/4401] TestDateConv#test_to_time__from_time = 0.02 s
[4044/4401] TestDateConv#test_to_date__from_date = 0.01 s
[4045/4401] TestDateConv#test_to_date__from_datetime = 0.02 s
[4046/4401] TestDateConv#test_to_datetime__from_datetime = 0.02 s
[4047/4401] TestDateConv#test_to_time_to_date_roundtrip__from_julian_date = 0.01 s
[4048/4401] TestGemResolverInstalledSpecification#test_installable_platform_eh = 0.77 s
[4049/4401] TestGemResolverInstalledSpecification#test_initialize = 0.50 s
[4050/4401] TestGemResolverInstalledSpecification#test_install = 0.42 s
[4051/4401] TestGemSourceVendor#test_initialize = 0.42 s
[4052/4401] TestGemSourceVendor#test_spaceship = 0.43 s
[4053/4401] TestDateCompat#test_compat = 0.03 s
[4054/4401] TestGemSourceSubpathProblem#test_load_specs = 1.53 s
[4055/4401] TestGemSourceSubpathProblem#test_fetch_spec = 1.58 s
[4056/4401] TestGemSourceSubpathProblem#test_dependency_resolver_set = 1.58 s
[4057/4401] TestGemExtCmakeBuilder#test_self_build = 0.93 s
[4058/4401] TestGemExtCmakeBuilder#test_self_build_has_makefile = 0.93 s
[4059/4401] TestGemExtCmakeBuilder#test_self_build_fail = 0.91 s
[4060/4401] TestGemAvailableSet#test_sorted_normal_versions = 8.15 s
[4061/4401] TestGemAvailableSet#test_sorted_respect_pre = 0.86 s
[4062/4401] TestGemAvailableSet#test_match_platform = 1.68 s
[4063/4401] TestGemAvailableSet#test_add_and_empty = 0.83 s
[4064/4401] TestGemAvailableSet#test_remove_installed_bang = 0.79 s
[4065/4401] TestGemAvailableSet#test_find_all = 0.99 s
[4066/4401] TestGemAvailableSet#test_best = 0.84 s
[4067/4401] TestGemGemcutterUtilities#test_sign_in_with_correct_otp_code = 0.97 s
[4068/4401] TestGemGemcutterUtilities#test_verify_missing_api_key = 0.66 s
[4069/4401] TestGemGemcutterUtilities#test_host = 0.66 s
[4070/4401] TestGemGemcutterUtilities#test_sign_in_with_webauthn_enabled = 1.03 s
[4071/4401] TestGemGemcutterUtilities#test_sign_in = 0.85 s
[4072/4401] TestGemGemcutterUtilities#test_verify_api_key = 0.67 s
[4073/4401] TestGemGemcutterUtilities#test_sign_in_skips_with_existing_credentials = 0.73 s
[4074/4401] TestGemGemcutterUtilities#test_sign_in_with_webauthn_enabled_with_polling = 1.08 s
[4075/4401] TestGemGemcutterUtilities#test_sign_in_with_host_ENV = 0.85 s
[4076/4401] TestGemGemcutterUtilities#test_sign_in_with_webauthn_enabled_with_polling_failure = 1.07
 s
[4077/4401] TestGemGemcutterUtilities#test_host_RUBYGEMS_HOST = 0.69 s
[4078/4401] TestGemGemcutterUtilities#test_sign_in_with_other_credentials_doesnt_overwrite_other_key
s = 0.91 s
[4079/4401] TestGemGemcutterUtilities#test_sign_in_with_host = 0.87 s
[4080/4401] TestGemGemcutterUtilities#test_sign_in_with_bad_credentials = 1.08 s
[4081/4401] TestGemGemcutterUtilities#test_alternate_key_alternate_host = 0.68 s
[4082/4401] TestGemGemcutterUtilities#test_signin_with_env_otp_code = 0.85 s
[4083/4401] TestGemGemcutterUtilities#test_api_key = 0.77 s
[4084/4401] TestGemGemcutterUtilities#test_sign_in_with_incorrect_otp_code = 0.87 s
[4085/4401] TestGemGemcutterUtilities#test_sign_in_skips_with_key_override = 0.75 s
[4086/4401] TestGemGemcutterUtilities#test_sign_in_with_host_nil = 0.86 s
[4087/4401] TestGemGemcutterUtilities#test_host_RUBYGEMS_HOST_empty = 0.66 s
[4088/4401] TestGemGemcutterUtilities#test_api_key_override = 0.85 s
[4089/4401] TestGemGemcutterUtilities#test_sign_in_with_webauthn_enabled_with_error = 0.96 s
[4090/4401] TestGemProjectSanity#test_require_rubygems_package = 10.39 s
[4091/4401] TestGemProjectSanity#test_manifest_is_up_to_date = 0.04 s
[4092/4401] TestGemCommandsCertCommand#test_execute_list = 2.00 s
[4093/4401] TestGemCommandsCertCommand#test_execute_build_bad_email_address = 1.75 s
[4094/4401] TestGemCommandsCertCommand#test_handle_options_certificate = 1.73 s
[4095/4401] TestGemCommandsCertCommand#test_execute_sign_default = 2.70 s
[4096/4401] TestGemCommandsCertCommand#test_handle_options_sign_encrypted_key = 2.87 s
[4097/4401] TestGemCommandsCertCommand#test_execute_sign_no_cert = 2.08 s
[4098/4401] TestGemCommandsCertCommand#test_execute_remove = 1.66 s
[4099/4401] TestGemCommandsCertCommand#test_execute_private_key = 2.33 s
[4100/4401] TestGemCommandsCertCommand#test_handle_options_sign_nonexistent = 2.30 s
[4101/4401] TestGemCommandsCertCommand#test_execute_add = 1.72 s
[4102/4401] TestGemCommandsCertCommand#test_execute_re_sign = 2.75 s
[4103/4401] TestGemCommandsCertCommand#test_execute_build = 35.85 s
[4104/4401] TestGemCommandsCertCommand#test_execute_build_ec_key = 2.51 s
[4105/4401] TestGemCommandsCertCommand#test_execute_list_filter = 1.96 s
[4106/4401] TestGemCommandsCertCommand#test_execute_remove_twice = 1.79 s
[4107/4401] TestGemCommandsCertCommand#test_execute_add_twice = 1.74 s
[4108/4401] TestGemCommandsCertCommand#test_certificates_matching = 0.68 s
[4109/4401] TestGemCommandsCertCommand#test_handle_options = 1.65 s
[4110/4401] TestGemCommandsCertCommand#test_handle_options_add_bad = 1.85 s
[4111/4401] TestGemCommandsCertCommand#test_execute_build_key = 2.70 s
[4112/4401] TestGemCommandsCertCommand#test_execute_build_key_algorithm_ec_key = 2.44 s
[4113/4401] TestGemCommandsCertCommand#test_certificates_matching_filter = 0.68 s
[4114/4401] TestGemCommandsCertCommand#test_execute_re_sign_with_cert_expiration_length_days = 2.81
s
[4115/4401] TestGemCommandsCertCommand#test_handle_options_sign = 2.76 s
[4116/4401] TestGemCommandsCertCommand#test_execute_build_encrypted_key = 2.62 s
[4117/4401] TestGemCommandsCertCommand#test_execute_certificate = 1.58 s
[4118/4401] TestGemCommandsCertCommand#test_execute_build_expiration_days = 44.19 s
[4119/4401] TestGemCommandsCertCommand#test_execute_build_bad_passphrase_confirmation = 1.73 s
[4120/4401] TestGemCommandsCertCommand#test_execute_sign_default_encrypted_key = 2.58 s
[4121/4401] TestGemCommandsCertCommand#test_execute_sign = 2.47 s
[4122/4401] TestGemCommandsCertCommand#test_execute_sign_no_key = 1.84 s
[4123/4401] TestGemCommandsCertCommand#test_execute_sign_encrypted_key = 2.49 s
[4124/4401] TestGemCommandsCertCommand#test_execute_remove_multiple = 1.79 s
[4125/4401] TestGemCommandsCertCommand#test_execute_encrypted_private_key = 9.36 s
[4126/4401] TestGemCommandsCertCommand#test_handle_options_key_bad = 2.35 s
[4127/4401] TestGemDoctor#test_gem_repository_eh = 0.69 s
[4128/4401] TestGemDoctor#test_doctor_child_missing = 0.49 s
[4129/4401] TestGemDoctor#test_doctor_dry_run = 0.93 s
[4130/4401] TestGemDoctor#test_doctor = 0.98 s
[4131/4401] TestGemDoctor#test_doctor_non_gem_home = 0.65 s
[4132/4401] TestGemDoctor#test_doctor_badly_named_plugins = 0.80 s
[4133/4401] TestIRB::HelpTest#test_show_cmds = 0.05 s
[4134/4401] TestIRB::HelpTest#test_help_lists_helper_methods = 0.04 s
[4135/4401] TestIRB::HelpTest#test_command_help_not_found = 0.04 s
[4136/4401] TestIRB::HelpTest#test_help_lists_user_aliases = 0.04 s
[4137/4401] TestIRB::HelpTest#test_help = 0.04 s
[4138/4401] TestIRB::HelpTest#test_command_help = 0.04 s
[4139/4401] TestCondition#test_condition = 0.01 s
[4140/4401] TestObjSpace#test_memsize_of_root_shared_string = 4.53 s
[4141/4401] TestObjSpace#test_name_error_message = 0.02 s
[4142/4401] TestObjSpace#test_load_allocation_path_load = 24.07 s
[4143/4401] TestObjSpace#test_objspace_trace = 2.64 s
[4144/4401] TestObjSpace#test_dump_escapes_method_name = 0.06 s
[4145/4401] TestObjSpace#test_count_symbols = 12.64 s
[4146/4401] TestObjSpace#test_count_objects_size = 1.40 s
[4147/4401] TestObjSpace#test_dump_special_consts = 0.02 s
[4148/4401] TestObjSpace#test_internal_class_of_on_ast = 0.03 s
[4149/4401] TestObjSpace#test_memsize_of_iseq = 0.03 s
[4150/4401] TestObjSpace#test_dump_object = 0.25 s
[4151/4401] TestObjSpace#test_trace_object_allocations = 2630.87 s
[4152/4401] TestObjSpace#test_dump_addresses_match_dump_all_addresses = 17.87 s
[4153/4401] TestObjSpace#test_dump_all = 60.69 s
[4154/4401] TestObjSpace#test_internal_super_of = 3.26 s
[4155/4401] TestObjSpace#test_count_objects_size_with_wrong_type = 0.01 s
[4156/4401] TestObjSpace#test_dump_special_floats = 0.02 s
[4157/4401] TestObjSpace#test_dump_array = 0.02 s
[4158/4401] TestObjSpace#test_trace_object_allocations_start_stop_clear = 0.03 s
[4159/4401] TestObjSpace#test_dump_to_io = 0.05 s
[4160/4401] TestObjSpace#test_dump_includes_imemo_type = 27.58 s
[4161/4401] TestObjSpace#test_dump_all_single_generation = 3.17 s
[4162/4401] TestObjSpace#test_dump_all_full = 21.56 s
[4163/4401] TestObjSpace#test_utf8_method_names = 0.02 s
[4164/4401] TestObjSpace#test_trace_object_allocations_compaction = 15.22 s
[4165/4401] TestObjSpace#test_anonymous_class_name = 0.04 s
[4166/4401] TestObjSpace#test_dump_callinfo_includes_mid = 8.33 s
[4167/4401] TestObjSpace#test_dump_objects_dumps_page_slot_sizes = 41.00 s
[4168/4401] TestObjSpace#test_dump_shapes = 4.75 s
[4169/4401] TestObjSpace#test_memsize_of = 0.16 s
[4170/4401] TestObjSpace#test_count_tdata_objects = 13.45 s
[4171/4401] TestObjSpace#test_argf_memsize = 0.02 s
[4172/4401] TestObjSpace#test_memsize_of_all = 3.05 s
[4173/4401] TestObjSpace#test_dump_to_default = 0.02 s
[4174/4401] TestObjSpace#test_dump_string_coderange = 0.02 s
[4175/4401] TestObjSpace#test_dump_not_too_complex_shape = 0.02 s
[4176/4401] TestObjSpace#test_dump_uninitialized_file = 2.64 s
[4177/4401] TestObjSpace#test_reachable_objects_from_root = 0.15 s
[4178/4401] TestObjSpace#test_reachable_objects_during_iteration = 32.35 s
[4179/4401] TestObjSpace#test_trace_object_allocations_compaction_freed_pagesSep  2 14:19:54 cheribs
d-riscv64-purecap kernel: Failed to write core file for process ruby (error 4)
 = 121.18 s
[4180/4401] TestObjSpace#test_internal_class_of = 157.45 s
[4181/4401] TestObjSpace#test_count_objects_size_with_hash = 2.53 s
[4182/4401] TestObjSpace#test_load_allocation_path_compile_file = 23.97 s
[4183/4401] TestObjSpace#test_dump_singleton_class = 0.09 s
[4184/4401] TestObjSpace#test_dump_includes_slot_size = 0.01 s
[4185/4401] TestObjSpace#test_load_allocation_path_load_from_binary = 0.01 s
[4186/4401] TestObjSpace#test_trace_object_allocations_stop_first = 11.75 s
[4187/4401] TestObjSpace#test_trace_object_allocations_gc_stress = 48.88 s
[4188/4401] TestObjSpace#test_dump_control_char = 0.01 s
[4189/4401] TestObjSpace#test_dump_reference_addresses_match_dump_all_addresses = 12.33 s
[4190/4401] TestObjSpace#test_reachable_objects_from = 34.68 s
[4191/4401] TestObjSpace#test_count_imemo_objects = 8.01 s
[4192/4401] TestObjSpace#test_escape_class_name = 0.02 s
[4193/4401] TestObjSpace#test_dump_class_addresses_match_dump_all_addresses = 30.29 s
[4194/4401] TestObjSpace#test_reachable_objects_size = 43.18 s
[4195/4401] TestObjSpace#test_dump_dynamic_symbol = 0.02 s
[4196/4401] TestObjSpace#test_dump_flags = 19.56 s
[4197/4401] TestAssignment#test_massign_const_order = 0.31 s
[4198/4401] TestAssignment#test_massign = 0.03 s
[4199/4401] TestAssignment#test_return = 0.11 s
[4200/4401] TestAssignment#test_massign_optimized_literal_bug_21012 = 0.01 s
[4201/4401] TestAssignment#test_const_assign_order = 0.03 s
[4202/4401] TestAssignment#test_assign_rescue = 0.01 s
[4203/4401] TestAssignment#test_nested_massign = 0.02 s
[4204/4401] TestAssignment#test_assign_ary_splat = 0.02 s
[4205/4401] TestAssignment#test_assign_simple = 0.02 s
[4206/4401] TestAssignment#test_massign_order = 0.05 s
[4207/4401] TestAssignment#test_lambda = 0.03 s
[4208/4401] TestAssignment#test_assign_splat = 0.01 s
[4209/4401] TestAssignment#test_next = 0.06 s
[4210/4401] TestAssignment#test_massign_simple = 0.02 s
[4211/4401] TestAssignment#test_assign = 0.01 s
[4212/4401] TestAssignment#test_const_massign = 0.01 s
[4213/4401] TestAssignment#test_assign_private_self = 0.03 s
[4214/4401] TestAssignment#test_break = 0.07 s
[4215/4401] TestAssignment#test_to_ary_splat = 0.01 s
[4216/4401] TestAssignment#test_assign_abbreviated = 0.01 s
[4217/4401] TestAssignment#test_massign_splat = 0.02 s
[4218/4401] TestAssignment#test_multi = 0.01 s
[4219/4401] TestAssignment#test_massign_in_cond = 0.01 s
[4220/4401] TestAssignment#test_yield = 0.09 s
[4221/4401] TestAssignment#test_assign_ary = 0.02 s
[4222/4401] Test_DotDot#test_load_dot_dot = 0.09 s
[4223/4401] TestGemSourceInstalled#test_spaceship = 0.87 s
[4224/4401] TestGemSourceInstalled#test_pretty_print = 0.63 s
[4225/4401] Test_BUG_3571#test_block_call_id = 2.57 s
[4226/4401] TestWarning#test_warn_called_only_when_category_enabled = 23.35 s
[4227/4401] TestCoverage#test_big_code = 7.52 s
[4228/4401] TestCoverage#test_stop_wrong_peephole_optimization = 2.68 s
[4229/4401] TestCoverage#test_resume_without_setup = 2.58 s
[4230/4401] TestCoverage#test_method_coverage = 3.00 s
[4231/4401] TestCoverage#test_coverage_supported = 0.02 s
[4232/4401] TestCoverage#test_branch_coverage_for_while_statement = 2.74 s
[4233/4401] TestCoverage#test_eval = 5.63 s
[4234/4401] TestCoverage#test_suspend_without_setup = 2.56 s
[4235/4401] TestCoverage#test_oneshot_line_coverage = 2.68 s
[4236/4401] TestCoverage#test_coverage_snapshot = 2.68 s
[4237/4401] TestCoverage#test_coverage_suspendable = 36.50 s
[4238/4401] TestCoverage#test_eval_coverage = 3.30 s
[4239/4401] TestCoverage#test_double_suspend = 2.57 s
[4240/4401] TestCoverage#test_clear_with_oneshot_lines = 2.67 s
[4241/4401] TestCoverage#test_restarting_coverage = 2.71 s
[4242/4401] TestCoverage#test_clear_with_lines = 2.66 s
[4243/4401] TestCoverage#test_coverage_running? = 2.58 s
[4244/4401] TestCoverage#test_result_with_nothing = 2.69 s
[4245/4401] TestCoverage#test_method_coverage_for_alias = 5.60 s
[4246/4401] TestCoverage#test_clear_with_branches = 2.84 s
[4247/4401] TestCoverage#test_eval_negative_lineno = 2.61 s
[4248/4401] TestCoverage#test_result_without_resume = 2.55 s
[4249/4401] TestCoverage#test_nocoverage_optimized_line = 9.93 s
[4250/4401] TestCoverage#test_line_stub = 0.10 s
[4251/4401] TestCoverage#test_result_without_start = 2.55 s
[4252/4401] TestCoverage#test_clear_with_methods = 14.51 s
[4253/4401] TestCoverage#test_branch_coverage_in_ensure_clause = 2.85 s
[4254/4401] TestCoverage#test_coverage_in_main_script = 2.72 s
[4255/4401] TestCoverage#test_branch_coverage_for_case_statement = 2.77 s
[4256/4401] TestCoverage#test_double_resume = 2.62 s
[4257/4401] TestCoverage#test_coverage_ensure_if_return = 2.72 s
[4258/4401] TestCoverage#test_peek_result_without_start = 2.56 s
[4259/4401] TestCoverage#test_method_coverage_for_define_method = 2.80 s
[4260/4401] TestCoverage#test_coverage_with_asan = 2.87 s
[4261/4401] TestCoverage#test_tag_break_with_branch_coverage = 3.07 s
[4262/4401] TestCoverage#test_branch_coverage_for_pattern_matching = 2.74 s
[4263/4401] TestCoverage#test_method_coverage_for_singleton_class = 2.77 s
[4264/4401] TestCoverage#test_coverage_state = 5.26 s
[4265/4401] TestCoverage#test_result_after_suspend = 2.60 s
[4266/4401] TestCoverage#test_branch_coverage_for_safe_method_invocation = 2.77 s
[4267/4401] TestCoverage#test_line_coverage_for_multiple_lines = 2.69 s
[4268/4401] TestCoverage#test_branch_coverage_for_if_statement = 2.88 s
[4269/4401] TestCoverage#test_coverage_optimized_branch = 2.93 s
[4270/4401] TestUri#test_to_s_invalid_uri = 0.62 s
[4271/4401] TestUri#test_redacted_with_user_x_oauth_basic = 0.47 s
[4272/4401] TestUri#test_to_s_not_string = 0.46 s
[4273/4401] TestUri#test_redacted_with_invalid_uri = 0.46 s
[4274/4401] TestUri#test_redacted_with_user_pass = 0.45 s
[4275/4401] TestUri#test_redacted_with_token = 0.45 s
[4276/4401] TestUri#test_redacted_without_credential = 0.44 s
[4277/4401] TestUri#test_redacted_does_not_modify_uri = 0.45 s
[4278/4401] TestFiberEnumerator#test_read_characters = 0.19 s
[4279/4401] TestWait#test_wait_for_valid_fd = 0.02 s
[4280/4401] TestWait#test_wait_for_invalid_fd = 11.84 s
[4281/4401] TestWait#test_wait_for_closed_pipe = 0.02 s
[4282/4401] TestFiberThread#test_thread_join_implicit = 0.19 s
[4283/4401] TestFiberThread#test_broken_unblock = 0.10 s
[4284/4401] TestFiberThread#test_thread_join_blocking = 0.05 s
[4285/4401] TestFiberThread#test_thread_join_timeout = 0.17 s
[4286/4401] TestFiberThread#test_thread_join_hang = 0.05 s
[4287/4401] TestFiberThread#test_thread_join = 0.04 s
[4288/4401] TestLogDevice#test_shifting_monthly_exist_file = 4.14 s
[4289/4401] TestLogDevice#test_reopen_io_by_io = 0.05 s
[4290/4401] TestLogDevice#test_shifting_midnight_exist_file = 4.32 s
[4291/4401] TestLogDevice#test_open_logfile_in_multiprocess = 154.55 s
[4292/4401] TestLogDevice#test_reopen_file_by_io = 0.06 s
[4293/4401] TestLogDevice#test_shifting_age = 0.15 s
[4294/4401] TestLogDevice#test_shifting_size_not_rotate_too_much = 0.65 s
[4295/4401] TestLogDevice#test_invalid_shifting_age = 0.03 s
[4296/4401] TestLogDevice#test_reopen_file = 0.04 s
[4297/4401] TestLogDevice#test_shifting_period_suffix = 0.21 s
[4298/4401] TestLogDevice#test_shifting_weekly_dst_change = 12.36 s
[4299/4401] TestLogDevice#test_reopen_io = 0.03 s
[4300/4401] TestLogDevice#test_shifting_size_in_multiprocess = 8.12 s
[4301/4401] TestLogDevice#test_shifting_age_variants = 0.07 s
[4302/4401] TestLogDevice#test_close = 0.03 s
[4303/4401] TestLogDevice#test_reopen_io_by_file = 0.04 s
[4304/4401] TestLogDevice#test_initialize = 0.09 s
[4305/4401] TestLogDevice#test_shifting_weekly = 4.07 s
[4306/4401] TestLogDevice#test_write = 0.06 s
[4307/4401] TestLogDevice#test_shifting_weekly_exist_file = 4.07 s
[4308/4401] TestLogDevice#test_shifting_size = 0.30 s
[4309/4401] TestLogDevice#test_shifting_midnight = 4.06 s
[4310/4401] TestLogDevice#test_shifting_dst_change = 4.05 s
[4311/4401] TestLogDevice#test_shifting_monthly_dst_change = 12.41 s
[4312/4401] TestLogDevice#test_reopen_file_by_file = 0.06 s
[4313/4401] TestLogDevice#test_shifting_age_in_multiprocess = 8.24 s
[4314/4401] TestLogDevice#test_shifting_monthly = 4.05 s
[4315/4401] TestOpenURI#test_progress = 0.41 s
[4316/4401] TestOpenURI#test_invalid_option = 0.02 s
[4317/4401] TestOpenURI#test_200big = 0.34 s
[4318/4401] TestOpenURI#test_redirect_with_request_specific_fields_proc = 0.27 s
[4319/4401] TestOpenURI#test_userinfo = 0.02 s
[4320/4401] TestOpenURI#test_meta_init_doesnt_bump_global_constant_state = 0.04 s
[4321/4401] TestOpenURI#test_redirect_with_invalid_request_specific_fields_format = 0.05 s
[4322/4401] TestOpenURI#test_close_in_block_small = 0.10 s
[4323/4401] TestOpenURI#test_open_timeout = 0.15 s
[4324/4401] TestOpenURI#test_200_uri_open = 0.10 s
[4325/4401] TestOpenURI#test_mode = 0.62 s
[4326/4401] TestOpenURI#test_200 = 0.12 s
[4327/4401] TestOpenURI#test_redirect_auth_success = 0.12 s
[4328/4401] TestOpenURI#test_redirect_auth_failure_r1 = 0.21 s
[4329/4401] TestOpenURI#test_without_block = 0.11 s
[4330/4401] TestOpenURI#test_quoted_attvalue = 0.35 s
[4331/4401] TestOpenURI#test_redirect_loop = 0.27 s
[4332/4401] TestOpenURI#test_uri_read = 0.11 s
[4333/4401] TestOpenURI#test_pass_keywords = 0.02 s
[4334/4401] TestOpenURI#test_redirect_auth_failure_r2 = 0.12 s
[4335/4401] TestOpenURI#test_encoding = 0.47 s
[4336/4401] TestOpenURI#test_open_uri = 0.16 s
[4337/4401] TestOpenURI#test_redirect = 0.49 s
[4338/4401] TestOpenURI#test_non_http_proxy = 0.03 s
[4339/4401] TestOpenURI#test_redirect_without_request_specific_fields_hash = 0.27 s
[4340/4401] TestOpenURI#test_multi_proxy_opt = 0.02 s
[4341/4401] TestOpenURI#test_header = 0.11 s
[4342/4401] TestOpenURI#test_404 = 0.12 s
[4343/4401] TestOpenURI#test_progress_chunked = 0.27 s
[4344/4401] TestOpenURI#test_last_modified = 0.13 s
[4345/4401] TestOpenURI#test_redirect_relative = 0.17 s
[4346/4401] TestOpenURI#test_redirect_with_request_specific_fields_hash = 0.17 s
[4347/4401] TestOpenURI#test_open_too_many_arg = 0.01 s
[4348/4401] TestOpenURI#test_redirect_invalid = 0.09 s
[4349/4401] TestOpenURI#test_max_redirects_too_many = 0.18 s
[4350/4401] TestOpenURI#test_read_timeout = 0.27 s
[4351/4401] TestOpenURI#test_content_encoding = 0.37 s
[4352/4401] TestOpenURI#test_max_redirects_success = 0.36 s
[4353/4401] TestOpenURI#test_multiple_cookies = 0.12 s
[4354/4401] TestOpenURI#test_close_in_block_big = 0.16 s
[4355/4401] Test_StringModifyExpand#test_integer_overflow = 0.02 s
[4356/4401] JSONEncodingTest#test_unicode = 0.07 s
[4357/4401] JSONEncodingTest#test_generate = 0.02 s
[4358/4401] JSONEncodingTest#test_chars = 0.25 s
[4359/4401] JSONEncodingTest#test_parse = 0.02 s
[4360/4401] TestConst#test_const_access_from_nil = 0.06 s
[4361/4401] TestConst#test_toplevel_lookup = 0.01 s
[4362/4401] TestConst#test_const = 0.03 s
[4363/4401] TestConst#test_redefinition = 0.02 s
[4364/4401] TestGemPackageOld#test_extract_files = 0.70 s
[4365/4401] TestGemPackageOld#test_extract_files_security_policy = 0.73 s
[4366/4401] TestGemPackageOld#test_contents_security_policy = 0.70 s
[4367/4401] TestGemPackageOld#test_contents = 0.70 s
[4368/4401] TestGemPackageOld#test_spec = 0.70 s
[4369/4401] TestGemPackageOld#test_spec_security_policy = 0.71 s
[4370/4401] TestGemPackageOld#test_verify = 0.71 s
[4371/4401] TestGemCommandsLockCommand#test_execute_strict = 1.30 s
[4372/4401] TestGemCommandsLockCommand#test_execute_missing_dependency = 1.30 s
[4373/4401] TestGemCommandsLockCommand#test_execute = 1.35 s
[4374/4401] TestIRB::NestingParserTest#test_backslash_continued_nested_symbol = 0.17 s
[4375/4401] TestIRB::NestingParserTest#test_parse_by_line = 0.12 s
[4376/4401] TestIRB::NestingParserTest#test_multiline_string = 0.06 s
[4377/4401] TestIRB::NestingParserTest#test_heredoc_embexpr = 0.25 s
[4378/4401] TestIRB::NestingParserTest#test_while_until = 1.02 s
[4379/4401] TestIRB::NestingParserTest#test_undef_alias = 0.63 s
[4380/4401] TestIRB::NestingParserTest#test_case_in = 0.10 s
[4381/4401] TestIRB::NestingParserTest#test_open_tokens = 0.16 s
[4382/4401] TestIRB::NestingParserTest#test_for_in = 0.61 s
[4383/4401] TestIRB::NestingParserTest#test_ruby_syntax = 2.44 s
[4384/4401] TestIRB::NestingParserTest#test_oneliner_def = 1.73 s
[4385/4401] TestProfileFrames#test_start = 0.04 s
[4386/4401] TestProfileFrames#test_matches_backtrace_locations_main_thread = 0.16 s
[4387/4401] TestProfileFrames#test_profile_frames = 0.14 s
[4388/4401] TestProfileFrames#test_ifunc_frame = 9.87 s
[4389/4401] TestProfileFrames#test_profile_thread_frames = 0.18 s
[4390/4401] TestGemCommandsOpenCommand#test_execute = 10.93 s
[4391/4401] TestGemCommandsOpenCommand#test_execute_bad_gem = 0.58 s
[4392/4401] TestGemCommandsOpenCommand#test_wrong_version = 0.65 s
[4393/4401] TestGemCommandsOpenCommand#test_default_gem = 0.76 s
[4394/4401] Test_StringExternalNew#test_buf_new = 0.02 s
[4395/4401] Test_StringExternalNew#test_external_new_with_enc = 0.10 s
[4396/4401] Test_Integer#test_fixnum_range = 0.03 s
[4397/4401] Test_Integer#test_positive_pow = 11.71 s
[4398/4401] TestGemConfig#test_bad_rake_path_is_escaped = 0.60 s
[4399/4401] TestGemConfig#test_good_rake_path_is_escaped = 7.14 s
[4400/4401] TestGemConfig#test_datadir = 1.51 s

  1) Failure:
TestGemCommandsOwnerCommand#test_show_owners_permanent_redirect [/root/ruby-3.4.5/test/rubygems/test
_gem_commands_owner_command.rb:136]:
[Gem::MockGemUi::TermError] exception expected, not #<LoadError: cannot load such file -- psych>.

  2) Failure:
TestBugReporter#test_bug_reporter_add [/root/ruby-3.4.5/test/-ext-/bug_reporter/test_bug_reporter.rb
:30]:
pid 5810 killed by signal 34
| -:1: [BUG] Segmentation fault at 0x00000000000000000000000000000000
| ruby 3.4.5 (2025-09-02 revision 71fe9338d2) +PRISM [riscv64-freebsd]
|
| -- Control frame information -----------------------------------------------
| c:0003 p:---- s:0012 e:000011 CFUNC  :kill
| c:0002 p:0022 s:0006 e:000005 EVAL   -:1 [FINISH]
| c:0001 p:0000 s:0003 E:000190 DUMMY  [FINISH]
|
| -- Ruby level backtrace information ----------------------------------------
| -:1:in '<main>'
| -:1:in 'kill'
|
| -- Threading information ---------------------------------------------------
| Total ractor count: 1
| Ruby thread count for this ractor: 1
|
| -- C level backtrace information -------------------------------------------
.

1. [2/2] Assertion for "stderr"
   | Expected /Sample bug reporter: 12345/
   | to match
   |   "-- Control frame information -----------------------------------------------\n"+
   |   "c:0003 p:---- s:0012 e:000011 CFUNC  :kill\n"+
   |   "c:0002 p:0022 s:0006 e:000005 EVAL   -:1 [FINISH]\n"+
   |   "c:0001 p:0000 s:0003 E:000190 DUMMY  [FINISH]\n\n"+
   |   "-- Ruby level backtrace information ----------------------------------------\n"+
   |   "-:1:in '<main>'\n"+
   |   "-:1:in 'kill'\n\n"+
   |   "-- Threading information ---------------------------------------------------\n"+
   |   "Total ractor count: 1\n"+
   |   "Ruby thread count for this ractor: 1\n\n"+
   |   "-- C level backtrace information -------------------------------------------\n"
   | after 4 patterns with 138 characters.

  3) Failure:
TestLoggerSeverity#test_thread_local_level [/root/ruby-3.4.5/test/logger/test_severity.rb:80]:
<1> expected but was
<0>.

  4) Failure:
TestGemCommandsInstallCommand#test_explain_platform_local_ignore_dependencies [/root/ruby-3.4.5/test
/rubygems/test_gem_commands_install_command.rb:1463]:
[Gem::MockGemUi::SystemExitException] exception expected, not #<LoadError: cannot load such file --
psych>.

  5) Failure:
TestObjSpace#test_dump_object [/root/ruby-3.4.5/test/objspace/test_objspace.rb:445]:
Expected "{\"address\":\"0xa5b9ef10\", \"type\":\"OBJECT\", \"shape_id\":2799, \"slot_size\":80, \"c
lass\":\"0x7f311d00\", \"ivars\":0, \"memsize\":208, \"flags\":{\"wb_protected\":true}}\n" to includ
e "\"ivars\":5".

  6) Failure:
TestRipper::ParserEvents#test_warn_duplicated_hash_keys [/root/ruby-3.4.5/test/ripper/test_parser_ev
ents.rb:1704]:
<[:a, 1]> expected but was
<[:a, 0]>.

  7) Failure:
TestRipper::ParserEvents#test_warning_duplicated_when_clause [/root/ruby-3.4.5/test/ripper/test_pars
er_events.rb:1698]:
<[4, 3]> expected but was
<[0, 3]>.

  8) Failure:
TestGemCommandsOwnerCommand#test_show_owners_denied [/root/ruby-3.4.5/test/rubygems/test_gem_command
s_owner_command.rb:114]:
[Gem::MockGemUi::TermError] exception expected, not #<LoadError: cannot load such file -- psych>.

  9) Failure:
TestData#test_hash [/root/ruby-3.4.5/test/ruby/test_data.rb:142]:
<-236667244685080059> expected to be != to
<-236667244685080059>.

 10) Failure:
TestGemCommandsInstallCommand#test_explain_platform_ruby [/root/ruby-3.4.5/test/rubygems/test_gem_co
mmands_install_command.rb:1492]:
[Gem::MockGemUi::SystemExitException] exception expected, not #<LoadError: cannot load such file --
psych>.

 11) Failure:
TestGemCommandsInstallCommand#test_execute_dependency_nonexistent [/root/ruby-3.4.5/test/rubygems/te
st_gem_commands_install_command.rb:299]:
[Gem::MockGemUi::TermError] exception expected, not #<LoadError: cannot load such file -- psych>.

 12) Failure:
TestGemCommandsInstallCommand#test_explain_platform_local [/root/ruby-3.4.5/test/rubygems/test_gem_c
ommands_install_command.rb:1436]:
[Gem::MockGemUi::SystemExitException] exception expected, not #<LoadError: cannot load such file --
psych>.

 13) Failure:
TestObjectSpace#test_finalizer [/root/ruby-3.4.5/test/ruby/test_objectspace.rb:105]:
pid 5542 killed by signal 34 (core dumped).

1. [1/2] Assertion for "stdout"
   | <[":ok", ":ok"]> expected but was
   | <[]>.

 14) Failure:
TestGemCommandsInstallCommand#test_explain_platform_ruby_ignore_dependencies [/root/ruby-3.4.5/test/
rubygems/test_gem_commands_install_command.rb:1522]:
[Gem::MockGemUi::SystemExitException] exception expected, not #<LoadError: cannot load such file --
psych>.

 15) Error:
TestGemCommandsPushCommand#test_execute_host:
NameError: method 'latest_rubygems_version' not defined in #<Class:Gem>
    /root/ruby-3.4.5/test/rubygems/test_gem_commands_push_command.rb:50:in 'Module#remove_method'
    /root/ruby-3.4.5/test/rubygems/test_gem_commands_push_command.rb:50:in 'block in TestGemCommands
PushCommand#teardown'
    /root/ruby-3.4.5/test/rubygems/test_gem_commands_push_command.rb:49:in 'Module#class_eval'
    /root/ruby-3.4.5/test/rubygems/test_gem_commands_push_command.rb:49:in 'TestGemCommandsPushComma
nd#teardown'

 16) Error:
TestGemConfig#test_datadir:
LoadError: cannot load such file -- psych
    <internal:/root/ruby-3.4.5/lib/rubygems/core_ext/kernel_require.rb>:136:in 'Kernel#require'
    <internal:/root/ruby-3.4.5/lib/rubygems/core_ext/kernel_require.rb>:136:in 'Kernel#require'
    /root/ruby-3.4.5/lib/rubygems.rb:621:in 'Gem.load_yaml'
    /root/ruby-3.4.5/lib/rubygems/package.rb:295:in 'Gem::Package#build'
    /root/ruby-3.4.5/lib/rubygems/package.rb:136:in 'Gem::Package.build'
    /root/ruby-3.4.5/test/rubygems/helper.rb:762:in 'block (2 levels) in Gem::TestCase#util_build_ge
m'
    /root/ruby-3.4.5/lib/rubygems/user_interaction.rb:46:in 'Gem::DefaultUserInteraction.use_ui'
    /root/ruby-3.4.5/lib/rubygems/user_interaction.rb:69:in 'Gem::DefaultUserInteraction#use_ui'
    /root/ruby-3.4.5/test/rubygems/helper.rb:761:in 'block in Gem::TestCase#util_build_gem'
    /root/ruby-3.4.5/test/rubygems/helper.rb:751:in 'Dir.chdir'
    /root/ruby-3.4.5/test/rubygems/helper.rb:751:in 'Gem::TestCase#util_build_gem'
    /root/ruby-3.4.5/test/rubygems/helper.rb:1000:in 'block in Gem::TestCase#util_make_gems'
    /root/ruby-3.4.5/test/rubygems/helper.rb:999:in 'Array#each'
    /root/ruby-3.4.5/test/rubygems/helper.rb:999:in 'Gem::TestCase#util_make_gems'
    /root/ruby-3.4.5/test/rubygems/test_config.rb:9:in 'TestGemConfig#test_datadir'

 17) Error:
TestGemCommandsPushCommand#test_execute_host:
LoadError: cannot load such file -- psych
    <internal:/root/ruby-3.4.5/lib/rubygems/core_ext/kernel_require.rb>:136:in 'Kernel#require'
    <internal:/root/ruby-3.4.5/lib/rubygems/core_ext/kernel_require.rb>:136:in 'Kernel#require'
    /root/ruby-3.4.5/lib/rubygems.rb:621:in 'Gem.load_yaml'
    /root/ruby-3.4.5/lib/rubygems/package.rb:295:in 'Gem::Package#build'
    /root/ruby-3.4.5/lib/rubygems/package.rb:136:in 'Gem::Package.build'
    /root/ruby-3.4.5/test/rubygems/helper.rb:762:in 'block (2 levels) in Gem::TestCase#util_build_ge
m'
    /root/ruby-3.4.5/lib/rubygems/user_interaction.rb:46:in 'Gem::DefaultUserInteraction.use_ui'
    /root/ruby-3.4.5/lib/rubygems/user_interaction.rb:69:in 'Gem::DefaultUserInteraction#use_ui'
    /root/ruby-3.4.5/test/rubygems/helper.rb:761:in 'block in Gem::TestCase#util_build_gem'
    /root/ruby-3.4.5/test/rubygems/helper.rb:751:in 'Dir.chdir'
    /root/ruby-3.4.5/test/rubygems/helper.rb:751:in 'Gem::TestCase#util_build_gem'
    /root/ruby-3.4.5/test/rubygems/helper.rb:899:in 'Gem::TestCase#util_gem'
    /root/ruby-3.4.5/test/rubygems/test_gem_commands_push_command.rb:26:in 'TestGemCommandsPushComma
nd#setup'

 18) Error:
TestGemCommandsPushCommand#test_sending_gem_to_disallowed_default_host:
NameError: method 'latest_rubygems_version' not defined in #<Class:Gem>
    /root/ruby-3.4.5/test/rubygems/test_gem_commands_push_command.rb:50:in 'Module#remove_method'
    /root/ruby-3.4.5/test/rubygems/test_gem_commands_push_command.rb:50:in 'block in TestGemCommands
PushCommand#teardown'
    /root/ruby-3.4.5/test/rubygems/test_gem_commands_push_command.rb:49:in 'Module#class_eval'
    /root/ruby-3.4.5/test/rubygems/test_gem_commands_push_command.rb:49:in 'TestGemCommandsPushComma
nd#teardown'

 19) Error:
TestGemCommandsPushCommand#test_sending_gem_to_disallowed_default_host:
LoadError: cannot load such file -- psych
    <internal:/root/ruby-3.4.5/lib/rubygems/core_ext/kernel_require.rb>:136:in 'Kernel#require'
    <internal:/root/ruby-3.4.5/lib/rubygems/core_ext/kernel_require.rb>:136:in 'Kernel#require'
    /root/ruby-3.4.5/lib/rubygems.rb:621:in 'Gem.load_yaml'
    /root/ruby-3.4.5/lib/rubygems/package.rb:295:in 'Gem::Package#build'
    /root/ruby-3.4.5/lib/rubygems/package.rb:136:in 'Gem::Package.build'
    /root/ruby-3.4.5/test/rubygems/helper.rb:762:in 'block (2 levels) in Gem::TestCase#util_build_ge
m'
    /root/ruby-3.4.5/lib/rubygems/user_interaction.rb:46:in 'Gem::DefaultUserInteraction.use_ui'
    /root/ruby-3.4.5/lib/rubygems/user_interaction.rb:69:in 'Gem::DefaultUserInteraction#use_ui'
    /root/ruby-3.4.5/test/rubygems/helper.rb:761:in 'block in Gem::TestCase#util_build_gem'
    /root/ruby-3.4.5/test/rubygems/helper.rb:751:in 'Dir.chdir'
    /root/ruby-3.4.5/test/rubygems/helper.rb:751:in 'Gem::TestCase#util_build_gem'
    /root/ruby-3.4.5/test/rubygems/helper.rb:899:in 'Gem::TestCase#util_gem'
    /root/ruby-3.4.5/test/rubygems/test_gem_commands_push_command.rb:26:in 'TestGemCommandsPushComma
nd#setup'

 20) Error:
TestGemCommandsPushCommand#test_execute_allowed_push_host:
NameError: method 'latest_rubygems_version' not defined in #<Class:Gem>
    /root/ruby-3.4.5/test/rubygems/test_gem_commands_push_command.rb:50:in 'Module#remove_method'
    /root/ruby-3.4.5/test/rubygems/test_gem_commands_push_command.rb:50:in 'block in TestGemCommands
PushCommand#teardown'
    /root/ruby-3.4.5/test/rubygems/test_gem_commands_push_command.rb:49:in 'Module#class_eval'
    /root/ruby-3.4.5/test/rubygems/test_gem_commands_push_command.rb:49:in 'TestGemCommandsPushComma
nd#teardown'

 21) Error:
TestGemCommandsPushCommand#test_execute_allowed_push_host:
LoadError: cannot load such file -- psych
    <internal:/root/ruby-3.4.5/lib/rubygems/core_ext/kernel_require.rb>:136:in 'Kernel#require'
    <internal:/root/ruby-3.4.5/lib/rubygems/core_ext/kernel_require.rb>:136:in 'Kernel#require'
    /root/ruby-3.4.5/lib/rubygems.rb:621:in 'Gem.load_yaml'
    /root/ruby-3.4.5/lib/rubygems/package.rb:295:in 'Gem::Package#build'
    /root/ruby-3.4.5/lib/rubygems/package.rb:136:in 'Gem::Package.build'
    /root/ruby-3.4.5/test/rubygems/helper.rb:762:in 'block (2 levels) in Gem::TestCase#util_build_ge
m'
    /root/ruby-3.4.5/lib/rubygems/user_interaction.rb:46:in 'Gem::DefaultUserInteraction.use_ui'
    /root/ruby-3.4.5/lib/rubygems/user_interaction.rb:69:in 'Gem::DefaultUserInteraction#use_ui'
    /root/ruby-3.4.5/test/rubygems/helper.rb:761:in 'block in Gem::TestCase#util_build_gem'
    /root/ruby-3.4.5/test/rubygems/helper.rb:751:in 'Dir.chdir'
    /root/ruby-3.4.5/test/rubygems/helper.rb:751:in 'Gem::TestCase#util_build_gem'
    /root/ruby-3.4.5/test/rubygems/helper.rb:899:in 'Gem::TestCase#util_gem'
    /root/ruby-3.4.5/test/rubygems/test_gem_commands_push_command.rb:26:in 'TestGemCommandsPushComma
nd#setup'

 22) Error:
TestGemCommandsPushCommand#test_with_webauthn_enabled_success:
NameError: method 'latest_rubygems_version' not defined in #<Class:Gem>
    /root/ruby-3.4.5/test/rubygems/test_gem_commands_push_command.rb:50:in 'Module#remove_method'
    /root/ruby-3.4.5/test/rubygems/test_gem_commands_push_command.rb:50:in 'block in TestGemCommands
PushCommand#teardown'
    /root/ruby-3.4.5/test/rubygems/test_gem_commands_push_command.rb:49:in 'Module#class_eval'
    /root/ruby-3.4.5/test/rubygems/test_gem_commands_push_command.rb:49:in 'TestGemCommandsPushComma
nd#teardown'

 23) Error:
TestGemCommandsPushCommand#test_with_webauthn_enabled_success:
LoadError: cannot load such file -- psych
    <internal:/root/ruby-3.4.5/lib/rubygems/core_ext/kernel_require.rb>:136:in 'Kernel#require'
    <internal:/root/ruby-3.4.5/lib/rubygems/core_ext/kernel_require.rb>:136:in 'Kernel#require'
    /root/ruby-3.4.5/lib/rubygems.rb:621:in 'Gem.load_yaml'
    /root/ruby-3.4.5/lib/rubygems/package.rb:295:in 'Gem::Package#build'
    /root/ruby-3.4.5/lib/rubygems/package.rb:136:in 'Gem::Package.build'
    /root/ruby-3.4.5/test/rubygems/helper.rb:762:in 'block (2 levels) in Gem::TestCase#util_build_ge
m'
    /root/ruby-3.4.5/lib/rubygems/user_interaction.rb:46:in 'Gem::DefaultUserInteraction.use_ui'
    /root/ruby-3.4.5/lib/rubygems/user_interaction.rb:69:in 'Gem::DefaultUserInteraction#use_ui'
    /root/ruby-3.4.5/test/rubygems/helper.rb:761:in 'block in Gem::TestCase#util_build_gem'
    /root/ruby-3.4.5/test/rubygems/helper.rb:751:in 'Dir.chdir'
    /root/ruby-3.4.5/test/rubygems/helper.rb:751:in 'Gem::TestCase#util_build_gem'
    /root/ruby-3.4.5/test/rubygems/helper.rb:899:in 'Gem::TestCase#util_gem'
    /root/ruby-3.4.5/test/rubygems/test_gem_commands_push_command.rb:26:in 'TestGemCommandsPushComma
nd#setup'

 24) Error:
TestGemCommandsPushCommand#test_sending_gem_to_host_permanent_redirect:
NameError: method 'latest_rubygems_version' not defined in #<Class:Gem>
    /root/ruby-3.4.5/test/rubygems/test_gem_commands_push_command.rb:50:in 'Module#remove_method'
    /root/ruby-3.4.5/test/rubygems/test_gem_commands_push_command.rb:50:in 'block in TestGemCommands
PushCommand#teardown'
    /root/ruby-3.4.5/test/rubygems/test_gem_commands_push_command.rb:49:in 'Module#class_eval'
    /root/ruby-3.4.5/test/rubygems/test_gem_commands_push_command.rb:49:in 'TestGemCommandsPushComma
nd#teardown'

 25) Error:
TestGemCommandsPushCommand#test_sending_gem_to_host_permanent_redirect:
LoadError: cannot load such file -- psych
    <internal:/root/ruby-3.4.5/lib/rubygems/core_ext/kernel_require.rb>:136:in 'Kernel#require'
    <internal:/root/ruby-3.4.5/lib/rubygems/core_ext/kernel_require.rb>:136:in 'Kernel#require'
    /root/ruby-3.4.5/lib/rubygems.rb:621:in 'Gem.load_yaml'
    /root/ruby-3.4.5/lib/rubygems/package.rb:295:in 'Gem::Package#build'
    /root/ruby-3.4.5/lib/rubygems/package.rb:136:in 'Gem::Package.build'
    /root/ruby-3.4.5/test/rubygems/helper.rb:762:in 'block (2 levels) in Gem::TestCase#util_build_ge
m'
    /root/ruby-3.4.5/lib/rubygems/user_interaction.rb:46:in 'Gem::DefaultUserInteraction.use_ui'
    /root/ruby-3.4.5/lib/rubygems/user_interaction.rb:69:in 'Gem::DefaultUserInteraction#use_ui'
    /root/ruby-3.4.5/test/rubygems/helper.rb:761:in 'block in Gem::TestCase#util_build_gem'
    /root/ruby-3.4.5/test/rubygems/helper.rb:751:in 'Dir.chdir'
    /root/ruby-3.4.5/test/rubygems/helper.rb:751:in 'Gem::TestCase#util_build_gem'
    /root/ruby-3.4.5/test/rubygems/helper.rb:899:in 'Gem::TestCase#util_gem'
    /root/ruby-3.4.5/test/rubygems/test_gem_commands_push_command.rb:26:in 'TestGemCommandsPushComma
nd#setup'

 26) Error:
TestGemCommandsPushCommand#test_with_webauthn_enabled_success_with_polling:
NameError: method 'latest_rubygems_version' not defined in #<Class:Gem>
    /root/ruby-3.4.5/test/rubygems/test_gem_commands_push_command.rb:50:in 'Module#remove_method'
    /root/ruby-3.4.5/test/rubygems/test_gem_commands_push_command.rb:50:in 'block in TestGemCommands
PushCommand#teardown'
    /root/ruby-3.4.5/test/rubygems/test_gem_commands_push_command.rb:49:in 'Module#class_eval'
    /root/ruby-3.4.5/test/rubygems/test_gem_commands_push_command.rb:49:in 'TestGemCommandsPushComma
nd#teardown'

 27) Error:
TestGemCommandsPushCommand#test_with_webauthn_enabled_success_with_polling:
LoadError: cannot load such file -- psych
    <internal:/root/ruby-3.4.5/lib/rubygems/core_ext/kernel_require.rb>:136:in 'Kernel#require'
    <internal:/root/ruby-3.4.5/lib/rubygems/core_ext/kernel_require.rb>:136:in 'Kernel#require'
    /root/ruby-3.4.5/lib/rubygems.rb:621:in 'Gem.load_yaml'
    /root/ruby-3.4.5/lib/rubygems/package.rb:295:in 'Gem::Package#build'
    /root/ruby-3.4.5/lib/rubygems/package.rb:136:in 'Gem::Package.build'
    /root/ruby-3.4.5/test/rubygems/helper.rb:762:in 'block (2 levels) in Gem::TestCase#util_build_ge
m'
    /root/ruby-3.4.5/lib/rubygems/user_interaction.rb:46:in 'Gem::DefaultUserInteraction.use_ui'
    /root/ruby-3.4.5/lib/rubygems/user_interaction.rb:69:in 'Gem::DefaultUserInteraction#use_ui'
    /root/ruby-3.4.5/test/rubygems/helper.rb:761:in 'block in Gem::TestCase#util_build_gem'
    /root/ruby-3.4.5/test/rubygems/helper.rb:751:in 'Dir.chdir'
    /root/ruby-3.4.5/test/rubygems/helper.rb:751:in 'Gem::TestCase#util_build_gem'
    /root/ruby-3.4.5/test/rubygems/helper.rb:899:in 'Gem::TestCase#util_gem'
    /root/ruby-3.4.5/test/rubygems/test_gem_commands_push_command.rb:26:in 'TestGemCommandsPushComma
nd#setup'

 28) Error:
TestGemCommandsPushCommand#test_sending_gem_with_no_local_creds:
LoadError: cannot load such file -- psych
    <internal:/root/ruby-3.4.5/lib/rubygems/core_ext/kernel_require.rb>:136:in 'Kernel#require'
    <internal:/root/ruby-3.4.5/lib/rubygems/core_ext/kernel_require.rb>:136:in 'Kernel#require'
    /root/ruby-3.4.5/lib/rubygems.rb:621:in 'Gem.load_yaml'
    /root/ruby-3.4.5/lib/rubygems/package.rb:295:in 'Gem::Package#build'
    /root/ruby-3.4.5/lib/rubygems/package.rb:136:in 'Gem::Package.build'
    /root/ruby-3.4.5/test/rubygems/helper.rb:762:in 'block (2 levels) in Gem::TestCase#util_build_ge
m'
    /root/ruby-3.4.5/lib/rubygems/user_interaction.rb:46:in 'Gem::DefaultUserInteraction.use_ui'
    /root/ruby-3.4.5/lib/rubygems/user_interaction.rb:69:in 'Gem::DefaultUserInteraction#use_ui'
    /root/ruby-3.4.5/test/rubygems/helper.rb:761:in 'block in Gem::TestCase#util_build_gem'
    /root/ruby-3.4.5/test/rubygems/helper.rb:751:in 'Dir.chdir'
    /root/ruby-3.4.5/test/rubygems/helper.rb:751:in 'Gem::TestCase#util_build_gem'
    /root/ruby-3.4.5/test/rubygems/helper.rb:899:in 'Gem::TestCase#util_gem'
    /root/ruby-3.4.5/test/rubygems/test_gem_commands_push_command.rb:26:in 'TestGemCommandsPushComma
nd#setup'

 29) Error:
TestGemCommandsPushCommand#test_execute_attestation:
NameError: method 'latest_rubygems_version' not defined in #<Class:Gem>
    /root/ruby-3.4.5/test/rubygems/test_gem_commands_push_command.rb:50:in 'Module#remove_method'
    /root/ruby-3.4.5/test/rubygems/test_gem_commands_push_command.rb:50:in 'block in TestGemCommands
PushCommand#teardown'
    /root/ruby-3.4.5/test/rubygems/test_gem_commands_push_command.rb:49:in 'Module#class_eval'
    /root/ruby-3.4.5/test/rubygems/test_gem_commands_push_command.rb:49:in 'TestGemCommandsPushComma
nd#teardown'

 30) Error:
TestGemCommandsPushCommand#test_execute_attestation:
LoadError: cannot load such file -- psych
    <internal:/root/ruby-3.4.5/lib/rubygems/core_ext/kernel_require.rb>:136:in 'Kernel#require'
    <internal:/root/ruby-3.4.5/lib/rubygems/core_ext/kernel_require.rb>:136:in 'Kernel#require'
    /root/ruby-3.4.5/lib/rubygems.rb:621:in 'Gem.load_yaml'
    /root/ruby-3.4.5/lib/rubygems/package.rb:295:in 'Gem::Package#build'
    /root/ruby-3.4.5/lib/rubygems/package.rb:136:in 'Gem::Package.build'
    /root/ruby-3.4.5/test/rubygems/helper.rb:762:in 'block (2 levels) in Gem::TestCase#util_build_ge
m'
    /root/ruby-3.4.5/lib/rubygems/user_interaction.rb:46:in 'Gem::DefaultUserInteraction.use_ui'
    /root/ruby-3.4.5/lib/rubygems/user_interaction.rb:69:in 'Gem::DefaultUserInteraction#use_ui'
    /root/ruby-3.4.5/test/rubygems/helper.rb:761:in 'block in Gem::TestCase#util_build_gem'
    /root/ruby-3.4.5/test/rubygems/helper.rb:751:in 'Dir.chdir'
    /root/ruby-3.4.5/test/rubygems/helper.rb:751:in 'Gem::TestCase#util_build_gem'
    /root/ruby-3.4.5/test/rubygems/helper.rb:899:in 'Gem::TestCase#util_gem'
    /root/ruby-3.4.5/test/rubygems/test_gem_commands_push_command.rb:26:in 'TestGemCommandsPushComma
nd#setup'

 31) Error:
TestGemCommandsPushCommand#test_sending_gem_to_allowed_push_host:
NameError: method 'latest_rubygems_version' not defined in #<Class:Gem>
    /root/ruby-3.4.5/test/rubygems/test_gem_commands_push_command.rb:50:in 'Module#remove_method'
    /root/ruby-3.4.5/test/rubygems/test_gem_commands_push_command.rb:50:in 'block in TestGemCommands
PushCommand#teardown'
    /root/ruby-3.4.5/test/rubygems/test_gem_commands_push_command.rb:49:in 'Module#class_eval'
    /root/ruby-3.4.5/test/rubygems/test_gem_commands_push_command.rb:49:in 'TestGemCommandsPushComma
nd#teardown'

 32) Error:
TestGemCommandsPushCommand#test_sending_gem_to_allowed_push_host:
LoadError: cannot load such file -- psych
    <internal:/root/ruby-3.4.5/lib/rubygems/core_ext/kernel_require.rb>:136:in 'Kernel#require'
    <internal:/root/ruby-3.4.5/lib/rubygems/core_ext/kernel_require.rb>:136:in 'Kernel#require'
    /root/ruby-3.4.5/lib/rubygems.rb:621:in 'Gem.load_yaml'
    /root/ruby-3.4.5/lib/rubygems/package.rb:295:in 'Gem::Package#build'
    /root/ruby-3.4.5/lib/rubygems/package.rb:136:in 'Gem::Package.build'
    /root/ruby-3.4.5/test/rubygems/helper.rb:762:in 'block (2 levels) in Gem::TestCase#util_build_ge
m'
    /root/ruby-3.4.5/lib/rubygems/user_interaction.rb:46:in 'Gem::DefaultUserInteraction.use_ui'
    /root/ruby-3.4.5/lib/rubygems/user_interaction.rb:69:in 'Gem::DefaultUserInteraction#use_ui'
    /root/ruby-3.4.5/test/rubygems/helper.rb:761:in 'block in Gem::TestCase#util_build_gem'
    /root/ruby-3.4.5/test/rubygems/helper.rb:751:in 'Dir.chdir'
    /root/ruby-3.4.5/test/rubygems/helper.rb:751:in 'Gem::TestCase#util_build_gem'
    /root/ruby-3.4.5/test/rubygems/helper.rb:899:in 'Gem::TestCase#util_gem'
    /root/ruby-3.4.5/test/rubygems/test_gem_commands_push_command.rb:26:in 'TestGemCommandsPushComma
nd#setup'

 33) Error:
TestGemCommandsPushCommand#test_with_webauthn_enabled_failure:
NameError: method 'latest_rubygems_version' not defined in #<Class:Gem>
    /root/ruby-3.4.5/test/rubygems/test_gem_commands_push_command.rb:50:in 'Module#remove_method'
    /root/ruby-3.4.5/test/rubygems/test_gem_commands_push_command.rb:50:in 'block in TestGemCommands
PushCommand#teardown'
    /root/ruby-3.4.5/test/rubygems/test_gem_commands_push_command.rb:49:in 'Module#class_eval'
    /root/ruby-3.4.5/test/rubygems/test_gem_commands_push_command.rb:49:in 'TestGemCommandsPushComma
nd#teardown'

 34) Error:
TestGemCommandsPushCommand#test_with_webauthn_enabled_failure:
LoadError: cannot load such file -- psych
    <internal:/root/ruby-3.4.5/lib/rubygems/core_ext/kernel_require.rb>:136:in 'Kernel#require'
    <internal:/root/ruby-3.4.5/lib/rubygems/core_ext/kernel_require.rb>:136:in 'Kernel#require'
    /root/ruby-3.4.5/lib/rubygems.rb:621:in 'Gem.load_yaml'
    /root/ruby-3.4.5/lib/rubygems/package.rb:295:in 'Gem::Package#build'
    /root/ruby-3.4.5/lib/rubygems/package.rb:136:in 'Gem::Package.build'
    /root/ruby-3.4.5/test/rubygems/helper.rb:762:in 'block (2 levels) in Gem::TestCase#util_build_ge
m'
    /root/ruby-3.4.5/lib/rubygems/user_interaction.rb:46:in 'Gem::DefaultUserInteraction.use_ui'
    /root/ruby-3.4.5/lib/rubygems/user_interaction.rb:69:in 'Gem::DefaultUserInteraction#use_ui'
    /root/ruby-3.4.5/test/rubygems/helper.rb:761:in 'block in Gem::TestCase#util_build_gem'
    /root/ruby-3.4.5/test/rubygems/helper.rb:751:in 'Dir.chdir'
    /root/ruby-3.4.5/test/rubygems/helper.rb:751:in 'Gem::TestCase#util_build_gem'
    /root/ruby-3.4.5/test/rubygems/helper.rb:899:in 'Gem::TestCase#util_gem'
    /root/ruby-3.4.5/test/rubygems/test_gem_commands_push_command.rb:26:in 'TestGemCommandsPushComma
nd#setup'

 35) Error:
TestGemCommandsPushCommand#test_sending_gem_defaulting_to_allowed_push_host:
NameError: method 'latest_rubygems_version' not defined in #<Class:Gem>
    /root/ruby-3.4.5/test/rubygems/test_gem_commands_push_command.rb:50:in 'Module#remove_method'
    /root/ruby-3.4.5/test/rubygems/test_gem_commands_push_command.rb:50:in 'block in TestGemCommands
PushCommand#teardown'
    /root/ruby-3.4.5/test/rubygems/test_gem_commands_push_command.rb:49:in 'Module#class_eval'
    /root/ruby-3.4.5/test/rubygems/test_gem_commands_push_command.rb:49:in 'TestGemCommandsPushComma
nd#teardown'

 36) Error:
TestGemCommandsPushCommand#test_sending_gem_defaulting_to_allowed_push_host:
LoadError: cannot load such file -- psych
    <internal:/root/ruby-3.4.5/lib/rubygems/core_ext/kernel_require.rb>:136:in 'Kernel#require'
    <internal:/root/ruby-3.4.5/lib/rubygems/core_ext/kernel_require.rb>:136:in 'Kernel#require'
    /root/ruby-3.4.5/lib/rubygems.rb:621:in 'Gem.load_yaml'
    /root/ruby-3.4.5/lib/rubygems/package.rb:295:in 'Gem::Package#build'
    /root/ruby-3.4.5/lib/rubygems/package.rb:136:in 'Gem::Package.build'
    /root/ruby-3.4.5/test/rubygems/helper.rb:762:in 'block (2 levels) in Gem::TestCase#util_build_ge
m'
    /root/ruby-3.4.5/lib/rubygems/user_interaction.rb:46:in 'Gem::DefaultUserInteraction.use_ui'
    /root/ruby-3.4.5/lib/rubygems/user_interaction.rb:69:in 'Gem::DefaultUserInteraction#use_ui'
    /root/ruby-3.4.5/test/rubygems/helper.rb:761:in 'block in Gem::TestCase#util_build_gem'
    /root/ruby-3.4.5/test/rubygems/helper.rb:751:in 'Dir.chdir'
    /root/ruby-3.4.5/test/rubygems/helper.rb:751:in 'Gem::TestCase#util_build_gem'
    /root/ruby-3.4.5/test/rubygems/helper.rb:899:in 'Gem::TestCase#util_gem'
    /root/ruby-3.4.5/test/rubygems/test_gem_commands_push_command.rb:26:in 'TestGemCommandsPushComma
nd#setup'

 37) Error:
TestGemCommandsPushCommand#test_sending_gem_with_env_var_api_key:
NameError: method 'latest_rubygems_version' not defined in #<Class:Gem>
    /root/ruby-3.4.5/test/rubygems/test_gem_commands_push_command.rb:50:in 'Module#remove_method'
    /root/ruby-3.4.5/test/rubygems/test_gem_commands_push_command.rb:50:in 'block in TestGemCommands
PushCommand#teardown'
    /root/ruby-3.4.5/test/rubygems/test_gem_commands_push_command.rb:49:in 'Module#class_eval'
    /root/ruby-3.4.5/test/rubygems/test_gem_commands_push_command.rb:49:in 'TestGemCommandsPushComma
nd#teardown'

 38) Error:
TestGemCommandsPushCommand#test_sending_gem_with_env_var_api_key:
LoadError: cannot load such file -- psych
    <internal:/root/ruby-3.4.5/lib/rubygems/core_ext/kernel_require.rb>:136:in 'Kernel#require'
    <internal:/root/ruby-3.4.5/lib/rubygems/core_ext/kernel_require.rb>:136:in 'Kernel#require'
    /root/ruby-3.4.5/lib/rubygems.rb:621:in 'Gem.load_yaml'
    /root/ruby-3.4.5/lib/rubygems/package.rb:295:in 'Gem::Package#build'
    /root/ruby-3.4.5/lib/rubygems/package.rb:136:in 'Gem::Package.build'
    /root/ruby-3.4.5/test/rubygems/helper.rb:762:in 'block (2 levels) in Gem::TestCase#util_build_ge
m'
    /root/ruby-3.4.5/lib/rubygems/user_interaction.rb:46:in 'Gem::DefaultUserInteraction.use_ui'
    /root/ruby-3.4.5/lib/rubygems/user_interaction.rb:69:in 'Gem::DefaultUserInteraction#use_ui'
    /root/ruby-3.4.5/test/rubygems/helper.rb:761:in 'block in Gem::TestCase#util_build_gem'
    /root/ruby-3.4.5/test/rubygems/helper.rb:751:in 'Dir.chdir'
    /root/ruby-3.4.5/test/rubygems/helper.rb:751:in 'Gem::TestCase#util_build_gem'
    /root/ruby-3.4.5/test/rubygems/helper.rb:899:in 'Gem::TestCase#util_gem'
    /root/ruby-3.4.5/test/rubygems/test_gem_commands_push_command.rb:26:in 'TestGemCommandsPushComma
nd#setup'

 39) Error:
TestGemCommandsPushCommand#test_otp_verified_success:
NameError: method 'latest_rubygems_version' not defined in #<Class:Gem>
    /root/ruby-3.4.5/test/rubygems/test_gem_commands_push_command.rb:50:in 'Module#remove_method'
    /root/ruby-3.4.5/test/rubygems/test_gem_commands_push_command.rb:50:in 'block in TestGemCommands
PushCommand#teardown'
    /root/ruby-3.4.5/test/rubygems/test_gem_commands_push_command.rb:49:in 'Module#class_eval'
    /root/ruby-3.4.5/test/rubygems/test_gem_commands_push_command.rb:49:in 'TestGemCommandsPushComma
nd#teardown'

 40) Error:
TestGemCommandsPushCommand#test_otp_verified_success:
LoadError: cannot load such file -- psych
    <internal:/root/ruby-3.4.5/lib/rubygems/core_ext/kernel_require.rb>:136:in 'Kernel#require'
    <internal:/root/ruby-3.4.5/lib/rubygems/core_ext/kernel_require.rb>:136:in 'Kernel#require'
    /root/ruby-3.4.5/lib/rubygems.rb:621:in 'Gem.load_yaml'
    /root/ruby-3.4.5/lib/rubygems/package.rb:295:in 'Gem::Package#build'
    /root/ruby-3.4.5/lib/rubygems/package.rb:136:in 'Gem::Package.build'
    /root/ruby-3.4.5/test/rubygems/helper.rb:762:in 'block (2 levels) in Gem::TestCase#util_build_ge
m'
    /root/ruby-3.4.5/lib/rubygems/user_interaction.rb:46:in 'Gem::DefaultUserInteraction.use_ui'
    /root/ruby-3.4.5/lib/rubygems/user_interaction.rb:69:in 'Gem::DefaultUserInteraction#use_ui'
    /root/ruby-3.4.5/test/rubygems/helper.rb:761:in 'block in Gem::TestCase#util_build_gem'
    /root/ruby-3.4.5/test/rubygems/helper.rb:751:in 'Dir.chdir'
    /root/ruby-3.4.5/test/rubygems/helper.rb:751:in 'Gem::TestCase#util_build_gem'
    /root/ruby-3.4.5/test/rubygems/helper.rb:899:in 'Gem::TestCase#util_gem'
    /root/ruby-3.4.5/test/rubygems/test_gem_commands_push_command.rb:26:in 'TestGemCommandsPushComma
nd#setup'

 41) Error:
TestGemCommandsPushCommand#test_sending_gem_key:
NameError: method 'latest_rubygems_version' not defined in #<Class:Gem>
    /root/ruby-3.4.5/test/rubygems/test_gem_commands_push_command.rb:50:in 'Module#remove_method'
    /root/ruby-3.4.5/test/rubygems/test_gem_commands_push_command.rb:50:in 'block in TestGemCommands
PushCommand#teardown'
    /root/ruby-3.4.5/test/rubygems/test_gem_commands_push_command.rb:49:in 'Module#class_eval'
    /root/ruby-3.4.5/test/rubygems/test_gem_commands_push_command.rb:49:in 'TestGemCommandsPushComma
nd#teardown'

 42) Error:
TestGemCommandsPushCommand#test_sending_gem_key:
LoadError: cannot load such file -- psych
    <internal:/root/ruby-3.4.5/lib/rubygems/core_ext/kernel_require.rb>:136:in 'Kernel#require'
    <internal:/root/ruby-3.4.5/lib/rubygems/core_ext/kernel_require.rb>:136:in 'Kernel#require'
    /root/ruby-3.4.5/lib/rubygems.rb:621:in 'Gem.load_yaml'
    /root/ruby-3.4.5/lib/rubygems/package.rb:295:in 'Gem::Package#build'
    /root/ruby-3.4.5/lib/rubygems/package.rb:136:in 'Gem::Package.build'
    /root/ruby-3.4.5/test/rubygems/helper.rb:762:in 'block (2 levels) in Gem::TestCase#util_build_ge
m'
    /root/ruby-3.4.5/lib/rubygems/user_interaction.rb:46:in 'Gem::DefaultUserInteraction.use_ui'
    /root/ruby-3.4.5/lib/rubygems/user_interaction.rb:69:in 'Gem::DefaultUserInteraction#use_ui'
    /root/ruby-3.4.5/test/rubygems/helper.rb:761:in 'block in Gem::TestCase#util_build_gem'
    /root/ruby-3.4.5/test/rubygems/helper.rb:751:in 'Dir.chdir'
    /root/ruby-3.4.5/test/rubygems/helper.rb:751:in 'Gem::TestCase#util_build_gem'
    /root/ruby-3.4.5/test/rubygems/helper.rb:899:in 'Gem::TestCase#util_gem'
    /root/ruby-3.4.5/test/rubygems/test_gem_commands_push_command.rb:26:in 'TestGemCommandsPushComma
nd#setup'

 43) Error:
TestGemCommandsPushCommand#test_sending_gem_unathorized_api_key_with_mfa_enabled:
NameError: method 'latest_rubygems_version' not defined in #<Class:Gem>
    /root/ruby-3.4.5/test/rubygems/test_gem_commands_push_command.rb:50:in 'Module#remove_method'
    /root/ruby-3.4.5/test/rubygems/test_gem_commands_push_command.rb:50:in 'block in TestGemCommands
PushCommand#teardown'
    /root/ruby-3.4.5/test/rubygems/test_gem_commands_push_command.rb:49:in 'Module#class_eval'
    /root/ruby-3.4.5/test/rubygems/test_gem_commands_push_command.rb:49:in 'TestGemCommandsPushComma
nd#teardown'

 44) Error:
TestGemCommandsPushCommand#test_sending_gem_unathorized_api_key_with_mfa_enabled:
LoadError: cannot load such file -- psych
    <internal:/root/ruby-3.4.5/lib/rubygems/core_ext/kernel_require.rb>:136:in 'Kernel#require'
    <internal:/root/ruby-3.4.5/lib/rubygems/core_ext/kernel_require.rb>:136:in 'Kernel#require'
    /root/ruby-3.4.5/lib/rubygems.rb:621:in 'Gem.load_yaml'
    /root/ruby-3.4.5/lib/rubygems/package.rb:295:in 'Gem::Package#build'
    /root/ruby-3.4.5/lib/rubygems/package.rb:136:in 'Gem::Package.build'
    /root/ruby-3.4.5/test/rubygems/helper.rb:762:in 'block (2 levels) in Gem::TestCase#util_build_ge
m'
    /root/ruby-3.4.5/lib/rubygems/user_interaction.rb:46:in 'Gem::DefaultUserInteraction.use_ui'
    /root/ruby-3.4.5/lib/rubygems/user_interaction.rb:69:in 'Gem::DefaultUserInteraction#use_ui'
    /root/ruby-3.4.5/test/rubygems/helper.rb:761:in 'block in Gem::TestCase#util_build_gem'
    /root/ruby-3.4.5/test/rubygems/helper.rb:751:in 'Dir.chdir'
    /root/ruby-3.4.5/test/rubygems/helper.rb:751:in 'Gem::TestCase#util_build_gem'
    /root/ruby-3.4.5/test/rubygems/helper.rb:899:in 'Gem::TestCase#util_gem'
    /root/ruby-3.4.5/test/rubygems/test_gem_commands_push_command.rb:26:in 'TestGemCommandsPushComma
nd#setup'

 45) Error:
TestGemCommandsPushCommand#test_sending_gem_denied:
NameError: method 'latest_rubygems_version' not defined in #<Class:Gem>
    /root/ruby-3.4.5/test/rubygems/test_gem_commands_push_command.rb:50:in 'Module#remove_method'
    /root/ruby-3.4.5/test/rubygems/test_gem_commands_push_command.rb:50:in 'block in TestGemCommands
PushCommand#teardown'
    /root/ruby-3.4.5/test/rubygems/test_gem_commands_push_command.rb:49:in 'Module#class_eval'
    /root/ruby-3.4.5/test/rubygems/test_gem_commands_push_command.rb:49:in 'TestGemCommandsPushComma
nd#teardown'

 46) Error:
TestGemCommandsPushCommand#test_sending_gem_denied:
LoadError: cannot load such file -- psych
    <internal:/root/ruby-3.4.5/lib/rubygems/core_ext/kernel_require.rb>:136:in 'Kernel#require'
    <internal:/root/ruby-3.4.5/lib/rubygems/core_ext/kernel_require.rb>:136:in 'Kernel#require'
    /root/ruby-3.4.5/lib/rubygems.rb:621:in 'Gem.load_yaml'
    /root/ruby-3.4.5/lib/rubygems/package.rb:295:in 'Gem::Package#build'
    /root/ruby-3.4.5/lib/rubygems/package.rb:136:in 'Gem::Package.build'
    /root/ruby-3.4.5/test/rubygems/helper.rb:762:in 'block (2 levels) in Gem::TestCase#util_build_ge
m'
    /root/ruby-3.4.5/lib/rubygems/user_interaction.rb:46:in 'Gem::DefaultUserInteraction.use_ui'
    /root/ruby-3.4.5/lib/rubygems/user_interaction.rb:69:in 'Gem::DefaultUserInteraction#use_ui'
    /root/ruby-3.4.5/test/rubygems/helper.rb:761:in 'block in Gem::TestCase#util_build_gem'
    /root/ruby-3.4.5/test/rubygems/helper.rb:751:in 'Dir.chdir'
    /root/ruby-3.4.5/test/rubygems/helper.rb:751:in 'Gem::TestCase#util_build_gem'
    /root/ruby-3.4.5/test/rubygems/helper.rb:899:in 'Gem::TestCase#util_gem'
    /root/ruby-3.4.5/test/rubygems/test_gem_commands_push_command.rb:26:in 'TestGemCommandsPushComma
nd#setup'

 47) Error:
TestGemRDoc#test_remove_unwritable:
LoadError: cannot load such file -- psych
    <internal:/root/ruby-3.4.5/lib/rubygems/core_ext/kernel_require.rb>:136:in 'Kernel#require'
    <internal:/root/ruby-3.4.5/lib/rubygems/core_ext/kernel_require.rb>:136:in 'Kernel#require'
    /root/ruby-3.4.5/lib/rubygems.rb:621:in 'Gem.load_yaml'
    /root/ruby-3.4.5/lib/rubygems/package.rb:295:in 'Gem::Package#build'
    /root/ruby-3.4.5/lib/rubygems/package.rb:136:in 'Gem::Package.build'
    /root/ruby-3.4.5/test/rubygems/helper.rb:613:in 'block (2 levels) in Gem::TestCase#install_gem'
    /root/ruby-3.4.5/test/rubygems/helper.rb:612:in 'Dir.chdir'
    /root/ruby-3.4.5/test/rubygems/helper.rb:612:in 'block in Gem::TestCase#install_gem'
    /root/ruby-3.4.5/lib/rubygems/user_interaction.rb:46:in 'Gem::DefaultUserInteraction.use_ui'
    /root/ruby-3.4.5/lib/rubygems/user_interaction.rb:69:in 'Gem::DefaultUserInteraction#use_ui'
    /root/ruby-3.4.5/test/rubygems/helper.rb:611:in 'Gem::TestCase#install_gem'
    /root/ruby-3.4.5/test/rubygems/test_gem_rdoc.rb:19:in 'TestGemRDoc#setup'

 48) Error:
TestGemRDoc#test_setup:
LoadError: cannot load such file -- psych
    <internal:/root/ruby-3.4.5/lib/rubygems/core_ext/kernel_require.rb>:136:in 'Kernel#require'
    <internal:/root/ruby-3.4.5/lib/rubygems/core_ext/kernel_require.rb>:136:in 'Kernel#require'
    /root/ruby-3.4.5/lib/rubygems.rb:621:in 'Gem.load_yaml'
    /root/ruby-3.4.5/lib/rubygems/package.rb:295:in 'Gem::Package#build'
    /root/ruby-3.4.5/lib/rubygems/package.rb:136:in 'Gem::Package.build'
    /root/ruby-3.4.5/test/rubygems/helper.rb:613:in 'block (2 levels) in Gem::TestCase#install_gem'
    /root/ruby-3.4.5/test/rubygems/helper.rb:612:in 'Dir.chdir'
    /root/ruby-3.4.5/test/rubygems/helper.rb:612:in 'block in Gem::TestCase#install_gem'
    /root/ruby-3.4.5/lib/rubygems/user_interaction.rb:46:in 'Gem::DefaultUserInteraction.use_ui'
    /root/ruby-3.4.5/lib/rubygems/user_interaction.rb:69:in 'Gem::DefaultUserInteraction#use_ui'
    /root/ruby-3.4.5/test/rubygems/helper.rb:611:in 'Gem::TestCase#install_gem'
    /root/ruby-3.4.5/test/rubygems/test_gem_rdoc.rb:19:in 'TestGemRDoc#setup'

 49) Error:
TestGemRDoc#test_setup_unwritable:
LoadError: cannot load such file -- psych
    <internal:/root/ruby-3.4.5/lib/rubygems/core_ext/kernel_require.rb>:136:in 'Kernel#require'
    <internal:/root/ruby-3.4.5/lib/rubygems/core_ext/kernel_require.rb>:136:in 'Kernel#require'
    /root/ruby-3.4.5/lib/rubygems.rb:621:in 'Gem.load_yaml'
    /root/ruby-3.4.5/lib/rubygems/package.rb:295:in 'Gem::Package#build'
    /root/ruby-3.4.5/lib/rubygems/package.rb:136:in 'Gem::Package.build'
    /root/ruby-3.4.5/test/rubygems/helper.rb:613:in 'block (2 levels) in Gem::TestCase#install_gem'
    /root/ruby-3.4.5/test/rubygems/helper.rb:612:in 'Dir.chdir'
    /root/ruby-3.4.5/test/rubygems/helper.rb:612:in 'block in Gem::TestCase#install_gem'
    /root/ruby-3.4.5/lib/rubygems/user_interaction.rb:46:in 'Gem::DefaultUserInteraction.use_ui'
    /root/ruby-3.4.5/lib/rubygems/user_interaction.rb:69:in 'Gem::DefaultUserInteraction#use_ui'
    /root/ruby-3.4.5/test/rubygems/helper.rb:611:in 'Gem::TestCase#install_gem'
    /root/ruby-3.4.5/test/rubygems/test_gem_rdoc.rb:19:in 'TestGemRDoc#setup'

 50) Error:
TestGemRDoc#test_delete_legacy_args:
LoadError: cannot load such file -- psych
    <internal:/root/ruby-3.4.5/lib/rubygems/core_ext/kernel_require.rb>:136:in 'Kernel#require'
    <internal:/root/ruby-3.4.5/lib/rubygems/core_ext/kernel_require.rb>:136:in 'Kernel#require'
    /root/ruby-3.4.5/lib/rubygems.rb:621:in 'Gem.load_yaml'
    /root/ruby-3.4.5/lib/rubygems/package.rb:295:in 'Gem::Package#build'
    /root/ruby-3.4.5/lib/rubygems/package.rb:136:in 'Gem::Package.build'
    /root/ruby-3.4.5/test/rubygems/helper.rb:613:in 'block (2 levels) in Gem::TestCase#install_gem'
    /root/ruby-3.4.5/test/rubygems/helper.rb:612:in 'Dir.chdir'
    /root/ruby-3.4.5/test/rubygems/helper.rb:612:in 'block in Gem::TestCase#install_gem'
    /root/ruby-3.4.5/lib/rubygems/user_interaction.rb:46:in 'Gem::DefaultUserInteraction.use_ui'
    /root/ruby-3.4.5/lib/rubygems/user_interaction.rb:69:in 'Gem::DefaultUserInteraction#use_ui'
    /root/ruby-3.4.5/test/rubygems/helper.rb:611:in 'Gem::TestCase#install_gem'
    /root/ruby-3.4.5/test/rubygems/test_gem_rdoc.rb:19:in 'TestGemRDoc#setup'

 51) Error:
TestGemRDoc#test_rdoc_installed?:
LoadError: cannot load such file -- psych
    <internal:/root/ruby-3.4.5/lib/rubygems/core_ext/kernel_require.rb>:136:in 'Kernel#require'
    <internal:/root/ruby-3.4.5/lib/rubygems/core_ext/kernel_require.rb>:136:in 'Kernel#require'
    /root/ruby-3.4.5/lib/rubygems.rb:621:in 'Gem.load_yaml'
    /root/ruby-3.4.5/lib/rubygems/package.rb:295:in 'Gem::Package#build'
    /root/ruby-3.4.5/lib/rubygems/package.rb:136:in 'Gem::Package.build'
    /root/ruby-3.4.5/test/rubygems/helper.rb:613:in 'block (2 levels) in Gem::TestCase#install_gem'
    /root/ruby-3.4.5/test/rubygems/helper.rb:612:in 'Dir.chdir'
    /root/ruby-3.4.5/test/rubygems/helper.rb:612:in 'block in Gem::TestCase#install_gem'
    /root/ruby-3.4.5/lib/rubygems/user_interaction.rb:46:in 'Gem::DefaultUserInteraction.use_ui'
    /root/ruby-3.4.5/lib/rubygems/user_interaction.rb:69:in 'Gem::DefaultUserInteraction#use_ui'
    /root/ruby-3.4.5/test/rubygems/helper.rb:611:in 'Gem::TestCase#install_gem'
    /root/ruby-3.4.5/test/rubygems/test_gem_rdoc.rb:19:in 'TestGemRDoc#setup'

 52) Error:
TestGemRDoc#test_remove:
LoadError: cannot load such file -- psych
    <internal:/root/ruby-3.4.5/lib/rubygems/core_ext/kernel_require.rb>:136:in 'Kernel#require'
    <internal:/root/ruby-3.4.5/lib/rubygems/core_ext/kernel_require.rb>:136:in 'Kernel#require'
    /root/ruby-3.4.5/lib/rubygems.rb:621:in 'Gem.load_yaml'
    /root/ruby-3.4.5/lib/rubygems/package.rb:295:in 'Gem::Package#build'
    /root/ruby-3.4.5/lib/rubygems/package.rb:136:in 'Gem::Package.build'
    /root/ruby-3.4.5/test/rubygems/helper.rb:613:in 'block (2 levels) in Gem::TestCase#install_gem'
    /root/ruby-3.4.5/test/rubygems/helper.rb:612:in 'Dir.chdir'
    /root/ruby-3.4.5/test/rubygems/helper.rb:612:in 'block in Gem::TestCase#install_gem'
    /root/ruby-3.4.5/lib/rubygems/user_interaction.rb:46:in 'Gem::DefaultUserInteraction.use_ui'
    /root/ruby-3.4.5/lib/rubygems/user_interaction.rb:69:in 'Gem::DefaultUserInteraction#use_ui'
    /root/ruby-3.4.5/test/rubygems/helper.rb:611:in 'Gem::TestCase#install_gem'
    /root/ruby-3.4.5/test/rubygems/test_gem_rdoc.rb:19:in 'TestGemRDoc#setup'

 53) Error:
TestGemRDoc#test_initialize:
LoadError: cannot load such file -- psych
    <internal:/root/ruby-3.4.5/lib/rubygems/core_ext/kernel_require.rb>:136:in 'Kernel#require'
    <internal:/root/ruby-3.4.5/lib/rubygems/core_ext/kernel_require.rb>:136:in 'Kernel#require'
    /root/ruby-3.4.5/lib/rubygems.rb:621:in 'Gem.load_yaml'
    /root/ruby-3.4.5/lib/rubygems/package.rb:295:in 'Gem::Package#build'
    /root/ruby-3.4.5/lib/rubygems/package.rb:136:in 'Gem::Package.build'
    /root/ruby-3.4.5/test/rubygems/helper.rb:613:in 'block (2 levels) in Gem::TestCase#install_gem'
    /root/ruby-3.4.5/test/rubygems/helper.rb:612:in 'Dir.chdir'
    /root/ruby-3.4.5/test/rubygems/helper.rb:612:in 'block in Gem::TestCase#install_gem'
    /root/ruby-3.4.5/lib/rubygems/user_interaction.rb:46:in 'Gem::DefaultUserInteraction.use_ui'
    /root/ruby-3.4.5/lib/rubygems/user_interaction.rb:69:in 'Gem::DefaultUserInteraction#use_ui'
    /root/ruby-3.4.5/test/rubygems/helper.rb:611:in 'Gem::TestCase#install_gem'
    /root/ruby-3.4.5/test/rubygems/test_gem_rdoc.rb:19:in 'TestGemRDoc#setup'

 54) Error:
TestGemRDoc#test_new_rdoc:
LoadError: cannot load such file -- psych
    <internal:/root/ruby-3.4.5/lib/rubygems/core_ext/kernel_require.rb>:136:in 'Kernel#require'
    <internal:/root/ruby-3.4.5/lib/rubygems/core_ext/kernel_require.rb>:136:in 'Kernel#require'
    /root/ruby-3.4.5/lib/rubygems.rb:621:in 'Gem.load_yaml'
    /root/ruby-3.4.5/lib/rubygems/package.rb:295:in 'Gem::Package#build'
    /root/ruby-3.4.5/lib/rubygems/package.rb:136:in 'Gem::Package.build'
    /root/ruby-3.4.5/test/rubygems/helper.rb:613:in 'block (2 levels) in Gem::TestCase#install_gem'
    /root/ruby-3.4.5/test/rubygems/helper.rb:612:in 'Dir.chdir'
    /root/ruby-3.4.5/test/rubygems/helper.rb:612:in 'block in Gem::TestCase#install_gem'
    /root/ruby-3.4.5/lib/rubygems/user_interaction.rb:46:in 'Gem::DefaultUserInteraction.use_ui'
    /root/ruby-3.4.5/lib/rubygems/user_interaction.rb:69:in 'Gem::DefaultUserInteraction#use_ui'
    /root/ruby-3.4.5/test/rubygems/helper.rb:611:in 'Gem::TestCase#install_gem'
    /root/ruby-3.4.5/test/rubygems/test_gem_rdoc.rb:19:in 'TestGemRDoc#setup'

 55) Error:
TestGemRDoc#test_generate_disabled:
LoadError: cannot load such file -- psych
    <internal:/root/ruby-3.4.5/lib/rubygems/core_ext/kernel_require.rb>:136:in 'Kernel#require'
    <internal:/root/ruby-3.4.5/lib/rubygems/core_ext/kernel_require.rb>:136:in 'Kernel#require'
    /root/ruby-3.4.5/lib/rubygems.rb:621:in 'Gem.load_yaml'
    /root/ruby-3.4.5/lib/rubygems/package.rb:295:in 'Gem::Package#build'
    /root/ruby-3.4.5/lib/rubygems/package.rb:136:in 'Gem::Package.build'
    /root/ruby-3.4.5/test/rubygems/helper.rb:613:in 'block (2 levels) in Gem::TestCase#install_gem'
    /root/ruby-3.4.5/test/rubygems/helper.rb:612:in 'Dir.chdir'
    /root/ruby-3.4.5/test/rubygems/helper.rb:612:in 'block in Gem::TestCase#install_gem'
    /root/ruby-3.4.5/lib/rubygems/user_interaction.rb:46:in 'Gem::DefaultUserInteraction.use_ui'
    /root/ruby-3.4.5/lib/rubygems/user_interaction.rb:69:in 'Gem::DefaultUserInteraction#use_ui'
    /root/ruby-3.4.5/test/rubygems/helper.rb:611:in 'Gem::TestCase#install_gem'
    /root/ruby-3.4.5/test/rubygems/test_gem_rdoc.rb:19:in 'TestGemRDoc#setup'

 56) Error:
TestGemRDoc#test_ri_installed?:
LoadError: cannot load such file -- psych
    <internal:/root/ruby-3.4.5/lib/rubygems/core_ext/kernel_require.rb>:136:in 'Kernel#require'
    <internal:/root/ruby-3.4.5/lib/rubygems/core_ext/kernel_require.rb>:136:in 'Kernel#require'
    /root/ruby-3.4.5/lib/rubygems.rb:621:in 'Gem.load_yaml'
    /root/ruby-3.4.5/lib/rubygems/package.rb:295:in 'Gem::Package#build'
    /root/ruby-3.4.5/lib/rubygems/package.rb:136:in 'Gem::Package.build'
    /root/ruby-3.4.5/test/rubygems/helper.rb:613:in 'block (2 levels) in Gem::TestCase#install_gem'
    /root/ruby-3.4.5/test/rubygems/helper.rb:612:in 'Dir.chdir'
    /root/ruby-3.4.5/test/rubygems/helper.rb:612:in 'block in Gem::TestCase#install_gem'
    /root/ruby-3.4.5/lib/rubygems/user_interaction.rb:46:in 'Gem::DefaultUserInteraction.use_ui'
    /root/ruby-3.4.5/lib/rubygems/user_interaction.rb:69:in 'Gem::DefaultUserInteraction#use_ui'
    /root/ruby-3.4.5/test/rubygems/helper.rb:611:in 'Gem::TestCase#install_gem'
    /root/ruby-3.4.5/test/rubygems/test_gem_rdoc.rb:19:in 'TestGemRDoc#setup'

 57) Error:
TestMkmfEgrepCpp#test_egrep_cpp:
Errno::ENOENT: No such file or directory - /cheriv92/src/output/sdk/bin/clang
    /root/ruby-3.4.5/lib/mkmf.rb:468:in 'IO.popen'
    /root/ruby-3.4.5/lib/mkmf.rb:468:in 'block in MakeMakefile#xpopen'
    /root/ruby-3.4.5/lib/mkmf.rb:340:in 'MakeMakefile::Logging.open'
    /root/ruby-3.4.5/lib/mkmf.rb:461:in 'MakeMakefile#xpopen'
    /root/ruby-3.4.5/lib/mkmf.rb:926:in 'MakeMakefile#egrep_cpp'
    /root/ruby-3.4.5/test/mkmf/test_egrep_cpp.rb:7:in 'TestMkmfEgrepCpp#test_egrep_cpp'

 58) Error:
TestMkmfEgrepCpp#test_not_have_func:
Errno::ENOENT: No such file or directory - /cheriv92/src/output/sdk/bin/clang
    /root/ruby-3.4.5/lib/mkmf.rb:468:in 'IO.popen'
    /root/ruby-3.4.5/lib/mkmf.rb:468:in 'block in MakeMakefile#xpopen'
    /root/ruby-3.4.5/lib/mkmf.rb:340:in 'MakeMakefile::Logging.open'
    /root/ruby-3.4.5/lib/mkmf.rb:461:in 'MakeMakefile#xpopen'
    /root/ruby-3.4.5/lib/mkmf.rb:926:in 'MakeMakefile#egrep_cpp'
    /root/ruby-3.4.5/test/mkmf/test_egrep_cpp.rb:11:in 'TestMkmfEgrepCpp#test_not_have_func'

 59) Error:
TestGemExtRakeBuilder#test_class_no_openssl_override:
LoadError: cannot load such file -- psych
    <internal:/root/ruby-3.4.5/lib/rubygems/core_ext/kernel_require.rb>:136:in 'Kernel#require'
    <internal:/root/ruby-3.4.5/lib/rubygems/core_ext/kernel_require.rb>:136:in 'Kernel#require'
    /root/ruby-3.4.5/lib/rubygems.rb:621:in 'Gem.load_yaml'
    /root/ruby-3.4.5/lib/rubygems/package.rb:295:in 'Gem::Package#build'
    /root/ruby-3.4.5/lib/rubygems/package.rb:136:in 'Gem::Package.build'
    /root/ruby-3.4.5/test/rubygems/helper.rb:613:in 'block (2 levels) in Gem::TestCase#install_gem'
    /root/ruby-3.4.5/test/rubygems/helper.rb:612:in 'Dir.chdir'
    /root/ruby-3.4.5/test/rubygems/helper.rb:612:in 'block in Gem::TestCase#install_gem'
    /root/ruby-3.4.5/lib/rubygems/user_interaction.rb:46:in 'Gem::DefaultUserInteraction.use_ui'
    /root/ruby-3.4.5/lib/rubygems/user_interaction.rb:69:in 'Gem::DefaultUserInteraction#use_ui'
    /root/ruby-3.4.5/test/rubygems/helper.rb:611:in 'Gem::TestCase#install_gem'
    /root/ruby-3.4.5/test/rubygems/test_gem_ext_rake_builder.rb:68:in 'TestGemExtRakeBuilder#test_cl
ass_no_openssl_override'

 60) Timeout:
TestDateParse#test__parse_too_long_year

 61) Timeout:
TestStruct::TopStruct#test_named_structs_are_not_rooted

 62) Error:
TestGemCommandsUnpackCommand#test_execute_spec_target:
LoadError: cannot load such file -- psych
    <internal:/root/ruby-3.4.5/lib/rubygems/core_ext/kernel_require.rb>:136:in 'Kernel#require'
    <internal:/root/ruby-3.4.5/lib/rubygems/core_ext/kernel_require.rb>:136:in 'Kernel#require'
    /root/ruby-3.4.5/lib/rubygems.rb:621:in 'Gem.load_yaml'
    /root/ruby-3.4.5/lib/rubygems/package.rb:295:in 'Gem::Package#build'
    /root/ruby-3.4.5/lib/rubygems/package.rb:136:in 'Gem::Package.build'
    /root/ruby-3.4.5/test/rubygems/helper.rb:762:in 'block (2 levels) in Gem::TestCase#util_build_ge
m'
    /root/ruby-3.4.5/lib/rubygems/user_interaction.rb:46:in 'Gem::DefaultUserInteraction.use_ui'
    /root/ruby-3.4.5/lib/rubygems/user_interaction.rb:69:in 'Gem::DefaultUserInteraction#use_ui'
    /root/ruby-3.4.5/test/rubygems/helper.rb:761:in 'block in Gem::TestCase#util_build_gem'
    /root/ruby-3.4.5/test/rubygems/helper.rb:751:in 'Dir.chdir'
    /root/ruby-3.4.5/test/rubygems/helper.rb:751:in 'Gem::TestCase#util_build_gem'
    /root/ruby-3.4.5/test/rubygems/helper.rb:1000:in 'block in Gem::TestCase#util_make_gems'
    /root/ruby-3.4.5/test/rubygems/helper.rb:999:in 'Array#each'
    /root/ruby-3.4.5/test/rubygems/helper.rb:999:in 'Gem::TestCase#util_make_gems'
    /root/ruby-3.4.5/test/rubygems/test_gem_commands_unpack_command.rb:138:in 'TestGemCommandsUnpack
Command#test_execute_spec_target'

 63) Error:
TestGemCommandsUnpackCommand#test_execute_sudo:
LoadError: cannot load such file -- psych
    <internal:/root/ruby-3.4.5/lib/rubygems/core_ext/kernel_require.rb>:136:in 'Kernel#require'
    <internal:/root/ruby-3.4.5/lib/rubygems/core_ext/kernel_require.rb>:136:in 'Kernel#require'
    /root/ruby-3.4.5/lib/rubygems.rb:621:in 'Gem.load_yaml'
    /root/ruby-3.4.5/lib/rubygems/package.rb:295:in 'Gem::Package#build'
    /root/ruby-3.4.5/lib/rubygems/package.rb:136:in 'Gem::Package.build'
    /root/ruby-3.4.5/test/rubygems/helper.rb:762:in 'block (2 levels) in Gem::TestCase#util_build_ge
m'
    /root/ruby-3.4.5/lib/rubygems/user_interaction.rb:46:in 'Gem::DefaultUserInteraction.use_ui'
    /root/ruby-3.4.5/lib/rubygems/user_interaction.rb:69:in 'Gem::DefaultUserInteraction#use_ui'
    /root/ruby-3.4.5/test/rubygems/helper.rb:761:in 'block in Gem::TestCase#util_build_gem'
    /root/ruby-3.4.5/test/rubygems/helper.rb:751:in 'Dir.chdir'
    /root/ruby-3.4.5/test/rubygems/helper.rb:751:in 'Gem::TestCase#util_build_gem'
    /root/ruby-3.4.5/test/rubygems/helper.rb:1000:in 'block in Gem::TestCase#util_make_gems'
    /root/ruby-3.4.5/test/rubygems/helper.rb:999:in 'Array#each'
    /root/ruby-3.4.5/test/rubygems/helper.rb:999:in 'Gem::TestCase#util_make_gems'
    /root/ruby-3.4.5/test/rubygems/test_gem_commands_unpack_command.rb:157:in 'TestGemCommandsUnpack
Command#test_execute_sudo'

 64) Error:
TestGemCommandsPushCommand#test_sending_gem_to_metadata_host:
NameError: method 'latest_rubygems_version' not defined in #<Class:Gem>
    /root/ruby-3.4.5/test/rubygems/test_gem_commands_push_command.rb:50:in 'Module#remove_method'
    /root/ruby-3.4.5/test/rubygems/test_gem_commands_push_command.rb:50:in 'block in TestGemCommands
PushCommand#teardown'
    /root/ruby-3.4.5/test/rubygems/test_gem_commands_push_command.rb:49:in 'Module#class_eval'
    /root/ruby-3.4.5/test/rubygems/test_gem_commands_push_command.rb:49:in 'TestGemCommandsPushComma
nd#teardown'

 65) Error:
TestGemCommandsPushCommand#test_sending_gem_to_metadata_host:
LoadError: cannot load such file -- psych
    <internal:/root/ruby-3.4.5/lib/rubygems/core_ext/kernel_require.rb>:136:in 'Kernel#require'
    <internal:/root/ruby-3.4.5/lib/rubygems/core_ext/kernel_require.rb>:136:in 'Kernel#require'
    /root/ruby-3.4.5/lib/rubygems.rb:621:in 'Gem.load_yaml'
    /root/ruby-3.4.5/lib/rubygems/package.rb:295:in 'Gem::Package#build'
    /root/ruby-3.4.5/lib/rubygems/package.rb:136:in 'Gem::Package.build'
    /root/ruby-3.4.5/test/rubygems/helper.rb:762:in 'block (2 levels) in Gem::TestCase#util_build_ge
m'
    /root/ruby-3.4.5/lib/rubygems/user_interaction.rb:46:in 'Gem::DefaultUserInteraction.use_ui'
    /root/ruby-3.4.5/lib/rubygems/user_interaction.rb:69:in 'Gem::DefaultUserInteraction#use_ui'
    /root/ruby-3.4.5/test/rubygems/helper.rb:761:in 'block in Gem::TestCase#util_build_gem'
    /root/ruby-3.4.5/test/rubygems/helper.rb:751:in 'Dir.chdir'
    /root/ruby-3.4.5/test/rubygems/helper.rb:751:in 'Gem::TestCase#util_build_gem'
    /root/ruby-3.4.5/test/rubygems/helper.rb:899:in 'Gem::TestCase#util_gem'
    /root/ruby-3.4.5/test/rubygems/test_gem_commands_push_command.rb:26:in 'TestGemCommandsPushComma
nd#setup'

 66) Error:
TestGemCommandsPushCommand#test_otp_verified_failure:
NameError: method 'latest_rubygems_version' not defined in #<Class:Gem>
    /root/ruby-3.4.5/test/rubygems/test_gem_commands_push_command.rb:50:in 'Module#remove_method'
    /root/ruby-3.4.5/test/rubygems/test_gem_commands_push_command.rb:50:in 'block in TestGemCommands
PushCommand#teardown'
    /root/ruby-3.4.5/test/rubygems/test_gem_commands_push_command.rb:49:in 'Module#class_eval'
    /root/ruby-3.4.5/test/rubygems/test_gem_commands_push_command.rb:49:in 'TestGemCommandsPushComma
nd#teardown'

 67) Error:
TestGemCommandsPushCommand#test_otp_verified_failure:
LoadError: cannot load such file -- psych
    <internal:/root/ruby-3.4.5/lib/rubygems/core_ext/kernel_require.rb>:136:in 'Kernel#require'
    <internal:/root/ruby-3.4.5/lib/rubygems/core_ext/kernel_require.rb>:136:in 'Kernel#require'
    /root/ruby-3.4.5/lib/rubygems.rb:621:in 'Gem.load_yaml'
    /root/ruby-3.4.5/lib/rubygems/package.rb:295:in 'Gem::Package#build'
    /root/ruby-3.4.5/lib/rubygems/package.rb:136:in 'Gem::Package.build'
    /root/ruby-3.4.5/test/rubygems/helper.rb:762:in 'block (2 levels) in Gem::TestCase#util_build_ge
m'
    /root/ruby-3.4.5/lib/rubygems/user_interaction.rb:46:in 'Gem::DefaultUserInteraction.use_ui'
    /root/ruby-3.4.5/lib/rubygems/user_interaction.rb:69:in 'Gem::DefaultUserInteraction#use_ui'
    /root/ruby-3.4.5/test/rubygems/helper.rb:761:in 'block in Gem::TestCase#util_build_gem'
    /root/ruby-3.4.5/test/rubygems/helper.rb:751:in 'Dir.chdir'
    /root/ruby-3.4.5/test/rubygems/helper.rb:751:in 'Gem::TestCase#util_build_gem'
    /root/ruby-3.4.5/test/rubygems/helper.rb:899:in 'Gem::TestCase#util_gem'
    /root/ruby-3.4.5/test/rubygems/test_gem_commands_push_command.rb:26:in 'TestGemCommandsPushComma
nd#setup'

 68) Error:
TestGemCommandsPushCommand#test_with_webauthn_enabled_failure_with_polling:
NameError: undefined method 'orig_latest_rubygems_version' for class '#<Class:Gem>'
    /root/ruby-3.4.5/test/rubygems/test_gem_commands_push_command.rb:51:in 'Module#alias_method'
    /root/ruby-3.4.5/test/rubygems/test_gem_commands_push_command.rb:51:in 'block in TestGemCommands
PushCommand#teardown'
    /root/ruby-3.4.5/test/rubygems/test_gem_commands_push_command.rb:49:in 'Module#class_eval'
    /root/ruby-3.4.5/test/rubygems/test_gem_commands_push_command.rb:49:in 'TestGemCommandsPushComma
nd#teardown'

 69) Error:
TestGemCommandsPushCommand#test_with_webauthn_enabled_failure_with_polling:
LoadError: cannot load such file -- psych
    <internal:/root/ruby-3.4.5/lib/rubygems/core_ext/kernel_require.rb>:136:in 'Kernel#require'
    <internal:/root/ruby-3.4.5/lib/rubygems/core_ext/kernel_require.rb>:136:in 'Kernel#require'
    /root/ruby-3.4.5/lib/rubygems.rb:621:in 'Gem.load_yaml'
    /root/ruby-3.4.5/lib/rubygems/package.rb:295:in 'Gem::Package#build'
    /root/ruby-3.4.5/lib/rubygems/package.rb:136:in 'Gem::Package.build'
    /root/ruby-3.4.5/test/rubygems/helper.rb:762:in 'block (2 levels) in Gem::TestCase#util_build_ge
m'
    /root/ruby-3.4.5/lib/rubygems/user_interaction.rb:46:in 'Gem::DefaultUserInteraction.use_ui'
    /root/ruby-3.4.5/lib/rubygems/user_interaction.rb:69:in 'Gem::DefaultUserInteraction#use_ui'
    /root/ruby-3.4.5/test/rubygems/helper.rb:761:in 'block in Gem::TestCase#util_build_gem'
    /root/ruby-3.4.5/test/rubygems/helper.rb:751:in 'Dir.chdir'
    /root/ruby-3.4.5/test/rubygems/helper.rb:751:in 'Gem::TestCase#util_build_gem'
    /root/ruby-3.4.5/test/rubygems/helper.rb:899:in 'Gem::TestCase#util_gem'
    /root/ruby-3.4.5/test/rubygems/test_gem_commands_push_command.rb:26:in 'TestGemCommandsPushComma
nd#setup'

 70) Error:
TestMkmfHaveFunc#test_have_func:
RuntimeError: The compiler failed to generate an executable file.
You have to install development tools first.

    /root/ruby-3.4.5/lib/mkmf.rb:528:in 'MakeMakefile#try_do'
    /root/ruby-3.4.5/lib/mkmf.rb:621:in 'MakeMakefile#try_link0'
    /root/ruby-3.4.5/lib/mkmf.rb:639:in 'MakeMakefile#try_link'
    /root/ruby-3.4.5/lib/mkmf.rb:881:in 'MakeMakefile#try_func'
    /root/ruby-3.4.5/lib/mkmf.rb:1201:in 'block in MakeMakefile#have_func'
    /root/ruby-3.4.5/lib/mkmf.rb:1070:in 'block in MakeMakefile#checking_for'
    /root/ruby-3.4.5/lib/mkmf.rb:370:in 'block (2 levels) in MakeMakefile::Logging.postpone'
    /root/ruby-3.4.5/lib/mkmf.rb:340:in 'MakeMakefile::Logging.open'
    /root/ruby-3.4.5/lib/mkmf.rb:370:in 'block in MakeMakefile::Logging.postpone'
    /root/ruby-3.4.5/lib/mkmf.rb:340:in 'MakeMakefile::Logging.open'
    /root/ruby-3.4.5/lib/mkmf.rb:366:in 'MakeMakefile::Logging.postpone'
    /root/ruby-3.4.5/lib/mkmf.rb:1069:in 'MakeMakefile#checking_for'
    /root/ruby-3.4.5/lib/mkmf.rb:1200:in 'MakeMakefile#have_func'
    /root/ruby-3.4.5/test/mkmf/test_have_func.rb:7:in 'TestMkmfHaveFunc#test_have_func'

 71) Error:
TestMkmfHaveFunc#test_not_have_func:
RuntimeError: The compiler failed to generate an executable file.
You have to install development tools first.

    /root/ruby-3.4.5/lib/mkmf.rb:528:in 'MakeMakefile#try_do'
    /root/ruby-3.4.5/lib/mkmf.rb:621:in 'MakeMakefile#try_link0'
    /root/ruby-3.4.5/lib/mkmf.rb:639:in 'MakeMakefile#try_link'
    /root/ruby-3.4.5/lib/mkmf.rb:881:in 'MakeMakefile#try_func'
    /root/ruby-3.4.5/lib/mkmf.rb:1201:in 'block in MakeMakefile#have_func'
    /root/ruby-3.4.5/lib/mkmf.rb:1070:in 'block in MakeMakefile#checking_for'
    /root/ruby-3.4.5/lib/mkmf.rb:370:in 'block (2 levels) in MakeMakefile::Logging.postpone'
    /root/ruby-3.4.5/lib/mkmf.rb:340:in 'MakeMakefile::Logging.open'
    /root/ruby-3.4.5/lib/mkmf.rb:370:in 'block in MakeMakefile::Logging.postpone'
    /root/ruby-3.4.5/lib/mkmf.rb:340:in 'MakeMakefile::Logging.open'
    /root/ruby-3.4.5/lib/mkmf.rb:366:in 'MakeMakefile::Logging.postpone'
    /root/ruby-3.4.5/lib/mkmf.rb:1069:in 'MakeMakefile#checking_for'
    /root/ruby-3.4.5/lib/mkmf.rb:1200:in 'MakeMakefile#have_func'
    /root/ruby-3.4.5/test/mkmf/test_have_func.rb:12:in 'TestMkmfHaveFunc#test_not_have_func'

 72) Error:
TestGemSourceLock#test_spaceship_specific_file:
LoadError: cannot load such file -- psych
    <internal:/root/ruby-3.4.5/lib/rubygems/core_ext/kernel_require.rb>:136:in 'Kernel#require'
    <internal:/root/ruby-3.4.5/lib/rubygems/core_ext/kernel_require.rb>:136:in 'Kernel#require'
    /root/ruby-3.4.5/lib/rubygems.rb:621:in 'Gem.load_yaml'
    /root/ruby-3.4.5/lib/rubygems/package.rb:295:in 'Gem::Package#build'
    /root/ruby-3.4.5/lib/rubygems/package.rb:136:in 'Gem::Package.build'
    /root/ruby-3.4.5/test/rubygems/helper.rb:762:in 'block (2 levels) in Gem::TestCase#util_build_ge
m'
    /root/ruby-3.4.5/lib/rubygems/user_interaction.rb:46:in 'Gem::DefaultUserInteraction.use_ui'
    /root/ruby-3.4.5/lib/rubygems/user_interaction.rb:69:in 'Gem::DefaultUserInteraction#use_ui'
    /root/ruby-3.4.5/test/rubygems/helper.rb:761:in 'block in Gem::TestCase#util_build_gem'
    /root/ruby-3.4.5/test/rubygems/helper.rb:751:in 'Dir.chdir'
    /root/ruby-3.4.5/test/rubygems/helper.rb:751:in 'Gem::TestCase#util_build_gem'
    /root/ruby-3.4.5/test/rubygems/helper.rb:899:in 'Gem::TestCase#util_gem'
    /root/ruby-3.4.5/test/rubygems/test_gem_source_lock.rb:92:in 'TestGemSourceLock#test_spaceship_s
pecific_file'

 73) Error:
TestGemSourceLock#test_fetch_spec:
LoadError: cannot load such file -- psych
    <internal:/root/ruby-3.4.5/lib/rubygems/core_ext/kernel_require.rb>:136:in 'Kernel#require'
    <internal:/root/ruby-3.4.5/lib/rubygems/core_ext/kernel_require.rb>:136:in 'Kernel#require'
    /root/ruby-3.4.5/lib/rubygems.rb:621:in 'Gem.load_yaml'
    /root/ruby-3.4.5/lib/rubygems/specification.rb:1246:in 'Gem::Specification._load'
    /root/ruby-3.4.5/lib/rubygems/safe_marshal/visitors/to_ruby.rb:358:in 'Gem::SafeMarshal::Visitor
s::ToRuby#call_method'
    /root/ruby-3.4.5/lib/rubygems/safe_marshal/visitors/to_ruby.rb:187:in 'Gem::SafeMarshal::Visitor
s::ToRuby#visit_Gem_SafeMarshal_Elements_UserDefined'
    /root/ruby-3.4.5/lib/rubygems/safe_marshal/visitors/visitor.rb:6:in 'Gem::SafeMarshal::Visitors:
:Visitor#visit'
    /root/ruby-3.4.5/lib/rubygems/safe_marshal/visitors/to_ruby.rb:28:in 'Gem::SafeMarshal::Visitors
::ToRuby#visit'
    /root/ruby-3.4.5/lib/rubygems/safe_marshal.rb:71:in 'Gem::SafeMarshal.load'
    /root/ruby-3.4.5/lib/rubygems/safe_marshal.rb:61:in 'Gem::SafeMarshal.safe_load'
    /root/ruby-3.4.5/lib/rubygems/source.rb:162:in 'Gem::Source#fetch_spec'
    /root/ruby-3.4.5/lib/rubygems/source/lock.rb:43:in 'Gem::Source::Lock#fetch_spec'
    /root/ruby-3.4.5/test/rubygems/test_gem_source_lock.rb:16:in 'TestGemSourceLock#test_fetch_spec'

 74) Error:
TestGemInstallUpdateOptions#test_user_install_enabled:
LoadError: cannot load such file -- psych
    <internal:/root/ruby-3.4.5/lib/rubygems/core_ext/kernel_require.rb>:136:in 'Kernel#require'
    <internal:/root/ruby-3.4.5/lib/rubygems/core_ext/kernel_require.rb>:136:in 'Kernel#require'
    /root/ruby-3.4.5/lib/rubygems.rb:621:in 'Gem.load_yaml'
    /root/ruby-3.4.5/lib/rubygems/package.rb:295:in 'Gem::Package#build'
    /root/ruby-3.4.5/lib/rubygems/package.rb:136:in 'Gem::Package.build'
    /root/ruby-3.4.5/test/rubygems/helper.rb:762:in 'block (2 levels) in Gem::TestCase#util_build_ge
m'
    /root/ruby-3.4.5/lib/rubygems/user_interaction.rb:46:in 'Gem::DefaultUserInteraction.use_ui'
    /root/ruby-3.4.5/lib/rubygems/user_interaction.rb:69:in 'Gem::DefaultUserInteraction#use_ui'
    /root/ruby-3.4.5/test/rubygems/helper.rb:761:in 'block in Gem::TestCase#util_build_gem'
    /root/ruby-3.4.5/test/rubygems/helper.rb:751:in 'Dir.chdir'
    /root/ruby-3.4.5/test/rubygems/helper.rb:751:in 'Gem::TestCase#util_build_gem'
    /root/ruby-3.4.5/test/rubygems/test_gem_install_update_options.rb:119:in 'TestGemInstallUpdateOp
tions#test_user_install_enabled'

 75) Error:
TestMkmfHaveMacro#test_not_have_macro_opt:
RuntimeError: The compiler failed to generate an executable file.
You have to install development tools first.

    /root/ruby-3.4.5/lib/mkmf.rb:528:in 'MakeMakefile#try_do'
    /root/ruby-3.4.5/lib/mkmf.rb:655:in 'MakeMakefile#try_compile'
    /root/ruby-3.4.5/lib/mkmf.rb:955:in 'MakeMakefile#macro_defined?'
    /root/ruby-3.4.5/lib/mkmf.rb:1124:in 'block in MakeMakefile#have_macro'
    /root/ruby-3.4.5/lib/mkmf.rb:1070:in 'block in MakeMakefile#checking_for'
    /root/ruby-3.4.5/lib/mkmf.rb:370:in 'block (2 levels) in MakeMakefile::Logging.postpone'
    /root/ruby-3.4.5/lib/mkmf.rb:340:in 'MakeMakefile::Logging.open'
    /root/ruby-3.4.5/lib/mkmf.rb:370:in 'block in MakeMakefile::Logging.postpone'
    /root/ruby-3.4.5/lib/mkmf.rb:340:in 'MakeMakefile::Logging.open'
    /root/ruby-3.4.5/lib/mkmf.rb:366:in 'MakeMakefile::Logging.postpone'
    /root/ruby-3.4.5/lib/mkmf.rb:1069:in 'MakeMakefile#checking_for'
    /root/ruby-3.4.5/lib/mkmf.rb:1123:in 'MakeMakefile#have_macro'
    /root/ruby-3.4.5/test/mkmf/test_have_macro.rb:23:in 'TestMkmfHaveMacro#test_not_have_macro_opt'

 76) Error:
TestMkmfHaveMacro#test_not_have_macro_header:
RuntimeError: The compiler failed to generate an executable file.
You have to install development tools first.

    /root/ruby-3.4.5/lib/mkmf.rb:528:in 'MakeMakefile#try_do'
    /root/ruby-3.4.5/lib/mkmf.rb:655:in 'MakeMakefile#try_compile'
    /root/ruby-3.4.5/lib/mkmf.rb:955:in 'MakeMakefile#macro_defined?'
    /root/ruby-3.4.5/lib/mkmf.rb:1124:in 'block in MakeMakefile#have_macro'
    /root/ruby-3.4.5/lib/mkmf.rb:1070:in 'block in MakeMakefile#checking_for'
    /root/ruby-3.4.5/lib/mkmf.rb:370:in 'block (2 levels) in MakeMakefile::Logging.postpone'
    /root/ruby-3.4.5/lib/mkmf.rb:340:in 'MakeMakefile::Logging.open'
    /root/ruby-3.4.5/lib/mkmf.rb:370:in 'block in MakeMakefile::Logging.postpone'
    /root/ruby-3.4.5/lib/mkmf.rb:340:in 'MakeMakefile::Logging.open'
    /root/ruby-3.4.5/lib/mkmf.rb:366:in 'MakeMakefile::Logging.postpone'
    /root/ruby-3.4.5/lib/mkmf.rb:1069:in 'MakeMakefile#checking_for'
    /root/ruby-3.4.5/lib/mkmf.rb:1123:in 'MakeMakefile#have_macro'
    /root/ruby-3.4.5/test/mkmf/test_have_macro.rb:31:in 'block in TestMkmfHaveMacro#test_not_have_ma
cro_header'
    /root/ruby-3.4.5/lib/tempfile.rb:576:in 'Tempfile.create_with_filename'
    /root/ruby-3.4.5/lib/tempfile.rb:562:in 'Tempfile.create'
    /root/ruby-3.4.5/test/mkmf/test_have_macro.rb:27:in 'TestMkmfHaveMacro#test_not_have_macro_heade
r'

 77) Error:
TestMkmfHaveMacro#test_have_macro_header:
RuntimeError: The compiler failed to generate an executable file.
You have to install development tools first.

    /root/ruby-3.4.5/lib/mkmf.rb:528:in 'MakeMakefile#try_do'
    /root/ruby-3.4.5/lib/mkmf.rb:655:in 'MakeMakefile#try_compile'
    /root/ruby-3.4.5/lib/mkmf.rb:955:in 'MakeMakefile#macro_defined?'
    /root/ruby-3.4.5/lib/mkmf.rb:1124:in 'block in MakeMakefile#have_macro'
    /root/ruby-3.4.5/lib/mkmf.rb:1070:in 'block in MakeMakefile#checking_for'
    /root/ruby-3.4.5/lib/mkmf.rb:370:in 'block (2 levels) in MakeMakefile::Logging.postpone'
    /root/ruby-3.4.5/lib/mkmf.rb:340:in 'MakeMakefile::Logging.open'
    /root/ruby-3.4.5/lib/mkmf.rb:370:in 'block in MakeMakefile::Logging.postpone'
    /root/ruby-3.4.5/lib/mkmf.rb:340:in 'MakeMakefile::Logging.open'
    /root/ruby-3.4.5/lib/mkmf.rb:366:in 'MakeMakefile::Logging.postpone'
    /root/ruby-3.4.5/lib/mkmf.rb:1069:in 'MakeMakefile#checking_for'
    /root/ruby-3.4.5/lib/mkmf.rb:1123:in 'MakeMakefile#have_macro'
    /root/ruby-3.4.5/test/mkmf/test_have_macro.rb:18:in 'block in TestMkmfHaveMacro#test_have_macro_
header'
    /root/ruby-3.4.5/lib/tempfile.rb:576:in 'Tempfile.create_with_filename'
    /root/ruby-3.4.5/lib/tempfile.rb:562:in 'Tempfile.create'
    /root/ruby-3.4.5/test/mkmf/test_have_macro.rb:13:in 'TestMkmfHaveMacro#test_have_macro_header'

 78) Error:
TestMkmfHaveMacro#test_have_macro_opt:
RuntimeError: The compiler failed to generate an executable file.
You have to install development tools first.

    /root/ruby-3.4.5/lib/mkmf.rb:528:in 'MakeMakefile#try_do'
    /root/ruby-3.4.5/lib/mkmf.rb:655:in 'MakeMakefile#try_compile'
    /root/ruby-3.4.5/lib/mkmf.rb:955:in 'MakeMakefile#macro_defined?'
    /root/ruby-3.4.5/lib/mkmf.rb:1124:in 'block in MakeMakefile#have_macro'
    /root/ruby-3.4.5/lib/mkmf.rb:1070:in 'block in MakeMakefile#checking_for'
    /root/ruby-3.4.5/lib/mkmf.rb:370:in 'block (2 levels) in MakeMakefile::Logging.postpone'
    /root/ruby-3.4.5/lib/mkmf.rb:340:in 'MakeMakefile::Logging.open'
    /root/ruby-3.4.5/lib/mkmf.rb:370:in 'block in MakeMakefile::Logging.postpone'
    /root/ruby-3.4.5/lib/mkmf.rb:340:in 'MakeMakefile::Logging.open'
    /root/ruby-3.4.5/lib/mkmf.rb:366:in 'MakeMakefile::Logging.postpone'
    /root/ruby-3.4.5/lib/mkmf.rb:1069:in 'MakeMakefile#checking_for'
    /root/ruby-3.4.5/lib/mkmf.rb:1123:in 'MakeMakefile#have_macro'
    /root/ruby-3.4.5/test/mkmf/test_have_macro.rb:9:in 'TestMkmfHaveMacro#test_have_macro_opt'

 79) Timeout:
TestStruct::SubStruct#test_named_structs_are_not_rooted

 80) Error:
TestGemCommandsRebuildCommand#test_build_is_reproducible:
LoadError: cannot load such file -- psych
    <internal:/root/ruby-3.4.5/lib/rubygems/core_ext/kernel_require.rb>:136:in 'Kernel#require'
    <internal:/root/ruby-3.4.5/lib/rubygems/core_ext/kernel_require.rb>:136:in 'Kernel#require'
    /root/ruby-3.4.5/lib/rubygems.rb:621:in 'Gem.load_yaml'
    /root/ruby-3.4.5/lib/rubygems/package.rb:295:in 'Gem::Package#build'
    /root/ruby-3.4.5/lib/rubygems/package.rb:136:in 'Gem::Package.build'
    /root/ruby-3.4.5/lib/rubygems/commands/build_command.rb:94:in 'Gem::Commands::BuildCommand#build
_package'
    /root/ruby-3.4.5/lib/rubygems/commands/build_command.rb:84:in 'Gem::Commands::BuildCommand#build
_gem'
    /root/ruby-3.4.5/lib/rubygems/commands/build_command.rb:71:in 'block in Gem::Commands::BuildComm
and#execute'
    /root/ruby-3.4.5/lib/rubygems/commands/build_command.rb:71:in 'Dir.chdir'
    /root/ruby-3.4.5/lib/rubygems/commands/build_command.rb:71:in 'Gem::Commands::BuildCommand#execu
te'
    /root/ruby-3.4.5/test/rubygems/test_gem_commands_rebuild_command.rb:40:in 'block in TestGemComma
ndsRebuildCommand#util_test_build_gem'
    /root/ruby-3.4.5/lib/rubygems/user_interaction.rb:46:in 'Gem::DefaultUserInteraction.use_ui'
    /root/ruby-3.4.5/lib/rubygems/user_interaction.rb:69:in 'Gem::DefaultUserInteraction#use_ui'
    /root/ruby-3.4.5/test/rubygems/test_gem_commands_rebuild_command.rb:39:in 'TestGemCommandsRebuil
dCommand#util_test_build_gem'
    /root/ruby-3.4.5/test/rubygems/test_gem_commands_rebuild_command.rb:122:in 'TestGemCommandsRebui
ldCommand#test_build_is_reproducible'

 81) Error:
TestGemResolverInstalledSpecification#test_installable_platform_eh:
LoadError: cannot load such file -- psych
    <internal:/root/ruby-3.4.5/lib/rubygems/core_ext/kernel_require.rb>:136:in 'Kernel#require'
    <internal:/root/ruby-3.4.5/lib/rubygems/core_ext/kernel_require.rb>:136:in 'Kernel#require'
    /root/ruby-3.4.5/lib/rubygems.rb:621:in 'Gem.load_yaml'
    /root/ruby-3.4.5/lib/rubygems/package.rb:295:in 'Gem::Package#build'
    /root/ruby-3.4.5/lib/rubygems/package.rb:136:in 'Gem::Package.build'
    /root/ruby-3.4.5/test/rubygems/helper.rb:762:in 'block (2 levels) in Gem::TestCase#util_build_ge
m'
    /root/ruby-3.4.5/lib/rubygems/user_interaction.rb:46:in 'Gem::DefaultUserInteraction.use_ui'
    /root/ruby-3.4.5/lib/rubygems/user_interaction.rb:69:in 'Gem::DefaultUserInteraction#use_ui'
    /root/ruby-3.4.5/test/rubygems/helper.rb:761:in 'block in Gem::TestCase#util_build_gem'
    /root/ruby-3.4.5/test/rubygems/helper.rb:751:in 'Dir.chdir'
    /root/ruby-3.4.5/test/rubygems/helper.rb:751:in 'Gem::TestCase#util_build_gem'
    /root/ruby-3.4.5/test/rubygems/helper.rb:899:in 'Gem::TestCase#util_gem'
    /root/ruby-3.4.5/test/rubygems/test_gem_resolver_installed_specification.rb:37:in 'TestGemResolv
erInstalledSpecification#test_installable_platform_eh'

 82) Error:
TestGemCommandsUpdateCommand#test_execute_multiple:
LoadError: cannot load such file -- psych
    <internal:/root/ruby-3.4.5/lib/rubygems/core_ext/kernel_require.rb>:136:in 'Kernel#require'
    <internal:/root/ruby-3.4.5/lib/rubygems/core_ext/kernel_require.rb>:136:in 'Kernel#require'
    /root/ruby-3.4.5/lib/rubygems.rb:621:in 'Gem.load_yaml'
    /root/ruby-3.4.5/lib/rubygems/package.rb:295:in 'Gem::Package#build'
    /root/ruby-3.4.5/lib/rubygems/package.rb:136:in 'Gem::Package.build'
    /root/ruby-3.4.5/test/rubygems/helper.rb:762:in 'block (2 levels) in Gem::TestCase#util_build_ge
m'
    /root/ruby-3.4.5/lib/rubygems/user_interaction.rb:46:in 'Gem::DefaultUserInteraction.use_ui'
    /root/ruby-3.4.5/lib/rubygems/user_interaction.rb:69:in 'Gem::DefaultUserInteraction#use_ui'
    /root/ruby-3.4.5/test/rubygems/helper.rb:761:in 'block in Gem::TestCase#util_build_gem'
    /root/ruby-3.4.5/test/rubygems/helper.rb:751:in 'Dir.chdir'
    /root/ruby-3.4.5/test/rubygems/helper.rb:751:in 'Gem::TestCase#util_build_gem'
    /root/ruby-3.4.5/test/rubygems/helper.rb:899:in 'Gem::TestCase#util_gem'
    /root/ruby-3.4.5/test/rubygems/utilities.rb:325:in 'block in Gem::TestCase::SpecFetcherSetup#exe
cute_operations'
    /root/ruby-3.4.5/test/rubygems/utilities.rb:314:in 'Array#each'
    /root/ruby-3.4.5/test/rubygems/utilities.rb:314:in 'Gem::TestCase::SpecFetcherSetup#execute_oper
ations'
    /root/ruby-3.4.5/test/rubygems/utilities.rb:306:in 'Gem::TestCase::SpecFetcherSetup#execute'
    /root/ruby-3.4.5/test/rubygems/utilities.rb:275:in 'Gem::TestCase::SpecFetcherSetup.declare'
    /root/ruby-3.4.5/test/rubygems/helper.rb:1359:in 'Gem::TestCase#spec_fetcher'
    /root/ruby-3.4.5/test/rubygems/test_gem_commands_update_command.rb:15:in 'TestGemCommandsUpdateC
ommand#setup'

 83) Error:
TestGemCommandsUpdateCommand#test_explain:
LoadError: cannot load such file -- psych
    <internal:/root/ruby-3.4.5/lib/rubygems/core_ext/kernel_require.rb>:136:in 'Kernel#require'
    <internal:/root/ruby-3.4.5/lib/rubygems/core_ext/kernel_require.rb>:136:in 'Kernel#require'
    /root/ruby-3.4.5/lib/rubygems.rb:621:in 'Gem.load_yaml'
    /root/ruby-3.4.5/lib/rubygems/package.rb:295:in 'Gem::Package#build'
    /root/ruby-3.4.5/lib/rubygems/package.rb:136:in 'Gem::Package.build'
    /root/ruby-3.4.5/test/rubygems/helper.rb:762:in 'block (2 levels) in Gem::TestCase#util_build_ge
m'
    /root/ruby-3.4.5/lib/rubygems/user_interaction.rb:46:in 'Gem::DefaultUserInteraction.use_ui'
    /root/ruby-3.4.5/lib/rubygems/user_interaction.rb:69:in 'Gem::DefaultUserInteraction#use_ui'
    /root/ruby-3.4.5/test/rubygems/helper.rb:761:in 'block in Gem::TestCase#util_build_gem'
    /root/ruby-3.4.5/test/rubygems/helper.rb:751:in 'Dir.chdir'
    /root/ruby-3.4.5/test/rubygems/helper.rb:751:in 'Gem::TestCase#util_build_gem'
    /root/ruby-3.4.5/test/rubygems/helper.rb:899:in 'Gem::TestCase#util_gem'
    /root/ruby-3.4.5/test/rubygems/utilities.rb:325:in 'block in Gem::TestCase::SpecFetcherSetup#exe
cute_operations'
    /root/ruby-3.4.5/test/rubygems/utilities.rb:314:in 'Array#each'
    /root/ruby-3.4.5/test/rubygems/utilities.rb:314:in 'Gem::TestCase::SpecFetcherSetup#execute_oper
ations'
    /root/ruby-3.4.5/test/rubygems/utilities.rb:306:in 'Gem::TestCase::SpecFetcherSetup#execute'
    /root/ruby-3.4.5/test/rubygems/utilities.rb:275:in 'Gem::TestCase::SpecFetcherSetup.declare'
    /root/ruby-3.4.5/test/rubygems/helper.rb:1359:in 'Gem::TestCase#spec_fetcher'
    /root/ruby-3.4.5/test/rubygems/test_gem_commands_update_command.rb:15:in 'TestGemCommandsUpdateC
ommand#setup'

 84) Error:
TestGemCommandsUpdateCommand#test_execute_system:
LoadError: cannot load such file -- psych
    <internal:/root/ruby-3.4.5/lib/rubygems/core_ext/kernel_require.rb>:136:in 'Kernel#require'
    <internal:/root/ruby-3.4.5/lib/rubygems/core_ext/kernel_require.rb>:136:in 'Kernel#require'
    /root/ruby-3.4.5/lib/rubygems.rb:621:in 'Gem.load_yaml'
    /root/ruby-3.4.5/lib/rubygems/package.rb:295:in 'Gem::Package#build'
    /root/ruby-3.4.5/lib/rubygems/package.rb:136:in 'Gem::Package.build'
    /root/ruby-3.4.5/test/rubygems/helper.rb:762:in 'block (2 levels) in Gem::TestCase#util_build_ge
m'
    /root/ruby-3.4.5/lib/rubygems/user_interaction.rb:46:in 'Gem::DefaultUserInteraction.use_ui'
    /root/ruby-3.4.5/lib/rubygems/user_interaction.rb:69:in 'Gem::DefaultUserInteraction#use_ui'
    /root/ruby-3.4.5/test/rubygems/helper.rb:761:in 'block in Gem::TestCase#util_build_gem'
    /root/ruby-3.4.5/test/rubygems/helper.rb:751:in 'Dir.chdir'
    /root/ruby-3.4.5/test/rubygems/helper.rb:751:in 'Gem::TestCase#util_build_gem'
    /root/ruby-3.4.5/test/rubygems/helper.rb:899:in 'Gem::TestCase#util_gem'
    /root/ruby-3.4.5/test/rubygems/utilities.rb:325:in 'block in Gem::TestCase::SpecFetcherSetup#exe
cute_operations'
    /root/ruby-3.4.5/test/rubygems/utilities.rb:314:in 'Array#each'
    /root/ruby-3.4.5/test/rubygems/utilities.rb:314:in 'Gem::TestCase::SpecFetcherSetup#execute_oper
ations'
    /root/ruby-3.4.5/test/rubygems/utilities.rb:306:in 'Gem::TestCase::SpecFetcherSetup#execute'
    /root/ruby-3.4.5/test/rubygems/utilities.rb:275:in 'Gem::TestCase::SpecFetcherSetup.declare'
    /root/ruby-3.4.5/test/rubygems/helper.rb:1359:in 'Gem::TestCase#spec_fetcher'
    /root/ruby-3.4.5/test/rubygems/test_gem_commands_update_command.rb:15:in 'TestGemCommandsUpdateC
ommand#setup'

 85) Error:
TestGemCommandsUpdateCommand#test_execute_system_at_latest:
LoadError: cannot load such file -- psych
    <internal:/root/ruby-3.4.5/lib/rubygems/core_ext/kernel_require.rb>:136:in 'Kernel#require'
    <internal:/root/ruby-3.4.5/lib/rubygems/core_ext/kernel_require.rb>:136:in 'Kernel#require'
    /root/ruby-3.4.5/lib/rubygems.rb:621:in 'Gem.load_yaml'
    /root/ruby-3.4.5/lib/rubygems/package.rb:295:in 'Gem::Package#build'
    /root/ruby-3.4.5/lib/rubygems/package.rb:136:in 'Gem::Package.build'
    /root/ruby-3.4.5/test/rubygems/helper.rb:762:in 'block (2 levels) in Gem::TestCase#util_build_ge
m'
    /root/ruby-3.4.5/lib/rubygems/user_interaction.rb:46:in 'Gem::DefaultUserInteraction.use_ui'
    /root/ruby-3.4.5/lib/rubygems/user_interaction.rb:69:in 'Gem::DefaultUserInteraction#use_ui'
    /root/ruby-3.4.5/test/rubygems/helper.rb:761:in 'block in Gem::TestCase#util_build_gem'
    /root/ruby-3.4.5/test/rubygems/helper.rb:751:in 'Dir.chdir'
    /root/ruby-3.4.5/test/rubygems/helper.rb:751:in 'Gem::TestCase#util_build_gem'
    /root/ruby-3.4.5/test/rubygems/helper.rb:899:in 'Gem::TestCase#util_gem'
    /root/ruby-3.4.5/test/rubygems/utilities.rb:325:in 'block in Gem::TestCase::SpecFetcherSetup#exe
cute_operations'
    /root/ruby-3.4.5/test/rubygems/utilities.rb:314:in 'Array#each'
    /root/ruby-3.4.5/test/rubygems/utilities.rb:314:in 'Gem::TestCase::SpecFetcherSetup#execute_oper
ations'
    /root/ruby-3.4.5/test/rubygems/utilities.rb:306:in 'Gem::TestCase::SpecFetcherSetup#execute'
    /root/ruby-3.4.5/test/rubygems/utilities.rb:275:in 'Gem::TestCase::SpecFetcherSetup.declare'
    /root/ruby-3.4.5/test/rubygems/helper.rb:1359:in 'Gem::TestCase#spec_fetcher'
    /root/ruby-3.4.5/test/rubygems/test_gem_commands_update_command.rb:15:in 'TestGemCommandsUpdateC
ommand#setup'

 86) Error:
TestGemCommandsUpdateCommand#test_update_gem_prerelease:
LoadError: cannot load such file -- psych
    <internal:/root/ruby-3.4.5/lib/rubygems/core_ext/kernel_require.rb>:136:in 'Kernel#require'
    <internal:/root/ruby-3.4.5/lib/rubygems/core_ext/kernel_require.rb>:136:in 'Kernel#require'
    /root/ruby-3.4.5/lib/rubygems.rb:621:in 'Gem.load_yaml'
    /root/ruby-3.4.5/lib/rubygems/package.rb:295:in 'Gem::Package#build'
    /root/ruby-3.4.5/lib/rubygems/package.rb:136:in 'Gem::Package.build'
    /root/ruby-3.4.5/test/rubygems/helper.rb:762:in 'block (2 levels) in Gem::TestCase#util_build_ge
m'
    /root/ruby-3.4.5/lib/rubygems/user_interaction.rb:46:in 'Gem::DefaultUserInteraction.use_ui'
    /root/ruby-3.4.5/lib/rubygems/user_interaction.rb:69:in 'Gem::DefaultUserInteraction#use_ui'
    /root/ruby-3.4.5/test/rubygems/helper.rb:761:in 'block in Gem::TestCase#util_build_gem'
    /root/ruby-3.4.5/test/rubygems/helper.rb:751:in 'Dir.chdir'
    /root/ruby-3.4.5/test/rubygems/helper.rb:751:in 'Gem::TestCase#util_build_gem'
    /root/ruby-3.4.5/test/rubygems/helper.rb:899:in 'Gem::TestCase#util_gem'
    /root/ruby-3.4.5/test/rubygems/utilities.rb:325:in 'block in Gem::TestCase::SpecFetcherSetup#exe
cute_operations'
    /root/ruby-3.4.5/test/rubygems/utilities.rb:314:in 'Array#each'
    /root/ruby-3.4.5/test/rubygems/utilities.rb:314:in 'Gem::TestCase::SpecFetcherSetup#execute_oper
ations'
    /root/ruby-3.4.5/test/rubygems/utilities.rb:306:in 'Gem::TestCase::SpecFetcherSetup#execute'
    /root/ruby-3.4.5/test/rubygems/utilities.rb:275:in 'Gem::TestCase::SpecFetcherSetup.declare'
    /root/ruby-3.4.5/test/rubygems/helper.rb:1359:in 'Gem::TestCase#spec_fetcher'
    /root/ruby-3.4.5/test/rubygems/test_gem_commands_update_command.rb:15:in 'TestGemCommandsUpdateC
ommand#setup'

 87) Error:
TestGemCommandsUpdateCommand#test_execute_named_some_up_to_date:
LoadError: cannot load such file -- psych
    <internal:/root/ruby-3.4.5/lib/rubygems/core_ext/kernel_require.rb>:136:in 'Kernel#require'
    <internal:/root/ruby-3.4.5/lib/rubygems/core_ext/kernel_require.rb>:136:in 'Kernel#require'
    /root/ruby-3.4.5/lib/rubygems.rb:621:in 'Gem.load_yaml'
    /root/ruby-3.4.5/lib/rubygems/package.rb:295:in 'Gem::Package#build'
    /root/ruby-3.4.5/lib/rubygems/package.rb:136:in 'Gem::Package.build'
    /root/ruby-3.4.5/test/rubygems/helper.rb:762:in 'block (2 levels) in Gem::TestCase#util_build_ge
m'
    /root/ruby-3.4.5/lib/rubygems/user_interaction.rb:46:in 'Gem::DefaultUserInteraction.use_ui'
    /root/ruby-3.4.5/lib/rubygems/user_interaction.rb:69:in 'Gem::DefaultUserInteraction#use_ui'
    /root/ruby-3.4.5/test/rubygems/helper.rb:761:in 'block in Gem::TestCase#util_build_gem'
    /root/ruby-3.4.5/test/rubygems/helper.rb:751:in 'Dir.chdir'
    /root/ruby-3.4.5/test/rubygems/helper.rb:751:in 'Gem::TestCase#util_build_gem'
    /root/ruby-3.4.5/test/rubygems/helper.rb:899:in 'Gem::TestCase#util_gem'
    /root/ruby-3.4.5/test/rubygems/utilities.rb:325:in 'block in Gem::TestCase::SpecFetcherSetup#exe
cute_operations'
    /root/ruby-3.4.5/test/rubygems/utilities.rb:314:in 'Array#each'
    /root/ruby-3.4.5/test/rubygems/utilities.rb:314:in 'Gem::TestCase::SpecFetcherSetup#execute_oper
ations'
    /root/ruby-3.4.5/test/rubygems/utilities.rb:306:in 'Gem::TestCase::SpecFetcherSetup#execute'
    /root/ruby-3.4.5/test/rubygems/utilities.rb:275:in 'Gem::TestCase::SpecFetcherSetup.declare'
    /root/ruby-3.4.5/test/rubygems/helper.rb:1359:in 'Gem::TestCase#spec_fetcher'
    /root/ruby-3.4.5/test/rubygems/test_gem_commands_update_command.rb:15:in 'TestGemCommandsUpdateC
ommand#setup'

 88) Error:
TestGemCommandsUpdateCommand#test_execute_named_up_to_date:
LoadError: cannot load such file -- psych
    <internal:/root/ruby-3.4.5/lib/rubygems/core_ext/kernel_require.rb>:136:in 'Kernel#require'
    <internal:/root/ruby-3.4.5/lib/rubygems/core_ext/kernel_require.rb>:136:in 'Kernel#require'
    /root/ruby-3.4.5/lib/rubygems.rb:621:in 'Gem.load_yaml'
    /root/ruby-3.4.5/lib/rubygems/package.rb:295:in 'Gem::Package#build'
    /root/ruby-3.4.5/lib/rubygems/package.rb:136:in 'Gem::Package.build'
    /root/ruby-3.4.5/test/rubygems/helper.rb:762:in 'block (2 levels) in Gem::TestCase#util_build_ge
m'
    /root/ruby-3.4.5/lib/rubygems/user_interaction.rb:46:in 'Gem::DefaultUserInteraction.use_ui'
    /root/ruby-3.4.5/lib/rubygems/user_interaction.rb:69:in 'Gem::DefaultUserInteraction#use_ui'
    /root/ruby-3.4.5/test/rubygems/helper.rb:761:in 'block in Gem::TestCase#util_build_gem'
    /root/ruby-3.4.5/test/rubygems/helper.rb:751:in 'Dir.chdir'
    /root/ruby-3.4.5/test/rubygems/helper.rb:751:in 'Gem::TestCase#util_build_gem'
    /root/ruby-3.4.5/test/rubygems/helper.rb:899:in 'Gem::TestCase#util_gem'
    /root/ruby-3.4.5/test/rubygems/utilities.rb:325:in 'block in Gem::TestCase::SpecFetcherSetup#exe
cute_operations'
    /root/ruby-3.4.5/test/rubygems/utilities.rb:314:in 'Array#each'
    /root/ruby-3.4.5/test/rubygems/utilities.rb:314:in 'Gem::TestCase::SpecFetcherSetup#execute_oper
ations'
    /root/ruby-3.4.5/test/rubygems/utilities.rb:306:in 'Gem::TestCase::SpecFetcherSetup#execute'
    /root/ruby-3.4.5/test/rubygems/utilities.rb:275:in 'Gem::TestCase::SpecFetcherSetup.declare'
    /root/ruby-3.4.5/test/rubygems/helper.rb:1359:in 'Gem::TestCase#spec_fetcher'
    /root/ruby-3.4.5/test/rubygems/test_gem_commands_update_command.rb:15:in 'TestGemCommandsUpdateC
ommand#setup'

 89) Error:
TestGemCommandsUpdateCommand#test_execute_system_when_latest_does_not_support_your_ruby_but_previous
_one_does:
LoadError: cannot load such file -- psych
    <internal:/root/ruby-3.4.5/lib/rubygems/core_ext/kernel_require.rb>:136:in 'Kernel#require'
    <internal:/root/ruby-3.4.5/lib/rubygems/core_ext/kernel_require.rb>:136:in 'Kernel#require'
    /root/ruby-3.4.5/lib/rubygems.rb:621:in 'Gem.load_yaml'
    /root/ruby-3.4.5/lib/rubygems/package.rb:295:in 'Gem::Package#build'
    /root/ruby-3.4.5/lib/rubygems/package.rb:136:in 'Gem::Package.build'
    /root/ruby-3.4.5/test/rubygems/helper.rb:762:in 'block (2 levels) in Gem::TestCase#util_build_ge
m'
    /root/ruby-3.4.5/lib/rubygems/user_interaction.rb:46:in 'Gem::DefaultUserInteraction.use_ui'
    /root/ruby-3.4.5/lib/rubygems/user_interaction.rb:69:in 'Gem::DefaultUserInteraction#use_ui'
    /root/ruby-3.4.5/test/rubygems/helper.rb:761:in 'block in Gem::TestCase#util_build_gem'
    /root/ruby-3.4.5/test/rubygems/helper.rb:751:in 'Dir.chdir'
    /root/ruby-3.4.5/test/rubygems/helper.rb:751:in 'Gem::TestCase#util_build_gem'
    /root/ruby-3.4.5/test/rubygems/helper.rb:899:in 'Gem::TestCase#util_gem'
    /root/ruby-3.4.5/test/rubygems/utilities.rb:325:in 'block in Gem::TestCase::SpecFetcherSetup#exe
cute_operations'
    /root/ruby-3.4.5/test/rubygems/utilities.rb:314:in 'Array#each'
    /root/ruby-3.4.5/test/rubygems/utilities.rb:314:in 'Gem::TestCase::SpecFetcherSetup#execute_oper
ations'
    /root/ruby-3.4.5/test/rubygems/utilities.rb:306:in 'Gem::TestCase::SpecFetcherSetup#execute'
    /root/ruby-3.4.5/test/rubygems/utilities.rb:275:in 'Gem::TestCase::SpecFetcherSetup.declare'
    /root/ruby-3.4.5/test/rubygems/helper.rb:1359:in 'Gem::TestCase#spec_fetcher'
    /root/ruby-3.4.5/test/rubygems/test_gem_commands_update_command.rb:15:in 'TestGemCommandsUpdateC
ommand#setup'

 90) Error:
TestGemCommandsUpdateCommand#test_update_rubygems_arguments:
LoadError: cannot load such file -- psych
    <internal:/root/ruby-3.4.5/lib/rubygems/core_ext/kernel_require.rb>:136:in 'Kernel#require'
    <internal:/root/ruby-3.4.5/lib/rubygems/core_ext/kernel_require.rb>:136:in 'Kernel#require'
    /root/ruby-3.4.5/lib/rubygems.rb:621:in 'Gem.load_yaml'
    /root/ruby-3.4.5/lib/rubygems/package.rb:295:in 'Gem::Package#build'
    /root/ruby-3.4.5/lib/rubygems/package.rb:136:in 'Gem::Package.build'
    /root/ruby-3.4.5/test/rubygems/helper.rb:762:in 'block (2 levels) in Gem::TestCase#util_build_ge
m'
    /root/ruby-3.4.5/lib/rubygems/user_interaction.rb:46:in 'Gem::DefaultUserInteraction.use_ui'
    /root/ruby-3.4.5/lib/rubygems/user_interaction.rb:69:in 'Gem::DefaultUserInteraction#use_ui'
    /root/ruby-3.4.5/test/rubygems/helper.rb:761:in 'block in Gem::TestCase#util_build_gem'
    /root/ruby-3.4.5/test/rubygems/helper.rb:751:in 'Dir.chdir'
    /root/ruby-3.4.5/test/rubygems/helper.rb:751:in 'Gem::TestCase#util_build_gem'
    /root/ruby-3.4.5/test/rubygems/helper.rb:899:in 'Gem::TestCase#util_gem'
    /root/ruby-3.4.5/test/rubygems/utilities.rb:325:in 'block in Gem::TestCase::SpecFetcherSetup#exe
cute_operations'
    /root/ruby-3.4.5/test/rubygems/utilities.rb:314:in 'Array#each'
    /root/ruby-3.4.5/test/rubygems/utilities.rb:314:in 'Gem::TestCase::SpecFetcherSetup#execute_oper
ations'
    /root/ruby-3.4.5/test/rubygems/utilities.rb:306:in 'Gem::TestCase::SpecFetcherSetup#execute'
    /root/ruby-3.4.5/test/rubygems/utilities.rb:275:in 'Gem::TestCase::SpecFetcherSetup.declare'
    /root/ruby-3.4.5/test/rubygems/helper.rb:1359:in 'Gem::TestCase#spec_fetcher'
    /root/ruby-3.4.5/test/rubygems/test_gem_commands_update_command.rb:15:in 'TestGemCommandsUpdateC
ommand#setup'

 91) Error:
TestGemCommandsUpdateCommand#test_execute_system_specific_newer_than_or_equal_to_3_2_leaves_plugins_
dir_alone:
LoadError: cannot load such file -- psych
    <internal:/root/ruby-3.4.5/lib/rubygems/core_ext/kernel_require.rb>:136:in 'Kernel#require'
    <internal:/root/ruby-3.4.5/lib/rubygems/core_ext/kernel_require.rb>:136:in 'Kernel#require'
    /root/ruby-3.4.5/lib/rubygems.rb:621:in 'Gem.load_yaml'
    /root/ruby-3.4.5/lib/rubygems/package.rb:295:in 'Gem::Package#build'
    /root/ruby-3.4.5/lib/rubygems/package.rb:136:in 'Gem::Package.build'
    /root/ruby-3.4.5/test/rubygems/helper.rb:762:in 'block (2 levels) in Gem::TestCase#util_build_ge
m'
    /root/ruby-3.4.5/lib/rubygems/user_interaction.rb:46:in 'Gem::DefaultUserInteraction.use_ui'
    /root/ruby-3.4.5/lib/rubygems/user_interaction.rb:69:in 'Gem::DefaultUserInteraction#use_ui'
    /root/ruby-3.4.5/test/rubygems/helper.rb:761:in 'block in Gem::TestCase#util_build_gem'
    /root/ruby-3.4.5/test/rubygems/helper.rb:751:in 'Dir.chdir'
    /root/ruby-3.4.5/test/rubygems/helper.rb:751:in 'Gem::TestCase#util_build_gem'
    /root/ruby-3.4.5/test/rubygems/helper.rb:899:in 'Gem::TestCase#util_gem'
    /root/ruby-3.4.5/test/rubygems/utilities.rb:325:in 'block in Gem::TestCase::SpecFetcherSetup#exe
cute_operations'
    /root/ruby-3.4.5/test/rubygems/utilities.rb:314:in 'Array#each'
    /root/ruby-3.4.5/test/rubygems/utilities.rb:314:in 'Gem::TestCase::SpecFetcherSetup#execute_oper
ations'
    /root/ruby-3.4.5/test/rubygems/utilities.rb:306:in 'Gem::TestCase::SpecFetcherSetup#execute'
    /root/ruby-3.4.5/test/rubygems/utilities.rb:275:in 'Gem::TestCase::SpecFetcherSetup.declare'
    /root/ruby-3.4.5/test/rubygems/helper.rb:1359:in 'Gem::TestCase#spec_fetcher'
    /root/ruby-3.4.5/test/rubygems/test_gem_commands_update_command.rb:15:in 'TestGemCommandsUpdateC
ommand#setup'

 92) Error:
TestGemCommandsUpdateCommand#test_execute_system_when_latest_does_not_support_your_ruby:
LoadError: cannot load such file -- psych
    <internal:/root/ruby-3.4.5/lib/rubygems/core_ext/kernel_require.rb>:136:in 'Kernel#require'
    <internal:/root/ruby-3.4.5/lib/rubygems/core_ext/kernel_require.rb>:136:in 'Kernel#require'
    /root/ruby-3.4.5/lib/rubygems.rb:621:in 'Gem.load_yaml'
    /root/ruby-3.4.5/lib/rubygems/package.rb:295:in 'Gem::Package#build'
    /root/ruby-3.4.5/lib/rubygems/package.rb:136:in 'Gem::Package.build'
    /root/ruby-3.4.5/test/rubygems/helper.rb:762:in 'block (2 levels) in Gem::TestCase#util_build_ge
m'
    /root/ruby-3.4.5/lib/rubygems/user_interaction.rb:46:in 'Gem::DefaultUserInteraction.use_ui'
    /root/ruby-3.4.5/lib/rubygems/user_interaction.rb:69:in 'Gem::DefaultUserInteraction#use_ui'
    /root/ruby-3.4.5/test/rubygems/helper.rb:761:in 'block in Gem::TestCase#util_build_gem'
    /root/ruby-3.4.5/test/rubygems/helper.rb:751:in 'Dir.chdir'
    /root/ruby-3.4.5/test/rubygems/helper.rb:751:in 'Gem::TestCase#util_build_gem'
    /root/ruby-3.4.5/test/rubygems/helper.rb:899:in 'Gem::TestCase#util_gem'
    /root/ruby-3.4.5/test/rubygems/utilities.rb:325:in 'block in Gem::TestCase::SpecFetcherSetup#exe
cute_operations'
    /root/ruby-3.4.5/test/rubygems/utilities.rb:314:in 'Array#each'
    /root/ruby-3.4.5/test/rubygems/utilities.rb:314:in 'Gem::TestCase::SpecFetcherSetup#execute_oper
ations'
    /root/ruby-3.4.5/test/rubygems/utilities.rb:306:in 'Gem::TestCase::SpecFetcherSetup#execute'
    /root/ruby-3.4.5/test/rubygems/utilities.rb:275:in 'Gem::TestCase::SpecFetcherSetup.declare'
    /root/ruby-3.4.5/test/rubygems/helper.rb:1359:in 'Gem::TestCase#spec_fetcher'
    /root/ruby-3.4.5/test/rubygems/test_gem_commands_update_command.rb:15:in 'TestGemCommandsUpdateC
ommand#setup'

 93) Error:
TestGemCommandsUpdateCommand#test_fetch_remote_gems_error:
LoadError: cannot load such file -- psych
    <internal:/root/ruby-3.4.5/lib/rubygems/core_ext/kernel_require.rb>:136:in 'Kernel#require'
    <internal:/root/ruby-3.4.5/lib/rubygems/core_ext/kernel_require.rb>:136:in 'Kernel#require'
    /root/ruby-3.4.5/lib/rubygems.rb:621:in 'Gem.load_yaml'
    /root/ruby-3.4.5/lib/rubygems/package.rb:295:in 'Gem::Package#build'
    /root/ruby-3.4.5/lib/rubygems/package.rb:136:in 'Gem::Package.build'
    /root/ruby-3.4.5/test/rubygems/helper.rb:762:in 'block (2 levels) in Gem::TestCase#util_build_ge
m'
    /root/ruby-3.4.5/lib/rubygems/user_interaction.rb:46:in 'Gem::DefaultUserInteraction.use_ui'
    /root/ruby-3.4.5/lib/rubygems/user_interaction.rb:69:in 'Gem::DefaultUserInteraction#use_ui'
    /root/ruby-3.4.5/test/rubygems/helper.rb:761:in 'block in Gem::TestCase#util_build_gem'
    /root/ruby-3.4.5/test/rubygems/helper.rb:751:in 'Dir.chdir'
    /root/ruby-3.4.5/test/rubygems/helper.rb:751:in 'Gem::TestCase#util_build_gem'
    /root/ruby-3.4.5/test/rubygems/helper.rb:899:in 'Gem::TestCase#util_gem'
    /root/ruby-3.4.5/test/rubygems/utilities.rb:325:in 'block in Gem::TestCase::SpecFetcherSetup#exe
cute_operations'
    /root/ruby-3.4.5/test/rubygems/utilities.rb:314:in 'Array#each'
    /root/ruby-3.4.5/test/rubygems/utilities.rb:314:in 'Gem::TestCase::SpecFetcherSetup#execute_oper
ations'
    /root/ruby-3.4.5/test/rubygems/utilities.rb:306:in 'Gem::TestCase::SpecFetcherSetup#execute'
    /root/ruby-3.4.5/test/rubygems/utilities.rb:275:in 'Gem::TestCase::SpecFetcherSetup.declare'
    /root/ruby-3.4.5/test/rubygems/helper.rb:1359:in 'Gem::TestCase#spec_fetcher'
    /root/ruby-3.4.5/test/rubygems/test_gem_commands_update_command.rb:15:in 'TestGemCommandsUpdateC
ommand#setup'

 94) Error:
TestGemCommandsUpdateCommand#test_execute_system_specific:
LoadError: cannot load such file -- psych
    <internal:/root/ruby-3.4.5/lib/rubygems/core_ext/kernel_require.rb>:136:in 'Kernel#require'
    <internal:/root/ruby-3.4.5/lib/rubygems/core_ext/kernel_require.rb>:136:in 'Kernel#require'
    /root/ruby-3.4.5/lib/rubygems.rb:621:in 'Gem.load_yaml'
    /root/ruby-3.4.5/lib/rubygems/package.rb:295:in 'Gem::Package#build'
    /root/ruby-3.4.5/lib/rubygems/package.rb:136:in 'Gem::Package.build'
    /root/ruby-3.4.5/test/rubygems/helper.rb:762:in 'block (2 levels) in Gem::TestCase#util_build_ge
m'
    /root/ruby-3.4.5/lib/rubygems/user_interaction.rb:46:in 'Gem::DefaultUserInteraction.use_ui'
    /root/ruby-3.4.5/lib/rubygems/user_interaction.rb:69:in 'Gem::DefaultUserInteraction#use_ui'
    /root/ruby-3.4.5/test/rubygems/helper.rb:761:in 'block in Gem::TestCase#util_build_gem'
    /root/ruby-3.4.5/test/rubygems/helper.rb:751:in 'Dir.chdir'
    /root/ruby-3.4.5/test/rubygems/helper.rb:751:in 'Gem::TestCase#util_build_gem'
    /root/ruby-3.4.5/test/rubygems/helper.rb:899:in 'Gem::TestCase#util_gem'
    /root/ruby-3.4.5/test/rubygems/utilities.rb:325:in 'block in Gem::TestCase::SpecFetcherSetup#exe
cute_operations'
    /root/ruby-3.4.5/test/rubygems/utilities.rb:314:in 'Array#each'
    /root/ruby-3.4.5/test/rubygems/utilities.rb:314:in 'Gem::TestCase::SpecFetcherSetup#execute_oper
ations'
    /root/ruby-3.4.5/test/rubygems/utilities.rb:306:in 'Gem::TestCase::SpecFetcherSetup#execute'
    /root/ruby-3.4.5/test/rubygems/utilities.rb:275:in 'Gem::TestCase::SpecFetcherSetup.declare'
    /root/ruby-3.4.5/test/rubygems/helper.rb:1359:in 'Gem::TestCase#spec_fetcher'
    /root/ruby-3.4.5/test/rubygems/test_gem_commands_update_command.rb:15:in 'TestGemCommandsUpdateC
ommand#setup'

 95) Error:
TestGemCommandsUpdateCommand#test_execute:
LoadError: cannot load such file -- psych
    <internal:/root/ruby-3.4.5/lib/rubygems/core_ext/kernel_require.rb>:136:in 'Kernel#require'
    <internal:/root/ruby-3.4.5/lib/rubygems/core_ext/kernel_require.rb>:136:in 'Kernel#require'
    /root/ruby-3.4.5/lib/rubygems.rb:621:in 'Gem.load_yaml'
    /root/ruby-3.4.5/lib/rubygems/package.rb:295:in 'Gem::Package#build'
    /root/ruby-3.4.5/lib/rubygems/package.rb:136:in 'Gem::Package.build'
    /root/ruby-3.4.5/test/rubygems/helper.rb:762:in 'block (2 levels) in Gem::TestCase#util_build_ge
m'
    /root/ruby-3.4.5/lib/rubygems/user_interaction.rb:46:in 'Gem::DefaultUserInteraction.use_ui'
    /root/ruby-3.4.5/lib/rubygems/user_interaction.rb:69:in 'Gem::DefaultUserInteraction#use_ui'
    /root/ruby-3.4.5/test/rubygems/helper.rb:761:in 'block in Gem::TestCase#util_build_gem'
    /root/ruby-3.4.5/test/rubygems/helper.rb:751:in 'Dir.chdir'
    /root/ruby-3.4.5/test/rubygems/helper.rb:751:in 'Gem::TestCase#util_build_gem'
    /root/ruby-3.4.5/test/rubygems/helper.rb:899:in 'Gem::TestCase#util_gem'
    /root/ruby-3.4.5/test/rubygems/utilities.rb:325:in 'block in Gem::TestCase::SpecFetcherSetup#exe
cute_operations'
    /root/ruby-3.4.5/test/rubygems/utilities.rb:314:in 'Array#each'
    /root/ruby-3.4.5/test/rubygems/utilities.rb:314:in 'Gem::TestCase::SpecFetcherSetup#execute_oper
ations'
    /root/ruby-3.4.5/test/rubygems/utilities.rb:306:in 'Gem::TestCase::SpecFetcherSetup#execute'
    /root/ruby-3.4.5/test/rubygems/utilities.rb:275:in 'Gem::TestCase::SpecFetcherSetup.declare'
    /root/ruby-3.4.5/test/rubygems/helper.rb:1359:in 'Gem::TestCase#spec_fetcher'
    /root/ruby-3.4.5/test/rubygems/test_gem_commands_update_command.rb:15:in 'TestGemCommandsUpdateC
ommand#setup'

 96) Error:
TestGemCommandsUpdateCommand#test_execute_user_install:
LoadError: cannot load such file -- psych
    <internal:/root/ruby-3.4.5/lib/rubygems/core_ext/kernel_require.rb>:136:in 'Kernel#require'
    <internal:/root/ruby-3.4.5/lib/rubygems/core_ext/kernel_require.rb>:136:in 'Kernel#require'
    /root/ruby-3.4.5/lib/rubygems.rb:621:in 'Gem.load_yaml'
    /root/ruby-3.4.5/lib/rubygems/package.rb:295:in 'Gem::Package#build'
    /root/ruby-3.4.5/lib/rubygems/package.rb:136:in 'Gem::Package.build'
    /root/ruby-3.4.5/test/rubygems/helper.rb:762:in 'block (2 levels) in Gem::TestCase#util_build_ge
m'
    /root/ruby-3.4.5/lib/rubygems/user_interaction.rb:46:in 'Gem::DefaultUserInteraction.use_ui'
    /root/ruby-3.4.5/lib/rubygems/user_interaction.rb:69:in 'Gem::DefaultUserInteraction#use_ui'
    /root/ruby-3.4.5/test/rubygems/helper.rb:761:in 'block in Gem::TestCase#util_build_gem'
    /root/ruby-3.4.5/test/rubygems/helper.rb:751:in 'Dir.chdir'
    /root/ruby-3.4.5/test/rubygems/helper.rb:751:in 'Gem::TestCase#util_build_gem'
    /root/ruby-3.4.5/test/rubygems/helper.rb:899:in 'Gem::TestCase#util_gem'
    /root/ruby-3.4.5/test/rubygems/utilities.rb:325:in 'block in Gem::TestCase::SpecFetcherSetup#exe
cute_operations'
    /root/ruby-3.4.5/test/rubygems/utilities.rb:314:in 'Array#each'
    /root/ruby-3.4.5/test/rubygems/utilities.rb:314:in 'Gem::TestCase::SpecFetcherSetup#execute_oper
ations'
    /root/ruby-3.4.5/test/rubygems/utilities.rb:306:in 'Gem::TestCase::SpecFetcherSetup#execute'
    /root/ruby-3.4.5/test/rubygems/utilities.rb:275:in 'Gem::TestCase::SpecFetcherSetup.declare'
    /root/ruby-3.4.5/test/rubygems/helper.rb:1359:in 'Gem::TestCase#spec_fetcher'
    /root/ruby-3.4.5/test/rubygems/test_gem_commands_update_command.rb:15:in 'TestGemCommandsUpdateC
ommand#setup'

 97) Error:
TestGemCommandsUpdateCommand#test_explain_platform_ruby:
LoadError: cannot load such file -- psych
    <internal:/root/ruby-3.4.5/lib/rubygems/core_ext/kernel_require.rb>:136:in 'Kernel#require'
    <internal:/root/ruby-3.4.5/lib/rubygems/core_ext/kernel_require.rb>:136:in 'Kernel#require'
    /root/ruby-3.4.5/lib/rubygems.rb:621:in 'Gem.load_yaml'
    /root/ruby-3.4.5/lib/rubygems/package.rb:295:in 'Gem::Package#build'
    /root/ruby-3.4.5/lib/rubygems/package.rb:136:in 'Gem::Package.build'
    /root/ruby-3.4.5/test/rubygems/helper.rb:762:in 'block (2 levels) in Gem::TestCase#util_build_ge
m'
    /root/ruby-3.4.5/lib/rubygems/user_interaction.rb:46:in 'Gem::DefaultUserInteraction.use_ui'
    /root/ruby-3.4.5/lib/rubygems/user_interaction.rb:69:in 'Gem::DefaultUserInteraction#use_ui'
    /root/ruby-3.4.5/test/rubygems/helper.rb:761:in 'block in Gem::TestCase#util_build_gem'
    /root/ruby-3.4.5/test/rubygems/helper.rb:751:in 'Dir.chdir'
    /root/ruby-3.4.5/test/rubygems/helper.rb:751:in 'Gem::TestCase#util_build_gem'
    /root/ruby-3.4.5/test/rubygems/helper.rb:899:in 'Gem::TestCase#util_gem'
    /root/ruby-3.4.5/test/rubygems/utilities.rb:325:in 'block in Gem::TestCase::SpecFetcherSetup#exe
cute_operations'
    /root/ruby-3.4.5/test/rubygems/utilities.rb:314:in 'Array#each'
    /root/ruby-3.4.5/test/rubygems/utilities.rb:314:in 'Gem::TestCase::SpecFetcherSetup#execute_oper
ations'
    /root/ruby-3.4.5/test/rubygems/utilities.rb:306:in 'Gem::TestCase::SpecFetcherSetup#execute'
    /root/ruby-3.4.5/test/rubygems/utilities.rb:275:in 'Gem::TestCase::SpecFetcherSetup.declare'
    /root/ruby-3.4.5/test/rubygems/helper.rb:1359:in 'Gem::TestCase#spec_fetcher'
    /root/ruby-3.4.5/test/rubygems/test_gem_commands_update_command.rb:15:in 'TestGemCommandsUpdateC
ommand#setup'

 98) Error:
TestGemCommandsUpdateCommand#test_execute_system_specific_older_than_minimum_supported_rubygems:
LoadError: cannot load such file -- psych
    <internal:/root/ruby-3.4.5/lib/rubygems/core_ext/kernel_require.rb>:136:in 'Kernel#require'
    <internal:/root/ruby-3.4.5/lib/rubygems/core_ext/kernel_require.rb>:136:in 'Kernel#require'
    /root/ruby-3.4.5/lib/rubygems.rb:621:in 'Gem.load_yaml'
    /root/ruby-3.4.5/lib/rubygems/package.rb:295:in 'Gem::Package#build'
    /root/ruby-3.4.5/lib/rubygems/package.rb:136:in 'Gem::Package.build'
    /root/ruby-3.4.5/test/rubygems/helper.rb:762:in 'block (2 levels) in Gem::TestCase#util_build_ge
m'
    /root/ruby-3.4.5/lib/rubygems/user_interaction.rb:46:in 'Gem::DefaultUserInteraction.use_ui'
    /root/ruby-3.4.5/lib/rubygems/user_interaction.rb:69:in 'Gem::DefaultUserInteraction#use_ui'
    /root/ruby-3.4.5/test/rubygems/helper.rb:761:in 'block in Gem::TestCase#util_build_gem'
    /root/ruby-3.4.5/test/rubygems/helper.rb:751:in 'Dir.chdir'
    /root/ruby-3.4.5/test/rubygems/helper.rb:751:in 'Gem::TestCase#util_build_gem'
    /root/ruby-3.4.5/test/rubygems/helper.rb:899:in 'Gem::TestCase#util_gem'
    /root/ruby-3.4.5/test/rubygems/utilities.rb:325:in 'block in Gem::TestCase::SpecFetcherSetup#exe
cute_operations'
    /root/ruby-3.4.5/test/rubygems/utilities.rb:314:in 'Array#each'
    /root/ruby-3.4.5/test/rubygems/utilities.rb:314:in 'Gem::TestCase::SpecFetcherSetup#execute_oper
ations'
    /root/ruby-3.4.5/test/rubygems/utilities.rb:306:in 'Gem::TestCase::SpecFetcherSetup#execute'
    /root/ruby-3.4.5/test/rubygems/utilities.rb:275:in 'Gem::TestCase::SpecFetcherSetup.declare'
    /root/ruby-3.4.5/test/rubygems/helper.rb:1359:in 'Gem::TestCase#spec_fetcher'
    /root/ruby-3.4.5/test/rubygems/test_gem_commands_update_command.rb:15:in 'TestGemCommandsUpdateC
ommand#setup'

 99) Error:
TestGemPackageOld#test_verify:
LoadError: cannot load such file -- psych
    <internal:/root/ruby-3.4.5/lib/rubygems/core_ext/kernel_require.rb>:136:in 'Kernel#require'
    <internal:/root/ruby-3.4.5/lib/rubygems/core_ext/kernel_require.rb>:136:in 'Kernel#require'
    /root/ruby-3.4.5/lib/rubygems.rb:621:in 'Gem.load_yaml'
    /root/ruby-3.4.5/lib/rubygems/package/old.rb:25:in 'Gem::Package::Old#initialize'
    /root/ruby-3.4.5/lib/rubygems/package.rb:157:in 'Class#new'
    /root/ruby-3.4.5/lib/rubygems/package.rb:157:in 'Gem::Package.new'
    /root/ruby-3.4.5/test/rubygems/test_gem_package_old.rb:16:in 'TestGemPackageOld#setup'

100) Error:
TestGemPackageOld#test_spec_security_policy:
LoadError: cannot load such file -- psych
    <internal:/root/ruby-3.4.5/lib/rubygems/core_ext/kernel_require.rb>:136:in 'Kernel#require'
    <internal:/root/ruby-3.4.5/lib/rubygems/core_ext/kernel_require.rb>:136:in 'Kernel#require'
    /root/ruby-3.4.5/lib/rubygems.rb:621:in 'Gem.load_yaml'
    /root/ruby-3.4.5/lib/rubygems/package/old.rb:25:in 'Gem::Package::Old#initialize'
    /root/ruby-3.4.5/lib/rubygems/package.rb:157:in 'Class#new'
    /root/ruby-3.4.5/lib/rubygems/package.rb:157:in 'Gem::Package.new'
    /root/ruby-3.4.5/test/rubygems/test_gem_package_old.rb:16:in 'TestGemPackageOld#setup'

101) Error:
TestGemPackageOld#test_spec:
LoadError: cannot load such file -- psych
    <internal:/root/ruby-3.4.5/lib/rubygems/core_ext/kernel_require.rb>:136:in 'Kernel#require'
    <internal:/root/ruby-3.4.5/lib/rubygems/core_ext/kernel_require.rb>:136:in 'Kernel#require'
    /root/ruby-3.4.5/lib/rubygems.rb:621:in 'Gem.load_yaml'
    /root/ruby-3.4.5/lib/rubygems/package/old.rb:25:in 'Gem::Package::Old#initialize'
    /root/ruby-3.4.5/lib/rubygems/package.rb:157:in 'Class#new'
    /root/ruby-3.4.5/lib/rubygems/package.rb:157:in 'Gem::Package.new'
    /root/ruby-3.4.5/test/rubygems/test_gem_package_old.rb:16:in 'TestGemPackageOld#setup'

102) Error:
TestGemPackageOld#test_contents:
LoadError: cannot load such file -- psych
    <internal:/root/ruby-3.4.5/lib/rubygems/core_ext/kernel_require.rb>:136:in 'Kernel#require'
    <internal:/root/ruby-3.4.5/lib/rubygems/core_ext/kernel_require.rb>:136:in 'Kernel#require'
    /root/ruby-3.4.5/lib/rubygems.rb:621:in 'Gem.load_yaml'
    /root/ruby-3.4.5/lib/rubygems/package/old.rb:25:in 'Gem::Package::Old#initialize'
    /root/ruby-3.4.5/lib/rubygems/package.rb:157:in 'Class#new'
    /root/ruby-3.4.5/lib/rubygems/package.rb:157:in 'Gem::Package.new'
    /root/ruby-3.4.5/test/rubygems/test_gem_package_old.rb:16:in 'TestGemPackageOld#setup'

103) Error:
TestGemPackageOld#test_contents_security_policy:
LoadError: cannot load such file -- psych
    <internal:/root/ruby-3.4.5/lib/rubygems/core_ext/kernel_require.rb>:136:in 'Kernel#require'
    <internal:/root/ruby-3.4.5/lib/rubygems/core_ext/kernel_require.rb>:136:in 'Kernel#require'
    /root/ruby-3.4.5/lib/rubygems.rb:621:in 'Gem.load_yaml'
    /root/ruby-3.4.5/lib/rubygems/package/old.rb:25:in 'Gem::Package::Old#initialize'
    /root/ruby-3.4.5/lib/rubygems/package.rb:157:in 'Class#new'
    /root/ruby-3.4.5/lib/rubygems/package.rb:157:in 'Gem::Package.new'
    /root/ruby-3.4.5/test/rubygems/test_gem_package_old.rb:16:in 'TestGemPackageOld#setup'

104) Error:
TestGemPackageOld#test_extract_files_security_policy:
LoadError: cannot load such file -- psych
    <internal:/root/ruby-3.4.5/lib/rubygems/core_ext/kernel_require.rb>:136:in 'Kernel#require'
    <internal:/root/ruby-3.4.5/lib/rubygems/core_ext/kernel_require.rb>:136:in 'Kernel#require'
    /root/ruby-3.4.5/lib/rubygems.rb:621:in 'Gem.load_yaml'
    /root/ruby-3.4.5/lib/rubygems/package/old.rb:25:in 'Gem::Package::Old#initialize'
    /root/ruby-3.4.5/lib/rubygems/package.rb:157:in 'Class#new'
    /root/ruby-3.4.5/lib/rubygems/package.rb:157:in 'Gem::Package.new'
    /root/ruby-3.4.5/test/rubygems/test_gem_package_old.rb:16:in 'TestGemPackageOld#setup'

105) Error:
TestGemPackageOld#test_extract_files:
LoadError: cannot load such file -- psych
    <internal:/root/ruby-3.4.5/lib/rubygems/core_ext/kernel_require.rb>:136:in 'Kernel#require'
    <internal:/root/ruby-3.4.5/lib/rubygems/core_ext/kernel_require.rb>:136:in 'Kernel#require'
    /root/ruby-3.4.5/lib/rubygems.rb:621:in 'Gem.load_yaml'
    /root/ruby-3.4.5/lib/rubygems/package/old.rb:25:in 'Gem::Package::Old#initialize'
    /root/ruby-3.4.5/lib/rubygems/package.rb:157:in 'Class#new'
    /root/ruby-3.4.5/lib/rubygems/package.rb:157:in 'Gem::Package.new'
    /root/ruby-3.4.5/test/rubygems/test_gem_package_old.rb:16:in 'TestGemPackageOld#setup'

106) Error:
TestGemSourceInstalled#test_spaceship:
LoadError: cannot load such file -- psych
    <internal:/root/ruby-3.4.5/lib/rubygems/core_ext/kernel_require.rb>:136:in 'Kernel#require'
    <internal:/root/ruby-3.4.5/lib/rubygems/core_ext/kernel_require.rb>:136:in 'Kernel#require'
    /root/ruby-3.4.5/lib/rubygems.rb:621:in 'Gem.load_yaml'
    /root/ruby-3.4.5/lib/rubygems/package.rb:295:in 'Gem::Package#build'
    /root/ruby-3.4.5/lib/rubygems/package.rb:136:in 'Gem::Package.build'
    /root/ruby-3.4.5/test/rubygems/helper.rb:762:in 'block (2 levels) in Gem::TestCase#util_build_ge
m'
    /root/ruby-3.4.5/lib/rubygems/user_interaction.rb:46:in 'Gem::DefaultUserInteraction.use_ui'
    /root/ruby-3.4.5/lib/rubygems/user_interaction.rb:69:in 'Gem::DefaultUserInteraction#use_ui'
    /root/ruby-3.4.5/test/rubygems/helper.rb:761:in 'block in Gem::TestCase#util_build_gem'
    /root/ruby-3.4.5/test/rubygems/helper.rb:751:in 'Dir.chdir'
    /root/ruby-3.4.5/test/rubygems/helper.rb:751:in 'Gem::TestCase#util_build_gem'
    /root/ruby-3.4.5/test/rubygems/test_gem_source_installed.rb:9:in 'TestGemSourceInstalled#test_sp
aceship'

107) Timeout:
TestObjSpace#test_trace_object_allocations_compaction_freed_pages

108) Error:
TestGemAvailableSet#test_best:
LoadError: cannot load such file -- psych
    <internal:/root/ruby-3.4.5/lib/rubygems/core_ext/kernel_require.rb>:136:in 'Kernel#require'
    <internal:/root/ruby-3.4.5/lib/rubygems/core_ext/kernel_require.rb>:136:in 'Kernel#require'
    /root/ruby-3.4.5/lib/rubygems.rb:621:in 'Gem.load_yaml'
    /root/ruby-3.4.5/lib/rubygems/package.rb:295:in 'Gem::Package#build'
    /root/ruby-3.4.5/lib/rubygems/package.rb:136:in 'Gem::Package.build'
    /root/ruby-3.4.5/test/rubygems/helper.rb:762:in 'block (2 levels) in Gem::TestCase#util_build_ge
m'
    /root/ruby-3.4.5/lib/rubygems/user_interaction.rb:46:in 'Gem::DefaultUserInteraction.use_ui'
    /root/ruby-3.4.5/lib/rubygems/user_interaction.rb:69:in 'Gem::DefaultUserInteraction#use_ui'
    /root/ruby-3.4.5/test/rubygems/helper.rb:761:in 'block in Gem::TestCase#util_build_gem'
    /root/ruby-3.4.5/test/rubygems/helper.rb:751:in 'Dir.chdir'
    /root/ruby-3.4.5/test/rubygems/helper.rb:751:in 'Gem::TestCase#util_build_gem'
    /root/ruby-3.4.5/test/rubygems/helper.rb:899:in 'Gem::TestCase#util_gem'
    /root/ruby-3.4.5/test/rubygems/test_gem_available_set.rb:70:in 'TestGemAvailableSet#test_best'

109) Error:
TestGemAvailableSet#test_find_all:
LoadError: cannot load such file -- psych
    <internal:/root/ruby-3.4.5/lib/rubygems/core_ext/kernel_require.rb>:136:in 'Kernel#require'
    <internal:/root/ruby-3.4.5/lib/rubygems/core_ext/kernel_require.rb>:136:in 'Kernel#require'
    /root/ruby-3.4.5/lib/rubygems.rb:621:in 'Gem.load_yaml'
    /root/ruby-3.4.5/lib/rubygems/package.rb:295:in 'Gem::Package#build'
    /root/ruby-3.4.5/lib/rubygems/package.rb:136:in 'Gem::Package.build'
    /root/ruby-3.4.5/test/rubygems/helper.rb:762:in 'block (2 levels) in Gem::TestCase#util_build_ge
m'
    /root/ruby-3.4.5/lib/rubygems/user_interaction.rb:46:in 'Gem::DefaultUserInteraction.use_ui'
    /root/ruby-3.4.5/lib/rubygems/user_interaction.rb:69:in 'Gem::DefaultUserInteraction#use_ui'
    /root/ruby-3.4.5/test/rubygems/helper.rb:761:in 'block in Gem::TestCase#util_build_gem'
    /root/ruby-3.4.5/test/rubygems/helper.rb:751:in 'Dir.chdir'
    /root/ruby-3.4.5/test/rubygems/helper.rb:751:in 'Gem::TestCase#util_build_gem'
    /root/ruby-3.4.5/test/rubygems/helper.rb:899:in 'Gem::TestCase#util_gem'
    /root/ruby-3.4.5/test/rubygems/test_gem_available_set.rb:28:in 'TestGemAvailableSet#test_find_al
l'

110) Error:
TestGemAvailableSet#test_add_and_empty:
LoadError: cannot load such file -- psych
    <internal:/root/ruby-3.4.5/lib/rubygems/core_ext/kernel_require.rb>:136:in 'Kernel#require'
    <internal:/root/ruby-3.4.5/lib/rubygems/core_ext/kernel_require.rb>:136:in 'Kernel#require'
    /root/ruby-3.4.5/lib/rubygems.rb:621:in 'Gem.load_yaml'
    /root/ruby-3.4.5/lib/rubygems/package.rb:295:in 'Gem::Package#build'
    /root/ruby-3.4.5/lib/rubygems/package.rb:136:in 'Gem::Package.build'
    /root/ruby-3.4.5/test/rubygems/helper.rb:762:in 'block (2 levels) in Gem::TestCase#util_build_ge
m'
    /root/ruby-3.4.5/lib/rubygems/user_interaction.rb:46:in 'Gem::DefaultUserInteraction.use_ui'
    /root/ruby-3.4.5/lib/rubygems/user_interaction.rb:69:in 'Gem::DefaultUserInteraction#use_ui'
    /root/ruby-3.4.5/test/rubygems/helper.rb:761:in 'block in Gem::TestCase#util_build_gem'
    /root/ruby-3.4.5/test/rubygems/helper.rb:751:in 'Dir.chdir'
    /root/ruby-3.4.5/test/rubygems/helper.rb:751:in 'Gem::TestCase#util_build_gem'
    /root/ruby-3.4.5/test/rubygems/helper.rb:899:in 'Gem::TestCase#util_gem'
    /root/ruby-3.4.5/test/rubygems/test_gem_available_set.rb:15:in 'TestGemAvailableSet#test_add_and
_empty'

111) Error:
TestGemAvailableSet#test_match_platform:
LoadError: cannot load such file -- psych
    <internal:/root/ruby-3.4.5/lib/rubygems/core_ext/kernel_require.rb>:136:in 'Kernel#require'
    <internal:/root/ruby-3.4.5/lib/rubygems/core_ext/kernel_require.rb>:136:in 'Kernel#require'
    /root/ruby-3.4.5/lib/rubygems.rb:621:in 'Gem.load_yaml'
    /root/ruby-3.4.5/lib/rubygems/package.rb:295:in 'Gem::Package#build'
    /root/ruby-3.4.5/lib/rubygems/package.rb:136:in 'Gem::Package.build'
    /root/ruby-3.4.5/test/rubygems/helper.rb:762:in 'block (2 levels) in Gem::TestCase#util_build_ge
m'
    /root/ruby-3.4.5/lib/rubygems/user_interaction.rb:46:in 'Gem::DefaultUserInteraction.use_ui'
    /root/ruby-3.4.5/lib/rubygems/user_interaction.rb:69:in 'Gem::DefaultUserInteraction#use_ui'
    /root/ruby-3.4.5/test/rubygems/helper.rb:761:in 'block in Gem::TestCase#util_build_gem'
    /root/ruby-3.4.5/test/rubygems/helper.rb:751:in 'Dir.chdir'
    /root/ruby-3.4.5/test/rubygems/helper.rb:751:in 'Gem::TestCase#util_build_gem'
    /root/ruby-3.4.5/test/rubygems/helper.rb:899:in 'Gem::TestCase#util_gem'
    /root/ruby-3.4.5/test/rubygems/test_gem_available_set.rb:49:in 'TestGemAvailableSet#test_match_p
latform'

112) Error:
TestGemAvailableSet#test_sorted_respect_pre:
LoadError: cannot load such file -- psych
    <internal:/root/ruby-3.4.5/lib/rubygems/core_ext/kernel_require.rb>:136:in 'Kernel#require'
    <internal:/root/ruby-3.4.5/lib/rubygems/core_ext/kernel_require.rb>:136:in 'Kernel#require'
    /root/ruby-3.4.5/lib/rubygems.rb:621:in 'Gem.load_yaml'
    /root/ruby-3.4.5/lib/rubygems/package.rb:295:in 'Gem::Package#build'
    /root/ruby-3.4.5/lib/rubygems/package.rb:136:in 'Gem::Package.build'
    /root/ruby-3.4.5/test/rubygems/helper.rb:762:in 'block (2 levels) in Gem::TestCase#util_build_ge
m'
    /root/ruby-3.4.5/lib/rubygems/user_interaction.rb:46:in 'Gem::DefaultUserInteraction.use_ui'
    /root/ruby-3.4.5/lib/rubygems/user_interaction.rb:69:in 'Gem::DefaultUserInteraction#use_ui'
    /root/ruby-3.4.5/test/rubygems/helper.rb:761:in 'block in Gem::TestCase#util_build_gem'
    /root/ruby-3.4.5/test/rubygems/helper.rb:751:in 'Dir.chdir'
    /root/ruby-3.4.5/test/rubygems/helper.rb:751:in 'Gem::TestCase#util_build_gem'
    /root/ruby-3.4.5/test/rubygems/helper.rb:899:in 'Gem::TestCase#util_gem'
    /root/ruby-3.4.5/test/rubygems/test_gem_available_set.rb:113:in 'TestGemAvailableSet#test_sorted
_respect_pre'

113) Error:
TestGemAvailableSet#test_sorted_normal_versions:
LoadError: cannot load such file -- psych
    <internal:/root/ruby-3.4.5/lib/rubygems/core_ext/kernel_require.rb>:136:in 'Kernel#require'
    <internal:/root/ruby-3.4.5/lib/rubygems/core_ext/kernel_require.rb>:136:in 'Kernel#require'
    /root/ruby-3.4.5/lib/rubygems.rb:621:in 'Gem.load_yaml'
    /root/ruby-3.4.5/lib/rubygems/package.rb:295:in 'Gem::Package#build'
    /root/ruby-3.4.5/lib/rubygems/package.rb:136:in 'Gem::Package.build'
    /root/ruby-3.4.5/test/rubygems/helper.rb:762:in 'block (2 levels) in Gem::TestCase#util_build_ge
m'
    /root/ruby-3.4.5/lib/rubygems/user_interaction.rb:46:in 'Gem::DefaultUserInteraction.use_ui'
    /root/ruby-3.4.5/lib/rubygems/user_interaction.rb:69:in 'Gem::DefaultUserInteraction#use_ui'
    /root/ruby-3.4.5/test/rubygems/helper.rb:761:in 'block in Gem::TestCase#util_build_gem'
    /root/ruby-3.4.5/test/rubygems/helper.rb:751:in 'Dir.chdir'
    /root/ruby-3.4.5/test/rubygems/helper.rb:751:in 'Gem::TestCase#util_build_gem'
    /root/ruby-3.4.5/test/rubygems/helper.rb:899:in 'Gem::TestCase#util_gem'
    /root/ruby-3.4.5/test/rubygems/test_gem_available_set.rb:99:in 'TestGemAvailableSet#test_sorted_
normal_versions'

114) Error:
TestGemSourceSubpathProblem#test_dependency_resolver_set:
LoadError: cannot load such file -- psych
    <internal:/root/ruby-3.4.5/lib/rubygems/core_ext/kernel_require.rb>:136:in 'Kernel#require'
    <internal:/root/ruby-3.4.5/lib/rubygems/core_ext/kernel_require.rb>:136:in 'Kernel#require'
    /root/ruby-3.4.5/lib/rubygems.rb:621:in 'Gem.load_yaml'
    /root/ruby-3.4.5/lib/rubygems/package.rb:295:in 'Gem::Package#build'
    /root/ruby-3.4.5/lib/rubygems/package.rb:136:in 'Gem::Package.build'
    /root/ruby-3.4.5/test/rubygems/helper.rb:762:in 'block (2 levels) in Gem::TestCase#util_build_ge
m'
    /root/ruby-3.4.5/lib/rubygems/user_interaction.rb:46:in 'Gem::DefaultUserInteraction.use_ui'
    /root/ruby-3.4.5/lib/rubygems/user_interaction.rb:69:in 'Gem::DefaultUserInteraction#use_ui'
    /root/ruby-3.4.5/test/rubygems/helper.rb:761:in 'block in Gem::TestCase#util_build_gem'
    /root/ruby-3.4.5/test/rubygems/helper.rb:751:in 'Dir.chdir'
    /root/ruby-3.4.5/test/rubygems/helper.rb:751:in 'Gem::TestCase#util_build_gem'
    /root/ruby-3.4.5/test/rubygems/helper.rb:1000:in 'block in Gem::TestCase#util_make_gems'
    /root/ruby-3.4.5/test/rubygems/helper.rb:999:in 'Array#each'
    /root/ruby-3.4.5/test/rubygems/helper.rb:999:in 'Gem::TestCase#util_make_gems'
    /root/ruby-3.4.5/test/rubygems/test_gem_source_subpath_problem.rb:20:in 'TestGemSourceSubpathPro
blem#setup'

115) Error:
TestGemSourceSubpathProblem#test_fetch_spec:
LoadError: cannot load such file -- psych
    <internal:/root/ruby-3.4.5/lib/rubygems/core_ext/kernel_require.rb>:136:in 'Kernel#require'
    <internal:/root/ruby-3.4.5/lib/rubygems/core_ext/kernel_require.rb>:136:in 'Kernel#require'
    /root/ruby-3.4.5/lib/rubygems.rb:621:in 'Gem.load_yaml'
    /root/ruby-3.4.5/lib/rubygems/package.rb:295:in 'Gem::Package#build'
    /root/ruby-3.4.5/lib/rubygems/package.rb:136:in 'Gem::Package.build'
    /root/ruby-3.4.5/test/rubygems/helper.rb:762:in 'block (2 levels) in Gem::TestCase#util_build_ge
m'
    /root/ruby-3.4.5/lib/rubygems/user_interaction.rb:46:in 'Gem::DefaultUserInteraction.use_ui'
    /root/ruby-3.4.5/lib/rubygems/user_interaction.rb:69:in 'Gem::DefaultUserInteraction#use_ui'
    /root/ruby-3.4.5/test/rubygems/helper.rb:761:in 'block in Gem::TestCase#util_build_gem'
    /root/ruby-3.4.5/test/rubygems/helper.rb:751:in 'Dir.chdir'
    /root/ruby-3.4.5/test/rubygems/helper.rb:751:in 'Gem::TestCase#util_build_gem'
    /root/ruby-3.4.5/test/rubygems/helper.rb:1000:in 'block in Gem::TestCase#util_make_gems'
    /root/ruby-3.4.5/test/rubygems/helper.rb:999:in 'Array#each'
    /root/ruby-3.4.5/test/rubygems/helper.rb:999:in 'Gem::TestCase#util_make_gems'
    /root/ruby-3.4.5/test/rubygems/test_gem_source_subpath_problem.rb:20:in 'TestGemSourceSubpathPro
blem#setup'

116) Error:
TestGemSourceSubpathProblem#test_load_specs:
LoadError: cannot load such file -- psych
    <internal:/root/ruby-3.4.5/lib/rubygems/core_ext/kernel_require.rb>:136:in 'Kernel#require'
    <internal:/root/ruby-3.4.5/lib/rubygems/core_ext/kernel_require.rb>:136:in 'Kernel#require'
    /root/ruby-3.4.5/lib/rubygems.rb:621:in 'Gem.load_yaml'
    /root/ruby-3.4.5/lib/rubygems/package.rb:295:in 'Gem::Package#build'
    /root/ruby-3.4.5/lib/rubygems/package.rb:136:in 'Gem::Package.build'
    /root/ruby-3.4.5/test/rubygems/helper.rb:762:in 'block (2 levels) in Gem::TestCase#util_build_ge
m'
    /root/ruby-3.4.5/lib/rubygems/user_interaction.rb:46:in 'Gem::DefaultUserInteraction.use_ui'
    /root/ruby-3.4.5/lib/rubygems/user_interaction.rb:69:in 'Gem::DefaultUserInteraction#use_ui'
    /root/ruby-3.4.5/test/rubygems/helper.rb:761:in 'block in Gem::TestCase#util_build_gem'
    /root/ruby-3.4.5/test/rubygems/helper.rb:751:in 'Dir.chdir'
    /root/ruby-3.4.5/test/rubygems/helper.rb:751:in 'Gem::TestCase#util_build_gem'
    /root/ruby-3.4.5/test/rubygems/helper.rb:1000:in 'block in Gem::TestCase#util_make_gems'
    /root/ruby-3.4.5/test/rubygems/helper.rb:999:in 'Array#each'
    /root/ruby-3.4.5/test/rubygems/helper.rb:999:in 'Gem::TestCase#util_make_gems'
    /root/ruby-3.4.5/test/rubygems/test_gem_source_subpath_problem.rb:20:in 'TestGemSourceSubpathPro
blem#setup'

117) Error:
TestGemCommandsUpdateCommand#test_handle_options_system:
LoadError: cannot load such file -- psych
    <internal:/root/ruby-3.4.5/lib/rubygems/core_ext/kernel_require.rb>:136:in 'Kernel#require'
    <internal:/root/ruby-3.4.5/lib/rubygems/core_ext/kernel_require.rb>:136:in 'Kernel#require'
    /root/ruby-3.4.5/lib/rubygems.rb:621:in 'Gem.load_yaml'
    /root/ruby-3.4.5/lib/rubygems/package.rb:295:in 'Gem::Package#build'
    /root/ruby-3.4.5/lib/rubygems/package.rb:136:in 'Gem::Package.build'
    /root/ruby-3.4.5/test/rubygems/helper.rb:762:in 'block (2 levels) in Gem::TestCase#util_build_ge
m'
    /root/ruby-3.4.5/lib/rubygems/user_interaction.rb:46:in 'Gem::DefaultUserInteraction.use_ui'
    /root/ruby-3.4.5/lib/rubygems/user_interaction.rb:69:in 'Gem::DefaultUserInteraction#use_ui'
    /root/ruby-3.4.5/test/rubygems/helper.rb:761:in 'block in Gem::TestCase#util_build_gem'
    /root/ruby-3.4.5/test/rubygems/helper.rb:751:in 'Dir.chdir'
    /root/ruby-3.4.5/test/rubygems/helper.rb:751:in 'Gem::TestCase#util_build_gem'
    /root/ruby-3.4.5/test/rubygems/helper.rb:899:in 'Gem::TestCase#util_gem'
    /root/ruby-3.4.5/test/rubygems/utilities.rb:325:in 'block in Gem::TestCase::SpecFetcherSetup#exe
cute_operations'
    /root/ruby-3.4.5/test/rubygems/utilities.rb:314:in 'Array#each'
    /root/ruby-3.4.5/test/rubygems/utilities.rb:314:in 'Gem::TestCase::SpecFetcherSetup#execute_oper
ations'
    /root/ruby-3.4.5/test/rubygems/utilities.rb:306:in 'Gem::TestCase::SpecFetcherSetup#execute'
    /root/ruby-3.4.5/test/rubygems/utilities.rb:275:in 'Gem::TestCase::SpecFetcherSetup.declare'
    /root/ruby-3.4.5/test/rubygems/helper.rb:1359:in 'Gem::TestCase#spec_fetcher'
    /root/ruby-3.4.5/test/rubygems/test_gem_commands_update_command.rb:15:in 'TestGemCommandsUpdateC
ommand#setup'

118) Error:
TestGemCommandsUpdateCommand#test_execute_system_update_installed:
LoadError: cannot load such file -- psych
    <internal:/root/ruby-3.4.5/lib/rubygems/core_ext/kernel_require.rb>:136:in 'Kernel#require'
    <internal:/root/ruby-3.4.5/lib/rubygems/core_ext/kernel_require.rb>:136:in 'Kernel#require'
    /root/ruby-3.4.5/lib/rubygems.rb:621:in 'Gem.load_yaml'
    /root/ruby-3.4.5/lib/rubygems/package.rb:295:in 'Gem::Package#build'
    /root/ruby-3.4.5/lib/rubygems/package.rb:136:in 'Gem::Package.build'
    /root/ruby-3.4.5/test/rubygems/helper.rb:762:in 'block (2 levels) in Gem::TestCase#util_build_ge
m'
    /root/ruby-3.4.5/lib/rubygems/user_interaction.rb:46:in 'Gem::DefaultUserInteraction.use_ui'
    /root/ruby-3.4.5/lib/rubygems/user_interaction.rb:69:in 'Gem::DefaultUserInteraction#use_ui'
    /root/ruby-3.4.5/test/rubygems/helper.rb:761:in 'block in Gem::TestCase#util_build_gem'
    /root/ruby-3.4.5/test/rubygems/helper.rb:751:in 'Dir.chdir'
    /root/ruby-3.4.5/test/rubygems/helper.rb:751:in 'Gem::TestCase#util_build_gem'
    /root/ruby-3.4.5/test/rubygems/helper.rb:899:in 'Gem::TestCase#util_gem'
    /root/ruby-3.4.5/test/rubygems/utilities.rb:325:in 'block in Gem::TestCase::SpecFetcherSetup#exe
cute_operations'
    /root/ruby-3.4.5/test/rubygems/utilities.rb:314:in 'Array#each'
    /root/ruby-3.4.5/test/rubygems/utilities.rb:314:in 'Gem::TestCase::SpecFetcherSetup#execute_oper
ations'
    /root/ruby-3.4.5/test/rubygems/utilities.rb:306:in 'Gem::TestCase::SpecFetcherSetup#execute'
    /root/ruby-3.4.5/test/rubygems/utilities.rb:275:in 'Gem::TestCase::SpecFetcherSetup.declare'
    /root/ruby-3.4.5/test/rubygems/helper.rb:1359:in 'Gem::TestCase#spec_fetcher'
    /root/ruby-3.4.5/test/rubygems/test_gem_commands_update_command.rb:15:in 'TestGemCommandsUpdateC
ommand#setup'

119) Error:
TestGemCommandsUpdateCommand#test_execute_named_up_to_date_prerelease:
LoadError: cannot load such file -- psych
    <internal:/root/ruby-3.4.5/lib/rubygems/core_ext/kernel_require.rb>:136:in 'Kernel#require'
    <internal:/root/ruby-3.4.5/lib/rubygems/core_ext/kernel_require.rb>:136:in 'Kernel#require'
    /root/ruby-3.4.5/lib/rubygems.rb:621:in 'Gem.load_yaml'
    /root/ruby-3.4.5/lib/rubygems/package.rb:295:in 'Gem::Package#build'
    /root/ruby-3.4.5/lib/rubygems/package.rb:136:in 'Gem::Package.build'
    /root/ruby-3.4.5/test/rubygems/helper.rb:762:in 'block (2 levels) in Gem::TestCase#util_build_ge
m'
    /root/ruby-3.4.5/lib/rubygems/user_interaction.rb:46:in 'Gem::DefaultUserInteraction.use_ui'
    /root/ruby-3.4.5/lib/rubygems/user_interaction.rb:69:in 'Gem::DefaultUserInteraction#use_ui'
    /root/ruby-3.4.5/test/rubygems/helper.rb:761:in 'block in Gem::TestCase#util_build_gem'
    /root/ruby-3.4.5/test/rubygems/helper.rb:751:in 'Dir.chdir'
    /root/ruby-3.4.5/test/rubygems/helper.rb:751:in 'Gem::TestCase#util_build_gem'
    /root/ruby-3.4.5/test/rubygems/helper.rb:899:in 'Gem::TestCase#util_gem'
    /root/ruby-3.4.5/test/rubygems/utilities.rb:325:in 'block in Gem::TestCase::SpecFetcherSetup#exe
cute_operations'
    /root/ruby-3.4.5/test/rubygems/utilities.rb:314:in 'Array#each'
    /root/ruby-3.4.5/test/rubygems/utilities.rb:314:in 'Gem::TestCase::SpecFetcherSetup#execute_oper
ations'
    /root/ruby-3.4.5/test/rubygems/utilities.rb:306:in 'Gem::TestCase::SpecFetcherSetup#execute'
    /root/ruby-3.4.5/test/rubygems/utilities.rb:275:in 'Gem::TestCase::SpecFetcherSetup.declare'
    /root/ruby-3.4.5/test/rubygems/helper.rb:1359:in 'Gem::TestCase#spec_fetcher'
    /root/ruby-3.4.5/test/rubygems/test_gem_commands_update_command.rb:15:in 'TestGemCommandsUpdateC
ommand#setup'

120) Error:
TestGemCommandsUpdateCommand#test_execute_up_to_date:
LoadError: cannot load such file -- psych
    <internal:/root/ruby-3.4.5/lib/rubygems/core_ext/kernel_require.rb>:136:in 'Kernel#require'
    <internal:/root/ruby-3.4.5/lib/rubygems/core_ext/kernel_require.rb>:136:in 'Kernel#require'
    /root/ruby-3.4.5/lib/rubygems.rb:621:in 'Gem.load_yaml'
    /root/ruby-3.4.5/lib/rubygems/package.rb:295:in 'Gem::Package#build'
    /root/ruby-3.4.5/lib/rubygems/package.rb:136:in 'Gem::Package.build'
    /root/ruby-3.4.5/test/rubygems/helper.rb:762:in 'block (2 levels) in Gem::TestCase#util_build_ge
m'
    /root/ruby-3.4.5/lib/rubygems/user_interaction.rb:46:in 'Gem::DefaultUserInteraction.use_ui'
    /root/ruby-3.4.5/lib/rubygems/user_interaction.rb:69:in 'Gem::DefaultUserInteraction#use_ui'
    /root/ruby-3.4.5/test/rubygems/helper.rb:761:in 'block in Gem::TestCase#util_build_gem'
    /root/ruby-3.4.5/test/rubygems/helper.rb:751:in 'Dir.chdir'
    /root/ruby-3.4.5/test/rubygems/helper.rb:751:in 'Gem::TestCase#util_build_gem'
    /root/ruby-3.4.5/test/rubygems/helper.rb:899:in 'Gem::TestCase#util_gem'
    /root/ruby-3.4.5/test/rubygems/utilities.rb:325:in 'block in Gem::TestCase::SpecFetcherSetup#exe
cute_operations'
    /root/ruby-3.4.5/test/rubygems/utilities.rb:314:in 'Array#each'
    /root/ruby-3.4.5/test/rubygems/utilities.rb:314:in 'Gem::TestCase::SpecFetcherSetup#execute_oper
ations'
    /root/ruby-3.4.5/test/rubygems/utilities.rb:306:in 'Gem::TestCase::SpecFetcherSetup#execute'
    /root/ruby-3.4.5/test/rubygems/utilities.rb:275:in 'Gem::TestCase::SpecFetcherSetup.declare'
    /root/ruby-3.4.5/test/rubygems/helper.rb:1359:in 'Gem::TestCase#spec_fetcher'
    /root/ruby-3.4.5/test/rubygems/test_gem_commands_update_command.rb:15:in 'TestGemCommandsUpdateC
ommand#setup'

121) Error:
TestGemCommandsPushCommand#test_sending_when_default_host_disabled:
NameError: method 'latest_rubygems_version' not defined in #<Class:Gem>
    /root/ruby-3.4.5/test/rubygems/test_gem_commands_push_command.rb:50:in 'Module#remove_method'
    /root/ruby-3.4.5/test/rubygems/test_gem_commands_push_command.rb:50:in 'block in TestGemCommands
PushCommand#teardown'
    /root/ruby-3.4.5/test/rubygems/test_gem_commands_push_command.rb:49:in 'Module#class_eval'
    /root/ruby-3.4.5/test/rubygems/test_gem_commands_push_command.rb:49:in 'TestGemCommandsPushComma
nd#teardown'

122) Error:
TestGemCommandsPushCommand#test_sending_when_default_host_disabled:
LoadError: cannot load such file -- psych
    <internal:/root/ruby-3.4.5/lib/rubygems/core_ext/kernel_require.rb>:136:in 'Kernel#require'
    <internal:/root/ruby-3.4.5/lib/rubygems/core_ext/kernel_require.rb>:136:in 'Kernel#require'
    /root/ruby-3.4.5/lib/rubygems.rb:621:in 'Gem.load_yaml'
    /root/ruby-3.4.5/lib/rubygems/package.rb:295:in 'Gem::Package#build'
    /root/ruby-3.4.5/lib/rubygems/package.rb:136:in 'Gem::Package.build'
    /root/ruby-3.4.5/test/rubygems/helper.rb:762:in 'block (2 levels) in Gem::TestCase#util_build_ge
m'
    /root/ruby-3.4.5/lib/rubygems/user_interaction.rb:46:in 'Gem::DefaultUserInteraction.use_ui'
    /root/ruby-3.4.5/lib/rubygems/user_interaction.rb:69:in 'Gem::DefaultUserInteraction#use_ui'
    /root/ruby-3.4.5/test/rubygems/helper.rb:761:in 'block in Gem::TestCase#util_build_gem'
    /root/ruby-3.4.5/test/rubygems/helper.rb:751:in 'Dir.chdir'
    /root/ruby-3.4.5/test/rubygems/helper.rb:751:in 'Gem::TestCase#util_build_gem'
    /root/ruby-3.4.5/test/rubygems/helper.rb:899:in 'Gem::TestCase#util_gem'
    /root/ruby-3.4.5/test/rubygems/test_gem_commands_push_command.rb:26:in 'TestGemCommandsPushComma
nd#setup'

123) Error:
TestGemCommandsPushCommand#test_sending_gem:
NameError: method 'latest_rubygems_version' not defined in #<Class:Gem>
    /root/ruby-3.4.5/test/rubygems/test_gem_commands_push_command.rb:50:in 'Module#remove_method'
    /root/ruby-3.4.5/test/rubygems/test_gem_commands_push_command.rb:50:in 'block in TestGemCommands
PushCommand#teardown'
    /root/ruby-3.4.5/test/rubygems/test_gem_commands_push_command.rb:49:in 'Module#class_eval'
    /root/ruby-3.4.5/test/rubygems/test_gem_commands_push_command.rb:49:in 'TestGemCommandsPushComma
nd#teardown'

124) Error:
TestGemCommandsPushCommand#test_sending_gem:
LoadError: cannot load such file -- psych
    <internal:/root/ruby-3.4.5/lib/rubygems/core_ext/kernel_require.rb>:136:in 'Kernel#require'
    <internal:/root/ruby-3.4.5/lib/rubygems/core_ext/kernel_require.rb>:136:in 'Kernel#require'
    /root/ruby-3.4.5/lib/rubygems.rb:621:in 'Gem.load_yaml'
    /root/ruby-3.4.5/lib/rubygems/package.rb:295:in 'Gem::Package#build'
    /root/ruby-3.4.5/lib/rubygems/package.rb:136:in 'Gem::Package.build'
    /root/ruby-3.4.5/test/rubygems/helper.rb:762:in 'block (2 levels) in Gem::TestCase#util_build_ge
m'
    /root/ruby-3.4.5/lib/rubygems/user_interaction.rb:46:in 'Gem::DefaultUserInteraction.use_ui'
    /root/ruby-3.4.5/lib/rubygems/user_interaction.rb:69:in 'Gem::DefaultUserInteraction#use_ui'
    /root/ruby-3.4.5/test/rubygems/helper.rb:761:in 'block in Gem::TestCase#util_build_gem'
    /root/ruby-3.4.5/test/rubygems/helper.rb:751:in 'Dir.chdir'
    /root/ruby-3.4.5/test/rubygems/helper.rb:751:in 'Gem::TestCase#util_build_gem'
    /root/ruby-3.4.5/test/rubygems/helper.rb:899:in 'Gem::TestCase#util_gem'
    /root/ruby-3.4.5/test/rubygems/test_gem_commands_push_command.rb:26:in 'TestGemCommandsPushComma
nd#setup'

125) Error:
TestGemCommandsPushCommand#test_sending_gem_to_disallowed_push_host:
NameError: method 'latest_rubygems_version' not defined in #<Class:Gem>
    /root/ruby-3.4.5/test/rubygems/test_gem_commands_push_command.rb:50:in 'Module#remove_method'
    /root/ruby-3.4.5/test/rubygems/test_gem_commands_push_command.rb:50:in 'block in TestGemCommands
PushCommand#teardown'
    /root/ruby-3.4.5/test/rubygems/test_gem_commands_push_command.rb:49:in 'Module#class_eval'
    /root/ruby-3.4.5/test/rubygems/test_gem_commands_push_command.rb:49:in 'TestGemCommandsPushComma
nd#teardown'

126) Error:
TestGemCommandsPushCommand#test_sending_gem_to_disallowed_push_host:
LoadError: cannot load such file -- psych
    <internal:/root/ruby-3.4.5/lib/rubygems/core_ext/kernel_require.rb>:136:in 'Kernel#require'
    <internal:/root/ruby-3.4.5/lib/rubygems/core_ext/kernel_require.rb>:136:in 'Kernel#require'
    /root/ruby-3.4.5/lib/rubygems.rb:621:in 'Gem.load_yaml'
    /root/ruby-3.4.5/lib/rubygems/package.rb:295:in 'Gem::Package#build'
    /root/ruby-3.4.5/lib/rubygems/package.rb:136:in 'Gem::Package.build'
    /root/ruby-3.4.5/test/rubygems/helper.rb:762:in 'block (2 levels) in Gem::TestCase#util_build_ge
m'
    /root/ruby-3.4.5/lib/rubygems/user_interaction.rb:46:in 'Gem::DefaultUserInteraction.use_ui'
    /root/ruby-3.4.5/lib/rubygems/user_interaction.rb:69:in 'Gem::DefaultUserInteraction#use_ui'
    /root/ruby-3.4.5/test/rubygems/helper.rb:761:in 'block in Gem::TestCase#util_build_gem'
    /root/ruby-3.4.5/test/rubygems/helper.rb:751:in 'Dir.chdir'
    /root/ruby-3.4.5/test/rubygems/helper.rb:751:in 'Gem::TestCase#util_build_gem'
    /root/ruby-3.4.5/test/rubygems/helper.rb:899:in 'Gem::TestCase#util_gem'
    /root/ruby-3.4.5/test/rubygems/test_gem_commands_push_command.rb:26:in 'TestGemCommandsPushComma
nd#setup'

127) Error:
TestGemCommandsPushCommand#test_sending_when_default_host_disabled_with_override:
NameError: method 'latest_rubygems_version' not defined in #<Class:Gem>
    /root/ruby-3.4.5/test/rubygems/test_gem_commands_push_command.rb:50:in 'Module#remove_method'
    /root/ruby-3.4.5/test/rubygems/test_gem_commands_push_command.rb:50:in 'block in TestGemCommands
PushCommand#teardown'
    /root/ruby-3.4.5/test/rubygems/test_gem_commands_push_command.rb:49:in 'Module#class_eval'
    /root/ruby-3.4.5/test/rubygems/test_gem_commands_push_command.rb:49:in 'TestGemCommandsPushComma
nd#teardown'

128) Error:
TestGemCommandsPushCommand#test_sending_when_default_host_disabled_with_override:
LoadError: cannot load such file -- psych
    <internal:/root/ruby-3.4.5/lib/rubygems/core_ext/kernel_require.rb>:136:in 'Kernel#require'
    <internal:/root/ruby-3.4.5/lib/rubygems/core_ext/kernel_require.rb>:136:in 'Kernel#require'
    /root/ruby-3.4.5/lib/rubygems.rb:621:in 'Gem.load_yaml'
    /root/ruby-3.4.5/lib/rubygems/package.rb:295:in 'Gem::Package#build'
    /root/ruby-3.4.5/lib/rubygems/package.rb:136:in 'Gem::Package.build'
    /root/ruby-3.4.5/test/rubygems/helper.rb:762:in 'block (2 levels) in Gem::TestCase#util_build_ge
m'
    /root/ruby-3.4.5/lib/rubygems/user_interaction.rb:46:in 'Gem::DefaultUserInteraction.use_ui'
    /root/ruby-3.4.5/lib/rubygems/user_interaction.rb:69:in 'Gem::DefaultUserInteraction#use_ui'
    /root/ruby-3.4.5/test/rubygems/helper.rb:761:in 'block in Gem::TestCase#util_build_gem'
    /root/ruby-3.4.5/test/rubygems/helper.rb:751:in 'Dir.chdir'
    /root/ruby-3.4.5/test/rubygems/helper.rb:751:in 'Gem::TestCase#util_build_gem'
    /root/ruby-3.4.5/test/rubygems/helper.rb:899:in 'Gem::TestCase#util_gem'
    /root/ruby-3.4.5/test/rubygems/test_gem_commands_push_command.rb:26:in 'TestGemCommandsPushComma
nd#setup'

129) Error:
TestGemCommandsPushCommand#test_sending_gem_to_allowed_push_host_with_basic_credentials:
NameError: method 'latest_rubygems_version' not defined in #<Class:Gem>
    /root/ruby-3.4.5/test/rubygems/test_gem_commands_push_command.rb:50:in 'Module#remove_method'
    /root/ruby-3.4.5/test/rubygems/test_gem_commands_push_command.rb:50:in 'block in TestGemCommands
PushCommand#teardown'
    /root/ruby-3.4.5/test/rubygems/test_gem_commands_push_command.rb:49:in 'Module#class_eval'
    /root/ruby-3.4.5/test/rubygems/test_gem_commands_push_command.rb:49:in 'TestGemCommandsPushComma
nd#teardown'

130) Error:
TestGemCommandsPushCommand#test_sending_gem_to_allowed_push_host_with_basic_credentials:
LoadError: cannot load such file -- psych
    <internal:/root/ruby-3.4.5/lib/rubygems/core_ext/kernel_require.rb>:136:in 'Kernel#require'
    <internal:/root/ruby-3.4.5/lib/rubygems/core_ext/kernel_require.rb>:136:in 'Kernel#require'
    /root/ruby-3.4.5/lib/rubygems.rb:621:in 'Gem.load_yaml'
    /root/ruby-3.4.5/lib/rubygems/package.rb:295:in 'Gem::Package#build'
    /root/ruby-3.4.5/lib/rubygems/package.rb:136:in 'Gem::Package.build'
    /root/ruby-3.4.5/test/rubygems/helper.rb:762:in 'block (2 levels) in Gem::TestCase#util_build_ge
m'
    /root/ruby-3.4.5/lib/rubygems/user_interaction.rb:46:in 'Gem::DefaultUserInteraction.use_ui'
    /root/ruby-3.4.5/lib/rubygems/user_interaction.rb:69:in 'Gem::DefaultUserInteraction#use_ui'
    /root/ruby-3.4.5/test/rubygems/helper.rb:761:in 'block in Gem::TestCase#util_build_gem'
    /root/ruby-3.4.5/test/rubygems/helper.rb:751:in 'Dir.chdir'
    /root/ruby-3.4.5/test/rubygems/helper.rb:751:in 'Gem::TestCase#util_build_gem'
    /root/ruby-3.4.5/test/rubygems/helper.rb:899:in 'Gem::TestCase#util_gem'
    /root/ruby-3.4.5/test/rubygems/test_gem_commands_push_command.rb:26:in 'TestGemCommandsPushComma
nd#setup'

131) Error:
TestGemCommandsPushCommand#test_raises_error_with_no_arguments:
NameError: method 'latest_rubygems_version' not defined in #<Class:Gem>
    /root/ruby-3.4.5/test/rubygems/test_gem_commands_push_command.rb:50:in 'Module#remove_method'
    /root/ruby-3.4.5/test/rubygems/test_gem_commands_push_command.rb:50:in 'block in TestGemCommands
PushCommand#teardown'
    /root/ruby-3.4.5/test/rubygems/test_gem_commands_push_command.rb:49:in 'Module#class_eval'
    /root/ruby-3.4.5/test/rubygems/test_gem_commands_push_command.rb:49:in 'TestGemCommandsPushComma
nd#teardown'

132) Error:
TestGemCommandsPushCommand#test_raises_error_with_no_arguments:
LoadError: cannot load such file -- psych
    <internal:/root/ruby-3.4.5/lib/rubygems/core_ext/kernel_require.rb>:136:in 'Kernel#require'
    <internal:/root/ruby-3.4.5/lib/rubygems/core_ext/kernel_require.rb>:136:in 'Kernel#require'
    /root/ruby-3.4.5/lib/rubygems.rb:621:in 'Gem.load_yaml'
    /root/ruby-3.4.5/lib/rubygems/package.rb:295:in 'Gem::Package#build'
    /root/ruby-3.4.5/lib/rubygems/package.rb:136:in 'Gem::Package.build'
    /root/ruby-3.4.5/test/rubygems/helper.rb:762:in 'block (2 levels) in Gem::TestCase#util_build_ge
m'
    /root/ruby-3.4.5/lib/rubygems/user_interaction.rb:46:in 'Gem::DefaultUserInteraction.use_ui'
    /root/ruby-3.4.5/lib/rubygems/user_interaction.rb:69:in 'Gem::DefaultUserInteraction#use_ui'
    /root/ruby-3.4.5/test/rubygems/helper.rb:761:in 'block in Gem::TestCase#util_build_gem'
    /root/ruby-3.4.5/test/rubygems/helper.rb:751:in 'Dir.chdir'
    /root/ruby-3.4.5/test/rubygems/helper.rb:751:in 'Gem::TestCase#util_build_gem'
    /root/ruby-3.4.5/test/rubygems/helper.rb:899:in 'Gem::TestCase#util_gem'
    /root/ruby-3.4.5/test/rubygems/test_gem_commands_push_command.rb:26:in 'TestGemCommandsPushComma
nd#setup'

133) Error:
TestGemCommandsPushCommand#test_execute:
NameError: method 'latest_rubygems_version' not defined in #<Class:Gem>
    /root/ruby-3.4.5/test/rubygems/test_gem_commands_push_command.rb:50:in 'Module#remove_method'
    /root/ruby-3.4.5/test/rubygems/test_gem_commands_push_command.rb:50:in 'block in TestGemCommands
PushCommand#teardown'
    /root/ruby-3.4.5/test/rubygems/test_gem_commands_push_command.rb:49:in 'Module#class_eval'
    /root/ruby-3.4.5/test/rubygems/test_gem_commands_push_command.rb:49:in 'TestGemCommandsPushComma
nd#teardown'

134) Error:
TestGemCommandsPushCommand#test_execute:
LoadError: cannot load such file -- psych
    <internal:/root/ruby-3.4.5/lib/rubygems/core_ext/kernel_require.rb>:136:in 'Kernel#require'
    <internal:/root/ruby-3.4.5/lib/rubygems/core_ext/kernel_require.rb>:136:in 'Kernel#require'
    /root/ruby-3.4.5/lib/rubygems.rb:621:in 'Gem.load_yaml'
    /root/ruby-3.4.5/lib/rubygems/package.rb:295:in 'Gem::Package#build'
    /root/ruby-3.4.5/lib/rubygems/package.rb:136:in 'Gem::Package.build'
    /root/ruby-3.4.5/test/rubygems/helper.rb:762:in 'block (2 levels) in Gem::TestCase#util_build_ge
m'
    /root/ruby-3.4.5/lib/rubygems/user_interaction.rb:46:in 'Gem::DefaultUserInteraction.use_ui'
    /root/ruby-3.4.5/lib/rubygems/user_interaction.rb:69:in 'Gem::DefaultUserInteraction#use_ui'
    /root/ruby-3.4.5/test/rubygems/helper.rb:761:in 'block in Gem::TestCase#util_build_gem'
    /root/ruby-3.4.5/test/rubygems/helper.rb:751:in 'Dir.chdir'
    /root/ruby-3.4.5/test/rubygems/helper.rb:751:in 'Gem::TestCase#util_build_gem'
    /root/ruby-3.4.5/test/rubygems/helper.rb:899:in 'Gem::TestCase#util_gem'
    /root/ruby-3.4.5/test/rubygems/test_gem_commands_push_command.rb:26:in 'TestGemCommandsPushComma
nd#setup'

135) Error:
TestGemCommandsPushCommand#test_sending_gem_with_no_local_creds:
NameError: method 'latest_rubygems_version' not defined in #<Class:Gem>
    /root/ruby-3.4.5/test/rubygems/test_gem_commands_push_command.rb:50:in 'Module#remove_method'
    /root/ruby-3.4.5/test/rubygems/test_gem_commands_push_command.rb:50:in 'block in TestGemCommands
PushCommand#teardown'
    /root/ruby-3.4.5/test/rubygems/test_gem_commands_push_command.rb:49:in 'Module#class_eval'
    /root/ruby-3.4.5/test/rubygems/test_gem_commands_push_command.rb:49:in 'TestGemCommandsPushComma
nd#teardown'

136) Error:
TestGemCommandsUpdateCommand#test_execute_system_specifically_to_latest_version:
LoadError: cannot load such file -- psych
    <internal:/root/ruby-3.4.5/lib/rubygems/core_ext/kernel_require.rb>:136:in 'Kernel#require'
    <internal:/root/ruby-3.4.5/lib/rubygems/core_ext/kernel_require.rb>:136:in 'Kernel#require'
    /root/ruby-3.4.5/lib/rubygems.rb:621:in 'Gem.load_yaml'
    /root/ruby-3.4.5/lib/rubygems/package.rb:295:in 'Gem::Package#build'
    /root/ruby-3.4.5/lib/rubygems/package.rb:136:in 'Gem::Package.build'
    /root/ruby-3.4.5/test/rubygems/helper.rb:762:in 'block (2 levels) in Gem::TestCase#util_build_ge
m'
    /root/ruby-3.4.5/lib/rubygems/user_interaction.rb:46:in 'Gem::DefaultUserInteraction.use_ui'
    /root/ruby-3.4.5/lib/rubygems/user_interaction.rb:69:in 'Gem::DefaultUserInteraction#use_ui'
    /root/ruby-3.4.5/test/rubygems/helper.rb:761:in 'block in Gem::TestCase#util_build_gem'
    /root/ruby-3.4.5/test/rubygems/helper.rb:751:in 'Dir.chdir'
    /root/ruby-3.4.5/test/rubygems/helper.rb:751:in 'Gem::TestCase#util_build_gem'
    /root/ruby-3.4.5/test/rubygems/helper.rb:899:in 'Gem::TestCase#util_gem'
    /root/ruby-3.4.5/test/rubygems/utilities.rb:325:in 'block in Gem::TestCase::SpecFetcherSetup#exe
cute_operations'
    /root/ruby-3.4.5/test/rubygems/utilities.rb:314:in 'Array#each'
    /root/ruby-3.4.5/test/rubygems/utilities.rb:314:in 'Gem::TestCase::SpecFetcherSetup#execute_oper
ations'
    /root/ruby-3.4.5/test/rubygems/utilities.rb:306:in 'Gem::TestCase::SpecFetcherSetup#execute'
    /root/ruby-3.4.5/test/rubygems/utilities.rb:275:in 'Gem::TestCase::SpecFetcherSetup.declare'
    /root/ruby-3.4.5/test/rubygems/helper.rb:1359:in 'Gem::TestCase#spec_fetcher'
    /root/ruby-3.4.5/test/rubygems/test_gem_commands_update_command.rb:15:in 'TestGemCommandsUpdateC
ommand#setup'

137) Error:
TestGemCommandsUpdateCommand#test_execute_system_with_disabled_update:
LoadError: cannot load such file -- psych
    <internal:/root/ruby-3.4.5/lib/rubygems/core_ext/kernel_require.rb>:136:in 'Kernel#require'
    <internal:/root/ruby-3.4.5/lib/rubygems/core_ext/kernel_require.rb>:136:in 'Kernel#require'
    /root/ruby-3.4.5/lib/rubygems.rb:621:in 'Gem.load_yaml'
    /root/ruby-3.4.5/lib/rubygems/package.rb:295:in 'Gem::Package#build'
    /root/ruby-3.4.5/lib/rubygems/package.rb:136:in 'Gem::Package.build'
    /root/ruby-3.4.5/test/rubygems/helper.rb:762:in 'block (2 levels) in Gem::TestCase#util_build_ge
m'
    /root/ruby-3.4.5/lib/rubygems/user_interaction.rb:46:in 'Gem::DefaultUserInteraction.use_ui'
    /root/ruby-3.4.5/lib/rubygems/user_interaction.rb:69:in 'Gem::DefaultUserInteraction#use_ui'
    /root/ruby-3.4.5/test/rubygems/helper.rb:761:in 'block in Gem::TestCase#util_build_gem'
    /root/ruby-3.4.5/test/rubygems/helper.rb:751:in 'Dir.chdir'
    /root/ruby-3.4.5/test/rubygems/helper.rb:751:in 'Gem::TestCase#util_build_gem'
    /root/ruby-3.4.5/test/rubygems/helper.rb:899:in 'Gem::TestCase#util_gem'
    /root/ruby-3.4.5/test/rubygems/utilities.rb:325:in 'block in Gem::TestCase::SpecFetcherSetup#exe
cute_operations'
    /root/ruby-3.4.5/test/rubygems/utilities.rb:314:in 'Array#each'
    /root/ruby-3.4.5/test/rubygems/utilities.rb:314:in 'Gem::TestCase::SpecFetcherSetup#execute_oper
ations'
    /root/ruby-3.4.5/test/rubygems/utilities.rb:306:in 'Gem::TestCase::SpecFetcherSetup#execute'
    /root/ruby-3.4.5/test/rubygems/utilities.rb:275:in 'Gem::TestCase::SpecFetcherSetup.declare'
    /root/ruby-3.4.5/test/rubygems/helper.rb:1359:in 'Gem::TestCase#spec_fetcher'
    /root/ruby-3.4.5/test/rubygems/test_gem_commands_update_command.rb:15:in 'TestGemCommandsUpdateC
ommand#setup'

138) Error:
TestGemCommandsUpdateCommand#test_execute_system_silent_passed_to_setuprb:
LoadError: cannot load such file -- psych
    <internal:/root/ruby-3.4.5/lib/rubygems/core_ext/kernel_require.rb>:136:in 'Kernel#require'
    <internal:/root/ruby-3.4.5/lib/rubygems/core_ext/kernel_require.rb>:136:in 'Kernel#require'
    /root/ruby-3.4.5/lib/rubygems.rb:621:in 'Gem.load_yaml'
    /root/ruby-3.4.5/lib/rubygems/package.rb:295:in 'Gem::Package#build'
    /root/ruby-3.4.5/lib/rubygems/package.rb:136:in 'Gem::Package.build'
    /root/ruby-3.4.5/test/rubygems/helper.rb:762:in 'block (2 levels) in Gem::TestCase#util_build_ge
m'
    /root/ruby-3.4.5/lib/rubygems/user_interaction.rb:46:in 'Gem::DefaultUserInteraction.use_ui'
    /root/ruby-3.4.5/lib/rubygems/user_interaction.rb:69:in 'Gem::DefaultUserInteraction#use_ui'
    /root/ruby-3.4.5/test/rubygems/helper.rb:761:in 'block in Gem::TestCase#util_build_gem'
    /root/ruby-3.4.5/test/rubygems/helper.rb:751:in 'Dir.chdir'
    /root/ruby-3.4.5/test/rubygems/helper.rb:751:in 'Gem::TestCase#util_build_gem'
    /root/ruby-3.4.5/test/rubygems/helper.rb:899:in 'Gem::TestCase#util_gem'
    /root/ruby-3.4.5/test/rubygems/utilities.rb:325:in 'block in Gem::TestCase::SpecFetcherSetup#exe
cute_operations'
    /root/ruby-3.4.5/test/rubygems/utilities.rb:314:in 'Array#each'
    /root/ruby-3.4.5/test/rubygems/utilities.rb:314:in 'Gem::TestCase::SpecFetcherSetup#execute_oper
ations'
    /root/ruby-3.4.5/test/rubygems/utilities.rb:306:in 'Gem::TestCase::SpecFetcherSetup#execute'
    /root/ruby-3.4.5/test/rubygems/utilities.rb:275:in 'Gem::TestCase::SpecFetcherSetup.declare'
    /root/ruby-3.4.5/test/rubygems/helper.rb:1359:in 'Gem::TestCase#spec_fetcher'
    /root/ruby-3.4.5/test/rubygems/test_gem_commands_update_command.rb:15:in 'TestGemCommandsUpdateC
ommand#setup'

139) Error:
TestGemCommandsUpdateCommand#test_execute_system_specific_older_than_3_2_removes_plugins_dir:
LoadError: cannot load such file -- psych
    <internal:/root/ruby-3.4.5/lib/rubygems/core_ext/kernel_require.rb>:136:in 'Kernel#require'
    <internal:/root/ruby-3.4.5/lib/rubygems/core_ext/kernel_require.rb>:136:in 'Kernel#require'
    /root/ruby-3.4.5/lib/rubygems.rb:621:in 'Gem.load_yaml'
    /root/ruby-3.4.5/lib/rubygems/package.rb:295:in 'Gem::Package#build'
    /root/ruby-3.4.5/lib/rubygems/package.rb:136:in 'Gem::Package.build'
    /root/ruby-3.4.5/test/rubygems/helper.rb:762:in 'block (2 levels) in Gem::TestCase#util_build_ge
m'
    /root/ruby-3.4.5/lib/rubygems/user_interaction.rb:46:in 'Gem::DefaultUserInteraction.use_ui'
    /root/ruby-3.4.5/lib/rubygems/user_interaction.rb:69:in 'Gem::DefaultUserInteraction#use_ui'
    /root/ruby-3.4.5/test/rubygems/helper.rb:761:in 'block in Gem::TestCase#util_build_gem'
    /root/ruby-3.4.5/test/rubygems/helper.rb:751:in 'Dir.chdir'
    /root/ruby-3.4.5/test/rubygems/helper.rb:751:in 'Gem::TestCase#util_build_gem'
    /root/ruby-3.4.5/test/rubygems/helper.rb:899:in 'Gem::TestCase#util_gem'
    /root/ruby-3.4.5/test/rubygems/utilities.rb:325:in 'block in Gem::TestCase::SpecFetcherSetup#exe
cute_operations'
    /root/ruby-3.4.5/test/rubygems/utilities.rb:314:in 'Array#each'
    /root/ruby-3.4.5/test/rubygems/utilities.rb:314:in 'Gem::TestCase::SpecFetcherSetup#execute_oper
ations'
    /root/ruby-3.4.5/test/rubygems/utilities.rb:306:in 'Gem::TestCase::SpecFetcherSetup#execute'
    /root/ruby-3.4.5/test/rubygems/utilities.rb:275:in 'Gem::TestCase::SpecFetcherSetup.declare'
    /root/ruby-3.4.5/test/rubygems/helper.rb:1359:in 'Gem::TestCase#spec_fetcher'
    /root/ruby-3.4.5/test/rubygems/test_gem_commands_update_command.rb:15:in 'TestGemCommandsUpdateC
ommand#setup'

140) Error:
TestGemCommandsUpdateCommand#test_execute_system_multiple:
LoadError: cannot load such file -- psych
    <internal:/root/ruby-3.4.5/lib/rubygems/core_ext/kernel_require.rb>:136:in 'Kernel#require'
    <internal:/root/ruby-3.4.5/lib/rubygems/core_ext/kernel_require.rb>:136:in 'Kernel#require'
    /root/ruby-3.4.5/lib/rubygems.rb:621:in 'Gem.load_yaml'
    /root/ruby-3.4.5/lib/rubygems/package.rb:295:in 'Gem::Package#build'
    /root/ruby-3.4.5/lib/rubygems/package.rb:136:in 'Gem::Package.build'
    /root/ruby-3.4.5/test/rubygems/helper.rb:762:in 'block (2 levels) in Gem::TestCase#util_build_ge
m'
    /root/ruby-3.4.5/lib/rubygems/user_interaction.rb:46:in 'Gem::DefaultUserInteraction.use_ui'
    /root/ruby-3.4.5/lib/rubygems/user_interaction.rb:69:in 'Gem::DefaultUserInteraction#use_ui'
    /root/ruby-3.4.5/test/rubygems/helper.rb:761:in 'block in Gem::TestCase#util_build_gem'
    /root/ruby-3.4.5/test/rubygems/helper.rb:751:in 'Dir.chdir'
    /root/ruby-3.4.5/test/rubygems/helper.rb:751:in 'Gem::TestCase#util_build_gem'
    /root/ruby-3.4.5/test/rubygems/helper.rb:899:in 'Gem::TestCase#util_gem'
    /root/ruby-3.4.5/test/rubygems/utilities.rb:325:in 'block in Gem::TestCase::SpecFetcherSetup#exe
cute_operations'
    /root/ruby-3.4.5/test/rubygems/utilities.rb:314:in 'Array#each'
    /root/ruby-3.4.5/test/rubygems/utilities.rb:314:in 'Gem::TestCase::SpecFetcherSetup#execute_oper
ations'
    /root/ruby-3.4.5/test/rubygems/utilities.rb:306:in 'Gem::TestCase::SpecFetcherSetup#execute'
    /root/ruby-3.4.5/test/rubygems/utilities.rb:275:in 'Gem::TestCase::SpecFetcherSetup.declare'
    /root/ruby-3.4.5/test/rubygems/helper.rb:1359:in 'Gem::TestCase#spec_fetcher'
    /root/ruby-3.4.5/test/rubygems/test_gem_commands_update_command.rb:15:in 'TestGemCommandsUpdateC
ommand#setup'

141) Error:
TestGemCommandsUpdateCommand#test_explain_platform_local:
LoadError: cannot load such file -- psych
    <internal:/root/ruby-3.4.5/lib/rubygems/core_ext/kernel_require.rb>:136:in 'Kernel#require'
    <internal:/root/ruby-3.4.5/lib/rubygems/core_ext/kernel_require.rb>:136:in 'Kernel#require'
    /root/ruby-3.4.5/lib/rubygems.rb:621:in 'Gem.load_yaml'
    /root/ruby-3.4.5/lib/rubygems/package.rb:295:in 'Gem::Package#build'
    /root/ruby-3.4.5/lib/rubygems/package.rb:136:in 'Gem::Package.build'
    /root/ruby-3.4.5/test/rubygems/helper.rb:762:in 'block (2 levels) in Gem::TestCase#util_build_ge
m'
    /root/ruby-3.4.5/lib/rubygems/user_interaction.rb:46:in 'Gem::DefaultUserInteraction.use_ui'
    /root/ruby-3.4.5/lib/rubygems/user_interaction.rb:69:in 'Gem::DefaultUserInteraction#use_ui'
    /root/ruby-3.4.5/test/rubygems/helper.rb:761:in 'block in Gem::TestCase#util_build_gem'
    /root/ruby-3.4.5/test/rubygems/helper.rb:751:in 'Dir.chdir'
    /root/ruby-3.4.5/test/rubygems/helper.rb:751:in 'Gem::TestCase#util_build_gem'
    /root/ruby-3.4.5/test/rubygems/helper.rb:899:in 'Gem::TestCase#util_gem'
    /root/ruby-3.4.5/test/rubygems/utilities.rb:325:in 'block in Gem::TestCase::SpecFetcherSetup#exe
cute_operations'
    /root/ruby-3.4.5/test/rubygems/utilities.rb:314:in 'Array#each'
    /root/ruby-3.4.5/test/rubygems/utilities.rb:314:in 'Gem::TestCase::SpecFetcherSetup#execute_oper
ations'
    /root/ruby-3.4.5/test/rubygems/utilities.rb:306:in 'Gem::TestCase::SpecFetcherSetup#execute'
    /root/ruby-3.4.5/test/rubygems/utilities.rb:275:in 'Gem::TestCase::SpecFetcherSetup.declare'
    /root/ruby-3.4.5/test/rubygems/helper.rb:1359:in 'Gem::TestCase#spec_fetcher'
    /root/ruby-3.4.5/test/rubygems/test_gem_commands_update_command.rb:15:in 'TestGemCommandsUpdateC
ommand#setup'

142) Error:
TestGemCommandsUpdateCommand#test_execute_named:
LoadError: cannot load such file -- psych
    <internal:/root/ruby-3.4.5/lib/rubygems/core_ext/kernel_require.rb>:136:in 'Kernel#require'
    <internal:/root/ruby-3.4.5/lib/rubygems/core_ext/kernel_require.rb>:136:in 'Kernel#require'
    /root/ruby-3.4.5/lib/rubygems.rb:621:in 'Gem.load_yaml'
    /root/ruby-3.4.5/lib/rubygems/package.rb:295:in 'Gem::Package#build'
    /root/ruby-3.4.5/lib/rubygems/package.rb:136:in 'Gem::Package.build'
    /root/ruby-3.4.5/test/rubygems/helper.rb:762:in 'block (2 levels) in Gem::TestCase#util_build_ge
m'
    /root/ruby-3.4.5/lib/rubygems/user_interaction.rb:46:in 'Gem::DefaultUserInteraction.use_ui'
    /root/ruby-3.4.5/lib/rubygems/user_interaction.rb:69:in 'Gem::DefaultUserInteraction#use_ui'
    /root/ruby-3.4.5/test/rubygems/helper.rb:761:in 'block in Gem::TestCase#util_build_gem'
    /root/ruby-3.4.5/test/rubygems/helper.rb:751:in 'Dir.chdir'
    /root/ruby-3.4.5/test/rubygems/helper.rb:751:in 'Gem::TestCase#util_build_gem'
    /root/ruby-3.4.5/test/rubygems/helper.rb:899:in 'Gem::TestCase#util_gem'
    /root/ruby-3.4.5/test/rubygems/utilities.rb:325:in 'block in Gem::TestCase::SpecFetcherSetup#exe
cute_operations'
    /root/ruby-3.4.5/test/rubygems/utilities.rb:314:in 'Array#each'
    /root/ruby-3.4.5/test/rubygems/utilities.rb:314:in 'Gem::TestCase::SpecFetcherSetup#execute_oper
ations'
    /root/ruby-3.4.5/test/rubygems/utilities.rb:306:in 'Gem::TestCase::SpecFetcherSetup#execute'
    /root/ruby-3.4.5/test/rubygems/utilities.rb:275:in 'Gem::TestCase::SpecFetcherSetup.declare'
    /root/ruby-3.4.5/test/rubygems/helper.rb:1359:in 'Gem::TestCase#spec_fetcher'
    /root/ruby-3.4.5/test/rubygems/test_gem_commands_update_command.rb:15:in 'TestGemCommandsUpdateC
ommand#setup'

143) Error:
TestGemCommandsUpdateCommand#test_handle_options_system_specific:
LoadError: cannot load such file -- psych
    <internal:/root/ruby-3.4.5/lib/rubygems/core_ext/kernel_require.rb>:136:in 'Kernel#require'
    <internal:/root/ruby-3.4.5/lib/rubygems/core_ext/kernel_require.rb>:136:in 'Kernel#require'
    /root/ruby-3.4.5/lib/rubygems.rb:621:in 'Gem.load_yaml'
    /root/ruby-3.4.5/lib/rubygems/package.rb:295:in 'Gem::Package#build'
    /root/ruby-3.4.5/lib/rubygems/package.rb:136:in 'Gem::Package.build'
    /root/ruby-3.4.5/test/rubygems/helper.rb:762:in 'block (2 levels) in Gem::TestCase#util_build_ge
m'
    /root/ruby-3.4.5/lib/rubygems/user_interaction.rb:46:in 'Gem::DefaultUserInteraction.use_ui'
    /root/ruby-3.4.5/lib/rubygems/user_interaction.rb:69:in 'Gem::DefaultUserInteraction#use_ui'
    /root/ruby-3.4.5/test/rubygems/helper.rb:761:in 'block in Gem::TestCase#util_build_gem'
    /root/ruby-3.4.5/test/rubygems/helper.rb:751:in 'Dir.chdir'
    /root/ruby-3.4.5/test/rubygems/helper.rb:751:in 'Gem::TestCase#util_build_gem'
    /root/ruby-3.4.5/test/rubygems/helper.rb:899:in 'Gem::TestCase#util_gem'
    /root/ruby-3.4.5/test/rubygems/utilities.rb:325:in 'block in Gem::TestCase::SpecFetcherSetup#exe
cute_operations'
    /root/ruby-3.4.5/test/rubygems/utilities.rb:314:in 'Array#each'
    /root/ruby-3.4.5/test/rubygems/utilities.rb:314:in 'Gem::TestCase::SpecFetcherSetup#execute_oper
ations'
    /root/ruby-3.4.5/test/rubygems/utilities.rb:306:in 'Gem::TestCase::SpecFetcherSetup#execute'
    /root/ruby-3.4.5/test/rubygems/utilities.rb:275:in 'Gem::TestCase::SpecFetcherSetup.declare'
    /root/ruby-3.4.5/test/rubygems/helper.rb:1359:in 'Gem::TestCase#spec_fetcher'
    /root/ruby-3.4.5/test/rubygems/test_gem_commands_update_command.rb:15:in 'TestGemCommandsUpdateC
ommand#setup'

144) Error:
TestGemCommandsUpdateCommand#test_execute_system_with_gems:
LoadError: cannot load such file -- psych
    <internal:/root/ruby-3.4.5/lib/rubygems/core_ext/kernel_require.rb>:136:in 'Kernel#require'
    <internal:/root/ruby-3.4.5/lib/rubygems/core_ext/kernel_require.rb>:136:in 'Kernel#require'
    /root/ruby-3.4.5/lib/rubygems.rb:621:in 'Gem.load_yaml'
    /root/ruby-3.4.5/lib/rubygems/package.rb:295:in 'Gem::Package#build'
    /root/ruby-3.4.5/lib/rubygems/package.rb:136:in 'Gem::Package.build'
    /root/ruby-3.4.5/test/rubygems/helper.rb:762:in 'block (2 levels) in Gem::TestCase#util_build_ge
m'
    /root/ruby-3.4.5/lib/rubygems/user_interaction.rb:46:in 'Gem::DefaultUserInteraction.use_ui'
    /root/ruby-3.4.5/lib/rubygems/user_interaction.rb:69:in 'Gem::DefaultUserInteraction#use_ui'
    /root/ruby-3.4.5/test/rubygems/helper.rb:761:in 'block in Gem::TestCase#util_build_gem'
    /root/ruby-3.4.5/test/rubygems/helper.rb:751:in 'Dir.chdir'
    /root/ruby-3.4.5/test/rubygems/helper.rb:751:in 'Gem::TestCase#util_build_gem'
    /root/ruby-3.4.5/test/rubygems/helper.rb:899:in 'Gem::TestCase#util_gem'
    /root/ruby-3.4.5/test/rubygems/utilities.rb:325:in 'block in Gem::TestCase::SpecFetcherSetup#exe
cute_operations'
    /root/ruby-3.4.5/test/rubygems/utilities.rb:314:in 'Array#each'
    /root/ruby-3.4.5/test/rubygems/utilities.rb:314:in 'Gem::TestCase::SpecFetcherSetup#execute_oper
ations'
    /root/ruby-3.4.5/test/rubygems/utilities.rb:306:in 'Gem::TestCase::SpecFetcherSetup#execute'
    /root/ruby-3.4.5/test/rubygems/utilities.rb:275:in 'Gem::TestCase::SpecFetcherSetup.declare'
    /root/ruby-3.4.5/test/rubygems/helper.rb:1359:in 'Gem::TestCase#spec_fetcher'
    /root/ruby-3.4.5/test/rubygems/test_gem_commands_update_command.rb:15:in 'TestGemCommandsUpdateC
ommand#setup'

145) Error:
TestGemCommandsUpdateCommand#test_fetch_remote_gems_prerelease:
LoadError: cannot load such file -- psych
    <internal:/root/ruby-3.4.5/lib/rubygems/core_ext/kernel_require.rb>:136:in 'Kernel#require'
    <internal:/root/ruby-3.4.5/lib/rubygems/core_ext/kernel_require.rb>:136:in 'Kernel#require'
    /root/ruby-3.4.5/lib/rubygems.rb:621:in 'Gem.load_yaml'
    /root/ruby-3.4.5/lib/rubygems/package.rb:295:in 'Gem::Package#build'
    /root/ruby-3.4.5/lib/rubygems/package.rb:136:in 'Gem::Package.build'
    /root/ruby-3.4.5/test/rubygems/helper.rb:762:in 'block (2 levels) in Gem::TestCase#util_build_ge
m'
    /root/ruby-3.4.5/lib/rubygems/user_interaction.rb:46:in 'Gem::DefaultUserInteraction.use_ui'
    /root/ruby-3.4.5/lib/rubygems/user_interaction.rb:69:in 'Gem::DefaultUserInteraction#use_ui'
    /root/ruby-3.4.5/test/rubygems/helper.rb:761:in 'block in Gem::TestCase#util_build_gem'
    /root/ruby-3.4.5/test/rubygems/helper.rb:751:in 'Dir.chdir'
    /root/ruby-3.4.5/test/rubygems/helper.rb:751:in 'Gem::TestCase#util_build_gem'
    /root/ruby-3.4.5/test/rubygems/helper.rb:899:in 'Gem::TestCase#util_gem'
    /root/ruby-3.4.5/test/rubygems/utilities.rb:325:in 'block in Gem::TestCase::SpecFetcherSetup#exe
cute_operations'
    /root/ruby-3.4.5/test/rubygems/utilities.rb:314:in 'Array#each'
    /root/ruby-3.4.5/test/rubygems/utilities.rb:314:in 'Gem::TestCase::SpecFetcherSetup#execute_oper
ations'
    /root/ruby-3.4.5/test/rubygems/utilities.rb:306:in 'Gem::TestCase::SpecFetcherSetup#execute'
    /root/ruby-3.4.5/test/rubygems/utilities.rb:275:in 'Gem::TestCase::SpecFetcherSetup.declare'
    /root/ruby-3.4.5/test/rubygems/helper.rb:1359:in 'Gem::TestCase#spec_fetcher'
    /root/ruby-3.4.5/test/rubygems/test_gem_commands_update_command.rb:15:in 'TestGemCommandsUpdateC
ommand#setup'

146) Error:
TestGemCommandsUpdateCommand#test_execute_system_update_installed_in_non_default_gem_path:
LoadError: cannot load such file -- psych
    <internal:/root/ruby-3.4.5/lib/rubygems/core_ext/kernel_require.rb>:136:in 'Kernel#require'
    <internal:/root/ruby-3.4.5/lib/rubygems/core_ext/kernel_require.rb>:136:in 'Kernel#require'
    /root/ruby-3.4.5/lib/rubygems.rb:621:in 'Gem.load_yaml'
    /root/ruby-3.4.5/lib/rubygems/package.rb:295:in 'Gem::Package#build'
    /root/ruby-3.4.5/lib/rubygems/package.rb:136:in 'Gem::Package.build'
    /root/ruby-3.4.5/test/rubygems/helper.rb:762:in 'block (2 levels) in Gem::TestCase#util_build_ge
m'
    /root/ruby-3.4.5/lib/rubygems/user_interaction.rb:46:in 'Gem::DefaultUserInteraction.use_ui'
    /root/ruby-3.4.5/lib/rubygems/user_interaction.rb:69:in 'Gem::DefaultUserInteraction#use_ui'
    /root/ruby-3.4.5/test/rubygems/helper.rb:761:in 'block in Gem::TestCase#util_build_gem'
    /root/ruby-3.4.5/test/rubygems/helper.rb:751:in 'Dir.chdir'
    /root/ruby-3.4.5/test/rubygems/helper.rb:751:in 'Gem::TestCase#util_build_gem'
    /root/ruby-3.4.5/test/rubygems/helper.rb:899:in 'Gem::TestCase#util_gem'
    /root/ruby-3.4.5/test/rubygems/utilities.rb:325:in 'block in Gem::TestCase::SpecFetcherSetup#exe
cute_operations'
    /root/ruby-3.4.5/test/rubygems/utilities.rb:314:in 'Array#each'
    /root/ruby-3.4.5/test/rubygems/utilities.rb:314:in 'Gem::TestCase::SpecFetcherSetup#execute_oper
ations'
    /root/ruby-3.4.5/test/rubygems/utilities.rb:306:in 'Gem::TestCase::SpecFetcherSetup#execute'
    /root/ruby-3.4.5/test/rubygems/utilities.rb:275:in 'Gem::TestCase::SpecFetcherSetup.declare'
    /root/ruby-3.4.5/test/rubygems/helper.rb:1359:in 'Gem::TestCase#spec_fetcher'
    /root/ruby-3.4.5/test/rubygems/test_gem_commands_update_command.rb:15:in 'TestGemCommandsUpdateC
ommand#setup'

147) Error:
TestGemCommandsUpdateCommand#test_fetch_remote_gems_mismatch:
LoadError: cannot load such file -- psych
    <internal:/root/ruby-3.4.5/lib/rubygems/core_ext/kernel_require.rb>:136:in 'Kernel#require'
    <internal:/root/ruby-3.4.5/lib/rubygems/core_ext/kernel_require.rb>:136:in 'Kernel#require'
    /root/ruby-3.4.5/lib/rubygems.rb:621:in 'Gem.load_yaml'
    /root/ruby-3.4.5/lib/rubygems/package.rb:295:in 'Gem::Package#build'
    /root/ruby-3.4.5/lib/rubygems/package.rb:136:in 'Gem::Package.build'
    /root/ruby-3.4.5/test/rubygems/helper.rb:762:in 'block (2 levels) in Gem::TestCase#util_build_ge
m'
    /root/ruby-3.4.5/lib/rubygems/user_interaction.rb:46:in 'Gem::DefaultUserInteraction.use_ui'
    /root/ruby-3.4.5/lib/rubygems/user_interaction.rb:69:in 'Gem::DefaultUserInteraction#use_ui'
    /root/ruby-3.4.5/test/rubygems/helper.rb:761:in 'block in Gem::TestCase#util_build_gem'
    /root/ruby-3.4.5/test/rubygems/helper.rb:751:in 'Dir.chdir'
    /root/ruby-3.4.5/test/rubygems/helper.rb:751:in 'Gem::TestCase#util_build_gem'
    /root/ruby-3.4.5/test/rubygems/helper.rb:899:in 'Gem::TestCase#util_gem'
    /root/ruby-3.4.5/test/rubygems/utilities.rb:325:in 'block in Gem::TestCase::SpecFetcherSetup#exe
cute_operations'
    /root/ruby-3.4.5/test/rubygems/utilities.rb:314:in 'Array#each'
    /root/ruby-3.4.5/test/rubygems/utilities.rb:314:in 'Gem::TestCase::SpecFetcherSetup#execute_oper
ations'
    /root/ruby-3.4.5/test/rubygems/utilities.rb:306:in 'Gem::TestCase::SpecFetcherSetup#execute'
    /root/ruby-3.4.5/test/rubygems/utilities.rb:275:in 'Gem::TestCase::SpecFetcherSetup.declare'
    /root/ruby-3.4.5/test/rubygems/helper.rb:1359:in 'Gem::TestCase#spec_fetcher'
    /root/ruby-3.4.5/test/rubygems/test_gem_commands_update_command.rb:15:in 'TestGemCommandsUpdateC
ommand#setup'

148) Error:
TestGemCommandsUpdateCommand#test_execute_system_silent:
LoadError: cannot load such file -- psych
    <internal:/root/ruby-3.4.5/lib/rubygems/core_ext/kernel_require.rb>:136:in 'Kernel#require'
    <internal:/root/ruby-3.4.5/lib/rubygems/core_ext/kernel_require.rb>:136:in 'Kernel#require'
    /root/ruby-3.4.5/lib/rubygems.rb:621:in 'Gem.load_yaml'
    /root/ruby-3.4.5/lib/rubygems/package.rb:295:in 'Gem::Package#build'
    /root/ruby-3.4.5/lib/rubygems/package.rb:136:in 'Gem::Package.build'
    /root/ruby-3.4.5/test/rubygems/helper.rb:762:in 'block (2 levels) in Gem::TestCase#util_build_ge
m'
    /root/ruby-3.4.5/lib/rubygems/user_interaction.rb:46:in 'Gem::DefaultUserInteraction.use_ui'
    /root/ruby-3.4.5/lib/rubygems/user_interaction.rb:69:in 'Gem::DefaultUserInteraction#use_ui'
    /root/ruby-3.4.5/test/rubygems/helper.rb:761:in 'block in Gem::TestCase#util_build_gem'
    /root/ruby-3.4.5/test/rubygems/helper.rb:751:in 'Dir.chdir'
    /root/ruby-3.4.5/test/rubygems/helper.rb:751:in 'Gem::TestCase#util_build_gem'
    /root/ruby-3.4.5/test/rubygems/helper.rb:899:in 'Gem::TestCase#util_gem'
    /root/ruby-3.4.5/test/rubygems/utilities.rb:325:in 'block in Gem::TestCase::SpecFetcherSetup#exe
cute_operations'
    /root/ruby-3.4.5/test/rubygems/utilities.rb:314:in 'Array#each'
    /root/ruby-3.4.5/test/rubygems/utilities.rb:314:in 'Gem::TestCase::SpecFetcherSetup#execute_oper
ations'
    /root/ruby-3.4.5/test/rubygems/utilities.rb:306:in 'Gem::TestCase::SpecFetcherSetup#execute'
    /root/ruby-3.4.5/test/rubygems/utilities.rb:275:in 'Gem::TestCase::SpecFetcherSetup.declare'
    /root/ruby-3.4.5/test/rubygems/helper.rb:1359:in 'Gem::TestCase#spec_fetcher'
    /root/ruby-3.4.5/test/rubygems/test_gem_commands_update_command.rb:15:in 'TestGemCommandsUpdateC
ommand#setup'

149) Error:
TestGemCommandsUpdateCommand#test_execute_named_not_installed_and_no_update:
LoadError: cannot load such file -- psych
    <internal:/root/ruby-3.4.5/lib/rubygems/core_ext/kernel_require.rb>:136:in 'Kernel#require'
    <internal:/root/ruby-3.4.5/lib/rubygems/core_ext/kernel_require.rb>:136:in 'Kernel#require'
    /root/ruby-3.4.5/lib/rubygems.rb:621:in 'Gem.load_yaml'
    /root/ruby-3.4.5/lib/rubygems/package.rb:295:in 'Gem::Package#build'
    /root/ruby-3.4.5/lib/rubygems/package.rb:136:in 'Gem::Package.build'
    /root/ruby-3.4.5/test/rubygems/helper.rb:762:in 'block (2 levels) in Gem::TestCase#util_build_ge
m'
    /root/ruby-3.4.5/lib/rubygems/user_interaction.rb:46:in 'Gem::DefaultUserInteraction.use_ui'
    /root/ruby-3.4.5/lib/rubygems/user_interaction.rb:69:in 'Gem::DefaultUserInteraction#use_ui'
    /root/ruby-3.4.5/test/rubygems/helper.rb:761:in 'block in Gem::TestCase#util_build_gem'
    /root/ruby-3.4.5/test/rubygems/helper.rb:751:in 'Dir.chdir'
    /root/ruby-3.4.5/test/rubygems/helper.rb:751:in 'Gem::TestCase#util_build_gem'
    /root/ruby-3.4.5/test/rubygems/helper.rb:899:in 'Gem::TestCase#util_gem'
    /root/ruby-3.4.5/test/rubygems/utilities.rb:325:in 'block in Gem::TestCase::SpecFetcherSetup#exe
cute_operations'
    /root/ruby-3.4.5/test/rubygems/utilities.rb:314:in 'Array#each'
    /root/ruby-3.4.5/test/rubygems/utilities.rb:314:in 'Gem::TestCase::SpecFetcherSetup#execute_oper
ations'
    /root/ruby-3.4.5/test/rubygems/utilities.rb:306:in 'Gem::TestCase::SpecFetcherSetup#execute'
    /root/ruby-3.4.5/test/rubygems/utilities.rb:275:in 'Gem::TestCase::SpecFetcherSetup.declare'
    /root/ruby-3.4.5/test/rubygems/helper.rb:1359:in 'Gem::TestCase#spec_fetcher'
    /root/ruby-3.4.5/test/rubygems/test_gem_commands_update_command.rb:15:in 'TestGemCommandsUpdateC
ommand#setup'

150) Error:
TestGemCommandsUpdateCommand#test_fetch_remote_gems:
LoadError: cannot load such file -- psych
    <internal:/root/ruby-3.4.5/lib/rubygems/core_ext/kernel_require.rb>:136:in 'Kernel#require'
    <internal:/root/ruby-3.4.5/lib/rubygems/core_ext/kernel_require.rb>:136:in 'Kernel#require'
    /root/ruby-3.4.5/lib/rubygems.rb:621:in 'Gem.load_yaml'
    /root/ruby-3.4.5/lib/rubygems/package.rb:295:in 'Gem::Package#build'
    /root/ruby-3.4.5/lib/rubygems/package.rb:136:in 'Gem::Package.build'
    /root/ruby-3.4.5/test/rubygems/helper.rb:762:in 'block (2 levels) in Gem::TestCase#util_build_ge
m'
    /root/ruby-3.4.5/lib/rubygems/user_interaction.rb:46:in 'Gem::DefaultUserInteraction.use_ui'
    /root/ruby-3.4.5/lib/rubygems/user_interaction.rb:69:in 'Gem::DefaultUserInteraction#use_ui'
    /root/ruby-3.4.5/test/rubygems/helper.rb:761:in 'block in Gem::TestCase#util_build_gem'
    /root/ruby-3.4.5/test/rubygems/helper.rb:751:in 'Dir.chdir'
    /root/ruby-3.4.5/test/rubygems/helper.rb:751:in 'Gem::TestCase#util_build_gem'
    /root/ruby-3.4.5/test/rubygems/helper.rb:899:in 'Gem::TestCase#util_gem'
    /root/ruby-3.4.5/test/rubygems/utilities.rb:325:in 'block in Gem::TestCase::SpecFetcherSetup#exe
cute_operations'
    /root/ruby-3.4.5/test/rubygems/utilities.rb:314:in 'Array#each'
    /root/ruby-3.4.5/test/rubygems/utilities.rb:314:in 'Gem::TestCase::SpecFetcherSetup#execute_oper
ations'
    /root/ruby-3.4.5/test/rubygems/utilities.rb:306:in 'Gem::TestCase::SpecFetcherSetup#execute'
    /root/ruby-3.4.5/test/rubygems/utilities.rb:275:in 'Gem::TestCase::SpecFetcherSetup.declare'
    /root/ruby-3.4.5/test/rubygems/helper.rb:1359:in 'Gem::TestCase#spec_fetcher'
    /root/ruby-3.4.5/test/rubygems/test_gem_commands_update_command.rb:15:in 'TestGemCommandsUpdateC
ommand#setup'

151) Error:
TestGemCommandsUpdateCommand#test_update_gem_unresolved_dependency:
LoadError: cannot load such file -- psych
    <internal:/root/ruby-3.4.5/lib/rubygems/core_ext/kernel_require.rb>:136:in 'Kernel#require'
    <internal:/root/ruby-3.4.5/lib/rubygems/core_ext/kernel_require.rb>:136:in 'Kernel#require'
    /root/ruby-3.4.5/lib/rubygems.rb:621:in 'Gem.load_yaml'
    /root/ruby-3.4.5/lib/rubygems/package.rb:295:in 'Gem::Package#build'
    /root/ruby-3.4.5/lib/rubygems/package.rb:136:in 'Gem::Package.build'
    /root/ruby-3.4.5/test/rubygems/helper.rb:762:in 'block (2 levels) in Gem::TestCase#util_build_ge
m'
    /root/ruby-3.4.5/lib/rubygems/user_interaction.rb:46:in 'Gem::DefaultUserInteraction.use_ui'
    /root/ruby-3.4.5/lib/rubygems/user_interaction.rb:69:in 'Gem::DefaultUserInteraction#use_ui'
    /root/ruby-3.4.5/test/rubygems/helper.rb:761:in 'block in Gem::TestCase#util_build_gem'
    /root/ruby-3.4.5/test/rubygems/helper.rb:751:in 'Dir.chdir'
    /root/ruby-3.4.5/test/rubygems/helper.rb:751:in 'Gem::TestCase#util_build_gem'
    /root/ruby-3.4.5/test/rubygems/helper.rb:899:in 'Gem::TestCase#util_gem'
    /root/ruby-3.4.5/test/rubygems/utilities.rb:325:in 'block in Gem::TestCase::SpecFetcherSetup#exe
cute_operations'
    /root/ruby-3.4.5/test/rubygems/utilities.rb:314:in 'Array#each'
    /root/ruby-3.4.5/test/rubygems/utilities.rb:314:in 'Gem::TestCase::SpecFetcherSetup#execute_oper
ations'
    /root/ruby-3.4.5/test/rubygems/utilities.rb:306:in 'Gem::TestCase::SpecFetcherSetup#execute'
    /root/ruby-3.4.5/test/rubygems/utilities.rb:275:in 'Gem::TestCase::SpecFetcherSetup.declare'
    /root/ruby-3.4.5/test/rubygems/helper.rb:1359:in 'Gem::TestCase#spec_fetcher'
    /root/ruby-3.4.5/test/rubygems/test_gem_commands_update_command.rb:15:in 'TestGemCommandsUpdateC
ommand#setup'

152) Error:
TestGemCommandsUpdateCommand#test_handle_options_system_non_version:
LoadError: cannot load such file -- psych
    <internal:/root/ruby-3.4.5/lib/rubygems/core_ext/kernel_require.rb>:136:in 'Kernel#require'
    <internal:/root/ruby-3.4.5/lib/rubygems/core_ext/kernel_require.rb>:136:in 'Kernel#require'
    /root/ruby-3.4.5/lib/rubygems.rb:621:in 'Gem.load_yaml'
    /root/ruby-3.4.5/lib/rubygems/package.rb:295:in 'Gem::Package#build'
    /root/ruby-3.4.5/lib/rubygems/package.rb:136:in 'Gem::Package.build'
    /root/ruby-3.4.5/test/rubygems/helper.rb:762:in 'block (2 levels) in Gem::TestCase#util_build_ge
m'
    /root/ruby-3.4.5/lib/rubygems/user_interaction.rb:46:in 'Gem::DefaultUserInteraction.use_ui'
    /root/ruby-3.4.5/lib/rubygems/user_interaction.rb:69:in 'Gem::DefaultUserInteraction#use_ui'
    /root/ruby-3.4.5/test/rubygems/helper.rb:761:in 'block in Gem::TestCase#util_build_gem'
    /root/ruby-3.4.5/test/rubygems/helper.rb:751:in 'Dir.chdir'
    /root/ruby-3.4.5/test/rubygems/helper.rb:751:in 'Gem::TestCase#util_build_gem'
    /root/ruby-3.4.5/test/rubygems/helper.rb:899:in 'Gem::TestCase#util_gem'
    /root/ruby-3.4.5/test/rubygems/utilities.rb:325:in 'block in Gem::TestCase::SpecFetcherSetup#exe
cute_operations'
    /root/ruby-3.4.5/test/rubygems/utilities.rb:314:in 'Array#each'
    /root/ruby-3.4.5/test/rubygems/utilities.rb:314:in 'Gem::TestCase::SpecFetcherSetup#execute_oper
ations'
    /root/ruby-3.4.5/test/rubygems/utilities.rb:306:in 'Gem::TestCase::SpecFetcherSetup#execute'
    /root/ruby-3.4.5/test/rubygems/utilities.rb:275:in 'Gem::TestCase::SpecFetcherSetup.declare'
    /root/ruby-3.4.5/test/rubygems/helper.rb:1359:in 'Gem::TestCase#spec_fetcher'
    /root/ruby-3.4.5/test/rubygems/test_gem_commands_update_command.rb:15:in 'TestGemCommandsUpdateC
ommand#setup'

153) Error:
TestGemCommandsUpdateCommand#test_execute_dependencies:
LoadError: cannot load such file -- psych
    <internal:/root/ruby-3.4.5/lib/rubygems/core_ext/kernel_require.rb>:136:in 'Kernel#require'
    <internal:/root/ruby-3.4.5/lib/rubygems/core_ext/kernel_require.rb>:136:in 'Kernel#require'
    /root/ruby-3.4.5/lib/rubygems.rb:621:in 'Gem.load_yaml'
    /root/ruby-3.4.5/lib/rubygems/package.rb:295:in 'Gem::Package#build'
    /root/ruby-3.4.5/lib/rubygems/package.rb:136:in 'Gem::Package.build'
    /root/ruby-3.4.5/test/rubygems/helper.rb:762:in 'block (2 levels) in Gem::TestCase#util_build_ge
m'
    /root/ruby-3.4.5/lib/rubygems/user_interaction.rb:46:in 'Gem::DefaultUserInteraction.use_ui'
    /root/ruby-3.4.5/lib/rubygems/user_interaction.rb:69:in 'Gem::DefaultUserInteraction#use_ui'
    /root/ruby-3.4.5/test/rubygems/helper.rb:761:in 'block in Gem::TestCase#util_build_gem'
    /root/ruby-3.4.5/test/rubygems/helper.rb:751:in 'Dir.chdir'
    /root/ruby-3.4.5/test/rubygems/helper.rb:751:in 'Gem::TestCase#util_build_gem'
    /root/ruby-3.4.5/test/rubygems/helper.rb:899:in 'Gem::TestCase#util_gem'
    /root/ruby-3.4.5/test/rubygems/utilities.rb:325:in 'block in Gem::TestCase::SpecFetcherSetup#exe
cute_operations'
    /root/ruby-3.4.5/test/rubygems/utilities.rb:314:in 'Array#each'
    /root/ruby-3.4.5/test/rubygems/utilities.rb:314:in 'Gem::TestCase::SpecFetcherSetup#execute_oper
ations'
    /root/ruby-3.4.5/test/rubygems/utilities.rb:306:in 'Gem::TestCase::SpecFetcherSetup#execute'
    /root/ruby-3.4.5/test/rubygems/utilities.rb:275:in 'Gem::TestCase::SpecFetcherSetup.declare'
    /root/ruby-3.4.5/test/rubygems/helper.rb:1359:in 'Gem::TestCase#spec_fetcher'
    /root/ruby-3.4.5/test/rubygems/test_gem_commands_update_command.rb:15:in 'TestGemCommandsUpdateC
ommand#setup'

154) Error:
TestGemKernel#test_gem:
LoadError: cannot load such file -- psych
    <internal:/root/ruby-3.4.5/lib/rubygems/core_ext/kernel_require.rb>:136:in 'Kernel#require'
    <internal:/root/ruby-3.4.5/lib/rubygems/core_ext/kernel_require.rb>:136:in 'Kernel#require'
    /root/ruby-3.4.5/lib/rubygems.rb:621:in 'Gem.load_yaml'
    /root/ruby-3.4.5/lib/rubygems/package.rb:295:in 'Gem::Package#build'
    /root/ruby-3.4.5/lib/rubygems/package.rb:136:in 'Gem::Package.build'
    /root/ruby-3.4.5/test/rubygems/helper.rb:762:in 'block (2 levels) in Gem::TestCase#util_build_ge
m'
    /root/ruby-3.4.5/lib/rubygems/user_interaction.rb:46:in 'Gem::DefaultUserInteraction.use_ui'
    /root/ruby-3.4.5/lib/rubygems/user_interaction.rb:69:in 'Gem::DefaultUserInteraction#use_ui'
    /root/ruby-3.4.5/test/rubygems/helper.rb:761:in 'block in Gem::TestCase#util_build_gem'
    /root/ruby-3.4.5/test/rubygems/helper.rb:751:in 'Dir.chdir'
    /root/ruby-3.4.5/test/rubygems/helper.rb:751:in 'Gem::TestCase#util_build_gem'
    /root/ruby-3.4.5/test/rubygems/helper.rb:1000:in 'block in Gem::TestCase#util_make_gems'
    /root/ruby-3.4.5/test/rubygems/helper.rb:999:in 'Array#each'
    /root/ruby-3.4.5/test/rubygems/helper.rb:999:in 'Gem::TestCase#util_make_gems'
    /root/ruby-3.4.5/test/rubygems/test_kernel.rb:9:in 'TestGemKernel#setup'

155) Error:
TestGemKernel#test_gem_conflicting:
LoadError: cannot load such file -- psych
    <internal:/root/ruby-3.4.5/lib/rubygems/core_ext/kernel_require.rb>:136:in 'Kernel#require'
    <internal:/root/ruby-3.4.5/lib/rubygems/core_ext/kernel_require.rb>:136:in 'Kernel#require'
    /root/ruby-3.4.5/lib/rubygems.rb:621:in 'Gem.load_yaml'
    /root/ruby-3.4.5/lib/rubygems/package.rb:295:in 'Gem::Package#build'
    /root/ruby-3.4.5/lib/rubygems/package.rb:136:in 'Gem::Package.build'
    /root/ruby-3.4.5/test/rubygems/helper.rb:762:in 'block (2 levels) in Gem::TestCase#util_build_ge
m'
    /root/ruby-3.4.5/lib/rubygems/user_interaction.rb:46:in 'Gem::DefaultUserInteraction.use_ui'
    /root/ruby-3.4.5/lib/rubygems/user_interaction.rb:69:in 'Gem::DefaultUserInteraction#use_ui'
    /root/ruby-3.4.5/test/rubygems/helper.rb:761:in 'block in Gem::TestCase#util_build_gem'
    /root/ruby-3.4.5/test/rubygems/helper.rb:751:in 'Dir.chdir'
    /root/ruby-3.4.5/test/rubygems/helper.rb:751:in 'Gem::TestCase#util_build_gem'
    /root/ruby-3.4.5/test/rubygems/helper.rb:1000:in 'block in Gem::TestCase#util_make_gems'
    /root/ruby-3.4.5/test/rubygems/helper.rb:999:in 'Array#each'
    /root/ruby-3.4.5/test/rubygems/helper.rb:999:in 'Gem::TestCase#util_make_gems'
    /root/ruby-3.4.5/test/rubygems/test_kernel.rb:9:in 'TestGemKernel#setup'

156) Error:
TestGemKernel#test_gem_bundler_inferred_bundler_version:
LoadError: cannot load such file -- psych
    <internal:/root/ruby-3.4.5/lib/rubygems/core_ext/kernel_require.rb>:136:in 'Kernel#require'
    <internal:/root/ruby-3.4.5/lib/rubygems/core_ext/kernel_require.rb>:136:in 'Kernel#require'
    /root/ruby-3.4.5/lib/rubygems.rb:621:in 'Gem.load_yaml'
    /root/ruby-3.4.5/lib/rubygems/package.rb:295:in 'Gem::Package#build'
    /root/ruby-3.4.5/lib/rubygems/package.rb:136:in 'Gem::Package.build'
    /root/ruby-3.4.5/test/rubygems/helper.rb:762:in 'block (2 levels) in Gem::TestCase#util_build_ge
m'
    /root/ruby-3.4.5/lib/rubygems/user_interaction.rb:46:in 'Gem::DefaultUserInteraction.use_ui'
    /root/ruby-3.4.5/lib/rubygems/user_interaction.rb:69:in 'Gem::DefaultUserInteraction#use_ui'
    /root/ruby-3.4.5/test/rubygems/helper.rb:761:in 'block in Gem::TestCase#util_build_gem'
    /root/ruby-3.4.5/test/rubygems/helper.rb:751:in 'Dir.chdir'
    /root/ruby-3.4.5/test/rubygems/helper.rb:751:in 'Gem::TestCase#util_build_gem'
    /root/ruby-3.4.5/test/rubygems/helper.rb:1000:in 'block in Gem::TestCase#util_make_gems'
    /root/ruby-3.4.5/test/rubygems/helper.rb:999:in 'Array#each'
    /root/ruby-3.4.5/test/rubygems/helper.rb:999:in 'Gem::TestCase#util_make_gems'
    /root/ruby-3.4.5/test/rubygems/test_kernel.rb:9:in 'TestGemKernel#setup'

157) Error:
TestGemKernel#test_gem_re_gem_mismatch:
LoadError: cannot load such file -- psych
    <internal:/root/ruby-3.4.5/lib/rubygems/core_ext/kernel_require.rb>:136:in 'Kernel#require'
    <internal:/root/ruby-3.4.5/lib/rubygems/core_ext/kernel_require.rb>:136:in 'Kernel#require'
    /root/ruby-3.4.5/lib/rubygems.rb:621:in 'Gem.load_yaml'
    /root/ruby-3.4.5/lib/rubygems/package.rb:295:in 'Gem::Package#build'
    /root/ruby-3.4.5/lib/rubygems/package.rb:136:in 'Gem::Package.build'
    /root/ruby-3.4.5/test/rubygems/helper.rb:762:in 'block (2 levels) in Gem::TestCase#util_build_ge
m'
    /root/ruby-3.4.5/lib/rubygems/user_interaction.rb:46:in 'Gem::DefaultUserInteraction.use_ui'
    /root/ruby-3.4.5/lib/rubygems/user_interaction.rb:69:in 'Gem::DefaultUserInteraction#use_ui'
    /root/ruby-3.4.5/test/rubygems/helper.rb:761:in 'block in Gem::TestCase#util_build_gem'
    /root/ruby-3.4.5/test/rubygems/helper.rb:751:in 'Dir.chdir'
    /root/ruby-3.4.5/test/rubygems/helper.rb:751:in 'Gem::TestCase#util_build_gem'
    /root/ruby-3.4.5/test/rubygems/helper.rb:1000:in 'block in Gem::TestCase#util_make_gems'
    /root/ruby-3.4.5/test/rubygems/helper.rb:999:in 'Array#each'
    /root/ruby-3.4.5/test/rubygems/helper.rb:999:in 'Gem::TestCase#util_make_gems'
    /root/ruby-3.4.5/test/rubygems/test_kernel.rb:9:in 'TestGemKernel#setup'

158) Error:
TestGemKernel#test_gem_overlapping:
LoadError: cannot load such file -- psych
    <internal:/root/ruby-3.4.5/lib/rubygems/core_ext/kernel_require.rb>:136:in 'Kernel#require'
    <internal:/root/ruby-3.4.5/lib/rubygems/core_ext/kernel_require.rb>:136:in 'Kernel#require'
    /root/ruby-3.4.5/lib/rubygems.rb:621:in 'Gem.load_yaml'
    /root/ruby-3.4.5/lib/rubygems/package.rb:295:in 'Gem::Package#build'
    /root/ruby-3.4.5/lib/rubygems/package.rb:136:in 'Gem::Package.build'
    /root/ruby-3.4.5/test/rubygems/helper.rb:762:in 'block (2 levels) in Gem::TestCase#util_build_ge
m'
    /root/ruby-3.4.5/lib/rubygems/user_interaction.rb:46:in 'Gem::DefaultUserInteraction.use_ui'
    /root/ruby-3.4.5/lib/rubygems/user_interaction.rb:69:in 'Gem::DefaultUserInteraction#use_ui'
    /root/ruby-3.4.5/test/rubygems/helper.rb:761:in 'block in Gem::TestCase#util_build_gem'
    /root/ruby-3.4.5/test/rubygems/helper.rb:751:in 'Dir.chdir'
    /root/ruby-3.4.5/test/rubygems/helper.rb:751:in 'Gem::TestCase#util_build_gem'
    /root/ruby-3.4.5/test/rubygems/helper.rb:1000:in 'block in Gem::TestCase#util_make_gems'
    /root/ruby-3.4.5/test/rubygems/helper.rb:999:in 'Array#each'
    /root/ruby-3.4.5/test/rubygems/helper.rb:999:in 'Gem::TestCase#util_make_gems'
    /root/ruby-3.4.5/test/rubygems/test_kernel.rb:9:in 'TestGemKernel#setup'

159) Error:
TestGemKernel#test_gem_prerelease_is_the_only_available:
LoadError: cannot load such file -- psych
    <internal:/root/ruby-3.4.5/lib/rubygems/core_ext/kernel_require.rb>:136:in 'Kernel#require'
    <internal:/root/ruby-3.4.5/lib/rubygems/core_ext/kernel_require.rb>:136:in 'Kernel#require'
    /root/ruby-3.4.5/lib/rubygems.rb:621:in 'Gem.load_yaml'
    /root/ruby-3.4.5/lib/rubygems/package.rb:295:in 'Gem::Package#build'
    /root/ruby-3.4.5/lib/rubygems/package.rb:136:in 'Gem::Package.build'
    /root/ruby-3.4.5/test/rubygems/helper.rb:762:in 'block (2 levels) in Gem::TestCase#util_build_ge
m'
    /root/ruby-3.4.5/lib/rubygems/user_interaction.rb:46:in 'Gem::DefaultUserInteraction.use_ui'
    /root/ruby-3.4.5/lib/rubygems/user_interaction.rb:69:in 'Gem::DefaultUserInteraction#use_ui'
    /root/ruby-3.4.5/test/rubygems/helper.rb:761:in 'block in Gem::TestCase#util_build_gem'
    /root/ruby-3.4.5/test/rubygems/helper.rb:751:in 'Dir.chdir'
    /root/ruby-3.4.5/test/rubygems/helper.rb:751:in 'Gem::TestCase#util_build_gem'
    /root/ruby-3.4.5/test/rubygems/helper.rb:1000:in 'block in Gem::TestCase#util_make_gems'
    /root/ruby-3.4.5/test/rubygems/helper.rb:999:in 'Array#each'
    /root/ruby-3.4.5/test/rubygems/helper.rb:999:in 'Gem::TestCase#util_make_gems'
    /root/ruby-3.4.5/test/rubygems/test_kernel.rb:9:in 'TestGemKernel#setup'

160) Error:
TestGemKernel#test_gem_failing_inside_require_doesnt_cause_double_exceptions:
LoadError: cannot load such file -- psych
    <internal:/root/ruby-3.4.5/lib/rubygems/core_ext/kernel_require.rb>:136:in 'Kernel#require'
    <internal:/root/ruby-3.4.5/lib/rubygems/core_ext/kernel_require.rb>:136:in 'Kernel#require'
    /root/ruby-3.4.5/lib/rubygems.rb:621:in 'Gem.load_yaml'
    /root/ruby-3.4.5/lib/rubygems/package.rb:295:in 'Gem::Package#build'
    /root/ruby-3.4.5/lib/rubygems/package.rb:136:in 'Gem::Package.build'
    /root/ruby-3.4.5/test/rubygems/helper.rb:762:in 'block (2 levels) in Gem::TestCase#util_build_ge
m'
    /root/ruby-3.4.5/lib/rubygems/user_interaction.rb:46:in 'Gem::DefaultUserInteraction.use_ui'
    /root/ruby-3.4.5/lib/rubygems/user_interaction.rb:69:in 'Gem::DefaultUserInteraction#use_ui'
    /root/ruby-3.4.5/test/rubygems/helper.rb:761:in 'block in Gem::TestCase#util_build_gem'
    /root/ruby-3.4.5/test/rubygems/helper.rb:751:in 'Dir.chdir'
    /root/ruby-3.4.5/test/rubygems/helper.rb:751:in 'Gem::TestCase#util_build_gem'
    /root/ruby-3.4.5/test/rubygems/helper.rb:1000:in 'block in Gem::TestCase#util_make_gems'
    /root/ruby-3.4.5/test/rubygems/helper.rb:999:in 'Array#each'
    /root/ruby-3.4.5/test/rubygems/helper.rb:999:in 'Gem::TestCase#util_make_gems'
    /root/ruby-3.4.5/test/rubygems/test_kernel.rb:9:in 'TestGemKernel#setup'

161) Error:
TestGemKernel#test_gem_default_re_gem:
LoadError: cannot load such file -- psych
    <internal:/root/ruby-3.4.5/lib/rubygems/core_ext/kernel_require.rb>:136:in 'Kernel#require'
    <internal:/root/ruby-3.4.5/lib/rubygems/core_ext/kernel_require.rb>:136:in 'Kernel#require'
    /root/ruby-3.4.5/lib/rubygems.rb:621:in 'Gem.load_yaml'
    /root/ruby-3.4.5/lib/rubygems/package.rb:295:in 'Gem::Package#build'
    /root/ruby-3.4.5/lib/rubygems/package.rb:136:in 'Gem::Package.build'
    /root/ruby-3.4.5/test/rubygems/helper.rb:762:in 'block (2 levels) in Gem::TestCase#util_build_ge
m'
    /root/ruby-3.4.5/lib/rubygems/user_interaction.rb:46:in 'Gem::DefaultUserInteraction.use_ui'
    /root/ruby-3.4.5/lib/rubygems/user_interaction.rb:69:in 'Gem::DefaultUserInteraction#use_ui'
    /root/ruby-3.4.5/test/rubygems/helper.rb:761:in 'block in Gem::TestCase#util_build_gem'
    /root/ruby-3.4.5/test/rubygems/helper.rb:751:in 'Dir.chdir'
    /root/ruby-3.4.5/test/rubygems/helper.rb:751:in 'Gem::TestCase#util_build_gem'
    /root/ruby-3.4.5/test/rubygems/helper.rb:1000:in 'block in Gem::TestCase#util_make_gems'
    /root/ruby-3.4.5/test/rubygems/helper.rb:999:in 'Array#each'
    /root/ruby-3.4.5/test/rubygems/helper.rb:999:in 'Gem::TestCase#util_make_gems'
    /root/ruby-3.4.5/test/rubygems/test_kernel.rb:9:in 'TestGemKernel#setup'

162) Error:
TestGemKernel#test_gem_bundler:
LoadError: cannot load such file -- psych
    <internal:/root/ruby-3.4.5/lib/rubygems/core_ext/kernel_require.rb>:136:in 'Kernel#require'
    <internal:/root/ruby-3.4.5/lib/rubygems/core_ext/kernel_require.rb>:136:in 'Kernel#require'
    /root/ruby-3.4.5/lib/rubygems.rb:621:in 'Gem.load_yaml'
    /root/ruby-3.4.5/lib/rubygems/package.rb:295:in 'Gem::Package#build'
    /root/ruby-3.4.5/lib/rubygems/package.rb:136:in 'Gem::Package.build'
    /root/ruby-3.4.5/test/rubygems/helper.rb:762:in 'block (2 levels) in Gem::TestCase#util_build_ge
m'
    /root/ruby-3.4.5/lib/rubygems/user_interaction.rb:46:in 'Gem::DefaultUserInteraction.use_ui'
    /root/ruby-3.4.5/lib/rubygems/user_interaction.rb:69:in 'Gem::DefaultUserInteraction#use_ui'
    /root/ruby-3.4.5/test/rubygems/helper.rb:761:in 'block in Gem::TestCase#util_build_gem'
    /root/ruby-3.4.5/test/rubygems/helper.rb:751:in 'Dir.chdir'
    /root/ruby-3.4.5/test/rubygems/helper.rb:751:in 'Gem::TestCase#util_build_gem'
    /root/ruby-3.4.5/test/rubygems/helper.rb:1000:in 'block in Gem::TestCase#util_make_gems'
    /root/ruby-3.4.5/test/rubygems/helper.rb:999:in 'Array#each'
    /root/ruby-3.4.5/test/rubygems/helper.rb:999:in 'Gem::TestCase#util_make_gems'
    /root/ruby-3.4.5/test/rubygems/test_kernel.rb:9:in 'TestGemKernel#setup'

163) Error:
TestGemCommandsInstallCommand#test_execute_nonexistent_with_dashes:
LoadError: cannot load such file -- psych
    <internal:/root/ruby-3.4.5/lib/rubygems/core_ext/kernel_require.rb>:136:in 'Kernel#require'
    <internal:/root/ruby-3.4.5/lib/rubygems/core_ext/kernel_require.rb>:136:in 'Kernel#require'
    /root/ruby-3.4.5/lib/rubygems.rb:621:in 'Gem.load_yaml'
    /root/ruby-3.4.5/lib/rubygems/package.rb:295:in 'Gem::Package#build'
    /root/ruby-3.4.5/lib/rubygems/package.rb:136:in 'Gem::Package.build'
    /root/ruby-3.4.5/test/rubygems/helper.rb:762:in 'block (2 levels) in Gem::TestCase#util_build_ge
m'
    /root/ruby-3.4.5/lib/rubygems/user_interaction.rb:46:in 'Gem::DefaultUserInteraction.use_ui'
    /root/ruby-3.4.5/lib/rubygems/user_interaction.rb:69:in 'Gem::DefaultUserInteraction#use_ui'
    /root/ruby-3.4.5/test/rubygems/helper.rb:761:in 'block in Gem::TestCase#util_build_gem'
    /root/ruby-3.4.5/test/rubygems/helper.rb:751:in 'Dir.chdir'
    /root/ruby-3.4.5/test/rubygems/helper.rb:751:in 'Gem::TestCase#util_build_gem'
    /root/ruby-3.4.5/test/rubygems/helper.rb:899:in 'Gem::TestCase#util_gem'
    /root/ruby-3.4.5/test/rubygems/utilities.rb:325:in 'block in Gem::TestCase::SpecFetcherSetup#exe
cute_operations'
    /root/ruby-3.4.5/test/rubygems/utilities.rb:314:in 'Array#each'
    /root/ruby-3.4.5/test/rubygems/utilities.rb:314:in 'Gem::TestCase::SpecFetcherSetup#execute_oper
ations'
    /root/ruby-3.4.5/test/rubygems/utilities.rb:306:in 'Gem::TestCase::SpecFetcherSetup#execute'
    /root/ruby-3.4.5/test/rubygems/utilities.rb:275:in 'Gem::TestCase::SpecFetcherSetup.declare'
    /root/ruby-3.4.5/test/rubygems/helper.rb:1359:in 'Gem::TestCase#spec_fetcher'
    /root/ruby-3.4.5/test/rubygems/test_gem_commands_install_command.rb:408:in 'TestGemCommandsInsta
llCommand#test_execute_nonexistent_with_dashes'

164) Error:
TestGemCommandsInstallCommand#test_execute_prerelease_skipped_when_no_flag_set:
LoadError: cannot load such file -- psych
    <internal:/root/ruby-3.4.5/lib/rubygems/core_ext/kernel_require.rb>:136:in 'Kernel#require'
    <internal:/root/ruby-3.4.5/lib/rubygems/core_ext/kernel_require.rb>:136:in 'Kernel#require'
    /root/ruby-3.4.5/lib/rubygems.rb:621:in 'Gem.load_yaml'
    /root/ruby-3.4.5/lib/rubygems/package.rb:295:in 'Gem::Package#build'
    /root/ruby-3.4.5/lib/rubygems/package.rb:136:in 'Gem::Package.build'
    /root/ruby-3.4.5/test/rubygems/helper.rb:762:in 'block (2 levels) in Gem::TestCase#util_build_ge
m'
    /root/ruby-3.4.5/lib/rubygems/user_interaction.rb:46:in 'Gem::DefaultUserInteraction.use_ui'
    /root/ruby-3.4.5/lib/rubygems/user_interaction.rb:69:in 'Gem::DefaultUserInteraction#use_ui'
    /root/ruby-3.4.5/test/rubygems/helper.rb:761:in 'block in Gem::TestCase#util_build_gem'
    /root/ruby-3.4.5/test/rubygems/helper.rb:751:in 'Dir.chdir'
    /root/ruby-3.4.5/test/rubygems/helper.rb:751:in 'Gem::TestCase#util_build_gem'
    /root/ruby-3.4.5/test/rubygems/helper.rb:899:in 'Gem::TestCase#util_gem'
    /root/ruby-3.4.5/test/rubygems/utilities.rb:318:in 'block in Gem::TestCase::SpecFetcherSetup#exe
cute_operations'
    /root/ruby-3.4.5/test/rubygems/utilities.rb:314:in 'Array#each'
    /root/ruby-3.4.5/test/rubygems/utilities.rb:314:in 'Gem::TestCase::SpecFetcherSetup#execute_oper
ations'
    /root/ruby-3.4.5/test/rubygems/utilities.rb:306:in 'Gem::TestCase::SpecFetcherSetup#execute'
    /root/ruby-3.4.5/test/rubygems/utilities.rb:275:in 'Gem::TestCase::SpecFetcherSetup.declare'
    /root/ruby-3.4.5/test/rubygems/helper.rb:1359:in 'Gem::TestCase#spec_fetcher'
    /root/ruby-3.4.5/test/rubygems/test_gem_commands_install_command.rb:433:in 'TestGemCommandsInsta
llCommand#test_execute_prerelease_skipped_when_no_flag_set'

165) Error:
TestGemCommandsInstallCommand#test_execute_local_dependency_nonexistent:
LoadError: cannot load such file -- psych
    <internal:/root/ruby-3.4.5/lib/rubygems/core_ext/kernel_require.rb>:136:in 'Kernel#require'
    <internal:/root/ruby-3.4.5/lib/rubygems/core_ext/kernel_require.rb>:136:in 'Kernel#require'
    /root/ruby-3.4.5/lib/rubygems.rb:621:in 'Gem.load_yaml'
    /root/ruby-3.4.5/lib/rubygems/package.rb:295:in 'Gem::Package#build'
    /root/ruby-3.4.5/lib/rubygems/package.rb:136:in 'Gem::Package.build'
    /root/ruby-3.4.5/test/rubygems/helper.rb:762:in 'block (2 levels) in Gem::TestCase#util_build_ge
m'
    /root/ruby-3.4.5/lib/rubygems/user_interaction.rb:46:in 'Gem::DefaultUserInteraction.use_ui'
    /root/ruby-3.4.5/lib/rubygems/user_interaction.rb:69:in 'Gem::DefaultUserInteraction#use_ui'
    /root/ruby-3.4.5/test/rubygems/helper.rb:761:in 'block in Gem::TestCase#util_build_gem'
    /root/ruby-3.4.5/test/rubygems/helper.rb:751:in 'Dir.chdir'
    /root/ruby-3.4.5/test/rubygems/helper.rb:751:in 'Gem::TestCase#util_build_gem'
    /root/ruby-3.4.5/test/rubygems/helper.rb:899:in 'Gem::TestCase#util_gem'
    /root/ruby-3.4.5/test/rubygems/utilities.rb:318:in 'block in Gem::TestCase::SpecFetcherSetup#exe
cute_operations'
    /root/ruby-3.4.5/test/rubygems/utilities.rb:314:in 'Array#each'
    /root/ruby-3.4.5/test/rubygems/utilities.rb:314:in 'Gem::TestCase::SpecFetcherSetup#execute_oper
ations'
    /root/ruby-3.4.5/test/rubygems/utilities.rb:306:in 'Gem::TestCase::SpecFetcherSetup#execute'
    /root/ruby-3.4.5/test/rubygems/utilities.rb:275:in 'Gem::TestCase::SpecFetcherSetup.declare'
    /root/ruby-3.4.5/test/rubygems/helper.rb:1359:in 'Gem::TestCase#spec_fetcher'
    /root/ruby-3.4.5/test/rubygems/test_gem_commands_install_command.rb:99:in 'TestGemCommandsInstal
lCommand#test_execute_local_dependency_nonexistent'

166) Error:
TestGemCommandsInstallCommand#test_execute_installs_from_a_gemdeps:
LoadError: cannot load such file -- psych
    <internal:/root/ruby-3.4.5/lib/rubygems/core_ext/kernel_require.rb>:136:in 'Kernel#require'
    <internal:/root/ruby-3.4.5/lib/rubygems/core_ext/kernel_require.rb>:136:in 'Kernel#require'
    /root/ruby-3.4.5/lib/rubygems.rb:621:in 'Gem.load_yaml'
    /root/ruby-3.4.5/lib/rubygems/package.rb:295:in 'Gem::Package#build'
    /root/ruby-3.4.5/lib/rubygems/package.rb:136:in 'Gem::Package.build'
    /root/ruby-3.4.5/test/rubygems/helper.rb:762:in 'block (2 levels) in Gem::TestCase#util_build_ge
m'
    /root/ruby-3.4.5/lib/rubygems/user_interaction.rb:46:in 'Gem::DefaultUserInteraction.use_ui'
    /root/ruby-3.4.5/lib/rubygems/user_interaction.rb:69:in 'Gem::DefaultUserInteraction#use_ui'
    /root/ruby-3.4.5/test/rubygems/helper.rb:761:in 'block in Gem::TestCase#util_build_gem'
    /root/ruby-3.4.5/test/rubygems/helper.rb:751:in 'Dir.chdir'
    /root/ruby-3.4.5/test/rubygems/helper.rb:751:in 'Gem::TestCase#util_build_gem'
    /root/ruby-3.4.5/test/rubygems/helper.rb:899:in 'Gem::TestCase#util_gem'
    /root/ruby-3.4.5/test/rubygems/utilities.rb:325:in 'block in Gem::TestCase::SpecFetcherSetup#exe
cute_operations'
    /root/ruby-3.4.5/test/rubygems/utilities.rb:314:in 'Array#each'
    /root/ruby-3.4.5/test/rubygems/utilities.rb:314:in 'Gem::TestCase::SpecFetcherSetup#execute_oper
ations'
    /root/ruby-3.4.5/test/rubygems/utilities.rb:306:in 'Gem::TestCase::SpecFetcherSetup#execute'
    /root/ruby-3.4.5/test/rubygems/utilities.rb:275:in 'Gem::TestCase::SpecFetcherSetup.declare'
    /root/ruby-3.4.5/test/rubygems/helper.rb:1359:in 'Gem::TestCase#spec_fetcher'
    /root/ruby-3.4.5/test/rubygems/test_gem_commands_install_command.rb:1196:in 'TestGemCommandsInst
allCommand#test_execute_installs_from_a_gemdeps'

167) Error:
TestGemCommandsInstallCommand#test_execute_installs_from_a_gemdeps_with_conservative:
LoadError: cannot load such file -- psych
    <internal:/root/ruby-3.4.5/lib/rubygems/core_ext/kernel_require.rb>:136:in 'Kernel#require'
    <internal:/root/ruby-3.4.5/lib/rubygems/core_ext/kernel_require.rb>:136:in 'Kernel#require'
    /root/ruby-3.4.5/lib/rubygems.rb:621:in 'Gem.load_yaml'
    /root/ruby-3.4.5/lib/rubygems/package.rb:295:in 'Gem::Package#build'
    /root/ruby-3.4.5/lib/rubygems/package.rb:136:in 'Gem::Package.build'
    /root/ruby-3.4.5/test/rubygems/helper.rb:762:in 'block (2 levels) in Gem::TestCase#util_build_ge
m'
    /root/ruby-3.4.5/lib/rubygems/user_interaction.rb:46:in 'Gem::DefaultUserInteraction.use_ui'
    /root/ruby-3.4.5/lib/rubygems/user_interaction.rb:69:in 'Gem::DefaultUserInteraction#use_ui'
    /root/ruby-3.4.5/test/rubygems/helper.rb:761:in 'block in Gem::TestCase#util_build_gem'
    /root/ruby-3.4.5/test/rubygems/helper.rb:751:in 'Dir.chdir'
    /root/ruby-3.4.5/test/rubygems/helper.rb:751:in 'Gem::TestCase#util_build_gem'
    /root/ruby-3.4.5/test/rubygems/helper.rb:899:in 'Gem::TestCase#util_gem'
    /root/ruby-3.4.5/test/rubygems/utilities.rb:325:in 'block in Gem::TestCase::SpecFetcherSetup#exe
cute_operations'
    /root/ruby-3.4.5/test/rubygems/utilities.rb:314:in 'Array#each'
    /root/ruby-3.4.5/test/rubygems/utilities.rb:314:in 'Gem::TestCase::SpecFetcherSetup#execute_oper
ations'
    /root/ruby-3.4.5/test/rubygems/utilities.rb:306:in 'Gem::TestCase::SpecFetcherSetup#execute'
    /root/ruby-3.4.5/test/rubygems/utilities.rb:275:in 'Gem::TestCase::SpecFetcherSetup.declare'
    /root/ruby-3.4.5/test/rubygems/helper.rb:1359:in 'Gem::TestCase#spec_fetcher'
    /root/ruby-3.4.5/test/rubygems/test_gem_commands_install_command.rb:1172:in 'TestGemCommandsInst
allCommand#test_execute_installs_from_a_gemdeps_with_conservative'

168) Error:
TestGemCommandsInstallCommand#test_execute_uses_from_a_gemdeps_with_no_lock:
LoadError: cannot load such file -- psych
    <internal:/root/ruby-3.4.5/lib/rubygems/core_ext/kernel_require.rb>:136:in 'Kernel#require'
    <internal:/root/ruby-3.4.5/lib/rubygems/core_ext/kernel_require.rb>:136:in 'Kernel#require'
    /root/ruby-3.4.5/lib/rubygems.rb:621:in 'Gem.load_yaml'
    /root/ruby-3.4.5/lib/rubygems/package.rb:295:in 'Gem::Package#build'
    /root/ruby-3.4.5/lib/rubygems/package.rb:136:in 'Gem::Package.build'
    /root/ruby-3.4.5/test/rubygems/helper.rb:762:in 'block (2 levels) in Gem::TestCase#util_build_ge
m'
    /root/ruby-3.4.5/lib/rubygems/user_interaction.rb:46:in 'Gem::DefaultUserInteraction.use_ui'
    /root/ruby-3.4.5/lib/rubygems/user_interaction.rb:69:in 'Gem::DefaultUserInteraction#use_ui'
    /root/ruby-3.4.5/test/rubygems/helper.rb:761:in 'block in Gem::TestCase#util_build_gem'
    /root/ruby-3.4.5/test/rubygems/helper.rb:751:in 'Dir.chdir'
    /root/ruby-3.4.5/test/rubygems/helper.rb:751:in 'Gem::TestCase#util_build_gem'
    /root/ruby-3.4.5/test/rubygems/helper.rb:899:in 'Gem::TestCase#util_gem'
    /root/ruby-3.4.5/test/rubygems/utilities.rb:318:in 'block in Gem::TestCase::SpecFetcherSetup#exe
cute_operations'
    /root/ruby-3.4.5/test/rubygems/utilities.rb:314:in 'Array#each'
    /root/ruby-3.4.5/test/rubygems/utilities.rb:314:in 'Gem::TestCase::SpecFetcherSetup#execute_oper
ations'
    /root/ruby-3.4.5/test/rubygems/utilities.rb:306:in 'Gem::TestCase::SpecFetcherSetup#execute'
    /root/ruby-3.4.5/test/rubygems/utilities.rb:275:in 'Gem::TestCase::SpecFetcherSetup.declare'
    /root/ruby-3.4.5/test/rubygems/helper.rb:1359:in 'Gem::TestCase#spec_fetcher'
    /root/ruby-3.4.5/test/rubygems/test_gem_commands_install_command.rb:1148:in 'TestGemCommandsInst
allCommand#test_execute_uses_from_a_gemdeps_with_no_lock'

169) Error:
TestGemCommandsInstallCommand#test_execute_local_dependency_nonexistent_ignore_dependencies:
LoadError: cannot load such file -- psych
    <internal:/root/ruby-3.4.5/lib/rubygems/core_ext/kernel_require.rb>:136:in 'Kernel#require'
    <internal:/root/ruby-3.4.5/lib/rubygems/core_ext/kernel_require.rb>:136:in 'Kernel#require'
    /root/ruby-3.4.5/lib/rubygems.rb:621:in 'Gem.load_yaml'
    /root/ruby-3.4.5/lib/rubygems/package.rb:295:in 'Gem::Package#build'
    /root/ruby-3.4.5/lib/rubygems/package.rb:136:in 'Gem::Package.build'
    /root/ruby-3.4.5/test/rubygems/helper.rb:762:in 'block (2 levels) in Gem::TestCase#util_build_ge
m'
    /root/ruby-3.4.5/lib/rubygems/user_interaction.rb:46:in 'Gem::DefaultUserInteraction.use_ui'
    /root/ruby-3.4.5/lib/rubygems/user_interaction.rb:69:in 'Gem::DefaultUserInteraction#use_ui'
    /root/ruby-3.4.5/test/rubygems/helper.rb:761:in 'block in Gem::TestCase#util_build_gem'
    /root/ruby-3.4.5/test/rubygems/helper.rb:751:in 'Dir.chdir'
    /root/ruby-3.4.5/test/rubygems/helper.rb:751:in 'Gem::TestCase#util_build_gem'
    /root/ruby-3.4.5/test/rubygems/helper.rb:899:in 'Gem::TestCase#util_gem'
    /root/ruby-3.4.5/test/rubygems/utilities.rb:318:in 'block in Gem::TestCase::SpecFetcherSetup#exe
cute_operations'
    /root/ruby-3.4.5/test/rubygems/utilities.rb:314:in 'Array#each'
    /root/ruby-3.4.5/test/rubygems/utilities.rb:314:in 'Gem::TestCase::SpecFetcherSetup#execute_oper
ations'
    /root/ruby-3.4.5/test/rubygems/utilities.rb:306:in 'Gem::TestCase::SpecFetcherSetup#execute'
    /root/ruby-3.4.5/test/rubygems/utilities.rb:275:in 'Gem::TestCase::SpecFetcherSetup.declare'
    /root/ruby-3.4.5/test/rubygems/helper.rb:1359:in 'Gem::TestCase#spec_fetcher'
    /root/ruby-3.4.5/test/rubygems/test_gem_commands_install_command.rb:130:in 'TestGemCommandsInsta
llCommand#test_execute_local_dependency_nonexistent_ignore_dependencies'

170) Error:
TestGemCommandsInstallCommand#test_execute_required_ruby_version_specific_prerelease_met:
LoadError: cannot load such file -- psych
    <internal:/root/ruby-3.4.5/lib/rubygems/core_ext/kernel_require.rb>:136:in 'Kernel#require'
    <internal:/root/ruby-3.4.5/lib/rubygems/core_ext/kernel_require.rb>:136:in 'Kernel#require'
    /root/ruby-3.4.5/lib/rubygems.rb:621:in 'Gem.load_yaml'
    /root/ruby-3.4.5/lib/rubygems/package.rb:295:in 'Gem::Package#build'
    /root/ruby-3.4.5/lib/rubygems/package.rb:136:in 'Gem::Package.build'
    /root/ruby-3.4.5/test/rubygems/helper.rb:762:in 'block (2 levels) in Gem::TestCase#util_build_ge
m'
    /root/ruby-3.4.5/lib/rubygems/user_interaction.rb:46:in 'Gem::DefaultUserInteraction.use_ui'
    /root/ruby-3.4.5/lib/rubygems/user_interaction.rb:69:in 'Gem::DefaultUserInteraction#use_ui'
    /root/ruby-3.4.5/test/rubygems/helper.rb:761:in 'block in Gem::TestCase#util_build_gem'
    /root/ruby-3.4.5/test/rubygems/helper.rb:751:in 'Dir.chdir'
    /root/ruby-3.4.5/test/rubygems/helper.rb:751:in 'Gem::TestCase#util_build_gem'
    /root/ruby-3.4.5/test/rubygems/helper.rb:899:in 'Gem::TestCase#util_gem'
    /root/ruby-3.4.5/test/rubygems/utilities.rb:318:in 'block in Gem::TestCase::SpecFetcherSetup#exe
cute_operations'
    /root/ruby-3.4.5/test/rubygems/utilities.rb:314:in 'Array#each'
    /root/ruby-3.4.5/test/rubygems/utilities.rb:314:in 'Gem::TestCase::SpecFetcherSetup#execute_oper
ations'
    /root/ruby-3.4.5/test/rubygems/utilities.rb:306:in 'Gem::TestCase::SpecFetcherSetup#execute'
    /root/ruby-3.4.5/test/rubygems/utilities.rb:275:in 'Gem::TestCase::SpecFetcherSetup.declare'
    /root/ruby-3.4.5/test/rubygems/helper.rb:1359:in 'Gem::TestCase#spec_fetcher'
    /root/ruby-3.4.5/test/rubygems/test_gem_commands_install_command.rb:575:in 'TestGemCommandsInsta
llCommand#test_execute_required_ruby_version_specific_prerelease_met'

171) Error:
TestGemCommandsInstallCommand#test_execute_uses_deps_a_gemdeps:
LoadError: cannot load such file -- psych
    <internal:/root/ruby-3.4.5/lib/rubygems/core_ext/kernel_require.rb>:136:in 'Kernel#require'
    <internal:/root/ruby-3.4.5/lib/rubygems/core_ext/kernel_require.rb>:136:in 'Kernel#require'
    /root/ruby-3.4.5/lib/rubygems.rb:621:in 'Gem.load_yaml'
    /root/ruby-3.4.5/lib/rubygems/package.rb:295:in 'Gem::Package#build'
    /root/ruby-3.4.5/lib/rubygems/package.rb:136:in 'Gem::Package.build'
    /root/ruby-3.4.5/test/rubygems/helper.rb:762:in 'block (2 levels) in Gem::TestCase#util_build_ge
m'
    /root/ruby-3.4.5/lib/rubygems/user_interaction.rb:46:in 'Gem::DefaultUserInteraction.use_ui'
    /root/ruby-3.4.5/lib/rubygems/user_interaction.rb:69:in 'Gem::DefaultUserInteraction#use_ui'
    /root/ruby-3.4.5/test/rubygems/helper.rb:761:in 'block in Gem::TestCase#util_build_gem'
    /root/ruby-3.4.5/test/rubygems/helper.rb:751:in 'Dir.chdir'
    /root/ruby-3.4.5/test/rubygems/helper.rb:751:in 'Gem::TestCase#util_build_gem'
    /root/ruby-3.4.5/test/rubygems/helper.rb:899:in 'Gem::TestCase#util_gem'
    /root/ruby-3.4.5/test/rubygems/utilities.rb:325:in 'block in Gem::TestCase::SpecFetcherSetup#exe
cute_operations'
    /root/ruby-3.4.5/test/rubygems/utilities.rb:314:in 'Array#each'
    /root/ruby-3.4.5/test/rubygems/utilities.rb:314:in 'Gem::TestCase::SpecFetcherSetup#execute_oper
ations'
    /root/ruby-3.4.5/test/rubygems/utilities.rb:306:in 'Gem::TestCase::SpecFetcherSetup#execute'
    /root/ruby-3.4.5/test/rubygems/utilities.rb:275:in 'Gem::TestCase::SpecFetcherSetup.declare'
    /root/ruby-3.4.5/test/rubygems/helper.rb:1359:in 'Gem::TestCase#spec_fetcher'
    /root/ruby-3.4.5/test/rubygems/test_gem_commands_install_command.rb:1244:in 'TestGemCommandsInst
allCommand#test_execute_uses_deps_a_gemdeps'

172) Error:
TestGemSourceLocal#test_inspect:
LoadError: cannot load such file -- psych
    <internal:/root/ruby-3.4.5/lib/rubygems/core_ext/kernel_require.rb>:136:in 'Kernel#require'
    <internal:/root/ruby-3.4.5/lib/rubygems/core_ext/kernel_require.rb>:136:in 'Kernel#require'
    /root/ruby-3.4.5/lib/rubygems.rb:621:in 'Gem.load_yaml'
    /root/ruby-3.4.5/lib/rubygems/package.rb:295:in 'Gem::Package#build'
    /root/ruby-3.4.5/lib/rubygems/package.rb:136:in 'Gem::Package.build'
    /root/ruby-3.4.5/test/rubygems/helper.rb:762:in 'block (2 levels) in Gem::TestCase#util_build_ge
m'
    /root/ruby-3.4.5/lib/rubygems/user_interaction.rb:46:in 'Gem::DefaultUserInteraction.use_ui'
    /root/ruby-3.4.5/lib/rubygems/user_interaction.rb:69:in 'Gem::DefaultUserInteraction#use_ui'
    /root/ruby-3.4.5/test/rubygems/helper.rb:761:in 'block in Gem::TestCase#util_build_gem'
    /root/ruby-3.4.5/test/rubygems/helper.rb:751:in 'Dir.chdir'
    /root/ruby-3.4.5/test/rubygems/helper.rb:751:in 'Gem::TestCase#util_build_gem'
    /root/ruby-3.4.5/test/rubygems/helper.rb:899:in 'Gem::TestCase#util_gem'
    /root/ruby-3.4.5/test/rubygems/test_gem_source_local.rb:14:in 'TestGemSourceLocal#setup'

173) Error:
TestGemSourceLocal#test_find_gem:
LoadError: cannot load such file -- psych
    <internal:/root/ruby-3.4.5/lib/rubygems/core_ext/kernel_require.rb>:136:in 'Kernel#require'
    <internal:/root/ruby-3.4.5/lib/rubygems/core_ext/kernel_require.rb>:136:in 'Kernel#require'
    /root/ruby-3.4.5/lib/rubygems.rb:621:in 'Gem.load_yaml'
    /root/ruby-3.4.5/lib/rubygems/package.rb:295:in 'Gem::Package#build'
    /root/ruby-3.4.5/lib/rubygems/package.rb:136:in 'Gem::Package.build'
    /root/ruby-3.4.5/test/rubygems/helper.rb:762:in 'block (2 levels) in Gem::TestCase#util_build_ge
m'
    /root/ruby-3.4.5/lib/rubygems/user_interaction.rb:46:in 'Gem::DefaultUserInteraction.use_ui'
    /root/ruby-3.4.5/lib/rubygems/user_interaction.rb:69:in 'Gem::DefaultUserInteraction#use_ui'
    /root/ruby-3.4.5/test/rubygems/helper.rb:761:in 'block in Gem::TestCase#util_build_gem'
    /root/ruby-3.4.5/test/rubygems/helper.rb:751:in 'Dir.chdir'
    /root/ruby-3.4.5/test/rubygems/helper.rb:751:in 'Gem::TestCase#util_build_gem'
    /root/ruby-3.4.5/test/rubygems/helper.rb:899:in 'Gem::TestCase#util_gem'
    /root/ruby-3.4.5/test/rubygems/test_gem_source_local.rb:14:in 'TestGemSourceLocal#setup'

174) Error:
TestGemSourceLocal#test_spaceship:
LoadError: cannot load such file -- psych
    <internal:/root/ruby-3.4.5/lib/rubygems/core_ext/kernel_require.rb>:136:in 'Kernel#require'
    <internal:/root/ruby-3.4.5/lib/rubygems/core_ext/kernel_require.rb>:136:in 'Kernel#require'
    /root/ruby-3.4.5/lib/rubygems.rb:621:in 'Gem.load_yaml'
    /root/ruby-3.4.5/lib/rubygems/package.rb:295:in 'Gem::Package#build'
    /root/ruby-3.4.5/lib/rubygems/package.rb:136:in 'Gem::Package.build'
    /root/ruby-3.4.5/test/rubygems/helper.rb:762:in 'block (2 levels) in Gem::TestCase#util_build_ge
m'
    /root/ruby-3.4.5/lib/rubygems/user_interaction.rb:46:in 'Gem::DefaultUserInteraction.use_ui'
    /root/ruby-3.4.5/lib/rubygems/user_interaction.rb:69:in 'Gem::DefaultUserInteraction#use_ui'
    /root/ruby-3.4.5/test/rubygems/helper.rb:761:in 'block in Gem::TestCase#util_build_gem'
    /root/ruby-3.4.5/test/rubygems/helper.rb:751:in 'Dir.chdir'
    /root/ruby-3.4.5/test/rubygems/helper.rb:751:in 'Gem::TestCase#util_build_gem'
    /root/ruby-3.4.5/test/rubygems/helper.rb:899:in 'Gem::TestCase#util_gem'
    /root/ruby-3.4.5/test/rubygems/test_gem_source_local.rb:14:in 'TestGemSourceLocal#setup'

175) Error:
TestGemSourceLocal#test_find_gem_specific_version:
LoadError: cannot load such file -- psych
    <internal:/root/ruby-3.4.5/lib/rubygems/core_ext/kernel_require.rb>:136:in 'Kernel#require'
    <internal:/root/ruby-3.4.5/lib/rubygems/core_ext/kernel_require.rb>:136:in 'Kernel#require'
    /root/ruby-3.4.5/lib/rubygems.rb:621:in 'Gem.load_yaml'
    /root/ruby-3.4.5/lib/rubygems/package.rb:295:in 'Gem::Package#build'
    /root/ruby-3.4.5/lib/rubygems/package.rb:136:in 'Gem::Package.build'
    /root/ruby-3.4.5/test/rubygems/helper.rb:762:in 'block (2 levels) in Gem::TestCase#util_build_ge
m'
    /root/ruby-3.4.5/lib/rubygems/user_interaction.rb:46:in 'Gem::DefaultUserInteraction.use_ui'
    /root/ruby-3.4.5/lib/rubygems/user_interaction.rb:69:in 'Gem::DefaultUserInteraction#use_ui'
    /root/ruby-3.4.5/test/rubygems/helper.rb:761:in 'block in Gem::TestCase#util_build_gem'
    /root/ruby-3.4.5/test/rubygems/helper.rb:751:in 'Dir.chdir'
    /root/ruby-3.4.5/test/rubygems/helper.rb:751:in 'Gem::TestCase#util_build_gem'
    /root/ruby-3.4.5/test/rubygems/helper.rb:899:in 'Gem::TestCase#util_gem'
    /root/ruby-3.4.5/test/rubygems/test_gem_source_local.rb:14:in 'TestGemSourceLocal#setup'

176) Error:
TestGemSourceLocal#test_load_specs_prerelease:
LoadError: cannot load such file -- psych
    <internal:/root/ruby-3.4.5/lib/rubygems/core_ext/kernel_require.rb>:136:in 'Kernel#require'
    <internal:/root/ruby-3.4.5/lib/rubygems/core_ext/kernel_require.rb>:136:in 'Kernel#require'
    /root/ruby-3.4.5/lib/rubygems.rb:621:in 'Gem.load_yaml'
    /root/ruby-3.4.5/lib/rubygems/package.rb:295:in 'Gem::Package#build'
    /root/ruby-3.4.5/lib/rubygems/package.rb:136:in 'Gem::Package.build'
    /root/ruby-3.4.5/test/rubygems/helper.rb:762:in 'block (2 levels) in Gem::TestCase#util_build_ge
m'
    /root/ruby-3.4.5/lib/rubygems/user_interaction.rb:46:in 'Gem::DefaultUserInteraction.use_ui'
    /root/ruby-3.4.5/lib/rubygems/user_interaction.rb:69:in 'Gem::DefaultUserInteraction#use_ui'
    /root/ruby-3.4.5/test/rubygems/helper.rb:761:in 'block in Gem::TestCase#util_build_gem'
    /root/ruby-3.4.5/test/rubygems/helper.rb:751:in 'Dir.chdir'
    /root/ruby-3.4.5/test/rubygems/helper.rb:751:in 'Gem::TestCase#util_build_gem'
    /root/ruby-3.4.5/test/rubygems/helper.rb:899:in 'Gem::TestCase#util_gem'
    /root/ruby-3.4.5/test/rubygems/test_gem_source_local.rb:14:in 'TestGemSourceLocal#setup'

177) Error:
TestGemSourceLocal#test_find_gem_prerelease:
LoadError: cannot load such file -- psych
    <internal:/root/ruby-3.4.5/lib/rubygems/core_ext/kernel_require.rb>:136:in 'Kernel#require'
    <internal:/root/ruby-3.4.5/lib/rubygems/core_ext/kernel_require.rb>:136:in 'Kernel#require'
    /root/ruby-3.4.5/lib/rubygems.rb:621:in 'Gem.load_yaml'
    /root/ruby-3.4.5/lib/rubygems/package.rb:295:in 'Gem::Package#build'
    /root/ruby-3.4.5/lib/rubygems/package.rb:136:in 'Gem::Package.build'
    /root/ruby-3.4.5/test/rubygems/helper.rb:762:in 'block (2 levels) in Gem::TestCase#util_build_ge
m'
    /root/ruby-3.4.5/lib/rubygems/user_interaction.rb:46:in 'Gem::DefaultUserInteraction.use_ui'
    /root/ruby-3.4.5/lib/rubygems/user_interaction.rb:69:in 'Gem::DefaultUserInteraction#use_ui'
    /root/ruby-3.4.5/test/rubygems/helper.rb:761:in 'block in Gem::TestCase#util_build_gem'
    /root/ruby-3.4.5/test/rubygems/helper.rb:751:in 'Dir.chdir'
    /root/ruby-3.4.5/test/rubygems/helper.rb:751:in 'Gem::TestCase#util_build_gem'
    /root/ruby-3.4.5/test/rubygems/helper.rb:899:in 'Gem::TestCase#util_gem'
    /root/ruby-3.4.5/test/rubygems/test_gem_source_local.rb:14:in 'TestGemSourceLocal#setup'

178) Error:
TestGemSourceLocal#test_download:
LoadError: cannot load such file -- psych
    <internal:/root/ruby-3.4.5/lib/rubygems/core_ext/kernel_require.rb>:136:in 'Kernel#require'
    <internal:/root/ruby-3.4.5/lib/rubygems/core_ext/kernel_require.rb>:136:in 'Kernel#require'
    /root/ruby-3.4.5/lib/rubygems.rb:621:in 'Gem.load_yaml'
    /root/ruby-3.4.5/lib/rubygems/package.rb:295:in 'Gem::Package#build'
    /root/ruby-3.4.5/lib/rubygems/package.rb:136:in 'Gem::Package.build'
    /root/ruby-3.4.5/test/rubygems/helper.rb:762:in 'block (2 levels) in Gem::TestCase#util_build_ge
m'
    /root/ruby-3.4.5/lib/rubygems/user_interaction.rb:46:in 'Gem::DefaultUserInteraction.use_ui'
    /root/ruby-3.4.5/lib/rubygems/user_interaction.rb:69:in 'Gem::DefaultUserInteraction#use_ui'
    /root/ruby-3.4.5/test/rubygems/helper.rb:761:in 'block in Gem::TestCase#util_build_gem'
    /root/ruby-3.4.5/test/rubygems/helper.rb:751:in 'Dir.chdir'
    /root/ruby-3.4.5/test/rubygems/helper.rb:751:in 'Gem::TestCase#util_build_gem'
    /root/ruby-3.4.5/test/rubygems/helper.rb:899:in 'Gem::TestCase#util_gem'
    /root/ruby-3.4.5/test/rubygems/test_gem_source_local.rb:14:in 'TestGemSourceLocal#setup'

179) Error:
TestGemSourceLocal#test_fetch_spec:
LoadError: cannot load such file -- psych
    <internal:/root/ruby-3.4.5/lib/rubygems/core_ext/kernel_require.rb>:136:in 'Kernel#require'
    <internal:/root/ruby-3.4.5/lib/rubygems/core_ext/kernel_require.rb>:136:in 'Kernel#require'
    /root/ruby-3.4.5/lib/rubygems.rb:621:in 'Gem.load_yaml'
    /root/ruby-3.4.5/lib/rubygems/package.rb:295:in 'Gem::Package#build'
    /root/ruby-3.4.5/lib/rubygems/package.rb:136:in 'Gem::Package.build'
    /root/ruby-3.4.5/test/rubygems/helper.rb:762:in 'block (2 levels) in Gem::TestCase#util_build_ge
m'
    /root/ruby-3.4.5/lib/rubygems/user_interaction.rb:46:in 'Gem::DefaultUserInteraction.use_ui'
    /root/ruby-3.4.5/lib/rubygems/user_interaction.rb:69:in 'Gem::DefaultUserInteraction#use_ui'
    /root/ruby-3.4.5/test/rubygems/helper.rb:761:in 'block in Gem::TestCase#util_build_gem'
    /root/ruby-3.4.5/test/rubygems/helper.rb:751:in 'Dir.chdir'
    /root/ruby-3.4.5/test/rubygems/helper.rb:751:in 'Gem::TestCase#util_build_gem'
    /root/ruby-3.4.5/test/rubygems/helper.rb:899:in 'Gem::TestCase#util_gem'
    /root/ruby-3.4.5/test/rubygems/test_gem_source_local.rb:14:in 'TestGemSourceLocal#setup'

180) Error:
TestGemSourceLocal#test_find_gem_highest_version:
LoadError: cannot load such file -- psych
    <internal:/root/ruby-3.4.5/lib/rubygems/core_ext/kernel_require.rb>:136:in 'Kernel#require'
    <internal:/root/ruby-3.4.5/lib/rubygems/core_ext/kernel_require.rb>:136:in 'Kernel#require'
    /root/ruby-3.4.5/lib/rubygems.rb:621:in 'Gem.load_yaml'
    /root/ruby-3.4.5/lib/rubygems/package.rb:295:in 'Gem::Package#build'
    /root/ruby-3.4.5/lib/rubygems/package.rb:136:in 'Gem::Package.build'
    /root/ruby-3.4.5/test/rubygems/helper.rb:762:in 'block (2 levels) in Gem::TestCase#util_build_ge
m'
    /root/ruby-3.4.5/lib/rubygems/user_interaction.rb:46:in 'Gem::DefaultUserInteraction.use_ui'
    /root/ruby-3.4.5/lib/rubygems/user_interaction.rb:69:in 'Gem::DefaultUserInteraction#use_ui'
    /root/ruby-3.4.5/test/rubygems/helper.rb:761:in 'block in Gem::TestCase#util_build_gem'
    /root/ruby-3.4.5/test/rubygems/helper.rb:751:in 'Dir.chdir'
    /root/ruby-3.4.5/test/rubygems/helper.rb:751:in 'Gem::TestCase#util_build_gem'
    /root/ruby-3.4.5/test/rubygems/helper.rb:899:in 'Gem::TestCase#util_gem'
    /root/ruby-3.4.5/test/rubygems/test_gem_source_local.rb:14:in 'TestGemSourceLocal#setup'

181) Error:
TestGemSpecFetcher#test_spec_for_dependency_latest:
LoadError: cannot load such file -- psych
    <internal:/root/ruby-3.4.5/lib/rubygems/core_ext/kernel_require.rb>:136:in 'Kernel#require'
    <internal:/root/ruby-3.4.5/lib/rubygems/core_ext/kernel_require.rb>:136:in 'Kernel#require'
    /root/ruby-3.4.5/lib/rubygems.rb:621:in 'Gem.load_yaml'
    /root/ruby-3.4.5/lib/rubygems/specification.rb:1246:in 'Gem::Specification._load'
    /root/ruby-3.4.5/lib/rubygems/safe_marshal/visitors/to_ruby.rb:358:in 'Gem::SafeMarshal::Visitor
s::ToRuby#call_method'
    /root/ruby-3.4.5/lib/rubygems/safe_marshal/visitors/to_ruby.rb:187:in 'Gem::SafeMarshal::Visitor
s::ToRuby#visit_Gem_SafeMarshal_Elements_UserDefined'
    /root/ruby-3.4.5/lib/rubygems/safe_marshal/visitors/visitor.rb:6:in 'Gem::SafeMarshal::Visitors:
:Visitor#visit'
    /root/ruby-3.4.5/lib/rubygems/safe_marshal/visitors/to_ruby.rb:28:in 'Gem::SafeMarshal::Visitors
::ToRuby#visit'
    /root/ruby-3.4.5/lib/rubygems/safe_marshal.rb:71:in 'Gem::SafeMarshal.load'
    /root/ruby-3.4.5/lib/rubygems/safe_marshal.rb:61:in 'Gem::SafeMarshal.safe_load'
    /root/ruby-3.4.5/lib/rubygems/source.rb:162:in 'Gem::Source#fetch_spec'
    /root/ruby-3.4.5/lib/rubygems/spec_fetcher.rb:158:in 'block in Gem::SpecFetcher#spec_for_depende
ncy'
    /root/ruby-3.4.5/lib/rubygems/spec_fetcher.rb:157:in 'Array#each'
    /root/ruby-3.4.5/lib/rubygems/spec_fetcher.rb:157:in 'Gem::SpecFetcher#spec_for_dependency'
    /root/ruby-3.4.5/test/rubygems/test_gem_spec_fetcher.rb:84:in 'TestGemSpecFetcher#test_spec_for_
dependency_latest'

182) Error:
TestGemSpecFetcher#test_spec_for_dependency_prerelease:
LoadError: cannot load such file -- psych
    <internal:/root/ruby-3.4.5/lib/rubygems/core_ext/kernel_require.rb>:136:in 'Kernel#require'
    <internal:/root/ruby-3.4.5/lib/rubygems/core_ext/kernel_require.rb>:136:in 'Kernel#require'
    /root/ruby-3.4.5/lib/rubygems.rb:621:in 'Gem.load_yaml'
    /root/ruby-3.4.5/lib/rubygems/specification.rb:1246:in 'Gem::Specification._load'
    /root/ruby-3.4.5/lib/rubygems/safe_marshal/visitors/to_ruby.rb:358:in 'Gem::SafeMarshal::Visitor
s::ToRuby#call_method'
    /root/ruby-3.4.5/lib/rubygems/safe_marshal/visitors/to_ruby.rb:187:in 'Gem::SafeMarshal::Visitor
s::ToRuby#visit_Gem_SafeMarshal_Elements_UserDefined'
    /root/ruby-3.4.5/lib/rubygems/safe_marshal/visitors/visitor.rb:6:in 'Gem::SafeMarshal::Visitors:
:Visitor#visit'
    /root/ruby-3.4.5/lib/rubygems/safe_marshal/visitors/to_ruby.rb:28:in 'Gem::SafeMarshal::Visitors
::ToRuby#visit'
    /root/ruby-3.4.5/lib/rubygems/safe_marshal.rb:71:in 'Gem::SafeMarshal.load'
    /root/ruby-3.4.5/lib/rubygems/safe_marshal.rb:61:in 'Gem::SafeMarshal.safe_load'
    /root/ruby-3.4.5/lib/rubygems/source.rb:162:in 'Gem::Source#fetch_spec'
    /root/ruby-3.4.5/lib/rubygems/spec_fetcher.rb:158:in 'block in Gem::SpecFetcher#spec_for_depende
ncy'
    /root/ruby-3.4.5/lib/rubygems/spec_fetcher.rb:157:in 'Array#each'
    /root/ruby-3.4.5/lib/rubygems/spec_fetcher.rb:157:in 'Gem::SpecFetcher#spec_for_dependency'
    /root/ruby-3.4.5/test/rubygems/test_gem_spec_fetcher.rb:100:in 'TestGemSpecFetcher#test_spec_for
_dependency_prerelease'

183) Error:
TestGemSpecFetcher#test_spec_for_dependency_platform:
LoadError: cannot load such file -- psych
    <internal:/root/ruby-3.4.5/lib/rubygems/core_ext/kernel_require.rb>:136:in 'Kernel#require'
    <internal:/root/ruby-3.4.5/lib/rubygems/core_ext/kernel_require.rb>:136:in 'Kernel#require'
    /root/ruby-3.4.5/lib/rubygems.rb:621:in 'Gem.load_yaml'
    /root/ruby-3.4.5/lib/rubygems/specification.rb:1246:in 'Gem::Specification._load'
    /root/ruby-3.4.5/lib/rubygems/safe_marshal/visitors/to_ruby.rb:358:in 'Gem::SafeMarshal::Visitor
s::ToRuby#call_method'
    /root/ruby-3.4.5/lib/rubygems/safe_marshal/visitors/to_ruby.rb:187:in 'Gem::SafeMarshal::Visitor
s::ToRuby#visit_Gem_SafeMarshal_Elements_UserDefined'
    /root/ruby-3.4.5/lib/rubygems/safe_marshal/visitors/visitor.rb:6:in 'Gem::SafeMarshal::Visitors:
:Visitor#visit'
    /root/ruby-3.4.5/lib/rubygems/safe_marshal/visitors/to_ruby.rb:28:in 'Gem::SafeMarshal::Visitors
::ToRuby#visit'
    /root/ruby-3.4.5/lib/rubygems/safe_marshal.rb:71:in 'Gem::SafeMarshal.load'
    /root/ruby-3.4.5/lib/rubygems/safe_marshal.rb:61:in 'Gem::SafeMarshal.safe_load'
    /root/ruby-3.4.5/lib/rubygems/source.rb:162:in 'Gem::Source#fetch_spec'
    /root/ruby-3.4.5/lib/rubygems/spec_fetcher.rb:158:in 'block in Gem::SpecFetcher#spec_for_depende
ncy'
    /root/ruby-3.4.5/lib/rubygems/spec_fetcher.rb:157:in 'Array#each'
    /root/ruby-3.4.5/lib/rubygems/spec_fetcher.rb:157:in 'Gem::SpecFetcher#spec_for_dependency'
    /root/ruby-3.4.5/test/rubygems/test_gem_spec_fetcher.rb:115:in 'TestGemSpecFetcher#test_spec_for
_dependency_platform'

184) Error:
TestGemSpecFetcher#test_spec_for_dependency_all:
LoadError: cannot load such file -- psych
    <internal:/root/ruby-3.4.5/lib/rubygems/core_ext/kernel_require.rb>:136:in 'Kernel#require'
    <internal:/root/ruby-3.4.5/lib/rubygems/core_ext/kernel_require.rb>:136:in 'Kernel#require'
    /root/ruby-3.4.5/lib/rubygems.rb:621:in 'Gem.load_yaml'
    /root/ruby-3.4.5/lib/rubygems/specification.rb:1246:in 'Gem::Specification._load'
    /root/ruby-3.4.5/lib/rubygems/safe_marshal/visitors/to_ruby.rb:358:in 'Gem::SafeMarshal::Visitor
s::ToRuby#call_method'
    /root/ruby-3.4.5/lib/rubygems/safe_marshal/visitors/to_ruby.rb:187:in 'Gem::SafeMarshal::Visitor
s::ToRuby#visit_Gem_SafeMarshal_Elements_UserDefined'
    /root/ruby-3.4.5/lib/rubygems/safe_marshal/visitors/visitor.rb:6:in 'Gem::SafeMarshal::Visitors:
:Visitor#visit'
    /root/ruby-3.4.5/lib/rubygems/safe_marshal/visitors/to_ruby.rb:28:in 'Gem::SafeMarshal::Visitors
::ToRuby#visit'
    /root/ruby-3.4.5/lib/rubygems/safe_marshal.rb:71:in 'Gem::SafeMarshal.load'
    /root/ruby-3.4.5/lib/rubygems/safe_marshal.rb:61:in 'Gem::SafeMarshal.safe_load'
    /root/ruby-3.4.5/lib/rubygems/source.rb:162:in 'Gem::Source#fetch_spec'
    /root/ruby-3.4.5/lib/rubygems/spec_fetcher.rb:158:in 'block in Gem::SpecFetcher#spec_for_depende
ncy'
    /root/ruby-3.4.5/lib/rubygems/spec_fetcher.rb:157:in 'Array#each'
    /root/ruby-3.4.5/lib/rubygems/spec_fetcher.rb:157:in 'Gem::SpecFetcher#spec_for_dependency'
    /root/ruby-3.4.5/test/rubygems/test_gem_spec_fetcher.rb:63:in 'TestGemSpecFetcher#test_spec_for_
dependency_all'

185) Error:
TestGemKernel#test_release_favored_over_prerelease:
LoadError: cannot load such file -- psych
    <internal:/root/ruby-3.4.5/lib/rubygems/core_ext/kernel_require.rb>:136:in 'Kernel#require'
    <internal:/root/ruby-3.4.5/lib/rubygems/core_ext/kernel_require.rb>:136:in 'Kernel#require'
    /root/ruby-3.4.5/lib/rubygems.rb:621:in 'Gem.load_yaml'
    /root/ruby-3.4.5/lib/rubygems/package.rb:295:in 'Gem::Package#build'
    /root/ruby-3.4.5/lib/rubygems/package.rb:136:in 'Gem::Package.build'
    /root/ruby-3.4.5/test/rubygems/helper.rb:762:in 'block (2 levels) in Gem::TestCase#util_build_ge
m'
    /root/ruby-3.4.5/lib/rubygems/user_interaction.rb:46:in 'Gem::DefaultUserInteraction.use_ui'
    /root/ruby-3.4.5/lib/rubygems/user_interaction.rb:69:in 'Gem::DefaultUserInteraction#use_ui'
    /root/ruby-3.4.5/test/rubygems/helper.rb:761:in 'block in Gem::TestCase#util_build_gem'
    /root/ruby-3.4.5/test/rubygems/helper.rb:751:in 'Dir.chdir'
    /root/ruby-3.4.5/test/rubygems/helper.rb:751:in 'Gem::TestCase#util_build_gem'
    /root/ruby-3.4.5/test/rubygems/helper.rb:1000:in 'block in Gem::TestCase#util_make_gems'
    /root/ruby-3.4.5/test/rubygems/helper.rb:999:in 'Array#each'
    /root/ruby-3.4.5/test/rubygems/helper.rb:999:in 'Gem::TestCase#util_make_gems'
    /root/ruby-3.4.5/test/rubygems/test_kernel.rb:9:in 'TestGemKernel#setup'

186) Error:
TestGemKernel#test_gem_not_adding_bin:
LoadError: cannot load such file -- psych
    <internal:/root/ruby-3.4.5/lib/rubygems/core_ext/kernel_require.rb>:136:in 'Kernel#require'
    <internal:/root/ruby-3.4.5/lib/rubygems/core_ext/kernel_require.rb>:136:in 'Kernel#require'
    /root/ruby-3.4.5/lib/rubygems.rb:621:in 'Gem.load_yaml'
    /root/ruby-3.4.5/lib/rubygems/package.rb:295:in 'Gem::Package#build'
    /root/ruby-3.4.5/lib/rubygems/package.rb:136:in 'Gem::Package.build'
    /root/ruby-3.4.5/test/rubygems/helper.rb:762:in 'block (2 levels) in Gem::TestCase#util_build_ge
m'
    /root/ruby-3.4.5/lib/rubygems/user_interaction.rb:46:in 'Gem::DefaultUserInteraction.use_ui'
    /root/ruby-3.4.5/lib/rubygems/user_interaction.rb:69:in 'Gem::DefaultUserInteraction#use_ui'
    /root/ruby-3.4.5/test/rubygems/helper.rb:761:in 'block in Gem::TestCase#util_build_gem'
    /root/ruby-3.4.5/test/rubygems/helper.rb:751:in 'Dir.chdir'
    /root/ruby-3.4.5/test/rubygems/helper.rb:751:in 'Gem::TestCase#util_build_gem'
    /root/ruby-3.4.5/test/rubygems/helper.rb:1000:in 'block in Gem::TestCase#util_make_gems'
    /root/ruby-3.4.5/test/rubygems/helper.rb:999:in 'Array#each'
    /root/ruby-3.4.5/test/rubygems/helper.rb:999:in 'Gem::TestCase#util_make_gems'
    /root/ruby-3.4.5/test/rubygems/test_kernel.rb:9:in 'TestGemKernel#setup'

187) Error:
TestGemKernel#test_gem_env_req:
LoadError: cannot load such file -- psych
    <internal:/root/ruby-3.4.5/lib/rubygems/core_ext/kernel_require.rb>:136:in 'Kernel#require'
    <internal:/root/ruby-3.4.5/lib/rubygems/core_ext/kernel_require.rb>:136:in 'Kernel#require'
    /root/ruby-3.4.5/lib/rubygems.rb:621:in 'Gem.load_yaml'
    /root/ruby-3.4.5/lib/rubygems/package.rb:295:in 'Gem::Package#build'
    /root/ruby-3.4.5/lib/rubygems/package.rb:136:in 'Gem::Package.build'
    /root/ruby-3.4.5/test/rubygems/helper.rb:762:in 'block (2 levels) in Gem::TestCase#util_build_ge
m'
    /root/ruby-3.4.5/lib/rubygems/user_interaction.rb:46:in 'Gem::DefaultUserInteraction.use_ui'
    /root/ruby-3.4.5/lib/rubygems/user_interaction.rb:69:in 'Gem::DefaultUserInteraction#use_ui'
    /root/ruby-3.4.5/test/rubygems/helper.rb:761:in 'block in Gem::TestCase#util_build_gem'
    /root/ruby-3.4.5/test/rubygems/helper.rb:751:in 'Dir.chdir'
    /root/ruby-3.4.5/test/rubygems/helper.rb:751:in 'Gem::TestCase#util_build_gem'
    /root/ruby-3.4.5/test/rubygems/helper.rb:1000:in 'block in Gem::TestCase#util_make_gems'
    /root/ruby-3.4.5/test/rubygems/helper.rb:999:in 'Array#each'
    /root/ruby-3.4.5/test/rubygems/helper.rb:999:in 'Gem::TestCase#util_make_gems'
    /root/ruby-3.4.5/test/rubygems/test_kernel.rb:9:in 'TestGemKernel#setup'

188) Error:
TestGemKernel#test_gem_default:
LoadError: cannot load such file -- psych
    <internal:/root/ruby-3.4.5/lib/rubygems/core_ext/kernel_require.rb>:136:in 'Kernel#require'
    <internal:/root/ruby-3.4.5/lib/rubygems/core_ext/kernel_require.rb>:136:in 'Kernel#require'
    /root/ruby-3.4.5/lib/rubygems.rb:621:in 'Gem.load_yaml'
    /root/ruby-3.4.5/lib/rubygems/package.rb:295:in 'Gem::Package#build'
    /root/ruby-3.4.5/lib/rubygems/package.rb:136:in 'Gem::Package.build'
    /root/ruby-3.4.5/test/rubygems/helper.rb:762:in 'block (2 levels) in Gem::TestCase#util_build_ge
m'
    /root/ruby-3.4.5/lib/rubygems/user_interaction.rb:46:in 'Gem::DefaultUserInteraction.use_ui'
    /root/ruby-3.4.5/lib/rubygems/user_interaction.rb:69:in 'Gem::DefaultUserInteraction#use_ui'
    /root/ruby-3.4.5/test/rubygems/helper.rb:761:in 'block in Gem::TestCase#util_build_gem'
    /root/ruby-3.4.5/test/rubygems/helper.rb:751:in 'Dir.chdir'
    /root/ruby-3.4.5/test/rubygems/helper.rb:751:in 'Gem::TestCase#util_build_gem'
    /root/ruby-3.4.5/test/rubygems/helper.rb:1000:in 'block in Gem::TestCase#util_make_gems'
    /root/ruby-3.4.5/test/rubygems/helper.rb:999:in 'Array#each'
    /root/ruby-3.4.5/test/rubygems/helper.rb:999:in 'Gem::TestCase#util_make_gems'
    /root/ruby-3.4.5/test/rubygems/test_kernel.rb:9:in 'TestGemKernel#setup'

189) Error:
TestGemKernel#test_gem_redundant:
LoadError: cannot load such file -- psych
    <internal:/root/ruby-3.4.5/lib/rubygems/core_ext/kernel_require.rb>:136:in 'Kernel#require'
    <internal:/root/ruby-3.4.5/lib/rubygems/core_ext/kernel_require.rb>:136:in 'Kernel#require'
    /root/ruby-3.4.5/lib/rubygems.rb:621:in 'Gem.load_yaml'
    /root/ruby-3.4.5/lib/rubygems/package.rb:295:in 'Gem::Package#build'
    /root/ruby-3.4.5/lib/rubygems/package.rb:136:in 'Gem::Package.build'
    /root/ruby-3.4.5/test/rubygems/helper.rb:762:in 'block (2 levels) in Gem::TestCase#util_build_ge
m'
    /root/ruby-3.4.5/lib/rubygems/user_interaction.rb:46:in 'Gem::DefaultUserInteraction.use_ui'
    /root/ruby-3.4.5/lib/rubygems/user_interaction.rb:69:in 'Gem::DefaultUserInteraction#use_ui'
    /root/ruby-3.4.5/test/rubygems/helper.rb:761:in 'block in Gem::TestCase#util_build_gem'
    /root/ruby-3.4.5/test/rubygems/helper.rb:751:in 'Dir.chdir'
    /root/ruby-3.4.5/test/rubygems/helper.rb:751:in 'Gem::TestCase#util_build_gem'
    /root/ruby-3.4.5/test/rubygems/helper.rb:1000:in 'block in Gem::TestCase#util_make_gems'
    /root/ruby-3.4.5/test/rubygems/helper.rb:999:in 'Array#each'
    /root/ruby-3.4.5/test/rubygems/helper.rb:999:in 'Gem::TestCase#util_make_gems'
    /root/ruby-3.4.5/test/rubygems/test_kernel.rb:9:in 'TestGemKernel#setup'

190) Error:
TestGemCommandsInstallCommand#test_execute_uses_from_a_gemdeps:
LoadError: cannot load such file -- psych
    <internal:/root/ruby-3.4.5/lib/rubygems/core_ext/kernel_require.rb>:136:in 'Kernel#require'
    <internal:/root/ruby-3.4.5/lib/rubygems/core_ext/kernel_require.rb>:136:in 'Kernel#require'
    /root/ruby-3.4.5/lib/rubygems.rb:621:in 'Gem.load_yaml'
    /root/ruby-3.4.5/lib/rubygems/package.rb:295:in 'Gem::Package#build'
    /root/ruby-3.4.5/lib/rubygems/package.rb:136:in 'Gem::Package.build'
    /root/ruby-3.4.5/test/rubygems/helper.rb:762:in 'block (2 levels) in Gem::TestCase#util_build_ge
m'
    /root/ruby-3.4.5/lib/rubygems/user_interaction.rb:46:in 'Gem::DefaultUserInteraction.use_ui'
    /root/ruby-3.4.5/lib/rubygems/user_interaction.rb:69:in 'Gem::DefaultUserInteraction#use_ui'
    /root/ruby-3.4.5/test/rubygems/helper.rb:761:in 'block in Gem::TestCase#util_build_gem'
    /root/ruby-3.4.5/test/rubygems/helper.rb:751:in 'Dir.chdir'
    /root/ruby-3.4.5/test/rubygems/helper.rb:751:in 'Gem::TestCase#util_build_gem'
    /root/ruby-3.4.5/test/rubygems/helper.rb:899:in 'Gem::TestCase#util_gem'
    /root/ruby-3.4.5/test/rubygems/utilities.rb:318:in 'block in Gem::TestCase::SpecFetcherSetup#exe
cute_operations'
    /root/ruby-3.4.5/test/rubygems/utilities.rb:314:in 'Array#each'
    /root/ruby-3.4.5/test/rubygems/utilities.rb:314:in 'Gem::TestCase::SpecFetcherSetup#execute_oper
ations'
    /root/ruby-3.4.5/test/rubygems/utilities.rb:306:in 'Gem::TestCase::SpecFetcherSetup#execute'
    /root/ruby-3.4.5/test/rubygems/utilities.rb:275:in 'Gem::TestCase::SpecFetcherSetup.declare'
    /root/ruby-3.4.5/test/rubygems/helper.rb:1359:in 'Gem::TestCase#spec_fetcher'
    /root/ruby-3.4.5/test/rubygems/test_gem_commands_install_command.rb:1125:in 'TestGemCommandsInst
allCommand#test_execute_uses_from_a_gemdeps'

191) Error:
TestGemCommandsInstallCommand#test_execute_remote:
LoadError: cannot load such file -- psych
    <internal:/root/ruby-3.4.5/lib/rubygems/core_ext/kernel_require.rb>:136:in 'Kernel#require'
    <internal:/root/ruby-3.4.5/lib/rubygems/core_ext/kernel_require.rb>:136:in 'Kernel#require'
    /root/ruby-3.4.5/lib/rubygems.rb:621:in 'Gem.load_yaml'
    /root/ruby-3.4.5/lib/rubygems/package.rb:295:in 'Gem::Package#build'
    /root/ruby-3.4.5/lib/rubygems/package.rb:136:in 'Gem::Package.build'
    /root/ruby-3.4.5/test/rubygems/helper.rb:762:in 'block (2 levels) in Gem::TestCase#util_build_ge
m'
    /root/ruby-3.4.5/lib/rubygems/user_interaction.rb:46:in 'Gem::DefaultUserInteraction.use_ui'
    /root/ruby-3.4.5/lib/rubygems/user_interaction.rb:69:in 'Gem::DefaultUserInteraction#use_ui'
    /root/ruby-3.4.5/test/rubygems/helper.rb:761:in 'block in Gem::TestCase#util_build_gem'
    /root/ruby-3.4.5/test/rubygems/helper.rb:751:in 'Dir.chdir'
    /root/ruby-3.4.5/test/rubygems/helper.rb:751:in 'Gem::TestCase#util_build_gem'
    /root/ruby-3.4.5/test/rubygems/helper.rb:899:in 'Gem::TestCase#util_gem'
    /root/ruby-3.4.5/test/rubygems/utilities.rb:318:in 'block in Gem::TestCase::SpecFetcherSetup#exe
cute_operations'
    /root/ruby-3.4.5/test/rubygems/utilities.rb:314:in 'Array#each'
    /root/ruby-3.4.5/test/rubygems/utilities.rb:314:in 'Gem::TestCase::SpecFetcherSetup#execute_oper
ations'
    /root/ruby-3.4.5/test/rubygems/utilities.rb:306:in 'Gem::TestCase::SpecFetcherSetup#execute'
    /root/ruby-3.4.5/test/rubygems/utilities.rb:275:in 'Gem::TestCase::SpecFetcherSetup.declare'
    /root/ruby-3.4.5/test/rubygems/helper.rb:1359:in 'Gem::TestCase#spec_fetcher'
    /root/ruby-3.4.5/test/rubygems/test_gem_commands_install_command.rb:744:in 'TestGemCommandsInsta
llCommand#test_execute_remote'

192) Error:
TestGemCommandsInstallCommand#test_suggest_update_if_enabled:
LoadError: cannot load such file -- psych
    <internal:/root/ruby-3.4.5/lib/rubygems/core_ext/kernel_require.rb>:136:in 'Kernel#require'
    <internal:/root/ruby-3.4.5/lib/rubygems/core_ext/kernel_require.rb>:136:in 'Kernel#require'
    /root/ruby-3.4.5/lib/rubygems.rb:621:in 'Gem.load_yaml'
    /root/ruby-3.4.5/lib/rubygems/package.rb:295:in 'Gem::Package#build'
    /root/ruby-3.4.5/lib/rubygems/package.rb:136:in 'Gem::Package.build'
    /root/ruby-3.4.5/test/rubygems/helper.rb:762:in 'block (2 levels) in Gem::TestCase#util_build_ge
m'
    /root/ruby-3.4.5/lib/rubygems/user_interaction.rb:46:in 'Gem::DefaultUserInteraction.use_ui'
    /root/ruby-3.4.5/lib/rubygems/user_interaction.rb:69:in 'Gem::DefaultUserInteraction#use_ui'
    /root/ruby-3.4.5/test/rubygems/helper.rb:761:in 'block in Gem::TestCase#util_build_gem'
    /root/ruby-3.4.5/test/rubygems/helper.rb:751:in 'Dir.chdir'
    /root/ruby-3.4.5/test/rubygems/helper.rb:751:in 'Gem::TestCase#util_build_gem'
    /root/ruby-3.4.5/test/rubygems/helper.rb:899:in 'Gem::TestCase#util_gem'
    /root/ruby-3.4.5/test/rubygems/utilities.rb:318:in 'block in Gem::TestCase::SpecFetcherSetup#exe
cute_operations'
    /root/ruby-3.4.5/test/rubygems/utilities.rb:314:in 'Array#each'
    /root/ruby-3.4.5/test/rubygems/utilities.rb:314:in 'Gem::TestCase::SpecFetcherSetup#execute_oper
ations'
    /root/ruby-3.4.5/test/rubygems/utilities.rb:306:in 'Gem::TestCase::SpecFetcherSetup#execute'
    /root/ruby-3.4.5/test/rubygems/utilities.rb:275:in 'Gem::TestCase::SpecFetcherSetup.declare'
    /root/ruby-3.4.5/test/rubygems/helper.rb:1359:in 'Gem::TestCase#spec_fetcher'
    /root/ruby-3.4.5/test/rubygems/test_gem_commands_install_command.rb:1536:in 'block in TestGemCom
mandsInstallCommand#test_suggest_update_if_enabled'
    /root/ruby-3.4.5/test/rubygems/test_gem_update_suggestion.rb:44:in 'block (4 levels) in TestUpda
teSuggestion.with_eligible_environment'
    /root/ruby-3.4.5/test/rubygems/helper.rb:1561:in 'Object#stub'
    /root/ruby-3.4.5/test/rubygems/test_gem_update_suggestion.rb:43:in 'block (3 levels) in TestUpda
teSuggestion.with_eligible_environment'
    /root/ruby-3.4.5/test/rubygems/helper.rb:1561:in 'Object#stub'
    /root/ruby-3.4.5/test/rubygems/test_gem_update_suggestion.rb:42:in 'block (2 levels) in TestUpda
teSuggestion.with_eligible_environment'
    /root/ruby-3.4.5/test/rubygems/helper.rb:1561:in 'Object#stub'
    /root/ruby-3.4.5/test/rubygems/test_gem_update_suggestion.rb:41:in 'block in TestUpdateSuggestio
n.with_eligible_environment'
    /root/ruby-3.4.5/test/rubygems/helper.rb:1561:in 'Object#stub'
    /root/ruby-3.4.5/test/rubygems/test_gem_update_suggestion.rb:40:in 'TestUpdateSuggestion.with_el
igible_environment'
    /root/ruby-3.4.5/test/rubygems/test_gem_commands_install_command.rb:1535:in 'TestGemCommandsInst
allCommand#test_suggest_update_if_enabled'

193) Error:
TestGemCommandsInstallCommand#test_execute_required_ruby_version:
LoadError: cannot load such file -- psych
    <internal:/root/ruby-3.4.5/lib/rubygems/core_ext/kernel_require.rb>:136:in 'Kernel#require'
    <internal:/root/ruby-3.4.5/lib/rubygems/core_ext/kernel_require.rb>:136:in 'Kernel#require'
    /root/ruby-3.4.5/lib/rubygems.rb:621:in 'Gem.load_yaml'
    /root/ruby-3.4.5/lib/rubygems/package.rb:295:in 'Gem::Package#build'
    /root/ruby-3.4.5/lib/rubygems/package.rb:136:in 'Gem::Package.build'
    /root/ruby-3.4.5/test/rubygems/helper.rb:762:in 'block (2 levels) in Gem::TestCase#util_build_ge
m'
    /root/ruby-3.4.5/lib/rubygems/user_interaction.rb:46:in 'Gem::DefaultUserInteraction.use_ui'
    /root/ruby-3.4.5/lib/rubygems/user_interaction.rb:69:in 'Gem::DefaultUserInteraction#use_ui'
    /root/ruby-3.4.5/test/rubygems/helper.rb:761:in 'block in Gem::TestCase#util_build_gem'
    /root/ruby-3.4.5/test/rubygems/helper.rb:751:in 'Dir.chdir'
    /root/ruby-3.4.5/test/rubygems/helper.rb:751:in 'Gem::TestCase#util_build_gem'
    /root/ruby-3.4.5/test/rubygems/helper.rb:899:in 'Gem::TestCase#util_gem'
    /root/ruby-3.4.5/test/rubygems/utilities.rb:325:in 'block in Gem::TestCase::SpecFetcherSetup#exe
cute_operations'
    /root/ruby-3.4.5/test/rubygems/utilities.rb:314:in 'Array#each'
    /root/ruby-3.4.5/test/rubygems/utilities.rb:314:in 'Gem::TestCase::SpecFetcherSetup#execute_oper
ations'
    /root/ruby-3.4.5/test/rubygems/utilities.rb:306:in 'Gem::TestCase::SpecFetcherSetup#execute'
    /root/ruby-3.4.5/test/rubygems/utilities.rb:275:in 'Gem::TestCase::SpecFetcherSetup.declare'
    /root/ruby-3.4.5/test/rubygems/helper.rb:1359:in 'Gem::TestCase#spec_fetcher'
    /root/ruby-3.4.5/test/rubygems/test_gem_commands_install_command.rb:507:in 'TestGemCommandsInsta
llCommand#test_execute_required_ruby_version'

194) Error:
TestGemCommandsInstallCommand#test_execute_local:
LoadError: cannot load such file -- psych
    <internal:/root/ruby-3.4.5/lib/rubygems/core_ext/kernel_require.rb>:136:in 'Kernel#require'
    <internal:/root/ruby-3.4.5/lib/rubygems/core_ext/kernel_require.rb>:136:in 'Kernel#require'
    /root/ruby-3.4.5/lib/rubygems.rb:621:in 'Gem.load_yaml'
    /root/ruby-3.4.5/lib/rubygems/package.rb:295:in 'Gem::Package#build'
    /root/ruby-3.4.5/lib/rubygems/package.rb:136:in 'Gem::Package.build'
    /root/ruby-3.4.5/test/rubygems/helper.rb:762:in 'block (2 levels) in Gem::TestCase#util_build_ge
m'
    /root/ruby-3.4.5/lib/rubygems/user_interaction.rb:46:in 'Gem::DefaultUserInteraction.use_ui'
    /root/ruby-3.4.5/lib/rubygems/user_interaction.rb:69:in 'Gem::DefaultUserInteraction#use_ui'
    /root/ruby-3.4.5/test/rubygems/helper.rb:761:in 'block in Gem::TestCase#util_build_gem'
    /root/ruby-3.4.5/test/rubygems/helper.rb:751:in 'Dir.chdir'
    /root/ruby-3.4.5/test/rubygems/helper.rb:751:in 'Gem::TestCase#util_build_gem'
    /root/ruby-3.4.5/test/rubygems/helper.rb:899:in 'Gem::TestCase#util_gem'
    /root/ruby-3.4.5/test/rubygems/utilities.rb:318:in 'block in Gem::TestCase::SpecFetcherSetup#exe
cute_operations'
    /root/ruby-3.4.5/test/rubygems/utilities.rb:314:in 'Array#each'
    /root/ruby-3.4.5/test/rubygems/utilities.rb:314:in 'Gem::TestCase::SpecFetcherSetup#execute_oper
ations'
    /root/ruby-3.4.5/test/rubygems/utilities.rb:306:in 'Gem::TestCase::SpecFetcherSetup#execute'
    /root/ruby-3.4.5/test/rubygems/utilities.rb:275:in 'Gem::TestCase::SpecFetcherSetup.declare'
    /root/ruby-3.4.5/test/rubygems/helper.rb:1359:in 'Gem::TestCase#spec_fetcher'
    /root/ruby-3.4.5/test/rubygems/test_gem_commands_install_command.rb:71:in 'TestGemCommandsInstal
lCommand#test_execute_local'

195) Error:
TestGemCommandsInstallCommand#test_execute_with_invalid_gem_file:
LoadError: cannot load such file -- psych
    <internal:/root/ruby-3.4.5/lib/rubygems/core_ext/kernel_require.rb>:136:in 'Kernel#require'
    <internal:/root/ruby-3.4.5/lib/rubygems/core_ext/kernel_require.rb>:136:in 'Kernel#require'
    /root/ruby-3.4.5/lib/rubygems.rb:621:in 'Gem.load_yaml'
    /root/ruby-3.4.5/lib/rubygems/package.rb:295:in 'Gem::Package#build'
    /root/ruby-3.4.5/lib/rubygems/package.rb:136:in 'Gem::Package.build'
    /root/ruby-3.4.5/test/rubygems/helper.rb:762:in 'block (2 levels) in Gem::TestCase#util_build_ge
m'
    /root/ruby-3.4.5/lib/rubygems/user_interaction.rb:46:in 'Gem::DefaultUserInteraction.use_ui'
    /root/ruby-3.4.5/lib/rubygems/user_interaction.rb:69:in 'Gem::DefaultUserInteraction#use_ui'
    /root/ruby-3.4.5/test/rubygems/helper.rb:761:in 'block in Gem::TestCase#util_build_gem'
    /root/ruby-3.4.5/test/rubygems/helper.rb:751:in 'Dir.chdir'
    /root/ruby-3.4.5/test/rubygems/helper.rb:751:in 'Gem::TestCase#util_build_gem'
    /root/ruby-3.4.5/test/rubygems/helper.rb:899:in 'Gem::TestCase#util_gem'
    /root/ruby-3.4.5/test/rubygems/utilities.rb:318:in 'block in Gem::TestCase::SpecFetcherSetup#exe
cute_operations'
    /root/ruby-3.4.5/test/rubygems/utilities.rb:314:in 'Array#each'
    /root/ruby-3.4.5/test/rubygems/utilities.rb:314:in 'Gem::TestCase::SpecFetcherSetup#execute_oper
ations'
    /root/ruby-3.4.5/test/rubygems/utilities.rb:306:in 'Gem::TestCase::SpecFetcherSetup#execute'
    /root/ruby-3.4.5/test/rubygems/utilities.rb:275:in 'Gem::TestCase::SpecFetcherSetup.declare'
    /root/ruby-3.4.5/test/rubygems/helper.rb:1359:in 'Gem::TestCase#spec_fetcher'
    /root/ruby-3.4.5/test/rubygems/test_gem_commands_install_command.rb:764:in 'TestGemCommandsInsta
llCommand#test_execute_with_invalid_gem_file'

196) Error:
TestGemCommandsInstallCommand#test_install_gem_ignore_dependencies_both:
LoadError: cannot load such file -- psych
    <internal:/root/ruby-3.4.5/lib/rubygems/core_ext/kernel_require.rb>:136:in 'Kernel#require'
    <internal:/root/ruby-3.4.5/lib/rubygems/core_ext/kernel_require.rb>:136:in 'Kernel#require'
    /root/ruby-3.4.5/lib/rubygems.rb:621:in 'Gem.load_yaml'
    /root/ruby-3.4.5/lib/rubygems/package.rb:295:in 'Gem::Package#build'
    /root/ruby-3.4.5/lib/rubygems/package.rb:136:in 'Gem::Package.build'
    /root/ruby-3.4.5/test/rubygems/helper.rb:762:in 'block (2 levels) in Gem::TestCase#util_build_ge
m'
    /root/ruby-3.4.5/lib/rubygems/user_interaction.rb:46:in 'Gem::DefaultUserInteraction.use_ui'
    /root/ruby-3.4.5/lib/rubygems/user_interaction.rb:69:in 'Gem::DefaultUserInteraction#use_ui'
    /root/ruby-3.4.5/test/rubygems/helper.rb:761:in 'block in Gem::TestCase#util_build_gem'
    /root/ruby-3.4.5/test/rubygems/helper.rb:751:in 'Dir.chdir'
    /root/ruby-3.4.5/test/rubygems/helper.rb:751:in 'Gem::TestCase#util_build_gem'
    /root/ruby-3.4.5/test/rubygems/test_gem_commands_install_command.rb:966:in 'TestGemCommandsInsta
llCommand#test_install_gem_ignore_dependencies_both'

197) Error:
TestGemCommandsInstallCommand#test_execute_installs_deps_a_gemdeps_into_a_path:
LoadError: cannot load such file -- psych
    <internal:/root/ruby-3.4.5/lib/rubygems/core_ext/kernel_require.rb>:136:in 'Kernel#require'
    <internal:/root/ruby-3.4.5/lib/rubygems/core_ext/kernel_require.rb>:136:in 'Kernel#require'
    /root/ruby-3.4.5/lib/rubygems.rb:621:in 'Gem.load_yaml'
    /root/ruby-3.4.5/lib/rubygems/package.rb:295:in 'Gem::Package#build'
    /root/ruby-3.4.5/lib/rubygems/package.rb:136:in 'Gem::Package.build'
    /root/ruby-3.4.5/test/rubygems/helper.rb:762:in 'block (2 levels) in Gem::TestCase#util_build_ge
m'
    /root/ruby-3.4.5/lib/rubygems/user_interaction.rb:46:in 'Gem::DefaultUserInteraction.use_ui'
    /root/ruby-3.4.5/lib/rubygems/user_interaction.rb:69:in 'Gem::DefaultUserInteraction#use_ui'
    /root/ruby-3.4.5/test/rubygems/helper.rb:761:in 'block in Gem::TestCase#util_build_gem'
    /root/ruby-3.4.5/test/rubygems/helper.rb:751:in 'Dir.chdir'
    /root/ruby-3.4.5/test/rubygems/helper.rb:751:in 'Gem::TestCase#util_build_gem'
    /root/ruby-3.4.5/test/rubygems/helper.rb:899:in 'Gem::TestCase#util_gem'
    /root/ruby-3.4.5/test/rubygems/utilities.rb:325:in 'block in Gem::TestCase::SpecFetcherSetup#exe
cute_operations'
    /root/ruby-3.4.5/test/rubygems/utilities.rb:314:in 'Array#each'
    /root/ruby-3.4.5/test/rubygems/utilities.rb:314:in 'Gem::TestCase::SpecFetcherSetup#execute_oper
ations'
    /root/ruby-3.4.5/test/rubygems/utilities.rb:306:in 'Gem::TestCase::SpecFetcherSetup#execute'
    /root/ruby-3.4.5/test/rubygems/utilities.rb:275:in 'Gem::TestCase::SpecFetcherSetup.declare'
    /root/ruby-3.4.5/test/rubygems/helper.rb:1359:in 'Gem::TestCase#spec_fetcher'
    /root/ruby-3.4.5/test/rubygems/test_gem_commands_install_command.rb:1271:in 'TestGemCommandsInst
allCommand#test_execute_installs_deps_a_gemdeps_into_a_path'

198) Error:
TestGemCommandsInstallCommand#test_execute_prerelease_wins_over_previous_ver:
LoadError: cannot load such file -- psych
    <internal:/root/ruby-3.4.5/lib/rubygems/core_ext/kernel_require.rb>:136:in 'Kernel#require'
    <internal:/root/ruby-3.4.5/lib/rubygems/core_ext/kernel_require.rb>:136:in 'Kernel#require'
    /root/ruby-3.4.5/lib/rubygems.rb:621:in 'Gem.load_yaml'
    /root/ruby-3.4.5/lib/rubygems/package.rb:295:in 'Gem::Package#build'
    /root/ruby-3.4.5/lib/rubygems/package.rb:136:in 'Gem::Package.build'
    /root/ruby-3.4.5/test/rubygems/helper.rb:762:in 'block (2 levels) in Gem::TestCase#util_build_ge
m'
    /root/ruby-3.4.5/lib/rubygems/user_interaction.rb:46:in 'Gem::DefaultUserInteraction.use_ui'
    /root/ruby-3.4.5/lib/rubygems/user_interaction.rb:69:in 'Gem::DefaultUserInteraction#use_ui'
    /root/ruby-3.4.5/test/rubygems/helper.rb:761:in 'block in Gem::TestCase#util_build_gem'
    /root/ruby-3.4.5/test/rubygems/helper.rb:751:in 'Dir.chdir'
    /root/ruby-3.4.5/test/rubygems/helper.rb:751:in 'Gem::TestCase#util_build_gem'
    /root/ruby-3.4.5/test/rubygems/helper.rb:899:in 'Gem::TestCase#util_gem'
    /root/ruby-3.4.5/test/rubygems/utilities.rb:325:in 'block in Gem::TestCase::SpecFetcherSetup#exe
cute_operations'
    /root/ruby-3.4.5/test/rubygems/utilities.rb:314:in 'Array#each'
    /root/ruby-3.4.5/test/rubygems/utilities.rb:314:in 'Gem::TestCase::SpecFetcherSetup#execute_oper
ations'
    /root/ruby-3.4.5/test/rubygems/utilities.rb:306:in 'Gem::TestCase::SpecFetcherSetup#execute'
    /root/ruby-3.4.5/test/rubygems/utilities.rb:275:in 'Gem::TestCase::SpecFetcherSetup.declare'
    /root/ruby-3.4.5/test/rubygems/helper.rb:1359:in 'Gem::TestCase#spec_fetcher'
    /root/ruby-3.4.5/test/rubygems/test_gem_commands_install_command.rb:451:in 'TestGemCommandsInsta
llCommand#test_execute_prerelease_wins_over_previous_ver'

199) Error:
TestGemCommandsInstallCommand#test_execute_required_ruby_version_upper_bound:
LoadError: cannot load such file -- psych
    <internal:/root/ruby-3.4.5/lib/rubygems/core_ext/kernel_require.rb>:136:in 'Kernel#require'
    <internal:/root/ruby-3.4.5/lib/rubygems/core_ext/kernel_require.rb>:136:in 'Kernel#require'
    /root/ruby-3.4.5/lib/rubygems.rb:621:in 'Gem.load_yaml'
    /root/ruby-3.4.5/lib/rubygems/package.rb:295:in 'Gem::Package#build'
    /root/ruby-3.4.5/lib/rubygems/package.rb:136:in 'Gem::Package.build'
    /root/ruby-3.4.5/test/rubygems/helper.rb:762:in 'block (2 levels) in Gem::TestCase#util_build_ge
m'
    /root/ruby-3.4.5/lib/rubygems/user_interaction.rb:46:in 'Gem::DefaultUserInteraction.use_ui'
    /root/ruby-3.4.5/lib/rubygems/user_interaction.rb:69:in 'Gem::DefaultUserInteraction#use_ui'
    /root/ruby-3.4.5/test/rubygems/helper.rb:761:in 'block in Gem::TestCase#util_build_gem'
    /root/ruby-3.4.5/test/rubygems/helper.rb:751:in 'Dir.chdir'
    /root/ruby-3.4.5/test/rubygems/helper.rb:751:in 'Gem::TestCase#util_build_gem'
    /root/ruby-3.4.5/test/rubygems/helper.rb:899:in 'Gem::TestCase#util_gem'
    /root/ruby-3.4.5/test/rubygems/utilities.rb:318:in 'block in Gem::TestCase::SpecFetcherSetup#exe
cute_operations'
    /root/ruby-3.4.5/test/rubygems/utilities.rb:314:in 'Array#each'
    /root/ruby-3.4.5/test/rubygems/utilities.rb:314:in 'Gem::TestCase::SpecFetcherSetup#execute_oper
ations'
    /root/ruby-3.4.5/test/rubygems/utilities.rb:306:in 'Gem::TestCase::SpecFetcherSetup#execute'
    /root/ruby-3.4.5/test/rubygems/utilities.rb:275:in 'Gem::TestCase::SpecFetcherSetup.declare'
    /root/ruby-3.4.5/test/rubygems/helper.rb:1359:in 'Gem::TestCase#spec_fetcher'
    /root/ruby-3.4.5/test/rubygems/test_gem_commands_install_command.rb:535:in 'TestGemCommandsInsta
llCommand#test_execute_required_ruby_version_upper_bound'

200) Error:
TestGemCommandsInstallCommand#test_execute_prerelease_skipped_when_non_pre_available:
LoadError: cannot load such file -- psych
    <internal:/root/ruby-3.4.5/lib/rubygems/core_ext/kernel_require.rb>:136:in 'Kernel#require'
    <internal:/root/ruby-3.4.5/lib/rubygems/core_ext/kernel_require.rb>:136:in 'Kernel#require'
    /root/ruby-3.4.5/lib/rubygems.rb:621:in 'Gem.load_yaml'
    /root/ruby-3.4.5/lib/rubygems/package.rb:295:in 'Gem::Package#build'
    /root/ruby-3.4.5/lib/rubygems/package.rb:136:in 'Gem::Package.build'
    /root/ruby-3.4.5/test/rubygems/helper.rb:762:in 'block (2 levels) in Gem::TestCase#util_build_ge
m'
    /root/ruby-3.4.5/lib/rubygems/user_interaction.rb:46:in 'Gem::DefaultUserInteraction.use_ui'
    /root/ruby-3.4.5/lib/rubygems/user_interaction.rb:69:in 'Gem::DefaultUserInteraction#use_ui'
    /root/ruby-3.4.5/test/rubygems/helper.rb:761:in 'block in Gem::TestCase#util_build_gem'
    /root/ruby-3.4.5/test/rubygems/helper.rb:751:in 'Dir.chdir'
    /root/ruby-3.4.5/test/rubygems/helper.rb:751:in 'Gem::TestCase#util_build_gem'
    /root/ruby-3.4.5/test/rubygems/helper.rb:899:in 'Gem::TestCase#util_gem'
    /root/ruby-3.4.5/test/rubygems/utilities.rb:318:in 'block in Gem::TestCase::SpecFetcherSetup#exe
cute_operations'
    /root/ruby-3.4.5/test/rubygems/utilities.rb:314:in 'Array#each'
    /root/ruby-3.4.5/test/rubygems/utilities.rb:314:in 'Gem::TestCase::SpecFetcherSetup#execute_oper
ations'
    /root/ruby-3.4.5/test/rubygems/utilities.rb:306:in 'Gem::TestCase::SpecFetcherSetup#execute'
    /root/ruby-3.4.5/test/rubygems/utilities.rb:275:in 'Gem::TestCase::SpecFetcherSetup.declare'
    /root/ruby-3.4.5/test/rubygems/helper.rb:1359:in 'Gem::TestCase#spec_fetcher'
    /root/ruby-3.4.5/test/rubygems/test_gem_commands_install_command.rb:486:in 'TestGemCommandsInsta
llCommand#test_execute_prerelease_skipped_when_non_pre_available'

201) Error:
TestGemCommandsInstallCommand#test_execute_with_version_specified_by_colon:
LoadError: cannot load such file -- psych
    <internal:/root/ruby-3.4.5/lib/rubygems/core_ext/kernel_require.rb>:136:in 'Kernel#require'
    <internal:/root/ruby-3.4.5/lib/rubygems/core_ext/kernel_require.rb>:136:in 'Kernel#require'
    /root/ruby-3.4.5/lib/rubygems.rb:621:in 'Gem.load_yaml'
    /root/ruby-3.4.5/lib/rubygems/package.rb:295:in 'Gem::Package#build'
    /root/ruby-3.4.5/lib/rubygems/package.rb:136:in 'Gem::Package.build'
    /root/ruby-3.4.5/test/rubygems/helper.rb:762:in 'block (2 levels) in Gem::TestCase#util_build_ge
m'
    /root/ruby-3.4.5/lib/rubygems/user_interaction.rb:46:in 'Gem::DefaultUserInteraction.use_ui'
    /root/ruby-3.4.5/lib/rubygems/user_interaction.rb:69:in 'Gem::DefaultUserInteraction#use_ui'
    /root/ruby-3.4.5/test/rubygems/helper.rb:761:in 'block in Gem::TestCase#util_build_gem'
    /root/ruby-3.4.5/test/rubygems/helper.rb:751:in 'Dir.chdir'
    /root/ruby-3.4.5/test/rubygems/helper.rb:751:in 'Gem::TestCase#util_build_gem'
    /root/ruby-3.4.5/test/rubygems/helper.rb:899:in 'Gem::TestCase#util_gem'
    /root/ruby-3.4.5/test/rubygems/utilities.rb:325:in 'block in Gem::TestCase::SpecFetcherSetup#exe
cute_operations'
    /root/ruby-3.4.5/test/rubygems/utilities.rb:314:in 'Array#each'
    /root/ruby-3.4.5/test/rubygems/utilities.rb:314:in 'Gem::TestCase::SpecFetcherSetup#execute_oper
ations'
    /root/ruby-3.4.5/test/rubygems/utilities.rb:306:in 'Gem::TestCase::SpecFetcherSetup#execute'
    /root/ruby-3.4.5/test/rubygems/utilities.rb:275:in 'Gem::TestCase::SpecFetcherSetup.declare'
    /root/ruby-3.4.5/test/rubygems/helper.rb:1359:in 'Gem::TestCase#spec_fetcher'
    /root/ruby-3.4.5/test/rubygems/test_gem_commands_install_command.rb:469:in 'TestGemCommandsInsta
llCommand#test_execute_with_version_specified_by_colon'

202) Error:
TestGemCommandsInstallCommand#test_execute_required_ruby_version_specific_not_met:
LoadError: cannot load such file -- psych
    <internal:/root/ruby-3.4.5/lib/rubygems/core_ext/kernel_require.rb>:136:in 'Kernel#require'
    <internal:/root/ruby-3.4.5/lib/rubygems/core_ext/kernel_require.rb>:136:in 'Kernel#require'
    /root/ruby-3.4.5/lib/rubygems.rb:621:in 'Gem.load_yaml'
    /root/ruby-3.4.5/lib/rubygems/package.rb:295:in 'Gem::Package#build'
    /root/ruby-3.4.5/lib/rubygems/package.rb:136:in 'Gem::Package.build'
    /root/ruby-3.4.5/test/rubygems/helper.rb:762:in 'block (2 levels) in Gem::TestCase#util_build_ge
m'
    /root/ruby-3.4.5/lib/rubygems/user_interaction.rb:46:in 'Gem::DefaultUserInteraction.use_ui'
    /root/ruby-3.4.5/lib/rubygems/user_interaction.rb:69:in 'Gem::DefaultUserInteraction#use_ui'
    /root/ruby-3.4.5/test/rubygems/helper.rb:761:in 'block in Gem::TestCase#util_build_gem'
    /root/ruby-3.4.5/test/rubygems/helper.rb:751:in 'Dir.chdir'
    /root/ruby-3.4.5/test/rubygems/helper.rb:751:in 'Gem::TestCase#util_build_gem'
    /root/ruby-3.4.5/test/rubygems/helper.rb:899:in 'Gem::TestCase#util_gem'
    /root/ruby-3.4.5/test/rubygems/utilities.rb:318:in 'block in Gem::TestCase::SpecFetcherSetup#exe
cute_operations'
    /root/ruby-3.4.5/test/rubygems/utilities.rb:314:in 'Array#each'
    /root/ruby-3.4.5/test/rubygems/utilities.rb:314:in 'Gem::TestCase::SpecFetcherSetup#execute_oper
ations'
    /root/ruby-3.4.5/test/rubygems/utilities.rb:306:in 'Gem::TestCase::SpecFetcherSetup#execute'
    /root/ruby-3.4.5/test/rubygems/utilities.rb:275:in 'Gem::TestCase::SpecFetcherSetup.declare'
    /root/ruby-3.4.5/test/rubygems/helper.rb:1359:in 'Gem::TestCase#spec_fetcher'
    /root/ruby-3.4.5/test/rubygems/test_gem_commands_install_command.rb:555:in 'TestGemCommandsInsta
llCommand#test_execute_required_ruby_version_specific_not_met'

203) Error:
TestGemCommandsInstallCommand#test_execute_two_version_specified_by_colon:
LoadError: cannot load such file -- psych
    <internal:/root/ruby-3.4.5/lib/rubygems/core_ext/kernel_require.rb>:136:in 'Kernel#require'
    <internal:/root/ruby-3.4.5/lib/rubygems/core_ext/kernel_require.rb>:136:in 'Kernel#require'
    /root/ruby-3.4.5/lib/rubygems.rb:621:in 'Gem.load_yaml'
    /root/ruby-3.4.5/lib/rubygems/package.rb:295:in 'Gem::Package#build'
    /root/ruby-3.4.5/lib/rubygems/package.rb:136:in 'Gem::Package.build'
    /root/ruby-3.4.5/test/rubygems/helper.rb:762:in 'block (2 levels) in Gem::TestCase#util_build_ge
m'
    /root/ruby-3.4.5/lib/rubygems/user_interaction.rb:46:in 'Gem::DefaultUserInteraction.use_ui'
    /root/ruby-3.4.5/lib/rubygems/user_interaction.rb:69:in 'Gem::DefaultUserInteraction#use_ui'
    /root/ruby-3.4.5/test/rubygems/helper.rb:761:in 'block in Gem::TestCase#util_build_gem'
    /root/ruby-3.4.5/test/rubygems/helper.rb:751:in 'Dir.chdir'
    /root/ruby-3.4.5/test/rubygems/helper.rb:751:in 'Gem::TestCase#util_build_gem'
    /root/ruby-3.4.5/test/rubygems/helper.rb:899:in 'Gem::TestCase#util_gem'
    /root/ruby-3.4.5/test/rubygems/utilities.rb:318:in 'block in Gem::TestCase::SpecFetcherSetup#exe
cute_operations'
    /root/ruby-3.4.5/test/rubygems/utilities.rb:314:in 'Array#each'
    /root/ruby-3.4.5/test/rubygems/utilities.rb:314:in 'Gem::TestCase::SpecFetcherSetup#execute_oper
ations'
    /root/ruby-3.4.5/test/rubygems/utilities.rb:306:in 'Gem::TestCase::SpecFetcherSetup#execute'
    /root/ruby-3.4.5/test/rubygems/utilities.rb:275:in 'Gem::TestCase::SpecFetcherSetup.declare'
    /root/ruby-3.4.5/test/rubygems/helper.rb:1359:in 'Gem::TestCase#spec_fetcher'
    /root/ruby-3.4.5/test/rubygems/test_gem_commands_install_command.rb:911:in 'TestGemCommandsInsta
llCommand#test_execute_two_version_specified_by_colon'

204) Error:
TestGemCommandsInstallCommand#test_execute_remote_truncates_existing_gemspecs:
LoadError: cannot load such file -- psych
    <internal:/root/ruby-3.4.5/lib/rubygems/core_ext/kernel_require.rb>:136:in 'Kernel#require'
    <internal:/root/ruby-3.4.5/lib/rubygems/core_ext/kernel_require.rb>:136:in 'Kernel#require'
    /root/ruby-3.4.5/lib/rubygems.rb:621:in 'Gem.load_yaml'
    /root/ruby-3.4.5/lib/rubygems/package.rb:295:in 'Gem::Package#build'
    /root/ruby-3.4.5/lib/rubygems/package.rb:136:in 'Gem::Package.build'
    /root/ruby-3.4.5/test/rubygems/helper.rb:762:in 'block (2 levels) in Gem::TestCase#util_build_ge
m'
    /root/ruby-3.4.5/lib/rubygems/user_interaction.rb:46:in 'Gem::DefaultUserInteraction.use_ui'
    /root/ruby-3.4.5/lib/rubygems/user_interaction.rb:69:in 'Gem::DefaultUserInteraction#use_ui'
    /root/ruby-3.4.5/test/rubygems/helper.rb:761:in 'block in Gem::TestCase#util_build_gem'
    /root/ruby-3.4.5/test/rubygems/helper.rb:751:in 'Dir.chdir'
    /root/ruby-3.4.5/test/rubygems/helper.rb:751:in 'Gem::TestCase#util_build_gem'
    /root/ruby-3.4.5/test/rubygems/helper.rb:899:in 'Gem::TestCase#util_gem'
    /root/ruby-3.4.5/test/rubygems/utilities.rb:318:in 'block in Gem::TestCase::SpecFetcherSetup#exe
cute_operations'
    /root/ruby-3.4.5/test/rubygems/utilities.rb:314:in 'Array#each'
    /root/ruby-3.4.5/test/rubygems/utilities.rb:314:in 'Gem::TestCase::SpecFetcherSetup#execute_oper
ations'
    /root/ruby-3.4.5/test/rubygems/utilities.rb:306:in 'Gem::TestCase::SpecFetcherSetup#execute'
    /root/ruby-3.4.5/test/rubygems/utilities.rb:275:in 'Gem::TestCase::SpecFetcherSetup.declare'
    /root/ruby-3.4.5/test/rubygems/helper.rb:1359:in 'Gem::TestCase#spec_fetcher'
    /root/ruby-3.4.5/test/rubygems/test_gem_commands_install_command.rb:782:in 'TestGemCommandsInsta
llCommand#test_execute_remote_truncates_existing_gemspecs'

205) Error:
TestGemResolverLockSet#test_load_spec:
LoadError: cannot load such file -- psych
    <internal:/root/ruby-3.4.5/lib/rubygems/core_ext/kernel_require.rb>:136:in 'Kernel#require'
    <internal:/root/ruby-3.4.5/lib/rubygems/core_ext/kernel_require.rb>:136:in 'Kernel#require'
    /root/ruby-3.4.5/lib/rubygems.rb:621:in 'Gem.load_yaml'
    /root/ruby-3.4.5/lib/rubygems/specification.rb:1246:in 'Gem::Specification._load'
    /root/ruby-3.4.5/lib/rubygems/safe_marshal/visitors/to_ruby.rb:358:in 'Gem::SafeMarshal::Visitor
s::ToRuby#call_method'
    /root/ruby-3.4.5/lib/rubygems/safe_marshal/visitors/to_ruby.rb:187:in 'Gem::SafeMarshal::Visitor
s::ToRuby#visit_Gem_SafeMarshal_Elements_UserDefined'
    /root/ruby-3.4.5/lib/rubygems/safe_marshal/visitors/visitor.rb:6:in 'Gem::SafeMarshal::Visitors:
:Visitor#visit'
    /root/ruby-3.4.5/lib/rubygems/safe_marshal/visitors/to_ruby.rb:28:in 'Gem::SafeMarshal::Visitors
::ToRuby#visit'
    /root/ruby-3.4.5/lib/rubygems/safe_marshal.rb:71:in 'Gem::SafeMarshal.load'
    /root/ruby-3.4.5/lib/rubygems/safe_marshal.rb:61:in 'Gem::SafeMarshal.safe_load'
    /root/ruby-3.4.5/lib/rubygems/source.rb:162:in 'Gem::Source#fetch_spec'
    /root/ruby-3.4.5/lib/rubygems/source/lock.rb:43:in 'Gem::Source::Lock#fetch_spec'
    /root/ruby-3.4.5/lib/rubygems/resolver/lock_set.rb:63:in 'Gem::Resolver::LockSet#load_spec'
    /root/ruby-3.4.5/test/rubygems/test_gem_resolver_lock_set.rb:52:in 'TestGemResolverLockSet#test_
load_spec'

206) Error:
TestMkmfConvertible#test_typeof_builtin:
RuntimeError: The compiler failed to generate an executable file.
You have to install development tools first.

    /root/ruby-3.4.5/lib/mkmf.rb:528:in 'MakeMakefile#try_do'
    /root/ruby-3.4.5/lib/mkmf.rb:655:in 'MakeMakefile#try_compile'
    /root/ruby-3.4.5/lib/mkmf.rb:777:in 'MakeMakefile#try_static_assert'
    /root/ruby-3.4.5/lib/mkmf.rb:1461:in 'MakeMakefile#try_signedness'
    /root/ruby-3.4.5/lib/mkmf.rb:1558:in 'block in MakeMakefile#convertible_int'
    /root/ruby-3.4.5/lib/mkmf.rb:1070:in 'block in MakeMakefile#checking_for'
    /root/ruby-3.4.5/lib/mkmf.rb:370:in 'block (2 levels) in MakeMakefile::Logging.postpone'
    /root/ruby-3.4.5/lib/mkmf.rb:340:in 'MakeMakefile::Logging.open'
    /root/ruby-3.4.5/lib/mkmf.rb:370:in 'block in MakeMakefile::Logging.postpone'
    /root/ruby-3.4.5/lib/mkmf.rb:340:in 'MakeMakefile::Logging.open'
    /root/ruby-3.4.5/lib/mkmf.rb:366:in 'MakeMakefile::Logging.postpone'
    /root/ruby-3.4.5/lib/mkmf.rb:1069:in 'MakeMakefile#checking_for'
    /root/ruby-3.4.5/lib/mkmf.rb:1547:in 'MakeMakefile#convertible_int'
    /root/ruby-3.4.5/test/mkmf/test_convertible.rb:9:in 'block (3 levels) in TestMkmfConvertible#tes
t_typeof_builtin'
    /root/ruby-3.4.5/test/mkmf/base.rb:133:in 'BasicObject#instance_eval'
    /root/ruby-3.4.5/test/mkmf/base.rb:133:in 'TestMkmf::Base#mkmf'
    /root/ruby-3.4.5/test/mkmf/test_convertible.rb:9:in 'block (2 levels) in TestMkmfConvertible#tes
t_typeof_builtin'
    /root/ruby-3.4.5/test/mkmf/test_convertible.rb:7:in 'Array#each'
    /root/ruby-3.4.5/test/mkmf/test_convertible.rb:7:in 'block in TestMkmfConvertible#test_typeof_bu
iltin'
    /root/ruby-3.4.5/test/mkmf/test_convertible.rb:6:in 'Array#each'
    /root/ruby-3.4.5/test/mkmf/test_convertible.rb:6:in 'TestMkmfConvertible#test_typeof_builtin'

207) Error:
TestMkmfConvertible#test_typeof_typedef:
RuntimeError: The compiler failed to generate an executable file.
You have to install development tools first.

    /root/ruby-3.4.5/lib/mkmf.rb:528:in 'MakeMakefile#try_do'
    /root/ruby-3.4.5/lib/mkmf.rb:655:in 'MakeMakefile#try_compile'
    /root/ruby-3.4.5/lib/mkmf.rb:777:in 'MakeMakefile#try_static_assert'
    /root/ruby-3.4.5/lib/mkmf.rb:1461:in 'MakeMakefile#try_signedness'
    /root/ruby-3.4.5/lib/mkmf.rb:1558:in 'block in MakeMakefile#convertible_int'
    /root/ruby-3.4.5/lib/mkmf.rb:1070:in 'block in MakeMakefile#checking_for'
    /root/ruby-3.4.5/lib/mkmf.rb:370:in 'block (2 levels) in MakeMakefile::Logging.postpone'
    /root/ruby-3.4.5/lib/mkmf.rb:340:in 'MakeMakefile::Logging.open'
    /root/ruby-3.4.5/lib/mkmf.rb:370:in 'block in MakeMakefile::Logging.postpone'
    /root/ruby-3.4.5/lib/mkmf.rb:340:in 'MakeMakefile::Logging.open'
    /root/ruby-3.4.5/lib/mkmf.rb:366:in 'MakeMakefile::Logging.postpone'
    /root/ruby-3.4.5/lib/mkmf.rb:1069:in 'MakeMakefile#checking_for'
    /root/ruby-3.4.5/lib/mkmf.rb:1547:in 'MakeMakefile#convertible_int'
    /root/ruby-3.4.5/test/mkmf/test_convertible.rb:22:in 'block (3 levels) in TestMkmfConvertible#te
st_typeof_typedef'
    /root/ruby-3.4.5/test/mkmf/base.rb:133:in 'BasicObject#instance_eval'
    /root/ruby-3.4.5/test/mkmf/base.rb:133:in 'TestMkmf::Base#mkmf'
    /root/ruby-3.4.5/test/mkmf/test_convertible.rb:22:in 'block (2 levels) in TestMkmfConvertible#te
st_typeof_typedef'
    /root/ruby-3.4.5/test/mkmf/test_convertible.rb:16:in 'Array#each'
    /root/ruby-3.4.5/test/mkmf/test_convertible.rb:16:in 'block in TestMkmfConvertible#test_typeof_t
ypedef'
    /root/ruby-3.4.5/test/mkmf/test_convertible.rb:15:in 'Array#each'
    /root/ruby-3.4.5/test/mkmf/test_convertible.rb:15:in 'TestMkmfConvertible#test_typeof_typedef'

208) Error:
TestGemCommandsInstallCommand#test_execute_required_rubygems_version_wrong:
LoadError: cannot load such file -- psych
    <internal:/root/ruby-3.4.5/lib/rubygems/core_ext/kernel_require.rb>:136:in 'Kernel#require'
    <internal:/root/ruby-3.4.5/lib/rubygems/core_ext/kernel_require.rb>:136:in 'Kernel#require'
    /root/ruby-3.4.5/lib/rubygems.rb:621:in 'Gem.load_yaml'
    /root/ruby-3.4.5/lib/rubygems/package.rb:295:in 'Gem::Package#build'
    /root/ruby-3.4.5/lib/rubygems/package.rb:136:in 'Gem::Package.build'
    /root/ruby-3.4.5/test/rubygems/helper.rb:762:in 'block (2 levels) in Gem::TestCase#util_build_ge
m'
    /root/ruby-3.4.5/lib/rubygems/user_interaction.rb:46:in 'Gem::DefaultUserInteraction.use_ui'
    /root/ruby-3.4.5/lib/rubygems/user_interaction.rb:69:in 'Gem::DefaultUserInteraction#use_ui'
    /root/ruby-3.4.5/test/rubygems/helper.rb:761:in 'block in Gem::TestCase#util_build_gem'
    /root/ruby-3.4.5/test/rubygems/helper.rb:751:in 'Dir.chdir'
    /root/ruby-3.4.5/test/rubygems/helper.rb:751:in 'Gem::TestCase#util_build_gem'
    /root/ruby-3.4.5/test/rubygems/helper.rb:899:in 'Gem::TestCase#util_gem'
    /root/ruby-3.4.5/test/rubygems/utilities.rb:318:in 'block in Gem::TestCase::SpecFetcherSetup#exe
cute_operations'
    /root/ruby-3.4.5/test/rubygems/utilities.rb:314:in 'Array#each'
    /root/ruby-3.4.5/test/rubygems/utilities.rb:314:in 'Gem::TestCase::SpecFetcherSetup#execute_oper
ations'
    /root/ruby-3.4.5/test/rubygems/utilities.rb:306:in 'Gem::TestCase::SpecFetcherSetup#execute'
    /root/ruby-3.4.5/test/rubygems/utilities.rb:275:in 'Gem::TestCase::SpecFetcherSetup.declare'
    /root/ruby-3.4.5/test/rubygems/helper.rb:1359:in 'Gem::TestCase#spec_fetcher'
    /root/ruby-3.4.5/test/rubygems/test_gem_commands_install_command.rb:615:in 'TestGemCommandsInsta
llCommand#test_execute_required_rubygems_version_wrong'

209) Error:
TestGemCommandsInstallCommand#test_execute_saves_build_args:
LoadError: cannot load such file -- psych
    <internal:/root/ruby-3.4.5/lib/rubygems/core_ext/kernel_require.rb>:136:in 'Kernel#require'
    <internal:/root/ruby-3.4.5/lib/rubygems/core_ext/kernel_require.rb>:136:in 'Kernel#require'
    /root/ruby-3.4.5/lib/rubygems.rb:621:in 'Gem.load_yaml'
    /root/ruby-3.4.5/lib/rubygems/package.rb:295:in 'Gem::Package#build'
    /root/ruby-3.4.5/lib/rubygems/package.rb:136:in 'Gem::Package.build'
    /root/ruby-3.4.5/test/rubygems/helper.rb:762:in 'block (2 levels) in Gem::TestCase#util_build_ge
m'
    /root/ruby-3.4.5/lib/rubygems/user_interaction.rb:46:in 'Gem::DefaultUserInteraction.use_ui'
    /root/ruby-3.4.5/lib/rubygems/user_interaction.rb:69:in 'Gem::DefaultUserInteraction#use_ui'
    /root/ruby-3.4.5/test/rubygems/helper.rb:761:in 'block in Gem::TestCase#util_build_gem'
    /root/ruby-3.4.5/test/rubygems/helper.rb:751:in 'Dir.chdir'
    /root/ruby-3.4.5/test/rubygems/helper.rb:751:in 'Gem::TestCase#util_build_gem'
    /root/ruby-3.4.5/test/rubygems/helper.rb:899:in 'Gem::TestCase#util_gem'
    /root/ruby-3.4.5/test/rubygems/utilities.rb:318:in 'block in Gem::TestCase::SpecFetcherSetup#exe
cute_operations'
    /root/ruby-3.4.5/test/rubygems/utilities.rb:314:in 'Array#each'
    /root/ruby-3.4.5/test/rubygems/utilities.rb:314:in 'Gem::TestCase::SpecFetcherSetup#execute_oper
ations'
    /root/ruby-3.4.5/test/rubygems/utilities.rb:306:in 'Gem::TestCase::SpecFetcherSetup#execute'
    /root/ruby-3.4.5/test/rubygems/utilities.rb:275:in 'Gem::TestCase::SpecFetcherSetup.declare'
    /root/ruby-3.4.5/test/rubygems/helper.rb:1359:in 'Gem::TestCase#spec_fetcher'
    /root/ruby-3.4.5/test/rubygems/test_gem_commands_install_command.rb:707:in 'TestGemCommandsInsta
llCommand#test_execute_saves_build_args'

210) Error:
TestGemCommandsInstallCommand#test_execute_uses_deps_a_gemdeps_with_a_path:
LoadError: cannot load such file -- psych
    <internal:/root/ruby-3.4.5/lib/rubygems/core_ext/kernel_require.rb>:136:in 'Kernel#require'
    <internal:/root/ruby-3.4.5/lib/rubygems/core_ext/kernel_require.rb>:136:in 'Kernel#require'
    /root/ruby-3.4.5/lib/rubygems.rb:621:in 'Gem.load_yaml'
    /root/ruby-3.4.5/lib/rubygems/package.rb:295:in 'Gem::Package#build'
    /root/ruby-3.4.5/lib/rubygems/package.rb:136:in 'Gem::Package.build'
    /root/ruby-3.4.5/test/rubygems/helper.rb:762:in 'block (2 levels) in Gem::TestCase#util_build_ge
m'
    /root/ruby-3.4.5/lib/rubygems/user_interaction.rb:46:in 'Gem::DefaultUserInteraction.use_ui'
    /root/ruby-3.4.5/lib/rubygems/user_interaction.rb:69:in 'Gem::DefaultUserInteraction#use_ui'
    /root/ruby-3.4.5/test/rubygems/helper.rb:761:in 'block in Gem::TestCase#util_build_gem'
    /root/ruby-3.4.5/test/rubygems/helper.rb:751:in 'Dir.chdir'
    /root/ruby-3.4.5/test/rubygems/helper.rb:751:in 'Gem::TestCase#util_build_gem'
    /root/ruby-3.4.5/test/rubygems/helper.rb:899:in 'Gem::TestCase#util_gem'
    /root/ruby-3.4.5/test/rubygems/utilities.rb:318:in 'block in Gem::TestCase::SpecFetcherSetup#exe
cute_operations'
    /root/ruby-3.4.5/test/rubygems/utilities.rb:314:in 'Array#each'
    /root/ruby-3.4.5/test/rubygems/utilities.rb:314:in 'Gem::TestCase::SpecFetcherSetup#execute_oper
ations'
    /root/ruby-3.4.5/test/rubygems/utilities.rb:306:in 'Gem::TestCase::SpecFetcherSetup#execute'
    /root/ruby-3.4.5/test/rubygems/utilities.rb:275:in 'Gem::TestCase::SpecFetcherSetup.declare'
    /root/ruby-3.4.5/test/rubygems/helper.rb:1359:in 'Gem::TestCase#spec_fetcher'
    /root/ruby-3.4.5/test/rubygems/test_gem_commands_install_command.rb:1333:in 'TestGemCommandsInst
allCommand#test_execute_uses_deps_a_gemdeps_with_a_path'

211) Error:
TestGemCommandsInstallCommand#test_execute_two:
LoadError: cannot load such file -- psych
    <internal:/root/ruby-3.4.5/lib/rubygems/core_ext/kernel_require.rb>:136:in 'Kernel#require'
    <internal:/root/ruby-3.4.5/lib/rubygems/core_ext/kernel_require.rb>:136:in 'Kernel#require'
    /root/ruby-3.4.5/lib/rubygems.rb:621:in 'Gem.load_yaml'
    /root/ruby-3.4.5/lib/rubygems/package.rb:295:in 'Gem::Package#build'
    /root/ruby-3.4.5/lib/rubygems/package.rb:136:in 'Gem::Package.build'
    /root/ruby-3.4.5/test/rubygems/helper.rb:762:in 'block (2 levels) in Gem::TestCase#util_build_ge
m'
    /root/ruby-3.4.5/lib/rubygems/user_interaction.rb:46:in 'Gem::DefaultUserInteraction.use_ui'
    /root/ruby-3.4.5/lib/rubygems/user_interaction.rb:69:in 'Gem::DefaultUserInteraction#use_ui'
    /root/ruby-3.4.5/test/rubygems/helper.rb:761:in 'block in Gem::TestCase#util_build_gem'
    /root/ruby-3.4.5/test/rubygems/helper.rb:751:in 'Dir.chdir'
    /root/ruby-3.4.5/test/rubygems/helper.rb:751:in 'Gem::TestCase#util_build_gem'
    /root/ruby-3.4.5/test/rubygems/helper.rb:899:in 'Gem::TestCase#util_gem'
    /root/ruby-3.4.5/test/rubygems/utilities.rb:318:in 'block in Gem::TestCase::SpecFetcherSetup#exe
cute_operations'
    /root/ruby-3.4.5/test/rubygems/utilities.rb:314:in 'Array#each'
    /root/ruby-3.4.5/test/rubygems/utilities.rb:314:in 'Gem::TestCase::SpecFetcherSetup#execute_oper
ations'
    /root/ruby-3.4.5/test/rubygems/utilities.rb:306:in 'Gem::TestCase::SpecFetcherSetup#execute'
    /root/ruby-3.4.5/test/rubygems/utilities.rb:275:in 'Gem::TestCase::SpecFetcherSetup.declare'
    /root/ruby-3.4.5/test/rubygems/helper.rb:1359:in 'Gem::TestCase#spec_fetcher'
    /root/ruby-3.4.5/test/rubygems/test_gem_commands_install_command.rb:860:in 'TestGemCommandsInsta
llCommand#test_execute_two'

212) Error:
TestGemCommandsInstallCommand#test_execute_local_transitive_prerelease:
LoadError: cannot load such file -- psych
    <internal:/root/ruby-3.4.5/lib/rubygems/core_ext/kernel_require.rb>:136:in 'Kernel#require'
    <internal:/root/ruby-3.4.5/lib/rubygems/core_ext/kernel_require.rb>:136:in 'Kernel#require'
    /root/ruby-3.4.5/lib/rubygems.rb:621:in 'Gem.load_yaml'
    /root/ruby-3.4.5/lib/rubygems/package.rb:295:in 'Gem::Package#build'
    /root/ruby-3.4.5/lib/rubygems/package.rb:136:in 'Gem::Package.build'
    /root/ruby-3.4.5/test/rubygems/helper.rb:762:in 'block (2 levels) in Gem::TestCase#util_build_ge
m'
    /root/ruby-3.4.5/lib/rubygems/user_interaction.rb:46:in 'Gem::DefaultUserInteraction.use_ui'
    /root/ruby-3.4.5/lib/rubygems/user_interaction.rb:69:in 'Gem::DefaultUserInteraction#use_ui'
    /root/ruby-3.4.5/test/rubygems/helper.rb:761:in 'block in Gem::TestCase#util_build_gem'
    /root/ruby-3.4.5/test/rubygems/helper.rb:751:in 'Dir.chdir'
    /root/ruby-3.4.5/test/rubygems/helper.rb:751:in 'Gem::TestCase#util_build_gem'
    /root/ruby-3.4.5/test/rubygems/helper.rb:899:in 'Gem::TestCase#util_gem'
    /root/ruby-3.4.5/test/rubygems/utilities.rb:325:in 'block in Gem::TestCase::SpecFetcherSetup#exe
cute_operations'
    /root/ruby-3.4.5/test/rubygems/utilities.rb:314:in 'Array#each'
    /root/ruby-3.4.5/test/rubygems/utilities.rb:314:in 'Gem::TestCase::SpecFetcherSetup#execute_oper
ations'
    /root/ruby-3.4.5/test/rubygems/utilities.rb:306:in 'Gem::TestCase::SpecFetcherSetup#execute'
    /root/ruby-3.4.5/test/rubygems/utilities.rb:275:in 'Gem::TestCase::SpecFetcherSetup.declare'
    /root/ruby-3.4.5/test/rubygems/helper.rb:1359:in 'Gem::TestCase#spec_fetcher'
    /root/ruby-3.4.5/test/rubygems/test_gem_commands_install_command.rb:157:in 'TestGemCommandsInsta
llCommand#test_execute_local_transitive_prerelease'

213) Error:
TestGemCommandsInstallCommand#test_execute_required_ruby_version_specific_prerelease_not_met:
LoadError: cannot load such file -- psych
    <internal:/root/ruby-3.4.5/lib/rubygems/core_ext/kernel_require.rb>:136:in 'Kernel#require'
    <internal:/root/ruby-3.4.5/lib/rubygems/core_ext/kernel_require.rb>:136:in 'Kernel#require'
    /root/ruby-3.4.5/lib/rubygems.rb:621:in 'Gem.load_yaml'
    /root/ruby-3.4.5/lib/rubygems/package.rb:295:in 'Gem::Package#build'
    /root/ruby-3.4.5/lib/rubygems/package.rb:136:in 'Gem::Package.build'
    /root/ruby-3.4.5/test/rubygems/helper.rb:762:in 'block (2 levels) in Gem::TestCase#util_build_ge
m'
    /root/ruby-3.4.5/lib/rubygems/user_interaction.rb:46:in 'Gem::DefaultUserInteraction.use_ui'
    /root/ruby-3.4.5/lib/rubygems/user_interaction.rb:69:in 'Gem::DefaultUserInteraction#use_ui'
    /root/ruby-3.4.5/test/rubygems/helper.rb:761:in 'block in Gem::TestCase#util_build_gem'
    /root/ruby-3.4.5/test/rubygems/helper.rb:751:in 'Dir.chdir'
    /root/ruby-3.4.5/test/rubygems/helper.rb:751:in 'Gem::TestCase#util_build_gem'
    /root/ruby-3.4.5/test/rubygems/helper.rb:899:in 'Gem::TestCase#util_gem'
    /root/ruby-3.4.5/test/rubygems/utilities.rb:318:in 'block in Gem::TestCase::SpecFetcherSetup#exe
cute_operations'
    /root/ruby-3.4.5/test/rubygems/utilities.rb:314:in 'Array#each'
    /root/ruby-3.4.5/test/rubygems/utilities.rb:314:in 'Gem::TestCase::SpecFetcherSetup#execute_oper
ations'
    /root/ruby-3.4.5/test/rubygems/utilities.rb:306:in 'Gem::TestCase::SpecFetcherSetup#execute'
    /root/ruby-3.4.5/test/rubygems/utilities.rb:275:in 'Gem::TestCase::SpecFetcherSetup.declare'
    /root/ruby-3.4.5/test/rubygems/helper.rb:1359:in 'Gem::TestCase#spec_fetcher'
    /root/ruby-3.4.5/test/rubygems/test_gem_commands_install_command.rb:595:in 'TestGemCommandsInsta
llCommand#test_execute_required_ruby_version_specific_prerelease_not_met'

214) Error:
TestGemCommandsInstallCommand#test_install_gem_ignore_dependencies_specific_file:
LoadError: cannot load such file -- psych
    <internal:/root/ruby-3.4.5/lib/rubygems/core_ext/kernel_require.rb>:136:in 'Kernel#require'
    <internal:/root/ruby-3.4.5/lib/rubygems/core_ext/kernel_require.rb>:136:in 'Kernel#require'
    /root/ruby-3.4.5/lib/rubygems.rb:621:in 'Gem.load_yaml'
    /root/ruby-3.4.5/lib/rubygems/package.rb:295:in 'Gem::Package#build'
    /root/ruby-3.4.5/lib/rubygems/package.rb:136:in 'Gem::Package.build'
    /root/ruby-3.4.5/test/rubygems/helper.rb:762:in 'block (2 levels) in Gem::TestCase#util_build_ge
m'
    /root/ruby-3.4.5/lib/rubygems/user_interaction.rb:46:in 'Gem::DefaultUserInteraction.use_ui'
    /root/ruby-3.4.5/lib/rubygems/user_interaction.rb:69:in 'Gem::DefaultUserInteraction#use_ui'
    /root/ruby-3.4.5/test/rubygems/helper.rb:761:in 'block in Gem::TestCase#util_build_gem'
    /root/ruby-3.4.5/test/rubygems/helper.rb:751:in 'Dir.chdir'
    /root/ruby-3.4.5/test/rubygems/helper.rb:751:in 'Gem::TestCase#util_build_gem'
    /root/ruby-3.4.5/test/rubygems/test_gem_commands_install_command.rb:1011:in 'TestGemCommandsInst
allCommand#test_install_gem_ignore_dependencies_specific_file'

215) Error:
TestGemCommandsInstallCommand#test_parses_requirement_from_gemname:
LoadError: cannot load such file -- psych
    <internal:/root/ruby-3.4.5/lib/rubygems/core_ext/kernel_require.rb>:136:in 'Kernel#require'
    <internal:/root/ruby-3.4.5/lib/rubygems/core_ext/kernel_require.rb>:136:in 'Kernel#require'
    /root/ruby-3.4.5/lib/rubygems.rb:621:in 'Gem.load_yaml'
    /root/ruby-3.4.5/lib/rubygems/package.rb:295:in 'Gem::Package#build'
    /root/ruby-3.4.5/lib/rubygems/package.rb:136:in 'Gem::Package.build'
    /root/ruby-3.4.5/test/rubygems/helper.rb:762:in 'block (2 levels) in Gem::TestCase#util_build_ge
m'
    /root/ruby-3.4.5/lib/rubygems/user_interaction.rb:46:in 'Gem::DefaultUserInteraction.use_ui'
    /root/ruby-3.4.5/lib/rubygems/user_interaction.rb:69:in 'Gem::DefaultUserInteraction#use_ui'
    /root/ruby-3.4.5/test/rubygems/helper.rb:761:in 'block in Gem::TestCase#util_build_gem'
    /root/ruby-3.4.5/test/rubygems/helper.rb:751:in 'Dir.chdir'
    /root/ruby-3.4.5/test/rubygems/helper.rb:751:in 'Gem::TestCase#util_build_gem'
    /root/ruby-3.4.5/test/rubygems/helper.rb:899:in 'Gem::TestCase#util_gem'
    /root/ruby-3.4.5/test/rubygems/utilities.rb:318:in 'block in Gem::TestCase::SpecFetcherSetup#exe
cute_operations'
    /root/ruby-3.4.5/test/rubygems/utilities.rb:314:in 'Array#each'
    /root/ruby-3.4.5/test/rubygems/utilities.rb:314:in 'Gem::TestCase::SpecFetcherSetup#execute_oper
ations'
    /root/ruby-3.4.5/test/rubygems/utilities.rb:306:in 'Gem::TestCase::SpecFetcherSetup#execute'
    /root/ruby-3.4.5/test/rubygems/utilities.rb:275:in 'Gem::TestCase::SpecFetcherSetup.declare'
    /root/ruby-3.4.5/test/rubygems/helper.rb:1359:in 'Gem::TestCase#spec_fetcher'
    /root/ruby-3.4.5/test/rubygems/test_gem_commands_install_command.rb:1023:in 'TestGemCommandsInst
allCommand#test_parses_requirement_from_gemname'

216) Error:
TestGemCommandsInstallCommand#test_execute_conservative:
LoadError: cannot load such file -- psych
    <internal:/root/ruby-3.4.5/lib/rubygems/core_ext/kernel_require.rb>:136:in 'Kernel#require'
    <internal:/root/ruby-3.4.5/lib/rubygems/core_ext/kernel_require.rb>:136:in 'Kernel#require'
    /root/ruby-3.4.5/lib/rubygems.rb:621:in 'Gem.load_yaml'
    /root/ruby-3.4.5/lib/rubygems/package.rb:295:in 'Gem::Package#build'
    /root/ruby-3.4.5/lib/rubygems/package.rb:136:in 'Gem::Package.build'
    /root/ruby-3.4.5/test/rubygems/helper.rb:762:in 'block (2 levels) in Gem::TestCase#util_build_ge
m'
    /root/ruby-3.4.5/lib/rubygems/user_interaction.rb:46:in 'Gem::DefaultUserInteraction.use_ui'
    /root/ruby-3.4.5/lib/rubygems/user_interaction.rb:69:in 'Gem::DefaultUserInteraction#use_ui'
    /root/ruby-3.4.5/test/rubygems/helper.rb:761:in 'block in Gem::TestCase#util_build_gem'
    /root/ruby-3.4.5/test/rubygems/helper.rb:751:in 'Dir.chdir'
    /root/ruby-3.4.5/test/rubygems/helper.rb:751:in 'Gem::TestCase#util_build_gem'
    /root/ruby-3.4.5/test/rubygems/helper.rb:899:in 'Gem::TestCase#util_gem'
    /root/ruby-3.4.5/test/rubygems/utilities.rb:325:in 'block in Gem::TestCase::SpecFetcherSetup#exe
cute_operations'
    /root/ruby-3.4.5/test/rubygems/utilities.rb:314:in 'Array#each'
    /root/ruby-3.4.5/test/rubygems/utilities.rb:314:in 'Gem::TestCase::SpecFetcherSetup#execute_oper
ations'
    /root/ruby-3.4.5/test/rubygems/utilities.rb:306:in 'Gem::TestCase::SpecFetcherSetup#execute'
    /root/ruby-3.4.5/test/rubygems/utilities.rb:275:in 'Gem::TestCase::SpecFetcherSetup.declare'
    /root/ruby-3.4.5/test/rubygems/helper.rb:1359:in 'Gem::TestCase#spec_fetcher'
    /root/ruby-3.4.5/test/rubygems/test_gem_commands_install_command.rb:930:in 'TestGemCommandsInsta
llCommand#test_execute_conservative'

217) Error:
TestGemCommandsInstallCommand#test_execute_remote_ignores_files:
LoadError: cannot load such file -- psych
    <internal:/root/ruby-3.4.5/lib/rubygems/core_ext/kernel_require.rb>:136:in 'Kernel#require'
    <internal:/root/ruby-3.4.5/lib/rubygems/core_ext/kernel_require.rb>:136:in 'Kernel#require'
    /root/ruby-3.4.5/lib/rubygems.rb:621:in 'Gem.load_yaml'
    /root/ruby-3.4.5/lib/rubygems/package.rb:295:in 'Gem::Package#build'
    /root/ruby-3.4.5/lib/rubygems/package.rb:136:in 'Gem::Package.build'
    /root/ruby-3.4.5/test/rubygems/helper.rb:762:in 'block (2 levels) in Gem::TestCase#util_build_ge
m'
    /root/ruby-3.4.5/lib/rubygems/user_interaction.rb:46:in 'Gem::DefaultUserInteraction.use_ui'
    /root/ruby-3.4.5/lib/rubygems/user_interaction.rb:69:in 'Gem::DefaultUserInteraction#use_ui'
    /root/ruby-3.4.5/test/rubygems/helper.rb:761:in 'block in Gem::TestCase#util_build_gem'
    /root/ruby-3.4.5/test/rubygems/helper.rb:751:in 'Dir.chdir'
    /root/ruby-3.4.5/test/rubygems/helper.rb:751:in 'Gem::TestCase#util_build_gem'
    /root/ruby-3.4.5/test/rubygems/helper.rb:899:in 'Gem::TestCase#util_gem'
    /root/ruby-3.4.5/test/rubygems/utilities.rb:318:in 'block in Gem::TestCase::SpecFetcherSetup#exe
cute_operations'
    /root/ruby-3.4.5/test/rubygems/utilities.rb:314:in 'Array#each'
    /root/ruby-3.4.5/test/rubygems/utilities.rb:314:in 'Gem::TestCase::SpecFetcherSetup#execute_oper
ations'
    /root/ruby-3.4.5/test/rubygems/utilities.rb:306:in 'Gem::TestCase::SpecFetcherSetup#execute'
    /root/ruby-3.4.5/test/rubygems/utilities.rb:275:in 'Gem::TestCase::SpecFetcherSetup.declare'
    /root/ruby-3.4.5/test/rubygems/helper.rb:1359:in 'Gem::TestCase#spec_fetcher'
    /root/ruby-3.4.5/test/rubygems/test_gem_commands_install_command.rb:815:in 'TestGemCommandsInsta
llCommand#test_execute_remote_ignores_files'

218) Error:
TestGemCommandsInstallCommand#test_execute_installs_deps_a_gemdeps:
LoadError: cannot load such file -- psych
    <internal:/root/ruby-3.4.5/lib/rubygems/core_ext/kernel_require.rb>:136:in 'Kernel#require'
    <internal:/root/ruby-3.4.5/lib/rubygems/core_ext/kernel_require.rb>:136:in 'Kernel#require'
    /root/ruby-3.4.5/lib/rubygems.rb:621:in 'Gem.load_yaml'
    /root/ruby-3.4.5/lib/rubygems/package.rb:295:in 'Gem::Package#build'
    /root/ruby-3.4.5/lib/rubygems/package.rb:136:in 'Gem::Package.build'
    /root/ruby-3.4.5/test/rubygems/helper.rb:762:in 'block (2 levels) in Gem::TestCase#util_build_ge
m'
    /root/ruby-3.4.5/lib/rubygems/user_interaction.rb:46:in 'Gem::DefaultUserInteraction.use_ui'
    /root/ruby-3.4.5/lib/rubygems/user_interaction.rb:69:in 'Gem::DefaultUserInteraction#use_ui'
    /root/ruby-3.4.5/test/rubygems/helper.rb:761:in 'block in Gem::TestCase#util_build_gem'
    /root/ruby-3.4.5/test/rubygems/helper.rb:751:in 'Dir.chdir'
    /root/ruby-3.4.5/test/rubygems/helper.rb:751:in 'Gem::TestCase#util_build_gem'
    /root/ruby-3.4.5/test/rubygems/helper.rb:899:in 'Gem::TestCase#util_gem'
    /root/ruby-3.4.5/test/rubygems/utilities.rb:325:in 'block in Gem::TestCase::SpecFetcherSetup#exe
cute_operations'
    /root/ruby-3.4.5/test/rubygems/utilities.rb:314:in 'Array#each'
    /root/ruby-3.4.5/test/rubygems/utilities.rb:314:in 'Gem::TestCase::SpecFetcherSetup#execute_oper
ations'
    /root/ruby-3.4.5/test/rubygems/utilities.rb:306:in 'Gem::TestCase::SpecFetcherSetup#execute'
    /root/ruby-3.4.5/test/rubygems/utilities.rb:275:in 'Gem::TestCase::SpecFetcherSetup.declare'
    /root/ruby-3.4.5/test/rubygems/helper.rb:1359:in 'Gem::TestCase#spec_fetcher'
    /root/ruby-3.4.5/test/rubygems/test_gem_commands_install_command.rb:1218:in 'TestGemCommandsInst
allCommand#test_execute_installs_deps_a_gemdeps'

219) Error:
TestGemCommandsInstallCommand#test_install_gem_ignore_dependencies_remote:
LoadError: cannot load such file -- psych
    <internal:/root/ruby-3.4.5/lib/rubygems/core_ext/kernel_require.rb>:136:in 'Kernel#require'
    <internal:/root/ruby-3.4.5/lib/rubygems/core_ext/kernel_require.rb>:136:in 'Kernel#require'
    /root/ruby-3.4.5/lib/rubygems.rb:621:in 'Gem.load_yaml'
    /root/ruby-3.4.5/lib/rubygems/package.rb:295:in 'Gem::Package#build'
    /root/ruby-3.4.5/lib/rubygems/package.rb:136:in 'Gem::Package.build'
    /root/ruby-3.4.5/test/rubygems/helper.rb:762:in 'block (2 levels) in Gem::TestCase#util_build_ge
m'
    /root/ruby-3.4.5/lib/rubygems/user_interaction.rb:46:in 'Gem::DefaultUserInteraction.use_ui'
    /root/ruby-3.4.5/lib/rubygems/user_interaction.rb:69:in 'Gem::DefaultUserInteraction#use_ui'
    /root/ruby-3.4.5/test/rubygems/helper.rb:761:in 'block in Gem::TestCase#util_build_gem'
    /root/ruby-3.4.5/test/rubygems/helper.rb:751:in 'Dir.chdir'
    /root/ruby-3.4.5/test/rubygems/helper.rb:751:in 'Gem::TestCase#util_build_gem'
    /root/ruby-3.4.5/test/rubygems/helper.rb:899:in 'Gem::TestCase#util_gem'
    /root/ruby-3.4.5/test/rubygems/utilities.rb:318:in 'block in Gem::TestCase::SpecFetcherSetup#exe
cute_operations'
    /root/ruby-3.4.5/test/rubygems/utilities.rb:314:in 'Array#each'
    /root/ruby-3.4.5/test/rubygems/utilities.rb:314:in 'Gem::TestCase::SpecFetcherSetup#execute_oper
ations'
    /root/ruby-3.4.5/test/rubygems/utilities.rb:306:in 'Gem::TestCase::SpecFetcherSetup#execute'
    /root/ruby-3.4.5/test/rubygems/utilities.rb:275:in 'Gem::TestCase::SpecFetcherSetup.declare'
    /root/ruby-3.4.5/test/rubygems/helper.rb:1359:in 'Gem::TestCase#spec_fetcher'
    /root/ruby-3.4.5/test/rubygems/test_gem_commands_install_command.rb:980:in 'TestGemCommandsInsta
llCommand#test_install_gem_ignore_dependencies_remote'

220) Error:
TestGemCommandsInstallCommand#test_redact_credentials_from_uri_on_warning:
LoadError: cannot load such file -- psych
    <internal:/root/ruby-3.4.5/lib/rubygems/core_ext/kernel_require.rb>:136:in 'Kernel#require'
    <internal:/root/ruby-3.4.5/lib/rubygems/core_ext/kernel_require.rb>:136:in 'Kernel#require'
    /root/ruby-3.4.5/lib/rubygems.rb:621:in 'Gem.load_yaml'
    /root/ruby-3.4.5/lib/rubygems/package.rb:295:in 'Gem::Package#build'
    /root/ruby-3.4.5/lib/rubygems/package.rb:136:in 'Gem::Package.build'
    /root/ruby-3.4.5/test/rubygems/helper.rb:762:in 'block (2 levels) in Gem::TestCase#util_build_ge
m'
    /root/ruby-3.4.5/lib/rubygems/user_interaction.rb:46:in 'Gem::DefaultUserInteraction.use_ui'
    /root/ruby-3.4.5/lib/rubygems/user_interaction.rb:69:in 'Gem::DefaultUserInteraction#use_ui'
    /root/ruby-3.4.5/test/rubygems/helper.rb:761:in 'block in Gem::TestCase#util_build_gem'
    /root/ruby-3.4.5/test/rubygems/helper.rb:751:in 'Dir.chdir'
    /root/ruby-3.4.5/test/rubygems/helper.rb:751:in 'Gem::TestCase#util_build_gem'
    /root/ruby-3.4.5/test/rubygems/helper.rb:899:in 'Gem::TestCase#util_gem'
    /root/ruby-3.4.5/test/rubygems/utilities.rb:325:in 'block in Gem::TestCase::SpecFetcherSetup#exe
cute_operations'
    /root/ruby-3.4.5/test/rubygems/utilities.rb:314:in 'Array#each'
    /root/ruby-3.4.5/test/rubygems/utilities.rb:314:in 'Gem::TestCase::SpecFetcherSetup#execute_oper
ations'
    /root/ruby-3.4.5/test/rubygems/utilities.rb:306:in 'Gem::TestCase::SpecFetcherSetup#execute'
    /root/ruby-3.4.5/test/rubygems/utilities.rb:275:in 'Gem::TestCase::SpecFetcherSetup.declare'
    /root/ruby-3.4.5/test/rubygems/helper.rb:1359:in 'Gem::TestCase#spec_fetcher'
    /root/ruby-3.4.5/test/rubygems/test_gem_commands_install_command.rb:1100:in 'TestGemCommandsInst
allCommand#test_redact_credentials_from_uri_on_warning'

221) Error:
TestGemCommandsInstallCommand#test_execute_exclude_prerelease:
LoadError: cannot load such file -- psych
    <internal:/root/ruby-3.4.5/lib/rubygems/core_ext/kernel_require.rb>:136:in 'Kernel#require'
    <internal:/root/ruby-3.4.5/lib/rubygems/core_ext/kernel_require.rb>:136:in 'Kernel#require'
    /root/ruby-3.4.5/lib/rubygems.rb:621:in 'Gem.load_yaml'
    /root/ruby-3.4.5/lib/rubygems/package.rb:295:in 'Gem::Package#build'
    /root/ruby-3.4.5/lib/rubygems/package.rb:136:in 'Gem::Package.build'
    /root/ruby-3.4.5/test/rubygems/helper.rb:762:in 'block (2 levels) in Gem::TestCase#util_build_ge
m'
    /root/ruby-3.4.5/lib/rubygems/user_interaction.rb:46:in 'Gem::DefaultUserInteraction.use_ui'
    /root/ruby-3.4.5/lib/rubygems/user_interaction.rb:69:in 'Gem::DefaultUserInteraction#use_ui'
    /root/ruby-3.4.5/test/rubygems/helper.rb:761:in 'block in Gem::TestCase#util_build_gem'
    /root/ruby-3.4.5/test/rubygems/helper.rb:751:in 'Dir.chdir'
    /root/ruby-3.4.5/test/rubygems/helper.rb:751:in 'Gem::TestCase#util_build_gem'
    /root/ruby-3.4.5/test/rubygems/helper.rb:899:in 'Gem::TestCase#util_gem'
    /root/ruby-3.4.5/test/rubygems/utilities.rb:318:in 'block in Gem::TestCase::SpecFetcherSetup#exe
cute_operations'
    /root/ruby-3.4.5/test/rubygems/utilities.rb:314:in 'Array#each'
    /root/ruby-3.4.5/test/rubygems/utilities.rb:314:in 'Gem::TestCase::SpecFetcherSetup#execute_oper
ations'
    /root/ruby-3.4.5/test/rubygems/utilities.rb:306:in 'Gem::TestCase::SpecFetcherSetup#execute'
    /root/ruby-3.4.5/test/rubygems/utilities.rb:275:in 'Gem::TestCase::SpecFetcherSetup.declare'
    /root/ruby-3.4.5/test/rubygems/helper.rb:1359:in 'Gem::TestCase#spec_fetcher'
    /root/ruby-3.4.5/test/rubygems/test_gem_commands_install_command.rb:32:in 'TestGemCommandsInstal
lCommand#test_execute_exclude_prerelease'

222) Error:
TestGemCommandsInstallCommand#test_show_source_problems_even_on_success:
LoadError: cannot load such file -- psych
    <internal:/root/ruby-3.4.5/lib/rubygems/core_ext/kernel_require.rb>:136:in 'Kernel#require'
    <internal:/root/ruby-3.4.5/lib/rubygems/core_ext/kernel_require.rb>:136:in 'Kernel#require'
    /root/ruby-3.4.5/lib/rubygems.rb:621:in 'Gem.load_yaml'
    /root/ruby-3.4.5/lib/rubygems/package.rb:295:in 'Gem::Package#build'
    /root/ruby-3.4.5/lib/rubygems/package.rb:136:in 'Gem::Package.build'
    /root/ruby-3.4.5/test/rubygems/helper.rb:762:in 'block (2 levels) in Gem::TestCase#util_build_ge
m'
    /root/ruby-3.4.5/lib/rubygems/user_interaction.rb:46:in 'Gem::DefaultUserInteraction.use_ui'
    /root/ruby-3.4.5/lib/rubygems/user_interaction.rb:69:in 'Gem::DefaultUserInteraction#use_ui'
    /root/ruby-3.4.5/test/rubygems/helper.rb:761:in 'block in Gem::TestCase#util_build_gem'
    /root/ruby-3.4.5/test/rubygems/helper.rb:751:in 'Dir.chdir'
    /root/ruby-3.4.5/test/rubygems/helper.rb:751:in 'Gem::TestCase#util_build_gem'
    /root/ruby-3.4.5/test/rubygems/helper.rb:899:in 'Gem::TestCase#util_gem'
    /root/ruby-3.4.5/test/rubygems/utilities.rb:325:in 'block in Gem::TestCase::SpecFetcherSetup#exe
cute_operations'
    /root/ruby-3.4.5/test/rubygems/utilities.rb:314:in 'Array#each'
    /root/ruby-3.4.5/test/rubygems/utilities.rb:314:in 'Gem::TestCase::SpecFetcherSetup#execute_oper
ations'
    /root/ruby-3.4.5/test/rubygems/utilities.rb:306:in 'Gem::TestCase::SpecFetcherSetup#execute'
    /root/ruby-3.4.5/test/rubygems/utilities.rb:275:in 'Gem::TestCase::SpecFetcherSetup.declare'
    /root/ruby-3.4.5/test/rubygems/helper.rb:1359:in 'Gem::TestCase#spec_fetcher'
    /root/ruby-3.4.5/test/rubygems/test_gem_commands_install_command.rb:1075:in 'TestGemCommandsInst
allCommand#test_show_source_problems_even_on_success'

223) Error:
TestGemCommandsInstallCommand#test_execute_explicit_version_includes_prerelease:
LoadError: cannot load such file -- psych
    <internal:/root/ruby-3.4.5/lib/rubygems/core_ext/kernel_require.rb>:136:in 'Kernel#require'
    <internal:/root/ruby-3.4.5/lib/rubygems/core_ext/kernel_require.rb>:136:in 'Kernel#require'
    /root/ruby-3.4.5/lib/rubygems.rb:621:in 'Gem.load_yaml'
    /root/ruby-3.4.5/lib/rubygems/package.rb:295:in 'Gem::Package#build'
    /root/ruby-3.4.5/lib/rubygems/package.rb:136:in 'Gem::Package.build'
    /root/ruby-3.4.5/test/rubygems/helper.rb:762:in 'block (2 levels) in Gem::TestCase#util_build_ge
m'
    /root/ruby-3.4.5/lib/rubygems/user_interaction.rb:46:in 'Gem::DefaultUserInteraction.use_ui'
    /root/ruby-3.4.5/lib/rubygems/user_interaction.rb:69:in 'Gem::DefaultUserInteraction#use_ui'
    /root/ruby-3.4.5/test/rubygems/helper.rb:761:in 'block in Gem::TestCase#util_build_gem'
    /root/ruby-3.4.5/test/rubygems/helper.rb:751:in 'Dir.chdir'
    /root/ruby-3.4.5/test/rubygems/helper.rb:751:in 'Gem::TestCase#util_build_gem'
    /root/ruby-3.4.5/test/rubygems/helper.rb:899:in 'Gem::TestCase#util_gem'
    /root/ruby-3.4.5/test/rubygems/utilities.rb:318:in 'block in Gem::TestCase::SpecFetcherSetup#exe
cute_operations'
    /root/ruby-3.4.5/test/rubygems/utilities.rb:314:in 'Array#each'
    /root/ruby-3.4.5/test/rubygems/utilities.rb:314:in 'Gem::TestCase::SpecFetcherSetup#execute_oper
ations'
    /root/ruby-3.4.5/test/rubygems/utilities.rb:306:in 'Gem::TestCase::SpecFetcherSetup#execute'
    /root/ruby-3.4.5/test/rubygems/utilities.rb:275:in 'Gem::TestCase::SpecFetcherSetup.declare'
    /root/ruby-3.4.5/test/rubygems/helper.rb:1359:in 'Gem::TestCase#spec_fetcher'
    /root/ruby-3.4.5/test/rubygems/test_gem_commands_install_command.rb:49:in 'TestGemCommandsInstal
lCommand#test_execute_explicit_version_includes_prerelease'

224) Error:
TestGemCommandsInstallCommand#test_execute_with_gemdeps_path_ignores_system:
LoadError: cannot load such file -- psych
    <internal:/root/ruby-3.4.5/lib/rubygems/core_ext/kernel_require.rb>:136:in 'Kernel#require'
    <internal:/root/ruby-3.4.5/lib/rubygems/core_ext/kernel_require.rb>:136:in 'Kernel#require'
    /root/ruby-3.4.5/lib/rubygems.rb:621:in 'Gem.load_yaml'
    /root/ruby-3.4.5/lib/rubygems/package.rb:295:in 'Gem::Package#build'
    /root/ruby-3.4.5/lib/rubygems/package.rb:136:in 'Gem::Package.build'
    /root/ruby-3.4.5/test/rubygems/helper.rb:762:in 'block (2 levels) in Gem::TestCase#util_build_ge
m'
    /root/ruby-3.4.5/lib/rubygems/user_interaction.rb:46:in 'Gem::DefaultUserInteraction.use_ui'
    /root/ruby-3.4.5/lib/rubygems/user_interaction.rb:69:in 'Gem::DefaultUserInteraction#use_ui'
    /root/ruby-3.4.5/test/rubygems/helper.rb:761:in 'block in Gem::TestCase#util_build_gem'
    /root/ruby-3.4.5/test/rubygems/helper.rb:751:in 'Dir.chdir'
    /root/ruby-3.4.5/test/rubygems/helper.rb:751:in 'Gem::TestCase#util_build_gem'
    /root/ruby-3.4.5/test/rubygems/helper.rb:899:in 'Gem::TestCase#util_gem'
    /root/ruby-3.4.5/test/rubygems/utilities.rb:325:in 'block in Gem::TestCase::SpecFetcherSetup#exe
cute_operations'
    /root/ruby-3.4.5/test/rubygems/utilities.rb:314:in 'Array#each'
    /root/ruby-3.4.5/test/rubygems/utilities.rb:314:in 'Gem::TestCase::SpecFetcherSetup#execute_oper
ations'
    /root/ruby-3.4.5/test/rubygems/utilities.rb:306:in 'Gem::TestCase::SpecFetcherSetup#execute'
    /root/ruby-3.4.5/test/rubygems/utilities.rb:275:in 'Gem::TestCase::SpecFetcherSetup.declare'
    /root/ruby-3.4.5/test/rubygems/helper.rb:1359:in 'Gem::TestCase#spec_fetcher'
    /root/ruby-3.4.5/test/rubygems/test_gem_commands_install_command.rb:1301:in 'TestGemCommandsInst
allCommand#test_execute_with_gemdeps_path_ignores_system'

225) Error:
TestGemCommandsInstallCommand#test_install_gem_ignore_dependencies_remote_platform_local:
LoadError: cannot load such file -- psych
    <internal:/root/ruby-3.4.5/lib/rubygems/core_ext/kernel_require.rb>:136:in 'Kernel#require'
    <internal:/root/ruby-3.4.5/lib/rubygems/core_ext/kernel_require.rb>:136:in 'Kernel#require'
    /root/ruby-3.4.5/lib/rubygems.rb:621:in 'Gem.load_yaml'
    /root/ruby-3.4.5/lib/rubygems/package.rb:295:in 'Gem::Package#build'
    /root/ruby-3.4.5/lib/rubygems/package.rb:136:in 'Gem::Package.build'
    /root/ruby-3.4.5/test/rubygems/helper.rb:762:in 'block (2 levels) in Gem::TestCase#util_build_ge
m'
    /root/ruby-3.4.5/lib/rubygems/user_interaction.rb:46:in 'Gem::DefaultUserInteraction.use_ui'
    /root/ruby-3.4.5/lib/rubygems/user_interaction.rb:69:in 'Gem::DefaultUserInteraction#use_ui'
    /root/ruby-3.4.5/test/rubygems/helper.rb:761:in 'block in Gem::TestCase#util_build_gem'
    /root/ruby-3.4.5/test/rubygems/helper.rb:751:in 'Dir.chdir'
    /root/ruby-3.4.5/test/rubygems/helper.rb:751:in 'Gem::TestCase#util_build_gem'
    /root/ruby-3.4.5/test/rubygems/helper.rb:899:in 'Gem::TestCase#util_gem'
    /root/ruby-3.4.5/test/rubygems/utilities.rb:318:in 'block in Gem::TestCase::SpecFetcherSetup#exe
cute_operations'
    /root/ruby-3.4.5/test/rubygems/utilities.rb:314:in 'Array#each'
    /root/ruby-3.4.5/test/rubygems/utilities.rb:314:in 'Gem::TestCase::SpecFetcherSetup#execute_oper
ations'
    /root/ruby-3.4.5/test/rubygems/utilities.rb:306:in 'Gem::TestCase::SpecFetcherSetup#execute'
    /root/ruby-3.4.5/test/rubygems/utilities.rb:275:in 'Gem::TestCase::SpecFetcherSetup.declare'
    /root/ruby-3.4.5/test/rubygems/helper.rb:1359:in 'Gem::TestCase#spec_fetcher'
    /root/ruby-3.4.5/test/rubygems/test_gem_commands_install_command.rb:993:in 'TestGemCommandsInsta
llCommand#test_install_gem_ignore_dependencies_remote_platform_local'

226) Error:
TestGemResolverInstallerSet#test_find_all_always_install:
LoadError: cannot load such file -- psych
    <internal:/root/ruby-3.4.5/lib/rubygems/core_ext/kernel_require.rb>:136:in 'Kernel#require'
    <internal:/root/ruby-3.4.5/lib/rubygems/core_ext/kernel_require.rb>:136:in 'Kernel#require'
    /root/ruby-3.4.5/lib/rubygems.rb:621:in 'Gem.load_yaml'
    /root/ruby-3.4.5/lib/rubygems/package.rb:295:in 'Gem::Package#build'
    /root/ruby-3.4.5/lib/rubygems/package.rb:136:in 'Gem::Package.build'
    /root/ruby-3.4.5/test/rubygems/helper.rb:762:in 'block (2 levels) in Gem::TestCase#util_build_ge
m'
    /root/ruby-3.4.5/lib/rubygems/user_interaction.rb:46:in 'Gem::DefaultUserInteraction.use_ui'
    /root/ruby-3.4.5/lib/rubygems/user_interaction.rb:69:in 'Gem::DefaultUserInteraction#use_ui'
    /root/ruby-3.4.5/test/rubygems/helper.rb:761:in 'block in Gem::TestCase#util_build_gem'
    /root/ruby-3.4.5/test/rubygems/helper.rb:751:in 'Dir.chdir'
    /root/ruby-3.4.5/test/rubygems/helper.rb:751:in 'Gem::TestCase#util_build_gem'
    /root/ruby-3.4.5/test/rubygems/helper.rb:899:in 'Gem::TestCase#util_gem'
    /root/ruby-3.4.5/test/rubygems/utilities.rb:325:in 'block in Gem::TestCase::SpecFetcherSetup#exe
cute_operations'
    /root/ruby-3.4.5/test/rubygems/utilities.rb:314:in 'Array#each'
    /root/ruby-3.4.5/test/rubygems/utilities.rb:314:in 'Gem::TestCase::SpecFetcherSetup#execute_oper
ations'
    /root/ruby-3.4.5/test/rubygems/utilities.rb:306:in 'Gem::TestCase::SpecFetcherSetup#execute'
    /root/ruby-3.4.5/test/rubygems/utilities.rb:275:in 'Gem::TestCase::SpecFetcherSetup.declare'
    /root/ruby-3.4.5/test/rubygems/helper.rb:1359:in 'Gem::TestCase#spec_fetcher'
    /root/ruby-3.4.5/test/rubygems/test_gem_resolver_installer_set.rb:190:in 'TestGemResolverInstall
erSet#test_find_all_always_install'

227) Error:
TestGemResolverInstallerSet#test_add_always_install_prerelease:
LoadError: cannot load such file -- psych
    <internal:/root/ruby-3.4.5/lib/rubygems/core_ext/kernel_require.rb>:136:in 'Kernel#require'
    <internal:/root/ruby-3.4.5/lib/rubygems/core_ext/kernel_require.rb>:136:in 'Kernel#require'
    /root/ruby-3.4.5/lib/rubygems.rb:621:in 'Gem.load_yaml'
    /root/ruby-3.4.5/lib/rubygems/package.rb:295:in 'Gem::Package#build'
    /root/ruby-3.4.5/lib/rubygems/package.rb:136:in 'Gem::Package.build'
    /root/ruby-3.4.5/test/rubygems/helper.rb:762:in 'block (2 levels) in Gem::TestCase#util_build_ge
m'
    /root/ruby-3.4.5/lib/rubygems/user_interaction.rb:46:in 'Gem::DefaultUserInteraction.use_ui'
    /root/ruby-3.4.5/lib/rubygems/user_interaction.rb:69:in 'Gem::DefaultUserInteraction#use_ui'
    /root/ruby-3.4.5/test/rubygems/helper.rb:761:in 'block in Gem::TestCase#util_build_gem'
    /root/ruby-3.4.5/test/rubygems/helper.rb:751:in 'Dir.chdir'
    /root/ruby-3.4.5/test/rubygems/helper.rb:751:in 'Gem::TestCase#util_build_gem'
    /root/ruby-3.4.5/test/rubygems/helper.rb:899:in 'Gem::TestCase#util_gem'
    /root/ruby-3.4.5/test/rubygems/utilities.rb:318:in 'block in Gem::TestCase::SpecFetcherSetup#exe
cute_operations'
    /root/ruby-3.4.5/test/rubygems/utilities.rb:314:in 'Array#each'
    /root/ruby-3.4.5/test/rubygems/utilities.rb:314:in 'Gem::TestCase::SpecFetcherSetup#execute_oper
ations'
    /root/ruby-3.4.5/test/rubygems/utilities.rb:306:in 'Gem::TestCase::SpecFetcherSetup#execute'
    /root/ruby-3.4.5/test/rubygems/utilities.rb:275:in 'Gem::TestCase::SpecFetcherSetup.declare'
    /root/ruby-3.4.5/test/rubygems/helper.rb:1359:in 'Gem::TestCase#spec_fetcher'
    /root/ruby-3.4.5/test/rubygems/test_gem_resolver_installer_set.rb:88:in 'TestGemResolverInstalle
rSet#test_add_always_install_prerelease'

228) Error:
TestGemResolverInstallerSet#test_load_spec:
LoadError: cannot load such file -- psych
    <internal:/root/ruby-3.4.5/lib/rubygems/core_ext/kernel_require.rb>:136:in 'Kernel#require'
    <internal:/root/ruby-3.4.5/lib/rubygems/core_ext/kernel_require.rb>:136:in 'Kernel#require'
    /root/ruby-3.4.5/lib/rubygems.rb:621:in 'Gem.load_yaml'
    /root/ruby-3.4.5/lib/rubygems/specification.rb:1246:in 'Gem::Specification._load'
    /root/ruby-3.4.5/lib/rubygems/safe_marshal/visitors/to_ruby.rb:358:in 'Gem::SafeMarshal::Visitor
s::ToRuby#call_method'
    /root/ruby-3.4.5/lib/rubygems/safe_marshal/visitors/to_ruby.rb:187:in 'Gem::SafeMarshal::Visitor
s::ToRuby#visit_Gem_SafeMarshal_Elements_UserDefined'
    /root/ruby-3.4.5/lib/rubygems/safe_marshal/visitors/visitor.rb:6:in 'Gem::SafeMarshal::Visitors:
:Visitor#visit'
    /root/ruby-3.4.5/lib/rubygems/safe_marshal/visitors/to_ruby.rb:28:in 'Gem::SafeMarshal::Visitors
::ToRuby#visit'
    /root/ruby-3.4.5/lib/rubygems/safe_marshal.rb:71:in 'Gem::SafeMarshal.load'
    /root/ruby-3.4.5/lib/rubygems/safe_marshal.rb:61:in 'Gem::SafeMarshal.safe_load'
    /root/ruby-3.4.5/lib/rubygems/source.rb:162:in 'Gem::Source#fetch_spec'
    /root/ruby-3.4.5/lib/rubygems/resolver/installer_set.rb:205:in 'block in Gem::Resolver::Installe
rSet#load_spec'
    /root/ruby-3.4.5/lib/rubygems/resolver/installer_set.rb:202:in 'Hash#fetch'
    /root/ruby-3.4.5/lib/rubygems/resolver/installer_set.rb:202:in 'Gem::Resolver::InstallerSet#load
_spec'
    /root/ruby-3.4.5/test/rubygems/test_gem_resolver_installer_set.rb:248:in 'TestGemResolverInstall
erSet#test_load_spec'

229) Error:
TestGemResolverInstallerSet#test_find_all_prerelease_dependencies_with_add_local:
LoadError: cannot load such file -- psych
    <internal:/root/ruby-3.4.5/lib/rubygems/core_ext/kernel_require.rb>:136:in 'Kernel#require'
    <internal:/root/ruby-3.4.5/lib/rubygems/core_ext/kernel_require.rb>:136:in 'Kernel#require'
    /root/ruby-3.4.5/lib/rubygems.rb:621:in 'Gem.load_yaml'
    /root/ruby-3.4.5/lib/rubygems/package.rb:295:in 'Gem::Package#build'
    /root/ruby-3.4.5/lib/rubygems/package.rb:136:in 'Gem::Package.build'
    /root/ruby-3.4.5/test/rubygems/helper.rb:613:in 'block (2 levels) in Gem::TestCase#install_gem'
    /root/ruby-3.4.5/test/rubygems/helper.rb:612:in 'Dir.chdir'
    /root/ruby-3.4.5/test/rubygems/helper.rb:612:in 'block in Gem::TestCase#install_gem'
    /root/ruby-3.4.5/lib/rubygems/user_interaction.rb:46:in 'Gem::DefaultUserInteraction.use_ui'
    /root/ruby-3.4.5/lib/rubygems/user_interaction.rb:69:in 'Gem::DefaultUserInteraction#use_ui'
    /root/ruby-3.4.5/test/rubygems/helper.rb:611:in 'Gem::TestCase#install_gem'
    /root/ruby-3.4.5/test/rubygems/test_gem_resolver_installer_set.rb:226:in 'TestGemResolverInstall
erSet#test_find_all_prerelease_dependencies_with_add_local'

230) Error:
TestGemResolverInstallerSet#test_add_always_install_prerelease_only:
LoadError: cannot load such file -- psych
    <internal:/root/ruby-3.4.5/lib/rubygems/core_ext/kernel_require.rb>:136:in 'Kernel#require'
    <internal:/root/ruby-3.4.5/lib/rubygems/core_ext/kernel_require.rb>:136:in 'Kernel#require'
    /root/ruby-3.4.5/lib/rubygems.rb:621:in 'Gem.load_yaml'
    /root/ruby-3.4.5/lib/rubygems/package.rb:295:in 'Gem::Package#build'
    /root/ruby-3.4.5/lib/rubygems/package.rb:136:in 'Gem::Package.build'
    /root/ruby-3.4.5/test/rubygems/helper.rb:762:in 'block (2 levels) in Gem::TestCase#util_build_ge
m'
    /root/ruby-3.4.5/lib/rubygems/user_interaction.rb:46:in 'Gem::DefaultUserInteraction.use_ui'
    /root/ruby-3.4.5/lib/rubygems/user_interaction.rb:69:in 'Gem::DefaultUserInteraction#use_ui'
    /root/ruby-3.4.5/test/rubygems/helper.rb:761:in 'block in Gem::TestCase#util_build_gem'
    /root/ruby-3.4.5/test/rubygems/helper.rb:751:in 'Dir.chdir'
    /root/ruby-3.4.5/test/rubygems/helper.rb:751:in 'Gem::TestCase#util_build_gem'
    /root/ruby-3.4.5/test/rubygems/helper.rb:899:in 'Gem::TestCase#util_gem'
    /root/ruby-3.4.5/test/rubygems/utilities.rb:318:in 'block in Gem::TestCase::SpecFetcherSetup#exe
cute_operations'
    /root/ruby-3.4.5/test/rubygems/utilities.rb:314:in 'Array#each'
    /root/ruby-3.4.5/test/rubygems/utilities.rb:314:in 'Gem::TestCase::SpecFetcherSetup#execute_oper
ations'
    /root/ruby-3.4.5/test/rubygems/utilities.rb:306:in 'Gem::TestCase::SpecFetcherSetup#execute'
    /root/ruby-3.4.5/test/rubygems/utilities.rb:275:in 'Gem::TestCase::SpecFetcherSetup.declare'
    /root/ruby-3.4.5/test/rubygems/helper.rb:1359:in 'Gem::TestCase#spec_fetcher'
    /root/ruby-3.4.5/test/rubygems/test_gem_resolver_installer_set.rb:119:in 'TestGemResolverInstall
erSet#test_add_always_install_prerelease_only'

231) Error:
TestGemResolverInstallerSet#test_add_always_install_platform_if_gem_platforms_modified_by_platform_f
lag:
LoadError: cannot load such file -- psych
    <internal:/root/ruby-3.4.5/lib/rubygems/core_ext/kernel_require.rb>:136:in 'Kernel#require'
    <internal:/root/ruby-3.4.5/lib/rubygems/core_ext/kernel_require.rb>:136:in 'Kernel#require'
    /root/ruby-3.4.5/lib/rubygems.rb:621:in 'Gem.load_yaml'
    /root/ruby-3.4.5/lib/rubygems/package.rb:295:in 'Gem::Package#build'
    /root/ruby-3.4.5/lib/rubygems/package.rb:136:in 'Gem::Package.build'
    /root/ruby-3.4.5/test/rubygems/helper.rb:762:in 'block (2 levels) in Gem::TestCase#util_build_ge
m'
    /root/ruby-3.4.5/lib/rubygems/user_interaction.rb:46:in 'Gem::DefaultUserInteraction.use_ui'
    /root/ruby-3.4.5/lib/rubygems/user_interaction.rb:69:in 'Gem::DefaultUserInteraction#use_ui'
    /root/ruby-3.4.5/test/rubygems/helper.rb:761:in 'block in Gem::TestCase#util_build_gem'
    /root/ruby-3.4.5/test/rubygems/helper.rb:751:in 'Dir.chdir'
    /root/ruby-3.4.5/test/rubygems/helper.rb:751:in 'Gem::TestCase#util_build_gem'
    /root/ruby-3.4.5/test/rubygems/helper.rb:899:in 'Gem::TestCase#util_gem'
    /root/ruby-3.4.5/test/rubygems/utilities.rb:325:in 'block in Gem::TestCase::SpecFetcherSetup#exe
cute_operations'
    /root/ruby-3.4.5/test/rubygems/utilities.rb:314:in 'Array#each'
    /root/ruby-3.4.5/test/rubygems/utilities.rb:314:in 'Gem::TestCase::SpecFetcherSetup#execute_oper
ations'
    /root/ruby-3.4.5/test/rubygems/utilities.rb:306:in 'Gem::TestCase::SpecFetcherSetup#execute'
    /root/ruby-3.4.5/test/rubygems/utilities.rb:275:in 'Gem::TestCase::SpecFetcherSetup.declare'
    /root/ruby-3.4.5/test/rubygems/helper.rb:1359:in 'Gem::TestCase#spec_fetcher'
    /root/ruby-3.4.5/test/rubygems/test_gem_resolver_installer_set.rb:58:in 'TestGemResolverInstalle
rSet#test_add_always_install_platform_if_gem_platforms_modified_by_platform_flag'

232) Error:
TestGemCommandsOwnerCommand#test_show_owners_setting_up_host:
LoadError: cannot load such file -- psych
    <internal:/root/ruby-3.4.5/lib/rubygems/core_ext/kernel_require.rb>:136:in 'Kernel#require'
    <internal:/root/ruby-3.4.5/lib/rubygems/core_ext/kernel_require.rb>:136:in 'Kernel#require'
    /root/ruby-3.4.5/lib/rubygems.rb:621:in 'Gem.load_yaml'
    /root/ruby-3.4.5/lib/rubygems/commands/owner_command.rb:71:in 'Gem::Commands::OwnerCommand#show_
owners'
    /root/ruby-3.4.5/test/rubygems/test_gem_commands_owner_command.rb:103:in 'block in TestGemComman
dsOwnerCommand#test_show_owners_setting_up_host'
    /root/ruby-3.4.5/lib/rubygems/user_interaction.rb:46:in 'Gem::DefaultUserInteraction.use_ui'
    /root/ruby-3.4.5/lib/rubygems/user_interaction.rb:69:in 'Gem::DefaultUserInteraction#use_ui'
    /root/ruby-3.4.5/test/rubygems/test_gem_commands_owner_command.rb:102:in 'TestGemCommandsOwnerCo
mmand#test_show_owners_setting_up_host'

233) Error:
TestGemCommandsOwnerCommand#test_show_owners:
LoadError: cannot load such file -- psych
    <internal:/root/ruby-3.4.5/lib/rubygems/core_ext/kernel_require.rb>:136:in 'Kernel#require'
    <internal:/root/ruby-3.4.5/lib/rubygems/core_ext/kernel_require.rb>:136:in 'Kernel#require'
    /root/ruby-3.4.5/lib/rubygems.rb:621:in 'Gem.load_yaml'
    /root/ruby-3.4.5/lib/rubygems/commands/owner_command.rb:71:in 'Gem::Commands::OwnerCommand#show_
owners'
    /root/ruby-3.4.5/test/rubygems/test_gem_commands_owner_command.rb:44:in 'block in TestGemCommand
sOwnerCommand#test_show_owners'
    /root/ruby-3.4.5/lib/rubygems/user_interaction.rb:46:in 'Gem::DefaultUserInteraction.use_ui'
    /root/ruby-3.4.5/lib/rubygems/user_interaction.rb:69:in 'Gem::DefaultUserInteraction#use_ui'
    /root/ruby-3.4.5/test/rubygems/test_gem_commands_owner_command.rb:43:in 'TestGemCommandsOwnerCom
mand#test_show_owners'

234) Error:
TestGemCommandsOwnerCommand#test_show_owners_setting_up_host_through_env_var:
LoadError: cannot load such file -- psych
    <internal:/root/ruby-3.4.5/lib/rubygems/core_ext/kernel_require.rb>:136:in 'Kernel#require'
    <internal:/root/ruby-3.4.5/lib/rubygems/core_ext/kernel_require.rb>:136:in 'Kernel#require'
    /root/ruby-3.4.5/lib/rubygems.rb:621:in 'Gem.load_yaml'
    /root/ruby-3.4.5/lib/rubygems/commands/owner_command.rb:71:in 'Gem::Commands::OwnerCommand#show_
owners'
    /root/ruby-3.4.5/test/rubygems/test_gem_commands_owner_command.rb:88:in 'block in TestGemCommand
sOwnerCommand#test_show_owners_setting_up_host_through_env_var'
    /root/ruby-3.4.5/lib/rubygems/user_interaction.rb:46:in 'Gem::DefaultUserInteraction.use_ui'
    /root/ruby-3.4.5/lib/rubygems/user_interaction.rb:69:in 'Gem::DefaultUserInteraction#use_ui'
    /root/ruby-3.4.5/test/rubygems/test_gem_commands_owner_command.rb:87:in 'TestGemCommandsOwnerCom
mand#test_show_owners_setting_up_host_through_env_var'

235) Error:
TestGemCommandsOwnerCommand#test_show_owners_key:
LoadError: cannot load such file -- psych
    <internal:/root/ruby-3.4.5/lib/rubygems/core_ext/kernel_require.rb>:136:in 'Kernel#require'
    <internal:/root/ruby-3.4.5/lib/rubygems/core_ext/kernel_require.rb>:136:in 'Kernel#require'
    /root/ruby-3.4.5/lib/rubygems.rb:621:in 'Gem.load_yaml'
    /root/ruby-3.4.5/lib/rubygems/commands/owner_command.rb:71:in 'Gem::Commands::OwnerCommand#show_
owners'
    /root/ruby-3.4.5/test/rubygems/test_gem_commands_owner_command.rb:155:in 'TestGemCommandsOwnerCo
mmand#test_show_owners_key'

236) Error:
TestGemCommandsOwnerCommand#test_add_owner_with_host_option_through_execute:
LoadError: cannot load such file -- psych
    <internal:/root/ruby-3.4.5/lib/rubygems/core_ext/kernel_require.rb>:136:in 'Kernel#require'
    <internal:/root/ruby-3.4.5/lib/rubygems/core_ext/kernel_require.rb>:136:in 'Kernel#require'
    /root/ruby-3.4.5/lib/rubygems.rb:621:in 'Gem.load_yaml'
    /root/ruby-3.4.5/lib/rubygems/commands/owner_command.rb:71:in 'Gem::Commands::OwnerCommand#show_
owners'
    /root/ruby-3.4.5/lib/rubygems/commands/owner_command.rb:67:in 'Gem::Commands::OwnerCommand#execu
te'
    /root/ruby-3.4.5/test/rubygems/test_gem_commands_owner_command.rb:221:in 'block in TestGemComman
dsOwnerCommand#test_add_owner_with_host_option_through_execute'
    /root/ruby-3.4.5/lib/rubygems/user_interaction.rb:46:in 'Gem::DefaultUserInteraction.use_ui'
    /root/ruby-3.4.5/lib/rubygems/user_interaction.rb:69:in 'Gem::DefaultUserInteraction#use_ui'
    /root/ruby-3.4.5/test/rubygems/test_gem_commands_owner_command.rb:220:in 'TestGemCommandsOwnerCo
mmand#test_add_owner_with_host_option_through_execute'

237) Error:
TestIRB::ContextTest#test_yaml_inspect_mode_failed:
LoadError: cannot load such file -- psych
    <internal:/root/ruby-3.4.5/lib/rubygems/core_ext/kernel_require.rb>:136:in 'Kernel#require'
    <internal:/root/ruby-3.4.5/lib/rubygems/core_ext/kernel_require.rb>:136:in 'Kernel#require'
    /root/ruby-3.4.5/lib/yaml.rb:4:in '<top (required)>'
    <internal:/root/ruby-3.4.5/lib/rubygems/core_ext/kernel_require.rb>:136:in 'Kernel#require'
    <internal:/root/ruby-3.4.5/lib/rubygems/core_ext/kernel_require.rb>:136:in 'Kernel#require'
    /root/ruby-3.4.5/lib/irb/inspector.rb:119:in 'block in <module:IRB>'
    /root/ruby-3.4.5/lib/irb/inspector.rb:92:in 'IRB::Inspector#init'
    /root/ruby-3.4.5/lib/irb/context.rb:554:in 'IRB::Context#inspect_mode='
    /root/ruby-3.4.5/test/irb/test_context.rb:142:in 'block (3 levels) in <class:ContextTest>'

238) Error:
TestIRB::ContextTest#test_yaml_inspect_mode_successful:
LoadError: cannot load such file -- psych
    <internal:/root/ruby-3.4.5/lib/rubygems/core_ext/kernel_require.rb>:136:in 'Kernel#require'
    <internal:/root/ruby-3.4.5/lib/rubygems/core_ext/kernel_require.rb>:136:in 'Kernel#require'
    /root/ruby-3.4.5/lib/yaml.rb:4:in '<top (required)>'
    <internal:/root/ruby-3.4.5/lib/rubygems/core_ext/kernel_require.rb>:136:in 'Kernel#require'
    <internal:/root/ruby-3.4.5/lib/rubygems/core_ext/kernel_require.rb>:136:in 'Kernel#require'
    /root/ruby-3.4.5/lib/irb/inspector.rb:119:in 'block in <module:IRB>'
    /root/ruby-3.4.5/lib/irb/inspector.rb:92:in 'IRB::Inspector#init'
    /root/ruby-3.4.5/lib/irb/context.rb:554:in 'IRB::Context#inspect_mode='
    /root/ruby-3.4.5/test/irb/test_context.rb:142:in 'block (3 levels) in <class:ContextTest>'

239) Error:
TestGemCommandsSpecificationCommand#test_execute_ruby:
LoadError: cannot load such file -- psych
    <internal:/root/ruby-3.4.5/lib/rubygems/core_ext/kernel_require.rb>:136:in 'Kernel#require'
    <internal:/root/ruby-3.4.5/lib/rubygems/core_ext/kernel_require.rb>:136:in 'Kernel#require'
    /root/ruby-3.4.5/lib/rubygems.rb:621:in 'Gem.load_yaml'
    /root/ruby-3.4.5/lib/rubygems/commands/specification_command.rb:13:in 'Gem::Commands::Specificat
ionCommand#initialize'
    /root/ruby-3.4.5/test/rubygems/test_gem_commands_specification_command.rb:10:in 'Class#new'
    /root/ruby-3.4.5/test/rubygems/test_gem_commands_specification_command.rb:10:in 'TestGemCommands
SpecificationCommand#setup'

240) Error:
TestGemCommandsSpecificationCommand#test_execute_bad_name_with_version:
LoadError: cannot load such file -- psych
    <internal:/root/ruby-3.4.5/lib/rubygems/core_ext/kernel_require.rb>:136:in 'Kernel#require'
    <internal:/root/ruby-3.4.5/lib/rubygems/core_ext/kernel_require.rb>:136:in 'Kernel#require'
    /root/ruby-3.4.5/lib/rubygems.rb:621:in 'Gem.load_yaml'
    /root/ruby-3.4.5/lib/rubygems/commands/specification_command.rb:13:in 'Gem::Commands::Specificat
ionCommand#initialize'
    /root/ruby-3.4.5/test/rubygems/test_gem_commands_specification_command.rb:10:in 'Class#new'
    /root/ruby-3.4.5/test/rubygems/test_gem_commands_specification_command.rb:10:in 'TestGemCommands
SpecificationCommand#setup'

241) Error:
TestGemCommandsSpecificationCommand#test_execute_file:
LoadError: cannot load such file -- psych
    <internal:/root/ruby-3.4.5/lib/rubygems/core_ext/kernel_require.rb>:136:in 'Kernel#require'
    <internal:/root/ruby-3.4.5/lib/rubygems/core_ext/kernel_require.rb>:136:in 'Kernel#require'
    /root/ruby-3.4.5/lib/rubygems.rb:621:in 'Gem.load_yaml'
    /root/ruby-3.4.5/lib/rubygems/commands/specification_command.rb:13:in 'Gem::Commands::Specificat
ionCommand#initialize'
    /root/ruby-3.4.5/test/rubygems/test_gem_commands_specification_command.rb:10:in 'Class#new'
    /root/ruby-3.4.5/test/rubygems/test_gem_commands_specification_command.rb:10:in 'TestGemCommands
SpecificationCommand#setup'

242) Error:
TestGemCommandsSpecificationCommand#test_execute_marshal:
LoadError: cannot load such file -- psych
    <internal:/root/ruby-3.4.5/lib/rubygems/core_ext/kernel_require.rb>:136:in 'Kernel#require'
    <internal:/root/ruby-3.4.5/lib/rubygems/core_ext/kernel_require.rb>:136:in 'Kernel#require'
    /root/ruby-3.4.5/lib/rubygems.rb:621:in 'Gem.load_yaml'
    /root/ruby-3.4.5/lib/rubygems/commands/specification_command.rb:13:in 'Gem::Commands::Specificat
ionCommand#initialize'
    /root/ruby-3.4.5/test/rubygems/test_gem_commands_specification_command.rb:10:in 'Class#new'
    /root/ruby-3.4.5/test/rubygems/test_gem_commands_specification_command.rb:10:in 'TestGemCommands
SpecificationCommand#setup'

243) Error:
TestGemCommandsSpecificationCommand#test_execute:
LoadError: cannot load such file -- psych
    <internal:/root/ruby-3.4.5/lib/rubygems/core_ext/kernel_require.rb>:136:in 'Kernel#require'
    <internal:/root/ruby-3.4.5/lib/rubygems/core_ext/kernel_require.rb>:136:in 'Kernel#require'
    /root/ruby-3.4.5/lib/rubygems.rb:621:in 'Gem.load_yaml'
    /root/ruby-3.4.5/lib/rubygems/commands/specification_command.rb:13:in 'Gem::Commands::Specificat
ionCommand#initialize'
    /root/ruby-3.4.5/test/rubygems/test_gem_commands_specification_command.rb:10:in 'Class#new'
    /root/ruby-3.4.5/test/rubygems/test_gem_commands_specification_command.rb:10:in 'TestGemCommands
SpecificationCommand#setup'

244) Error:
TestGemCommandsUnpackCommand#test_get_path:
LoadError: cannot load such file -- psych
    <internal:/root/ruby-3.4.5/lib/rubygems/core_ext/kernel_require.rb>:136:in 'Kernel#require'
    <internal:/root/ruby-3.4.5/lib/rubygems/core_ext/kernel_require.rb>:136:in 'Kernel#require'
    /root/ruby-3.4.5/lib/rubygems.rb:621:in 'Gem.load_yaml'
    /root/ruby-3.4.5/lib/rubygems/package.rb:295:in 'Gem::Package#build'
    /root/ruby-3.4.5/lib/rubygems/package.rb:136:in 'Gem::Package.build'
    /root/ruby-3.4.5/test/rubygems/helper.rb:762:in 'block (2 levels) in Gem::TestCase#util_build_ge
m'
    /root/ruby-3.4.5/lib/rubygems/user_interaction.rb:46:in 'Gem::DefaultUserInteraction.use_ui'
    /root/ruby-3.4.5/lib/rubygems/user_interaction.rb:69:in 'Gem::DefaultUserInteraction#use_ui'
    /root/ruby-3.4.5/test/rubygems/helper.rb:761:in 'block in Gem::TestCase#util_build_gem'
    /root/ruby-3.4.5/test/rubygems/helper.rb:751:in 'Dir.chdir'
    /root/ruby-3.4.5/test/rubygems/helper.rb:751:in 'Gem::TestCase#util_build_gem'
    /root/ruby-3.4.5/test/rubygems/helper.rb:899:in 'Gem::TestCase#util_gem'
    /root/ruby-3.4.5/test/rubygems/utilities.rb:318:in 'block in Gem::TestCase::SpecFetcherSetup#exe
cute_operations'
    /root/ruby-3.4.5/test/rubygems/utilities.rb:314:in 'Array#each'
    /root/ruby-3.4.5/test/rubygems/utilities.rb:314:in 'Gem::TestCase::SpecFetcherSetup#execute_oper
ations'
    /root/ruby-3.4.5/test/rubygems/utilities.rb:306:in 'Gem::TestCase::SpecFetcherSetup#execute'
    /root/ruby-3.4.5/test/rubygems/utilities.rb:275:in 'Gem::TestCase::SpecFetcherSetup.declare'
    /root/ruby-3.4.5/test/rubygems/helper.rb:1359:in 'Gem::TestCase#spec_fetcher'
    /root/ruby-3.4.5/test/rubygems/test_gem_commands_unpack_command.rb:26:in 'TestGemCommandsUnpackC
ommand#test_get_path'

245) Error:
TestGemCommandsUnpackCommand#test_execute:
LoadError: cannot load such file -- psych
    <internal:/root/ruby-3.4.5/lib/rubygems/core_ext/kernel_require.rb>:136:in 'Kernel#require'
    <internal:/root/ruby-3.4.5/lib/rubygems/core_ext/kernel_require.rb>:136:in 'Kernel#require'
    /root/ruby-3.4.5/lib/rubygems.rb:621:in 'Gem.load_yaml'
    /root/ruby-3.4.5/lib/rubygems/package.rb:295:in 'Gem::Package#build'
    /root/ruby-3.4.5/lib/rubygems/package.rb:136:in 'Gem::Package.build'
    /root/ruby-3.4.5/test/rubygems/helper.rb:762:in 'block (2 levels) in Gem::TestCase#util_build_ge
m'
    /root/ruby-3.4.5/lib/rubygems/user_interaction.rb:46:in 'Gem::DefaultUserInteraction.use_ui'
    /root/ruby-3.4.5/lib/rubygems/user_interaction.rb:69:in 'Gem::DefaultUserInteraction#use_ui'
    /root/ruby-3.4.5/test/rubygems/helper.rb:761:in 'block in Gem::TestCase#util_build_gem'
    /root/ruby-3.4.5/test/rubygems/helper.rb:751:in 'Dir.chdir'
    /root/ruby-3.4.5/test/rubygems/helper.rb:751:in 'Gem::TestCase#util_build_gem'
    /root/ruby-3.4.5/test/rubygems/helper.rb:1000:in 'block in Gem::TestCase#util_make_gems'
    /root/ruby-3.4.5/test/rubygems/helper.rb:999:in 'Array#each'
    /root/ruby-3.4.5/test/rubygems/helper.rb:999:in 'Gem::TestCase#util_make_gems'
    /root/ruby-3.4.5/test/rubygems/test_gem_commands_unpack_command.rb:47:in 'TestGemCommandsUnpackC
ommand#test_execute'

246) Error:
TestGemCommandsUnpackCommand#test_execute_with_target_option:
LoadError: cannot load such file -- psych
    <internal:/root/ruby-3.4.5/lib/rubygems/core_ext/kernel_require.rb>:136:in 'Kernel#require'
    <internal:/root/ruby-3.4.5/lib/rubygems/core_ext/kernel_require.rb>:136:in 'Kernel#require'
    /root/ruby-3.4.5/lib/rubygems.rb:621:in 'Gem.load_yaml'
    /root/ruby-3.4.5/lib/rubygems/package.rb:295:in 'Gem::Package#build'
    /root/ruby-3.4.5/lib/rubygems/package.rb:136:in 'Gem::Package.build'
    /root/ruby-3.4.5/test/rubygems/helper.rb:762:in 'block (2 levels) in Gem::TestCase#util_build_ge
m'
    /root/ruby-3.4.5/lib/rubygems/user_interaction.rb:46:in 'Gem::DefaultUserInteraction.use_ui'
    /root/ruby-3.4.5/lib/rubygems/user_interaction.rb:69:in 'Gem::DefaultUserInteraction#use_ui'
    /root/ruby-3.4.5/test/rubygems/helper.rb:761:in 'block in Gem::TestCase#util_build_gem'
    /root/ruby-3.4.5/test/rubygems/helper.rb:751:in 'Dir.chdir'
    /root/ruby-3.4.5/test/rubygems/helper.rb:751:in 'Gem::TestCase#util_build_gem'
    /root/ruby-3.4.5/test/rubygems/helper.rb:1000:in 'block in Gem::TestCase#util_make_gems'
    /root/ruby-3.4.5/test/rubygems/helper.rb:999:in 'Array#each'
    /root/ruby-3.4.5/test/rubygems/helper.rb:999:in 'Gem::TestCase#util_make_gems'
    /root/ruby-3.4.5/test/rubygems/test_gem_commands_unpack_command.rb:175:in 'TestGemCommandsUnpack
Command#test_execute_with_target_option'

247) Error:
TestGemCommandsUnpackCommand#test_find_in_cache:
LoadError: cannot load such file -- psych
    <internal:/root/ruby-3.4.5/lib/rubygems/core_ext/kernel_require.rb>:136:in 'Kernel#require'
    <internal:/root/ruby-3.4.5/lib/rubygems/core_ext/kernel_require.rb>:136:in 'Kernel#require'
    /root/ruby-3.4.5/lib/rubygems.rb:621:in 'Gem.load_yaml'
    /root/ruby-3.4.5/lib/rubygems/package.rb:295:in 'Gem::Package#build'
    /root/ruby-3.4.5/lib/rubygems/package.rb:136:in 'Gem::Package.build'
    /root/ruby-3.4.5/test/rubygems/helper.rb:762:in 'block (2 levels) in Gem::TestCase#util_build_ge
m'
    /root/ruby-3.4.5/lib/rubygems/user_interaction.rb:46:in 'Gem::DefaultUserInteraction.use_ui'
    /root/ruby-3.4.5/lib/rubygems/user_interaction.rb:69:in 'Gem::DefaultUserInteraction#use_ui'
    /root/ruby-3.4.5/test/rubygems/helper.rb:761:in 'block in Gem::TestCase#util_build_gem'
    /root/ruby-3.4.5/test/rubygems/helper.rb:751:in 'Dir.chdir'
    /root/ruby-3.4.5/test/rubygems/helper.rb:751:in 'Gem::TestCase#util_build_gem'
    /root/ruby-3.4.5/test/rubygems/helper.rb:1000:in 'block in Gem::TestCase#util_make_gems'
    /root/ruby-3.4.5/test/rubygems/helper.rb:999:in 'Array#each'
    /root/ruby-3.4.5/test/rubygems/helper.rb:999:in 'Gem::TestCase#util_make_gems'
    /root/ruby-3.4.5/test/rubygems/test_gem_commands_unpack_command.rb:16:in 'TestGemCommandsUnpackC
ommand#test_find_in_cache'

248) Error:
TestGemCommandsUnpackCommand#test_execute_spec:
LoadError: cannot load such file -- psych
    <internal:/root/ruby-3.4.5/lib/rubygems/core_ext/kernel_require.rb>:136:in 'Kernel#require'
    <internal:/root/ruby-3.4.5/lib/rubygems/core_ext/kernel_require.rb>:136:in 'Kernel#require'
    /root/ruby-3.4.5/lib/rubygems.rb:621:in 'Gem.load_yaml'
    /root/ruby-3.4.5/lib/rubygems/package.rb:295:in 'Gem::Package#build'
    /root/ruby-3.4.5/lib/rubygems/package.rb:136:in 'Gem::Package.build'
    /root/ruby-3.4.5/test/rubygems/helper.rb:762:in 'block (2 levels) in Gem::TestCase#util_build_ge
m'
    /root/ruby-3.4.5/lib/rubygems/user_interaction.rb:46:in 'Gem::DefaultUserInteraction.use_ui'
    /root/ruby-3.4.5/lib/rubygems/user_interaction.rb:69:in 'Gem::DefaultUserInteraction#use_ui'
    /root/ruby-3.4.5/test/rubygems/helper.rb:761:in 'block in Gem::TestCase#util_build_gem'
    /root/ruby-3.4.5/test/rubygems/helper.rb:751:in 'Dir.chdir'
    /root/ruby-3.4.5/test/rubygems/helper.rb:751:in 'Gem::TestCase#util_build_gem'
    /root/ruby-3.4.5/test/rubygems/helper.rb:1000:in 'block in Gem::TestCase#util_make_gems'
    /root/ruby-3.4.5/test/rubygems/helper.rb:999:in 'Array#each'
    /root/ruby-3.4.5/test/rubygems/helper.rb:999:in 'Gem::TestCase#util_make_gems'
    /root/ruby-3.4.5/test/rubygems/test_gem_commands_unpack_command.rb:122:in 'TestGemCommandsUnpack
Command#test_execute_spec'

249) Error:
TestGemCommandsUnpackCommand#test_execute_gem_path:
LoadError: cannot load such file -- psych
    <internal:/root/ruby-3.4.5/lib/rubygems/core_ext/kernel_require.rb>:136:in 'Kernel#require'
    <internal:/root/ruby-3.4.5/lib/rubygems/core_ext/kernel_require.rb>:136:in 'Kernel#require'
    /root/ruby-3.4.5/lib/rubygems.rb:621:in 'Gem.load_yaml'
    /root/ruby-3.4.5/lib/rubygems/package.rb:295:in 'Gem::Package#build'
    /root/ruby-3.4.5/lib/rubygems/package.rb:136:in 'Gem::Package.build'
    /root/ruby-3.4.5/test/rubygems/helper.rb:762:in 'block (2 levels) in Gem::TestCase#util_build_ge
m'
    /root/ruby-3.4.5/lib/rubygems/user_interaction.rb:46:in 'Gem::DefaultUserInteraction.use_ui'
    /root/ruby-3.4.5/lib/rubygems/user_interaction.rb:69:in 'Gem::DefaultUserInteraction#use_ui'
    /root/ruby-3.4.5/test/rubygems/helper.rb:761:in 'block in Gem::TestCase#util_build_gem'
    /root/ruby-3.4.5/test/rubygems/helper.rb:751:in 'Dir.chdir'
    /root/ruby-3.4.5/test/rubygems/helper.rb:751:in 'Gem::TestCase#util_build_gem'
    /root/ruby-3.4.5/test/rubygems/helper.rb:899:in 'Gem::TestCase#util_gem'
    /root/ruby-3.4.5/test/rubygems/utilities.rb:318:in 'block in Gem::TestCase::SpecFetcherSetup#exe
cute_operations'
    /root/ruby-3.4.5/test/rubygems/utilities.rb:314:in 'Array#each'
    /root/ruby-3.4.5/test/rubygems/utilities.rb:314:in 'Gem::TestCase::SpecFetcherSetup#execute_oper
ations'
    /root/ruby-3.4.5/test/rubygems/utilities.rb:306:in 'Gem::TestCase::SpecFetcherSetup#execute'
    /root/ruby-3.4.5/test/rubygems/utilities.rb:275:in 'Gem::TestCase::SpecFetcherSetup.declare'
    /root/ruby-3.4.5/test/rubygems/helper.rb:1359:in 'Gem::TestCase#spec_fetcher'
    /root/ruby-3.4.5/test/rubygems/test_gem_commands_unpack_command.rb:62:in 'TestGemCommandsUnpackC
ommand#test_execute_gem_path'

250) Error:
TestGemCommandsUnpackCommand#test_execute_remote:
LoadError: cannot load such file -- psych
    <internal:/root/ruby-3.4.5/lib/rubygems/core_ext/kernel_require.rb>:136:in 'Kernel#require'
    <internal:/root/ruby-3.4.5/lib/rubygems/core_ext/kernel_require.rb>:136:in 'Kernel#require'
    /root/ruby-3.4.5/lib/rubygems.rb:621:in 'Gem.load_yaml'
    /root/ruby-3.4.5/lib/rubygems/package.rb:295:in 'Gem::Package#build'
    /root/ruby-3.4.5/lib/rubygems/package.rb:136:in 'Gem::Package.build'
    /root/ruby-3.4.5/test/rubygems/helper.rb:762:in 'block (2 levels) in Gem::TestCase#util_build_ge
m'
    /root/ruby-3.4.5/lib/rubygems/user_interaction.rb:46:in 'Gem::DefaultUserInteraction.use_ui'
    /root/ruby-3.4.5/lib/rubygems/user_interaction.rb:69:in 'Gem::DefaultUserInteraction#use_ui'
    /root/ruby-3.4.5/test/rubygems/helper.rb:761:in 'block in Gem::TestCase#util_build_gem'
    /root/ruby-3.4.5/test/rubygems/helper.rb:751:in 'Dir.chdir'
    /root/ruby-3.4.5/test/rubygems/helper.rb:751:in 'Gem::TestCase#util_build_gem'
    /root/ruby-3.4.5/test/rubygems/helper.rb:899:in 'Gem::TestCase#util_gem'
    /root/ruby-3.4.5/test/rubygems/utilities.rb:325:in 'block in Gem::TestCase::SpecFetcherSetup#exe
cute_operations'
    /root/ruby-3.4.5/test/rubygems/utilities.rb:314:in 'Array#each'
    /root/ruby-3.4.5/test/rubygems/utilities.rb:314:in 'Gem::TestCase::SpecFetcherSetup#execute_oper
ations'
    /root/ruby-3.4.5/test/rubygems/utilities.rb:306:in 'Gem::TestCase::SpecFetcherSetup#execute'
    /root/ruby-3.4.5/test/rubygems/utilities.rb:275:in 'Gem::TestCase::SpecFetcherSetup.declare'
    /root/ruby-3.4.5/test/rubygems/helper.rb:1359:in 'Gem::TestCase#spec_fetcher'
    /root/ruby-3.4.5/test/rubygems/test_gem_commands_unpack_command.rb:104:in 'TestGemCommandsUnpack
Command#test_execute_remote'

251) Error:
TestGemCommandsUnpackCommand#test_execute_exact_match:
LoadError: cannot load such file -- psych
    <internal:/root/ruby-3.4.5/lib/rubygems/core_ext/kernel_require.rb>:136:in 'Kernel#require'
    <internal:/root/ruby-3.4.5/lib/rubygems/core_ext/kernel_require.rb>:136:in 'Kernel#require'
    /root/ruby-3.4.5/lib/rubygems.rb:621:in 'Gem.load_yaml'
    /root/ruby-3.4.5/lib/rubygems/package.rb:295:in 'Gem::Package#build'
    /root/ruby-3.4.5/lib/rubygems/package.rb:136:in 'Gem::Package.build'
    /root/ruby-3.4.5/test/rubygems/test_gem_commands_unpack_command.rb:196:in 'block (2 levels) in T
estGemCommandsUnpackCommand#test_execute_exact_match'
    /root/ruby-3.4.5/test/rubygems/test_gem_commands_unpack_command.rb:195:in 'Dir.chdir'
    /root/ruby-3.4.5/test/rubygems/test_gem_commands_unpack_command.rb:195:in 'block in TestGemComma
ndsUnpackCommand#test_execute_exact_match'
    /root/ruby-3.4.5/lib/rubygems/user_interaction.rb:46:in 'Gem::DefaultUserInteraction.use_ui'
    /root/ruby-3.4.5/lib/rubygems/user_interaction.rb:69:in 'Gem::DefaultUserInteraction#use_ui'
    /root/ruby-3.4.5/test/rubygems/test_gem_commands_unpack_command.rb:194:in 'TestGemCommandsUnpack
Command#test_execute_exact_match'

252) Error:
TestGemResolver#test_picks_best_platform:
LoadError: cannot load such file -- psych
    <internal:/root/ruby-3.4.5/lib/rubygems/core_ext/kernel_require.rb>:136:in 'Kernel#require'
    <internal:/root/ruby-3.4.5/lib/rubygems/core_ext/kernel_require.rb>:136:in 'Kernel#require'
    /root/ruby-3.4.5/lib/rubygems.rb:621:in 'Gem.load_yaml'
    /root/ruby-3.4.5/lib/rubygems/specification.rb:1246:in 'Gem::Specification._load'
    /root/ruby-3.4.5/lib/rubygems/safe_marshal/visitors/to_ruby.rb:358:in 'Gem::SafeMarshal::Visitor
s::ToRuby#call_method'
    /root/ruby-3.4.5/lib/rubygems/safe_marshal/visitors/to_ruby.rb:187:in 'Gem::SafeMarshal::Visitor
s::ToRuby#visit_Gem_SafeMarshal_Elements_UserDefined'
    /root/ruby-3.4.5/lib/rubygems/safe_marshal/visitors/visitor.rb:6:in 'Gem::SafeMarshal::Visitors:
:Visitor#visit'
    /root/ruby-3.4.5/lib/rubygems/safe_marshal/visitors/to_ruby.rb:28:in 'Gem::SafeMarshal::Visitors
::ToRuby#visit'
    /root/ruby-3.4.5/lib/rubygems/safe_marshal.rb:71:in 'Gem::SafeMarshal.load'
    /root/ruby-3.4.5/lib/rubygems/safe_marshal.rb:61:in 'Gem::SafeMarshal.safe_load'
    /root/ruby-3.4.5/lib/rubygems/source.rb:162:in 'Gem::Source#fetch_spec'
    /root/ruby-3.4.5/lib/rubygems/resolver/index_specification.rb:98:in 'Gem::Resolver::IndexSpecifi
cation#spec'
    /root/ruby-3.4.5/test/rubygems/test_gem_resolver.rb:351:in 'TestGemResolver#test_picks_best_plat
form'

253) Error:
TestGemResolver#test_pick_generic_linux_variants_on_musl_linux:
LoadError: cannot load such file -- psych
    <internal:/root/ruby-3.4.5/lib/rubygems/core_ext/kernel_require.rb>:136:in 'Kernel#require'
    <internal:/root/ruby-3.4.5/lib/rubygems/core_ext/kernel_require.rb>:136:in 'Kernel#require'
    /root/ruby-3.4.5/lib/rubygems.rb:621:in 'Gem.load_yaml'
    /root/ruby-3.4.5/lib/rubygems/specification.rb:1246:in 'Gem::Specification._load'
    /root/ruby-3.4.5/lib/rubygems/safe_marshal/visitors/to_ruby.rb:358:in 'Gem::SafeMarshal::Visitor
s::ToRuby#call_method'
    /root/ruby-3.4.5/lib/rubygems/safe_marshal/visitors/to_ruby.rb:187:in 'Gem::SafeMarshal::Visitor
s::ToRuby#visit_Gem_SafeMarshal_Elements_UserDefined'
    /root/ruby-3.4.5/lib/rubygems/safe_marshal/visitors/visitor.rb:6:in 'Gem::SafeMarshal::Visitors:
:Visitor#visit'
    /root/ruby-3.4.5/lib/rubygems/safe_marshal/visitors/to_ruby.rb:28:in 'Gem::SafeMarshal::Visitors
::ToRuby#visit'
    /root/ruby-3.4.5/lib/rubygems/safe_marshal.rb:71:in 'Gem::SafeMarshal.load'
    /root/ruby-3.4.5/lib/rubygems/safe_marshal.rb:61:in 'Gem::SafeMarshal.safe_load'
    /root/ruby-3.4.5/lib/rubygems/source.rb:162:in 'Gem::Source#fetch_spec'
    /root/ruby-3.4.5/lib/rubygems/resolver/index_specification.rb:98:in 'Gem::Resolver::IndexSpecifi
cation#spec'
    /root/ruby-3.4.5/test/rubygems/test_gem_resolver.rb:418:in 'block in TestGemResolver#test_pick_g
eneric_linux_variants_on_musl_linux'
    /root/ruby-3.4.5/test/rubygems/helper.rb:1016:in 'Gem::TestCase#util_set_arch'
    /root/ruby-3.4.5/test/rubygems/test_gem_resolver.rb:390:in 'TestGemResolver#test_pick_generic_li
nux_variants_on_musl_linux'

254) Error:
TestGemResolver#test_does_not_pick_musl_variants_on_non_musl_linux:
LoadError: cannot load such file -- psych
    <internal:/root/ruby-3.4.5/lib/rubygems/core_ext/kernel_require.rb>:136:in 'Kernel#require'
    <internal:/root/ruby-3.4.5/lib/rubygems/core_ext/kernel_require.rb>:136:in 'Kernel#require'
    /root/ruby-3.4.5/lib/rubygems.rb:621:in 'Gem.load_yaml'
    /root/ruby-3.4.5/lib/rubygems/specification.rb:1246:in 'Gem::Specification._load'
    /root/ruby-3.4.5/lib/rubygems/safe_marshal/visitors/to_ruby.rb:358:in 'Gem::SafeMarshal::Visitor
s::ToRuby#call_method'
    /root/ruby-3.4.5/lib/rubygems/safe_marshal/visitors/to_ruby.rb:187:in 'Gem::SafeMarshal::Visitor
s::ToRuby#visit_Gem_SafeMarshal_Elements_UserDefined'
    /root/ruby-3.4.5/lib/rubygems/safe_marshal/visitors/visitor.rb:6:in 'Gem::SafeMarshal::Visitors:
:Visitor#visit'
    /root/ruby-3.4.5/lib/rubygems/safe_marshal/visitors/to_ruby.rb:28:in 'Gem::SafeMarshal::Visitors
::ToRuby#visit'
    /root/ruby-3.4.5/lib/rubygems/safe_marshal.rb:71:in 'Gem::SafeMarshal.load'
    /root/ruby-3.4.5/lib/rubygems/safe_marshal.rb:61:in 'Gem::SafeMarshal.safe_load'
    /root/ruby-3.4.5/lib/rubygems/source.rb:162:in 'Gem::Source#fetch_spec'
    /root/ruby-3.4.5/lib/rubygems/resolver/index_specification.rb:98:in 'Gem::Resolver::IndexSpecifi
cation#spec'
    /root/ruby-3.4.5/test/rubygems/test_gem_resolver.rb:385:in 'block in TestGemResolver#test_does_n
ot_pick_musl_variants_on_non_musl_linux'
    /root/ruby-3.4.5/test/rubygems/helper.rb:1016:in 'Gem::TestCase#util_set_arch'
    /root/ruby-3.4.5/test/rubygems/test_gem_resolver.rb:355:in 'TestGemResolver#test_does_not_pick_m
usl_variants_on_non_musl_linux'

255) Error:
TestGemResolver#test_second_level_backout:
LoadError: cannot load such file -- psych
    <internal:/root/ruby-3.4.5/lib/rubygems/core_ext/kernel_require.rb>:136:in 'Kernel#require'
    <internal:/root/ruby-3.4.5/lib/rubygems/core_ext/kernel_require.rb>:136:in 'Kernel#require'
    /root/ruby-3.4.5/lib/rubygems.rb:621:in 'Gem.load_yaml'
    /root/ruby-3.4.5/lib/rubygems/package.rb:295:in 'Gem::Package#build'
    /root/ruby-3.4.5/lib/rubygems/package.rb:136:in 'Gem::Package.build'
    /root/ruby-3.4.5/test/rubygems/helper.rb:762:in 'block (2 levels) in Gem::TestCase#util_build_ge
m'
    /root/ruby-3.4.5/lib/rubygems/user_interaction.rb:46:in 'Gem::DefaultUserInteraction.use_ui'
    /root/ruby-3.4.5/lib/rubygems/user_interaction.rb:69:in 'Gem::DefaultUserInteraction#use_ui'
    /root/ruby-3.4.5/test/rubygems/helper.rb:761:in 'block in Gem::TestCase#util_build_gem'
    /root/ruby-3.4.5/test/rubygems/helper.rb:751:in 'Dir.chdir'
    /root/ruby-3.4.5/test/rubygems/helper.rb:751:in 'Gem::TestCase#util_build_gem'
    /root/ruby-3.4.5/test/rubygems/helper.rb:874:in 'Gem::TestCase#util_spec'
    /root/ruby-3.4.5/test/rubygems/test_gem_resolver.rb:758:in 'TestGemResolver#test_second_level_ba
ckout'

256) Error:
TestGemResolverInstallerSet#test_add_always_install_platform:
LoadError: cannot load such file -- psych
    <internal:/root/ruby-3.4.5/lib/rubygems/core_ext/kernel_require.rb>:136:in 'Kernel#require'
    <internal:/root/ruby-3.4.5/lib/rubygems/core_ext/kernel_require.rb>:136:in 'Kernel#require'
    /root/ruby-3.4.5/lib/rubygems.rb:621:in 'Gem.load_yaml'
    /root/ruby-3.4.5/lib/rubygems/package.rb:295:in 'Gem::Package#build'
    /root/ruby-3.4.5/lib/rubygems/package.rb:136:in 'Gem::Package.build'
    /root/ruby-3.4.5/test/rubygems/helper.rb:762:in 'block (2 levels) in Gem::TestCase#util_build_ge
m'
    /root/ruby-3.4.5/lib/rubygems/user_interaction.rb:46:in 'Gem::DefaultUserInteraction.use_ui'
    /root/ruby-3.4.5/lib/rubygems/user_interaction.rb:69:in 'Gem::DefaultUserInteraction#use_ui'
    /root/ruby-3.4.5/test/rubygems/helper.rb:761:in 'block in Gem::TestCase#util_build_gem'
    /root/ruby-3.4.5/test/rubygems/helper.rb:751:in 'Dir.chdir'
    /root/ruby-3.4.5/test/rubygems/helper.rb:751:in 'Gem::TestCase#util_build_gem'
    /root/ruby-3.4.5/test/rubygems/helper.rb:899:in 'Gem::TestCase#util_gem'
    /root/ruby-3.4.5/test/rubygems/utilities.rb:325:in 'block in Gem::TestCase::SpecFetcherSetup#exe
cute_operations'
    /root/ruby-3.4.5/test/rubygems/utilities.rb:314:in 'Array#each'
    /root/ruby-3.4.5/test/rubygems/utilities.rb:314:in 'Gem::TestCase::SpecFetcherSetup#execute_oper
ations'
    /root/ruby-3.4.5/test/rubygems/utilities.rb:306:in 'Gem::TestCase::SpecFetcherSetup#execute'
    /root/ruby-3.4.5/test/rubygems/utilities.rb:275:in 'Gem::TestCase::SpecFetcherSetup.declare'
    /root/ruby-3.4.5/test/rubygems/helper.rb:1359:in 'Gem::TestCase#spec_fetcher'
    /root/ruby-3.4.5/test/rubygems/test_gem_resolver_installer_set.rb:41:in 'TestGemResolverInstalle
rSet#test_add_always_install_platform'

257) Error:
TestGemResolverInstallerSet#test_add_always_install_index_spec_platform:
LoadError: cannot load such file -- psych
    <internal:/root/ruby-3.4.5/lib/rubygems/core_ext/kernel_require.rb>:136:in 'Kernel#require'
    <internal:/root/ruby-3.4.5/lib/rubygems/core_ext/kernel_require.rb>:136:in 'Kernel#require'
    /root/ruby-3.4.5/lib/rubygems.rb:621:in 'Gem.load_yaml'
    /root/ruby-3.4.5/lib/rubygems/package.rb:295:in 'Gem::Package#build'
    /root/ruby-3.4.5/lib/rubygems/package.rb:136:in 'Gem::Package.build'
    /root/ruby-3.4.5/test/rubygems/helper.rb:762:in 'block (2 levels) in Gem::TestCase#util_build_ge
m'
    /root/ruby-3.4.5/lib/rubygems/user_interaction.rb:46:in 'Gem::DefaultUserInteraction.use_ui'
    /root/ruby-3.4.5/lib/rubygems/user_interaction.rb:69:in 'Gem::DefaultUserInteraction#use_ui'
    /root/ruby-3.4.5/test/rubygems/helper.rb:761:in 'block in Gem::TestCase#util_build_gem'
    /root/ruby-3.4.5/test/rubygems/helper.rb:751:in 'Dir.chdir'
    /root/ruby-3.4.5/test/rubygems/helper.rb:751:in 'Gem::TestCase#util_build_gem'
    /root/ruby-3.4.5/test/rubygems/helper.rb:899:in 'Gem::TestCase#util_gem'
    /root/ruby-3.4.5/test/rubygems/test_gem_resolver_installer_set.rb:75:in 'TestGemResolverInstalle
rSet#test_add_always_install_index_spec_platform'

258) Error:
TestGemResolverInstallerSet#test_add_local:
LoadError: cannot load such file -- psych
    <internal:/root/ruby-3.4.5/lib/rubygems/core_ext/kernel_require.rb>:136:in 'Kernel#require'
    <internal:/root/ruby-3.4.5/lib/rubygems/core_ext/kernel_require.rb>:136:in 'Kernel#require'
    /root/ruby-3.4.5/lib/rubygems.rb:621:in 'Gem.load_yaml'
    /root/ruby-3.4.5/lib/rubygems/package.rb:295:in 'Gem::Package#build'
    /root/ruby-3.4.5/lib/rubygems/package.rb:136:in 'Gem::Package.build'
    /root/ruby-3.4.5/test/rubygems/helper.rb:762:in 'block (2 levels) in Gem::TestCase#util_build_ge
m'
    /root/ruby-3.4.5/lib/rubygems/user_interaction.rb:46:in 'Gem::DefaultUserInteraction.use_ui'
    /root/ruby-3.4.5/lib/rubygems/user_interaction.rb:69:in 'Gem::DefaultUserInteraction#use_ui'
    /root/ruby-3.4.5/test/rubygems/helper.rb:761:in 'block in Gem::TestCase#util_build_gem'
    /root/ruby-3.4.5/test/rubygems/helper.rb:751:in 'Dir.chdir'
    /root/ruby-3.4.5/test/rubygems/helper.rb:751:in 'Gem::TestCase#util_build_gem'
    /root/ruby-3.4.5/test/rubygems/helper.rb:899:in 'Gem::TestCase#util_gem'
    /root/ruby-3.4.5/test/rubygems/test_gem_resolver_installer_set.rb:131:in 'TestGemResolverInstall
erSet#test_add_local'

259) Error:
TestGemResolverInstallerSet#test_add_always_install_prerelease_github_problem:
LoadError: cannot load such file -- psych
    <internal:/root/ruby-3.4.5/lib/rubygems/core_ext/kernel_require.rb>:136:in 'Kernel#require'
    <internal:/root/ruby-3.4.5/lib/rubygems/core_ext/kernel_require.rb>:136:in 'Kernel#require'
    /root/ruby-3.4.5/lib/rubygems.rb:621:in 'Gem.load_yaml'
    /root/ruby-3.4.5/lib/rubygems/package.rb:295:in 'Gem::Package#build'
    /root/ruby-3.4.5/lib/rubygems/package.rb:136:in 'Gem::Package.build'
    /root/ruby-3.4.5/test/rubygems/helper.rb:762:in 'block (2 levels) in Gem::TestCase#util_build_ge
m'
    /root/ruby-3.4.5/lib/rubygems/user_interaction.rb:46:in 'Gem::DefaultUserInteraction.use_ui'
    /root/ruby-3.4.5/lib/rubygems/user_interaction.rb:69:in 'Gem::DefaultUserInteraction#use_ui'
    /root/ruby-3.4.5/test/rubygems/helper.rb:761:in 'block in Gem::TestCase#util_build_gem'
    /root/ruby-3.4.5/test/rubygems/helper.rb:751:in 'Dir.chdir'
    /root/ruby-3.4.5/test/rubygems/helper.rb:751:in 'Gem::TestCase#util_build_gem'
    /root/ruby-3.4.5/test/rubygems/helper.rb:899:in 'Gem::TestCase#util_gem'
    /root/ruby-3.4.5/test/rubygems/utilities.rb:318:in 'block in Gem::TestCase::SpecFetcherSetup#exe
cute_operations'
    /root/ruby-3.4.5/test/rubygems/utilities.rb:314:in 'Array#each'
    /root/ruby-3.4.5/test/rubygems/utilities.rb:314:in 'Gem::TestCase::SpecFetcherSetup#execute_oper
ations'
    /root/ruby-3.4.5/test/rubygems/utilities.rb:306:in 'Gem::TestCase::SpecFetcherSetup#execute'
    /root/ruby-3.4.5/test/rubygems/utilities.rb:275:in 'Gem::TestCase::SpecFetcherSetup.declare'
    /root/ruby-3.4.5/test/rubygems/helper.rb:1359:in 'Gem::TestCase#spec_fetcher'
    /root/ruby-3.4.5/test/rubygems/test_gem_resolver_installer_set.rb:101:in 'TestGemResolverInstall
erSet#test_add_always_install_prerelease_github_problem'

260) Error:
TestGemResolverInstallerSet#test_find_all_prerelease:
LoadError: cannot load such file -- psych
    <internal:/root/ruby-3.4.5/lib/rubygems/core_ext/kernel_require.rb>:136:in 'Kernel#require'
    <internal:/root/ruby-3.4.5/lib/rubygems/core_ext/kernel_require.rb>:136:in 'Kernel#require'
    /root/ruby-3.4.5/lib/rubygems.rb:621:in 'Gem.load_yaml'
    /root/ruby-3.4.5/lib/rubygems/package.rb:295:in 'Gem::Package#build'
    /root/ruby-3.4.5/lib/rubygems/package.rb:136:in 'Gem::Package.build'
    /root/ruby-3.4.5/test/rubygems/helper.rb:762:in 'block (2 levels) in Gem::TestCase#util_build_ge
m'
    /root/ruby-3.4.5/lib/rubygems/user_interaction.rb:46:in 'Gem::DefaultUserInteraction.use_ui'
    /root/ruby-3.4.5/lib/rubygems/user_interaction.rb:69:in 'Gem::DefaultUserInteraction#use_ui'
    /root/ruby-3.4.5/test/rubygems/helper.rb:761:in 'block in Gem::TestCase#util_build_gem'
    /root/ruby-3.4.5/test/rubygems/helper.rb:751:in 'Dir.chdir'
    /root/ruby-3.4.5/test/rubygems/helper.rb:751:in 'Gem::TestCase#util_build_gem'
    /root/ruby-3.4.5/test/rubygems/helper.rb:899:in 'Gem::TestCase#util_gem'
    /root/ruby-3.4.5/test/rubygems/utilities.rb:325:in 'block in Gem::TestCase::SpecFetcherSetup#exe
cute_operations'
    /root/ruby-3.4.5/test/rubygems/utilities.rb:314:in 'Array#each'
    /root/ruby-3.4.5/test/rubygems/utilities.rb:314:in 'Gem::TestCase::SpecFetcherSetup#execute_oper
ations'
    /root/ruby-3.4.5/test/rubygems/utilities.rb:306:in 'Gem::TestCase::SpecFetcherSetup#execute'
    /root/ruby-3.4.5/test/rubygems/utilities.rb:275:in 'Gem::TestCase::SpecFetcherSetup.declare'
    /root/ruby-3.4.5/test/rubygems/helper.rb:1359:in 'Gem::TestCase#spec_fetcher'
    /root/ruby-3.4.5/test/rubygems/test_gem_resolver_installer_set.rb:206:in 'TestGemResolverInstall
erSet#test_find_all_prerelease'

261) Error:
TestGemResolverInstallerSet#test_add_always_install:
LoadError: cannot load such file -- psych
    <internal:/root/ruby-3.4.5/lib/rubygems/core_ext/kernel_require.rb>:136:in 'Kernel#require'
    <internal:/root/ruby-3.4.5/lib/rubygems/core_ext/kernel_require.rb>:136:in 'Kernel#require'
    /root/ruby-3.4.5/lib/rubygems.rb:621:in 'Gem.load_yaml'
    /root/ruby-3.4.5/lib/rubygems/package.rb:295:in 'Gem::Package#build'
    /root/ruby-3.4.5/lib/rubygems/package.rb:136:in 'Gem::Package.build'
    /root/ruby-3.4.5/test/rubygems/helper.rb:762:in 'block (2 levels) in Gem::TestCase#util_build_ge
m'
    /root/ruby-3.4.5/lib/rubygems/user_interaction.rb:46:in 'Gem::DefaultUserInteraction.use_ui'
    /root/ruby-3.4.5/lib/rubygems/user_interaction.rb:69:in 'Gem::DefaultUserInteraction#use_ui'
    /root/ruby-3.4.5/test/rubygems/helper.rb:761:in 'block in Gem::TestCase#util_build_gem'
    /root/ruby-3.4.5/test/rubygems/helper.rb:751:in 'Dir.chdir'
    /root/ruby-3.4.5/test/rubygems/helper.rb:751:in 'Gem::TestCase#util_build_gem'
    /root/ruby-3.4.5/test/rubygems/helper.rb:899:in 'Gem::TestCase#util_gem'
    /root/ruby-3.4.5/test/rubygems/utilities.rb:325:in 'block in Gem::TestCase::SpecFetcherSetup#exe
cute_operations'
    /root/ruby-3.4.5/test/rubygems/utilities.rb:314:in 'Array#each'
    /root/ruby-3.4.5/test/rubygems/utilities.rb:314:in 'Gem::TestCase::SpecFetcherSetup#execute_oper
ations'
    /root/ruby-3.4.5/test/rubygems/utilities.rb:306:in 'Gem::TestCase::SpecFetcherSetup#execute'
    /root/ruby-3.4.5/test/rubygems/utilities.rb:275:in 'Gem::TestCase::SpecFetcherSetup.declare'
    /root/ruby-3.4.5/test/rubygems/helper.rb:1359:in 'Gem::TestCase#spec_fetcher'
    /root/ruby-3.4.5/test/rubygems/test_gem_resolver_installer_set.rb:7:in 'TestGemResolverInstaller
Set#test_add_always_install'

262) Error:
TestGemRemoteFetcherS3#test_fetch_s3_env_creds_with_region:
LoadError: cannot load such file -- psych
    <internal:/root/ruby-3.4.5/lib/rubygems/core_ext/kernel_require.rb>:136:in 'Kernel#require'
    <internal:/root/ruby-3.4.5/lib/rubygems/core_ext/kernel_require.rb>:136:in 'Kernel#require'
    /root/ruby-3.4.5/lib/rubygems.rb:621:in 'Gem.load_yaml'
    /root/ruby-3.4.5/lib/rubygems/package.rb:295:in 'Gem::Package#build'
    /root/ruby-3.4.5/lib/rubygems/package.rb:136:in 'Gem::Package.build'
    /root/ruby-3.4.5/test/rubygems/helper.rb:762:in 'block (2 levels) in Gem::TestCase#util_build_ge
m'
    /root/ruby-3.4.5/lib/rubygems/user_interaction.rb:46:in 'Gem::DefaultUserInteraction.use_ui'
    /root/ruby-3.4.5/lib/rubygems/user_interaction.rb:69:in 'Gem::DefaultUserInteraction#use_ui'
    /root/ruby-3.4.5/test/rubygems/helper.rb:761:in 'block in Gem::TestCase#util_build_gem'
    /root/ruby-3.4.5/test/rubygems/helper.rb:751:in 'Dir.chdir'
    /root/ruby-3.4.5/test/rubygems/helper.rb:751:in 'Gem::TestCase#util_build_gem'
    /root/ruby-3.4.5/test/rubygems/helper.rb:899:in 'Gem::TestCase#util_gem'
    /root/ruby-3.4.5/test/rubygems/test_gem_remote_fetcher_s3.rb:14:in 'TestGemRemoteFetcherS3#setup
'

263) Error:
TestGemRemoteFetcherS3#test_fetch_s3_no_secret:
LoadError: cannot load such file -- psych
    <internal:/root/ruby-3.4.5/lib/rubygems/core_ext/kernel_require.rb>:136:in 'Kernel#require'
    <internal:/root/ruby-3.4.5/lib/rubygems/core_ext/kernel_require.rb>:136:in 'Kernel#require'
    /root/ruby-3.4.5/lib/rubygems.rb:621:in 'Gem.load_yaml'
    /root/ruby-3.4.5/lib/rubygems/package.rb:295:in 'Gem::Package#build'
    /root/ruby-3.4.5/lib/rubygems/package.rb:136:in 'Gem::Package.build'
    /root/ruby-3.4.5/test/rubygems/helper.rb:762:in 'block (2 levels) in Gem::TestCase#util_build_ge
m'
    /root/ruby-3.4.5/lib/rubygems/user_interaction.rb:46:in 'Gem::DefaultUserInteraction.use_ui'
    /root/ruby-3.4.5/lib/rubygems/user_interaction.rb:69:in 'Gem::DefaultUserInteraction#use_ui'
    /root/ruby-3.4.5/test/rubygems/helper.rb:761:in 'block in Gem::TestCase#util_build_gem'
    /root/ruby-3.4.5/test/rubygems/helper.rb:751:in 'Dir.chdir'
    /root/ruby-3.4.5/test/rubygems/helper.rb:751:in 'Gem::TestCase#util_build_gem'
    /root/ruby-3.4.5/test/rubygems/helper.rb:899:in 'Gem::TestCase#util_gem'
    /root/ruby-3.4.5/test/rubygems/test_gem_remote_fetcher_s3.rb:14:in 'TestGemRemoteFetcherS3#setup
'

264) Error:
TestGemRemoteFetcherS3#test_fetch_s3_url_creds:
LoadError: cannot load such file -- psych
    <internal:/root/ruby-3.4.5/lib/rubygems/core_ext/kernel_require.rb>:136:in 'Kernel#require'
    <internal:/root/ruby-3.4.5/lib/rubygems/core_ext/kernel_require.rb>:136:in 'Kernel#require'
    /root/ruby-3.4.5/lib/rubygems.rb:621:in 'Gem.load_yaml'
    /root/ruby-3.4.5/lib/rubygems/package.rb:295:in 'Gem::Package#build'
    /root/ruby-3.4.5/lib/rubygems/package.rb:136:in 'Gem::Package.build'
    /root/ruby-3.4.5/test/rubygems/helper.rb:762:in 'block (2 levels) in Gem::TestCase#util_build_ge
m'
    /root/ruby-3.4.5/lib/rubygems/user_interaction.rb:46:in 'Gem::DefaultUserInteraction.use_ui'
    /root/ruby-3.4.5/lib/rubygems/user_interaction.rb:69:in 'Gem::DefaultUserInteraction#use_ui'
    /root/ruby-3.4.5/test/rubygems/helper.rb:761:in 'block in Gem::TestCase#util_build_gem'
    /root/ruby-3.4.5/test/rubygems/helper.rb:751:in 'Dir.chdir'
    /root/ruby-3.4.5/test/rubygems/helper.rb:751:in 'Gem::TestCase#util_build_gem'
    /root/ruby-3.4.5/test/rubygems/helper.rb:899:in 'Gem::TestCase#util_gem'
    /root/ruby-3.4.5/test/rubygems/test_gem_remote_fetcher_s3.rb:14:in 'TestGemRemoteFetcherS3#setup
'

265) Error:
TestGemRemoteFetcherS3#test_fetch_s3_no_host:
LoadError: cannot load such file -- psych
    <internal:/root/ruby-3.4.5/lib/rubygems/core_ext/kernel_require.rb>:136:in 'Kernel#require'
    <internal:/root/ruby-3.4.5/lib/rubygems/core_ext/kernel_require.rb>:136:in 'Kernel#require'
    /root/ruby-3.4.5/lib/rubygems.rb:621:in 'Gem.load_yaml'
    /root/ruby-3.4.5/lib/rubygems/package.rb:295:in 'Gem::Package#build'
    /root/ruby-3.4.5/lib/rubygems/package.rb:136:in 'Gem::Package.build'
    /root/ruby-3.4.5/test/rubygems/helper.rb:762:in 'block (2 levels) in Gem::TestCase#util_build_ge
m'
    /root/ruby-3.4.5/lib/rubygems/user_interaction.rb:46:in 'Gem::DefaultUserInteraction.use_ui'
    /root/ruby-3.4.5/lib/rubygems/user_interaction.rb:69:in 'Gem::DefaultUserInteraction#use_ui'
    /root/ruby-3.4.5/test/rubygems/helper.rb:761:in 'block in Gem::TestCase#util_build_gem'
    /root/ruby-3.4.5/test/rubygems/helper.rb:751:in 'Dir.chdir'
    /root/ruby-3.4.5/test/rubygems/helper.rb:751:in 'Gem::TestCase#util_build_gem'
    /root/ruby-3.4.5/test/rubygems/helper.rb:899:in 'Gem::TestCase#util_gem'
    /root/ruby-3.4.5/test/rubygems/test_gem_remote_fetcher_s3.rb:14:in 'TestGemRemoteFetcherS3#setup
'

266) Error:
TestGemRemoteFetcherS3#test_fetch_s3_config_creds_with_token:
LoadError: cannot load such file -- psych
    <internal:/root/ruby-3.4.5/lib/rubygems/core_ext/kernel_require.rb>:136:in 'Kernel#require'
    <internal:/root/ruby-3.4.5/lib/rubygems/core_ext/kernel_require.rb>:136:in 'Kernel#require'
    /root/ruby-3.4.5/lib/rubygems.rb:621:in 'Gem.load_yaml'
    /root/ruby-3.4.5/lib/rubygems/package.rb:295:in 'Gem::Package#build'
    /root/ruby-3.4.5/lib/rubygems/package.rb:136:in 'Gem::Package.build'
    /root/ruby-3.4.5/test/rubygems/helper.rb:762:in 'block (2 levels) in Gem::TestCase#util_build_ge
m'
    /root/ruby-3.4.5/lib/rubygems/user_interaction.rb:46:in 'Gem::DefaultUserInteraction.use_ui'
    /root/ruby-3.4.5/lib/rubygems/user_interaction.rb:69:in 'Gem::DefaultUserInteraction#use_ui'
    /root/ruby-3.4.5/test/rubygems/helper.rb:761:in 'block in Gem::TestCase#util_build_gem'
    /root/ruby-3.4.5/test/rubygems/helper.rb:751:in 'Dir.chdir'
    /root/ruby-3.4.5/test/rubygems/helper.rb:751:in 'Gem::TestCase#util_build_gem'
    /root/ruby-3.4.5/test/rubygems/helper.rb:899:in 'Gem::TestCase#util_gem'
    /root/ruby-3.4.5/test/rubygems/test_gem_remote_fetcher_s3.rb:14:in 'TestGemRemoteFetcherS3#setup
'

267) Error:
TestGemRemoteFetcherS3#test_fetch_s3_config_creds_with_region:
LoadError: cannot load such file -- psych
    <internal:/root/ruby-3.4.5/lib/rubygems/core_ext/kernel_require.rb>:136:in 'Kernel#require'
    <internal:/root/ruby-3.4.5/lib/rubygems/core_ext/kernel_require.rb>:136:in 'Kernel#require'
    /root/ruby-3.4.5/lib/rubygems.rb:621:in 'Gem.load_yaml'
    /root/ruby-3.4.5/lib/rubygems/package.rb:295:in 'Gem::Package#build'
    /root/ruby-3.4.5/lib/rubygems/package.rb:136:in 'Gem::Package.build'
    /root/ruby-3.4.5/test/rubygems/helper.rb:762:in 'block (2 levels) in Gem::TestCase#util_build_ge
m'
    /root/ruby-3.4.5/lib/rubygems/user_interaction.rb:46:in 'Gem::DefaultUserInteraction.use_ui'
    /root/ruby-3.4.5/lib/rubygems/user_interaction.rb:69:in 'Gem::DefaultUserInteraction#use_ui'
    /root/ruby-3.4.5/test/rubygems/helper.rb:761:in 'block in Gem::TestCase#util_build_gem'
    /root/ruby-3.4.5/test/rubygems/helper.rb:751:in 'Dir.chdir'
    /root/ruby-3.4.5/test/rubygems/helper.rb:751:in 'Gem::TestCase#util_build_gem'
    /root/ruby-3.4.5/test/rubygems/helper.rb:899:in 'Gem::TestCase#util_gem'
    /root/ruby-3.4.5/test/rubygems/test_gem_remote_fetcher_s3.rb:14:in 'TestGemRemoteFetcherS3#setup
'

268) Error:
TestGemExtBuilder#test_build_extensions:
Gem::Ext::BuildError: ERROR: Failed to build gem native extension.

    current directory: /tmp/rubytest.pverrq/test_rubygems_20250902-5322-tnkduu/gemhome/gems/a-2/ext
/root/ruby-3.4.5/build/ruby -I/root/ruby-3.4.5/lib extconf.rb ''
creating Makefile

current directory: /tmp/rubytest.pverrq/test_rubygems_20250902-5322-tnkduu/gemhome/gems/a-2/ext
make DESTDIR\= sitearchdir\=./.gem.20250902-5322-qw7ue2 sitelibdir\=./.gem.20250902-5322-qw7ue2 clea
n
rm -fr false  *.bak mkmf.log .*.time

current directory: /tmp/rubytest.pverrq/test_rubygems_20250902-5322-tnkduu/gemhome/gems/a-2/ext
make DESTDIR\= sitearchdir\=./.gem.20250902-5322-qw7ue2 sitelibdir\=./.gem.20250902-5322-qw7ue2

current directory: /tmp/rubytest.pverrq/test_rubygems_20250902-5322-tnkduu/gemhome/gems/a-2/ext
make DESTDIR\= sitearchdir\=./.gem.20250902-5322-qw7ue2 sitelibdir\=./.gem.20250902-5322-qw7ue2 inst
all
/usr/bin/mkdir -p . ./.gem.20250902-5322-qw7ue2/a
make: exec(/usr/bin/mkdir) failed (No such file or directory)
*** Error code 1

Stop.
make: stopped making "install" in /tmp/rubytest.pverrq/test_rubygems_20250902-5322-tnkduu/gemhome/ge
ms/a-2/ext

make install failed, exit code 1

Gem files will remain installed in /tmp/rubytest.pverrq/test_rubygems_20250902-5322-tnkduu/gemhome/g
ems/a-2 for inspection.
Results logged to /tmp/rubytest.pverrq/test_rubygems_20250902-5322-tnkduu/gemhome/extensions/x86-dar
win-8/3.4.0-static/a-2/gem_make.out

    /root/ruby-3.4.5/lib/rubygems/ext/builder.rb:125:in 'Gem::Ext::Builder.run'
    /root/ruby-3.4.5/lib/rubygems/ext/builder.rb:51:in 'block in Gem::Ext::Builder.make'
    /root/ruby-3.4.5/lib/rubygems/ext/builder.rb:43:in 'Array#each'
    /root/ruby-3.4.5/lib/rubygems/ext/builder.rb:43:in 'Gem::Ext::Builder.make'
    /root/ruby-3.4.5/lib/rubygems/ext/ext_conf_builder.rb:44:in 'Gem::Ext::ExtConfBuilder.build'
    /root/ruby-3.4.5/lib/rubygems/ext/builder.rb:206:in 'Gem::Ext::Builder#build_extension'
    /root/ruby-3.4.5/lib/rubygems/ext/builder.rb:240:in 'block in Gem::Ext::Builder#build_extensions
'
    /root/ruby-3.4.5/lib/rubygems/ext/builder.rb:237:in 'Array#each'
    /root/ruby-3.4.5/lib/rubygems/ext/builder.rb:237:in 'Gem::Ext::Builder#build_extensions'
    /root/ruby-3.4.5/test/rubygems/test_gem_ext_builder.rb:136:in 'block (2 levels) in TestGemExtBui
lder#test_build_extensions'
    /root/ruby-3.4.5/lib/rubygems/user_interaction.rb:46:in 'Gem::DefaultUserInteraction.use_ui'
    /root/ruby-3.4.5/lib/rubygems/user_interaction.rb:69:in 'Gem::DefaultUserInteraction#use_ui'
    /root/ruby-3.4.5/test/rubygems/test_gem_ext_builder.rb:135:in 'block in TestGemExtBuilder#test_b
uild_extensions'
    /root/ruby-3.4.5/test/rubygems/helper.rb:155:in 'block in Gem::TestCase#extension_in_lib'
    /root/ruby-3.4.5/test/rubygems/helper.rb:1561:in 'Object#stub'
    /root/ruby-3.4.5/test/rubygems/helper.rb:155:in 'Gem::TestCase#extension_in_lib'
    /root/ruby-3.4.5/test/rubygems/test_gem_ext_builder.rb:112:in 'TestGemExtBuilder#test_build_exte
nsions'

269) Error:
TestGemExtBuilder#test_build_extensions_with_gemhome_with_space:
Gem::Ext::BuildError: ERROR: Failed to build gem native extension.

    current directory: /tmp/rubytest.pverrq/test_rubygems_20250902-5322-eiwvcz/gem home/gems/a-2/ext
/root/ruby-3.4.5/build/ruby -I/root/ruby-3.4.5/lib extconf.rb ''
creating Makefile

current directory: /tmp/rubytest.pverrq/test_rubygems_20250902-5322-eiwvcz/gem home/gems/a-2/ext
make DESTDIR\= sitearchdir\=./.gem.20250902-5322-u4tl7q sitelibdir\=./.gem.20250902-5322-u4tl7q clea
n
rm -fr false  *.bak mkmf.log .*.time

current directory: /tmp/rubytest.pverrq/test_rubygems_20250902-5322-eiwvcz/gem home/gems/a-2/ext
make DESTDIR\= sitearchdir\=./.gem.20250902-5322-u4tl7q sitelibdir\=./.gem.20250902-5322-u4tl7q

current directory: /tmp/rubytest.pverrq/test_rubygems_20250902-5322-eiwvcz/gem home/gems/a-2/ext
make DESTDIR\= sitearchdir\=./.gem.20250902-5322-u4tl7q sitelibdir\=./.gem.20250902-5322-u4tl7q inst
all
/usr/bin/mkdir -p . ./.gem.20250902-5322-u4tl7q/a
make: exec(/usr/bin/mkdir) failed (No such file or directory)
*** Error code 1

Stop.
make: stopped making "install" in /tmp/rubytest.pverrq/test_rubygems_20250902-5322-eiwvcz/gem home/g
ems/a-2/ext

make install failed, exit code 1

Gem files will remain installed in /tmp/rubytest.pverrq/test_rubygems_20250902-5322-eiwvcz/gem home/
gems/a-2 for inspection.
Results logged to /tmp/rubytest.pverrq/test_rubygems_20250902-5322-eiwvcz/gem home/extensions/x86-da
rwin-8/3.4.0-static/a-2/gem_make.out

    /root/ruby-3.4.5/lib/rubygems/ext/builder.rb:125:in 'Gem::Ext::Builder.run'
    /root/ruby-3.4.5/lib/rubygems/ext/builder.rb:51:in 'block in Gem::Ext::Builder.make'
    /root/ruby-3.4.5/lib/rubygems/ext/builder.rb:43:in 'Array#each'
    /root/ruby-3.4.5/lib/rubygems/ext/builder.rb:43:in 'Gem::Ext::Builder.make'
    /root/ruby-3.4.5/lib/rubygems/ext/ext_conf_builder.rb:44:in 'Gem::Ext::ExtConfBuilder.build'
    /root/ruby-3.4.5/lib/rubygems/ext/builder.rb:206:in 'Gem::Ext::Builder#build_extension'
    /root/ruby-3.4.5/lib/rubygems/ext/builder.rb:240:in 'block in Gem::Ext::Builder#build_extensions
'
    /root/ruby-3.4.5/lib/rubygems/ext/builder.rb:237:in 'Array#each'
    /root/ruby-3.4.5/lib/rubygems/ext/builder.rb:237:in 'Gem::Ext::Builder#build_extensions'
    /root/ruby-3.4.5/test/rubygems/test_gem_ext_builder.rb:136:in 'block (2 levels) in TestGemExtBui
lder#test_build_extensions'
    /root/ruby-3.4.5/lib/rubygems/user_interaction.rb:46:in 'Gem::DefaultUserInteraction.use_ui'
    /root/ruby-3.4.5/lib/rubygems/user_interaction.rb:69:in 'Gem::DefaultUserInteraction#use_ui'
    /root/ruby-3.4.5/test/rubygems/test_gem_ext_builder.rb:135:in 'block in TestGemExtBuilder#test_b
uild_extensions'
    /root/ruby-3.4.5/test/rubygems/helper.rb:155:in 'block in Gem::TestCase#extension_in_lib'
    /root/ruby-3.4.5/test/rubygems/helper.rb:1561:in 'Object#stub'
    /root/ruby-3.4.5/test/rubygems/helper.rb:155:in 'Gem::TestCase#extension_in_lib'
    /root/ruby-3.4.5/test/rubygems/test_gem_ext_builder.rb:112:in 'TestGemExtBuilder#test_build_exte
nsions'
    /root/ruby-3.4.5/test/rubygems/test_gem_ext_builder.rb:157:in 'TestGemExtBuilder#test_build_exte
nsions_with_gemhome_with_space'

270) Error:
TestGemExtBuilder#test_build_extensions_install_ext_only:
Gem::Ext::BuildError: ERROR: Failed to build gem native extension.

    current directory: /tmp/rubytest.pverrq/test_rubygems_20250902-5322-ytwg7w/gemhome/gems/a-2/ext
/root/ruby-3.4.5/build/ruby -I/root/ruby-3.4.5/lib extconf.rb ''
creating Makefile

current directory: /tmp/rubytest.pverrq/test_rubygems_20250902-5322-ytwg7w/gemhome/gems/a-2/ext
make DESTDIR\= sitearchdir\=./.gem.20250902-5322-klgc23 sitelibdir\=./.gem.20250902-5322-klgc23 clea
n
rm -fr false  *.bak mkmf.log .*.time

current directory: /tmp/rubytest.pverrq/test_rubygems_20250902-5322-ytwg7w/gemhome/gems/a-2/ext
make DESTDIR\= sitearchdir\=./.gem.20250902-5322-klgc23 sitelibdir\=./.gem.20250902-5322-klgc23

current directory: /tmp/rubytest.pverrq/test_rubygems_20250902-5322-ytwg7w/gemhome/gems/a-2/ext
make DESTDIR\= sitearchdir\=./.gem.20250902-5322-klgc23 sitelibdir\=./.gem.20250902-5322-klgc23 inst
all
/usr/bin/mkdir -p . ./.gem.20250902-5322-klgc23/a
make: exec(/usr/bin/mkdir) failed (No such file or directory)
*** Error code 1

Stop.
make: stopped making "install" in /tmp/rubytest.pverrq/test_rubygems_20250902-5322-ytwg7w/gemhome/ge
ms/a-2/ext

make install failed, exit code 1

Gem files will remain installed in /tmp/rubytest.pverrq/test_rubygems_20250902-5322-ytwg7w/gemhome/g
ems/a-2 for inspection.
Results logged to /tmp/rubytest.pverrq/test_rubygems_20250902-5322-ytwg7w/gemhome/extensions/x86-dar
win-8/3.4.0-static/a-2/gem_make.out

    /root/ruby-3.4.5/lib/rubygems/ext/builder.rb:125:in 'Gem::Ext::Builder.run'
    /root/ruby-3.4.5/lib/rubygems/ext/builder.rb:51:in 'block in Gem::Ext::Builder.make'
    /root/ruby-3.4.5/lib/rubygems/ext/builder.rb:43:in 'Array#each'
    /root/ruby-3.4.5/lib/rubygems/ext/builder.rb:43:in 'Gem::Ext::Builder.make'
    /root/ruby-3.4.5/lib/rubygems/ext/ext_conf_builder.rb:44:in 'Gem::Ext::ExtConfBuilder.build'
    /root/ruby-3.4.5/lib/rubygems/ext/builder.rb:206:in 'Gem::Ext::Builder#build_extension'
    /root/ruby-3.4.5/lib/rubygems/ext/builder.rb:240:in 'block in Gem::Ext::Builder#build_extensions
'
    /root/ruby-3.4.5/lib/rubygems/ext/builder.rb:237:in 'Array#each'
    /root/ruby-3.4.5/lib/rubygems/ext/builder.rb:237:in 'Gem::Ext::Builder#build_extensions'
    /root/ruby-3.4.5/test/rubygems/test_gem_ext_builder.rb:190:in 'block (2 levels) in TestGemExtBui
lder#test_build_extensions_install_ext_only'
    /root/ruby-3.4.5/lib/rubygems/user_interaction.rb:46:in 'Gem::DefaultUserInteraction.use_ui'
    /root/ruby-3.4.5/lib/rubygems/user_interaction.rb:69:in 'Gem::DefaultUserInteraction#use_ui'
    /root/ruby-3.4.5/test/rubygems/test_gem_ext_builder.rb:189:in 'block in TestGemExtBuilder#test_b
uild_extensions_install_ext_only'
    /root/ruby-3.4.5/test/rubygems/helper.rb:155:in 'block in Gem::TestCase#extension_in_lib'
    /root/ruby-3.4.5/test/rubygems/helper.rb:1561:in 'Object#stub'
    /root/ruby-3.4.5/test/rubygems/helper.rb:155:in 'Gem::TestCase#extension_in_lib'
    /root/ruby-3.4.5/test/rubygems/test_gem_ext_builder.rb:163:in 'TestGemExtBuilder#test_build_exte
nsions_install_ext_only'

271) Error:
TestGemResolverLocalSpecification#test_install:
LoadError: cannot load such file -- psych
    <internal:/root/ruby-3.4.5/lib/rubygems/core_ext/kernel_require.rb>:136:in 'Kernel#require'
    <internal:/root/ruby-3.4.5/lib/rubygems/core_ext/kernel_require.rb>:136:in 'Kernel#require'
    /root/ruby-3.4.5/lib/rubygems.rb:621:in 'Gem.load_yaml'
    /root/ruby-3.4.5/lib/rubygems/package.rb:295:in 'Gem::Package#build'
    /root/ruby-3.4.5/lib/rubygems/package.rb:136:in 'Gem::Package.build'
    /root/ruby-3.4.5/test/rubygems/helper.rb:762:in 'block (2 levels) in Gem::TestCase#util_build_ge
m'
    /root/ruby-3.4.5/lib/rubygems/user_interaction.rb:46:in 'Gem::DefaultUserInteraction.use_ui'
    /root/ruby-3.4.5/lib/rubygems/user_interaction.rb:69:in 'Gem::DefaultUserInteraction#use_ui'
    /root/ruby-3.4.5/test/rubygems/helper.rb:761:in 'block in Gem::TestCase#util_build_gem'
    /root/ruby-3.4.5/test/rubygems/helper.rb:751:in 'Dir.chdir'
    /root/ruby-3.4.5/test/rubygems/helper.rb:751:in 'Gem::TestCase#util_build_gem'
    /root/ruby-3.4.5/test/rubygems/helper.rb:899:in 'Gem::TestCase#util_gem'
    /root/ruby-3.4.5/test/rubygems/utilities.rb:318:in 'block in Gem::TestCase::SpecFetcherSetup#exe
cute_operations'
    /root/ruby-3.4.5/test/rubygems/utilities.rb:314:in 'Array#each'
    /root/ruby-3.4.5/test/rubygems/utilities.rb:314:in 'Gem::TestCase::SpecFetcherSetup#execute_oper
ations'
    /root/ruby-3.4.5/test/rubygems/utilities.rb:306:in 'Gem::TestCase::SpecFetcherSetup#execute'
    /root/ruby-3.4.5/test/rubygems/utilities.rb:275:in 'Gem::TestCase::SpecFetcherSetup.declare'
    /root/ruby-3.4.5/test/rubygems/helper.rb:1359:in 'Gem::TestCase#spec_fetcher'
    /root/ruby-3.4.5/test/rubygems/test_gem_resolver_local_specification.rb:14:in 'TestGemResolverLo
calSpecification#test_install'

272) Error:
TestGemResolverLocalSpecification#test_installable_platform_eh:
LoadError: cannot load such file -- psych
    <internal:/root/ruby-3.4.5/lib/rubygems/core_ext/kernel_require.rb>:136:in 'Kernel#require'
    <internal:/root/ruby-3.4.5/lib/rubygems/core_ext/kernel_require.rb>:136:in 'Kernel#require'
    /root/ruby-3.4.5/lib/rubygems.rb:621:in 'Gem.load_yaml'
    /root/ruby-3.4.5/lib/rubygems/package.rb:295:in 'Gem::Package#build'
    /root/ruby-3.4.5/lib/rubygems/package.rb:136:in 'Gem::Package.build'
    /root/ruby-3.4.5/test/rubygems/helper.rb:762:in 'block (2 levels) in Gem::TestCase#util_build_ge
m'
    /root/ruby-3.4.5/lib/rubygems/user_interaction.rb:46:in 'Gem::DefaultUserInteraction.use_ui'
    /root/ruby-3.4.5/lib/rubygems/user_interaction.rb:69:in 'Gem::DefaultUserInteraction#use_ui'
    /root/ruby-3.4.5/test/rubygems/helper.rb:761:in 'block in Gem::TestCase#util_build_gem'
    /root/ruby-3.4.5/test/rubygems/helper.rb:751:in 'Dir.chdir'
    /root/ruby-3.4.5/test/rubygems/helper.rb:751:in 'Gem::TestCase#util_build_gem'
    /root/ruby-3.4.5/test/rubygems/helper.rb:899:in 'Gem::TestCase#util_gem'
    /root/ruby-3.4.5/test/rubygems/test_gem_resolver_local_specification.rb:34:in 'TestGemResolverLo
calSpecification#test_installable_platform_eh'

273) Error:
TestGemSecurityPolicy#test_verify_signatures_none:
LoadError: cannot load such file -- psych
    <internal:/root/ruby-3.4.5/lib/rubygems/core_ext/kernel_require.rb>:136:in 'Kernel#require'
    <internal:/root/ruby-3.4.5/lib/rubygems/core_ext/kernel_require.rb>:136:in 'Kernel#require'
    /root/ruby-3.4.5/lib/rubygems.rb:621:in 'Gem.load_yaml'
    /root/ruby-3.4.5/lib/rubygems/specification.rb:2512:in 'Gem::Specification#to_yaml'
    /root/ruby-3.4.5/test/rubygems/test_gem_security_policy.rb:505:in 'TestGemSecurityPolicy#test_ve
rify_signatures_none'

274) Error:
TestGemSecurityPolicy#test_verify_signatures:
LoadError: cannot load such file -- psych
    <internal:/root/ruby-3.4.5/lib/rubygems/core_ext/kernel_require.rb>:136:in 'Kernel#require'
    <internal:/root/ruby-3.4.5/lib/rubygems/core_ext/kernel_require.rb>:136:in 'Kernel#require'
    /root/ruby-3.4.5/lib/rubygems.rb:621:in 'Gem.load_yaml'
    /root/ruby-3.4.5/lib/rubygems/specification.rb:2512:in 'Gem::Specification#to_yaml'
    /root/ruby-3.4.5/test/rubygems/test_gem_security_policy.rb:449:in 'TestGemSecurityPolicy#test_ve
rify_signatures'

275) Error:
TestGemSecurityPolicy#test_verify_signatures_missing:
LoadError: cannot load such file -- psych
    <internal:/root/ruby-3.4.5/lib/rubygems/core_ext/kernel_require.rb>:136:in 'Kernel#require'
    <internal:/root/ruby-3.4.5/lib/rubygems/core_ext/kernel_require.rb>:136:in 'Kernel#require'
    /root/ruby-3.4.5/lib/rubygems.rb:621:in 'Gem.load_yaml'
    /root/ruby-3.4.5/lib/rubygems/specification.rb:2512:in 'Gem::Specification#to_yaml'
    /root/ruby-3.4.5/test/rubygems/test_gem_security_policy.rb:474:in 'TestGemSecurityPolicy#test_ve
rify_signatures_missing'

276) Error:
TestGemResolverSpecification#test_install:
LoadError: cannot load such file -- psych
    <internal:/root/ruby-3.4.5/lib/rubygems/core_ext/kernel_require.rb>:136:in 'Kernel#require'
    <internal:/root/ruby-3.4.5/lib/rubygems/core_ext/kernel_require.rb>:136:in 'Kernel#require'
    /root/ruby-3.4.5/lib/rubygems.rb:621:in 'Gem.load_yaml'
    /root/ruby-3.4.5/lib/rubygems/package.rb:295:in 'Gem::Package#build'
    /root/ruby-3.4.5/lib/rubygems/package.rb:136:in 'Gem::Package.build'
    /root/ruby-3.4.5/test/rubygems/helper.rb:762:in 'block (2 levels) in Gem::TestCase#util_build_ge
m'
    /root/ruby-3.4.5/lib/rubygems/user_interaction.rb:46:in 'Gem::DefaultUserInteraction.use_ui'
    /root/ruby-3.4.5/lib/rubygems/user_interaction.rb:69:in 'Gem::DefaultUserInteraction#use_ui'
    /root/ruby-3.4.5/test/rubygems/helper.rb:761:in 'block in Gem::TestCase#util_build_gem'
    /root/ruby-3.4.5/test/rubygems/helper.rb:751:in 'Dir.chdir'
    /root/ruby-3.4.5/test/rubygems/helper.rb:751:in 'Gem::TestCase#util_build_gem'
    /root/ruby-3.4.5/test/rubygems/helper.rb:899:in 'Gem::TestCase#util_gem'
    /root/ruby-3.4.5/test/rubygems/utilities.rb:318:in 'block in Gem::TestCase::SpecFetcherSetup#exe
cute_operations'
    /root/ruby-3.4.5/test/rubygems/utilities.rb:314:in 'Array#each'
    /root/ruby-3.4.5/test/rubygems/utilities.rb:314:in 'Gem::TestCase::SpecFetcherSetup#execute_oper
ations'
    /root/ruby-3.4.5/test/rubygems/utilities.rb:306:in 'Gem::TestCase::SpecFetcherSetup#execute'
    /root/ruby-3.4.5/test/rubygems/utilities.rb:275:in 'Gem::TestCase::SpecFetcherSetup.declare'
    /root/ruby-3.4.5/test/rubygems/helper.rb:1359:in 'Gem::TestCase#spec_fetcher'
    /root/ruby-3.4.5/test/rubygems/test_gem_resolver_specification.rb:19:in 'TestGemResolverSpecific
ation#test_install'

277) Error:
TestGemSourceLocal#test_load_specs_released:
LoadError: cannot load such file -- psych
    <internal:/root/ruby-3.4.5/lib/rubygems/core_ext/kernel_require.rb>:136:in 'Kernel#require'
    <internal:/root/ruby-3.4.5/lib/rubygems/core_ext/kernel_require.rb>:136:in 'Kernel#require'
    /root/ruby-3.4.5/lib/rubygems.rb:621:in 'Gem.load_yaml'
    /root/ruby-3.4.5/lib/rubygems/package.rb:295:in 'Gem::Package#build'
    /root/ruby-3.4.5/lib/rubygems/package.rb:136:in 'Gem::Package.build'
    /root/ruby-3.4.5/test/rubygems/helper.rb:762:in 'block (2 levels) in Gem::TestCase#util_build_ge
m'
    /root/ruby-3.4.5/lib/rubygems/user_interaction.rb:46:in 'Gem::DefaultUserInteraction.use_ui'
    /root/ruby-3.4.5/lib/rubygems/user_interaction.rb:69:in 'Gem::DefaultUserInteraction#use_ui'
    /root/ruby-3.4.5/test/rubygems/helper.rb:761:in 'block in Gem::TestCase#util_build_gem'
    /root/ruby-3.4.5/test/rubygems/helper.rb:751:in 'Dir.chdir'
    /root/ruby-3.4.5/test/rubygems/helper.rb:751:in 'Gem::TestCase#util_build_gem'
    /root/ruby-3.4.5/test/rubygems/helper.rb:899:in 'Gem::TestCase#util_gem'
    /root/ruby-3.4.5/test/rubygems/test_gem_source_local.rb:14:in 'TestGemSourceLocal#setup'

278) Error:
TestGemSourceLocal#test_load_specs_latest:
LoadError: cannot load such file -- psych
    <internal:/root/ruby-3.4.5/lib/rubygems/core_ext/kernel_require.rb>:136:in 'Kernel#require'
    <internal:/root/ruby-3.4.5/lib/rubygems/core_ext/kernel_require.rb>:136:in 'Kernel#require'
    /root/ruby-3.4.5/lib/rubygems.rb:621:in 'Gem.load_yaml'
    /root/ruby-3.4.5/lib/rubygems/package.rb:295:in 'Gem::Package#build'
    /root/ruby-3.4.5/lib/rubygems/package.rb:136:in 'Gem::Package.build'
    /root/ruby-3.4.5/test/rubygems/helper.rb:762:in 'block (2 levels) in Gem::TestCase#util_build_ge
m'
    /root/ruby-3.4.5/lib/rubygems/user_interaction.rb:46:in 'Gem::DefaultUserInteraction.use_ui'
    /root/ruby-3.4.5/lib/rubygems/user_interaction.rb:69:in 'Gem::DefaultUserInteraction#use_ui'
    /root/ruby-3.4.5/test/rubygems/helper.rb:761:in 'block in Gem::TestCase#util_build_gem'
    /root/ruby-3.4.5/test/rubygems/helper.rb:751:in 'Dir.chdir'
    /root/ruby-3.4.5/test/rubygems/helper.rb:751:in 'Gem::TestCase#util_build_gem'
    /root/ruby-3.4.5/test/rubygems/helper.rb:899:in 'Gem::TestCase#util_gem'
    /root/ruby-3.4.5/test/rubygems/test_gem_source_local.rb:14:in 'TestGemSourceLocal#setup'

279) Error:
TestGemSourceLocal#test_pretty_print:
LoadError: cannot load such file -- psych
    <internal:/root/ruby-3.4.5/lib/rubygems/core_ext/kernel_require.rb>:136:in 'Kernel#require'
    <internal:/root/ruby-3.4.5/lib/rubygems/core_ext/kernel_require.rb>:136:in 'Kernel#require'
    /root/ruby-3.4.5/lib/rubygems.rb:621:in 'Gem.load_yaml'
    /root/ruby-3.4.5/lib/rubygems/package.rb:295:in 'Gem::Package#build'
    /root/ruby-3.4.5/lib/rubygems/package.rb:136:in 'Gem::Package.build'
    /root/ruby-3.4.5/test/rubygems/helper.rb:762:in 'block (2 levels) in Gem::TestCase#util_build_ge
m'
    /root/ruby-3.4.5/lib/rubygems/user_interaction.rb:46:in 'Gem::DefaultUserInteraction.use_ui'
    /root/ruby-3.4.5/lib/rubygems/user_interaction.rb:69:in 'Gem::DefaultUserInteraction#use_ui'
    /root/ruby-3.4.5/test/rubygems/helper.rb:761:in 'block in Gem::TestCase#util_build_gem'
    /root/ruby-3.4.5/test/rubygems/helper.rb:751:in 'Dir.chdir'
    /root/ruby-3.4.5/test/rubygems/helper.rb:751:in 'Gem::TestCase#util_build_gem'
    /root/ruby-3.4.5/test/rubygems/helper.rb:899:in 'Gem::TestCase#util_gem'
    /root/ruby-3.4.5/test/rubygems/test_gem_source_local.rb:14:in 'TestGemSourceLocal#setup'

280) Error:
TestGemCommandsSpecificationCommand#test_execute_all_conflicts_with_version:
LoadError: cannot load such file -- psych
    <internal:/root/ruby-3.4.5/lib/rubygems/core_ext/kernel_require.rb>:136:in 'Kernel#require'
    <internal:/root/ruby-3.4.5/lib/rubygems/core_ext/kernel_require.rb>:136:in 'Kernel#require'
    /root/ruby-3.4.5/lib/rubygems.rb:621:in 'Gem.load_yaml'
    /root/ruby-3.4.5/lib/rubygems/commands/specification_command.rb:13:in 'Gem::Commands::Specificat
ionCommand#initialize'
    /root/ruby-3.4.5/test/rubygems/test_gem_commands_specification_command.rb:10:in 'Class#new'
    /root/ruby-3.4.5/test/rubygems/test_gem_commands_specification_command.rb:10:in 'TestGemCommands
SpecificationCommand#setup'

281) Error:
TestGemCommandsSpecificationCommand#test_execute_remote_without_prerelease:
LoadError: cannot load such file -- psych
    <internal:/root/ruby-3.4.5/lib/rubygems/core_ext/kernel_require.rb>:136:in 'Kernel#require'
    <internal:/root/ruby-3.4.5/lib/rubygems/core_ext/kernel_require.rb>:136:in 'Kernel#require'
    /root/ruby-3.4.5/lib/rubygems.rb:621:in 'Gem.load_yaml'
    /root/ruby-3.4.5/lib/rubygems/commands/specification_command.rb:13:in 'Gem::Commands::Specificat
ionCommand#initialize'
    /root/ruby-3.4.5/test/rubygems/test_gem_commands_specification_command.rb:10:in 'Class#new'
    /root/ruby-3.4.5/test/rubygems/test_gem_commands_specification_command.rb:10:in 'TestGemCommands
SpecificationCommand#setup'

282) Error:
TestGemCommandsSpecificationCommand#test_execute_all:
LoadError: cannot load such file -- psych
    <internal:/root/ruby-3.4.5/lib/rubygems/core_ext/kernel_require.rb>:136:in 'Kernel#require'
    <internal:/root/ruby-3.4.5/lib/rubygems/core_ext/kernel_require.rb>:136:in 'Kernel#require'
    /root/ruby-3.4.5/lib/rubygems.rb:621:in 'Gem.load_yaml'
    /root/ruby-3.4.5/lib/rubygems/commands/specification_command.rb:13:in 'Gem::Commands::Specificat
ionCommand#initialize'
    /root/ruby-3.4.5/test/rubygems/test_gem_commands_specification_command.rb:10:in 'Class#new'
    /root/ruby-3.4.5/test/rubygems/test_gem_commands_specification_command.rb:10:in 'TestGemCommands
SpecificationCommand#setup'

283) Error:
TestGemCommandsSpecificationCommand#test_execute_field:
LoadError: cannot load such file -- psych
    <internal:/root/ruby-3.4.5/lib/rubygems/core_ext/kernel_require.rb>:136:in 'Kernel#require'
    <internal:/root/ruby-3.4.5/lib/rubygems/core_ext/kernel_require.rb>:136:in 'Kernel#require'
    /root/ruby-3.4.5/lib/rubygems.rb:621:in 'Gem.load_yaml'
    /root/ruby-3.4.5/lib/rubygems/commands/specification_command.rb:13:in 'Gem::Commands::Specificat
ionCommand#initialize'
    /root/ruby-3.4.5/test/rubygems/test_gem_commands_specification_command.rb:10:in 'Class#new'
    /root/ruby-3.4.5/test/rubygems/test_gem_commands_specification_command.rb:10:in 'TestGemCommands
SpecificationCommand#setup'

284) Error:
TestGemCommandsSpecificationCommand#test_execute_bad_name:
LoadError: cannot load such file -- psych
    <internal:/root/ruby-3.4.5/lib/rubygems/core_ext/kernel_require.rb>:136:in 'Kernel#require'
    <internal:/root/ruby-3.4.5/lib/rubygems/core_ext/kernel_require.rb>:136:in 'Kernel#require'
    /root/ruby-3.4.5/lib/rubygems.rb:621:in 'Gem.load_yaml'
    /root/ruby-3.4.5/lib/rubygems/commands/specification_command.rb:13:in 'Gem::Commands::Specificat
ionCommand#initialize'
    /root/ruby-3.4.5/test/rubygems/test_gem_commands_specification_command.rb:10:in 'Class#new'
    /root/ruby-3.4.5/test/rubygems/test_gem_commands_specification_command.rb:10:in 'TestGemCommands
SpecificationCommand#setup'

285) Error:
TestGemCommandsSpecificationCommand#test_execute_remote_with_version_and_platform:
LoadError: cannot load such file -- psych
    <internal:/root/ruby-3.4.5/lib/rubygems/core_ext/kernel_require.rb>:136:in 'Kernel#require'
    <internal:/root/ruby-3.4.5/lib/rubygems/core_ext/kernel_require.rb>:136:in 'Kernel#require'
    /root/ruby-3.4.5/lib/rubygems.rb:621:in 'Gem.load_yaml'
    /root/ruby-3.4.5/lib/rubygems/commands/specification_command.rb:13:in 'Gem::Commands::Specificat
ionCommand#initialize'
    /root/ruby-3.4.5/test/rubygems/test_gem_commands_specification_command.rb:10:in 'Class#new'
    /root/ruby-3.4.5/test/rubygems/test_gem_commands_specification_command.rb:10:in 'TestGemCommands
SpecificationCommand#setup'

286) Error:
TestGemCommandsSpecificationCommand#test_execute_remote:
LoadError: cannot load such file -- psych
    <internal:/root/ruby-3.4.5/lib/rubygems/core_ext/kernel_require.rb>:136:in 'Kernel#require'
    <internal:/root/ruby-3.4.5/lib/rubygems/core_ext/kernel_require.rb>:136:in 'Kernel#require'
    /root/ruby-3.4.5/lib/rubygems.rb:621:in 'Gem.load_yaml'
    /root/ruby-3.4.5/lib/rubygems/commands/specification_command.rb:13:in 'Gem::Commands::Specificat
ionCommand#initialize'
    /root/ruby-3.4.5/test/rubygems/test_gem_commands_specification_command.rb:10:in 'Class#new'
    /root/ruby-3.4.5/test/rubygems/test_gem_commands_specification_command.rb:10:in 'TestGemCommands
SpecificationCommand#setup'

287) Error:
TestGemCommandsSpecificationCommand#test_execute_remote_with_version:
LoadError: cannot load such file -- psych
    <internal:/root/ruby-3.4.5/lib/rubygems/core_ext/kernel_require.rb>:136:in 'Kernel#require'
    <internal:/root/ruby-3.4.5/lib/rubygems/core_ext/kernel_require.rb>:136:in 'Kernel#require'
    /root/ruby-3.4.5/lib/rubygems.rb:621:in 'Gem.load_yaml'
    /root/ruby-3.4.5/lib/rubygems/commands/specification_command.rb:13:in 'Gem::Commands::Specificat
ionCommand#initialize'
    /root/ruby-3.4.5/test/rubygems/test_gem_commands_specification_command.rb:10:in 'Class#new'
    /root/ruby-3.4.5/test/rubygems/test_gem_commands_specification_command.rb:10:in 'TestGemCommands
SpecificationCommand#setup'

288) Error:
TestGemCommandsSpecificationCommand#test_execute_remote_with_prerelease:
LoadError: cannot load such file -- psych
    <internal:/root/ruby-3.4.5/lib/rubygems/core_ext/kernel_require.rb>:136:in 'Kernel#require'
    <internal:/root/ruby-3.4.5/lib/rubygems/core_ext/kernel_require.rb>:136:in 'Kernel#require'
    /root/ruby-3.4.5/lib/rubygems.rb:621:in 'Gem.load_yaml'
    /root/ruby-3.4.5/lib/rubygems/commands/specification_command.rb:13:in 'Gem::Commands::Specificat
ionCommand#initialize'
    /root/ruby-3.4.5/test/rubygems/test_gem_commands_specification_command.rb:10:in 'Class#new'
    /root/ruby-3.4.5/test/rubygems/test_gem_commands_specification_command.rb:10:in 'TestGemCommands
SpecificationCommand#setup'

289) Error:
TestGemCommandsSpecificationCommand#test_execute_exact_match:
LoadError: cannot load such file -- psych
    <internal:/root/ruby-3.4.5/lib/rubygems/core_ext/kernel_require.rb>:136:in 'Kernel#require'
    <internal:/root/ruby-3.4.5/lib/rubygems/core_ext/kernel_require.rb>:136:in 'Kernel#require'
    /root/ruby-3.4.5/lib/rubygems.rb:621:in 'Gem.load_yaml'
    /root/ruby-3.4.5/lib/rubygems/commands/specification_command.rb:13:in 'Gem::Commands::Specificat
ionCommand#initialize'
    /root/ruby-3.4.5/test/rubygems/test_gem_commands_specification_command.rb:10:in 'Class#new'
    /root/ruby-3.4.5/test/rubygems/test_gem_commands_specification_command.rb:10:in 'TestGemCommands
SpecificationCommand#setup'

290) Error:
TestGemRemoteFetcherS3#test_fetch_s3_instance_profile_creds_with_region:
LoadError: cannot load such file -- psych
    <internal:/root/ruby-3.4.5/lib/rubygems/core_ext/kernel_require.rb>:136:in 'Kernel#require'
    <internal:/root/ruby-3.4.5/lib/rubygems/core_ext/kernel_require.rb>:136:in 'Kernel#require'
    /root/ruby-3.4.5/lib/rubygems.rb:621:in 'Gem.load_yaml'
    /root/ruby-3.4.5/lib/rubygems/package.rb:295:in 'Gem::Package#build'
    /root/ruby-3.4.5/lib/rubygems/package.rb:136:in 'Gem::Package.build'
    /root/ruby-3.4.5/test/rubygems/helper.rb:762:in 'block (2 levels) in Gem::TestCase#util_build_ge
m'
    /root/ruby-3.4.5/lib/rubygems/user_interaction.rb:46:in 'Gem::DefaultUserInteraction.use_ui'
    /root/ruby-3.4.5/lib/rubygems/user_interaction.rb:69:in 'Gem::DefaultUserInteraction#use_ui'
    /root/ruby-3.4.5/test/rubygems/helper.rb:761:in 'block in Gem::TestCase#util_build_gem'
    /root/ruby-3.4.5/test/rubygems/helper.rb:751:in 'Dir.chdir'
    /root/ruby-3.4.5/test/rubygems/helper.rb:751:in 'Gem::TestCase#util_build_gem'
    /root/ruby-3.4.5/test/rubygems/helper.rb:899:in 'Gem::TestCase#util_gem'
    /root/ruby-3.4.5/test/rubygems/test_gem_remote_fetcher_s3.rb:14:in 'TestGemRemoteFetcherS3#setup
'

291) Error:
TestGemRemoteFetcherS3#test_fetch_s3_instance_profile_creds:
LoadError: cannot load such file -- psych
    <internal:/root/ruby-3.4.5/lib/rubygems/core_ext/kernel_require.rb>:136:in 'Kernel#require'
    <internal:/root/ruby-3.4.5/lib/rubygems/core_ext/kernel_require.rb>:136:in 'Kernel#require'
    /root/ruby-3.4.5/lib/rubygems.rb:621:in 'Gem.load_yaml'
    /root/ruby-3.4.5/lib/rubygems/package.rb:295:in 'Gem::Package#build'
    /root/ruby-3.4.5/lib/rubygems/package.rb:136:in 'Gem::Package.build'
    /root/ruby-3.4.5/test/rubygems/helper.rb:762:in 'block (2 levels) in Gem::TestCase#util_build_ge
m'
    /root/ruby-3.4.5/lib/rubygems/user_interaction.rb:46:in 'Gem::DefaultUserInteraction.use_ui'
    /root/ruby-3.4.5/lib/rubygems/user_interaction.rb:69:in 'Gem::DefaultUserInteraction#use_ui'
    /root/ruby-3.4.5/test/rubygems/helper.rb:761:in 'block in Gem::TestCase#util_build_gem'
    /root/ruby-3.4.5/test/rubygems/helper.rb:751:in 'Dir.chdir'
    /root/ruby-3.4.5/test/rubygems/helper.rb:751:in 'Gem::TestCase#util_build_gem'
    /root/ruby-3.4.5/test/rubygems/helper.rb:899:in 'Gem::TestCase#util_gem'
    /root/ruby-3.4.5/test/rubygems/test_gem_remote_fetcher_s3.rb:14:in 'TestGemRemoteFetcherS3#setup
'

292) Error:
TestGemRemoteFetcherS3#test_fetch_s3_env_creds_with_token:
LoadError: cannot load such file -- psych
    <internal:/root/ruby-3.4.5/lib/rubygems/core_ext/kernel_require.rb>:136:in 'Kernel#require'
    <internal:/root/ruby-3.4.5/lib/rubygems/core_ext/kernel_require.rb>:136:in 'Kernel#require'
    /root/ruby-3.4.5/lib/rubygems.rb:621:in 'Gem.load_yaml'
    /root/ruby-3.4.5/lib/rubygems/package.rb:295:in 'Gem::Package#build'
    /root/ruby-3.4.5/lib/rubygems/package.rb:136:in 'Gem::Package.build'
    /root/ruby-3.4.5/test/rubygems/helper.rb:762:in 'block (2 levels) in Gem::TestCase#util_build_ge
m'
    /root/ruby-3.4.5/lib/rubygems/user_interaction.rb:46:in 'Gem::DefaultUserInteraction.use_ui'
    /root/ruby-3.4.5/lib/rubygems/user_interaction.rb:69:in 'Gem::DefaultUserInteraction#use_ui'
    /root/ruby-3.4.5/test/rubygems/helper.rb:761:in 'block in Gem::TestCase#util_build_gem'
    /root/ruby-3.4.5/test/rubygems/helper.rb:751:in 'Dir.chdir'
    /root/ruby-3.4.5/test/rubygems/helper.rb:751:in 'Gem::TestCase#util_build_gem'
    /root/ruby-3.4.5/test/rubygems/helper.rb:899:in 'Gem::TestCase#util_gem'
    /root/ruby-3.4.5/test/rubygems/test_gem_remote_fetcher_s3.rb:14:in 'TestGemRemoteFetcherS3#setup
'

293) Error:
TestGemRemoteFetcherS3#test_fetch_s3_config_creds:
LoadError: cannot load such file -- psych
    <internal:/root/ruby-3.4.5/lib/rubygems/core_ext/kernel_require.rb>:136:in 'Kernel#require'
    <internal:/root/ruby-3.4.5/lib/rubygems/core_ext/kernel_require.rb>:136:in 'Kernel#require'
    /root/ruby-3.4.5/lib/rubygems.rb:621:in 'Gem.load_yaml'
    /root/ruby-3.4.5/lib/rubygems/package.rb:295:in 'Gem::Package#build'
    /root/ruby-3.4.5/lib/rubygems/package.rb:136:in 'Gem::Package.build'
    /root/ruby-3.4.5/test/rubygems/helper.rb:762:in 'block (2 levels) in Gem::TestCase#util_build_ge
m'
    /root/ruby-3.4.5/lib/rubygems/user_interaction.rb:46:in 'Gem::DefaultUserInteraction.use_ui'
    /root/ruby-3.4.5/lib/rubygems/user_interaction.rb:69:in 'Gem::DefaultUserInteraction#use_ui'
    /root/ruby-3.4.5/test/rubygems/helper.rb:761:in 'block in Gem::TestCase#util_build_gem'
    /root/ruby-3.4.5/test/rubygems/helper.rb:751:in 'Dir.chdir'
    /root/ruby-3.4.5/test/rubygems/helper.rb:751:in 'Gem::TestCase#util_build_gem'
    /root/ruby-3.4.5/test/rubygems/helper.rb:899:in 'Gem::TestCase#util_gem'
    /root/ruby-3.4.5/test/rubygems/test_gem_remote_fetcher_s3.rb:14:in 'TestGemRemoteFetcherS3#setup
'

294) Error:
TestGemRemoteFetcherS3#test_fetch_s3_env_creds:
LoadError: cannot load such file -- psych
    <internal:/root/ruby-3.4.5/lib/rubygems/core_ext/kernel_require.rb>:136:in 'Kernel#require'
    <internal:/root/ruby-3.4.5/lib/rubygems/core_ext/kernel_require.rb>:136:in 'Kernel#require'
    /root/ruby-3.4.5/lib/rubygems.rb:621:in 'Gem.load_yaml'
    /root/ruby-3.4.5/lib/rubygems/package.rb:295:in 'Gem::Package#build'
    /root/ruby-3.4.5/lib/rubygems/package.rb:136:in 'Gem::Package.build'
    /root/ruby-3.4.5/test/rubygems/helper.rb:762:in 'block (2 levels) in Gem::TestCase#util_build_ge
m'
    /root/ruby-3.4.5/lib/rubygems/user_interaction.rb:46:in 'Gem::DefaultUserInteraction.use_ui'
    /root/ruby-3.4.5/lib/rubygems/user_interaction.rb:69:in 'Gem::DefaultUserInteraction#use_ui'
    /root/ruby-3.4.5/test/rubygems/helper.rb:761:in 'block in Gem::TestCase#util_build_gem'
    /root/ruby-3.4.5/test/rubygems/helper.rb:751:in 'Dir.chdir'
    /root/ruby-3.4.5/test/rubygems/helper.rb:751:in 'Gem::TestCase#util_build_gem'
    /root/ruby-3.4.5/test/rubygems/helper.rb:899:in 'Gem::TestCase#util_gem'
    /root/ruby-3.4.5/test/rubygems/test_gem_remote_fetcher_s3.rb:14:in 'TestGemRemoteFetcherS3#setup
'

295) Error:
TestGemRemoteFetcherS3#test_fetch_s3_instance_profile_creds_with_token:
LoadError: cannot load such file -- psych
    <internal:/root/ruby-3.4.5/lib/rubygems/core_ext/kernel_require.rb>:136:in 'Kernel#require'
    <internal:/root/ruby-3.4.5/lib/rubygems/core_ext/kernel_require.rb>:136:in 'Kernel#require'
    /root/ruby-3.4.5/lib/rubygems.rb:621:in 'Gem.load_yaml'
    /root/ruby-3.4.5/lib/rubygems/package.rb:295:in 'Gem::Package#build'
    /root/ruby-3.4.5/lib/rubygems/package.rb:136:in 'Gem::Package.build'
    /root/ruby-3.4.5/test/rubygems/helper.rb:762:in 'block (2 levels) in Gem::TestCase#util_build_ge
m'
    /root/ruby-3.4.5/lib/rubygems/user_interaction.rb:46:in 'Gem::DefaultUserInteraction.use_ui'
    /root/ruby-3.4.5/lib/rubygems/user_interaction.rb:69:in 'Gem::DefaultUserInteraction#use_ui'
    /root/ruby-3.4.5/test/rubygems/helper.rb:761:in 'block in Gem::TestCase#util_build_gem'
    /root/ruby-3.4.5/test/rubygems/helper.rb:751:in 'Dir.chdir'
    /root/ruby-3.4.5/test/rubygems/helper.rb:751:in 'Gem::TestCase#util_build_gem'
    /root/ruby-3.4.5/test/rubygems/helper.rb:899:in 'Gem::TestCase#util_gem'
    /root/ruby-3.4.5/test/rubygems/test_gem_remote_fetcher_s3.rb:14:in 'TestGemRemoteFetcherS3#setup
'

296) Error:
TestGemRemoteFetcherS3#test_fetch_s3_no_id:
LoadError: cannot load such file -- psych
    <internal:/root/ruby-3.4.5/lib/rubygems/core_ext/kernel_require.rb>:136:in 'Kernel#require'
    <internal:/root/ruby-3.4.5/lib/rubygems/core_ext/kernel_require.rb>:136:in 'Kernel#require'
    /root/ruby-3.4.5/lib/rubygems.rb:621:in 'Gem.load_yaml'
    /root/ruby-3.4.5/lib/rubygems/package.rb:295:in 'Gem::Package#build'
    /root/ruby-3.4.5/lib/rubygems/package.rb:136:in 'Gem::Package.build'
    /root/ruby-3.4.5/test/rubygems/helper.rb:762:in 'block (2 levels) in Gem::TestCase#util_build_ge
m'
    /root/ruby-3.4.5/lib/rubygems/user_interaction.rb:46:in 'Gem::DefaultUserInteraction.use_ui'
    /root/ruby-3.4.5/lib/rubygems/user_interaction.rb:69:in 'Gem::DefaultUserInteraction#use_ui'
    /root/ruby-3.4.5/test/rubygems/helper.rb:761:in 'block in Gem::TestCase#util_build_gem'
    /root/ruby-3.4.5/test/rubygems/helper.rb:751:in 'Dir.chdir'
    /root/ruby-3.4.5/test/rubygems/helper.rb:751:in 'Gem::TestCase#util_build_gem'
    /root/ruby-3.4.5/test/rubygems/helper.rb:899:in 'Gem::TestCase#util_gem'
    /root/ruby-3.4.5/test/rubygems/test_gem_remote_fetcher_s3.rb:14:in 'TestGemRemoteFetcherS3#setup
'

297) Error:
TestGemRemoteFetcherS3#test_fetch_s3_no_source_key:
LoadError: cannot load such file -- psych
    <internal:/root/ruby-3.4.5/lib/rubygems/core_ext/kernel_require.rb>:136:in 'Kernel#require'
    <internal:/root/ruby-3.4.5/lib/rubygems/core_ext/kernel_require.rb>:136:in 'Kernel#require'
    /root/ruby-3.4.5/lib/rubygems.rb:621:in 'Gem.load_yaml'
    /root/ruby-3.4.5/lib/rubygems/package.rb:295:in 'Gem::Package#build'
    /root/ruby-3.4.5/lib/rubygems/package.rb:136:in 'Gem::Package.build'
    /root/ruby-3.4.5/test/rubygems/helper.rb:762:in 'block (2 levels) in Gem::TestCase#util_build_ge
m'
    /root/ruby-3.4.5/lib/rubygems/user_interaction.rb:46:in 'Gem::DefaultUserInteraction.use_ui'
    /root/ruby-3.4.5/lib/rubygems/user_interaction.rb:69:in 'Gem::DefaultUserInteraction#use_ui'
    /root/ruby-3.4.5/test/rubygems/helper.rb:761:in 'block in Gem::TestCase#util_build_gem'
    /root/ruby-3.4.5/test/rubygems/helper.rb:751:in 'Dir.chdir'
    /root/ruby-3.4.5/test/rubygems/helper.rb:751:in 'Gem::TestCase#util_build_gem'
    /root/ruby-3.4.5/test/rubygems/helper.rb:899:in 'Gem::TestCase#util_gem'
    /root/ruby-3.4.5/test/rubygems/test_gem_remote_fetcher_s3.rb:14:in 'TestGemRemoteFetcherS3#setup
'

Finished tests in 18627.680873s, 0.2362 tests/s, 61.9259 assertions/s.
4400 tests, 1153535 assertions, 14 failures, 283 errors, 92 skips

ruby -v: ruby 3.4.5 (2025-09-02 revision 71fe9338d2) +PRISM [riscv64-freebsd]
root@cheribsd-riscv64-purecap:~/ruby-3.4.5/build # uname -a
FreeBSD cheribsd-riscv64-purecap 15.0-CURRENT FreeBSD 15.0-CURRENT #0 main-485c1c8195: Sun Aug 17 21
:21:09 JST 2025     hanhaotian@assam:/cheriv92/src/build/cheribsd-riscv64-purecap-build/cheriv92/src
/cheribsd/riscv.riscv64c/sys/CHERI-PURECAP-QEMU riscv
root@cheribsd-riscv64-purecap:~/ruby-3.4.5/build #
