rm: ../test/uri/test_ws.rb: No such file or directory
../test/zlib/test_zlib.rb
rm: ../test/zlib/test_zlib.rb: No such file or directory
root@cheribsd-riscv64-purecap:~/ruby-3.4.5/build # ./miniruby -I../lib -I. -I.ext/common  ../tool/ru
nruby.rb --extout=.ext  -- --disable-gems -r../tool/lib/_tmpdir \
"../test/runner.rb" --ruby="./miniruby -I../lib -I. -I.ext/common  ../tool/runruby.rb --extout=.ext
 -- --disable-gems" \
--excludes-dir=../test/.excludes --name=!/memory_leak/ --timeout-scale 10 --worker-timeout=1000 -v -
-test-order=random
/root/ruby-3.4.5/lib/yaml.rb:3: warning: It seems your ruby installation is missing psych (for YAML
output).
To eliminate this warning, please install libyaml and reinstall your ruby.
/root/ruby-3.4.5/test/did_you_mean/test_tree_spell_checker.rb: cannot load such file -- psych
/root/ruby-3.4.5/lib/yaml.rb:3: warning: It seems your ruby installation is missing psych (for YAML
output).
To eliminate this warning, please install libyaml and reinstall your ruby.
/root/ruby-3.4.5/test/ruby/test_pipe.rb: cannot load such file -- /root/ruby-3.4.5/test/ruby/ut_eof
/root/ruby-3.4.5/lib/yaml.rb:3: warning: It seems your ruby installation is missing psych (for YAML
output).
To eliminate this warning, please install libyaml and reinstall your ruby.
/root/ruby-3.4.5/lib/yaml.rb:3: warning: It seems your ruby installation is missing psych (for YAML
output).
To eliminate this warning, please install libyaml and reinstall your ruby.
/root/ruby-3.4.5/test/rdoc/rdoc_alias_test.rb: cannot load such file -- /root/ruby-3.4.5/test/rdoc/s
upport/formatter_test_case
Run options:
  --seed=38402
  "--ruby=./miniruby -I../lib -I. -I.ext/common  ../tool/runruby.rb --extout=.ext  -- --disable-gems
"
  --excludes-dir=../test/.excludes
  --name=!/memory_leak/
  --timeout-scale
  10
  --worker-timeout=1000
  -v
  --test-order=random

# Running tests:

[   1/8023] TestRecursion#test_recursive_outer = 0.04 s
[   2/8023] TestRecursion#test_recursive = 0.03 s
[   3/8023] TestSuper#test_double_include2 = 0.02 s
[   4/8023] TestSuper#test_super_in_orphan_block = 0.02 s
[   5/8023] TestSuper#test_super_in_thread = 0.03 s
[   6/8023] TestSuper#test_super_missing_prepended_module = 118.61 s
[   7/8023] TestSuper#test_from_eval = 0.02 s
[   8/8023] TestSuper#test_super_in_module_unbound_method = 0.02 s
[   9/8023] TestSuper#test_module_super_in_method_module = 0.01 s
[  10/8023] TestSuper#test_super_in_instance_eval_in_module = 0.04 s
[  11/8023] TestSuper#test_missing_super_in_module_unbound_method = 0.01 s
[  12/8023] TestSuper#test_array3 = 0.01 s
[  13/8023] TestSuper#test_missing_super_in_method_module = 0.01 s
[  14/8023] TestSuper#test_array1 = 0.01 s
[  15/8023] TestSuper#test_double_include = 0.01 s
[  16/8023] TestSuper#test_define_method = 0.02 s
[  17/8023] TestSuper#test_super_in_instance_eval = 0.03 s
[  18/8023] TestSuper#test_missing_super = 0.01 s
[  19/8023] TestSuper#test_optional4 = 0.01 s
[  20/8023] TestSuper#test_zsuper_kw_splat_not_mutable = 0.01 s
[  21/8023] TestSuper#test_optional2 = 0.04 s
[  22/8023] TestSuper#test_public_zsuper_with_prepend = 0.06 s
[  23/8023] TestSuper#test_super_in_at_exit = 22.13 s
[  24/8023] TestSuper#test_single2 = 0.02 s
[  25/8023] TestSuper#test_super_with_modified_rest_parameter = 0.01 s
[  26/8023] TestSuper#test_keyword2 = 0.01 s
[  27/8023] TestSuper#test_double2 = 0.01 s
[  28/8023] TestSuper#test_super_with_included_prepended_module_method_caching_bug_20716 = 0.02 s
[  29/8023] TestSuper#test_super_in_orphan_block_with_instance_eval = 0.05 s
[  30/8023] TestSuper#test_double3 = 0.01 s
[  31/8023] TestSuper#test_keyword1 = 0.02 s
[  32/8023] TestSuper#test_double1 = 0.01 s
[  33/8023] TestSuper#test_forwardable = 0.02 s
[  34/8023] TestSuper#test_single1 = 0.01 s
[  35/8023] TestSuper#test_super_with_define_method = 0.02 s
[  36/8023] TestSuper#test_super_in_END = 22.08 s
[  37/8023] TestSuper#test_super_attr_writer = 0.03 s
[  38/8023] TestSuper#test_optional3 = 0.01 s
[  39/8023] TestSuper#test_optional1 = 0.01 s
[  40/8023] TestSuper#test_optional5 = 0.02 s
[  41/8023] TestSuper#test_super_with_block = 0.02 s
[  42/8023] TestSuper#test_yielding_super = 0.02 s
[  43/8023] TestSuper#test_super_splat = 0.02 s
[  44/8023] TestSuper#test_array2 = 0.01 s
[  45/8023] TestSuper#test_super_attr_reader = 0.02 s
[  46/8023] TestSuper#test_array4 = 0.01 s
[  47/8023] TestSuper#test_super_in_instance_eval_with_define_method = 0.06 s
[  48/8023] TestSuper#test_super_in_BEGIN = 22.11 s
[  49/8023] TestSuper#test_overlaid = 0.03 s
[  50/8023] TestResolvMDNS#test_mdns_each_address = 0.12 s
[  51/8023] TestDateStrptime#test__strptime__2 = 0.16 s
[  52/8023] TestDateStrptime#test_strptime = 0.06 s
[  53/8023] TestDateStrptime#test_given_string = 0.02 s
[  54/8023] TestDateStrptime#test_strptime__ex = 0.05 s
[  55/8023] TestDateStrptime#test__strptime__fail = 0.08 s
[  56/8023] TestDateStrptime#test_strptime__comp = 0.08 s
[  57/8023] TestDateStrptime#test_sz = 0.04 s
[  58/8023] TestDateStrptime#test__strptime = 0.75 s
[  59/8023] TestDateStrptime#test_strptime__2 = 46.59 s
[  60/8023] TestDateStrptime#test_strptime__d_to_s = 0.01 s
[  61/8023] TestDateStrptime#test_strptime__minus = 0.03 s
[  62/8023] TestDateStrptime#test__strptime__3 = 0.29 s
[  63/8023] TestDateStrptime#test__strptime__width = 0.06 s
[  64/8023] Test_StringQSort#test_qsort_slice = 0.02 s
[  65/8023] Test_StringQSort#test_qsort = 0.01 s
[  66/8023] TestSymbol#test_to_proc = 0.03 s
[  67/8023] TestSymbol#test_to_proc_iseq = 11.78 s
[  68/8023] TestSymbol#test_inspect = 0.08 s
[  69/8023] TestSymbol#test_eq_can_be_redefined = 2.53 s
[  70/8023] TestSymbol#test_to_proc_binding = 11.69 s
[  71/8023] TestSymbol#test_singleton_method = 0.02 s
[  72/8023] TestSymbol#test_to_proc_lambda_with_refinements = 0.01 s
[  73/8023] TestSymbol#test_to_proc_call_with_symbol_proc = 0.01 s
[  74/8023] TestSymbol#test_all_symbols = 2.03 s
[  75/8023] TestSymbol#test_match_p_string = 0.04 s
[  76/8023] TestSymbol#test_hash_nondeterministic = 19.77 s
[  77/8023] TestSymbol#test_block_method_to_proc = 11.69 s
[  78/8023] TestSymbol#test_to_proc_new_proc = 15.47 s
[  79/8023] TestSymbol#test_match_method = 0.03 s
[  80/8023] TestSymbol#test_to_proc_arg = 11.68 s
[  81/8023] TestSymbol#test_inspect_invalid = 0.22 s
[  82/8023] TestSymbol#test_match_p_regexp = 0.02 s
[  83/8023] TestSymbol#test_frozen_symbol = 0.02 s
[  84/8023] TestSymbol#test_hash_redefinition = 12.20 s
[  85/8023] TestSymbol#test_block_given_to_proc = 0.01 s
[  86/8023] TestSymbol#test_cmp = 0.01 s
[  87/8023] TestSymbol#test_instance_eval = 0.02 s
[  88/8023] TestSymbol#test_to_proc_yield = 11.82 s
[  89/8023] TestSymbol#test_succ = 0.02 s
[  90/8023] TestSymbol#test_intern = 0.02 s
[  91/8023] TestSymbol#test_case = 0.02 s
[  92/8023] TestSymbol#test_start_with? = 0.03 s
[  93/8023] TestSymbol#test_empty = 0.01 s
[  94/8023] TestSymbol#test_to_proc_for_hash_each = 9.83 s
[  95/8023] TestSymbol#test_block_curry_proc = 11.94 s
[  96/8023] TestSymbol#test_to_proc_lambda? = 0.01 s
[  97/8023] TestSymbol#test_to_proc_arg_with_refinements_override = 0.02 s
[  98/8023] TestSymbol#test_length = 0.01 s
[  99/8023] TestSymbol#test_to_proc_instance_exec = 0.02 s
[ 100/8023] TestSymbol#test_inspect_dollar = 0.05 s
[ 101/8023] TestSymbol#test_inspect_suboptimal = 0.21 s
[ 102/8023] TestSymbol#test_ascii_incomat_inspect = 0.25 s
[ 103/8023] TestSymbol#test_inspect_under_gc_compact_stress = 441.32 s
[ 104/8023] TestSymbol#test_block_curry_lambda = 11.70 s
[ 105/8023] TestSymbol#test_symbol_encoding = 0.09 s
[ 106/8023] TestSymbol#test_symbol_popped = 0.02 s
[ 107/8023] TestSymbol#test_casecmp? = 0.02 s
[ 108/8023] TestSymbol#test_to_proc_arity = 0.01 s
[ 109/8023] TestSymbol#test_to_proc_arg_with_refinements_undefined = 0.02 s
[ 110/8023] TestSymbol#test_call = 0.02 s
[ 111/8023] TestSymbol#test_casecmp = 0.01 s
[ 112/8023] TestSymbol#test_to_proc_no_method = 11.71 s
[ 113/8023] TestSymbol#test_symbol_gc_1 = 11.02 s
[ 114/8023] TestSymbol#test_block_persist_between_calls = 0.02 s
[ 115/8023] TestSymbol#test_instance_exec = 0.02 s
[ 116/8023] TestSymbol#test_inspect_number = 0.02 s
[ 117/8023] TestSymbol#test_MATCH = 0.02 s
[ 118/8023] TestSymbol#test_name = 0.01 s
[ 119/8023] TestSymbol#test_dynamic_attrset_id = 0.02 s
[ 120/8023] TestSymbol#test_return_from_symbol_proc = 0.01 s
[ 121/8023] TestSymbol#test_end_with? = 0.01 s
[ 122/8023] TestSymbol#test_to_proc_arg_with_refinements = 0.01 s
[ 123/8023] TestSymbol#test_to_proc_arity_with_refinements = 0.01 s
[ 124/8023] TestDigest::TestSHA1#test_eq = 0.04 s
[ 125/8023] TestDigest::TestSHA1#test_s_base64digest = 0.02 s
[ 126/8023] TestDigest::TestSHA1#test_alignment = 0.01 s
[ 127/8023] TestDigest::TestSHA1#test_bubblebabble_class = 0.01 s
[ 128/8023] TestDigest::TestSHA1#test_s_hexdigest = 0.02 s
[ 129/8023] TestDigest::TestSHA1#test_instance_eval = 0.01 s
[ 130/8023] TestDigest::TestSHA1#test_update = 0.01 s
[ 131/8023] TestDigest::TestSHA1#test_bubblebabble = 0.01 s
[ 132/8023] TestDigest::TestSHA1#test_bubblebabble_instance = 0.01 s
[ 133/8023] TestDigest::TestSHA1#test_s_digest = 0.02 s
[ 134/8023] TestDigest::TestSHA1#test_s_file = 0.05 s
[ 135/8023] TestDigest::TestSHA1#test_s_new = 0.02 s
[ 136/8023] TestISO8859#test_iso_8859_14 = 0.52 s
[ 137/8023] TestISO8859#test_iso_8859_16 = 0.48 s
[ 138/8023] TestISO8859#test_iso_8859_10 = 0.45 s
[ 139/8023] TestISO8859#test_iso_8859_8 = 0.24 s
[ 140/8023] TestISO8859#test_iso_8859_2 = 0.43 s
[ 141/8023] TestISO8859#test_iso_8859_4 = 0.43 s
[ 142/8023] TestISO8859#test_iso_8859_6 = 0.19 s
[ 143/8023] TestISO8859#test_iso_8859_9 = 0.43 s
[ 144/8023] TestISO8859#test_iso_8859_7 = 0.63 s
[ 145/8023] TestISO8859#test_iso_8859_5 = 0.60 s
[ 146/8023] TestISO8859#test_iso_8859_3 = 0.47 s
[ 147/8023] TestISO8859#test_iso_8859_1 = 0.41 s
[ 148/8023] TestISO8859#test_iso_8859_13 = 0.41 s
[ 149/8023] TestISO8859#test_iso_8859_11 = 0.30 s
[ 150/8023] TestISO8859#test_iso_8859_15 = 0.41 s
[ 151/8023] TestBignum_Mul#test_mul_karatsuba_odd_xy = 0.02 s
[ 152/8023] TestBignum_Mul#test_mul_normal_zero_in_y = 0.01 s
[ 153/8023] TestBignum_Mul#test_mul_normal = 0.01 s
[ 154/8023] TestBignum_Mul#test_mul_karatsuba_y1_gt_y0 = 0.01 s
[ 155/8023] TestBignum_Mul#test_mul_normal_max_max = 0.01 s
[ 156/8023] TestBignum_Mul#test_mul_balance_2x16 = 0.01 s
[ 157/8023] TestBignum_Mul#test_sq_fast_max2 = 0.01 s
[ 158/8023] TestBignum_Mul#test_sq_fast = 0.01 s
[ 159/8023] TestBignum_Mul#test_mul_gmp = 0.02 s
[ 160/8023] TestBignum_Mul#test_sq_fast_zero_in_middle = 0.01 s
[ 161/8023] TestBignum_Mul#test_mul_karatsuba_x1_gt_x0 = 0.01 s
[ 162/8023] TestBignum_Mul#test_mul_balance_2x17 = 0.01 s
[ 163/8023] TestBignum_Mul#test_mul_karatsuba = 0.01 s
[ 164/8023] TestBignum_Mul#test_mul_karatsuba_borrow = 0.01 s
[ 165/8023] TestBignum_Mul#test_mul_karatsuba_odd_y = 0.01 s
[ 166/8023] TestBignum_Mul#test_mul_karatsuba_x1_gt_x0_and_y1_gt_y0 = 0.01 s
[ 167/8023] TestBignum_Mul#test_mul_normal_zero_in_x = 0.01 s
[ 168/8023] TestBignum_Mul#test_mul_toom3 = 0.01 s
[ 169/8023] TestBignum_Mul#test_mul_balance = 0.01 s
[ 170/8023] TestBignum_Mul#test_mul_karatsuba_carry2 = 0.01 s
[ 171/8023] Test_StringCapacity#test_s_new_capacity = 0.03 s
[ 172/8023] Test_StringCapacity#test_capacity_embedded = 0.02 s
[ 173/8023] Test_StringCapacity#test_io_read = 0.03 s
[ 174/8023] Test_StringCapacity#test_capacity_fstring = 0.01 s
[ 175/8023] Test_StringCapacity#test_literal_capacity = 0.02 s
[ 176/8023] Test_StringCapacity#test_capacity_frozen = 0.17 s
[ 177/8023] Test_StringCapacity#test_capacity_shared = 0.01 s
[ 178/8023] Test_StringCapacity#test_capacity_normal = 0.01 s
[ 179/8023] TestBignum#test_eq = 0.03 s
[ 180/8023] TestBignum#test_prepare = 0.04 s
[ 181/8023] TestBignum#test_finite_p = 0.01 s
[ 182/8023] TestBignum#test_coerce = 0.04 s
[ 183/8023] TestBignum#test_or = 0.02 s
[ 184/8023] TestBignum#test_even = 0.01 s
[ 185/8023] TestBignum#test_remainder = 0.02 s
[ 186/8023] TestBignum#test_bitwise_and_with_integer_mimic_object = 0.02 s
[ 187/8023] TestBignum#test_xor_with_rational = 0.03 s
[ 188/8023] TestBignum#test_eql = 0.01 s
[ 189/8023] TestBignum#test_positive_p = 0.01 s
[ 190/8023] TestBignum#test_singleton_method = 0.01 s
[ 191/8023] TestBignum#test_plus = 0.02 s
[ 192/8023] TestBignum#test_to_f = 0.04 s
[ 193/8023] TestBignum#test_and = 0.01 s
[ 194/8023] TestBignum#test_bitwise_xor_with_integer_mimic_object = 0.01 s
[ 195/8023] TestBignum#test_divide = 0.02 s
[ 196/8023] TestBignum#test_float_fdiv = 0.02 s
[ 197/8023] TestBignum#test_odd = 0.01 s
[ 198/8023] TestBignum#test_to_s2 = 1.08 s
[ 199/8023] TestBignum#test_minus = 0.01 s
[ 200/8023] TestBignum#test_digits_for_non_numeric_base_argument = 0.02 s
[ 201/8023] TestBignum#test_int2inum = 0.01 s
[ 202/8023] TestBignum#test_and_with_nonintegral_numeric = 0.02 s
[ 203/8023] TestBignum#test_calc = 0.02 s
[ 204/8023] TestBignum#test_quo = 0.04 s
[ 205/8023] TestBignum#test_xor = 0.02 s
[ 206/8023] TestBignum#test_sub = 0.02 s
[ 207/8023] TestBignum#test_idiv = 0.01 s
[ 208/8023] TestBignum#test_convert = 0.01 s
[ 209/8023] TestBignum#test_xor_with_float = 0.01 s
[ 210/8023] TestBignum#test_digits_for_negative_numbers = 0.02 s
[ 211/8023] TestBignum#test_shift2 = 0.03 s
[ 212/8023] TestBignum#test_hash = 0.01 s
[ 213/8023] TestBignum#test_too_big_to_s = 0.01 s
[ 214/8023] TestBignum#test_obj_fdiv = 0.02 s
[ 215/8023] TestBignum#test_and_with_rational = 0.02 s
[ 216/8023] TestBignum#test_cmp = 0.02 s
[ 217/8023] TestBignum#test_and_with_float = 0.02 s
[ 218/8023] TestBignum#test_digits_for_non_integral_base_numbers = 0.04 s
[ 219/8023] TestBignum#test_or_with_rational = 0.01 s
[ 220/8023] TestBignum#test_xor_with_nonintegral_numeric = 0.02 s
[ 221/8023] TestBignum#test_str_to_inum = 0.04 s
[ 222/8023] TestBignum#test_bignum = 0.60 s
[ 223/8023] TestBignum#test_bitwise_or_with_integer_mimic_object = 0.02 s
[ 224/8023] TestBignum#test_shift_bigshift = 0.03 s
[ 225/8023] TestBignum#test_digits_for_invalid_base_numbers = 0.03 s
[ 226/8023] TestBignum#test_very_big_str_to_inum = 12.72 s
[ 227/8023] TestBignum#test_shift = 0.01 s
[ 228/8023] TestBignum#test_divrem = 0.01 s
[ 229/8023] TestBignum#test_big_2comp = 0.01 s
[ 230/8023] TestBignum#test_infinite_p = 0.01 s
[ 231/8023] TestBignum#test_negative_p = 0.01 s
[ 232/8023] TestBignum#test_div = 0.02 s
[ 233/8023] TestBignum#test_mul = 0.02 s
[ 234/8023] TestBignum#test_pow = 0.36 s
[ 235/8023] TestBignum#test_fix_fdiv = 0.01 s
[ 236/8023] TestBignum#test_interrupt_during_bigdivrem = 36.30 s
[ 237/8023] TestBignum#test_size = 0.01 s
[ 238/8023] TestBignum#test_aref = 0.02 s
[ 239/8023] TestBignum#test_frozen = 0.01 s
[ 240/8023] TestBignum#test_modulo = 0.01 s
[ 241/8023] TestBignum#test_quad_pack = 0.02 s
[ 242/8023] TestBignum#test_big_fdiv = 0.02 s
[ 243/8023] TestBignum#test_digits = 0.03 s
[ 244/8023] TestBignum#test_interrupt_during_to_s = 2.02 s
[ 245/8023] TestBignum#test_mul_large_numbers = 0.04 s
[ 246/8023] TestBignum#test_or_with_float = 0.02 s
[ 247/8023] TestBignum#test_mul_balance = 0.03 s
[ 248/8023] TestBignum#test_or_with_nonintegral_numeric = 0.01 s
[ 249/8023] TestBignum#test_to_s = 0.09 s
[ 250/8023] TestBignum#test_divmod = 0.01 s
[ 251/8023] TestBignum#test_abs = 0.01 s
[ 252/8023] TestThreadInstrumentation#test_thread_blocked_temporarily_on_mutex = 0.52 s
[ 253/8023] TestThreadInstrumentation#test_io_release_gvl = 0.12 s
[ 254/8023] TestThreadInstrumentation#test_thread_instrumentation_unregister = 0.06 s
[ 255/8023] TestThreadInstrumentation#test_thread_pass_multi_thread = 0.19 s
[ 256/8023] TestThreadInstrumentation#test_single_thread_timeline = 0.07 s
[ 257/8023] TestThreadInstrumentation#test_sleeping_inside_ractor = 12.66 s
[ 258/8023] TestThreadInstrumentation#test_thread_pass_single_thread = 0.06 s
[ 259/8023] TestThreadInstrumentation#test_join_suspends = 0.45 s
[ 260/8023] TestThreadInstrumentation#test_blocking_on_ractor = 12.35 s
[ 261/8023] TestThreadInstrumentation#test_thread_instrumentation_fork_safe = 29.77 s
[ 262/8023] TestThreadInstrumentation#test_thread_blocked_forever_on_mutex = 0.23 s
[ 263/8023] TestThreadInstrumentation#test_multi_thread_timeline = 103.34 s
[ 264/8023] TestThreadInstrumentation#test_queue_releases_gvl = 0.11 s
[ 265/8023] TestContinuation#test_create = 0.05 s
[ 266/8023] TestContinuation#test_tracing_with_thread_set_trace_func = 0.03 s
[ 267/8023] TestContinuation#test_ary_flatten = 0.03 s
[ 268/8023] TestContinuation#test_error = 0.03 s
[ 269/8023] TestContinuation#test_check_localvars = 0.03 s
[ 270/8023] TestContinuation#test_call = 0.03 s
[ 271/8023] TestContinuation#test_marshal_dump = 0.03 s
[ 272/8023] TestIseqLoad#test_hidden = 0.12 s
[ 273/8023] TestIseqLoad#test_next_in_block_in_block = 0.06 s
[ 274/8023] TestIseqLoad#test_require_integration = 0.03 s
[ 275/8023] TestIseqLoad#test_break_ensure = 0.09 s
[ 276/8023] TestIseqLoad#test_splatsplat = 0.04 s
[ 277/8023] TestIseqLoad#test_bug8543 = 0.09 s
[ 278/8023] TestIseqLoad#test_kwarg = 0.05 s
[ 279/8023] TestIseqLoad#test_stressful_roundtrip = 277.11 s
[ 280/8023] TestIseqLoad#test_case_when = 0.20 s
[ 281/8023] TestIRB::ColorTest#test_colorize_code = 16.78 s
[ 282/8023] TestIRB::ColorTest#test_inspect_colorable = 0.07 s
[ 283/8023] TestIRB::ColorTest#test_colorize_code_complete_true = 0.25 s
[ 284/8023] TestIRB::ColorTest#test_colorize_code_complete_false = 0.25 s
[ 285/8023] TestIRB::ColorTest#test_colorize = 0.49 s
[ 286/8023] TestIRB::ColorTest#test_colorize_code_with_local_variables = 0.24 s
[ 287/8023] URI::TestHTTP#test_parse = 0.04 s
[ 288/8023] URI::TestHTTP#test_normalize = 0.04 s
[ 289/8023] URI::TestHTTP#test_request_uri = 0.03 s
[ 290/8023] URI::TestHTTP#test_equal = 0.04 s
[ 291/8023] URI::TestHTTP#test_authority = 0.02 s
[ 292/8023] URI::TestHTTP#test_build = 0.03 s
[ 293/8023] URI::TestHTTP#test_origin = 0.03 s
[ 294/8023] URI::TestHTTP#test_select = 0.03 s
[ 295/8023] TestIRB::InputTest#test_evaluate_still_emits_warning = 0.06 s
[ 296/8023] TestIRB::InputTest#test_empty_input_echoing_behaviour = 0.04 s
[ 297/8023] TestIRB::InputTest#test_commands_dont_override_stored_last_result = 0.04 s
[ 298/8023] TestIRB::InputTest#test_symbol_aliases_are_handled_correctly = 0.04 s
[ 299/8023] TestIRB::InputTest#test_symbol_aliases_are_handled_correctly_with_singleline_mode = 0.04
 s
[ 300/8023] TestIRB::InputTest#test_underscore_stores_last_result = 0.04 s
[ 301/8023] TestIRB::InputTest#test_symbol_aliases_dont_affect_ruby_syntax = 0.04 s
[ 302/8023] TestIRB::InputTest#test_evaluate_with_encoding_error_without_lineno = 0.04 s
[ 303/8023] TestSignal#test_signal_list_dedupe_keys = 0.03 s
[ 304/8023] TestSignal#test_trap_uncatchable_STOP = 0.02 s
[ 305/8023] TestSignal#test_hup_me = 11.85 s
[ 306/8023] TestSignal#test_signame = 0.21 s
[ 307/8023] TestSignal#test_sigexit = 12.29 s
[ 308/8023] TestSignal#test_ignored_interrupt = 24.69 s
[ 309/8023] TestSignal#test_signame_delivered = 24.63 s
[ 310/8023] TestSignal#test_sigwait_fd_unused = 16.34 s
[ 311/8023] TestSignal#test_kill_immediately_before_termination = 2.46 s
[ 312/8023] TestSignal#test_trap_puts = 2.62 s
[ 313/8023] TestSignal#test_signal = 0.05 s
[ 314/8023] TestSignal#test_self_stop = 6.46 s
[ 315/8023] TestSignal#test_interrupt = 0.02 s
[ 316/8023] TestSignal#test_invalid_signal_name = 0.03 s
[ 317/8023] TestSignal#test_signal_exception = 0.18 s
[ 318/8023] TestSignal#test_reserved_signal = 0.02 s
[ 319/8023] TestSignal#test_trap_system_default = 11.74 s
[ 320/8023] TestSignal#test_exit_action = 2.62 s
[ 321/8023] TestSignal#test_signal2 = 11.01 s
[ 322/8023] TestSignal#test_trap_uncatchable_KILL = 0.01 s
[ 323/8023] TestSignal#test_trap = 0.05 s
[ 324/8023] TestSocketAncData#test_unix_rights = 0.03 s
[ 325/8023] TestSocketAncData#test_int = 0.01 s
[ 326/8023] TestSocketAncData#test_ipv6_pktinfo = 0.07 s
[ 327/8023] TestSocketAncData#test_ip_pktinfo = 0.02 s
[ 328/8023] Test_FileStat#test_stat_for_path = 0.02 s
[ 329/8023] Test_FileStat#test_stat_for_fd = 0.01 s
[ 330/8023] TestGemCommandsOutdatedCommand#test_execute = 1.21 s
[ 331/8023] TestGemCommandsOutdatedCommand#test_execute_with_up_to_date_platform_specific_gem = 0.91
 s
[ 332/8023] TestGemCommandsOutdatedCommand#test_initialize = 1.07 s
[ 333/8023] TestGemNameTuple#test_spec_name = 0.46 s
[ 334/8023] TestGemNameTuple#test_platform_normalization = 0.47 s
[ 335/8023] TestGemNameTuple#test_spaceship = 0.45 s
[ 336/8023] TestGemNameTuple#test_full_name = 0.44 s
[ 337/8023] TestGemRequestSetLockfile#test_to_s_gem_path_absolute = 1.00 s
[ 338/8023] TestGemRequestSetLockfile#test_to_s_git = 0.56 s
[ 339/8023] TestGemRequestSetLockfile#test_relative_path_from = 0.48 s
[ 340/8023] TestGemRequestSetLockfile#test_write = 0.48 s
[ 341/8023] TestGemRequestSetLockfile#test_add_DEPENDENCIES_from_gem_deps = 1.54 s
[ 342/8023] TestGemRequestSetLockfile#test_to_s_gem_platform = 1.35 s
[ 343/8023] TestGemRequestSetLockfile#test_to_s_gem_dependency_non_default = 1.48 s
[ 344/8023] TestGemRequestSetLockfile#test_add_PLATFORMS = 1.48 s
[ 345/8023] TestGemRequestSetLockfile#test_add_GEM = 1.58 s
[ 346/8023] TestGemRequestSetLockfile#test_to_s_gem_dependency_requirement = 1.48 s
[ 347/8023] TestGemRequestSetLockfile#test_to_s_gem_source = 0.88 s
[ 348/8023] TestGemRequestSetLockfile#test_to_s_gem_path = 0.87 s
[ 349/8023] TestGemRequestSetLockfile#test_to_s_gem_dependency = 1.59 s
[ 350/8023] TestGemRequestSetLockfile#test_write_error = 0.78 s
[ 351/8023] TestGemRequestSetLockfile#test_add_DEPENDENCIES = 1.34 s
[ 352/8023] TestGemRequestSetLockfile#test_to_s_gem = 1.36 s
[ 353/8023] TestIfUnless#test_if_unless = 0.01 s
[ 354/8023] TestGemCommandsPristineCommand#test_execute_only_plugins = 0.89 s
[ 355/8023] TestGemCommandsPristineCommand#test_execute_with_extension_with_build_args = 0.85 s
[ 356/8023] TestGemCommandsPristineCommand#test_execute = 0.85 s
[ 357/8023] TestGemCommandsPristineCommand#test_execute_user_install = 0.86 s
[ 358/8023] TestGemCommandsPristineCommand#test_execute_multi_platform = 1.18 s
[ 359/8023] TestGemCommandsPristineCommand#test_execute_many_multi_repo = 0.81 s
[ 360/8023] TestGemCommandsPristineCommand#test_execute_all = 0.83 s
[ 361/8023] TestGemCommandsPristineCommand#test_execute_no_gem = 0.63 s
[ 362/8023] TestGemCommandsPristineCommand#test_handle_options_extensions = 1.30 s
[ 363/8023] TestGemCommandsPristineCommand#test_execute_extensions_explicit = 0.76 s
[ 364/8023] TestGemCommandsPristineCommand#test_execute_missing_cache_gem_when_multi_repo = 0.89 s
[ 365/8023] TestGemCommandsPristineCommand#test_execute_missing_cache_gem = 0.92 s
[ 366/8023] TestGemCommandsPristineCommand#test_execute_only_executables = 0.84 s
[ 367/8023] TestGemCommandsPristineCommand#test_skip = 0.84 s
[ 368/8023] TestGemCommandsPristineCommand#test_execute_no_extension = 0.83 s
[ 369/8023] TestGemCommandsPristineCommand#test_handle_options = 1.40 s
[ 370/8023] TestGemCommandsPristineCommand#test_execute_unknown_gem_at_remote_source = 0.84 s
[ 371/8023] TestGemCommandsPristineCommand#test_execute_env_shebang = 0.85 s
[ 372/8023] TestGemCommandsPristineCommand#test_skip_many_gems = 0.83 s
[ 373/8023] TestGemCommandsPristineCommand#test_execute_bindir = 0.88 s
[ 374/8023] TestGemCommandsPristineCommand#test_execute_many = 0.83 s
[ 375/8023] TestGemCommandsPristineCommand#test_execute_default_gem = 1.38 s
[ 376/8023] TestGemCommandsPristineCommand#test_execute_extensions_only_missing_extensions = 0.86 s
[ 377/8023] TestGemCommandsExecCommand#test_version_mismatch = 0.90 s
[ 378/8023] TestGemCommandsExecCommand#test_gem_with_platform_and_platform_dependencies = 0.95 s
[ 379/8023] TestGemCommandsExecCommand#test_pre_version_option = 0.93 s
[ 380/8023] TestGemCommandsExecCommand#test_gem_with_executable_error = 0.92 s
[ 381/8023] TestGemCommandsExecCommand#test_gem_exec_gem_uninstall = 0.93 s
[ 382/8023] TestGemCommandsExecCommand#test_single_arg_parsing_with_version = 1.00 s
[ 383/8023] TestGemCommandsExecCommand#test_other_gem_contains_executable = 0.84 s
[ 384/8023] TestGemCommandsExecCommand#test_gem_with_multiple_executables_no_match = 0.93 s
[ 385/8023] TestGemCommandsExecCommand#test_gem_with_other_executable_name = 0.93 s
[ 386/8023] TestGemCommandsExecCommand#test_gem_with_executable = 0.94 s
[ 387/8023] TestGemCommandsExecCommand#test_error_with_no_arguments = 1.02 s
[ 388/8023] TestGemCommandsExecCommand#test_gem_with_platforms = 0.86 s
[ 389/8023] TestGemCommandsExecCommand#test_pre_argument = 0.93 s
[ 390/8023] TestGemCommandsExecCommand#test_gem_dependency_contains_other_executable = 0.91 s
[ 391/8023] TestGemCommandsExecCommand#test_only_prerelease_available = 1.31 s
[ 392/8023] TestGemCommandsExecCommand#test_conservative_missing_gem = 0.94 s
[ 393/8023] TestGemCommandsExecCommand#test_error_with_no_executable = 1.13 s
[ 394/8023] TestGemCommandsExecCommand#test_gem_dependency_contains_executable = 0.83 s
[ 395/8023] TestGemCommandsExecCommand#test_newer_prerelease_available = 1.02 s
[ 396/8023] TestGemCommandsExecCommand#test_missing_gem = 1.57 s
[ 397/8023] TestGemCommandsExecCommand#test_uses_newest_version = 0.92 s
[ 398/8023] TestGemCommandsExecCommand#test_gem_with_platform_dependencies = 1.03 s
[ 399/8023] TestGemCommandsExecCommand#test_gem_without_executable = 0.90 s
[ 400/8023] TestGemCommandsExecCommand#test_gem_with_multiple_executables_one_match = 1.02 s
[ 401/8023] TestGemCommandsExecCommand#test_full_option_parsing = 1.02 s
[ 402/8023] TestGemCommandsExecCommand#test_uses_newest_version_of_dependency = 0.89 s
[ 403/8023] TestGemCommandsExecCommand#test_conservative = 0.94 s
[ 404/8023] TestGemCommandsExecCommand#test_single_arg_parsing = 1.03 s
[ 405/8023] TestIRB::WorkspacesTest#test_workspaces_returns_the_stack_of_workspaces = 0.30 s
[ 406/8023] TestSocket_UDPSocket#test_inspect = 0.03 s
[ 407/8023] TestSocket_UDPSocket#test_bind = 0.02 s
[ 408/8023] TestSocket_UDPSocket#test_bind_addrinuse = 0.03 s
[ 409/8023] TestSocket_UDPSocket#test_send_too_long = 0.03 s
[ 410/8023] TestSocket_UDPSocket#test_open = 0.01 s
[ 411/8023] TestSocket_UDPSocket#test_connect = 0.01 s
[ 412/8023] TestBignum_Div#test_divrem_normal = 0.02 s
[ 413/8023] TestBignum_Div#test_divrem_gmp = 0.01 s
[ 414/8023] TestGemRequestSetGemDependencyAPI#test_gem = 0.50 s
[ 415/8023] TestGemRequestSetGemDependencyAPI#test_gem_platforms = 0.56 s
[ 416/8023] TestGemRequestSetGemDependencyAPI#test_gemspec_bad = 0.58 s
[ 417/8023] TestGemRequestSetGemDependencyAPI#test_platform_multiple = 0.57 s
[ 418/8023] TestGemRequestSetGemDependencyAPI#test_ruby_engine_no_engine_version = 0.45 s
[ 419/8023] TestGemRequestSetGemDependencyAPI#test_gem_requires = 0.46 s
[ 420/8023] TestGemRequestSetGemDependencyAPI#test_gem_git_submodules = 0.45 s
[ 421/8023] TestGemRequestSetGemDependencyAPI#test_gem_github_expand_path = 0.45 s
[ 422/8023] TestGemRequestSetGemDependencyAPI#test_gem_groups = 0.45 s
[ 423/8023] TestGemRequestSetGemDependencyAPI#test_platform_mswin = 0.45 s
[ 424/8023] TestGemRequestSetGemDependencyAPI#test_gem_path = 0.53 s
[ 425/8023] TestGemRequestSetGemDependencyAPI#test_ruby_mismatch_installing = 0.44 s
[ 426/8023] TestGemRequestSetGemDependencyAPI#test_ruby = 0.43 s
[ 427/8023] TestGemRequestSetGemDependencyAPI#test_gemspec_development_group = 0.55 s
[ 428/8023] TestGemRequestSetGemDependencyAPI#test_gem_github = 0.45 s
[ 429/8023] TestGemRequestSetGemDependencyAPI#test_gem_git_ref = 0.56 s
[ 430/8023] TestGemRequestSetGemDependencyAPI#test_gemspec = 0.63 s
[ 431/8023] TestGemRequestSetGemDependencyAPI#test_gem_git_branch = 0.57 s
[ 432/8023] TestGemRequestSetGemDependencyAPI#test_gem_git_gist = 0.52 s
[ 433/8023] TestGemRequestSetGemDependencyAPI#test_gem_group_method = 0.44 s
[ 434/8023] TestGemRequestSetGemDependencyAPI#test_ruby_engine = 0.45 s
[ 435/8023] TestGemRequestSetGemDependencyAPI#test_gem_bitbucket = 0.46 s
[ 436/8023] TestGemRequestSetGemDependencyAPI#test_gem_bitbucket_expand_path = 0.45 s
[ 437/8023] TestGemRequestSetGemDependencyAPI#test_with_engine_version = 0.44 s
[ 438/8023] TestGemRequestSetGemDependencyAPI#test_gem_platforms_maglev = 0.47 s
[ 439/8023] TestGemRequestSetGemDependencyAPI#test_gem_platforms_truffleruby = 0.46 s
[ 440/8023] TestGemRequestSetGemDependencyAPI#test_pin_gem_source = 0.45 s
[ 441/8023] TestGemRequestSetGemDependencyAPI#test_gem_requirements = 0.47 s
[ 442/8023] TestGemRequestSetGemDependencyAPI#test_ruby_mismatch = 0.45 s
[ 443/8023] TestGemRequestSetGemDependencyAPI#test_gem_deps_file = 0.45 s
[ 444/8023] TestGemRequestSetGemDependencyAPI#test_gem_requirement = 0.47 s
[ 445/8023] TestGemRequestSetGemDependencyAPI#test_gemspec_path = 0.54 s
[ 446/8023] TestGemRequestSetGemDependencyAPI#test_git_source = 0.45 s
[ 447/8023] TestGemRequestSetGemDependencyAPI#test_ruby_engine_mismatch_engine = 0.44 s
[ 448/8023] TestGemRequestSetGemDependencyAPI#test_gemspec_none = 0.45 s
[ 449/8023] TestGemRequestSetGemDependencyAPI#test_platforms = 0.88 s
[ 450/8023] TestGemRequestSetGemDependencyAPI#test_gem_platforms_multiple = 0.45 s
[ 451/8023] TestGemRequestSetGemDependencyAPI#test_gem_platforms_engine = 0.46 s
[ 452/8023] TestGemRequestSetGemDependencyAPI#test_load = 0.50 s
[ 453/8023] TestGemRequestSetGemDependencyAPI#test_platform_ruby = 0.45 s
[ 454/8023] TestGemRequestSetGemDependencyAPI#test_gem_platforms_bundler_ruby = 0.49 s
[ 455/8023] TestGemRequestSetGemDependencyAPI#test_gemspec_multiple = 0.53 s
[ 456/8023] TestGemRequestSetGemDependencyAPI#test_group = 0.44 s
[ 457/8023] TestGemRequestSetGemDependencyAPI#test_gem_requires_without_group = 0.44 s
[ 458/8023] TestGemRequestSetGemDependencyAPI#test_gemspec_named = 0.54 s
[ 459/8023] TestGemRequestSetGemDependencyAPI#test_gemspec_without_group = 0.45 s
[ 460/8023] TestGemRequestSetGemDependencyAPI#test_gem_source_mismatch = 0.55 s
[ 461/8023] TestGemRequestSetGemDependencyAPI#test_gem_group = 0.45 s
[ 462/8023] TestGemRequestSetGemDependencyAPI#test_gempspec_with_multiple_runtime_deps = 0.53 s
[ 463/8023] TestGemRequestSetGemDependencyAPI#test_ruby_engine_mismatch_version = 0.44 s
[ 464/8023] TestGemRequestSetGemDependencyAPI#test_gem_git = 0.46 s
[ 465/8023] TestGemRequestSetGemDependencyAPI#test_git = 0.46 s
[ 466/8023] TestGemRequestSetGemDependencyAPI#test_gem_group_without = 0.45 s
[ 467/8023] TestGemRequestSetGemDependencyAPI#test_gem_platforms_version = 0.46 s
[ 468/8023] TestGemRequestSetGemDependencyAPI#test_gem_duplicate = 0.56 s
[ 469/8023] TestGemRequestSetGemDependencyAPI#test_gem_git_tag = 0.52 s
[ 470/8023] TestGemRequestSetGemDependencyAPI#test_gem_platforms_unknown = 0.46 s
[ 471/8023] TestGemRequestSetGemDependencyAPI#test_gemspec_name = 0.58 s
[ 472/8023] TestGemRequestSetGemDependencyAPI#test_gem_platforms_platform = 0.45 s
[ 473/8023] TestGemRequestSetGemDependencyAPI#test_gem_requirements_options = 0.45 s
[ 474/8023] TestGemRequestSetGemDependencyAPI#test_source = 0.46 s
[ 475/8023] TestGemRequestSetGemDependencyAPI#test_gem_requires_false = 0.45 s
[ 476/8023] UncorrectableNameCheckTest#test_message = 0.02 s
[ 477/8023] TestIRB::ForceExitTest#test_forced_exit_in_nested_sessions = 0.05 s
[ 478/8023] TestIRB::ForceExitTest#test_forced_exit_finishes_process_immediately = 0.04 s
[ 479/8023] TestGemRequire#test_require_bundler = 0.83 s
[ 480/8023] TestGemRequire#test_default_gem_with_unresolved_gems_depending_on_it = 0.89 s
[ 481/8023] TestGemRequire#test_dash_i_beats_default_gems = 2.02 s
[ 482/8023] TestGemRequire#test_expected_backtrace_location_when_inheriting_from_basic_object_and_in
cluding_kernel = 19.64 s
[ 483/8023] TestGemRequire#test_require_works_after_cleanup = 1.81 s
[ 484/8023] TestGemRequire#test_require_default_when_gem_defined = 1.54 s
[ 485/8023] TestGemRequire#test_require_when_gem_defined = 1.00 s
[ 486/8023] TestGemRequire#test_require_does_not_crash_when_utilizing_bundler_version_finder = 1.54
s
[ 487/8023] TestGemRequire#test_no_other_behavioral_changes_with_Kernel_warn = 13.13 s
[ 488/8023] TestGemRequire#test_require_is_not_lazy_with_exact_req = 0.95 s
[ 489/8023] TestGemRequire#test_no_kernel_require_in_warn_with_uplevel = 13.13 s
[ 490/8023] TestGemRequire#test_default_gem_required_circulary_with_unresolved_gems_depending_on_it
= 0.96 s
[ 491/8023] TestGemRequire#test_multiple_gems_with_the_same_path = 0.93 s
[ 492/8023] TestGemRequire#test_activate_via_require_respects_loaded_default_from_default_gems = 1.3
8 s
[ 493/8023] TestGemRequire#test_require_doesnt_traverse_development_dependencies = 1.53 s
[ 494/8023] TestGemRequire#test_require_is_not_lazy_with_shadowed_default_gem = 1.26 s
[ 495/8023] TestGemRequire#test_already_activated_direct_conflict = 0.93 s
[ 496/8023] TestGemRequire#test_unable_to_find_good_unresolved_version = 0.91 s
[ 497/8023] TestGemRequire#test_concurrent_require = 0.92 s
[ 498/8023] TestGemRequire#test_default_gem_and_normal_gem_same_version = 1.97 s
[ 499/8023] TestGemRequire#test_normal_gem_does_not_shadow_default_gem = 1.22 s
[ 500/8023] TestGemRequire#test_dash_i_respects_default_library_extension_priority = 0.76 s
[ 501/8023] TestGemRequire#test_dash_i_beats_gems = 0.82 s
[ 502/8023] TestGemRequire#test_activate_via_require_respects_loaded_files = 0.54 s
[ 503/8023] TestGemRequire#test_no_crash_when_overriding_warn_with_warning_module = 13.11 s
[ 504/8023] TestGemRequire#test_require_is_not_lazy_with_one_possible = 0.94 s
[ 505/8023] TestGemRequire#test_respect_loaded_features_caching_like_standard_require = 5.83 s
[ 506/8023] TestGemRequire#test_realworld_default_gem = 1.40 s
[ 507/8023] TestGemRequire#test_realworld_upgraded_default_gem = 0.46 s
[ 508/8023] TestGemRequire#test_default_gem_and_normal_gem = 1.20 s
[ 509/8023] TestGemRequire#test_require_can_use_a_pathname_object = 0.90 s
[ 510/8023] TestGemRequire#test_default_gem_only = 0.99 s
[ 511/8023] TestGemRequire#test_second_gem_require_does_not_resolve_path_manually_before_going_throu
gh_standard_require = 1.44 s
[ 512/8023] TestGemRequire#test_default_gem_require_activates_just_once = 0.99 s
[ 513/8023] TestGemRequire#test_default_gem_prerelease = 1.82 s
[ 514/8023] TestGemRequire#test_no_kernel_require_in_Kernel_warn_with_uplevel = 13.18 s
[ 515/8023] TestGemRequire#test_require_is_lazy_with_inexact_req = 0.98 s
[ 516/8023] TestGemRequire#test_normal_gems_with_overridden_load_error_message = 0.93 s
[ 517/8023] TestGemRequire#test_no_other_behavioral_changes_with_warn = 13.15 s
[ 518/8023] TestGemRequire#test_try_activate_error_unlocks_require_monitor = 0.82 s
[ 519/8023] TestGemSpecification#test_self_activate_via_require_wtf = 1.00 s
[ 520/8023] TestGemSpecification#test_validate_for_resolution_validates_duplicate_dependencies = 1.2
3 s
[ 521/8023] TestGemSpecification#test_to_yaml_platform_original_platform_nil = 0.66 s
[ 522/8023] TestGemSpecification#test_authors = 0.55 s
[ 523/8023] TestGemSpecification#test_files_append = 0.48 s
[ 524/8023] TestGemSpecification#test_validate_nil_license = 1.60 s
[ 525/8023] TestGemSpecification#test_find_all_by_full_name = 1.89 s
[ 526/8023] TestGemSpecification#test_to_yaml_platform_no_specific_platform = 0.74 s
[ 527/8023] TestGemSpecification#test_self_activate_over = 1.63 s
[ 528/8023] TestGemSpecification#test_validate_empty_summary = 0.70 s
[ 529/8023] TestGemSpecification#test_eql_eh_extensions = 0.49 s
[ 530/8023] TestGemSpecification#test_self_activate_ambiguous_indirect = 0.88 s
[ 531/8023] TestGemSpecification#test_validate_files = 0.72 s
[ 532/8023] TestGemSpecification#test_require_should_prefer_reachable_gems = 0.89 s
[ 533/8023] TestGemSpecification#test_require_should_prefer_latest_gem_level1 = 0.96 s
[ 534/8023] TestGemSpecification#test_contains_requirable_file_eh = 0.58 s
[ 535/8023] TestGemSpecification#test_self_load = 0.54 s
[ 536/8023] TestGemSpecification#test_metadata_link_validation_warns_for_duplicates = 0.73 s
[ 537/8023] TestGemSpecification#test_initialize_copy = 0.61 s
[ 538/8023] TestGemSpecification#test_self_normalize_yaml_input_with_183_io = 0.48 s
[ 539/8023] TestGemSpecification#test_validate_license = 0.60 s
[ 540/8023] TestGemSpecification#test_validate = 0.59 s
[ 541/8023] TestGemSpecification#test_extension_dir = 0.49 s
[ 542/8023] TestGemSpecification#test_base_dir_not_loaded = 0.47 s
[ 543/8023] TestGemSpecification#test_to_yaml_no_autorequire = 0.73 s
[ 544/8023] TestGemSpecification#test_validate_self_referencing_dependencies = 0.67 s
[ 545/8023] TestGemSpecification#test_allowed_push_host = 0.54 s
[ 546/8023] TestGemSpecification#test_full_gem_path_double_slash = 0.47 s
[ 547/8023] TestGemSpecification#test_validate_prerelease_dependencies_with_prerelease_version = 0.6
0 s
[ 548/8023] TestGemSpecification#test_date = 0.55 s
[ 549/8023] TestGemSpecification#test_full_name_windows = 0.49 s
[ 550/8023] TestGemSpecification#test_inner_clonflict_in_indirect_gems = 0.98 s
[ 551/8023] TestGemSpecification#test_installed_by_version = 0.53 s
[ 552/8023] TestGemSpecification#test_date_equals_string = 0.50 s
[ 553/8023] TestGemSpecification#test_date_tolerates_hour_sec_zulu = 0.45 s
[ 554/8023] TestGemSpecification#test_test_files = 0.46 s
[ 555/8023] TestGemSpecification#test_contains_requirable_file_eh_extension_java_platform = 0.63 s
[ 556/8023] TestGemSpecification#test_validate_authors = 0.76 s
[ 557/8023] TestGemSpecification#test_find_by_name_with_only_prereleases = 0.75 s
[ 558/8023] TestGemSpecification#test_build_extensions_error = 0.71 s
[ 559/8023] TestGemSpecification#test_platform_change_reset_cache_file = 0.57 s
[ 560/8023] TestGemSpecification#test_handles_dependencies_with_other_syck_requirements_argument_err
or = 0.81 s
[ 561/8023] TestGemSpecification#test_files_duplicate = 0.54 s
[ 562/8023] TestGemSpecification#test_self_activate_platform_alternate = 1.15 s
[ 563/8023] TestGemSpecification#test_validate_rust_extension_have_missing_cargo_toml_error = 0.72 s
[ 564/8023] TestGemSpecification#test_to_ruby_keeps_requirements_as_originally_specified = 0.49 s
[ 565/8023] TestGemSpecification#test_doc_dir = 0.46 s
[ 566/8023] TestGemSpecification#test_self_activate_unrelated = 1.11 s
[ 567/8023] TestGemSpecification#test_unresolved_specs_with_versions = 0.77 s
[ 568/8023] TestGemSpecification#test_unresolved_specs_with_unrestricted_deps_on_default_gems = 0.73
 s
[ 569/8023] TestGemSpecification#test_description = 0.54 s
[ 570/8023] TestGemSpecification#test_self_outdated = 0.82 s
[ 571/8023] TestGemSpecification#test_license = 0.93 s
[ 572/8023] TestGemSpecification#test_metadata_link_validation_fails = 0.69 s
[ 573/8023] TestGemSpecification#test_validate_executables = 0.68 s
[ 574/8023] TestGemSpecification#test_self_activate_raggi_the_edgecase_generator = 1.43 s
[ 575/8023] TestGemSpecification#test_self_load_utf8_with_ascii_encoding = 0.61 s
[ 576/8023] TestGemSpecification#test_runtime_dependencies = 0.47 s
[ 577/8023] TestGemSpecification#test_initialize_nil_version = 0.59 s
[ 578/8023] TestGemSpecification#test_find_in_unresolved_tree_is_not_exponentiental = 15.89 s
[ 579/8023] TestGemSpecification#test_runtime_dependencies_legacy = 0.70 s
[ 580/8023] TestGemSpecification#test_to_ruby_platform = 0.52 s
[ 581/8023] TestGemSpecification#test_validate_files_recursive = 0.65 s
[ 582/8023] TestGemSpecification#test_validate_license_with_invalid_exception = 55.42 s
[ 583/8023] TestGemSpecification#test_self_stubs_for_no_lazy_loading_after_all_specs_setup = 0.52 s
[ 584/8023] TestGemSpecification#test_contains_requirable_file_eh_extension = 0.85 s
[ 585/8023] TestGemSpecification#test_metadata_validates_ok = 0.80 s
[ 586/8023] TestGemSpecification#test_summary = 0.55 s
[ 587/8023] TestGemSpecification#test_files = 0.47 s
[ 588/8023] TestGemSpecification#test_self_activate_prerelease = 1.19 s
[ 589/8023] TestGemSpecification#test_validate_no_required_ruby_versions = 0.67 s
[ 590/8023] TestGemSpecification#test_self_load_relative = 0.57 s
[ 591/8023] TestGemSpecification#test_removed_methods = 0.48 s
[ 592/8023] TestGemSpecification#test_validate_rake_extension_have_rake_dependency_no_warning = 0.63
 s
[ 593/8023] TestGemSpecification#test_validate_open_required_ruby_versions = 0.62 s
[ 594/8023] TestGemSpecification#test_author = 0.48 s
[ 595/8023] TestGemSpecification#test_self_activate_ambiguous_indirect_conflict = 0.91 s
[ 596/8023] TestGemSpecification#test_to_yaml = 0.71 s
[ 597/8023] TestGemSpecification#test_build_extensions_preview = 12.83 s
[ 598/8023] TestGemSpecification#test_latest_specs = 1.61 s
[ 599/8023] TestGemSpecification#test_self_all_equals = 0.94 s
[ 600/8023] TestGemSpecification#test_executables = 0.62 s
[ 601/8023] TestGemSpecification#test_to_ruby_legacy = 0.60 s
[ 602/8023] TestGemSpecification#test_self_activate_platform_bump = 1.79 s
[ 603/8023] TestGemSpecification#test_validate_description = 1.17 s
[ 604/8023] TestGemSpecification#test_runtime_predicate_true = 0.57 s
[ 605/8023] TestGemSpecification#test_validate_valid_required_ruby_versions = 0.63 s
[ 606/8023] TestGemSpecification#test_validate_dependencies_allowed_duplicates = 0.62 s
[ 607/8023] TestGemSpecification#test_validate_summary = 0.68 s
[ 608/8023] TestGemSpecification#test_hash = 0.48 s
[ 609/8023] TestGemSpecification#test_self_activate_old_required = 1.11 s
[ 610/8023] TestGemSpecification#test_to_yaml_platform_original_platform_empty_string = 0.75 s
[ 611/8023] TestGemSpecification#test_add_dependency_with_type_explicit = 0.55 s
[ 612/8023] TestGemSpecification#test_to_yaml_platform_legacy = 0.66 s
[ 613/8023] TestGemSpecification#test_validate_specification_version = 0.64 s
[ 614/8023] TestGemSpecification#test_validate_warning = 0.61 s
[ 615/8023] TestGemSpecification#test_require_paths = 0.48 s
[ 616/8023] TestGemSpecification#test_spec_name = 0.48 s
[ 617/8023] TestGemSpecification#test_validate_for_resolution_validates_name = 0.49 s
[ 618/8023] TestGemSpecification#test_to_yaml_fancy = 0.66 s
[ 619/8023] TestGemSpecification#test_self_activate_checks_dependencies = 2.17 s
[ 620/8023] TestGemSpecification#test_platform_change_reset_full_name = 0.55 s
[ 621/8023] TestGemSpecification#test_validate_license_with_deprecated_exception = 50.60 s
[ 622/8023] TestGemSpecification#test_build_extensions = 12.70 s
[ 623/8023] TestGemSpecification#test_handles_dependencies_with_syck_requirements_bug = 0.84 s
[ 624/8023] TestGemSpecification#test_self_stubs_for_mult_platforms = 0.94 s
[ 625/8023] TestGemSpecification#test_validate_deprecated_license_values_plus = 11.95 s
[ 626/8023] TestGemSpecification#test_date_equals_time_local = 0.47 s
[ 627/8023] TestGemSpecification#test_unresolved_specs = 0.66 s
[ 628/8023] TestGemSpecification#test_validate_dependencies_duplicates = 0.68 s
[ 629/8023] TestGemSpecification#test_initialize_future = 0.48 s
[ 630/8023] TestGemSpecification#test_extra_rdoc_files_equals_nil = 0.54 s
[ 631/8023] TestGemSpecification#test_validate_license_values = 5.82 s
[ 632/8023] TestGemSpecification#test_find_by_full_name = 0.99 s
[ 633/8023] TestGemSpecification#test_version_change_reset_full_name = 0.54 s
[ 634/8023] TestGemSpecification#test_build_extensions_no_extensions_dir_unwritable = 0.52 s
[ 635/8023] TestGemSpecification#test_self_load_legacy_ruby = 0.63 s
[ 636/8023] TestGemSpecification#test_validate_autorequire = 0.83 s
[ 637/8023] TestGemSpecification#test_validate_removed_rubyforge_project = 0.87 s
[ 638/8023] TestGemSpecification#test_validate_non_nil = 1.40 s
[ 639/8023] TestGemSpecification#test_missing_extensions_eh_default_gem = 0.66 s
[ 640/8023] TestGemSpecification#test_fullpath_return_rb_extension_file_when_exist_the_same_name_fil
e = 0.84 s
[ 641/8023] TestGemSpecification#test_self_outdated_and_latest_remotes = 1.18 s
[ 642/8023] TestGemSpecification#test_date_tolerates_hour_sec_and_timezone = 0.74 s
[ 643/8023] TestGemSpecification#test_missing_extensions_eh = 12.92 s
[ 644/8023] TestGemSpecification#test_self_activate_dropped = 2.10 s
[ 645/8023] TestGemSpecification#test_full_require_paths = 0.79 s
[ 646/8023] TestGemSpecification#test_add_dependency_from_existing_dependency = 0.70 s
[ 647/8023] TestGemSpecification#test_metadata_value_size_validation_fails = 1.05 s
[ 648/8023] TestGemSpecification#test_self_attribute_names = 0.70 s
[ 649/8023] TestGemSpecification#test_extensions = 0.59 s
[ 650/8023] TestGemSpecification#test_self_activate_under = 1.91 s
[ 651/8023] TestGemSpecification#test_validate_rust_extension_have_no_missing_cargo_toml_error = 1.2
9 s
[ 652/8023] TestGemSpecification#test_eql_eh = 0.49 s
[ 653/8023] TestGemSpecification#test_validate_permissions_of_missing_file_non_packaging = 0.56 s
[ 654/8023] TestGemSpecification#test_base_dir_default = 0.67 s
[ 655/8023] TestGemSpecification#test_validate_empty_files = 0.57 s
[ 656/8023] TestGemSpecification#test_spaceship_version = 0.58 s
[ 657/8023] TestGemSpecification#test_base_dir = 0.46 s
[ 658/8023] TestGemSpecification#test_self_activate_ambiguous_direct = 5.91 s
[ 659/8023] TestGemSpecification#test_find_by_path = 1.12 s
[ 660/8023] TestGemSpecification#test_self_activate_divergent = 1.55 s
[ 661/8023] TestGemSpecification#test_initialize_copy_broken = 0.68 s
[ 662/8023] TestGemSpecification#test_validate_rake_extension_have_rake_dependency_warning = 0.62 s
[ 663/8023] TestGemSpecification#test_inner_clonflict_in_indirect_gems_reversed = 0.94 s
[ 664/8023] TestGemSpecification#test_require_already_activated_indirect_conflict = 0.94 s
[ 665/8023] TestGemSpecification#test_to_ruby_fancy = 0.71 s
[ 666/8023] TestGemSpecification#test_source_paths = 0.48 s
[ 667/8023] TestGemSpecification#test_build_extensions_none = 0.48 s
[ 668/8023] TestGemSpecification#test_to_yaml_no_signing_key = 0.66 s
[ 669/8023] TestGemSpecification#test_to_yaml_no_post_install_message = 0.72 s
[ 670/8023] TestGemSpecification#test_metadata_specs = 0.75 s
[ 671/8023] TestGemSpecification#test_bindir_equals_nil = 0.54 s
[ 672/8023] TestGemSpecification#test_spaceship_name = 0.53 s
[ 673/8023] TestGemSpecification#test_dependencies = 0.49 s
[ 674/8023] TestGemSpecification#test_require_finds_in_2nd_level_indirect = 0.86 s
[ 675/8023] TestGemSpecification#test_self_activate = 0.59 s
[ 676/8023] TestGemSpecification#test_to_ruby_for_cache = 0.54 s
[ 677/8023] TestGemSpecification#test_validate_dependencies = 0.74 s
[ 678/8023] TestGemSpecification#test_self_activate_loaded = 0.47 s
[ 679/8023] TestGemSpecification#test_metadata_value_type_validation_fails = 0.69 s
[ 680/8023] TestGemSpecification#test_version = 0.53 s
[ 681/8023] TestGemSpecification#test_validate_homepage = 1.34 s
[ 682/8023] TestGemSpecification#test_licenses = 0.53 s
[ 683/8023] TestGemSpecification#test_load_errors_contain_filename = 0.61 s
[ 684/8023] TestGemSpecification#test_validate_permissions = 0.68 s
[ 685/8023] TestGemSpecification#test_full_gem_path = 0.46 s
[ 686/8023] TestGemSpecification#test_platform_equals_legacy = 0.47 s
[ 687/8023] TestGemSpecification#test_requirements = 0.46 s
[ 688/8023] TestGemSpecification#test_to_ruby_nested_hash = 0.48 s
[ 689/8023] TestGemSpecification#test_self_remove_spec = 0.99 s
[ 690/8023] TestGemSpecification#test_files_extra_rdoc_files = 0.54 s
[ 691/8023] TestGemSpecification#test_spaceship_platform = 0.48 s
[ 692/8023] TestGemSpecification#test_date_equals_date = 0.46 s
[ 693/8023] TestGemSpecification#test_extensions_equals_nil = 0.46 s
[ 694/8023] TestGemSpecification#test_self_activate_via_require = 0.84 s
[ 695/8023] TestGemSpecification#test_extension_dir_override = 0.55 s
[ 696/8023] TestGemSpecification#test_missing_extensions_eh_none = 0.46 s
[ 697/8023] TestGemSpecification#test_require_already_activated = 0.83 s
[ 698/8023] TestGemSpecification#test_validate_name = 0.69 s
[ 699/8023] TestGemSpecification#test_add_dependency_with_type = 0.74 s
[ 700/8023] TestGemSpecification#test_find_by_name_prerelease = 0.77 s
[ 701/8023] TestGemSpecification#test_self_from_yaml = 0.85 s
[ 702/8023] TestGemSpecification#test_executable_equals = 0.53 s
[ 703/8023] TestGemSpecification#test_to_ruby_with_rsa_key = 11.67 s
[ 704/8023] TestGemSpecification#test_files_non_array = 0.53 s
[ 705/8023] TestGemSpecification#test_validate_empty = 0.47 s
[ 706/8023] TestGemSpecification#test_files_non_array_pathological = 0.54 s
[ 707/8023] TestGemSpecification#test_doc_dir_type = 0.46 s
[ 708/8023] TestGemSpecification#test_validate_require_paths_with_invalid_types = 0.56 s
[ 709/8023] TestGemSpecification#test_for_cache = 0.48 s
[ 710/8023] TestGemSpecification#test_contains_requirable_file_extension_soext = 0.52 s
[ 711/8023] TestGemSpecification#test_initialize = 0.55 s
[ 712/8023] TestGemSpecification#test_executables_equals_nil = 0.46 s
[ 713/8023] TestGemSpecification#test_self_activate_deep_unambiguous = 1.50 s
[ 714/8023] TestGemSpecification#test_date_use_env_source_date_epoch = 0.58 s
[ 715/8023] TestGemSpecification#test_self_from_yaml_cleans_up_Date_objects = 0.64 s
[ 716/8023] TestGemSpecification#test_build_extensions_default_gem = 0.56 s
[ 717/8023] TestGemSpecification#test_build_extensions_extensions_dir_unwritable = 0.51 s
[ 718/8023] TestGemSpecification#test_self_stubs_for_lazy_loading = 0.55 s
[ 719/8023] TestGemSpecification#test_build_args = 0.52 s
[ 720/8023] TestGemSpecification#test_find_inactive_by_path = 0.82 s
[ 721/8023] TestGemSpecification#test_full_name = 0.55 s
[ 722/8023] TestGemSpecification#test_validate_license_gives_suggestions = 6.95 s
[ 723/8023] TestGemSpecification#test_self_normalize_yaml_input_with_192_yaml = 0.49 s
[ 724/8023] TestGemSpecification#test_version_change_reset_cache_file = 0.46 s
[ 725/8023] TestGemSpecification#test_validate_error = 0.47 s
[ 726/8023] TestGemSpecification#test_metadata_key_type_validation_fails = 0.71 s
[ 727/8023] TestGemSpecification#test_self_stubs_returns_only_specified_named_specs = 0.66 s
[ 728/8023] TestGemSpecification#test_name = 0.48 s
[ 729/8023] TestGemSpecification#test_dependent_gems = 0.76 s
[ 730/8023] TestGemSpecification#test_self_load_escape_interpolation = 0.62 s
[ 731/8023] TestGemSpecification#test_require_paths_default_ext_dir_for = 5.37 s
[ 732/8023] TestGemSpecification#test__dump = 0.83 s
[ 733/8023] TestGemSpecification#test_to_yaml_platform = 0.72 s
[ 734/8023] TestGemSpecification#test_date_equals_time_utc = 0.54 s
[ 735/8023] TestGemSpecification#test_validate_for_resolution_validates_required_attributes = 0.51 s
[ 736/8023] TestGemSpecification#test_platform_equals_current = 0.47 s
[ 737/8023] TestGemSpecification#test_to_fullpath = 0.59 s
[ 738/8023] TestGemSpecification#test_bindir_equals = 0.47 s
[ 739/8023] TestGemSpecification#test_self_activate_conflict = 0.90 s
[ 740/8023] TestGemSpecification#test_date_equals_string_bad = 0.53 s
[ 741/8023] TestGemSpecification#test_self_normalize_yaml_input_with_non_183_io = 0.45 s
[ 742/8023] TestGemSpecification#test_build_extensions_built = 0.51 s
[ 743/8023] TestGemSpecification#test_self_activate_missing_deps_does_not_raise_nested_exceptions =
0.74 s
[ 744/8023] TestGemSpecification#test_require_should_not_conflict = 0.91 s
[ 745/8023] TestGemSpecification#test_validate_platform_legacy = 0.77 s
[ 746/8023] TestGemSpecification#test_gem_build_complete_path = 0.46 s
[ 747/8023] TestGemSpecification#test_self_remove_spec_removed = 0.50 s
[ 748/8023] TestGemSpecification#test_validate_license_with_nonsense_suffix = 31.82 s
[ 749/8023] TestGemSpecification#test_lib_files = 0.46 s
[ 750/8023] TestGemSpecification#test_validate_for_resolution_ignores_metadata = 0.48 s
[ 751/8023] TestGemSpecification#test_self_normalize_yaml_input_with_183_yaml = 0.55 s
[ 752/8023] TestGemSpecification#test_validate_empty_homepage = 0.59 s
[ 753/8023] TestGemSpecification#test_self_load_escape_curly = 0.52 s
[ 754/8023] TestGemSpecification#test_validate_empty_require_paths = 0.55 s
[ 755/8023] TestGemSpecification#test_handles_private_null_type = 0.69 s
[ 756/8023] TestGemSpecification#test_unresolved_specs_with_duplicated_versions = 0.77 s
[ 757/8023] TestGemSpecification#test_date_equals_time = 0.53 s
[ 758/8023] TestGemSpecification#test_find_by_name_with_only_prereleases_with_requirements = 0.76 s
[ 759/8023] TestGemSpecification#test_self_load_escape_quote = 0.59 s
[ 760/8023] TestGemSpecification#test_default_spec_stub_is_marked_default = 0.77 s
[ 761/8023] TestGemSpecification#test_development_dependencies = 0.54 s
[ 762/8023] TestGemSpecification#test_self_find_active_stub_by_path = 1.33 s
[ 763/8023] TestGemSpecification#test_platform_equals = 0.56 s
[ 764/8023] TestGemSpecification#test_duplicate_runtime_dependency = 0.58 s
[ 765/8023] TestGemSpecification#test_require_should_prefer_latest_gem_level2 = 0.94 s
[ 766/8023] TestGemSpecification#test_self__load_future = 0.73 s
[ 767/8023] TestGemSpecification#test_self_normalize_yaml_input_with_non_183_yaml = 0.53 s
[ 768/8023] TestGemSpecification#test_platform = 0.46 s
[ 769/8023] TestGemSpecification#test_initialize_prerelease_version_before_name = 0.46 s
[ 770/8023] TestGemSpecification#test_original_name = 0.46 s
[ 771/8023] TestGemSpecification#test_spec_file = 0.47 s
[ 772/8023] TestGemSpecification#test_to_ruby = 0.52 s
[ 773/8023] TestGemSpecification#test_validate_license_values_or_later = 0.59 s
[ 774/8023] TestGemSpecification#test_test_files_equals_nil = 0.46 s
[ 775/8023] TestGemSpecification#test_find_by_name = 0.91 s
[ 776/8023] TestGemSpecification#test_validate_license_ref = 0.66 s
[ 777/8023] TestGemSpecification#test_validate_email = 0.60 s
[ 778/8023] TestGemSpecification#test_runtime_predicate_false = 0.46 s
[ 779/8023] TestGemSpecification#test_metadata_key_size_validation_fails = 0.68 s
[ 780/8023] TestGemSpecification#test_activate = 0.54 s
[ 781/8023] TestGemSpecification#test_load_default_gem = 0.59 s
[ 782/8023] TestGemSpecification#test_source = 0.70 s
[ 783/8023] TestGemSpecification#test_validate_license_values_with = 0.60 s
[ 784/8023] TestGemSpecification#test_validate_license_in_a_non_packaging_context = 0.68 s
[ 785/8023] TestGemSpecification#test__load_fixes_Date_objects = 0.66 s
[ 786/8023] TestGemSpecification#test_validate_rubygems_version = 0.67 s
[ 787/8023] TestGemSpecification#test_self_activate_ambiguous_unrelated = 0.85 s
[ 788/8023] TestRandomExt::TestLoop#test_real = 0.19 s
[ 789/8023] TestRandomExt::TestLoop#test_rand = 0.06 s
[ 790/8023] TestRandomExt::TestLoop#test_bytes = 0.05 s
[ 791/8023] TestIRB::ChwsTest#test_chws_replaces_the_current_workspace = 0.31 s
[ 792/8023] TestIRB::ChwsTest#test_chws_does_nothing_when_receiving_no_argument = 0.12 s
[ 793/8023] TestVM#test_at_exit = 4.83 s
[ 794/8023] TestMkmfTryConstant#test_large_unsigned = 0.75 s
[ 795/8023] TestMkmfTryConstant#test_simple = 0.28 s
[ 796/8023] TestMkmfTryConstant#test_sizeof = 0.53 s
[ 797/8023] TestMkmfTryConstant#test_long = 0.56 s
[ 798/8023] TestERBEncoding#test_literal_encoding = 0.25 s
[ 799/8023] TestERBEncoding#test_method_with_encoding = 0.18 s
[ 800/8023] TestERBEncoding#test_generate_magic_comment = 0.03 s
[ 801/8023] TestERBEncoding#test___ENCODING__ = 0.08 s
[ 802/8023] TestERBEncoding#test_result_encoding = 0.08 s
[ 803/8023] TestERBEncoding#test_recognize_magic_comment = 0.11 s
[ 804/8023] TestThreadQueue#test_queue_with_trap = 2.80 s
[ 805/8023] TestThreadQueue#test_dup = 0.02 s
[ 806/8023] TestThreadQueue#test_fork_while_queue_waiting = 1.51 s
[ 807/8023] TestThreadQueue#test_sized_queue_push_return_value = 0.01 s
[ 808/8023] TestThreadQueue#test_queue_push_return_value = 0.01 s
[ 809/8023] TestThreadQueue#test_thr_kill = 0.04 s
[ 810/8023] TestThreadQueue#test_sized_queue = 7.72 s
[ 811/8023] TestThreadQueue#test_queue_clear_return_value = 0.01 s
[ 812/8023] TestThreadQueue#test_one_element_sized_queue = 0.02 s
[ 813/8023] TestThreadQueue#test_dump = 0.05 s
[ 814/8023] TestThreadQueue#test_queue_pop_non_block = 0.03 s
[ 815/8023] TestThreadQueue#test_sized_queue_clear_return_value = 0.01 s
[ 816/8023] TestThreadQueue#test_freeze = 0.01 s
[ 817/8023] TestThreadQueue#test_queue_pop_timeout = 1.14 s
[ 818/8023] TestThreadQueue#test_sized_queue_pop_non_block = 0.02 s
[ 819/8023] TestThreadQueue#test_deny_pushers = 6.66 s
[ 820/8023] TestThreadQueue#test_queue_close_wakeup = 5.49 s
[ 821/8023] TestThreadQueue#test_sized_queue_push_interrupt = 0.02 s
[ 822/8023] TestThreadQueue#test_size_queue_close_wakeup = 0.09 s
[ 823/8023] TestThreadQueue#test_sized_queue_one_closed_interrupt = 0.04 s
[ 824/8023] TestThreadQueue#test_queue = 6.01 s
[ 825/8023] TestThreadQueue#test_empty_non_blocking = 0.35 s
[ 826/8023] TestThreadQueue#test_sized_queue_initialized = 0.02 s
[ 827/8023] TestThreadQueue#test_close_twice = 0.01 s
[ 828/8023] TestThreadQueue#test_sized_queue_push_non_block = 0.03 s
[ 829/8023] TestThreadQueue#test_queue_thread_raise = 0.32 s
[ 830/8023] TestThreadQueue#test_sized_queue_throttle = 9.99 s
[ 831/8023] TestThreadQueue#test_sized_queue_initialize = 0.03 s
[ 832/8023] TestThreadQueue#test_sized_queue_push_timeout = 1.21 s
[ 833/8023] TestThreadQueue#test_blocked_pushers = 0.35 s
[ 834/8023] TestThreadQueue#test_sized_queue_pop_interrupt = 0.03 s
[ 835/8023] TestThreadQueue#test_sized_queue_clear = 0.03 s
[ 836/8023] TestThreadQueue#test_sized_queue_pop_timeout = 1.19 s
[ 837/8023] TestThreadQueue#test_queue_pop_interrupt = 0.03 s
[ 838/8023] TestThreadQueue#test_sized_queue_assign_max = 0.05 s
[ 839/8023] TestThreadQueue#test_close = 0.07 s
[ 840/8023] TestThreadQueue#test_blocked_pushers_empty = 0.19 s
[ 841/8023] TestThreadQueue#test_queue_initialize = 0.04 s
[ 842/8023] TestThreadQueue#test_queue_initialized = 0.02 s
[ 843/8023] TestThreadQueue#test_sized_queue_closed_push_non_blocking = 0.02 s
[ 844/8023] TestThreadQueue#test_queue_close_multi_multi = 93.46 s
[ 845/8023] TestISeq#test_inspect = 0.05 s
[ 846/8023] TestISeq#test_iseq_of_twice_for_same_code = 0.02 s
[ 847/8023] TestISeq#test_disasm_encoding = 0.15 s
[ 848/8023] TestISeq#test_unreachable_next_in_block = 0.02 s
[ 849/8023] TestISeq#test_label_fstring = 0.01 s
[ 850/8023] TestISeq#test_iseq_of = 0.02 s
[ 851/8023] TestISeq#test_to_a_lines = 0.04 s
[ 852/8023] TestISeq#test_compile_file_encoding = 0.05 s
[ 853/8023] TestISeq#test_no_linenum = 9.97 s
[ 854/8023] TestISeq#test_anon_rest_param_in_disasm = 0.02 s
[ 855/8023] TestISeq#test_load_from_binary_only_accepts_string_param = 0.02 s
[ 856/8023] TestISeq#test_anon_keyrest_param_in_disasm = 0.02 s
[ 857/8023] TestISeq#test_compile_prism_with_file = 0.03 s
[ 858/8023] TestISeq#test_cdhash_after_roundtrip = 0.04 s
[ 859/8023] TestISeq#test_to_binary_b_return_tracepoint = 8.37 s
[ 860/8023] TestISeq#test_to_binary_end_tracepoint = 3.99 s
[ 861/8023] TestISeq#test_unused_param = 0.01 s
[ 862/8023] TestISeq#test_super_with_block_and_kwrest = 0.03 s
[ 863/8023] TestISeq#test_mandatory_only_redef = 12.48 s
[ 864/8023] TestISeq#test_anon_block_param_in_disasm = 0.02 s
[ 865/8023] TestISeq#test_while_in_until_condition = 1.81 s
[ 866/8023] TestISeq#test_compile_prism_with_invalid_object_type = 0.02 s
[ 867/8023] TestISeq#test_to_binary_b_call_tracepoint = 8.37 s
[ 868/8023] TestISeq#test_to_binary_line_tracepoint = 4.02 s
[ 869/8023] TestISeq#test_compile_empty_under_gc_stress = 187.35 s
[ 870/8023] TestISeq#test_lambda_with_ractor_roundtrip = 0.03 s
[ 871/8023] TestISeq#test_disable_opt = 0.03 s
[ 872/8023] TestISeq#test_safe_call_chain = 0.02 s
[ 873/8023] TestISeq#test_compile_error = 0.01 s
[ 874/8023] TestISeq#test_forwardable = 0.03 s
[ 875/8023] TestISeq#test_ractor_unshareable_outer_variable = 0.07 s
[ 876/8023] TestISeq#test_frozen_string_literal_compile_option = 0.02 s
[ 877/8023] TestISeq#test_to_binary_dumps_nokey = 0.11 s
[ 878/8023] TestISeq#test_syntax_error_message = 0.03 s
[ 879/8023] TestISeq#test_unreachable_pattern_matching_in_if_condition = 2.47 s
[ 880/8023] TestISeq#test_allocate = 0.02 s
[ 881/8023] TestISeq#test_empty_iseq_lineno = 0.04 s
[ 882/8023] TestISeq#test_ibf_bignum = 0.02 s
[ 883/8023] TestISeq#test_iseq_option_debug_level = 9.92 s
[ 884/8023] TestISeq#test_iseq_builtin_load = 11.79 s
[ 885/8023] TestISeq#test_unreachable_pattern_matching = 5.10 s
[ 886/8023] TestISeq#test_ever_condition_loop = 9.84 s
[ 887/8023] TestISeq#test_ractor_shareable_value_frozen_core = 0.04 s
[ 888/8023] TestISeq#test_location = 0.04 s
[ 889/8023] TestISeq#test_compile_file_error = 2.52 s
[ 890/8023] TestISeq#test_to_binary_return_tracepoint = 8.55 s
[ 891/8023] TestISeq#test_each_child = 0.05 s
[ 892/8023] TestISeq#test_super_with_block = 0.03 s
[ 893/8023] TestISeq#test_to_binary_with_hidden_local_variables = 0.12 s
[ 894/8023] TestISeq#test_unreachable_syntax_error = 0.07 s
[ 895/8023] TestISeq#test_to_binary_pattern_matching = 0.29 s
[ 896/8023] TestISeq#test_invalid_source = 0.02 s
[ 897/8023] TestISeq#test_super_with_block_hash_0 = 0.02 s
[ 898/8023] TestISeq#test_iseq_builtin_to_a = 9.93 s
[ 899/8023] TestISeq#test_super_with_anonymous_block = 0.04 s
[ 900/8023] TestISeq#test_to_binary_line_info = 0.17 s
[ 901/8023] TestISeq#test_to_binary_class_tracepoint = 8.23 s
[ 902/8023] TestISeq#test_mandatory_only = 11.75 s
[ 903/8023] TestISeq#test_to_binary_with_objects = 1.07 s
[ 904/8023] TestISeq#test_trace_points = 0.06 s
[ 905/8023] TestISeq#test_translate_by_object = 11.70 s
[ 906/8023] TestIter::YieldBlock#test_yield_block = 0.04 s
[ 907/8023] TestIter::YieldBlock#test_yield_lambda = 0.02 s
[ 908/8023] TestDigest::TestMD5#test_eq = 0.03 s
[ 909/8023] TestDigest::TestMD5#test_s_base64digest = 0.02 s
[ 910/8023] TestDigest::TestMD5#test_alignment = 0.01 s
[ 911/8023] TestDigest::TestMD5#test_bubblebabble_class = 0.01 s
[ 912/8023] TestDigest::TestMD5#test_s_hexdigest = 0.01 s
[ 913/8023] TestDigest::TestMD5#test_instance_eval = 0.01 s
[ 914/8023] TestDigest::TestMD5#test_update = 0.01 s
[ 915/8023] TestDigest::TestMD5#test_bubblebabble = 0.01 s
[ 916/8023] TestDigest::TestMD5#test_bubblebabble_instance = 0.01 s
[ 917/8023] TestDigest::TestMD5#test_s_digest = 0.01 s
[ 918/8023] TestDigest::TestMD5#test_s_file = 0.03 s
[ 919/8023] TestDigest::TestMD5#test_s_new = 0.02 s
[ 920/8023] TestExtLibs#test_existence_of_stringio = 11.82 s
[ 921/8023] TestExtLibs#test_existence_of_openssl = 17.64 s
[ 922/8023] TestExtLibs#test_existence_of_thread = 11.76 s
[ 923/8023] TestExtLibs#test_existence_of_pathname = 12.06 s
[ 924/8023] TestExtLibs#test_existence_of_pty = 11.81 s
[ 925/8023] TestExtLibs#test_existence_of_date = 11.91 s
[ 926/8023] TestExtLibs#"test_existence_of_digest/sha2" = 11.87 s
[ 927/8023] TestExtLibs#"test_existence_of_rbconfig/sizeof" = 12.09 s
[ 928/8023] TestExtLibs#test_existence_of_psych = 12.00 s
[ 929/8023] TestExtLibs#test_existence_of_json = 12.39 s
[ 930/8023] TestExtLibs#test_existence_of_objspace = 11.88 s
[ 931/8023] TestExtLibs#"test_existence_of_io/wait" = 11.80 s
[ 932/8023] TestExtLibs#"test_existence_of_io/nonblock" = 11.82 s
[ 933/8023] TestExtLibs#test_existence_of_zlib = 11.82 s
[ 934/8023] TestExtLibs#test_existence_of_etc = 11.85 s
[ 935/8023] TestExtLibs#test_existence_of_digest = 11.85 s
[ 936/8023] TestExtLibs#test_existence_of_coverage = 11.75 s
[ 937/8023] TestExtLibs#test_existence_of_fcntl = 11.90 s
[ 938/8023] TestExtLibs#"test_existence_of_digest/md5" = 11.91 s
[ 939/8023] TestExtLibs#"test_existence_of_io/console" = 11.77 s
[ 940/8023] TestExtLibs#test_existence_of_continuation = 11.80 s
[ 941/8023] TestExtLibs#test_existence_of_socket = 13.66 s
[ 942/8023] TestExtLibs#"test_existence_of_digest/sha1" = 11.96 s
[ 943/8023] TestExtLibs#test_existence_of_strscan = 12.54 s
[ 944/8023] TestExtLibs#"test_existence_of_digest/rmd160" = 11.92 s
[ 945/8023] TestExtLibs#test_existence_of_fiddle = 12.09 s
[ 946/8023] TestExtLibs#"test_existence_of_digest/bubblebabble" = 11.91 s
[ 947/8023] TestExtLibs#test_existence_of_fiber = 11.73 s
[ 948/8023] TestExtLibs#test_existence_of_ripper = 14.36 s
[ 949/8023] TestMonitor#test_synchronize = 0.10 s
[ 950/8023] TestMonitor#test_cond = 0.08 s
[ 951/8023] TestMonitor#test_timedwait = 0.18 s
[ 952/8023] TestMonitor#test_enter_second_after_killed_thread = 0.13 s
[ 953/8023] TestMonitor#test_try_enter = 0.09 s
[ 954/8023] TestMonitor#test_enter_in_different_fibers = 0.01 s
[ 955/8023] TestMonitor#test_killed_thread_in_synchronize = 0.04 s
[ 956/8023] TestMonitor#test_initialize_with_keyword_arg = 0.06 s
[ 957/8023] TestMonitor#test_new_cond_before_initialize = 0.01 s
[ 958/8023] TestMonitor#test_wait_interruption = 0.15 s
[ 959/8023] TestMonitor#test_enter = 0.03 s
[ 960/8023] TestMonitor#test_exit = 0.09 s
[ 961/8023] TestMonitor#test_mon_locked_and_owned = 0.02 s
[ 962/8023] TestMonitor#test_try_enter_second_after_killed_thread = 0.07 s
[ 963/8023] TestFileUtilsNoWrite#test_singleton_visibility_rm_f = 0.02 s
[ 964/8023] TestFileUtilsNoWrite#test_visibility_fu_stream_blksize = 0.01 s
[ 965/8023] TestFileUtilsNoWrite#test_singleton_visibility_cd = 0.01 s
[ 966/8023] TestFileUtilsNoWrite#test_singleton_visibility_mkpath = 0.01 s
[ 967/8023] TestFileUtilsNoWrite#test_singleton_visibility_fu_blksize = 0.01 s
[ 968/8023] TestFileUtilsNoWrite#test_singleton_visibility_getwd = 0.01 s
[ 969/8023] TestFileUtilsNoWrite#test_visibility_safe_unlink = 0.01 s
[ 970/8023] TestFileUtilsNoWrite#test_visibility_install = 0.01 s
[ 971/8023] TestFileUtilsNoWrite#test_singleton_visibility_identical? = 0.01 s
[ 972/8023] TestFileUtilsNoWrite#test_visibility_fu_windows? = 0.01 s
[ 973/8023] TestFileUtilsNoWrite#test_visibility_chdir = 0.01 s
[ 974/8023] TestFileUtilsNoWrite#test_visibility_move = 0.01 s
[ 975/8023] TestFileUtilsNoWrite#test_visibility_cp = 0.01 s
[ 976/8023] TestFileUtilsNoWrite#test_visibility_mkpath = 0.01 s
[ 977/8023] TestFileUtilsNoWrite#test_singleton_visibility_remove_file = 0.01 s
[ 978/8023] TestFileUtilsNoWrite#test_visibility_link = 0.01 s
[ 979/8023] TestFileUtilsNoWrite#test_singleton_visibility_compare_file = 0.01 s
[ 980/8023] TestFileUtilsNoWrite#test_visibility_touch = 0.01 s
[ 981/8023] TestFileUtilsNoWrite#test_singleton_visibility_cp = 0.01 s
[ 982/8023] TestFileUtilsNoWrite#test_visibility_link_entry = 0.01 s
[ 983/8023] TestFileUtilsNoWrite#test_singleton_visibility_rm_r = 0.01 s
[ 984/8023] TestFileUtilsNoWrite#test_singleton_visibility_makedirs = 0.01 s
[ 985/8023] TestFileUtilsNoWrite#test_visibility_rm_rf = 0.01 s
[ 986/8023] TestFileUtilsNoWrite#test_singleton_visibility_copy_stream = 0.01 s
[ 987/8023] TestFileUtilsNoWrite#test_visibility_cd = 0.01 s
[ 988/8023] TestFileUtilsNoWrite#test_singleton_visibility_fu_default_blksize = 0.01 s
[ 989/8023] TestFileUtilsNoWrite#test_singleton_visibility_chown = 0.01 s
[ 990/8023] TestFileUtilsNoWrite#test_singleton_visibility_chown_R = 0.01 s
[ 991/8023] TestFileUtilsNoWrite#test_visibility_symlink = 0.01 s
[ 992/8023] TestFileUtilsNoWrite#test_visibility_copy = 0.01 s
[ 993/8023] TestFileUtilsNoWrite#test_visibility_makedirs = 0.01 s
[ 994/8023] TestFileUtilsNoWrite#test_singleton_visibility_copy = 0.01 s
[ 995/8023] TestFileUtilsNoWrite#test_visibility_mv = 0.01 s
[ 996/8023] TestFileUtilsNoWrite#test_singleton_visibility_mkdir_p = 0.01 s
[ 997/8023] TestFileUtilsNoWrite#test_visibility_chmod = 0.01 s
[ 998/8023] TestFileUtilsNoWrite#test_visibility_fu_default_blksize = 0.01 s
[ 999/8023] TestFileUtilsNoWrite#test_singleton_visibility_link = 0.01 s
[1000/8023] TestFileUtilsNoWrite#test_singleton_visibility_ln_sr = 0.01 s
[1001/8023] TestFileUtilsNoWrite#test_visibility_rm_r = 0.01 s
[1002/8023] TestFileUtilsNoWrite#test_singleton_visibility_copy_file = 0.01 s
[1003/8023] TestFileUtilsNoWrite#test_visibility_copy_entry = 0.01 s
[1004/8023] TestFileUtilsNoWrite#test_visibility_uptodate? = 0.01 s
[1005/8023] TestFileUtilsNoWrite#test_visibility_mkdir = 0.01 s
[1006/8023] TestFileUtilsNoWrite#test_singleton_visibility_remove = 0.01 s
[1007/8023] TestFileUtilsNoWrite#test_singleton_visibility_move = 0.01 s
[1008/8023] TestFileUtilsNoWrite#test_visibility_remove_dir = 0.01 s
[1009/8023] TestFileUtilsNoWrite#test_singleton_visibility_rmdir = 0.01 s
[1010/8023] TestFileUtilsNoWrite#test_visibility_remove = 0.01 s
[1011/8023] TestFileUtilsNoWrite#test_singleton_visibility_cp_lr = 0.01 s
[1012/8023] TestFileUtilsNoWrite#test_singleton_visibility_mv = 0.01 s
[1013/8023] TestFileUtilsNoWrite#test_visibility_chmod_R = 0.01 s
[1014/8023] TestFileUtilsNoWrite#test_visibility_rm_f = 0.01 s
[1015/8023] TestFileUtilsNoWrite#test_visibility_compare_file = 0.01 s
[1016/8023] TestFileUtilsNoWrite#test_singleton_visibility_ln_sf = 0.01 s
[1017/8023] TestFileUtilsNoWrite#test_singleton_visibility_pwd = 0.01 s
[1018/8023] TestFileUtilsNoWrite#test_visibility_ln_s = 0.01 s
[1019/8023] TestFileUtilsNoWrite#test_singleton_visibility_remove_entry = 0.01 s
[1020/8023] TestFileUtilsNoWrite#test_singleton_visibility_ln = 0.01 s
[1021/8023] TestFileUtilsNoWrite#test_visibility_remove_file = 0.01 s
[1022/8023] TestFileUtilsNoWrite#test_singleton_visibility_chdir = 0.01 s
[1023/8023] TestFileUtilsNoWrite#test_singleton_visibility_remove_entry_secure = 0.01 s
[1024/8023] TestFileUtilsNoWrite#test_visibility_cmp = 0.01 s
[1025/8023] TestFileUtilsNoWrite#test_singleton_visibility_rm = 0.01 s
[1026/8023] TestFileUtilsNoWrite#test_singleton_visibility_compare_stream = 0.01 s
[1027/8023] TestFileUtilsNoWrite#test_singleton_visibility_remove_dir = 0.01 s
[1028/8023] TestFileUtilsNoWrite#test_visibility_pwd = 0.01 s
[1029/8023] TestFileUtilsNoWrite#test_visibility_getwd = 0.01 s
[1030/8023] TestFileUtilsNoWrite#test_singleton_visibility_cmp = 0.01 s
[1031/8023] TestFileUtilsNoWrite#test_visibility_copy_stream = 0.01 s
[1032/8023] TestFileUtilsNoWrite#test_singleton_visibility_symlink = 0.01 s
[1033/8023] TestFileUtilsNoWrite#test_visibility_chown_R = 0.01 s
[1034/8023] TestFileUtilsNoWrite#test_visibility_chown = 0.01 s
[1035/8023] TestFileUtilsNoWrite#test_visibility_rm = 0.01 s
[1036/8023] TestFileUtilsNoWrite#test_singleton_visibility_safe_unlink = 0.01 s
[1037/8023] TestFileUtilsNoWrite#test_singleton_visibility_copy_entry = 0.01 s
[1038/8023] TestFileUtilsNoWrite#test_singleton_visibility_rm_rf = 0.01 s
[1039/8023] TestFileUtilsNoWrite#test_visibility_cp_r = 0.01 s
[1040/8023] TestFileUtilsNoWrite#test_singleton_visibility_install = 0.01 s
[1041/8023] TestFileUtilsNoWrite#test_singleton_visibility_touch = 0.01 s
[1042/8023] TestFileUtilsNoWrite#test_visibility_ln = 0.01 s
[1043/8023] TestFileUtilsNoWrite#test_singleton_visibility_fu_windows? = 0.01 s
[1044/8023] TestFileUtilsNoWrite#test_visibility_copy_file = 0.01 s
[1045/8023] TestFileUtilsNoWrite#test_singleton_visibility_uptodate? = 0.01 s
[1046/8023] TestFileUtilsNoWrite#test_singleton_visibility_rmtree = 0.01 s
[1047/8023] TestFileUtilsNoWrite#test_visibility_remove_entry_secure = 0.01 s
[1048/8023] TestFileUtilsNoWrite#test_visibility_ln_sr = 0.01 s
[1049/8023] TestFileUtilsNoWrite#test_singleton_visibility_link_entry = 0.01 s
[1050/8023] TestFileUtilsNoWrite#test_visibility_remove_entry = 0.01 s
[1051/8023] TestFileUtilsNoWrite#test_visibility_rmtree = 0.01 s
[1052/8023] TestFileUtilsNoWrite#test_singleton_visibility_cp_r = 0.01 s
[1053/8023] TestFileUtilsNoWrite#test_singleton_visibility_chmod = 0.01 s
[1054/8023] TestFileUtilsNoWrite#test_singleton_visibility_chmod_R = 0.01 s
[1055/8023] TestFileUtilsNoWrite#test_visibility_ln_sf = 0.01 s
[1056/8023] TestFileUtilsNoWrite#test_visibility_cp_lr = 0.01 s
[1057/8023] TestFileUtilsNoWrite#test_visibility_fu_copy_stream0 = 0.01 s
[1058/8023] TestFileUtilsNoWrite#test_visibility_identical? = 0.01 s
[1059/8023] TestFileUtilsNoWrite#test_visibility_mkdir_p = 0.01 s
[1060/8023] TestFileUtilsNoWrite#test_singleton_visibility_fu_copy_stream0 = 0.01 s
[1061/8023] TestFileUtilsNoWrite#test_visibility_fu_blksize = 0.01 s
[1062/8023] TestFileUtilsNoWrite#test_visibility_rmdir = 0.01 s
[1063/8023] TestFileUtilsNoWrite#test_singleton_visibility_ln_s = 0.01 s
[1064/8023] TestFileUtilsNoWrite#test_visibility_compare_stream = 0.01 s
[1065/8023] TestFileUtilsNoWrite#test_singleton_visibility_fu_stream_blksize = 0.01 s
[1066/8023] TestFileUtilsNoWrite#test_singleton_visibility_mkdir = 0.01 s
[1067/8023] TestMetaclass#test_metaclass = 0.09 s
[1068/8023] URI::TestLDAP#test_parse = 0.13 s
[1069/8023] URI::TestLDAP#test_parse_invalid_uri = 0.02 s
[1070/8023] URI::TestLDAP#test_select = 0.03 s
[1071/8023] TestIRB::HelperMethodInsallTest#test_helper_method_install = 0.26 s
[1072/8023] TestGemExtCargoBuilder#test_custom_name = 0.83 s
[1073/8023] TestGemExtCargoBuilder#test_build_cdylib = 0.81 s
[1074/8023] TestGemExtCargoBuilder#test_build_fail = 0.80 s
[1075/8023] TestGemExtCargoBuilder#test_rubygems_cfg_passed_to_rustc = 0.81 s
[1076/8023] TestGemExtCargoBuilder#test_full_integration = 0.79 s
[1077/8023] TestDigestExtend#test_digest = 0.04 s
[1078/8023] TestDigestExtend#test_digest_s_hexencode = 0.16 s
[1079/8023] TestDigestExtend#test_digest_length = 0.02 s
[1080/8023] TestDigestExtend#test_block_length = 0.01 s
[1081/8023] TestDigestExtend#test_length = 0.01 s
[1082/8023] TestDigestExtend#test_new = 0.02 s
[1083/8023] TestDigestExtend#test_digest_hexdigest = 0.02 s
[1084/8023] TestDigestExtend#test_class_reset = 0.02 s
[1085/8023] TestDigestExtend#test_context = 0.02 s
[1086/8023] TestDigestExtend#test_hexdigest = 0.01 s
[1087/8023] TestDigestExtend#test_digest_hexdigest_bang = 0.02 s
[1088/8023] TestDigestExtend#test_to_s = 0.01 s
[1089/8023] TestRandomExt::TestVersionZero#test_bad_version = 0.07 s
[1090/8023] TestTimeTZ::DummyTZ#"test_hour24@Asia/Tokyo" = 0.04 s
[1091/8023] TestTimeTZ::DummyTZ#"test_getlocal@Asia/Tokyo" = 0.02 s
[1092/8023] TestTimeTZ::DummyTZ#"test_at@Africa/Ndjamena" = 0.03 s
[1093/8023] TestTimeTZ::DummyTZ#"test_hour24@Etc/UTC" = 0.01 s
[1094/8023] TestTimeTZ::DummyTZ#"test_to_a@America/Los_Angeles" = 0.02 s
[1095/8023] TestTimeTZ::DummyTZ#"test_new@Africa/Ndjamena" = 0.04 s
[1096/8023] TestTimeTZ::DummyTZ#"test_getlocal@Etc/UTC" = 0.02 s
[1097/8023] TestTimeTZ::DummyTZ#"test_getlocal@Africa/Ndjamena" = 0.02 s
[1098/8023] TestTimeTZ::DummyTZ#"test_fractional_second@America/Los_Angeles" = 0.02 s
[1099/8023] TestTimeTZ::DummyTZ#test_invalid_zone = 0.01 s
[1100/8023] TestTimeTZ::DummyTZ#"test_plus@Etc/UTC" = 0.02 s
[1101/8023] TestTimeTZ::DummyTZ#"test_marshal@Africa/Ndjamena" = 0.04 s
[1102/8023] TestTimeTZ::DummyTZ#"test_strftime@America/Los_Angeles" = 0.03 s
[1103/8023] TestTimeTZ::DummyTZ#"test_strftime@Africa/Ndjamena" = 0.02 s
[1104/8023] TestTimeTZ::DummyTZ#"test_fractional_second@Asia/Tokyo" = 0.02 s
[1105/8023] TestTimeTZ::DummyTZ#"test_at@Asia/Tokyo" = 0.02 s
[1106/8023] TestTimeTZ::DummyTZ#"test_now@Africa/Ndjamena" = 0.01 s
[1107/8023] TestTimeTZ::DummyTZ#"test_at@Etc/UTC" = 0.02 s
[1108/8023] TestTimeTZ::DummyTZ#"test_fractional_second@Africa/Ndjamena" = 0.02 s
[1109/8023] TestTimeTZ::DummyTZ#"test_new@Asia/Tokyo" = 0.03 s
[1110/8023] TestTimeTZ::DummyTZ#"test_hour24@America/Los_Angeles" = 0.01 s
[1111/8023] TestTimeTZ::DummyTZ#"test_getlocal@America/Los_Angeles" = 0.02 s
[1112/8023] TestTimeTZ::DummyTZ#"test_plus@America/Los_Angeles" = 0.02 s
[1113/8023] TestTimeTZ::DummyTZ#"test_strftime@Etc/UTC" = 0.02 s
[1114/8023] TestTimeTZ::DummyTZ#"test_marshal_compatibility@Africa/Ndjamena" = 0.02 s
[1115/8023] TestTimeTZ::DummyTZ#"test_marshal@America/Los_Angeles" = 0.03 s
[1116/8023] TestTimeTZ::DummyTZ#"test_plus@Asia/Tokyo" = 0.02 s
[1117/8023] TestTimeTZ::DummyTZ#test_fractional_second = 0.02 s
[1118/8023] TestTimeTZ::DummyTZ#"test_plus@Africa/Ndjamena" = 0.02 s
[1119/8023] TestTimeTZ::DummyTZ#"test_now@Etc/UTC" = 0.01 s
[1120/8023] TestTimeTZ::DummyTZ#"test_dst?@Etc/UTC" = 0.01 s
[1121/8023] TestTimeTZ::DummyTZ#"test_fractional_second@Etc/UTC" = 0.02 s
[1122/8023] TestTimeTZ::DummyTZ#"test_dst?@Africa/Ndjamena" = 0.01 s
[1123/8023] TestTimeTZ::DummyTZ#"test_at@America/Los_Angeles" = 0.02 s
[1124/8023] TestTimeTZ::DummyTZ#"test_hour24@Africa/Ndjamena" = 0.01 s
[1125/8023] TestTimeTZ::DummyTZ#"test_marshal_compatibility@America/Los_Angeles" = 0.02 s
[1126/8023] TestTimeTZ::DummyTZ#"test_marshal@Asia/Tokyo" = 0.03 s
[1127/8023] TestTimeTZ::DummyTZ#"test_new@America/Los_Angeles" = 0.03 s
[1128/8023] TestTimeTZ::DummyTZ#"test_dst?@Asia/Tokyo" = 0.01 s
[1129/8023] TestTimeTZ::DummyTZ#"test_to_a@Africa/Ndjamena" = 0.01 s
[1130/8023] TestTimeTZ::DummyTZ#"test_dst?@America/Los_Angeles" = 0.02 s
[1131/8023] TestTimeTZ::DummyTZ#"test_to_a@Asia/Tokyo" = 0.01 s
[1132/8023] TestTimeTZ::DummyTZ#"test_now@Asia/Tokyo" = 0.02 s
[1133/8023] TestTimeTZ::DummyTZ#"test_now@America/Los_Angeles" = 0.01 s
[1134/8023] TestTimeTZ::DummyTZ#"test_marshal_compatibility@Etc/UTC" = 0.02 s
[1135/8023] TestTimeTZ::DummyTZ#"test_strftime@Asia/Tokyo" = 0.02 s
[1136/8023] TestTimeTZ::DummyTZ#"test_marshal@Etc/UTC" = 0.03 s
[1137/8023] TestTimeTZ::DummyTZ#"test_new@Etc/UTC" = 0.03 s
[1138/8023] TestTimeTZ::DummyTZ#"test_to_a@Etc/UTC" = 0.01 s
[1139/8023] TestTimeTZ::DummyTZ#"test_marshal_compatibility@Asia/Tokyo" = 0.02 s
[1140/8023] TestIOWaitUncommon#test_wait_readable_random = 0.02 s
[1141/8023] TestIOWaitUncommon#test_wait_writable_null = 0.01 s
[1142/8023] TestIOWaitUncommon#test_wait_readable_urandom = 0.01 s
[1143/8023] TestIOWaitUncommon#test_wait_readable_zero = 0.01 s
[1144/8023] TestIOWaitUncommon#test_tty_wait = 0.01 s
[1145/8023] TestIOWaitUncommon#test_fifo_wait = 0.09 s
[1146/8023] TestIRB::OptionTest#test_end_of_option = 24.09 s
[1147/8023] TestGemRequestSetLockfileTokenizer#test_tokenize_conflict_markers = 0.85 s
[1148/8023] TestGemRequestSetLockfileTokenizer#test_peek = 0.68 s
[1149/8023] TestGemRequestSetLockfileTokenizer#test_tokenize = 0.79 s
[1150/8023] TestGemRequestSetLockfileTokenizer#test_tokenize_multiple = 0.70 s
[1151/8023] TestGemRequestSetLockfileTokenizer#test_token_pos = 0.70 s
[1152/8023] TestGemRequestSetLockfileTokenizer#test_skip = 0.67 s
[1153/8023] TestGemRequestSetLockfileTokenizer#test_tokenize_capitals = 0.69 s
[1154/8023] TestGemRequestSetLockfileTokenizer#test_unget = 0.66 s
[1155/8023] TestGemRequestSetLockfileTokenizer#test_tokenize_git = 0.66 s
[1156/8023] TestGemPackageTarWriter#test_add_file_simple_source_date_epoch = 0.69 s
[1157/8023] TestGemPackageTarWriter#test_mkdir_source_date_epoch = 0.56 s
[1158/8023] TestGemPackageTarWriter#test_add_file_source_date_epoch = 0.55 s
[1159/8023] TestGemPackageTarWriter#test_add_file_digest_multiple = 0.61 s
[1160/8023] TestGemPackageTarWriter#test_add_file_digest = 0.57 s
[1161/8023] TestGemPackageTarWriter#test_add_file_signer_empty = 0.59 s
[1162/8023] TestGemPackageTarWriter#test_split_name_too_long_name = 0.49 s
[1163/8023] TestGemPackageTarWriter#test_split_name_too_long_prefix = 0.48 s
[1164/8023] TestGemPackageTarWriter#test_add_symlink = 0.55 s
[1165/8023] TestGemPackageTarWriter#test_add_file_simple_size = 0.49 s
[1166/8023] TestGemPackageTarWriter#test_add_symlink_source_date_epoch = 0.56 s
[1167/8023] TestGemPackageTarWriter#test_add_file_simple_padding = 0.56 s
[1168/8023] TestGemPackageTarWriter#test_mkdir = 0.55 s
[1169/8023] TestGemPackageTarWriter#test_add_file_with_mtime = 0.55 s
[1170/8023] TestGemPackageTarWriter#test_split_name_too_long_total = 0.47 s
[1171/8023] TestGemPackageTarWriter#test_add_file_simple = 0.55 s
[1172/8023] TestGemPackageTarWriter#test_split_name = 0.52 s
[1173/8023] TestGemPackageTarWriter#test_add_file = 0.56 s
[1174/8023] TestGemPackageTarWriter#test_close = 0.49 s
[1175/8023] TestGemPackageTarWriter#test_add_file_signer = 0.86 s
[1176/8023] TestGemPackageTarWriter#test_add_file_simple_data = 0.49 s
[1177/8023] TestGemSafeMarshal#"test_time_8 2000-12-31 23:59:59.000001 +0000" = 0.54 s
[1178/8023] TestGemSafeMarshal#"test_int_ 6" = 0.49 s
[1179/8023] TestGemSafeMarshal#test_hash_with_default_value = 0.97 s
[1180/8023] TestGemSafeMarshal#"test_int_ 257" = 0.47 s
[1181/8023] TestGemSafeMarshal#"test_safe_load_marshal Time 2000-12-31 23:59:59 2476979795053773/225
1799813685248000 -0800" = 0.76 s
[1182/8023] TestGemSafeMarshal#"test_time_12 2000-12-31 23:59:59 2476979795053773/225179981368524800
0000000 +0000" = 0.57 s
[1183/8023] TestGemSafeMarshal#"test_int_ 4" = 0.57 s
[1184/8023] TestGemSafeMarshal#"test_int_ 255" = 0.47 s
[1185/8023] TestGemSafeMarshal#test_time_loads = 0.61 s
[1186/8023] TestGemSafeMarshal#"test_int_ 2" = 0.47 s
[1187/8023] TestGemSafeMarshal#"test_safe_load_marshal Float -1.1" = 0.45 s
[1188/8023] TestGemSafeMarshal#test_time_with_ivar = 0.62 s
[1189/8023] TestGemSafeMarshal#"test_int_ 0" = 0.47 s
[1190/8023] TestGemSafeMarshal#"test_safe_load_marshal Array [\"abc\", \"abc\"] Windows-1256" = 0.47
 s
[1191/8023] TestGemSafeMarshal#"test_safe_load_marshal Array [\"\\x61\\x62\\x63\\x64\", \"\\x61\\x62
\\x63\\x64\"] utf32" = 0.60 s
[1192/8023] TestGemSafeMarshal#"test_safe_load_marshal Integer 268435454" = 0.45 s
[1193/8023] TestGemSafeMarshal#"test_safe_load_marshal Float 0.0" = 0.45 s
[1194/8023] TestGemSafeMarshal#"test_safe_load_marshal Integer 268435456" = 0.50 s
[1195/8023] TestGemSafeMarshal#test_array_subclass = 0.46 s
[1196/8023] TestGemSafeMarshal#"test_safe_load_marshal Integer 1048574" = 0.45 s
[1197/8023] TestGemSafeMarshal#test_hash_with_compare_by_identity = 0.58 s
[1198/8023] TestGemSafeMarshal#"test_safe_load_marshal Integer 1048576" = 0.45 s
[1199/8023] TestGemSafeMarshal#"test_safe_load_marshal Time 2000-12-31 23:59:59 4548635623644201/450
3599627370496000000000 -0800" = 0.61 s
[1200/8023] TestGemSafeMarshal#test_date = 0.47 s
[1201/8023] TestGemSafeMarshal#test_gem_spec_unmarshall_license = 0.67 s
[1202/8023] TestGemSafeMarshal#"test_safe_load_marshal Integer 122" = 0.57 s
[1203/8023] TestGemSafeMarshal#"test_safe_load_marshal Integer 124" = 0.45 s
[1204/8023] TestGemSafeMarshal#"test_safe_load_marshal Integer -257" = 0.45 s
[1205/8023] TestGemSafeMarshal#"test_safe_load_marshal Time 2000-12-31 23:59:59 450364466336677/4503
59962737049600000000 -0800" = 0.61 s
[1206/8023] TestGemSafeMarshal#"test_safe_load_marshal String \"\\x61\\x62\\x63\" utf32 with length
not a multiple of 4" = 0.45 s
[1207/8023] TestGemSafeMarshal#test_string_with_encoding = 0.81 s
[1208/8023] TestGemSafeMarshal#"test_safe_load_marshal Integer -255" = 0.44 s
[1209/8023] TestGemSafeMarshal#"test_safe_load_marshal Integer 126" = 0.45 s
[1210/8023] TestGemSafeMarshal#test_recursive_array = 0.45 s
[1211/8023] TestGemSafeMarshal#"test_safe_load_marshal Integer 128" = 0.51 s
[1212/8023] TestGemSafeMarshal#"test_safe_load_marshal String \"abc\" ivar" = 0.45 s
[1213/8023] TestGemSafeMarshal#"test_safe_load_marshal Integer 2" = 0.44 s
[1214/8023] TestGemSafeMarshal#"test_safe_load_marshal Array {}" = 0.50 s
[1215/8023] TestGemSafeMarshal#"test_safe_load_marshal Integer -268435455" = 0.45 s
[1216/8023] TestGemSafeMarshal#"test_safe_load_marshal Integer 0" = 0.45 s
[1217/8023] TestGemSafeMarshal#"test_int_ 1048575" = 0.55 s
[1218/8023] TestGemSafeMarshal#"test_time_13 2000-12-31 23:59:59 4548635623644201/450359962737049600
0000000 +0000" = 0.56 s
[1219/8023] TestGemSafeMarshal#"test_safe_load_marshal Integer 6" = 0.51 s
[1220/8023] TestGemSafeMarshal#"test_safe_load_marshal Integer -65536" = 0.44 s
[1221/8023] TestGemSafeMarshal#"test_safe_load_marshal Integer 65534" = 0.45 s
[1222/8023] TestGemSafeMarshal#"test_safe_load_marshal Integer 4" = 0.84 s
[1223/8023] TestGemSafeMarshal#"test_int_ 65536" = 0.46 s
[1224/8023] TestGemSafeMarshal#"test_safe_load_marshal Integer 65536" = 0.45 s
[1225/8023] TestGemSafeMarshal#"test_time_15 2000-12-31 23:59:59 450364466336677/4503599627370496000
00000 +0000" = 0.57 s
[1226/8023] TestGemSafeMarshal#test_link_after_float = 0.46 s
[1227/8023] TestGemSafeMarshal#"test_safe_load_marshal Array [\"hello\", \"hello\"]" = 0.47 s
[1228/8023] TestGemSafeMarshal#test_string_with_ivar = 0.47 s
[1229/8023] TestGemSafeMarshal#test_unexpected_eof = 0.47 s
[1230/8023] TestGemSafeMarshal#"test_safe_load_marshal String \"abc\" binary" = 0.45 s
[1231/8023] TestGemSafeMarshal#"test_safe_load_marshal Integer 9223372036854775806" = 0.45 s
[1232/8023] TestGemSafeMarshal#"test_safe_load_marshal Array [[...]]" = 0.45 s
[1233/8023] TestGemSafeMarshal#"test_safe_load_marshal Time 2000-12-31 23:59:59 2254051613498933/225
1799813685248000000000 -0800" = 0.57 s
[1234/8023] TestGemSafeMarshal#test_time_user_marshal = 0.46 s
[1235/8023] TestGemSafeMarshal#"test_int_ 4294967295" = 0.47 s
[1236/8023] TestGemSafeMarshal#"test_time_14 2000-12-31 23:59:59 2254051613498933/225179981368524800
0000000 +0000" = 0.57 s
[1237/8023] TestGemSafeMarshal#"test_time_10 2000-12-31 23:59:59 4548635623644201/450359962737049600
0000 +0000" = 0.57 s
[1238/8023] TestGemSafeMarshal#"test_safe_load_marshal String \"hello\" ivar" = 0.45 s
[1239/8023] TestGemSafeMarshal#"test_safe_load_marshal String \"abc\" utf8" = 0.45 s
[1240/8023] TestGemSafeMarshal#"test_int_ 123" = 0.47 s
[1241/8023] TestGemSafeMarshal#test_string_subclass = 0.46 s
[1242/8023] TestGemSafeMarshal#test_rational = 0.46 s
[1243/8023] TestGemSafeMarshal#"test_safe_load_marshal Time 2000-12-31 23:59:59 2476979795053773/225
1799813685248000000 -0800" = 0.56 s
[1244/8023] TestGemSafeMarshal#"test_int_ 268435455" = 0.47 s
[1245/8023] TestGemSafeMarshal#"test_safe_load_marshal Hash {}" = 0.77 s
[1246/8023] TestGemSafeMarshal#"test_safe_load_marshal Integer 9223372036854775808" = 0.46 s
[1247/8023] TestGemSafeMarshal#"test_safe_load_marshal Time 2001-01-01 11:59:59 +0400" = 0.48 s
[1248/8023] TestGemSafeMarshal#"test_int_ 127" = 0.47 s
[1249/8023] TestGemSafeMarshal#"test_time_6 2000-12-31 23:59:59 2476979795053773/2251799813685248000
 +0000" = 0.70 s
[1250/8023] TestGemSafeMarshal#"test_safe_load_marshal Integer -4294967296" = 0.54 s
[1251/8023] TestGemSafeMarshal#"test_safe_load_marshal String \"\"" = 0.45 s
[1252/8023] TestGemSafeMarshal#"test_safe_load_marshal Float 1.1" = 0.44 s
[1253/8023] TestGemSafeMarshal#"test_time_9 2000-12-31 23:59:59 2476979795053773/2251799813685248000
000 +0000" = 0.66 s
[1254/8023] TestGemSafeMarshal#test_gem_spec_disallowed_ivar = 0.89 s
[1255/8023] TestGemSafeMarshal#"test_safe_load_marshal Integer 4294967295" = 0.52 s
[1256/8023] TestGemSafeMarshal#"test_safe_load_marshal Time 2000-12-31 23:59:59 -0800" = 0.48 s
[1257/8023] TestGemSafeMarshal#"test_safe_load_marshal Time 2000-12-31 23:59:59 2476979795053773/225
1799813685248000000000 -0800" = 0.66 s
[1258/8023] TestGemSafeMarshal#"test_safe_load_marshal Integer -2" = 0.45 s
[1259/8023] TestGemSafeMarshal#"test_safe_load_marshal Time 2000-12-31 23:59:59 4548635623644201/450
3599627370496000000 -0800" = 0.60 s
[1260/8023] TestGemSafeMarshal#"test_safe_load_marshal Integer 4294967297" = 0.45 s
[1261/8023] TestGemSafeMarshal#"test_safe_load_marshal Array [\"\\x61\\x62\\x63\", \"\\x61\\x62\\x63
\"] utf32 with length not a multiple of 4)" = 0.50 s
[1262/8023] TestGemSafeMarshal#"test_safe_load_marshal Time 2000-12-31 23:59:59.000000001 -0800" = 0
.50 s
[1263/8023] TestGemSafeMarshal#"test_time_4 2000-12-31 23:59:59 UTC" = 0.48 s
[1264/8023] TestGemSafeMarshal#"test_safe_load_marshal Integer -4" = 0.48 s
[1265/8023] TestGemSafeMarshal#"test_safe_load_marshal String \"\\x61\\x62\\x63\\x64\" utf32" = 0.46
 s
[1266/8023] TestGemSafeMarshal#"test_safe_load_marshal Integer 258" = 0.45 s
[1267/8023] TestGemSafeMarshal#"test_safe_load_marshal Integer -6" = 0.48 s
[1268/8023] TestGemSafeMarshal#"test_safe_load_marshal String \"abc\" Windows-1256" = 0.46 s
[1269/8023] TestGemSafeMarshal#"test_safe_load_marshal Integer 256" = 0.45 s
[1270/8023] TestGemSafeMarshal#"test_time_7 2000-12-31 23:59:59 4548635623644201/4503599627370496000
 +0000" = 0.60 s
[1271/8023] TestGemSafeMarshal#"test_safe_load_marshal Float 30000000.0" = 0.49 s
[1272/8023] TestGemSafeMarshal#"test_safe_load_marshal Float Infinity" = 0.45 s
[1273/8023] TestGemSafeMarshal#"test_safe_load_marshal Integer -127" = 0.45 s
[1274/8023] TestGemSafeMarshal#"test_safe_load_marshal Hash {:runtime=>:development}" = 0.50 s
[1275/8023] TestGemSafeMarshal#"test_safe_load_marshal Integer 254" = 0.45 s
[1276/8023] TestGemSafeMarshal#"test_safe_load_marshal String \"abc\" ascii" = 0.45 s
[1277/8023] TestGemSafeMarshal#"test_safe_load_marshal Float NaN" = 0.44 s
[1278/8023] TestGemSafeMarshal#test_gem_spec_unmarshall_required_ruby_rubygems_version = 0.78 s
[1279/8023] TestGemSafeMarshal#"test_safe_load_marshal Integer -9223372036854775808" = 0.53 s
[1280/8023] TestGemSafeMarshal#"test_safe_load_marshal Float -0.0" = 0.48 s
[1281/8023] TestGemSafeMarshal#"test_safe_load_marshal Array [\"hello\", [\"hello\"], \"hello\", [\"
hello\"]]" = 0.46 s
[1282/8023] TestGemSafeMarshal#"test_int_ 9223372036854775808" = 0.48 s
[1283/8023] TestGemSafeMarshal#test_frozen_object = 0.51 s
[1284/8023] TestGemSafeMarshal#"test_safe_load_marshal Integer -123" = 0.45 s
[1285/8023] TestGemSafeMarshal#"test_time_2 2000-12-31 12:07:59 -1152" = 0.48 s
[1286/8023] TestGemSafeMarshal#"test_safe_load_marshal Time 2023-08-24 10:10:39.09565 -0700" = 0.51
s
[1287/8023] TestGemSafeMarshal#"test_safe_load_marshal Time 2000-12-31 23:59:59.001 -0800" = 0.48 s
[1288/8023] TestGemSafeMarshal#"test_time_1 2001-01-01 03:59:59 +0400" = 0.84 s
[1289/8023] TestGemSafeMarshal#"test_safe_load_marshal Integer -5" = 0.45 s
[1290/8023] TestGemSafeMarshal#"test_safe_load_marshal Integer -128" = 0.45 s
[1291/8023] TestGemSafeMarshal#"test_safe_load_marshal Integer -9223372036854775807" = 0.46 s
[1292/8023] TestGemSafeMarshal#"test_safe_load_marshal Array [\"abc\", \"abc\"] ascii" = 0.47 s
[1293/8023] TestGemSafeMarshal#"test_safe_load_marshal Integer 4294967296" = 0.46 s
[1294/8023] TestGemSafeMarshal#"test_safe_load_marshal Integer -3" = 0.45 s
[1295/8023] TestGemSafeMarshal#"test_safe_load_marshal Integer 4294967294" = 0.45 s
[1296/8023] TestGemSafeMarshal#"test_safe_load_marshal Integer -1" = 0.45 s
[1297/8023] TestGemSafeMarshal#"test_int_ 9223372036854775807" = 0.49 s
[1298/8023] TestGemSafeMarshal#"test_safe_load_marshal Integer -122" = 0.45 s
[1299/8023] TestGemSafeMarshal#"test_safe_load_marshal Array [\"abc\", \"abc\"] utf8" = 0.46 s
[1300/8023] TestGemSafeMarshal#"test_time_0 2000-12-31 23:59:59 +0000" = 0.49 s
[1301/8023] TestGemSafeMarshal#test_hash_with_ivar = 0.46 s
[1302/8023] TestGemSafeMarshal#"test_safe_load_marshal Integer 255" = 0.44 s
[1303/8023] TestGemSafeMarshal#"test_safe_load_marshal Array [:development, :development]" = 0.47 s
[1304/8023] TestGemSafeMarshal#"test_safe_load_marshal Integer 257" = 0.47 s
[1305/8023] TestGemSafeMarshal#"test_safe_load_marshal Integer -124" = 0.47 s
[1306/8023] TestGemSafeMarshal#"test_safe_load_marshal Date #<Date: 1994-12-09 ((2449696j,0s,0n),+0s
,2299161j)>" = 0.48 s
[1307/8023] TestGemSafeMarshal#"test_int_ 4294967296" = 0.49 s
[1308/8023] TestGemSafeMarshal#"test_time_16 2000-12-31 23:59:59 450364466336677/4503599627370496000
00000 +0000" = 0.59 s
[1309/8023] TestGemSafeMarshal#"test_safe_load_marshal Integer 9223372036854775807" = 0.46 s
[1310/8023] TestGemSafeMarshal#test_floats = 0.54 s
[1311/8023] TestGemSafeMarshal#"test_int_ 128" = 0.79 s
[1312/8023] TestGemSafeMarshal#"test_safe_load_marshal Float -Infinity" = 0.45 s
[1313/8023] TestGemSafeMarshal#"test_time_5 2000-12-31 23:59:59.001 +0000" = 0.49 s
[1314/8023] TestGemSafeMarshal#"test_safe_load_marshal Array [\"abc\", \"abc\"] binary" = 0.45 s
[1315/8023] TestGemSafeMarshal#"test_time_11 2000-12-31 23:59:59.000000001 +0000" = 0.65 s
[1316/8023] TestGemSafeMarshal#"test_safe_load_marshal Time 2001-01-01 07:59:59 +0000" = 0.48 s
[1317/8023] TestGemSafeMarshal#"test_int_ 268435456" = 0.56 s
[1318/8023] TestGemSafeMarshal#"test_safe_load_marshal Integer -4294967295" = 0.45 s
[1319/8023] TestGemSafeMarshal#"test_int_ 124" = 0.47 s
[1320/8023] TestGemSafeMarshal#"test_safe_load_marshal Float -30000000.0" = 0.53 s
[1321/8023] TestGemSafeMarshal#test_length_one_symbols = 0.47 s
[1322/8023] TestGemSafeMarshal#"test_safe_load_marshal Integer 9223372036854775809" = 0.45 s
[1323/8023] TestGemSafeMarshal#"test_safe_load_marshal Integer -1048575" = 0.55 s
[1324/8023] TestGemSafeMarshal#"test_int_ 122" = 0.48 s
[1325/8023] TestGemSafeMarshal#test_repeated_symbol = 0.46 s
[1326/8023] TestGemSafeMarshal#"test_safe_load_marshal Integer 127" = 0.53 s
[1327/8023] TestGemSafeMarshal#test_gem_spec_disallowed_symbol = 0.79 s
[1328/8023] TestGemSafeMarshal#"test_time_18 2000-12-31 23:59:59 UTC" = 0.55 s
[1329/8023] TestGemSafeMarshal#"test_time_17 2000-12-31 23:59:59 UTC" = 0.52 s
[1330/8023] TestGemSafeMarshal#"test_safe_load_marshal Integer 125" = 0.44 s
[1331/8023] TestGemSafeMarshal#"test_safe_load_marshal Integer -256" = 0.44 s
[1332/8023] TestGemSafeMarshal#"test_safe_load_marshal Time 2001-01-01 07:59:59 UTC" = 0.52 s
[1333/8023] TestGemSafeMarshal#"test_safe_load_marshal Integer 123" = 0.45 s
[1334/8023] TestGemSafeMarshal#"test_safe_load_marshal Integer 121" = 0.44 s
[1335/8023] TestGemSafeMarshal#"test_safe_load_marshal Gem::Version #<Gem::Version \"1.abc\">" = 0.4
9 s
[1336/8023] TestGemSafeMarshal#"test_safe_load_marshal Time 2000-12-31 20:07:59 -1152" = 0.48 s
[1337/8023] TestGemSafeMarshal#"test_safe_load_marshal Integer -65535" = 0.45 s
[1338/8023] TestGemSafeMarshal#"test_safe_load_marshal Integer 65537" = 0.48 s
[1339/8023] TestGemSafeMarshal#"test_safe_load_marshal Integer 5" = 0.45 s
[1340/8023] TestGemSafeMarshal#test_repeated_string = 0.48 s
[1341/8023] TestGemSafeMarshal#"test_safe_load_marshal Integer 65535" = 0.48 s
[1342/8023] TestGemSafeMarshal#"test_int_ 65535" = 5.35 s
[1343/8023] TestGemSafeMarshal#"test_safe_load_marshal Integer 7" = 0.46 s
[1344/8023] TestGemSafeMarshal#"test_safe_load_marshal Rational (1/3)" = 0.51 s
[1345/8023] TestGemSafeMarshal#"test_safe_load_marshal Integer -268435456" = 0.45 s
[1346/8023] TestGemSafeMarshal#"test_safe_load_marshal Integer 1" = 0.45 s
[1347/8023] TestGemSafeMarshal#"test_safe_load_marshal Integer 3" = 0.49 s
[1348/8023] TestGemSafeMarshal#"test_safe_load_marshal Time 2000-12-31 23:59:59 4548635623644201/450
3599627370496000 -0800" = 0.57 s
[1349/8023] TestGemSafeMarshal#"test_safe_load_marshal Integer 129" = 0.49 s
[1350/8023] TestGemSafeMarshal#"test_safe_load_marshal Time 2023-08-24 10:10:39.098453 -0700" = 0.48
 s
[1351/8023] TestGemSafeMarshal#"test_int_ 1" = 0.47 s
[1352/8023] TestGemSafeMarshal#"test_int_ 3" = 0.50 s
[1353/8023] TestGemSafeMarshal#test_recursive_string = 0.46 s
[1354/8023] TestGemSafeMarshal#"test_safe_load_marshal Time 2000-12-31 23:59:59.000001 -0800" = 0.86
 s
[1355/8023] TestGemSafeMarshal#"test_int_ 5" = 0.47 s
[1356/8023] TestGemSafeMarshal#"test_int_ 256" = 0.47 s
[1357/8023] TestGemSafeMarshal#"test_safe_load_marshal Hash {} default value" = 0.45 s
[1358/8023] TestGemSafeMarshal#test_negative_length = 0.46 s
[1359/8023] TestGemSafeMarshal#"test_safe_load_marshal Integer 1048575" = 0.45 s
[1360/8023] TestGemSafeMarshal#"test_safe_load_marshal Integer 268435457" = 0.45 s
[1361/8023] TestGemSafeMarshal#"test_safe_load_marshal Integer 268435455" = 0.45 s
[1362/8023] TestGemSafeMarshal#"test_time_3 2000-12-31 23:59:59 +0000" = 0.48 s
[1363/8023] TestGemCommandsServerCommand#test_execute = 0.48 s
[1364/8023] TestFiberCurrentRactor#test_ractor_shareable = 12.20 s
[1365/8023] TestBasicInstructions#test_opassign2_3 = 0.05 s
[1366/8023] TestBasicInstructions#test_opassign2_1 = 0.02 s
[1367/8023] TestBasicInstructions#test_self = 0.01 s
[1368/8023] TestBasicInstructions#test_dsym = 0.01 s
[1369/8023] TestBasicInstructions#test_string = 0.01 s
[1370/8023] TestBasicInstructions#test_immediates = 0.02 s
[1371/8023] TestBasicInstructions#test_xstr = 1.08 s
[1372/8023] TestBasicInstructions#test_array = 0.02 s
[1373/8023] TestBasicInstructions#test_local_variable = 0.06 s
[1374/8023] TestBasicInstructions#test_opassign1_1 = 0.02 s
[1375/8023] TestBasicInstructions#test_hash = 0.01 s
[1376/8023] TestBasicInstructions#test_const_inherit = 0.14 s
[1377/8023] TestBasicInstructions#test_regexp = 0.03 s
[1378/8023] TestBasicInstructions#test_send_opassign = 0.02 s
[1379/8023] TestBasicInstructions#test_array_splat = 0.02 s
[1380/8023] TestBasicInstructions#test_class_variable = 0.06 s
[1381/8023] TestBasicInstructions#test_opassign1_2 = 0.02 s
[1382/8023] TestBasicInstructions#test_backref = 0.06 s
[1383/8023] TestBasicInstructions#test_not = 0.02 s
[1384/8023] TestBasicInstructions#test_special_const_instance_variables = 11.71 s
[1385/8023] TestBasicInstructions#test_dstring = 0.01 s
[1386/8023] TestBasicInstructions#test_const_cref = 0.11 s
[1387/8023] TestBasicInstructions#test_const_path = 0.13 s
[1388/8023] TestBasicInstructions#test_global_variable = 0.02 s
[1389/8023] TestBasicInstructions#test_range = 0.02 s
[1390/8023] TestBasicInstructions#test_opassign2_2 = 0.02 s
[1391/8023] TestCiDetector#test_ci? = 0.66 s
[1392/8023] TestCiDetector#test_ci_strings = 0.58 s
[1393/8023] JSONInRactorTest#test_generate = 22.06 s
[1394/8023] TestGemImpossibleDependenciesError#test_message_conflict = 0.61 s
[1395/8023] TestRandomExt::TestVersionMax#test_bad_version = 0.07 s
[1396/8023] TestGemCommandsHelpCommand#test_gem_help_commands_omits_deprecated_commands = 2.28 s
[1397/8023] TestGemCommandsHelpCommand#test_gem_help_gem_dependencies = 0.54 s
[1398/8023] TestGemCommandsHelpCommand#test_gem_help_build = 1.06 s
[1399/8023] TestGemCommandsHelpCommand#test_gem_no_args_shows_help = 1.12 s
[1400/8023] TestGemCommandsHelpCommand#test_gem_help_bad = 0.47 s
[1401/8023] TestGemCommandsHelpCommand#test_gem_help_platforms = 0.45 s
[1402/8023] TestGemCommandsHelpCommand#test_gem_help_commands = 1.05 s
[1403/8023] TestShellwords#test_frozenness = 0.03 s
[1404/8023] TestShellwords#test_shellwords = 0.02 s
[1405/8023] TestShellwords#test_shellescape = 0.01 s
[1406/8023] TestShellwords#test_backslashes = 0.05 s
[1407/8023] TestShellwords#test_stringification = 0.01 s
[1408/8023] TestShellwords#test_unmatched_quotes = 0.01 s
[1409/8023] TestShellwords#test_unmatched_double_quote = 0.01 s
[1410/8023] TestShellwords#test_nul_char = 0.01 s
[1411/8023] TestShellwords#test_whitespace = 0.07 s
[1412/8023] TestShellwords#test_unmatched_single_quote = 0.01 s
[1413/8023] TestShellwords#test_multibyte_characters = 0.01 s
[1414/8023] TestStringScannerRactor#test_ractor = 2.74 s
[1415/8023] TestGemCommandsRebuildCommand#test_build_is_reproducible = 1.00 s
[1416/8023] TestGem#test_activate_bin_path_does_not_error_if_a_gem_thats_not_finally_activated_has_o
rphaned_dependencies = 2.04 s
[1417/8023] TestGem#test_self_prefix = 0.54 s
[1418/8023] TestGem#test_self_needs_picks_up_unresolved_deps = 0.86 s
[1419/8023] TestGem#test_self_prefix_sitelibdir = 0.52 s
[1420/8023] TestGem#test_self_datadir = 0.78 s
[1421/8023] TestGem#test_self_ruby_api_version = 0.54 s
[1422/8023] TestGem#test_self_install_permissions_with_format_executable_and_non_standard_ruby_insta
ll_name = 0.92 s
[1423/8023] TestGem#test_platform_defaults = 0.54 s
[1424/8023] TestGem#test_self_latest_rubygems_version = 1.27 s
[1425/8023] TestGem#test_self_vendor_dir = 0.53 s
[1426/8023] TestGem#test_activated_specs_does_not_cause_duplicates_when_looping_through_specs = 1.55
 s
[1427/8023] TestGem#test_self_latest_spec_for_multiple_sources = 1.58 s
[1428/8023] TestGem#test_self_path = 0.52 s
[1429/8023] TestGem#test_gem_path_ordering = 0.86 s
[1430/8023] TestGem#test_self_bindir_default_dir = 0.53 s
[1431/8023] TestGem#test_self_install_in_rescue = 0.83 s
[1432/8023] TestGem#test_default_path_vendor_dir = 0.56 s
[1433/8023] TestGem#test_activate_bin_path_resolves_eagerly = 2.33 s
[1434/8023] TestGem#test_data_home_from_env = 0.54 s
[1435/8023] TestGem#test_self_needs = 1.25 s
[1436/8023] TestGem#test_self_use_paths = 0.58 s
[1437/8023] TestGem#test_default_path_missing_vendor = 0.45 s
[1438/8023] TestGem#test_load_env_plugins = 1.57 s
[1439/8023] TestGem#test_self_ruby_escaping_spaces_in_path = 0.53 s
[1440/8023] TestGem#test_self_default_sources = 0.45 s
[1441/8023] TestGem#test_gem_path_ordering_short = 0.86 s
[1442/8023] TestGem#test_self_ruby_version_with_git_master = 0.56 s
[1443/8023] TestGem#test_self_extension_dir_shared = 0.45 s
[1444/8023] TestGem#test_self_pre_reset = 0.45 s
[1445/8023] TestGem#test_self_pre_install = 0.46 s
[1446/8023] TestGem#test_self_try_activate_missing_dep = 1.09 s
[1447/8023] TestGem#test_self_latest_spec_for = 1.27 s
[1448/8023] TestGem#test_self_install = 0.90 s
[1449/8023] TestGem#test_activate_bin_path_raises_a_meaningful_error_if_a_gem_thats_finally_activate
d_has_orphaned_dependencies = 2.27 s
[1450/8023] TestGem#test_self_ruby_version_with_non_mri_implementations = 0.52 s
[1451/8023] TestGem#test_self_gunzip = 0.60 s
[1452/8023] TestGem#test_default_path_user_home = 0.68 s
[1453/8023] TestGem#test_try_activate_returns_true_for_activated_specs = 0.73 s
[1454/8023] TestGem#test_self_ensure_gem_directories_safe_permissions = 0.70 s
[1455/8023] TestGem#test_self_post_uninstall = 0.61 s
[1456/8023] TestGem#test_self_path_overlap = 0.47 s
[1457/8023] TestGem#test_self_refresh_keeps_loaded_specs_activated = 1.58 s
[1458/8023] TestGem#test_self_refresh = 1.65 s
[1459/8023] TestGem#test_self_bin_path_picking_newest = 1.15 s
[1460/8023] TestGem#test_self_latest_version_for_multiple_sources = 1.58 s
[1461/8023] TestGem#test_state_home_default = 0.52 s
[1462/8023] TestGem#test_self_bin_path_bin_file_gone_in_latest = 0.99 s
[1463/8023] TestGem#test_register_default_spec_old_style_with_folder_starting_with_lib = 6.37 s
[1464/8023] TestGem#test_setting_paths_does_not_mutate_parameter_object = 0.51 s
[1465/8023] TestGem#test_data_home_default = 0.45 s
[1466/8023] TestGem#test_register_default_spec = 1.24 s
[1467/8023] TestGem#test_self_platforms = 0.46 s
[1468/8023] TestGem#test_self_user_home = 0.45 s
[1469/8023] TestGem#test_self_clear_paths = 0.55 s
[1470/8023] TestGem#test_self_bin_path_bin_name = 0.79 s
[1471/8023] TestGem#test_self_ruby_version_with_git_prerelease = 0.53 s
[1472/8023] TestGem#test_self_path_ENV_PATH = 0.46 s
[1473/8023] TestGem#test_self_bin_path_not_found = 0.46 s
[1474/8023] TestGem#test_activate_bin_path_in_debug_mode = 10.79 s
[1475/8023] TestGem#test_self_configuration = 0.61 s
[1476/8023] TestGem#test_self_loaded_specs = 0.79 s
[1477/8023] TestGem#test_self_ruby_version_with_svn_trunk = 0.62 s
[1478/8023] TestGem#test_self_path_default = 0.96 s
[1479/8023] TestGem#test_self_extension_dir_static = 0.47 s
[1480/8023] TestGem#test_self_ensure_gem_directories = 0.67 s
[1481/8023] TestGem#test_self_ensure_gem_directories_missing_parents = 0.77 s
[1482/8023] TestGem#test_default_path = 0.54 s
[1483/8023] TestGem#test_self_ruby_path_without_spaces = 0.46 s
[1484/8023] TestGem#test_spec_order_is_consistent = 1.17 s
[1485/8023] TestGem#test_self_use_paths_with_nils = 0.56 s
[1486/8023] TestGem#test_self_paths_eq_nonexistent_home = 0.48 s
[1487/8023] TestGem#test_activate_bin_path_selects_exact_bundler_version_if_present = 1.24 s
[1488/8023] TestGem#test_self_paths_eq = 0.55 s
[1489/8023] TestGem#test_self_ruby_version_with_svn_prerelease = 0.47 s
[1490/8023] TestGem#test_self_finish_resolve_respects_loaded_specs = 2.21 s
[1491/8023] TestGem#test_setting_paths_does_not_warn_about_unknown_keys = 0.67 s
[1492/8023] TestGem#test_self_post_build = 1.17 s
[1493/8023] TestGem#test_self_vendor_dir_missing = 0.45 s
[1494/8023] TestGem#test_self_finish_resolve_wtf = 0.84 s
[1495/8023] TestGem#test_self_install_permissions_umask_077 = 1.16 s
[1496/8023] TestGem#test_self_bin_path_active = 0.55 s
[1497/8023] TestGem#test_self_path_duplicate = 0.48 s
[1498/8023] TestGem#test_self_rubygems_version = 0.57 s
[1499/8023] TestGem#test_self_try_activate_missing_extensions = 0.68 s
[1500/8023] TestGem#test_self_default_exec_format_jruby = 0.64 s
[1501/8023] TestGem#test_default_source_date_epoch_doesnt_change = 1.46 s
[1502/8023] TestGem#test_self_dir = 0.45 s
[1503/8023] TestGem#test_self_vendor_dir_ENV_GEM_VENDOR = 0.57 s
[1504/8023] TestGem#test_state_home_from_env = 0.44 s
[1505/8023] TestGem#test_self_activate_bin_path_no_exec_name = 0.45 s
[1506/8023] TestGem#test_self_post_install = 0.45 s
[1507/8023] TestGem#test_self_ruby_version_with_non_mri_implementations_with_mri_prerelase_compatibi
lity = 0.46 s
[1508/8023] TestGem#test_self_finish_resolve = 1.95 s
[1509/8023] TestGem#test_activate_bin_path_respects_underscore_selection_if_given = 1.25 s
[1510/8023] TestGem#test_load_user_installed_plugins = 0.88 s
[1511/8023] TestGem#test_self_try_activate_missing_prerelease = 1.16 s
[1512/8023] TestGem#test_load_plugins = 0.83 s
[1513/8023] TestGem#test_self_read_binary = 0.53 s
[1514/8023] TestGem#test_self_bin_path_nonexistent_binfile = 0.52 s
[1515/8023] TestGem#test_self_install_permissions_with_format_executable = 0.88 s
[1516/8023] TestGem#test_self_prefix_libdir = 0.57 s
[1517/8023] TestGem#test_self_env_requirement = 0.48 s
[1518/8023] TestGem#test_operating_system_defaults = 0.45 s
[1519/8023] TestGem#test_require_does_not_glob = 0.85 s
[1520/8023] TestGem#test_self_bindir = 0.53 s
[1521/8023] TestGem#test_self_pre_uninstall = 0.45 s
[1522/8023] TestGem#test_self_default_exec_format_18 = 0.47 s
[1523/8023] TestGem#test_self_install_permissions = 1.15 s
[1524/8023] TestGem#test_activate_bin_path_gives_proper_error_for_bundler_when_underscore_selection_
given = 0.56 s
[1525/8023] TestGem#test_self_bin_path_no_bin_file = 0.45 s
[1526/8023] TestGem#test_self_datadir_nonexistent_package = 0.47 s
[1527/8023] TestGem#test_self_ensure_gem_directories_permissions = 0.63 s
[1528/8023] TestGem#test_deprecated_paths= = 0.69 s
[1529/8023] TestGem#test_self_find_files = 1.28 s
[1530/8023] TestGem#test_self_latest_version_for = 1.26 s
[1531/8023] TestGem#test_self_install_permissions_umask_0 = 0.96 s
[1532/8023] TestGem#test_require_missing = 0.75 s
[1533/8023] TestGem#test_self_find_latest_files = 1.23 s
[1534/8023] TestGem#test_self_done_installing = 0.52 s
[1535/8023] TestGem#test_self_post_reset = 0.44 s
[1536/8023] TestGem#test_self_default_exec_format = 0.44 s
[1537/8023] TestGem#test_self_gzip = 0.62 s
[1538/8023] TestGem#test_self_sources = 0.53 s
[1539/8023] TestGem#test_self_bin_path_no_exec_name = 0.45 s
[1540/8023] TestGem#test_self_user_dir = 0.48 s
[1541/8023] TestGem#test_self_bin_path_bin_name_version = 0.77 s
[1542/8023] TestGemCommandsFetchCommand#test_execute_version_nonexistent = 1.24 s
[1543/8023] TestGemCommandsFetchCommand#test_execute = 0.89 s
[1544/8023] TestGemCommandsFetchCommand#test_execute_platform = 1.02 s
[1545/8023] TestGemCommandsFetchCommand#test_execute_latest = 0.88 s
[1546/8023] TestGemCommandsFetchCommand#test_execute_version = 0.97 s
[1547/8023] TestGemCommandsFetchCommand#test_execute_two_version = 0.54 s
[1548/8023] TestGemCommandsFetchCommand#test_execute_prerelease = 6.20 s
[1549/8023] TestGemCommandsFetchCommand#test_execute_two_version_specified_by_colon = 1.11 s
[1550/8023] TestGemCommandsFetchCommand#test_execute_version_specified_by_colon = 1.03 s
[1551/8023] TestGemCommandsFetchCommand#test_execute_specific_prerelease = 0.90 s
[1552/8023] TestGemCommandsFetchCommand#test_execute_nonexistent_hint_disabled = 0.95 s
[1553/8023] TestIRB::ColorPrinterTest#test_color_printer = 0.42 s
[1554/8023] TestGemResolverGitSet#test_find_all_prerelease = 0.57 s
[1555/8023] TestGemResolverGitSet#test_find_all_local = 0.50 s
[1556/8023] TestGemResolverGitSet#test_root_dir = 0.46 s
[1557/8023] TestGemResolverGitSet#test_add_git_gem_submodules = 0.48 s
[1558/8023] TestGemResolverGitSet#test_find_all = 0.48 s
[1559/8023] TestGemResolverGitSet#test_prefetch = 0.47 s
[1560/8023] TestGemResolverGitSet#test_add_git_spec = 0.48 s
[1561/8023] TestGemResolverGitSet#test_add_git_gem = 0.47 s
[1562/8023] TestGemResolverGitSet#test_prefetch_filter = 0.48 s
[1563/8023] TestGemResolverGitSet#test_prefetch_root_dir = 0.47 s
[1564/8023] TestGemResolverGitSet#test_prefetch_cache = 0.48 s
[1565/8023] TestNetHTTPPartialResponse#test_partial_response = 0.37 s
[1566/8023] TestResolvSvcbHttps#test_dohpath = 0.14 s
[1567/8023] TestResolvSvcbHttps#test_svcb_encode_order = 0.04 s
[1568/8023] TestResolvSvcbHttps#test_generic_key = 0.06 s
[1569/8023] TestResolvSvcbHttps#test_two_ipv6hints = 0.06 s
[1570/8023] TestResolvSvcbHttps#test_alpn_comma_backslash = 0.05 s
[1571/8023] TestResolvSvcbHttps#test_mandatory_alpn_ipv4hint = 0.06 s
[1572/8023] TestResolvSvcbHttps#test_svcparams = 0.03 s
[1573/8023] TestResolvSvcbHttps#test_target_name_is_root = 0.03 s
[1574/8023] TestResolvSvcbHttps#test_ipv6hint_embedded_ipv4 = 0.05 s
[1575/8023] TestResolvSvcbHttps#test_alias_mode = 0.04 s
[1576/8023] TestResolvSvcbHttps#test_svcb = 0.03 s
[1577/8023] TestResolvSvcbHttps#test_specifies_port = 0.05 s
[1578/8023] Test_TooManyDummyEncodings#test_exceed_encoding_table_size = 11.99 s
[1579/8023] TestM17NComb#test_str_clone = 0.14 s
[1580/8023] TestM17NComb#test_str_assign_range3 = 22.77 s
[1581/8023] TestM17NComb#test_str_center = 29.91 s
[1582/8023] TestM17NComb#test_str_include? = 27.10 s
[1583/8023] TestM17NComb#test_str_casecmp? = 13.01 s
[1584/8023] TestM17NComb#test_str_rjust = 35.39 s
[1585/8023] TestM17NComb#test_str_start_with? = 21.75 s
[1586/8023] TestM17NComb#test_str_smart_chomp = 212.06 s
[1587/8023] TestM17NComb#test_str_concat = 15.72 s
[1588/8023] TestM17NComb#test_str_chop = 0.16 s
[1589/8023] TestM17NComb#test_str_each_byte = 0.08 s
[1590/8023] TestM17NComb#test_str_index = 20.11 s
[1591/8023] TestM17NComb#test_str_assign = 41.77 s
[1592/8023] TestM17NComb#test_str_bytes = 0.06 s
[1593/8023] TestM17NComb#test_str_sum = 0.04 s
[1594/8023] TestM17NComb#test_str_slice = 86.63 s
[1595/8023] TestM17NComb#test_str_assign_len = 23.92 s
[1596/8023] TestM17NComb#test_str_assign_substr = 16.49 s
[1597/8023] TestM17NComb#test_str_reverse = 0.07 s
[1598/8023] TestM17NComb#test_str_new = 0.18 s
[1599/8023] TestM17NComb#test_str_hex = 0.06 s
[1600/8023] TestM17NComb#test_str_aref_range2 = 10.90 s
[1601/8023] TestM17NComb#test_str_squeeze = 18.27 s
[1602/8023] TestM17NComb#test_marshal = 0.15 s
[1603/8023] TestM17NComb#test_str_to_s = 0.07 s
[1604/8023] TestM17NComb#test_tr_s = 22.16 s
[1605/8023] TestM17NComb#test_str_aref = 0.08 s
[1606/8023] TestM17NComb#test_str_to_i = 0.49 s
[1607/8023] TestM17NComb#test_str_eq_transitive = 10.97 s
[1608/8023] TestM17NComb#test_str_length = 0.04 s
[1609/8023] TestM17NComb#test_str_bytesize = 0.04 s
[1610/8023] TestM17NComb#test_str_rpartition = 21.86 s
[1611/8023] TestM17NComb#test_str_intern = 0.13 s
[1612/8023] TestM17NComb#test_str_aref_len = 0.21 s
[1613/8023] TestM17NComb#test_tr = 28.75 s
[1614/8023] TestM17NComb#test_str_cmp = 14.43 s
[1615/8023] TestM17NComb#test_str_scan = 17.04 s
[1616/8023] TestM17NComb#test_str_plus = 18.65 s
[1617/8023] TestM17NComb#test_str_partition = 21.98 s
[1618/8023] TestM17NComb#test_str_swapcase = 0.14 s
[1619/8023] TestM17NComb#test_str_dump = 0.27 s
[1620/8023] TestM17NComb#test_str_count = 16.77 s
[1621/8023] TestM17NComb#test_str_each_line = 18.72 s
[1622/8023] TestM17NComb#test_str_chomp = 24.92 s
[1623/8023] TestM17NComb#test_str_to_f = 0.02 s
[1624/8023] TestM17NComb#test_str_crypt = 11.82 s
[1625/8023] TestM17NComb#test_sprintf_s = 0.38 s
[1626/8023] TestM17NComb#test_str_empty? = 0.06 s
[1627/8023] TestM17NComb#test_str_eq_reflexive = 0.09 s
[1628/8023] TestM17NComb#test_str_sub! = 56.18 s
[1629/8023] TestM17NComb#test_str_ord = 0.13 s
[1630/8023] TestM17NComb#test_str_chars = 0.07 s
[1631/8023] TestM17NComb#test_str_casecmp = 11.66 s
[1632/8023] TestM17NComb#test_str_capitalize = 0.22 s
[1633/8023] TestM17NComb#test_str_sub = 61.87 s
[1634/8023] TestM17NComb#test_str_slice! = 117.47 s
[1635/8023] TestM17NComb#test_bug11486 = 0.02 s
[1636/8023] TestM17NComb#test_str_clear = 0.08 s
[1637/8023] TestM17NComb#test_str_aref_range3 = 10.63 s
[1638/8023] TestM17NComb#test_str_ljust = 28.41 s
[1639/8023] TestM17NComb#test_str_succ2 = 0.01 s
[1640/8023] TestM17NComb#test_tr_sjis = 0.01 s
[1641/8023] TestM17NComb#test_str_crypt_nonstrict = 15.76 s
[1642/8023] TestM17NComb#test_str_eq_symmetric = 14.60 s
[1643/8023] TestM17NComb#test_str_succ = 58.24 s
[1644/8023] TestM17NComb#test_str_rindex = 18.85 s
[1645/8023] TestM17NComb#test_str_hash = 10.73 s
[1646/8023] TestM17NComb#test_str_end_with? = 20.69 s
[1647/8023] TestM17NComb#test_str_delete = 17.90 s
[1648/8023] TestM17NComb#test_str_insert = 35.05 s
[1649/8023] TestM17NComb#test_str_oct = 0.06 s
[1650/8023] TestM17NComb#test_str_split = 25.83 s
[1651/8023] TestM17NComb#test_str_upcase = 0.14 s
[1652/8023] TestM17NComb#test_str_replace = 13.60 s
[1653/8023] TestM17NComb#test_str_dup = 0.10 s
[1654/8023] TestM17NComb#test_str_assign_range2 = 20.72 s
[1655/8023] TestM17NComb#test_str_eq = 20.19 s
[1656/8023] TestM17NComb#test_str_aref_substr = 17.07 s
[1657/8023] TestM17NComb#test_str_strip = 0.27 s
[1658/8023] TestM17NComb#test_str_downcase = 0.19 s
[1659/8023] TestM17NComb#test_str_times = 0.45 s
[1660/8023] TestM17NComb#test_str_chr = 0.04 s
[1661/8023] TestGemCommandsListCommand#test_execute_normal_gem_shadowing_default_gem = 0.99 s
[1662/8023] TestGemCommandsListCommand#test_execute_installed = 2.02 s
[1663/8023] TestGemResolverBestSet#test_find_all_local = 0.94 s
[1664/8023] TestGemResolverBestSet#test_find_all = 0.82 s
[1665/8023] TestGemResolverBestSet#test_prefetch = 1.03 s
[1666/8023] TestGemResolverBestSet#test_initialize = 0.50 s
[1667/8023] TestGemResolverBestSet#test_prefetch_local = 6.80 s
[1668/8023] TestDup#test_dup = 0.03 s
[1669/8023] TestDup#test_frozen_properties_not_retained_on_dup_with_ivar = 0.01 s
[1670/8023] TestDup#test_ivar_retained_on_dup = 0.01 s
[1671/8023] TestDup#test_frozen_properties_not_retained_on_dup = 0.01 s
[1672/8023] TestDup#test_user_flags = 36.66 s
[1673/8023] TestDup#test_ivars_retained_on_extended_obj_dup = 0.02 s
[1674/8023] TestResolvDNS#test_ipv6_to_s = 0.13 s
[1675/8023] TestResolvDNS#test_query_ipv4_address_truncated_tcp_fallback = 1.08 s
[1676/8023] TestResolvDNS#test_query_ipv4_address = 0.55 s
[1677/8023] TestResolvDNS#test_case_insensitive_name = 0.02 s
[1678/8023] TestResolvDNS#test_resolv_conf_by_command = 0.04 s
[1679/8023] TestResolvDNS#test_ipv6_name = 0.04 s
[1680/8023] TestResolvDNS#test_unreachable_server = 0.04 s
[1681/8023] TestResolvDNS#test_too_big_label_address = 23.18 s
[1682/8023] TestResolvDNS#test_each_name = 0.10 s
[1683/8023] TestResolvDNS#test_no_fd_leak_connected = 0.07 s
[1684/8023] TestResolvDNS#test_dots_diffences = 0.02 s
[1685/8023] TestResolvDNS#test_no_server = 0.09 s
[1686/8023] TestResolvDNS#test_query_ipv4_duplicate_responses = 0.30 s
[1687/8023] TestResolvDNS#test_ipv6_create = 0.02 s
[1688/8023] TestResolvDNS#test_too_long_address = 0.13 s
[1689/8023] TestResolvDNS#test_multiple_servers_with_timeout_and_truncated_tcp_fallback = 1.11 s
[1690/8023] TestResolvDNS#test_ipv6_should_be_16 = 0.06 s
[1691/8023] TestResolvDNS#test_invalid_byte_comment = 0.03 s
[1692/8023] TestResolvDNS#test_no_fd_leak_unconnected = 0.06 s
[1693/8023] TestResolvDNS#test_resolve_with_2_ndots = 0.02 s
[1694/8023] TestResolvDNS#test_query_ipv4_address_timeout = 0.54 s
[1695/8023] TestStringMemory#test_byteslice_postfix = 13.27 s
[1696/8023] TestStringMemory#test_byteslice_postfix_twice = 12.19 s
[1697/8023] TestStringMemory#test_byteslice_prefix = 12.14 s
[1698/8023] TestRequireLib#"test_thread_size:did_you_mean" = 12.85 s
[1699/8023] TestRequireLib#"test_thread_size:tmpdir" = 14.45 s
[1700/8023] TestRequireLib#"test_thread_size:error_highlight" = 12.68 s
[1701/8023] TestRequireLib#"test_thread_size:random/formatter" = 11.85 s
[1702/8023] TestRequireLib#"test_thread_size:open3" = 11.73 s
[1703/8023] TestRequireLib#"test_thread_size:irb" = 31.91 s
[1704/8023] TestRequireLib#"test_thread_size:erb" = 13.05 s
[1705/8023] TestRequireLib#"test_thread_size:net/https" = 27.54 s
[1706/8023] TestRequireLib#"test_thread_size:pp" = 11.69 s
[1707/8023] TestRequireLib#"test_thread_size:forwardable" = 11.80 s
[1708/8023] TestRequireLib#"test_thread_size:net/protocol" = 13.95 s
[1709/8023] TestRequireLib#"test_thread_size:prettyprint" = 11.90 s
[1710/8023] TestRequireLib#"test_thread_size:reline" = 22.59 s
[1711/8023] TestRequireLib#"test_thread_size:unicode_normalize/normalize" = 17.67 s
[1712/8023] TestRequireLib#"test_thread_size:timeout" = 11.69 s
[1713/8023] TestRequireLib#"test_thread_size:set" = 12.01 s
[1714/8023] TestRequireLib#"test_thread_size:tempfile" = 15.68 s
[1715/8023] TestRequireLib#"test_thread_size:optparse" = 11.72 s
[1716/8023] TestRequireLib#"test_thread_size:un" = 14.53 s
[1717/8023] TestRequireLib#"test_thread_size:benchmark" = 11.94 s
[1718/8023] TestRequireLib#"test_thread_size:yaml" = 11.88 s
[1719/8023] TestRequireLib#"test_thread_size:find" = 11.81 s
[1720/8023] TestRequireLib#"test_thread_size:ostruct" = 12.02 s
[1721/8023] TestRequireLib#"test_thread_size:fileutils" = 14.16 s
[1722/8023] TestRequireLib#"test_thread_size:net/http" = 23.59 s
[1723/8023] TestRequireLib#"test_thread_size:prism" = 24.54 s
[1724/8023] TestRequireLib#"test_thread_size:optionparser" = 11.71 s
[1725/8023] TestRequireLib#"test_thread_size:resolv" = 17.05 s
[1726/8023] TestRequireLib#"test_thread_size:tsort" = 11.82 s
[1727/8023] TestRequireLib#"test_thread_size:readline" = 22.73 s
[1728/8023] TestRequireLib#"test_thread_size:rdoc" = 11.89 s
[1729/8023] TestRequireLib#"test_thread_size:open-uri" = 17.41 s
[1730/8023] TestRequireLib#"test_thread_size:ipaddr" = 13.88 s
[1731/8023] TestRequireLib#"test_thread_size:securerandom" = 11.83 s
[1732/8023] TestRequireLib#"test_thread_size:delegate" = 11.91 s
[1733/8023] TestRequireLib#"test_thread_size:time" = 12.61 s
[1734/8023] TestRequireLib#"test_thread_size:cgi" = 13.31 s
[1735/8023] TestRequireLib#"test_thread_size:logger" = 12.68 s
[1736/8023] TestRequireLib#"test_thread_size:pstore" = 12.03 s
[1737/8023] TestRequireLib#"test_thread_size:singleton" = 11.86 s
[1738/8023] TestRequireLib#"test_thread_size:English" = 11.81 s
[1739/8023] TestRequireLib#"test_thread_size:uri" = 16.50 s
[1740/8023] TestRequireLib#"test_thread_size:unicode_normalize/tables" = 17.58 s
[1741/8023] TestRequireLib#"test_thread_size:weakref" = 12.01 s
[1742/8023] TestRequireLib#"test_thread_size:syntax_suggest" = 11.97 s
[1743/8023] TestRequireLib#"test_thread_size:shellwords" = 11.82 s
[1744/8023] TestFind#test_enumerator = 0.10 s
[1745/8023] TestFind#test_to_path = 0.03 s
[1746/8023] TestFind#test_countdown3 = 0.05 s
[1747/8023] TestFind#test_prune = 0.06 s
[1748/8023] TestFind#test_countup3 = 0.05 s
[1749/8023] TestFind#test_dangling_symlink = 0.04 s
[1750/8023] TestFind#test_relative = 0.07 s
[1751/8023] TestFind#test_change_dir_to_file = 0.09 s
[1752/8023] TestFind#test_encoding_ascii = 0.04 s
[1753/8023] TestFind#test_empty = 0.02 s
[1754/8023] TestFind#test_rec = 0.07 s
[1755/8023] TestFind#test_dont_follow_symlink = 0.06 s
[1756/8023] TestFind#test_encoding_non_ascii = 0.07 s
[1757/8023] TestFind#test_change_dir_to_symlink_loop = 0.09 s
[1758/8023] TestFind#test_nonexistence = 0.04 s
[1759/8023] TestFind#test_unreadable_dir = 0.03 s
[1760/8023] TestFind#test_unsearchable_dir = 0.09 s
[1761/8023] TestFind#test_dangling_symlink_stat_error = 0.03 s
[1762/8023] TestTmpdir#test_mktmpdir_mutate = 0.05 s
[1763/8023] TestTmpdir#test_world_writable = 0.20 s
[1764/8023] TestTmpdir#test_no_homedir = 0.02 s
[1765/8023] TestTmpdir#test_mktmpdir_traversal = 0.03 s
[1766/8023] TestTmpdir#test_mktmpdir_nil = 0.02 s
[1767/8023] TestTmpdir#test_tmpdir_modifiable = 0.02 s
[1768/8023] TestTmpdir#test_mktmpdir_traversal_array = 0.03 s
[1769/8023] TestTmpdir#test_ractor = 15.20 s
[1770/8023] TestTmpdir#test_mktmpdir_not_empty_parent = 0.07 s
[1771/8023] TestTmpdir#test_tmpdir_not_empty_parent = 0.03 s
[1772/8023] Test_BUG_5832#test_block_passing = 0.03 s
[1773/8023] TestOptionParserDidYouMean#test_into = 0.26 s
[1774/8023] TestOptionParserDidYouMean#test_nonopt_pattern = 0.10 s
[1775/8023] TestOptionParserDidYouMean#test_exact_option = 0.51 s
[1776/8023] TestOptionParserDidYouMean#test_no_suggestion = 0.12 s
[1777/8023] TestOptionParserDidYouMean#test_order = 0.10 s
[1778/8023] TestOptionParserDidYouMean#test_regexp = 0.03 s
[1779/8023] TestOptionParserDidYouMean#test_plain = 0.16 s
[1780/8023] TestOptionParserDidYouMean#test_help_pager = 27.83 s
[1781/8023] TestOptionParserDidYouMean#test_raise_unknown = 0.19 s
[1782/8023] TestOptionParserDidYouMean#test_permute = 0.10 s
[1783/8023] TestOptionParserDidYouMean#test_ambiguous = 0.14 s
[1784/8023] TestOptionParserDidYouMean#test_require_exact = 0.52 s
[1785/8023] TestSocket#test_connect_in_rescue = 0.10 s
[1786/8023] TestSocket#test_tcp_fast_fallback = 12.50 s
[1787/8023] TestSocket#test_accept_loop_with_unix = 0.19 s
[1788/8023] TestSocket#test_udp_server_sockets_in_rescue = 0.06 s
[1789/8023] TestSocket#test_tcp_socket_v4_hostname_resolved_earlier = 12.71 s
[1790/8023] TestSocket#test_getaddrinfo = 0.05 s
[1791/8023] TestSocket#test_listen_in_rescue = 0.03 s
[1792/8023] TestSocket#test_timestamp = 0.11 s
[1793/8023] TestSocket#test_bind = 0.03 s
[1794/8023] TestSocket#test_getaddrinfo_raises_no_errors_on_port_argument_of_0 = 0.07 s
[1795/8023] TestSocket#test_bind_in_rescue = 0.02 s
[1796/8023] TestSocket#test_tcp = 0.04 s
[1797/8023] TestSocket#test_getifaddrs = 0.02 s
[1798/8023] TestSocket#test_udp_recv_truncation = 0.02 s
[1799/8023] TestSocket#test_tcp_server_sockets = 0.03 s
[1800/8023] TestSocket#test_bintime = 0.05 s
[1801/8023] TestSocket#test_ip_address_list_include_localhost = 0.05 s
[1802/8023] TestSocket#test_ip_address_list = 0.02 s
[1803/8023] TestSocket#test_sysaccept = 0.02 s
[1804/8023] TestSocket#test_connect_timeout = 0.05 s
[1805/8023] TestSocket#test_tcp_socket_all_hostname_resolution_failed = 12.63 s
[1806/8023] TestSocket#test_socket_new_cloexec = 0.02 s
[1807/8023] TestSocket#test_tcp_socket_hostname_resolution_failed_after_connection_failure = 12.63 s
[1808/8023] TestSocket#test_socket_new = 0.01 s
[1809/8023] TestSocket#test_tcp_socket_resolv_timeout_with_connection_failure = 12.56 s
[1810/8023] TestSocket#test_unpack_sockaddr = 0.04 s
[1811/8023] TestSocket#test_unix = 0.05 s
[1812/8023] TestSocket#test_accept_loop = 0.22 s
[1813/8023] TestSocket#test_tcp_socket_one_hostname_resolution_succeeded_at_least = 12.64 s
[1814/8023] TestSocket#test_tcp_cloexec = 0.05 s
[1815/8023] TestSocket#test_tcp_socket_v6_address_passed = 12.97 s
[1816/8023] TestSocket#test_accept_loop_multi_port = 0.28 s
[1817/8023] TestSocket#test_resolurion_error_error_code = 0.02 s
[1818/8023] TestSocket#test_udp_recvmsg_truncation = 0.03 s
[1819/8023] TestSocket#test_udp_read_truncation = 0.02 s
[1820/8023] TestSocket#test_initialize = 0.05 s
[1821/8023] TestSocket#test_tcp_socket_fast_fallback_is_false = 0.04 s
[1822/8023] TestSocket#test_getnameinfo = 0.03 s
[1823/8023] TestSocket#test_tcp_server_sockets_in_rescue = 0.03 s
[1824/8023] TestSocket#test_recvmsg_udp_no_arg = 0.04 s
[1825/8023] TestSocket#test_tcp_socket_v6_hostname_resolved_earlier = 12.62 s
[1826/8023] TestSocket#test_udp_server = 0.40 s
[1827/8023] TestSocket#test_unix_server_socket = 0.05 s
[1828/8023] TestSocket#test_tcp_socket_v6_hostname_resolved_earlier_and_v6_server_is_not_listening =
 12.62 s
[1829/8023] TestSocket#test_timestampns = 0.01 s
[1830/8023] TestSocket#test_linger = 0.05 s
[1831/8023] TestSocket#test_tcp_socket_v6_hostname_resolved_in_resolution_delay = 12.66 s
[1832/8023] TestSocket#test_tcp_server_sockets_port0 = 0.05 s
[1833/8023] TestSocket#test_tcp_socket_resolv_timeout = 12.55 s
[1834/8023] TestFiber#test_resume_root_fiber = 0.07 s
[1835/8023] TestFiber#test_mark_fiber = 30.02 s
[1836/8023] TestFiber#test_throw = 0.02 s
[1837/8023] TestFiber#test_create_fiber_in_new_thread = 0.07 s
[1838/8023] TestFiber#test_tls = 0.03 s
[1839/8023] TestFiber#test_prohibit_transfer_to_yielding_fiber = 0.02 s
[1840/8023] TestFiber#test_fiber_variables = 0.03 s
[1841/8023] TestFiber#test_terminate_transferred_fiber = 0.02 s
[1842/8023] TestFiber#test_fiber_transfer_segv = 19.72 s
[1843/8023] TestFiber#test_gc_root_fiber = 19.89 s
[1844/8023] TestFiber#test_term = 0.04 s
[1845/8023] TestFiber#test_argument = 0.01 s
[1846/8023] TestFiber#test_exit_in_fiber = 0.04 s
[1847/8023] TestFiber#test_new_symbol_proc = 9.83 s
[1848/8023] TestFiber#test_prohibit_resume_to_transferring_fiber = 0.03 s
[1849/8023] TestFiber#test_error = 0.09 s
[1850/8023] TestFiber#test_transfer = 0.01 s
[1851/8023] TestFiber#test_separate_lastmatch = 0.02 s
[1852/8023] TestFiber#test_raise = 0.03 s
[1853/8023] TestFiber#test_many_fibers_with_threads = 153.19 s
[1854/8023] TestFiber#test_resume_self = 0.02 s
[1855/8023] TestFiber#test_prohibit_transfer_to_resuming_fiber = 0.04 s
[1856/8023] TestFiber#test_return = 0.02 s
[1857/8023] TestFiber#test_alive = 0.01 s
[1858/8023] TestFiber#test_no_valid_cfp = 0.02 s
[1859/8023] TestFiber#test_machine_stack_gc = 15.23 s
[1860/8023] TestFiber#test_fatal_in_fiber = 2.52 s
[1861/8023] TestFiber#test_separate_lastline = 0.02 s
[1862/8023] TestFiber#test_fork_from_fiber = 16.35 s
[1863/8023] TestFiber#test_normal = 0.02 s
[1864/8023] TestFiber#test_raise_transferring_fiber = 0.02 s
[1865/8023] TestFiber#test_to_s = 0.03 s
[1866/8023] TestFiber#test_many_fibers = 17.63 s
[1867/8023] TestGemCommandsInfoCommand#test_execute = 2.03 s
[1868/8023] TestGemCommandsInfoCommand#test_execute_with_version_flag = 2.31 s
[1869/8023] TestGemCommandsInfoCommand#test_execute_with_default_gem = 2.08 s
[1870/8023] TestGemCommandsInfoCommand#test_execute_with_default_gem_and_regular_gem = 2.26 s
[1871/8023] TestForwardable#test_def_instance_delegators_using_block_method_as_receiver = 0.15 s
[1872/8023] TestForwardable#test_def_instance_delegator_constant = 0.07 s
[1873/8023] TestForwardable#test_obj_single_delegators = 0.11 s
[1874/8023] TestForwardable#test_instance_delegate = 0.22 s
[1875/8023] TestForwardable#test_obj_single_delegator = 0.06 s
[1876/8023] TestForwardable#test_non_module = 0.04 s
[1877/8023] TestForwardable#test_def_instance_delegator_using_args_method_as_receiver = 0.07 s
[1878/8023] TestForwardable#test_obj_single_delegate = 0.20 s
[1879/8023] TestForwardable#test_def_instance_delegator_kw = 0.07 s
[1880/8023] TestForwardable#test_aset = 0.03 s
[1881/8023] TestForwardable#test_def_instance_delegator = 0.07 s
[1882/8023] TestForwardable#test_on_private_method = 0.04 s
[1883/8023] TestForwardable#test_def_instance_delegator_using_block_method_as_receiver = 0.07 s
[1884/8023] TestForwardable#test_backtrace_adjustment = 0.05 s
[1885/8023] TestForwardable#test_basicobject_subclass = 0.03 s
[1886/8023] TestForwardable#test_def_instance_delegators = 0.11 s
[1887/8023] TestForwardable#test_binop = 0.03 s
[1888/8023] TestForwardable#test_def_instance_delegate_using_args_method_as_receiver = 0.11 s
[1889/8023] TestForwardable#test_uniop = 0.04 s
[1890/8023] TestForwardable#test_def_instance_delegate_using_block_method_as_receiver = 0.11 s
[1891/8023] TestForwardable#test_aref = 0.03 s
[1892/8023] TestForwardable#test_class_single_delegator = 0.06 s
[1893/8023] TestForwardable#test_class_single_delegators = 0.11 s
[1894/8023] TestForwardable#test_obj_single_delegators_send_id = 0.02 s
[1895/8023] TestForwardable#test_def_instance_delegators_send_id = 0.03 s
[1896/8023] TestForwardable#test_def_instance_delegators_using_args_method_as_receiver = 0.11 s
[1897/8023] TestForwardable#test_class_single_delegate = 0.20 s
[1898/8023] TestGemConfigFile#test_load_install_extension_in_lib_from_config = 0.70 s
[1899/8023] TestGemConfigFile#test_accept_string_key = 0.49 s
[1900/8023] TestGemConfigFile#test_handle_arguments_norc = 0.50 s
[1901/8023] TestGemConfigFile#test_load_ssl_client_cert_from_config = 0.50 s
[1902/8023] TestGemConfigFile#test_initialize_operating_system_override = 0.50 s
[1903/8023] TestGemConfigFile#test_disable_default_gem_server = 0.50 s
[1904/8023] TestGemConfigFile#test_rubygems_api_key_equals_bad_permission = 0.62 s
[1905/8023] TestGemConfigFile#test_initialize_handle_arguments_config_file_with_other_params = 0.55
s
[1906/8023] TestGemConfigFile#test_check_credentials_permissions = 0.61 s
[1907/8023] TestGemConfigFile#test_initialize_system_wide_override = 0.59 s
[1908/8023] TestGemConfigFile#test_set_config_file_name_from_environment_variable = 0.48 s
[1909/8023] TestGemConfigFile#test_dump_with_rubygems_yaml = 0.47 s
[1910/8023] TestGemConfigFile#test_handle_arguments_debug = 0.60 s
[1911/8023] TestGemConfigFile#test_initialize_platform_override = 0.59 s
[1912/8023] TestGemConfigFile#test_write = 0.66 s
[1913/8023] TestGemConfigFile#test_rubygems_api_key_equals = 0.69 s
[1914/8023] TestGemConfigFile#test_load_ssl_ca_cert_from_config = 0.59 s
[1915/8023] TestGemConfigFile#test_handle_arguments = 0.49 s
[1916/8023] TestGemConfigFile#test_handle_arguments_override = 0.51 s
[1917/8023] TestGemConfigFile#test_handle_comment = 0.49 s
[1918/8023] TestGemConfigFile#test_initialize_handle_arguments_config_file_equals = 0.48 s
[1919/8023] TestGemConfigFile#test_initialize_environment_variable_override = 0.54 s
[1920/8023] TestGemConfigFile#test_s3_source_with_config_without_lookahead = 0.51 s
[1921/8023] TestGemConfigFile#test_really_verbose = 0.48 s
[1922/8023] TestGemConfigFile#test_ignore_invalid_config_file = 0.49 s
[1923/8023] TestGemConfigFile#test_load_api_keys_bad_permission = 0.60 s
[1924/8023] TestGemConfigFile#test_handle_arguments_traceback = 0.57 s
[1925/8023] TestGemConfigFile#test_initialize_ipv4_fallback_enabled_env = 0.48 s
[1926/8023] TestGemConfigFile#test_write_from_hash = 0.70 s
[1927/8023] TestGemConfigFile#test_api_keys = 0.57 s
[1928/8023] TestGemConfigFile#test_initialize = 0.55 s
[1929/8023] TestGemConfigFile#test_load_with_rubygems_config_hash = 0.50 s
[1930/8023] TestGemConfigFile#test_load_ssl_verify_mode_from_config = 0.50 s
[1931/8023] TestGemConfigFile#test_handle_arguments_backtrace = 0.50 s
[1932/8023] TestGemConfigFile#test_load_api_keys = 0.50 s
[1933/8023] TestGemConfigFile#test_s3_source = 0.87 s
[1934/8023] TestGemConfigFile#test_initialize_handle_arguments_config_file = 0.47 s
[1935/8023] TestDigest::TestBase#test_base = 0.02 s
[1936/8023] TestRequire#test_require_to_path_redefined_in_load_path = 2.57 s
[1937/8023] TestRequire#test_resolve_feature_path = 0.13 s
[1938/8023] TestRequire#test_loading_fifo_threading_success = 0.04 s
[1939/8023] TestRequire#test_require_nonascii = 0.40 s
[1940/8023] TestRequire#test_define_module_under = 12.88 s
[1941/8023] TestRequire#test_require_local_var_on_toplevel = 2.50 s
[1942/8023] TestRequire#test_symlink_load_path = 9.92 s
[1943/8023] TestRequire#test_require_syntax_error = 0.10 s
[1944/8023] TestRequire#test_require_path_home_1 = 1.80 s
[1945/8023] TestRequire#test_relative_symlink_realpath = 9.96 s
[1946/8023] TestRequire#test_require_path_home_3 = 4.26 s
[1947/8023] TestRequire#test_load_wrap_nil = 11.78 s
[1948/8023] TestRequire#test_load_error_path = 11.79 s
[1949/8023] TestRequire#test_require_in_wrapped_load = 11.74 s
[1950/8023] TestRequire#test_load_scope = 2.87 s
[1951/8023] TestRequire#test_require_changed_home = 2.54 s
[1952/8023] TestRequire#test_loading_fifo_fd_leak = 15.96 s
[1953/8023] TestRequire#test_require_to_str_redefined_in_load_path = 2.53 s
[1954/8023] TestRequire#test_relative = 0.16 s
[1955/8023] TestRequire#test_require_with_public_method_missing = 134.72 s
[1956/8023] TestRequire#test_loaded_features_encoding = 0.17 s
[1957/8023] TestRequire#test_load_syntax_error = 0.08 s
[1958/8023] TestRequire#test_require_too_long_filename = 13.95 s
[1959/8023] TestRequire#test_require_nonascii_path = 1.54 s
[1960/8023] TestRequire#test_throw_while_loading = 11.79 s
[1961/8023] TestRequire#test_require_with_array_shift = 2.53 s
[1962/8023] TestRequire#test_load_into_module = 0.07 s
[1963/8023] TestRequire#test_require_changed_current_dir = 2.54 s
[1964/8023] TestRequire#test_provide_in_required_file = 1.32 s
[1965/8023] TestRequire#test_load = 2.99 s
[1966/8023] TestRequire#test_require_with_loaded_features_pop = 132.22 s
[1967/8023] TestRequire#test_require_path_home_2 = 1.78 s
[1968/8023] TestRequire#test_require_not_modified_load_path = 2.51 s
[1969/8023] TestRequire#test_race_exception = 0.89 s
[1970/8023] TestRequire#test_resolve_feature_path_with_missing_feature = 0.20 s
[1971/8023] TestRequire#test_define_class_under = 35.89 s
[1972/8023] TestRequire#test_require_nonascii_path_shift_jis = 0.11 s
[1973/8023] TestRequire#test_require_with_array_pop = 8.75 s
[1974/8023] TestRequire#test_require_syntax_error_rescued = 0.75 s
[1975/8023] TestRequire#test_default_loaded_features_encoding = 11.97 s
[1976/8023] TestRequire#test_define_module = 11.79 s
[1977/8023] TestRequire#test_require_invalid_shared_object = 11.73 s
[1978/8023] TestRequire#test_require_nonascii_path_utf8 = 0.01 s
[1979/8023] TestRequire#test_load_ospath = 0.10 s
[1980/8023] TestRequire#test_public_in_wrapped_load = 0.06 s
[1981/8023] TestRequire#test_loading_fifo_threading_raise = 11.91 s
[1982/8023] TestRequire#test_define_class = 39.21 s
[1983/8023] TestRequire#test_require_twice = 2.54 s
[1984/8023] TestRequire#test_private_in_wrapped_load = 0.06 s
[1985/8023] TestRequire#test_relative_symlink = 9.90 s
[1986/8023] TestRequire#test_frozen_loaded_features = 2.70 s
[1987/8023] TestOptionParserZshCompletion#test_compsys = 0.10 s
[1988/8023] TestEucKr#test_euro_sign = 0.02 s
[1989/8023] TestEucKr#test_mbc_to_code = 0.01 s
[1990/8023] TestEucKr#test_code_to_mbc = 0.01 s
[1991/8023] TestEucKr#test_left_adjust_char_head = 0.01 s
[1992/8023] TestEucKr#test_mbc_case_fold = 0.01 s
[1993/8023] TestEucKr#test_mbc_enc_len = 0.01 s
[1994/8023] TestEucKr#test_registered_mark = 0.01 s
[1995/8023] TestNumeric#test_coerce = 0.28 s
[1996/8023] TestNumeric#test_dup = 0.01 s
[1997/8023] TestNumeric#test_nonzero_p = 0.02 s
[1998/8023] TestNumeric#test_eql = 0.01 s
[1999/8023] TestNumeric#test_positive_p = 0.02 s
[2000/8023] TestNumeric#test_singleton_method = 0.04 s
[2001/8023] TestNumeric#test_quo = 0.01 s
[2002/8023] TestNumeric#test_zero_p = 0.01 s
[2003/8023] TestNumeric#test_floor_ceil_ndigits = 0.06 s
[2004/8023] TestNumeric#test_cmp = 0.01 s
[2005/8023] TestNumeric#test_coerced_remainder = 11.71 s
[2006/8023] TestNumeric#test_dummynumeric = 0.09 s
[2007/8023] TestNumeric#test_floor_ceil_round_truncate = 0.03 s
[2008/8023] TestNumeric#test_to_int = 0.01 s
[2009/8023] TestNumeric#test_negative_p = 0.02 s
[2010/8023] TestNumeric#test_clone = 0.04 s
[2011/8023] TestNumeric#test_pow = 0.13 s
[2012/8023] TestNumeric#test_remainder_infinity = 0.02 s
[2013/8023] TestNumeric#test_integer_p = 0.01 s
[2014/8023] TestNumeric#test_quo_ruby_core_41575 = 0.01 s
[2015/8023] TestNumeric#test_step = 0.27 s
[2016/8023] TestNumeric#test_comparison_comparable = 0.03 s
[2017/8023] TestNumeric#test_step_bug15537 = 0.07 s
[2018/8023] TestNumeric#test_float_round_ndigits = 0.05 s
[2019/8023] TestNumeric#test_real_p = 0.01 s
[2020/8023] TestNumeric#test_num2long = 0.03 s
[2021/8023] TestNumeric#test_divmod = 0.01 s
[2022/8023] TestNumeric#test_abs = 0.02 s
[2023/8023] TestBeginEndBlock#test_errinfo_at_exit = 2.50 s
[2024/8023] TestBeginEndBlock#test_begininclass = 0.04 s
[2025/8023] TestBeginEndBlock#test_endblockwarn = 2.46 s
[2026/8023] TestBeginEndBlock#test_endblock_variable = 4.94 s
[2027/8023] TestBeginEndBlock#test_exitcode_in_at_exit = 2.49 s
[2028/8023] TestBeginEndBlock#test_nested_at_exit = 2.50 s
[2029/8023] TestBeginEndBlock#test_endblock_raise = 2.55 s
[2030/8023] TestBeginEndBlock#test_beginendblock = 12.69 s
[2031/8023] TestBeginEndBlock#test_propagate_signaled = 2.59 s
[2032/8023] TestBeginEndBlock#test_propagate_exit_code = 9.83 s
[2033/8023] TestBeginEndBlock#test_callcc_at_exit = 0.05 s
[2034/8023] TestBeginEndBlock#test_begininmethod = 0.13 s
[2035/8023] TestBeginEndBlock#test_internal_errinfo_at_exit = 6.11 s
[2036/8023] TestBeginEndBlock#test_endblockwarn_in_eval = 2.48 s
[2037/8023] TestBeginEndBlock#test_rescue_at_exit = 30.53 s
[2038/8023] TestBeginEndBlock#test_raise_in_at_exit = 2.96 s
[2039/8023] TestBignum_BigZero#test_equal_0 = 0.04 s
[2040/8023] TestBignum_BigZero#test_zero? = 0.02 s
[2041/8023] TestGc#test_interrupt_in_finalizer = 45.53 s
[2042/8023] TestGc#test_gc_config_implementation_is_readonly = 0.04 s
[2043/8023] TestGc#test_sweep_in_finalizer = 593.12 s
[2044/8023] TestGc#test_start_full_mark = 19.92 s
[2045/8023] TestGc#test_stat_heap_constraints = 0.05 s
[2046/8023] TestGc#test_gc_disabled_start = 11.30 s
[2047/8023] TestGc#test_stat_single = 0.02 s
[2048/8023] TestGc#test_gc_config_invalid_args = 0.01 s
[2049/8023] TestGc#test_latest_gc_info = 97.70 s
[2050/8023] TestGc#test_exception_in_finalizer_procs = 2.51 s
[2051/8023] TestGc#test_singleton_method = 26.77 s
[2052/8023] TestGc#test_expand_heap = 19.07 s
[2053/8023] TestGc#test_latest_gc_info_argument = 0.05 s
[2054/8023] TestGc#test_stat_argument = 0.04 s
[2055/8023] TestGc#test_object_ids_never_repeat = 10.54 s
[2056/8023] TestGc#test_gc_config_full_mark_by_default = 0.02 s
[2057/8023] TestGc#test_latest_gc_info_weak_references_count = 17.61 s
[2058/8023] TestGc#test_count = 5.07 s
[2059/8023] TestGc#test_verify_internal_consistency = 28.22 s
[2060/8023] TestGc#test_profiler_raw_data = 4.92 s
[2061/8023] TestGc#test_thrashing_for_young_objects = 349.23 s
[2062/8023] TestGc#test_gc_stress_at_startup = 616.48 s
[2063/8023] TestGc#test_stat_heap = 0.08 s
[2064/8023] TestGc#test_profiler_clear = 0.04 s
[2065/8023] TestGc#test_gc_stress_on_realloc = 13.30 s
[2066/8023] TestGc#test_stat = 13.65 s
[2067/8023] TestGc#test_ast_node_buffer = 166.51 s
[2068/8023] TestGc#test_gc = 67.78 s
[2069/8023] TestGc#test_profiler_enabled = 0.01 s
[2070/8023] TestGc#test_gc_config_setting_returns_nil_for_missing_keys = 10.49 s
[2071/8023] TestGc#test_old_to_young_reference = 83.19 s
[2072/8023] TestGc#test_vm_object = 35.66 s
[2073/8023] TestGc#test_singleton_method_added = 3.09 s
[2074/8023] TestGc#test_latest_gc_info_need_major_by = 196.39 s
[2075/8023] TestGc#test_gc_parameter = 156.09 s
[2076/8023] TestGc#test_profiler_total_time = 41.96 s
[2077/8023] TestGc#test_gc_internals = 0.01 s
[2078/8023] TestGc#test_gc_config_disable_major_gc_start_always_works = 14.68 s
[2079/8023] TestGc#test_finalizer_passed_object_id = 2.98 s
[2080/8023] TestGc#test_measure_total_time = 44.49 s
[2081/8023] TestGc#test_gc_config_disable_majorIn-address space security exception (core dumped)
root@cheribsd-riscv64-purecap:~/ruby-3.4.5/build # ./miniruby -v
ruby 3.4.5 (2025-09-02 revision 71fe9338d2) +PRISM [riscv64-freebsd]
last_commit=[other]
root@cheribsd-riscv64-purecap:~/ruby-3.4.5/build # uname -a
FreeBSD cheribsd-riscv64-purecap 15.0-CURRENT FreeBSD 15.0-CURRENT #0 main-485c1c8195: Sun Aug 17 21
:21:09 JST 2025     hanhaotian@assam:/cheriv92/src/build/cheribsd-riscv64-purecap-build/cheriv92/src
/cheribsd/riscv.riscv64c/sys/CHERI-PURECAP-QEMU riscv
root@cheribsd-riscv64-purecap:~/ruby-3.4.5/build #
