root@cheribsd-riscv64-purecap:~/ruby-3.4.5/build # ./miniruby -I../lib -I. -I.ext/common  ../tool/ru
nruby.rb --extout=.ext  -- --disable-gems -r../tool/lib/_tmpdir \
> "../test/runner.rb" --ruby="./miniruby -I../lib -I. -I.ext/common  ../tool/runruby.rb --extout=.ex
t  -- --disable-gems" \
> --excludes-dir=../test/.excludes --name=!/memory_leak/ --timeout-scale 10 --worker-timeout=1000 -v
 --test-order=sorted
/root/ruby-3.4.5/lib/yaml.rb:3: warning: It seems your ruby installation is missing psych (for YAML
output).
To eliminate this warning, please install libyaml and reinstall your ruby.
/root/ruby-3.4.5/test/did_you_mean/test_tree_spell_checker.rb: cannot load such file -- psych
/root/ruby-3.4.5/lib/yaml.rb:3: warning: It seems your ruby installation is missing psych (for YAML
output).
To eliminate this warning, please install libyaml and reinstall your ruby.
/root/ruby-3.4.5/lib/yaml.rb:3: warning: It seems your ruby installation is missing psych (for YAML
output).
To eliminate this warning, please install libyaml and reinstall your ruby.
/root/ruby-3.4.5/lib/yaml.rb:3: warning: It seems your ruby installation is missing psych (for YAML
output).
To eliminate this warning, please install libyaml and reinstall your ruby.
Run options:
  "--ruby=./miniruby -I../lib -I. -I.ext/common  ../tool/runruby.rb --extout=.ext  -- --disable-gems
"
  --excludes-dir=../test/.excludes
  --name=!/memory_leak/
  --timeout-scale
  10
  --worker-timeout=1000
  -v
  --test-order=sorted

# Running tests:

[    1/31251] Bug::Marshal::TestInternalIVar#test_marshal = 0.07 s
[    2/31251] Bug::Marshal::TestUsrMarshal#test_compat = 20.17 s
[    3/31251] Bug::Marshal::TestUsrMarshal#test_incompat = 10.02 s
[    4/31251] Bug::Marshal::TestUsrMarshal#test_marshal = 0.02 s
[    5/31251] Bug::StNumHash::Test_NumHash#test_check = 0.03 s
[    6/31251] Bug::StNumHash::Test_NumHash#test_delete_safe_on_iteration = 0.10 s
[    7/31251] Bug::StNumHash::Test_NumHash#test_size_after_delete_safe = 0.04 s
[    8/31251] Bug::StNumHash::Test_NumHash#test_update = 0.02 s
[    9/31251] Bug::StTable::Test_Update#test_continue = 0.02 s
[   10/31251] Bug::StTable::Test_Update#test_delete = 0.01 s
[   11/31251] Bug::StTable::Test_Update#test_notfound = 0.01 s
[   12/31251] Bug::StTable::Test_Update#test_pass_objects_in_st_table = 0.01 s
[   13/31251] Bug::StTable::Test_Update#test_update = 0.01 s
[   14/31251] Bug::Struct::Test_Data#test_data_new_default = 0.03 s
[   15/31251] Bug::Struct::Test_Data#test_data_new_superclass = 0.02 s
[   16/31251] Bug::Struct::Test_Duplicate#test_new_duplicate = 0.06 s
[   17/31251] Bug::Struct::Test_Duplicate#test_new_duplicate_under = 0.03 s
[   18/31251] Bug::Struct::Test_Len#test_rstruct_len = 0.02 s
[   19/31251] Bug::Struct::Test_Member#test_member_get = 0.05 s
[   20/31251] Bug::Test_ExceptionAT#test_exception_at_throwing = 12.13 s
[   21/31251] Bug::Test_ExceptionDE#test_cleanup_data_error = 10.04 s
[   22/31251] Bug::Test_ExceptionE#test_ensured = 12.03 s
[   23/31251] Bug::Test_ExceptionER#test_enc_raise = 0.35 s
[   24/31251] Bug::Time::Test_New#test_nano_new = 0.03 s
[   25/31251] Bug::Time::Test_New#test_timespec_new = 0.05 s
[   26/31251] Bug::Time::Test_New#test_timespec_now = 0.02 s
[   27/31251] CGICookieTest#test_cgi_cookie_arrayinterface = 0.04 s
[   28/31251] CGICookieTest#test_cgi_cookie_domain_injection_into_name = 0.02 s
[   29/31251] CGICookieTest#test_cgi_cookie_injection_into_domain = 0.02 s
[   30/31251] CGICookieTest#test_cgi_cookie_injection_into_path = 0.01 s
[   31/31251] CGICookieTest#test_cgi_cookie_multibyte_injection_into_name = 0.01 s
[   32/31251] CGICookieTest#test_cgi_cookie_new_complex = 0.03 s
[   33/31251] CGICookieTest#test_cgi_cookie_new_simple = 0.02 s
[   34/31251] CGICookieTest#test_cgi_cookie_new_with_domain = 0.03 s
[   35/31251] CGICookieTest#test_cgi_cookie_newline_injection_into_name = 0.01 s
[   36/31251] CGICookieTest#test_cgi_cookie_parse = 0.04 s
[   37/31251] CGICookieTest#test_cgi_cookie_parse_not_decode_name = 0.02 s
[   38/31251] CGICookieTest#test_cgi_cookie_scriptname = 0.03 s
[   39/31251] CGICoreTest#test_cgi_core_cookie = 0.06 s
[   40/31251] CGICoreTest#test_cgi_core_environs = 0.10 s
[   41/31251] CGICoreTest#test_cgi_core_htmltype_header = 0.99 s
[   42/31251] CGICoreTest#test_cgi_core_out = 0.06 s
[   43/31251] CGICoreTest#test_cgi_core_params_GET = 0.05 s
[   44/31251] CGICoreTest#test_cgi_core_params_POST = 0.04 s
[   45/31251] CGICoreTest#test_cgi_core_params_encoding_check = 0.05 s
[   46/31251] CGICoreTest#test_cgi_core_print = 0.02 s
[   47/31251] CGICoreTest#test_cgi_parse_illegal_query = 0.03 s
[   48/31251] CGIHeaderTest#test_cgi_http_header_argerr = 0.03 s
[   49/31251] CGIHeaderTest#test_cgi_http_header_complex = 0.03 s
[   50/31251] CGIHeaderTest#test_cgi_http_header_cookie = 0.05 s
[   51/31251] CGIHeaderTest#test_cgi_http_header_crlf_injection = 0.03 s
[   52/31251] CGIHeaderTest#test_cgi_http_header_nph = 0.15 s
[   53/31251] CGIHeaderTest#test_cgi_http_header_output_cookies = 0.03 s
[   54/31251] CGIHeaderTest#test_cgi_http_header_simple = 0.03 s
[   55/31251] CGIModrubyTest#test_cgi_modruby_complex = 0.06 s
[   56/31251] CGIModrubyTest#test_cgi_modruby_location = 0.03 s
[   57/31251] CGIModrubyTest#test_cgi_modruby_requestparams = 0.02 s
[   58/31251] CGIModrubyTest#test_cgi_modruby_simple = 0.02 s
[   59/31251] CGIMultipartTest#test_cgi_multipart_badbody = 0.35 s
[   60/31251] CGIMultipartTest#test_cgi_multipart_boundary_10240 = 0.15 s
[   61/31251] CGIMultipartTest#test_cgi_multipart_maxmultipartcount = 3.86 s
[   62/31251] CGIMultipartTest#test_cgi_multipart_maxmultipartlength = 0.11 s
[   63/31251] CGIMultipartTest#test_cgi_multipart_maxmultipartlength_lambda = 0.10 s
[   64/31251] CGIMultipartTest#test_cgi_multipart_quoteboundary = 0.28 s
[   65/31251] CGIMultipartTest#test_cgi_multipart_stringio = 0.34 s
[   66/31251] CGIMultipartTest#test_cgi_multipart_tempfile = 0.37 s
[   67/31251] CGIMultipartTest#test_cgi_multipart_without_tempfile = 3.75 s
[   68/31251] CGISessionTest#test_cgi_session_filestore = 0.29 s
[   69/31251] CGISessionTest#test_cgi_session_pstore = 0.25 s
[   70/31251] CGISessionTest#test_cgi_session_specify_session_id = 0.26 s
[   71/31251] CGISessionTest#test_cgi_session_specify_session_key = 0.20 s
[   72/31251] CGITagHelperTest#test_cgi_tag_helper_html3 = 0.76 s
[   73/31251] CGITagHelperTest#test_cgi_tag_helper_html5 = 0.04 s
[   74/31251] CGIUtilPureRubyTest#test_cgi_escapeHTML_with_invalid_byte_sequence = 0.03 s
[   75/31251] CGIUtilPureRubyTest#test_cgi_unescapeHTML_following_invalid_numeric = 0.02 s
[   76/31251] CGIUtilPureRubyTest#test_cgi_unescapeHTML_following_known_first_letter = 0.02 s
[   77/31251] CGIUtilPureRubyTest#test_cgi_unescapeHTML_following_number_sign = 0.01 s
[   78/31251] CGIUtilPureRubyTest#test_cgi_unescapeHTML_with_invalid_byte_sequence = 0.02 s
[   79/31251] CGIUtilTest#test_cgi_escape = 0.02 s
[   80/31251] CGIUtilTest#"test_cgi_escape:ASCII-8BIT" = 0.01 s
[   81/31251] CGIUtilTest#"test_cgi_escape:Big5" = 0.01 s
[   82/31251] CGIUtilTest#"test_cgi_escape:Big5-HKSCS" = 0.01 s
[   83/31251] CGIUtilTest#"test_cgi_escape:Big5-UAO" = 0.01 s
[   84/31251] CGIUtilTest#"test_cgi_escape:CESU-8" = 0.01 s
[   85/31251] CGIUtilTest#"test_cgi_escape:CP51932" = 0.01 s
[   86/31251] CGIUtilTest#"test_cgi_escape:CP850" = 0.01 s
[   87/31251] CGIUtilTest#"test_cgi_escape:CP852" = 0.01 s
[   88/31251] CGIUtilTest#"test_cgi_escape:CP855" = 0.01 s
[   89/31251] CGIUtilTest#"test_cgi_escape:CP949" = 0.01 s
[   90/31251] CGIUtilTest#"test_cgi_escape:CP950" = 0.01 s
[   91/31251] CGIUtilTest#"test_cgi_escape:CP951" = 0.01 s
[   92/31251] CGIUtilTest#"test_cgi_escape:EUC-JIS-2004" = 0.01 s
[   93/31251] CGIUtilTest#"test_cgi_escape:EUC-JP" = 0.02 s
[   94/31251] CGIUtilTest#"test_cgi_escape:EUC-KR" = 0.02 s
[   95/31251] CGIUtilTest#"test_cgi_escape:EUC-TW" = 0.02 s
[   96/31251] CGIUtilTest#"test_cgi_escape:Emacs-Mule" = 0.02 s
[   97/31251] CGIUtilTest#"test_cgi_escape:GB12345" = 0.02 s
[   98/31251] CGIUtilTest#"test_cgi_escape:GB18030" = 0.01 s
[   99/31251] CGIUtilTest#"test_cgi_escape:GB1988" = 0.01 s
[  100/31251] CGIUtilTest#"test_cgi_escape:GB2312" = 0.01 s
[  101/31251] CGIUtilTest#"test_cgi_escape:GBK" = 0.01 s
[  102/31251] CGIUtilTest#"test_cgi_escape:IBM437" = 0.01 s
[  103/31251] CGIUtilTest#"test_cgi_escape:IBM720" = 0.01 s
[  104/31251] CGIUtilTest#"test_cgi_escape:IBM737" = 0.01 s
[  105/31251] CGIUtilTest#"test_cgi_escape:IBM775" = 0.01 s
[  106/31251] CGIUtilTest#"test_cgi_escape:IBM852" = 0.01 s
[  107/31251] CGIUtilTest#"test_cgi_escape:IBM855" = 0.01 s
[  108/31251] CGIUtilTest#"test_cgi_escape:IBM857" = 0.01 s
[  109/31251] CGIUtilTest#"test_cgi_escape:IBM860" = 0.01 s
[  110/31251] CGIUtilTest#"test_cgi_escape:IBM861" = 0.01 s
[  111/31251] CGIUtilTest#"test_cgi_escape:IBM862" = 0.01 s
[  112/31251] CGIUtilTest#"test_cgi_escape:IBM863" = 0.01 s
[  113/31251] CGIUtilTest#"test_cgi_escape:IBM864" = 0.01 s
[  114/31251] CGIUtilTest#"test_cgi_escape:IBM865" = 0.01 s
[  115/31251] CGIUtilTest#"test_cgi_escape:IBM866" = 0.01 s
[  116/31251] CGIUtilTest#"test_cgi_escape:IBM869" = 0.01 s
[  117/31251] CGIUtilTest#"test_cgi_escape:ISO-8859-1" = 0.01 s
[  118/31251] CGIUtilTest#"test_cgi_escape:ISO-8859-10" = 0.01 s
[  119/31251] CGIUtilTest#"test_cgi_escape:ISO-8859-11" = 0.01 s
[  120/31251] CGIUtilTest#"test_cgi_escape:ISO-8859-13" = 0.01 s
[  121/31251] CGIUtilTest#"test_cgi_escape:ISO-8859-14" = 0.01 s
[  122/31251] CGIUtilTest#"test_cgi_escape:ISO-8859-15" = 0.01 s
[  123/31251] CGIUtilTest#"test_cgi_escape:ISO-8859-16" = 0.01 s
[  124/31251] CGIUtilTest#"test_cgi_escape:ISO-8859-2" = 0.01 s
[  125/31251] CGIUtilTest#"test_cgi_escape:ISO-8859-3" = 0.01 s
[  126/31251] CGIUtilTest#"test_cgi_escape:ISO-8859-4" = 0.01 s
[  127/31251] CGIUtilTest#"test_cgi_escape:ISO-8859-5" = 0.01 s
[  128/31251] CGIUtilTest#"test_cgi_escape:ISO-8859-6" = 0.01 s
[  129/31251] CGIUtilTest#"test_cgi_escape:ISO-8859-7" = 0.01 s
[  130/31251] CGIUtilTest#"test_cgi_escape:ISO-8859-8" = 0.01 s
[  131/31251] CGIUtilTest#"test_cgi_escape:ISO-8859-9" = 0.01 s
[  132/31251] CGIUtilTest#"test_cgi_escape:KOI8-R" = 0.01 s
[  133/31251] CGIUtilTest#"test_cgi_escape:KOI8-U" = 0.01 s
[  134/31251] CGIUtilTest#"test_cgi_escape:MacJapanese" = 0.01 s
[  135/31251] CGIUtilTest#"test_cgi_escape:SJIS-DoCoMo" = 0.01 s
[  136/31251] CGIUtilTest#"test_cgi_escape:SJIS-KDDI" = 0.01 s
[  137/31251] CGIUtilTest#"test_cgi_escape:SJIS-SoftBank" = 0.01 s
[  138/31251] CGIUtilTest#"test_cgi_escape:Shift_JIS" = 0.01 s
[  139/31251] CGIUtilTest#"test_cgi_escape:TIS-620" = 0.01 s
[  140/31251] CGIUtilTest#"test_cgi_escape:US-ASCII" = 0.01 s
[  141/31251] CGIUtilTest#"test_cgi_escape:UTF-8" = 0.01 s
[  142/31251] CGIUtilTest#"test_cgi_escape:UTF8-DoCoMo" = 0.01 s
[  143/31251] CGIUtilTest#"test_cgi_escape:UTF8-KDDI" = 0.01 s
[  144/31251] CGIUtilTest#"test_cgi_escape:UTF8-MAC" = 0.01 s
[  145/31251] CGIUtilTest#"test_cgi_escape:UTF8-SoftBank" = 0.01 s
[  146/31251] CGIUtilTest#"test_cgi_escape:Windows-1250" = 0.01 s
[  147/31251] CGIUtilTest#"test_cgi_escape:Windows-1251" = 0.01 s
[  148/31251] CGIUtilTest#"test_cgi_escape:Windows-1252" = 0.01 s
[  149/31251] CGIUtilTest#"test_cgi_escape:Windows-1253" = 0.01 s
[  150/31251] CGIUtilTest#"test_cgi_escape:Windows-1254" = 0.01 s
[  151/31251] CGIUtilTest#"test_cgi_escape:Windows-1255" = 0.01 s
[  152/31251] CGIUtilTest#"test_cgi_escape:Windows-1256" = 0.01 s
[  153/31251] CGIUtilTest#"test_cgi_escape:Windows-1257" = 0.01 s
[  154/31251] CGIUtilTest#"test_cgi_escape:Windows-1258" = 0.01 s
[  155/31251] CGIUtilTest#"test_cgi_escape:Windows-31J" = 0.01 s
[  156/31251] CGIUtilTest#"test_cgi_escape:Windows-874" = 0.01 s
[  157/31251] CGIUtilTest#"test_cgi_escape:eucJP-ms" = 0.01 s
[  158/31251] CGIUtilTest#"test_cgi_escape:macCentEuro" = 0.01 s
[  159/31251] CGIUtilTest#"test_cgi_escape:macCroatian" = 0.01 s
[  160/31251] CGIUtilTest#"test_cgi_escape:macCyrillic" = 0.01 s
[  161/31251] CGIUtilTest#"test_cgi_escape:macGreek" = 0.01 s
[  162/31251] CGIUtilTest#"test_cgi_escape:macIceland" = 0.01 s
[  163/31251] CGIUtilTest#"test_cgi_escape:macRoman" = 0.01 s
[  164/31251] CGIUtilTest#"test_cgi_escape:macRomania" = 0.01 s
[  165/31251] CGIUtilTest#"test_cgi_escape:macThai" = 0.01 s
[  166/31251] CGIUtilTest#"test_cgi_escape:macTurkish" = 0.01 s
[  167/31251] CGIUtilTest#"test_cgi_escape:macUkraine" = 0.01 s
[  168/31251] CGIUtilTest#"test_cgi_escape:stateless-ISO-2022-JP" = 0.01 s
[  169/31251] CGIUtilTest#"test_cgi_escape:stateless-ISO-2022-JP-KDDI" = 0.01 s
[  170/31251] CGIUtilTest#test_cgi_escapeElement = 0.06 s
[  171/31251] CGIUtilTest#test_cgi_escapeHTML = 0.01 s
[  172/31251] CGIUtilTest#"test_cgi_escapeHTML:ASCII-8BIT" = 0.01 s
[  173/31251] CGIUtilTest#"test_cgi_escapeHTML:Big5" = 0.01 s
[  174/31251] CGIUtilTest#"test_cgi_escapeHTML:Big5-HKSCS" = 0.01 s
[  175/31251] CGIUtilTest#"test_cgi_escapeHTML:Big5-UAO" = 0.01 s
[  176/31251] CGIUtilTest#"test_cgi_escapeHTML:CESU-8" = 0.01 s
[  177/31251] CGIUtilTest#"test_cgi_escapeHTML:CP50220" = 0.02 s
[  178/31251] CGIUtilTest#"test_cgi_escapeHTML:CP50221" = 0.02 s
[  179/31251] CGIUtilTest#"test_cgi_escapeHTML:CP51932" = 0.01 s
[  180/31251] CGIUtilTest#"test_cgi_escapeHTML:CP850" = 0.01 s
[  181/31251] CGIUtilTest#"test_cgi_escapeHTML:CP852" = 0.01 s
[  182/31251] CGIUtilTest#"test_cgi_escapeHTML:CP855" = 0.01 s
[  183/31251] CGIUtilTest#"test_cgi_escapeHTML:CP949" = 0.01 s
[  184/31251] CGIUtilTest#"test_cgi_escapeHTML:CP950" = 0.01 s
[  185/31251] CGIUtilTest#"test_cgi_escapeHTML:CP951" = 0.01 s
[  186/31251] CGIUtilTest#"test_cgi_escapeHTML:EUC-JIS-2004" = 0.01 s
[  187/31251] CGIUtilTest#"test_cgi_escapeHTML:EUC-JP" = 0.01 s
[  188/31251] CGIUtilTest#"test_cgi_escapeHTML:EUC-KR" = 0.01 s
[  189/31251] CGIUtilTest#"test_cgi_escapeHTML:EUC-TW" = 0.01 s
[  190/31251] CGIUtilTest#"test_cgi_escapeHTML:Emacs-Mule" = 0.01 s
[  191/31251] CGIUtilTest#"test_cgi_escapeHTML:GB12345" = 0.01 s
[  192/31251] CGIUtilTest#"test_cgi_escapeHTML:GB18030" = 0.01 s
[  193/31251] CGIUtilTest#"test_cgi_escapeHTML:GB1988" = 0.01 s
[  194/31251] CGIUtilTest#"test_cgi_escapeHTML:GB2312" = 0.01 s
[  195/31251] CGIUtilTest#"test_cgi_escapeHTML:GBK" = 0.01 s
[  196/31251] CGIUtilTest#"test_cgi_escapeHTML:IBM037" = 0.02 s
[  197/31251] CGIUtilTest#"test_cgi_escapeHTML:IBM437" = 0.01 s
[  198/31251] CGIUtilTest#"test_cgi_escapeHTML:IBM720" = 0.01 s
[  199/31251] CGIUtilTest#"test_cgi_escapeHTML:IBM737" = 0.01 s
[  200/31251] CGIUtilTest#"test_cgi_escapeHTML:IBM775" = 0.01 s
[  201/31251] CGIUtilTest#"test_cgi_escapeHTML:IBM852" = 0.01 s
[  202/31251] CGIUtilTest#"test_cgi_escapeHTML:IBM855" = 0.01 s
[  203/31251] CGIUtilTest#"test_cgi_escapeHTML:IBM857" = 0.01 s
[  204/31251] CGIUtilTest#"test_cgi_escapeHTML:IBM860" = 0.01 s
[  205/31251] CGIUtilTest#"test_cgi_escapeHTML:IBM861" = 0.01 s
[  206/31251] CGIUtilTest#"test_cgi_escapeHTML:IBM862" = 0.01 s
[  207/31251] CGIUtilTest#"test_cgi_escapeHTML:IBM863" = 0.01 s
[  208/31251] CGIUtilTest#"test_cgi_escapeHTML:IBM864" = 0.01 s
[  209/31251] CGIUtilTest#"test_cgi_escapeHTML:IBM865" = 0.01 s
[  210/31251] CGIUtilTest#"test_cgi_escapeHTML:IBM866" = 0.01 s
[  211/31251] CGIUtilTest#"test_cgi_escapeHTML:IBM869" = 0.01 s
[  212/31251] CGIUtilTest#"test_cgi_escapeHTML:ISO-2022-JP" = 0.02 s
[  213/31251] CGIUtilTest#"test_cgi_escapeHTML:ISO-2022-JP-KDDI" = 0.02 s
[  214/31251] CGIUtilTest#"test_cgi_escapeHTML:ISO-8859-1" = 0.01 s
[  215/31251] CGIUtilTest#"test_cgi_escapeHTML:ISO-8859-10" = 0.01 s
[  216/31251] CGIUtilTest#"test_cgi_escapeHTML:ISO-8859-11" = 0.01 s
[  217/31251] CGIUtilTest#"test_cgi_escapeHTML:ISO-8859-13" = 0.01 s
[  218/31251] CGIUtilTest#"test_cgi_escapeHTML:ISO-8859-14" = 0.01 s
[  219/31251] CGIUtilTest#"test_cgi_escapeHTML:ISO-8859-15" = 0.01 s
[  220/31251] CGIUtilTest#"test_cgi_escapeHTML:ISO-8859-16" = 0.01 s
[  221/31251] CGIUtilTest#"test_cgi_escapeHTML:ISO-8859-2" = 0.01 s
[  222/31251] CGIUtilTest#"test_cgi_escapeHTML:ISO-8859-3" = 0.01 s
[  223/31251] CGIUtilTest#"test_cgi_escapeHTML:ISO-8859-4" = 0.01 s
[  224/31251] CGIUtilTest#"test_cgi_escapeHTML:ISO-8859-5" = 0.01 s
[  225/31251] CGIUtilTest#"test_cgi_escapeHTML:ISO-8859-6" = 0.01 s
[  226/31251] CGIUtilTest#"test_cgi_escapeHTML:ISO-8859-7" = 0.01 s
[  227/31251] CGIUtilTest#"test_cgi_escapeHTML:ISO-8859-8" = 0.01 s
[  228/31251] CGIUtilTest#"test_cgi_escapeHTML:ISO-8859-9" = 0.01 s
[  229/31251] CGIUtilTest#"test_cgi_escapeHTML:KOI8-R" = 0.01 s
[  230/31251] CGIUtilTest#"test_cgi_escapeHTML:KOI8-U" = 0.01 s
[  231/31251] CGIUtilTest#"test_cgi_escapeHTML:MacJapanese" = 0.01 s
[  232/31251] CGIUtilTest#"test_cgi_escapeHTML:SJIS-DoCoMo" = 0.01 s
[  233/31251] CGIUtilTest#"test_cgi_escapeHTML:SJIS-KDDI" = 0.01 s
[  234/31251] CGIUtilTest#"test_cgi_escapeHTML:SJIS-SoftBank" = 0.01 s
[  235/31251] CGIUtilTest#"test_cgi_escapeHTML:Shift_JIS" = 0.01 s
[  236/31251] CGIUtilTest#"test_cgi_escapeHTML:TIS-620" = 0.01 s
[  237/31251] CGIUtilTest#"test_cgi_escapeHTML:US-ASCII" = 0.01 s
[  238/31251] CGIUtilTest#"test_cgi_escapeHTML:UTF-16" = 0.02 s
[  239/31251] CGIUtilTest#"test_cgi_escapeHTML:UTF-16BE" = 0.03 s
[  240/31251] CGIUtilTest#"test_cgi_escapeHTML:UTF-16LE" = 0.03 s
[  241/31251] CGIUtilTest#"test_cgi_escapeHTML:UTF-32" = 0.02 s
[  242/31251] CGIUtilTest#"test_cgi_escapeHTML:UTF-32BE" = 0.03 s
[  243/31251] CGIUtilTest#"test_cgi_escapeHTML:UTF-32LE" = 0.02 s
[  244/31251] CGIUtilTest#"test_cgi_escapeHTML:UTF-8" = 0.01 s
[  245/31251] CGIUtilTest#"test_cgi_escapeHTML:UTF8-DoCoMo" = 0.01 s
[  246/31251] CGIUtilTest#"test_cgi_escapeHTML:UTF8-KDDI" = 0.01 s
[  247/31251] CGIUtilTest#"test_cgi_escapeHTML:UTF8-MAC" = 0.09 s
[  248/31251] CGIUtilTest#"test_cgi_escapeHTML:UTF8-SoftBank" = 0.01 s
[  249/31251] CGIUtilTest#"test_cgi_escapeHTML:Windows-1250" = 0.01 s
[  250/31251] CGIUtilTest#"test_cgi_escapeHTML:Windows-1251" = 0.01 s
[  251/31251] CGIUtilTest#"test_cgi_escapeHTML:Windows-1252" = 0.01 s
[  252/31251] CGIUtilTest#"test_cgi_escapeHTML:Windows-1253" = 0.01 s
[  253/31251] CGIUtilTest#"test_cgi_escapeHTML:Windows-1254" = 0.01 s
[  254/31251] CGIUtilTest#"test_cgi_escapeHTML:Windows-1255" = 0.01 s
[  255/31251] CGIUtilTest#"test_cgi_escapeHTML:Windows-1256" = 0.01 s
[  256/31251] CGIUtilTest#"test_cgi_escapeHTML:Windows-1257" = 0.01 s
[  257/31251] CGIUtilTest#"test_cgi_escapeHTML:Windows-1258" = 0.01 s
[  258/31251] CGIUtilTest#"test_cgi_escapeHTML:Windows-31J" = 0.01 s
[  259/31251] CGIUtilTest#"test_cgi_escapeHTML:Windows-874" = 0.01 s
[  260/31251] CGIUtilTest#"test_cgi_escapeHTML:eucJP-ms" = 0.01 s
[  261/31251] CGIUtilTest#"test_cgi_escapeHTML:macCentEuro" = 0.01 s
[  262/31251] CGIUtilTest#"test_cgi_escapeHTML:macCroatian" = 0.01 s
[  263/31251] CGIUtilTest#"test_cgi_escapeHTML:macCyrillic" = 0.01 s
[  264/31251] CGIUtilTest#"test_cgi_escapeHTML:macGreek" = 0.01 s
[  265/31251] CGIUtilTest#"test_cgi_escapeHTML:macIceland" = 0.01 s
[  266/31251] CGIUtilTest#"test_cgi_escapeHTML:macRoman" = 0.01 s
[  267/31251] CGIUtilTest#"test_cgi_escapeHTML:macRomania" = 0.01 s
[  268/31251] CGIUtilTest#"test_cgi_escapeHTML:macThai" = 0.01 s
[  269/31251] CGIUtilTest#"test_cgi_escapeHTML:macTurkish" = 0.01 s
[  270/31251] CGIUtilTest#"test_cgi_escapeHTML:macUkraine" = 0.01 s
[  271/31251] CGIUtilTest#"test_cgi_escapeHTML:stateless-ISO-2022-JP" = 0.01 s
[  272/31251] CGIUtilTest#"test_cgi_escapeHTML:stateless-ISO-2022-JP-KDDI" = 0.01 s
[  273/31251] CGIUtilTest#test_cgi_escapeURIComponent = 0.01 s
[  274/31251] CGIUtilTest#test_cgi_escapeURIComponent_preserve_encoding = 0.01 s
[  275/31251] CGIUtilTest#test_cgi_escapeURIComponent_with_invalid_byte_sequence = 0.01 s
[  276/31251] CGIUtilTest#test_cgi_escapeURIComponent_with_unreserved_characters = 0.01 s
[  277/31251] CGIUtilTest#test_cgi_escape_html_dont_freeze = 0.03 s
[  278/31251] CGIUtilTest#test_cgi_escape_html_duplicated = 0.01 s
[  279/31251] CGIUtilTest#test_cgi_escape_html_large = 0.01 s
[  280/31251] CGIUtilTest#test_cgi_escape_html_preserve_encoding = 0.01 s
[  281/31251] CGIUtilTest#test_cgi_escape_preserve_encoding = 0.01 s
[  282/31251] CGIUtilTest#test_cgi_escape_uri_component = 0.01 s
[  283/31251] CGIUtilTest#test_cgi_escape_with_invalid_byte_sequence = 0.01 s
[  284/31251] CGIUtilTest#test_cgi_escape_with_unreserved_characters = 0.01 s
[  285/31251] CGIUtilTest#test_cgi_include_escape = 0.01 s
[  286/31251] CGIUtilTest#test_cgi_include_escapeHTML = 0.01 s
[  287/31251] CGIUtilTest#test_cgi_include_h = 0.01 s
[  288/31251] CGIUtilTest#test_cgi_include_unescape = 0.01 s
[  289/31251] CGIUtilTest#test_cgi_include_unescapeHTML = 0.01 s
[  290/31251] CGIUtilTest#test_cgi_pretty = 0.04 s
[  291/31251] CGIUtilTest#test_cgi_unescape = 0.01 s
[  292/31251] CGIUtilTest#"test_cgi_unescape:ASCII-8BIT" = 0.01 s
[  293/31251] CGIUtilTest#"test_cgi_unescape:Big5" = 0.01 s
[  294/31251] CGIUtilTest#"test_cgi_unescape:Big5-HKSCS" = 0.01 s
[  295/31251] CGIUtilTest#"test_cgi_unescape:Big5-UAO" = 0.01 s
[  296/31251] CGIUtilTest#"test_cgi_unescape:CESU-8" = 0.01 s
[  297/31251] CGIUtilTest#"test_cgi_unescape:CP51932" = 0.01 s
[  298/31251] CGIUtilTest#"test_cgi_unescape:CP850" = 0.01 s
[  299/31251] CGIUtilTest#"test_cgi_unescape:CP852" = 0.01 s
[  300/31251] CGIUtilTest#"test_cgi_unescape:CP855" = 0.01 s
[  301/31251] CGIUtilTest#"test_cgi_unescape:CP949" = 0.01 s
[  302/31251] CGIUtilTest#"test_cgi_unescape:CP950" = 0.01 s
[  303/31251] CGIUtilTest#"test_cgi_unescape:CP951" = 0.01 s
[  304/31251] CGIUtilTest#"test_cgi_unescape:EUC-JIS-2004" = 0.01 s
[  305/31251] CGIUtilTest#"test_cgi_unescape:EUC-JP" = 0.01 s
[  306/31251] CGIUtilTest#"test_cgi_unescape:EUC-KR" = 0.01 s
[  307/31251] CGIUtilTest#"test_cgi_unescape:EUC-TW" = 0.01 s
[  308/31251] CGIUtilTest#"test_cgi_unescape:Emacs-Mule" = 0.01 s
[  309/31251] CGIUtilTest#"test_cgi_unescape:GB12345" = 0.01 s
[  310/31251] CGIUtilTest#"test_cgi_unescape:GB18030" = 0.01 s
[  311/31251] CGIUtilTest#"test_cgi_unescape:GB1988" = 0.01 s
[  312/31251] CGIUtilTest#"test_cgi_unescape:GB2312" = 0.01 s
[  313/31251] CGIUtilTest#"test_cgi_unescape:GBK" = 0.01 s
[  314/31251] CGIUtilTest#"test_cgi_unescape:IBM437" = 0.01 s
[  315/31251] CGIUtilTest#"test_cgi_unescape:IBM720" = 0.01 s
[  316/31251] CGIUtilTest#"test_cgi_unescape:IBM737" = 0.01 s
[  317/31251] CGIUtilTest#"test_cgi_unescape:IBM775" = 0.01 s
[  318/31251] CGIUtilTest#"test_cgi_unescape:IBM852" = 0.01 s
[  319/31251] CGIUtilTest#"test_cgi_unescape:IBM855" = 0.01 s
[  320/31251] CGIUtilTest#"test_cgi_unescape:IBM857" = 0.01 s
[  321/31251] CGIUtilTest#"test_cgi_unescape:IBM860" = 0.01 s
[  322/31251] CGIUtilTest#"test_cgi_unescape:IBM861" = 0.01 s
[  323/31251] CGIUtilTest#"test_cgi_unescape:IBM862" = 0.01 s
[  324/31251] CGIUtilTest#"test_cgi_unescape:IBM863" = 0.01 s
[  325/31251] CGIUtilTest#"test_cgi_unescape:IBM864" = 0.01 s
[  326/31251] CGIUtilTest#"test_cgi_unescape:IBM865" = 0.01 s
[  327/31251] CGIUtilTest#"test_cgi_unescape:IBM866" = 0.01 s
[  328/31251] CGIUtilTest#"test_cgi_unescape:IBM869" = 0.01 s
[  329/31251] CGIUtilTest#"test_cgi_unescape:ISO-8859-1" = 0.01 s
[  330/31251] CGIUtilTest#"test_cgi_unescape:ISO-8859-10" = 0.01 s
[  331/31251] CGIUtilTest#"test_cgi_unescape:ISO-8859-11" = 0.01 s
[  332/31251] CGIUtilTest#"test_cgi_unescape:ISO-8859-13" = 0.01 s
[  333/31251] CGIUtilTest#"test_cgi_unescape:ISO-8859-14" = 0.01 s
[  334/31251] CGIUtilTest#"test_cgi_unescape:ISO-8859-15" = 0.01 s
[  335/31251] CGIUtilTest#"test_cgi_unescape:ISO-8859-16" = 0.01 s
[  336/31251] CGIUtilTest#"test_cgi_unescape:ISO-8859-2" = 0.01 s
[  337/31251] CGIUtilTest#"test_cgi_unescape:ISO-8859-3" = 0.01 s
[  338/31251] CGIUtilTest#"test_cgi_unescape:ISO-8859-4" = 0.01 s
[  339/31251] CGIUtilTest#"test_cgi_unescape:ISO-8859-5" = 0.01 s
[  340/31251] CGIUtilTest#"test_cgi_unescape:ISO-8859-6" = 0.01 s
[  341/31251] CGIUtilTest#"test_cgi_unescape:ISO-8859-7" = 0.01 s
[  342/31251] CGIUtilTest#"test_cgi_unescape:ISO-8859-8" = 0.01 s
[  343/31251] CGIUtilTest#"test_cgi_unescape:ISO-8859-9" = 0.01 s
[  344/31251] CGIUtilTest#"test_cgi_unescape:KOI8-R" = 0.01 s
[  345/31251] CGIUtilTest#"test_cgi_unescape:KOI8-U" = 0.01 s
[  346/31251] CGIUtilTest#"test_cgi_unescape:MacJapanese" = 0.01 s
[  347/31251] CGIUtilTest#"test_cgi_unescape:SJIS-DoCoMo" = 0.01 s
[  348/31251] CGIUtilTest#"test_cgi_unescape:SJIS-KDDI" = 0.01 s
[  349/31251] CGIUtilTest#"test_cgi_unescape:SJIS-SoftBank" = 0.01 s
[  350/31251] CGIUtilTest#"test_cgi_unescape:Shift_JIS" = 0.01 s
[  351/31251] CGIUtilTest#"test_cgi_unescape:TIS-620" = 0.01 s
[  352/31251] CGIUtilTest#"test_cgi_unescape:US-ASCII" = 0.01 s
[  353/31251] CGIUtilTest#"test_cgi_unescape:UTF-8" = 0.01 s
[  354/31251] CGIUtilTest#"test_cgi_unescape:UTF8-DoCoMo" = 0.01 s
[  355/31251] CGIUtilTest#"test_cgi_unescape:UTF8-KDDI" = 0.01 s
[  356/31251] CGIUtilTest#"test_cgi_unescape:UTF8-MAC" = 0.01 s
[  357/31251] CGIUtilTest#"test_cgi_unescape:UTF8-SoftBank" = 0.01 s
[  358/31251] CGIUtilTest#"test_cgi_unescape:Windows-1250" = 0.01 s
[  359/31251] CGIUtilTest#"test_cgi_unescape:Windows-1251" = 0.01 s
[  360/31251] CGIUtilTest#"test_cgi_unescape:Windows-1252" = 0.01 s
[  361/31251] CGIUtilTest#"test_cgi_unescape:Windows-1253" = 0.01 s
[  362/31251] CGIUtilTest#"test_cgi_unescape:Windows-1254" = 0.01 s
[  363/31251] CGIUtilTest#"test_cgi_unescape:Windows-1255" = 0.01 s
[  364/31251] CGIUtilTest#"test_cgi_unescape:Windows-1256" = 0.01 s
[  365/31251] CGIUtilTest#"test_cgi_unescape:Windows-1257" = 0.01 s
[  366/31251] CGIUtilTest#"test_cgi_unescape:Windows-1258" = 0.01 s
[  367/31251] CGIUtilTest#"test_cgi_unescape:Windows-31J" = 0.01 s
[  368/31251] CGIUtilTest#"test_cgi_unescape:Windows-874" = 0.01 s
[  369/31251] CGIUtilTest#"test_cgi_unescape:eucJP-ms" = 0.01 s
[  370/31251] CGIUtilTest#"test_cgi_unescape:macCentEuro" = 0.01 s
[  371/31251] CGIUtilTest#"test_cgi_unescape:macCroatian" = 0.01 s
[  372/31251] CGIUtilTest#"test_cgi_unescape:macCyrillic" = 0.01 s
[  373/31251] CGIUtilTest#"test_cgi_unescape:macGreek" = 0.01 s
[  374/31251] CGIUtilTest#"test_cgi_unescape:macIceland" = 0.01 s
[  375/31251] CGIUtilTest#"test_cgi_unescape:macRoman" = 0.01 s
[  376/31251] CGIUtilTest#"test_cgi_unescape:macRomania" = 0.01 s
[  377/31251] CGIUtilTest#"test_cgi_unescape:macThai" = 0.01 s
[  378/31251] CGIUtilTest#"test_cgi_unescape:macTurkish" = 0.01 s
[  379/31251] CGIUtilTest#"test_cgi_unescape:macUkraine" = 0.01 s
[  380/31251] CGIUtilTest#"test_cgi_unescape:stateless-ISO-2022-JP" = 0.01 s
[  381/31251] CGIUtilTest#"test_cgi_unescape:stateless-ISO-2022-JP-KDDI" = 0.01 s
[  382/31251] CGIUtilTest#test_cgi_unescapeElement = 0.10 s
[  383/31251] CGIUtilTest#test_cgi_unescapeHTML = 0.01 s
[  384/31251] CGIUtilTest#"test_cgi_unescapeHTML:ASCII-8BIT" = 0.01 s
[  385/31251] CGIUtilTest#"test_cgi_unescapeHTML:Big5" = 0.01 s
[  386/31251] CGIUtilTest#"test_cgi_unescapeHTML:Big5-HKSCS" = 0.01 s
[  387/31251] CGIUtilTest#"test_cgi_unescapeHTML:Big5-UAO" = 0.01 s
[  388/31251] CGIUtilTest#"test_cgi_unescapeHTML:CESU-8" = 0.01 s
[  389/31251] CGIUtilTest#"test_cgi_unescapeHTML:CP50220" = 0.02 s
[  390/31251] CGIUtilTest#"test_cgi_unescapeHTML:CP50221" = 0.02 s
[  391/31251] CGIUtilTest#"test_cgi_unescapeHTML:CP51932" = 0.01 s
[  392/31251] CGIUtilTest#"test_cgi_unescapeHTML:CP850" = 0.01 s
[  393/31251] CGIUtilTest#"test_cgi_unescapeHTML:CP852" = 0.01 s
[  394/31251] CGIUtilTest#"test_cgi_unescapeHTML:CP855" = 0.01 s
[  395/31251] CGIUtilTest#"test_cgi_unescapeHTML:CP949" = 0.02 s
[  396/31251] CGIUtilTest#"test_cgi_unescapeHTML:CP950" = 0.01 s
[  397/31251] CGIUtilTest#"test_cgi_unescapeHTML:CP951" = 0.01 s
[  398/31251] CGIUtilTest#"test_cgi_unescapeHTML:EUC-JIS-2004" = 0.01 s
[  399/31251] CGIUtilTest#"test_cgi_unescapeHTML:EUC-JP" = 0.01 s
[  400/31251] CGIUtilTest#"test_cgi_unescapeHTML:EUC-KR" = 0.01 s
[  401/31251] CGIUtilTest#"test_cgi_unescapeHTML:EUC-TW" = 0.01 s
[  402/31251] CGIUtilTest#"test_cgi_unescapeHTML:Emacs-Mule" = 0.01 s
[  403/31251] CGIUtilTest#"test_cgi_unescapeHTML:GB12345" = 0.01 s
[  404/31251] CGIUtilTest#"test_cgi_unescapeHTML:GB18030" = 0.01 s
[  405/31251] CGIUtilTest#"test_cgi_unescapeHTML:GB1988" = 0.01 s
[  406/31251] CGIUtilTest#"test_cgi_unescapeHTML:GB2312" = 0.01 s
[  407/31251] CGIUtilTest#"test_cgi_unescapeHTML:GBK" = 0.01 s
[  408/31251] CGIUtilTest#"test_cgi_unescapeHTML:IBM037" = 0.02 s
[  409/31251] CGIUtilTest#"test_cgi_unescapeHTML:IBM437" = 0.01 s
[  410/31251] CGIUtilTest#"test_cgi_unescapeHTML:IBM720" = 0.01 s
[  411/31251] CGIUtilTest#"test_cgi_unescapeHTML:IBM737" = 0.02 s
[  412/31251] CGIUtilTest#"test_cgi_unescapeHTML:IBM775" = 0.01 s
[  413/31251] CGIUtilTest#"test_cgi_unescapeHTML:IBM852" = 0.01 s
[  414/31251] CGIUtilTest#"test_cgi_unescapeHTML:IBM855" = 0.01 s
[  415/31251] CGIUtilTest#"test_cgi_unescapeHTML:IBM857" = 0.01 s
[  416/31251] CGIUtilTest#"test_cgi_unescapeHTML:IBM860" = 0.01 s
[  417/31251] CGIUtilTest#"test_cgi_unescapeHTML:IBM861" = 0.01 s
[  418/31251] CGIUtilTest#"test_cgi_unescapeHTML:IBM862" = 0.01 s
[  419/31251] CGIUtilTest#"test_cgi_unescapeHTML:IBM863" = 0.01 s
[  420/31251] CGIUtilTest#"test_cgi_unescapeHTML:IBM864" = 0.01 s
[  421/31251] CGIUtilTest#"test_cgi_unescapeHTML:IBM865" = 0.01 s
[  422/31251] CGIUtilTest#"test_cgi_unescapeHTML:IBM866" = 0.01 s
[  423/31251] CGIUtilTest#"test_cgi_unescapeHTML:IBM869" = 0.01 s
[  424/31251] CGIUtilTest#"test_cgi_unescapeHTML:ISO-2022-JP" = 0.02 s
[  425/31251] CGIUtilTest#"test_cgi_unescapeHTML:ISO-2022-JP-KDDI" = 0.02 s
[  426/31251] CGIUtilTest#"test_cgi_unescapeHTML:ISO-8859-1" = 0.01 s
[  427/31251] CGIUtilTest#"test_cgi_unescapeHTML:ISO-8859-10" = 0.01 s
[  428/31251] CGIUtilTest#"test_cgi_unescapeHTML:ISO-8859-11" = 0.01 s
[  429/31251] CGIUtilTest#"test_cgi_unescapeHTML:ISO-8859-13" = 0.01 s
[  430/31251] CGIUtilTest#"test_cgi_unescapeHTML:ISO-8859-14" = 0.01 s
[  431/31251] CGIUtilTest#"test_cgi_unescapeHTML:ISO-8859-15" = 0.01 s
[  432/31251] CGIUtilTest#"test_cgi_unescapeHTML:ISO-8859-16" = 0.02 s
[  433/31251] CGIUtilTest#"test_cgi_unescapeHTML:ISO-8859-2" = 0.01 s
[  434/31251] CGIUtilTest#"test_cgi_unescapeHTML:ISO-8859-3" = 0.01 s
[  435/31251] CGIUtilTest#"test_cgi_unescapeHTML:ISO-8859-4" = 0.01 s
[  436/31251] CGIUtilTest#"test_cgi_unescapeHTML:ISO-8859-5" = 0.01 s
[  437/31251] CGIUtilTest#"test_cgi_unescapeHTML:ISO-8859-6" = 0.01 s
[  438/31251] CGIUtilTest#"test_cgi_unescapeHTML:ISO-8859-7" = 0.01 s
[  439/31251] CGIUtilTest#"test_cgi_unescapeHTML:ISO-8859-8" = 0.01 s
[  440/31251] CGIUtilTest#"test_cgi_unescapeHTML:ISO-8859-9" = 0.01 s
[  441/31251] CGIUtilTest#"test_cgi_unescapeHTML:KOI8-R" = 0.01 s
[  442/31251] CGIUtilTest#"test_cgi_unescapeHTML:KOI8-U" = 0.01 s
[  443/31251] CGIUtilTest#"test_cgi_unescapeHTML:MacJapanese" = 0.01 s
[  444/31251] CGIUtilTest#"test_cgi_unescapeHTML:SJIS-DoCoMo" = 0.01 s
[  445/31251] CGIUtilTest#"test_cgi_unescapeHTML:SJIS-KDDI" = 0.01 s
[  446/31251] CGIUtilTest#"test_cgi_unescapeHTML:SJIS-SoftBank" = 0.01 s
[  447/31251] CGIUtilTest#"test_cgi_unescapeHTML:Shift_JIS" = 0.01 s
[  448/31251] CGIUtilTest#"test_cgi_unescapeHTML:TIS-620" = 0.01 s
[  449/31251] CGIUtilTest#"test_cgi_unescapeHTML:US-ASCII" = 0.01 s
[  450/31251] CGIUtilTest#"test_cgi_unescapeHTML:UTF-16" = 0.02 s
[  451/31251] CGIUtilTest#"test_cgi_unescapeHTML:UTF-16BE" = 0.03 s
[  452/31251] CGIUtilTest#"test_cgi_unescapeHTML:UTF-16LE" = 0.03 s
[  453/31251] CGIUtilTest#"test_cgi_unescapeHTML:UTF-32" = 0.03 s
[  454/31251] CGIUtilTest#"test_cgi_unescapeHTML:UTF-32BE" = 0.03 s
[  455/31251] CGIUtilTest#"test_cgi_unescapeHTML:UTF-32LE" = 0.03 s
[  456/31251] CGIUtilTest#"test_cgi_unescapeHTML:UTF-8" = 0.01 s
[  457/31251] CGIUtilTest#"test_cgi_unescapeHTML:UTF8-DoCoMo" = 0.01 s
[  458/31251] CGIUtilTest#"test_cgi_unescapeHTML:UTF8-KDDI" = 0.02 s
[  459/31251] CGIUtilTest#"test_cgi_unescapeHTML:UTF8-MAC" = 0.01 s
[  460/31251] CGIUtilTest#"test_cgi_unescapeHTML:UTF8-SoftBank" = 0.01 s
[  461/31251] CGIUtilTest#"test_cgi_unescapeHTML:Windows-1250" = 0.01 s
[  462/31251] CGIUtilTest#"test_cgi_unescapeHTML:Windows-1251" = 0.01 s
[  463/31251] CGIUtilTest#"test_cgi_unescapeHTML:Windows-1252" = 0.01 s
[  464/31251] CGIUtilTest#"test_cgi_unescapeHTML:Windows-1253" = 0.01 s
[  465/31251] CGIUtilTest#"test_cgi_unescapeHTML:Windows-1254" = 0.01 s
[  466/31251] CGIUtilTest#"test_cgi_unescapeHTML:Windows-1255" = 0.01 s
[  467/31251] CGIUtilTest#"test_cgi_unescapeHTML:Windows-1256" = 0.01 s
[  468/31251] CGIUtilTest#"test_cgi_unescapeHTML:Windows-1257" = 0.01 s
[  469/31251] CGIUtilTest#"test_cgi_unescapeHTML:Windows-1258" = 0.01 s
[  470/31251] CGIUtilTest#"test_cgi_unescapeHTML:Windows-31J" = 0.01 s
[  471/31251] CGIUtilTest#"test_cgi_unescapeHTML:Windows-874" = 0.01 s
[  472/31251] CGIUtilTest#"test_cgi_unescapeHTML:eucJP-ms" = 0.01 s
[  473/31251] CGIUtilTest#"test_cgi_unescapeHTML:macCentEuro" = 0.01 s
[  474/31251] CGIUtilTest#"test_cgi_unescapeHTML:macCroatian" = 0.01 s
[  475/31251] CGIUtilTest#"test_cgi_unescapeHTML:macCyrillic" = 0.01 s
[  476/31251] CGIUtilTest#"test_cgi_unescapeHTML:macGreek" = 0.01 s
[  477/31251] CGIUtilTest#"test_cgi_unescapeHTML:macIceland" = 0.01 s
[  478/31251] CGIUtilTest#"test_cgi_unescapeHTML:macRoman" = 0.01 s
[  479/31251] CGIUtilTest#"test_cgi_unescapeHTML:macRomania" = 0.01 s
[  480/31251] CGIUtilTest#"test_cgi_unescapeHTML:macThai" = 0.01 s
[  481/31251] CGIUtilTest#"test_cgi_unescapeHTML:macTurkish" = 0.01 s
[  482/31251] CGIUtilTest#"test_cgi_unescapeHTML:macUkraine" = 0.01 s
[  483/31251] CGIUtilTest#"test_cgi_unescapeHTML:stateless-ISO-2022-JP" = 0.01 s
[  484/31251] CGIUtilTest#"test_cgi_unescapeHTML:stateless-ISO-2022-JP-KDDI" = 0.01 s
[  485/31251] CGIUtilTest#test_cgi_unescapeHTML_following_invalid_numeric = 0.02 s
[  486/31251] CGIUtilTest#test_cgi_unescapeHTML_following_known_first_letter = 0.01 s
[  487/31251] CGIUtilTest#test_cgi_unescapeHTML_following_number_sign = 0.01 s
[  488/31251] CGIUtilTest#test_cgi_unescapeHTML_invalid = 0.01 s
[  489/31251] CGIUtilTest#test_cgi_unescapeHTML_uppercasecharacter = 0.01 s
[  490/31251] CGIUtilTest#test_cgi_unescapeURIComponent = 0.01 s
[  491/31251] CGIUtilTest#test_cgi_unescapeURIComponent_accept_charset = 12.29 s
[  492/31251] CGIUtilTest#test_cgi_unescapeURIComponent_preserve_encoding = 0.02 s
[  493/31251] CGIUtilTest#test_cgi_unescape_accept_charset = 12.25 s
[  494/31251] CGIUtilTest#test_cgi_unescape_preserve_encoding = 0.02 s
[  495/31251] CGIUtilTest#test_cgi_unescape_uri_component = 0.01 s
[  496/31251] ChangeWordTest#test_deletion = 0.04 s
[  497/31251] ChangeWordTest#test_insertion = 0.02 s
[  498/31251] ChangeWordTest#test_substitution = 0.02 s
[  499/31251] ChangeWordTest#test_transposition = 0.03 s
[  500/31251] ClassNameCheckTest#test_corrections = 5.16 s
[  501/31251] ClassNameCheckTest#test_corrections_candidates_for_names_in_upper_level_scopes = 14.93
 s
[  502/31251] ClassNameCheckTest#test_corrections_include_case_specific_class_name = 8.05 s
[  503/31251] ClassNameCheckTest#test_corrections_include_top_level_class_name = 5.09 s
[  504/31251] ClassNameCheckTest#test_corrections_should_work_from_within_instance_method = 14.88 s
[  505/31251] ClassNameCheckTest#test_corrections_should_work_from_within_instance_method_on_nested_
class = 14.88 s
[  506/31251] ClassNameCheckTest#test_does_not_suggest_user_input = 5.71 s
[  507/31251] ClassNameCheckTest#test_names_in_corrections_have_namespaces = 14.88 s
[  508/31251] ComplexRational_Test#test_comp_srat = 0.27 s
[  509/31251] ComplexRational_Test#test_rat_srat = 0.13 s
[  510/31251] Complex_Test#test_Complex_with_exception = 0.06 s
[  511/31251] Complex_Test#test_Complex_with_invalid_exception = 0.01 s
[  512/31251] Complex_Test#test_add = 0.01 s
[  513/31251] Complex_Test#test_add_with_redefining_float_plus = 2.56 s
[  514/31251] Complex_Test#test_add_with_redefining_int_plus = 2.52 s
[  515/31251] Complex_Test#test_add_with_redefining_rational_plus = 2.53 s
[  516/31251] Complex_Test#test_attr = 0.03 s
[  517/31251] Complex_Test#test_attr2 = 0.03 s
[  518/31251] Complex_Test#test_canonicalize_internal = 0.02 s
[  519/31251] Complex_Test#test_canonicalize_polar = 0.05 s
[  520/31251] Complex_Test#test_cmp = 0.02 s
[  521/31251] Complex_Test#test_coerce = 0.05 s
[  522/31251] Complex_Test#test_coerce2 = 0.05 s
[  523/31251] Complex_Test#test_compsub = 0.02 s
[  524/31251] Complex_Test#test_conv = 0.05 s
[  525/31251] Complex_Test#test_div = 0.03 s
[  526/31251] Complex_Test#test_eqeq = 0.03 s
[  527/31251] Complex_Test#test_eql_p = 0.01 s
[  528/31251] Complex_Test#test_expt = 0.03 s
[  529/31251] Complex_Test#test_expt_for_special_angle = 0.04 s
[  530/31251] Complex_Test#test_fdiv = 0.02 s
[  531/31251] Complex_Test#test_finite_p = 0.02 s
[  532/31251] Complex_Test#test_fixed_bug = 0.02 s
[  533/31251] Complex_Test#test_freeze = 0.02 s
[  534/31251] Complex_Test#test_hash = 0.02 s
[  535/31251] Complex_Test#test_infinite_p = 0.03 s
[  536/31251] Complex_Test#test_inspect = 0.01 s
[  537/31251] Complex_Test#test_inspect_to_s_frozen_bug_20337 = 11.96 s
[  538/31251] Complex_Test#test_known_bug = 0.01 s
[  539/31251] Complex_Test#test_marshal = 0.04 s
[  540/31251] Complex_Test#test_marshal_compatibility = 0.01 s
[  541/31251] Complex_Test#test_math = 0.03 s
[  542/31251] Complex_Test#test_mul = 0.02 s
[  543/31251] Complex_Test#test_mul_with_redefining_float_mult = 2.52 s
[  544/31251] Complex_Test#test_mul_with_redefining_int_mult = 2.52 s
[  545/31251] Complex_Test#test_mul_with_redefining_rational_mult = 5.15 s
[  546/31251] Complex_Test#test_negate = 0.02 s
[  547/31251] Complex_Test#test_parse = 0.58 s
[  548/31251] Complex_Test#test_polar = 0.02 s
[  549/31251] Complex_Test#test_quo = 0.02 s
[  550/31251] Complex_Test#test_rationalize = 0.02 s
[  551/31251] Complex_Test#test_rect = 0.01 s
[  552/31251] Complex_Test#test_respond = 0.05 s
[  553/31251] Complex_Test#test_ruby19 = 0.02 s
[  554/31251] Complex_Test#test_sub = 0.01 s
[  555/31251] Complex_Test#test_sub_with_redefining_float_minus = 2.56 s
[  556/31251] Complex_Test#test_sub_with_redefining_int_minus = 2.53 s
[  557/31251] Complex_Test#test_sub_with_redefining_rational_minus = 2.54 s
[  558/31251] Complex_Test#test_supp = 0.09 s
[  559/31251] Complex_Test#test_to_c = 0.02 s
[  560/31251] Complex_Test#test_to_f = 0.03 s
[  561/31251] Complex_Test#test_to_i = 0.02 s
[  562/31251] Complex_Test#test_to_r = 0.02 s
[  563/31251] Complex_Test#test_to_r_with_float = 0.02 s
[  564/31251] Complex_Test#test_to_r_with_numeric_obj = 0.03 s
[  565/31251] Complex_Test#test_to_s = 0.42 s
[  566/31251] Complex_Test#test_uplus = 0.02 s
[  567/31251] Complex_Test2#test_kumi = 1.13 s
[  568/31251] Complex_Test2#test_kumi2 = 0.11 s
[  569/31251] Emoji::TestDoCoMo#test_comparison = 0.05 s
[  570/31251] Emoji::TestDoCoMo#test_docomo = 0.13 s
[  571/31251] Emoji::TestDoCoMo#test_encoding_name = 0.07 s
[  572/31251] Emoji::TestDoCoMo#test_from_sjis = 0.03 s
[  573/31251] Emoji::TestDoCoMo#test_from_utf8 = 0.03 s
[  574/31251] Emoji::TestDoCoMo#test_to_eucjp = 0.05 s
[  575/31251] Emoji::TestDoCoMo#test_to_kddi = 0.19 s
[  576/31251] Emoji::TestDoCoMo#test_to_sjis = 0.03 s
[  577/31251] Emoji::TestDoCoMo#test_to_softbank = 0.13 s
[  578/31251] Emoji::TestDoCoMo#test_to_utf8 = 0.03 s
[  579/31251] Emoji::TestKDDI#test_comparison = 0.04 s
[  580/31251] Emoji::TestKDDI#test_encoding_name = 0.08 s
[  581/31251] Emoji::TestKDDI#test_from_iso2022jp = 0.05 s
[  582/31251] Emoji::TestKDDI#test_from_sjis = 0.04 s
[  583/31251] Emoji::TestKDDI#test_from_utf8 = 0.04 s
[  584/31251] Emoji::TestKDDI#test_kddi = 0.06 s
[  585/31251] Emoji::TestKDDI#test_to_docomo = 0.09 s
[  586/31251] Emoji::TestKDDI#test_to_eucjp = 0.05 s
[  587/31251] Emoji::TestKDDI#test_to_sjis = 0.04 s
[  588/31251] Emoji::TestKDDI#test_to_softbank = 0.08 s
[  589/31251] Emoji::TestKDDI#test_to_utf8 = 0.03 s
[  590/31251] Emoji::TestRenameSJIS#test_shift_jis = 0.55 s
[  591/31251] Emoji::TestSoftBank#test_comparison = 0.04 s
[  592/31251] Emoji::TestSoftBank#test_encoding_name = 0.05 s
[  593/31251] Emoji::TestSoftBank#test_from_sjis = 0.03 s
[  594/31251] Emoji::TestSoftBank#test_from_utf8 = 0.02 s
[  595/31251] Emoji::TestSoftBank#test_softbank = 0.02 s
[  596/31251] Emoji::TestSoftBank#test_to_docomo = 0.05 s
[  597/31251] Emoji::TestSoftBank#test_to_eucjp = 0.03 s
[  598/31251] Emoji::TestSoftBank#test_to_kddi = 0.09 s
[  599/31251] Emoji::TestSoftBank#test_to_sjis = 0.03 s
[  600/31251] Emoji::TestSoftBank#test_to_utf8 = 0.03 s
[  601/31251] Emoji::TestUTF8_BLACK_SUN_WITH_RAYS#test_convert = 0.04 s
[  602/31251] ErrorHighlightTest#test_ATTRASGN_1 = 2.01 s
[  603/31251] ErrorHighlightTest#test_ATTRASGN_2 = 1.76 s
[  604/31251] ErrorHighlightTest#test_ATTRASGN_3 = 1.74 s
[  605/31251] ErrorHighlightTest#test_ATTRASGN_4 = 1.75 s
[  606/31251] ErrorHighlightTest#test_ATTRASGN_5 = 1.78 s
[  607/31251] ErrorHighlightTest#test_CALL_aref_1 = 1.89 s
[  608/31251] ErrorHighlightTest#test_CALL_aref_2 = 1.90 s
[  609/31251] ErrorHighlightTest#test_CALL_aref_3 = 2.91 s
[  610/31251] ErrorHighlightTest#test_CALL_aref_4 = 4.02 s
[  611/31251] ErrorHighlightTest#test_CALL_aref_5 = 4.17 s
[  612/31251] ErrorHighlightTest#test_CALL_arg_1 = 4.22 s
[  613/31251] ErrorHighlightTest#test_CALL_arg_2 = 4.00 s
[  614/31251] ErrorHighlightTest#test_CALL_arg_3 = 2.25 s
[  615/31251] ErrorHighlightTest#test_CALL_arg_4 = 2.02 s
[  616/31251] ErrorHighlightTest#test_CALL_arg_5 = 2.08 s
[  617/31251] ErrorHighlightTest#test_CALL_arg_6 = 2.08 s
[  618/31251] ErrorHighlightTest#test_CALL_arg_7 = 1.51 s
[  619/31251] ErrorHighlightTest#test_CALL_aset = 1.86 s
[  620/31251] ErrorHighlightTest#test_CALL_noarg_1 = 2.25 s
[  621/31251] ErrorHighlightTest#test_CALL_noarg_2 = 2.21 s
[  622/31251] ErrorHighlightTest#test_CALL_noarg_3 = 2.22 s
[  623/31251] ErrorHighlightTest#test_CALL_noarg_4 = 2.15 s
[  624/31251] ErrorHighlightTest#test_CALL_op_asgn = 1.89 s
[  625/31251] ErrorHighlightTest#test_CALL_send = 2.57 s
[  626/31251] ErrorHighlightTest#test_CALL_special_call_1 = 1.81 s
[  627/31251] ErrorHighlightTest#test_CALL_special_call_2 = 1.75 s
[  628/31251] ErrorHighlightTest#test_COLON2_1 = 13.23 s
[  629/31251] ErrorHighlightTest#test_COLON2_2 = 13.21 s
[  630/31251] ErrorHighlightTest#test_COLON2_3 = 13.06 s
[  631/31251] ErrorHighlightTest#test_COLON2_4 = 13.20 s
[  632/31251] ErrorHighlightTest#test_COLON2_5 = 13.34 s
[  633/31251] ErrorHighlightTest#test_COLON3 = 12.59 s
[  634/31251] ErrorHighlightTest#test_CONST = 13.16 s
[  635/31251] ErrorHighlightTest#test_FCALL_1 = 3.17 s
[  636/31251] ErrorHighlightTest#test_FCALL_2 = 2.94 s
[  637/31251] ErrorHighlightTest#test_OPCALL_binary_1 = 2.10 s
[  638/31251] ErrorHighlightTest#test_OPCALL_binary_2 = 2.10 s
[  639/31251] ErrorHighlightTest#test_OPCALL_binary_3 = 2.02 s
[  640/31251] ErrorHighlightTest#test_OPCALL_unary_1 = 1.97 s
[  641/31251] ErrorHighlightTest#test_OPCALL_unary_2 = 2.01 s
[  642/31251] ErrorHighlightTest#test_OP_ASGN1_aref_1 = 1.95 s
[  643/31251] ErrorHighlightTest#test_OP_ASGN1_aref_2 = 1.89 s
[  644/31251] ErrorHighlightTest#test_OP_ASGN1_aref_3 = 1.72 s
[  645/31251] ErrorHighlightTest#test_OP_ASGN1_aref_4 = 1.81 s
[  646/31251] ErrorHighlightTest#test_OP_ASGN1_aset_1 = 1.70 s
[  647/31251] ErrorHighlightTest#test_OP_ASGN1_aset_2 = 1.71 s
[  648/31251] ErrorHighlightTest#test_OP_ASGN1_aset_3 = 1.69 s
[  649/31251] ErrorHighlightTest#test_OP_ASGN1_aset_4 = 1.70 s
[  650/31251] ErrorHighlightTest#test_OP_ASGN1_op_1 = 2.32 s
[  651/31251] ErrorHighlightTest#test_OP_ASGN1_op_2 = 2.07 s
[  652/31251] ErrorHighlightTest#test_OP_ASGN1_op_3 = 10.10 s
[  653/31251] ErrorHighlightTest#test_OP_ASGN1_op_4 = 2.30 s
[  654/31251] ErrorHighlightTest#test_OP_ASGN2_op_1 = 2.05 s
[  655/31251] ErrorHighlightTest#test_OP_ASGN2_op_2 = 1.98 s
[  656/31251] ErrorHighlightTest#test_OP_ASGN2_op_3 = 2.11 s
[  657/31251] ErrorHighlightTest#test_OP_ASGN2_read_1 = 2.01 s
[  658/31251] ErrorHighlightTest#test_OP_ASGN2_read_2 = 2.08 s
[  659/31251] ErrorHighlightTest#test_OP_ASGN2_read_3 = 1.98 s
[  660/31251] ErrorHighlightTest#test_OP_ASGN2_write_1 = 1.81 s
[  661/31251] ErrorHighlightTest#test_OP_ASGN2_write_2 = 1.74 s
[  662/31251] ErrorHighlightTest#test_OP_ASGN2_write_3 = 1.70 s
[  663/31251] ErrorHighlightTest#test_OP_CDECL_op_1 = 2.15 s
[  664/31251] ErrorHighlightTest#test_OP_CDECL_op_2 = 2.15 s
[  665/31251] ErrorHighlightTest#test_OP_CDECL_op_3 = 2.14 s
[  666/31251] ErrorHighlightTest#test_OP_CDECL_read_1 = 13.18 s
[  667/31251] ErrorHighlightTest#test_OP_CDECL_read_2 = 12.94 s
[  668/31251] ErrorHighlightTest#test_OP_CDECL_read_3 = 12.77 s
[  669/31251] ErrorHighlightTest#test_OP_CDECL_toplevel_1 = 13.43 s
[  670/31251] ErrorHighlightTest#test_OP_CDECL_toplevel_2 = 2.30 s
[  671/31251] ErrorHighlightTest#test_QCALL_1 = 2.02 s
[  672/31251] ErrorHighlightTest#test_QCALL_2 = 2.02 s
[  673/31251] ErrorHighlightTest#test_VCALL_2 = 2.78 s
[  674/31251] ErrorHighlightTest#test_args_ATTRASGN_1 = 1.69 s
[  675/31251] ErrorHighlightTest#test_args_ATTRASGN_2 = 2.16 s
[  676/31251] ErrorHighlightTest#test_args_ATTRASGN_3 = 1.92 s
[  677/31251] ErrorHighlightTest#test_args_CALL_1 = 1.81 s
[  678/31251] ErrorHighlightTest#test_args_CALL_2 = 1.86 s
[  679/31251] ErrorHighlightTest#test_args_FCALL_1 = 2.26 s
[  680/31251] ErrorHighlightTest#test_args_FCALL_2 = 2.32 s
[  681/31251] ErrorHighlightTest#test_args_OPCALL = 1.96 s
[  682/31251] ErrorHighlightTest#test_args_OP_ASGN1_aref_1 = 1.86 s
[  683/31251] ErrorHighlightTest#test_args_OP_ASGN1_aref_2 = 1.94 s
[  684/31251] ErrorHighlightTest#test_args_OP_ASGN1_op = 1.83 s
[  685/31251] ErrorHighlightTest#test_args_OP_ASGN2 = 1.82 s
[  686/31251] ErrorHighlightTest#test_const_get = 12.59 s
[  687/31251] ErrorHighlightTest#test_custom_formatter = 2.34 s
[  688/31251] ErrorHighlightTest#test_errors_on_extremely_small_terminal_window = 2.42 s
[  689/31251] ErrorHighlightTest#test_errors_on_small_terminal_window_at_the_beginning = 2.23 s
[  690/31251] ErrorHighlightTest#test_errors_on_small_terminal_window_at_the_end = 3.00 s
[  691/31251] ErrorHighlightTest#test_errors_on_small_terminal_window_at_the_middle = 2.61 s
[  692/31251] ErrorHighlightTest#test_errors_on_small_terminal_window_at_the_middle_near_beginning =
 2.63 s
[  693/31251] ErrorHighlightTest#test_errors_on_small_terminal_window_when_exact_size_of_viewport =
5.08 s
[  694/31251] ErrorHighlightTest#test_errors_on_small_terminal_window_when_larger_than_viewport = 5.
72 s
[  695/31251] ErrorHighlightTest#test_errors_on_terminal_window_smaller_than_min_width = 2.69 s
[  696/31251] ErrorHighlightTest#test_errors_on_terminal_window_when_truncation_is_disabled = 2.56 s
[  697/31251] ErrorHighlightTest#test_explicit_raise_name_error = 1.88 s
[  698/31251] ErrorHighlightTest#test_explicit_raise_no_method_error = 1.80 s
[  699/31251] ErrorHighlightTest#test_hard_tabs = 0.55 s
[  700/31251] ErrorHighlightTest#test_local_variable_get = 1.76 s
[  701/31251] ErrorHighlightTest#test_multibyte = 1.93 s
[  702/31251] ErrorHighlightTest#test_no_final_newline = 0.54 s
[  703/31251] ErrorHighlightTest#test_simulate_funcallv_from_embedded_ruby = 0.25 s
[  704/31251] ErrorHighlightTest#test_spoofed_filename = 1.27 s
[  705/31251] ErrorHighlightTest#test_spot_with_backtrace_location = 2.98 s
[  706/31251] ErrorHighlightTest#test_spot_with_node = 0.04 s
[  707/31251] EvalTest#test_rb_eval_string = 0.02 s
[  708/31251] GemTest#test_operating_system_customizing_default_dir = 10.97 s
[  709/31251] GemTest#test_operating_system_other_exceptions = 8.84 s
[  710/31251] GemTest#test_rubygems_normal_behaviour = 10.69 s
[  711/31251] HTTPHeaderTest#test_AREF = 0.04 s
[  712/31251] HTTPHeaderTest#test_ASET = 0.04 s
[  713/31251] HTTPHeaderTest#test_add_field = 0.04 s
[  714/31251] HTTPHeaderTest#test_basic_auth = 0.01 s
[  715/31251] HTTPHeaderTest#test_canonical_each = 0.03 s
[  716/31251] HTTPHeaderTest#test_chunked? = 0.02 s
[  717/31251] HTTPHeaderTest#test_content_length = 0.03 s
[  718/31251] HTTPHeaderTest#test_content_length= = 0.02 s
[  719/31251] HTTPHeaderTest#test_content_range = 0.03 s
[  720/31251] HTTPHeaderTest#test_content_type = 0.03 s
[  721/31251] HTTPHeaderTest#test_delete = 0.02 s
[  722/31251] HTTPHeaderTest#test_duplicated_variable_header = 0.03 s
[  723/31251] HTTPHeaderTest#test_each = 0.02 s
[  724/31251] HTTPHeaderTest#test_each_capitalized = 0.02 s
[  725/31251] HTTPHeaderTest#test_each_capitalized_name = 0.02 s
[  726/31251] HTTPHeaderTest#test_each_capitalized_with_symbol = 0.02 s
[  727/31251] HTTPHeaderTest#test_each_key = 0.02 s
[  728/31251] HTTPHeaderTest#test_each_value = 0.02 s
[  729/31251] HTTPHeaderTest#test_form_data= = 0.06 s
[  730/31251] HTTPHeaderTest#test_get_fields = 0.02 s
[  731/31251] HTTPHeaderTest#test_initialize = 0.04 s
[  732/31251] HTTPHeaderTest#test_initialize_with_broken_coderange = 0.01 s
[  733/31251] HTTPHeaderTest#test_initialize_with_symbol = 0.01 s
[  734/31251] HTTPHeaderTest#test_key? = 0.02 s
[  735/31251] HTTPHeaderTest#test_main_type = 0.02 s
[  736/31251] HTTPHeaderTest#test_nil_variable_header = 0.02 s
[  737/31251] HTTPHeaderTest#test_proxy_basic_auth = 0.01 s
[  738/31251] HTTPHeaderTest#test_range = 0.09 s
[  739/31251] HTTPHeaderTest#test_range= = 0.02 s
[  740/31251] HTTPHeaderTest#test_range_length = 0.02 s
[  741/31251] HTTPHeaderTest#test_set_content_type = 0.01 s
[  742/31251] HTTPHeaderTest#test_set_form_data = 0.04 s
[  743/31251] HTTPHeaderTest#test_size = 0.02 s
[  744/31251] HTTPHeaderTest#test_sub_type = 0.02 s
[  745/31251] HTTPHeaderTest#test_to_hash = 0.01 s
[  746/31251] HTTPHeaderTest#test_type_params = 0.02 s
[  747/31251] HTTPRequestTest#test_header_set = 0.03 s
[  748/31251] HTTPRequestTest#test_initialize_GET = 0.02 s
[  749/31251] HTTPRequestTest#test_initialize_GET_range = 0.02 s
[  750/31251] HTTPRequestTest#test_initialize_GET_uri = 0.08 s
[  751/31251] HTTPRequestTest#test_initialize_HEAD = 0.02 s
[  752/31251] HTTPRequestTest#test_initialize_accept_encoding = 0.02 s
[  753/31251] HTTPResponseTest#test_allow_empty_reason_code = 0.05 s
[  754/31251] HTTPResponseTest#test_allow_trailing_space_after_status = 0.02 s
[  755/31251] HTTPResponseTest#test_ensure_zero_space_does_not_regress = 0.02 s
[  756/31251] HTTPResponseTest#test_inspect_response = 0.03 s
[  757/31251] HTTPResponseTest#test_multiline_header = 0.03 s
[  758/31251] HTTPResponseTest#test_normal_status_line = 0.02 s
[  759/31251] HTTPResponseTest#test_raises_exception_with_missing_reason = 0.03 s
[  760/31251] HTTPResponseTest#test_read_body = 0.03 s
[  761/31251] HTTPResponseTest#test_read_body_block = 0.03 s
[  762/31251] HTTPResponseTest#test_read_body_block_mod = 1.27 s
[  763/31251] HTTPResponseTest#test_read_body_body_encoding_encoding = 0.03 s
[  764/31251] HTTPResponseTest#test_read_body_body_encoding_false = 0.03 s
[  765/31251] HTTPResponseTest#test_read_body_body_encoding_string = 0.02 s
[  766/31251] HTTPResponseTest#test_read_body_body_encoding_true_with_iso8859_1_meta_charset = 0.11
s
[  767/31251] HTTPResponseTest#test_read_body_body_encoding_true_with_iso8859_1_meta_content_charset
 = 0.09 s
[  768/31251] HTTPResponseTest#test_read_body_body_encoding_true_with_iso_8859_1_content_type_header
 = 0.04 s
[  769/31251] HTTPResponseTest#test_read_body_body_encoding_true_with_utf8_content_type_header = 0.0
4 s
[  770/31251] HTTPResponseTest#test_read_body_body_encoding_true_with_utf8_meta_charset = 0.09 s
[  771/31251] HTTPResponseTest#test_read_body_body_encoding_true_with_utf8_meta_content_charset = 0.
09 s
[  772/31251] HTTPResponseTest#test_read_body_body_encoding_true_without_content_type_header = 0.03
s
[  773/31251] HTTPResponseTest#test_read_body_content_encoding_deflate = 0.06 s
[  774/31251] HTTPResponseTest#test_read_body_content_encoding_deflate_chunked = 0.08 s
[  775/31251] HTTPResponseTest#test_read_body_content_encoding_deflate_content_range = 0.06 s
[  776/31251] HTTPResponseTest#test_read_body_content_encoding_deflate_disabled = 0.05 s
[  777/31251] HTTPResponseTest#test_read_body_content_encoding_deflate_empty_body = 0.03 s
[  778/31251] HTTPResponseTest#test_read_body_content_encoding_deflate_empty_body_no_length = 0.03 s
[  779/31251] HTTPResponseTest#test_read_body_content_encoding_deflate_no_length = 0.03 s
[  780/31251] HTTPResponseTest#test_read_body_content_encoding_deflate_uppercase = 0.03 s
[  781/31251] HTTPResponseTest#test_read_body_outside_of_reading_body = 0.02 s
[  782/31251] HTTPResponseTest#test_read_body_receiving_no_body = 0.02 s
[  783/31251] HTTPResponseTest#test_read_body_string = 0.02 s
[  784/31251] HTTPResponseTest#test_read_code_type = 0.02 s
[  785/31251] HTTPResponseTest#test_singleline_header = 0.02 s
[  786/31251] HTTPResponseTest#test_uri_equals = 0.02 s
[  787/31251] HTTPResponsesTest#test_status_code_classes = 0.13 s
[  788/31251] HTTPSProxyTest#test_https_proxy_authentication = 0.32 s
[  789/31251] HTTPSProxyTest#test_https_proxy_ssl_connection = 1.43 s
[  790/31251] HumanTypoTest#test_changes = 0.03 s
[  791/31251] HumanTypoTest#test_check_input = 0.01 s
[  792/31251] JSONAdditionTest#test_core = 0.15 s
[  793/31251] JSONAdditionTest#test_deprecated_load_create_additions = 0.02 s
[  794/31251] JSONAdditionTest#test_extended_json = 0.02 s
[  795/31251] JSONAdditionTest#test_extended_json_default = 0.01 s
[  796/31251] JSONAdditionTest#test_extended_json_disabled = 0.02 s
[  797/31251] JSONAdditionTest#test_extended_json_fail1 = 0.01 s
[  798/31251] JSONAdditionTest#test_extended_json_fail2 = 0.02 s
[  799/31251] JSONAdditionTest#test_ostruct = 0.03 s
[  800/31251] JSONAdditionTest#test_rational_complex = 0.02 s
[  801/31251] JSONAdditionTest#test_raw_strings = 0.06 s
[  802/31251] JSONAdditionTest#test_set = 0.03 s
[  803/31251] JSONAdditionTest#test_utc_datetime = 0.06 s
[  804/31251] JSONCommonInterfaceTest#test_JSON = 0.03 s
[  805/31251] JSONCommonInterfaceTest#test_create_id = 0.01 s
[  806/31251] JSONCommonInterfaceTest#test_deep_const_get = 0.02 s
[  807/31251] JSONCommonInterfaceTest#test_dump = 0.25 s
[  808/31251] JSONCommonInterfaceTest#test_dump_in_io = 2.81 s
[  809/31251] JSONCommonInterfaceTest#test_dump_should_modify_defaults = 0.01 s
[  810/31251] JSONCommonInterfaceTest#test_fast_generate = 0.01 s
[  811/31251] JSONCommonInterfaceTest#test_generate = 0.01 s
[  812/31251] JSONCommonInterfaceTest#test_generator = 0.01 s
[  813/31251] JSONCommonInterfaceTest#test_index = 0.02 s
[  814/31251] JSONCommonInterfaceTest#test_load = 0.05 s
[  815/31251] JSONCommonInterfaceTest#test_load_file = 0.03 s
[  816/31251] JSONCommonInterfaceTest#test_load_file! = 0.03 s
[  817/31251] JSONCommonInterfaceTest#test_load_file_with_bad_default_external_encoding = 0.03 s
[  818/31251] JSONCommonInterfaceTest#test_load_file_with_option = 0.03 s
[  819/31251] JSONCommonInterfaceTest#test_load_file_with_option! = 0.03 s
[  820/31251] JSONCommonInterfaceTest#test_load_null = 0.02 s
[  821/31251] JSONCommonInterfaceTest#test_load_with_options = 0.01 s
[  822/31251] JSONCommonInterfaceTest#test_load_with_proc = 0.02 s
[  823/31251] JSONCommonInterfaceTest#test_parse = 0.01 s
[  824/31251] JSONCommonInterfaceTest#test_parse_bang = 0.01 s
[  825/31251] JSONCommonInterfaceTest#test_parser = 0.01 s
[  826/31251] JSONCommonInterfaceTest#test_pretty_generate = 0.01 s
[  827/31251] JSONCommonInterfaceTest#test_state = 0.01 s
[  828/31251] JSONEncodingTest#test_chars = 0.26 s
[  829/31251] JSONEncodingTest#test_generate = 0.01 s
[  830/31251] JSONEncodingTest#test_parse = 0.02 s
[  831/31251] JSONEncodingTest#test_unicode = 0.04 s
[  832/31251] JSONExtParserTest#test_allocate = 0.02 s
[  833/31251] JSONExtParserTest#test_error_messages = 0.02 s
[  834/31251] JSONExtParserTest#test_gc_stress = 0.02 s
[  835/31251] JSONExtParserTest#test_gc_stress_parser_new = 0.01 s
[  836/31251] JSONFixturesTest#test_failing = 0.20 s
[  837/31251] JSONFixturesTest#test_passing = 0.13 s
[  838/31251] JSONFixturesTest#test_sanity = 0.11 s
[  839/31251] JSONGeneratorTest#test_allow_nan = 0.19 s
[  840/31251] JSONGeneratorTest#test_array_subclass_with_to_json = 0.02 s
[  841/31251] JSONGeneratorTest#test_array_subclass_with_to_s = 0.01 s
[  842/31251] JSONGeneratorTest#test_backslash = 0.02 s
[  843/31251] JSONGeneratorTest#test_broken_bignum = 11.01 s
[  844/31251] JSONGeneratorTest#test_buffer_initial_length = 0.02 s
[  845/31251] JSONGeneratorTest#test_configure_hash_conversion = 0.02 s
[  846/31251] JSONGeneratorTest#test_configure_using_configure_and_merge = 0.02 s
[  847/31251] JSONGeneratorTest#test_custom_object_as_keys = 0.04 s
[  848/31251] JSONGeneratorTest#test_depth = 0.11 s
[  849/31251] JSONGeneratorTest#test_dump_strict = 0.02 s
[  850/31251] JSONGeneratorTest#test_dump_unenclosed_hash = 0.01 s
[  851/31251] JSONGeneratorTest#test_falsy_state = 0.01 s
[  852/31251] JSONGeneratorTest#test_fast_generate = 0.03 s
[  853/31251] JSONGeneratorTest#test_fast_state = 0.03 s
[  854/31251] JSONGeneratorTest#test_gc = 669.27 s
[  855/31251] JSONGeneratorTest#test_generate = 0.03 s
[  856/31251] JSONGeneratorTest#test_generate_custom = 0.01 s
[  857/31251] JSONGeneratorTest#test_generate_pretty = 0.03 s
[  858/31251] JSONGeneratorTest#test_hash_likeness_set_string = 0.04 s
[  859/31251] JSONGeneratorTest#test_hash_likeness_set_symbol = 0.02 s
[  860/31251] JSONGeneratorTest#test_hash_subclass_with_to_json = 0.03 s
[  861/31251] JSONGeneratorTest#test_hash_subclass_with_to_s = 0.02 s
[  862/31251] JSONGeneratorTest#test_invalid_encoding_string = 0.15 s
[  863/31251] JSONGeneratorTest#test_json_generate = 0.03 s
[  864/31251] JSONGeneratorTest#test_json_generate_unsupported_types = 0.03 s
[  865/31251] JSONGeneratorTest#test_nesting = 0.18 s
[  866/31251] JSONGeneratorTest#test_nonutf8_encoding = 0.02 s
[  867/31251] JSONGeneratorTest#test_own_state = 0.02 s
[  868/31251] JSONGeneratorTest#test_pretty_state = 0.02 s
[  869/31251] JSONGeneratorTest#test_safe_state = 0.02 s
[  870/31251] JSONGeneratorTest#test_states = 0.12 s
[  871/31251] JSONGeneratorTest#test_string_ext_included_calls_super = 0.03 s
[  872/31251] JSONGeneratorTest#test_string_subclass = 0.01 s
[  873/31251] JSONGeneratorTest#test_string_subclass_as_keys = 0.01 s
[  874/31251] JSONGeneratorTest#test_string_subclass_with_to_json = 0.01 s
[  875/31251] JSONGeneratorTest#test_string_subclass_with_to_s = 0.02 s
[  876/31251] JSONGeneratorTest#test_to_json_called_with_state_object = 0.02 s
[  877/31251] JSONGeneratorTest#test_valid_utf8_in_different_encoding = 0.02 s
[  878/31251] JSONGenericObjectTest#test_attributes = 0.17 s
[  879/31251] JSONGenericObjectTest#test_from_hash = 0.05 s
[  880/31251] JSONGenericObjectTest#test_generate_json = 0.03 s
[  881/31251] JSONGenericObjectTest#test_json_generic_object_load = 0.05 s
[  882/31251] JSONGenericObjectTest#test_parse_json = 0.06 s
[  883/31251] JSONInRactorTest#test_generate = 38.41 s
[  884/31251] JSONParserTest#test_argument_encoding_for_binary_unmodified = 0.03 s
[  885/31251] JSONParserTest#test_argument_encoding_unmodified = 0.01 s
[  886/31251] JSONParserTest#test_backslash = 0.01 s
[  887/31251] JSONParserTest#test_construction = 0.01 s
[  888/31251] JSONParserTest#test_error_message_encoding = 0.02 s
[  889/31251] JSONParserTest#test_freeze = 0.02 s
[  890/31251] JSONParserTest#test_generate_core_subclasses_with_default_to_json = 0.02 s
[  891/31251] JSONParserTest#test_generate_core_subclasses_with_new_to_json = 0.03 s
[  892/31251] JSONParserTest#test_generate_of_core_subclasses = 0.02 s
[  893/31251] JSONParserTest#test_nesting = 0.21 s
[  894/31251] JSONParserTest#test_parse_array_custom_array_derived_class = 0.01 s
[  895/31251] JSONParserTest#test_parse_array_custom_non_array_derived_class = 0.01 s
[  896/31251] JSONParserTest#test_parse_arrays = 0.02 s
[  897/31251] JSONParserTest#test_parse_arrays_with_allow_trailing_comma = 0.05 s
[  898/31251] JSONParserTest#test_parse_big_integers = 0.02 s
[  899/31251] JSONParserTest#test_parse_broken_string = 0.03 s
[  900/31251] JSONParserTest#test_parse_comments = 0.02 s
[  901/31251] JSONParserTest#test_parse_complex_objects = 4.79 s
[  902/31251] JSONParserTest#test_parse_error_incomplete_hash = 0.02 s
[  903/31251] JSONParserTest#test_parse_error_message_length = 0.01 s
[  904/31251] JSONParserTest#test_parse_generic_object = 0.03 s
[  905/31251] JSONParserTest#test_parse_json_primitive_values = 0.03 s
[  906/31251] JSONParserTest#test_parse_more_complex_arrays = 2.65 s
[  907/31251] JSONParserTest#test_parse_numbers = 0.05 s
[  908/31251] JSONParserTest#test_parse_object = 0.01 s
[  909/31251] JSONParserTest#test_parse_object_custom_hash_derived_class = 0.02 s
[  910/31251] JSONParserTest#test_parse_object_custom_non_hash_derived_class = 0.02 s
[  911/31251] JSONParserTest#test_parse_object_with_allow_trailing_comma = 0.05 s
[  912/31251] JSONParserTest#test_parse_simple_arrays = 0.02 s
[  913/31251] JSONParserTest#test_parse_simple_objects = 0.82 s
[  914/31251] JSONParserTest#test_parse_some_strings = 0.01 s
[  915/31251] JSONParserTest#test_parse_string_mixed_unicode = 0.01 s
[  916/31251] JSONParserTest#test_parse_values = 0.02 s
[  917/31251] JSONParserTest#test_parser_reset = 0.01 s
[  918/31251] JSONParserTest#test_parsing = 0.01 s
[  919/31251] JSONParserTest#test_parsing_frozen_ascii8bit_string = 0.01 s
[  920/31251] JSONParserTest#test_some_wrong_inputs = 0.04 s
[  921/31251] JSONParserTest#test_symbolize_names = 0.01 s
[  922/31251] JSONStringMatchingTest#test_match_date = 0.05 s
[  923/31251] JaroWinklerTest#test_jaro_winkler_distance = 0.08 s
[  924/31251] JaroWinklerTest#test_jarowinkler_distance_with_utf8_strings = 0.03 s
[  925/31251] KeyNameCheckTest#test_correct_symbolized_hash_keys_with_string_value = 0.04 s
[  926/31251] KeyNameCheckTest#test_corrects_env_key_name = 0.12 s
[  927/31251] KeyNameCheckTest#test_corrects_hash_key_name_with_fetch = 0.05 s
[  928/31251] KeyNameCheckTest#test_corrects_hash_key_name_with_fetch_values = 0.05 s
[  929/31251] KeyNameCheckTest#test_corrects_sprintf_key_name = 0.03 s
[  930/31251] MethodNameCheckTest#test_corrections_include_class_method = 0.92 s
[  931/31251] MethodNameCheckTest#test_corrections_include_instance_method = 0.92 s
[  932/31251] MethodNameCheckTest#test_corrections_include_method_from_module = 1.02 s
[  933/31251] MethodNameCheckTest#test_corrections_include_private_method = 0.72 s
[  934/31251] MethodNameCheckTest#test_corrections_when_private_method_is_called_with_args = 1.58 s
[  935/31251] MethodNameCheckTest#test_does_not_append_suggestions_three_times = 2.38 s
[  936/31251] MethodNameCheckTest#test_does_not_append_suggestions_twice = 0.88 s
[  937/31251] MethodNameCheckTest#test_does_not_exclude_custom_methods_on_nil = 0.33 s
[  938/31251] MethodNameCheckTest#test_does_not_suggest_reader = 0.39 s
[  939/31251] MethodNameCheckTest#test_does_not_suggest_writer = 0.70 s
[  940/31251] MethodNameCheckTest#test_does_not_suggest_yield = 0.91 s
[  941/31251] MethodNameCheckTest#test_exclude_methods_on_nil = 0.23 s
[  942/31251] MethodNameCheckTest#test_private_methods_should_not_be_suggested = 1.92 s
[  943/31251] MethodNameCheckTest#test_suggests_corrections_on_nested_error = 0.87 s
[  944/31251] MethodNameCheckTest#test_suggests_yield = 2.54 s
[  945/31251] NameErrorExtensionTest#test_correctable_error_objects_are_dumpable = 1.25 s
[  946/31251] NameErrorExtensionTest#test_message = 0.15 s
[  947/31251] NameErrorExtensionTest#test_to_s_does_not_make_disruptive_changes_to_error_message = 0
.26 s
[  948/31251] Net::TestBufferedIO#test_eof? = 0.02 s
[  949/31251] OpenSSL::OSSL#test_error_data = 4.05 s
[  950/31251] OpenSSL::OSSL#test_fixed_length_secure_compare = 3.74 s
[  951/31251] OpenSSL::OSSL#test_memcmp_timing = 137.51 s
[  952/31251] OpenSSL::OSSL#test_secure_compare = 3.79 s
[  953/31251] OpenSSL::TestASN1#test_basic_asn1data = 0.21 s
[  954/31251] OpenSSL::TestASN1#test_basic_constructed = 0.06 s
[  955/31251] OpenSSL::TestASN1#test_basic_primitive = 0.04 s
[  956/31251] OpenSSL::TestASN1#test_bitstring = 0.05 s
[  957/31251] OpenSSL::TestASN1#test_boolean = 0.04 s
[  958/31251] OpenSSL::TestASN1#test_cons_explicit_tagging = 0.02 s
[  959/31251] OpenSSL::TestASN1#test_cons_implicit_tagging = 0.02 s
[  960/31251] OpenSSL::TestASN1#test_constructive_each = 0.01 s
[  961/31251] OpenSSL::TestASN1#test_decode_all = 0.03 s
[  962/31251] OpenSSL::TestASN1#test_decode_constructed_overread = 0.02 s
[  963/31251] OpenSSL::TestASN1#test_decode_x509_certificate = 0.73 s
[  964/31251] OpenSSL::TestASN1#test_end_of_content = 0.02 s
[  965/31251] OpenSSL::TestASN1#test_enumerated = 0.05 s
[  966/31251] OpenSSL::TestASN1#test_generalizedtime = 0.04 s
[  967/31251] OpenSSL::TestASN1#test_integer = 0.08 s
[  968/31251] OpenSSL::TestASN1#test_null = 0.02 s
[  969/31251] OpenSSL::TestASN1#test_object_id_register = 0.03 s
[  970/31251] OpenSSL::TestASN1#test_object_identifier = 0.10 s
[  971/31251] OpenSSL::TestASN1#test_object_identifier_equality = 0.04 s
[  972/31251] OpenSSL::TestASN1#test_octet_string_constructed_tagging = 0.02 s
[  973/31251] OpenSSL::TestASN1#test_prim_explicit_tagging = 0.02 s
[  974/31251] OpenSSL::TestASN1#test_prim_implicit_tagging = 0.02 s
[  975/31251] OpenSSL::TestASN1#test_recursive_octet_string_indefinite_length = 0.03 s
[  976/31251] OpenSSL::TestASN1#test_recursive_octet_string_parse = 0.04 s
[  977/31251] OpenSSL::TestASN1#test_sequence = 0.08 s
[  978/31251] OpenSSL::TestASN1#test_set = 0.07 s
[  979/31251] OpenSSL::TestASN1#test_string_basic = 0.28 s
[  980/31251] OpenSSL::TestASN1#test_utctime = 0.03 s
[  981/31251] OpenSSL::TestBN#test_abs = 0.03 s
[  982/31251] OpenSSL::TestBN#test_argument_error = 0.02 s
[  983/31251] OpenSSL::TestBN#test_bit_operations = 0.03 s
[  984/31251] OpenSSL::TestBN#test_coerce = 0.02 s
[  985/31251] OpenSSL::TestBN#test_comparison = 0.02 s
[  986/31251] OpenSSL::TestBN#test_exp = 0.01 s
[  987/31251] OpenSSL::TestBN#test_four_ops = 0.03 s
[  988/31251] OpenSSL::TestBN#test_gcd = 0.02 s
[  989/31251] OpenSSL::TestBN#test_get_flags_and_set_flags = 0.02 s
[  990/31251] OpenSSL::TestBN#test_mod = 0.02 s
[  991/31251] OpenSSL::TestBN#test_mod_add = 0.01 s
[  992/31251] OpenSSL::TestBN#test_mod_exp = 0.02 s
[  993/31251] OpenSSL::TestBN#test_mod_inverse = 0.02 s
[  994/31251] OpenSSL::TestBN#test_mod_mul = 0.01 s
[  995/31251] OpenSSL::TestBN#test_mod_sqr = 0.01 s
[  996/31251] OpenSSL::TestBN#test_mod_sqrt = 0.02 s
[  997/31251] OpenSSL::TestBN#test_mod_sub = 0.01 s
[  998/31251] OpenSSL::TestBN#test_negative_p = 0.01 s
[  999/31251] OpenSSL::TestBN#test_new = 0.05 s
[ 1000/31251] OpenSSL::TestBN#test_num_bits_bytes = 0.02 s
[ 1001/31251] OpenSSL::TestBN#test_odd_p = 0.01 s
[ 1002/31251] OpenSSL::TestBN#test_one_p = 0.01 s
[ 1003/31251] OpenSSL::TestBN#test_random = 0.11 s
[ 1004/31251] OpenSSL::TestBN#test_sqr = 0.01 s
[ 1005/31251] OpenSSL::TestBN#test_to_int = 0.02 s
[ 1006/31251] OpenSSL::TestBN#test_to_str = 0.03 s
[ 1007/31251] OpenSSL::TestBN#test_unary_plus_minus = 0.02 s
[ 1008/31251] OpenSSL::TestBN#test_zero_p = 0.01 s
[ 1009/31251] OpenSSL::TestBuffering#test_each_byte = 0.03 s
[ 1010/31251] OpenSSL::TestBuffering#test_encoding = 0.02 s
[ 1011/31251] OpenSSL::TestBuffering#test_flush = 0.02 s
[ 1012/31251] OpenSSL::TestBuffering#test_flush_error = 0.02 s
[ 1013/31251] OpenSSL::TestBuffering#test_getc = 0.02 s
[ 1014/31251] OpenSSL::TestCipher#test_AES = 3.46 s
[ 1015/31251] OpenSSL::TestCipher#test_aes_ccm = 0.06 s
[ 1016/31251] OpenSSL::TestCipher#test_aes_gcm = 0.04 s
[ 1017/31251] OpenSSL::TestCipher#test_aes_gcm_key_iv_order_issue = 0.01 s
[ 1018/31251] OpenSSL::TestCipher#test_aes_gcm_variable_iv_len = 0.02 s
[ 1019/31251] OpenSSL::TestCipher#test_aes_keywrap_pad = 0.01 s
[ 1020/31251] OpenSSL::TestCipher#test_aes_ocb_tag_len = 0.03 s
[ 1021/31251] OpenSSL::TestCipher#test_authenticated = 0.01 s
[ 1022/31251] OpenSSL::TestCipher#test_ciphers = 0.02 s
[ 1023/31251] OpenSSL::TestCipher#test_crypt_after_key = 0.04 s
[ 1024/31251] OpenSSL::TestCipher#test_ctr_if_exists = 0.02 s
[ 1025/31251] OpenSSL::TestCipher#test_dup = 0.02 s
[ 1026/31251] OpenSSL::TestCipher#test_encrypt_decrypt = 0.02 s
[ 1027/31251] OpenSSL::TestCipher#test_info = 0.01 s
[ 1028/31251] OpenSSL::TestCipher#test_initialize = 0.02 s
[ 1029/31251] OpenSSL::TestCipher#test_key_iv_set = 0.02 s
[ 1030/31251] OpenSSL::TestCipher#test_non_aead_cipher_set_auth_data = 0.01 s
[ 1031/31251] OpenSSL::TestCipher#test_pkcs5_keyivgen = 3.21 s
[ 1032/31251] OpenSSL::TestCipher#test_random_key_iv = 0.02 s
[ 1033/31251] OpenSSL::TestCipher#test_reset = 0.01 s
[ 1034/31251] OpenSSL::TestCipher#test_update_raise_if_key_not_set = 0.01 s
[ 1035/31251] OpenSSL::TestCipher#test_update_with_buffer = 0.02 s
[ 1036/31251] OpenSSL::TestConfig#test_aref = 0.05 s
[ 1037/31251] OpenSSL::TestConfig#test_constants = 0.04 s
[ 1038/31251] OpenSSL::TestConfig#test_dup = 0.04 s
[ 1039/31251] OpenSSL::TestConfig#test_each = 0.03 s
[ 1040/31251] OpenSSL::TestConfig#test_get_value = 0.03 s
[ 1041/31251] OpenSSL::TestConfig#test_get_value_ENV = 0.03 s
[ 1042/31251] OpenSSL::TestConfig#test_initialize = 0.03 s
[ 1043/31251] OpenSSL::TestConfig#test_initialize_with_empty_file = 0.04 s
[ 1044/31251] OpenSSL::TestConfig#test_initialize_with_example_file = 0.03 s
[ 1045/31251] OpenSSL::TestConfig#test_inspect = 0.03 s
[ 1046/31251] OpenSSL::TestConfig#test_s_load = 0.04 s
[ 1047/31251] OpenSSL::TestConfig#test_s_parse = 0.03 s
[ 1048/31251] OpenSSL::TestConfig#test_s_parse_config = 0.03 s
[ 1049/31251] OpenSSL::TestConfig#test_s_parse_format = 0.12 s
[ 1050/31251] OpenSSL::TestConfig#test_s_parse_include = 0.10 s
[ 1051/31251] OpenSSL::TestConfig#test_sections = 0.04 s
[ 1052/31251] OpenSSL::TestConfig#test_to_s = 0.02 s
[ 1053/31251] OpenSSL::TestDigest#test_digest = 0.03 s
[ 1054/31251] OpenSSL::TestDigest#test_digest_by_oid_and_name = 0.03 s
[ 1055/31251] OpenSSL::TestDigest#test_digest_by_oid_and_name_sha2 = 0.03 s
[ 1056/31251] OpenSSL::TestDigest#test_digest_constants = 0.03 s
[ 1057/31251] OpenSSL::TestDigest#test_digests = 0.02 s
[ 1058/31251] OpenSSL::TestDigest#test_dup = 0.02 s
[ 1059/31251] OpenSSL::TestDigest#test_eql = 0.01 s
[ 1060/31251] OpenSSL::TestDigest#test_info = 0.01 s
[ 1061/31251] OpenSSL::TestDigest#test_openssl_digest = 0.02 s
[ 1062/31251] OpenSSL::TestDigest#test_reset = 0.01 s
[ 1063/31251] OpenSSL::TestDigest#test_sha2 = 0.03 s
[ 1064/31251] OpenSSL::TestDigest#test_sha3 = 0.02 s
[ 1065/31251] OpenSSL::TestDigest#test_sha512_truncate = 0.02 s
[ 1066/31251] OpenSSL::TestEC#test_ECPrivateKey = 0.72 s
[ 1067/31251] OpenSSL::TestEC#test_ECPrivateKey_encrypted = 1.62 s
[ 1068/31251] OpenSSL::TestEC#test_ECPrivateKey_with_parameters = 0.66 s
[ 1069/31251] OpenSSL::TestEC#test_PUBKEY = 1.11 s
[ 1070/31251] OpenSSL::TestEC#test_builtin_curves = 0.03 s
[ 1071/31251] OpenSSL::TestEC#test_check_key = 1.31 s
[ 1072/31251] OpenSSL::TestEC#test_dh_compute_key = 0.40 s
[ 1073/31251] OpenSSL::TestEC#test_dsa_sign_asn1_FIPS186_3 = 0.04 s
[ 1074/31251] OpenSSL::TestEC#test_ec_group = 0.05 s
[ 1075/31251] OpenSSL::TestEC#test_ec_key = 0.21 s
[ 1076/31251] OpenSSL::TestEC#test_ec_point = 0.06 s
[ 1077/31251] OpenSSL::TestEC#test_ec_point_add = 0.02 s
[ 1078/31251] OpenSSL::TestEC#test_ec_point_mul = 0.32 s
[ 1079/31251] OpenSSL::TestEC#test_generate = 0.02 s
[ 1080/31251] OpenSSL::TestEC#test_marshal = 0.43 s
[ 1081/31251] OpenSSL::TestEC#test_sign_verify = 0.34 s
[ 1082/31251] OpenSSL::TestEC#test_sign_verify_raw = 0.41 s
[ 1083/31251] OpenSSL::TestEOF1#test_eof_0 = 13.50 s
[ 1084/31251] OpenSSL::TestEOF1#test_eof_0_rw = 1.44 s
[ 1085/31251] OpenSSL::TestEOF1#test_eof_1 = 5.82 s
[ 1086/31251] OpenSSL::TestEOF1#test_eof_2 = 1.83 s
[ 1087/31251] OpenSSL::TestEOF1#test_eof_3 = 3.66 s
[ 1088/31251] OpenSSL::TestEOF1#test_getbyte_eof = 1.81 s
[ 1089/31251] OpenSSL::TestEOF1#test_readbyte_eof = 1.80 s
[ 1090/31251] OpenSSL::TestEOF1LowlevelSocket#test_eof_0 = 3.28 s
[ 1091/31251] OpenSSL::TestEOF1LowlevelSocket#test_eof_0_rw = 1.26 s
[ 1092/31251] OpenSSL::TestEOF1LowlevelSocket#test_eof_1 = 25.89 s
[ 1093/31251] OpenSSL::TestEOF1LowlevelSocket#test_eof_2 = 1.75 s
[ 1094/31251] OpenSSL::TestEOF1LowlevelSocket#test_eof_3 = 1.50 s
[ 1095/31251] OpenSSL::TestEOF1LowlevelSocket#test_getbyte_eof = 1.52 s
[ 1096/31251] OpenSSL::TestEOF1LowlevelSocket#test_readbyte_eof = 1.49 s
[ 1097/31251] OpenSSL::TestEOF2#test_eof_0 = 12.24 s
[ 1098/31251] OpenSSL::TestEOF2#test_eof_0_rw = 1.35 s
[ 1099/31251] OpenSSL::TestEOF2#test_eof_1 = 4.63 s
[ 1100/31251] OpenSSL::TestEOF2#test_eof_2 = 1.44 s
[ 1101/31251] OpenSSL::TestEOF2#test_eof_3 = 1.47 s
[ 1102/31251] OpenSSL::TestEOF2#test_getbyte_eof = 1.49 s
[ 1103/31251] OpenSSL::TestEOF2#test_readbyte_eof = 10.21 s
[ 1104/31251] OpenSSL::TestEOF2LowlevelSocket#test_eof_0 = 2.72 s
[ 1105/31251] OpenSSL::TestEOF2LowlevelSocket#test_eof_0_rw = 0.98 s
[ 1106/31251] OpenSSL::TestEOF2LowlevelSocket#test_eof_1 = 4.52 s
[ 1107/31251] OpenSSL::TestEOF2LowlevelSocket#test_eof_2 = 1.45 s
[ 1108/31251] OpenSSL::TestEOF2LowlevelSocket#test_eof_3 = 1.46 s
[ 1109/31251] OpenSSL::TestEOF2LowlevelSocket#test_getbyte_eof = 1.50 s
[ 1110/31251] OpenSSL::TestEOF2LowlevelSocket#test_readbyte_eof = 20.18 s
[ 1111/31251] OpenSSL::TestFIPS#test_fips_mode_get_is_false_on_fips_mode_disabled = 17.01 s
[ 1112/31251] OpenSSL::TestFIPS#test_fips_mode_get_is_true_on_fips_mode_enabled = 0.06 s
[ 1113/31251] OpenSSL::TestFIPS#test_fips_mode_get_with_fips_mode_set = 16.93 s
[ 1114/31251] OpenSSL::TestFIPS#test_fips_mode_is_reentrant = 16.71 s
[ 1115/31251] OpenSSL::TestHMAC#test_binary_update = 0.06 s
[ 1116/31251] OpenSSL::TestHMAC#test_dup = 0.06 s
[ 1117/31251] OpenSSL::TestHMAC#test_eq = 0.09 s
[ 1118/31251] OpenSSL::TestHMAC#test_hmac = 0.04 s
[ 1119/31251] OpenSSL::TestHMAC#test_reset_keep_key = 0.02 s
[ 1120/31251] OpenSSL::TestHMAC#test_singleton_methods = 0.03 s
[ 1121/31251] OpenSSL::TestHMAC#test_zero_length_key = 0.03 s
[ 1122/31251] OpenSSL::TestKDF#test_hkdf_rfc5869_test_case_1 = 0.05 s
[ 1123/31251] OpenSSL::TestKDF#test_hkdf_rfc5869_test_case_3 = 0.02 s
[ 1124/31251] OpenSSL::TestKDF#test_hkdf_rfc5869_test_case_4 = 0.02 s
[ 1125/31251] OpenSSL::TestKDF#test_pbkdf2_hmac_sha1_rfc6070_c_1_len_20 = 0.02 s
[ 1126/31251] OpenSSL::TestKDF#test_pbkdf2_hmac_sha1_rfc6070_c_2_len_20 = 0.02 s
[ 1127/31251] OpenSSL::TestKDF#test_pbkdf2_hmac_sha1_rfc6070_c_4096_len_16 = 0.60 s
[ 1128/31251] OpenSSL::TestKDF#test_pbkdf2_hmac_sha1_rfc6070_c_4096_len_20 = 0.44 s
[ 1129/31251] OpenSSL::TestKDF#test_pbkdf2_hmac_sha1_rfc6070_c_4096_len_25 = 0.81 s
[ 1130/31251] OpenSSL::TestKDF#test_pbkdf2_hmac_sha256_c_20000_len_32 = 4.58 s
[ 1131/31251] OpenSSL::TestKDF#test_pkcs5_pbkdf2_hmac_compatibility = 0.04 s
[ 1132/31251] OpenSSL::TestKDF#test_scrypt_rfc7914_first = 0.02 s
[ 1133/31251] OpenSSL::TestKDF#test_scrypt_rfc7914_second = 1.20 s
[ 1134/31251] OpenSSL::TestNSSPI#test_build_data = 2.33 s
[ 1135/31251] OpenSSL::TestNSSPI#test_decode_data = 0.07 s
[ 1136/31251] OpenSSL::TestOCSP#test_basic_response_der = 2.45 s
[ 1137/31251] OpenSSL::TestOCSP#test_basic_response_dup = 2.23 s
[ 1138/31251] OpenSSL::TestOCSP#test_basic_response_response_operations = 2.06 s
[ 1139/31251] OpenSSL::TestOCSP#test_basic_response_sign_verify = 2.23 s
[ 1140/31251] OpenSSL::TestOCSP#test_certificate_id_der = 2.03 s
[ 1141/31251] OpenSSL::TestOCSP#test_certificate_id_dup = 1.99 s
[ 1142/31251] OpenSSL::TestOCSP#test_certificate_id_hash_algorithm = 10.59 s
[ 1143/31251] OpenSSL::TestOCSP#test_certificate_id_issuer_key_hash = 2.11 s
[ 1144/31251] OpenSSL::TestOCSP#test_certificate_id_issuer_name_hash = 2.05 s
[ 1145/31251] OpenSSL::TestOCSP#test_new_certificate_id = 2.04 s
[ 1146/31251] OpenSSL::TestOCSP#test_request_der = 2.39 s
[ 1147/31251] OpenSSL::TestOCSP#test_request_dup = 2.00 s
[ 1148/31251] OpenSSL::TestOCSP#test_request_is_signed = 2.02 s
[ 1149/31251] OpenSSL::TestOCSP#test_request_nonce = 2.00 s
[ 1150/31251] OpenSSL::TestOCSP#test_request_sign_verify = 2.02 s
[ 1151/31251] OpenSSL::TestOCSP#test_response = 2.08 s
[ 1152/31251] OpenSSL::TestOCSP#test_response_der = 2.06 s
[ 1153/31251] OpenSSL::TestOCSP#test_response_dup = 2.04 s
[ 1154/31251] OpenSSL::TestOCSP#test_single_response_check_validity = 1.97 s
[ 1155/31251] OpenSSL::TestOCSP#test_single_response_der = 1.99 s
[ 1156/31251] OpenSSL::TestPKCS12#test_create_no_pass = 4.66 s
[ 1157/31251] OpenSSL::TestPKCS12#test_create_single_key_single_cert = 14.82 s
[ 1158/31251] OpenSSL::TestPKCS12#test_create_with_bad_nid = 2.85 s
[ 1159/31251] OpenSSL::TestPKCS12#test_create_with_chain = 3.32 s
[ 1160/31251] OpenSSL::TestPKCS12#test_create_with_chain_decode = 3.84 s
[ 1161/31251] OpenSSL::TestPKCS12#test_create_with_itr = 3.30 s
[ 1162/31251] OpenSSL::TestPKCS12#test_create_with_keytype = 3.36 s
[ 1163/31251] OpenSSL::TestPKCS12#test_create_with_mac_itr = 3.43 s
[ 1164/31251] OpenSSL::TestPKCS12#test_dup = 3.69 s
[ 1165/31251] OpenSSL::TestPKCS12#test_new_with_no_certs = 4.92 s
[ 1166/31251] OpenSSL::TestPKCS12#test_new_with_no_keys = 15.38 s
[ 1167/31251] OpenSSL::TestPKCS12#test_set_mac_pkcs12kdf = 3.81 s
[ 1168/31251] OpenSSL::TestPKCS7#test_degenerate_pkcs7 = 0.99 s
[ 1169/31251] OpenSSL::TestPKCS7#test_detached_sign = 1.16 s
[ 1170/31251] OpenSSL::TestPKCS7#test_empty_signed_data_ruby_bug_19974 = 0.97 s
[ 1171/31251] OpenSSL::TestPKCS7#test_enveloped = 1.08 s
[ 1172/31251] OpenSSL::TestPKCS7#test_graceful_parsing_failure = 1.00 s
[ 1173/31251] OpenSSL::TestPKCS7#test_set_type_data = 0.98 s
[ 1174/31251] OpenSSL::TestPKCS7#test_set_type_encrypted = 1.00 s
[ 1175/31251] OpenSSL::TestPKCS7#test_set_type_enveloped = 1.01 s
[ 1176/31251] OpenSSL::TestPKCS7#test_set_type_signed = 0.99 s
[ 1177/31251] OpenSSL::TestPKCS7#test_set_type_signed_and_enveloped = 1.00 s
[ 1178/31251] OpenSSL::TestPKCS7#test_signed = 1.36 s
[ 1179/31251] OpenSSL::TestPKCS7#test_signed_add_signer = 1.09 s
[ 1180/31251] OpenSSL::TestPKCS7#test_smime = 1.17 s
[ 1181/31251] OpenSSL::TestPKCS7#test_split_content = 1.04 s
[ 1182/31251] OpenSSL::TestPKCS7#test_to_text = 1.01 s
[ 1183/31251] OpenSSL::TestPKey#test_compare? = 1.63 s
[ 1184/31251] OpenSSL::TestPKey#test_ed25519 = 0.57 s
[ 1185/31251] OpenSSL::TestPKey#test_generic_oid_inspect = 0.92 s
[ 1186/31251] OpenSSL::TestPKey#test_hmac_sign_verify = 0.02 s
[ 1187/31251] OpenSSL::TestPKey#test_s_generate_key = 0.12 s
[ 1188/31251] OpenSSL::TestPKey#test_s_generate_parameters = 0.02 s
[ 1189/31251] OpenSSL::TestPKey#test_s_generate_parameters_with_block = 0.02 s
[ 1190/31251] OpenSSL::TestPKey#test_to_text = 0.34 s
[ 1191/31251] OpenSSL::TestPKey#test_x25519 = 0.52 s
[ 1192/31251] OpenSSL::TestPKeyDH#test_DHparams = 0.92 s
[ 1193/31251] OpenSSL::TestPKeyDH#test_derive_key = 1.57 s
[ 1194/31251] OpenSSL::TestPKeyDH#test_dup = 0.61 s
[ 1195/31251] OpenSSL::TestPKeyDH#test_marshal = 0.31 s
[ 1196/31251] OpenSSL::TestPKeyDH#test_new_break_on_fips = 0.03 s
[ 1197/31251] OpenSSL::TestPKeyDH#test_new_break_on_non_fips = 0.02 s
[ 1198/31251] OpenSSL::TestPKeyDH#test_new_empty = 0.01 s
[ 1199/31251] OpenSSL::TestPKeyDH#test_params_ok? = 0.31 s
[ 1200/31251] OpenSSL::TestPKeyDH#test_public_key = 11.74 s
[ 1201/31251] OpenSSL::TestPKeyDSA#test_DSAPrivateKey = 0.67 s
[ 1202/31251] OpenSSL::TestPKeyDSA#test_DSAPrivateKey_encrypted = 1.30 s
[ 1203/31251] OpenSSL::TestPKeyDSA#test_PUBKEY = 1.15 s
[ 1204/31251] OpenSSL::TestPKeyDSA#test_dup = 0.30 s
[ 1205/31251] OpenSSL::TestPKeyDSA#test_generate = 11.91 s
[ 1206/31251] OpenSSL::TestPKeyDSA#test_marshal = 0.53 s
[ 1207/31251] OpenSSL::TestPKeyDSA#test_new = 11.69 s
[ 1208/31251] OpenSSL::TestPKeyDSA#test_new_break = 0.02 s
[ 1209/31251] OpenSSL::TestPKeyDSA#test_private = 0.77 s
[ 1210/31251] OpenSSL::TestPKeyDSA#test_read_DSAPublicKey_pem = 0.02 s
[ 1211/31251] OpenSSL::TestPKeyDSA#test_sign_verify = 0.44 s
[ 1212/31251] OpenSSL::TestPKeyDSA#test_sign_verify_raw = 0.58 s
[ 1213/31251] OpenSSL::TestPKeyRSA#test_PUBKEY = 1.05 s
[ 1214/31251] OpenSSL::TestPKeyRSA#test_RSAPrivateKey = 2.41 s
[ 1215/31251] OpenSSL::TestPKeyRSA#test_RSAPrivateKey_encrypted = 1.89 s
[ 1216/31251] OpenSSL::TestPKeyRSA#test_RSAPublicKey = 0.52 s
[ 1217/31251] OpenSSL::TestPKeyRSA#test_dup = 0.35 s
[ 1218/31251] OpenSSL::TestPKeyRSA#test_encrypt_decrypt = 1.24 s
[ 1219/31251] OpenSSL::TestPKeyRSA#test_encrypt_decrypt_legacy = 1.92 s
[ 1220/31251] OpenSSL::TestPKeyRSA#test_export = 0.51 s
[ 1221/31251] OpenSSL::TestPKeyRSA#test_marshal = 0.57 s
[ 1222/31251] OpenSSL::TestPKeyRSA#test_new = 16.17 s
[ 1223/31251] OpenSSL::TestPKeyRSA#test_new_break = 0.04 s
[ 1224/31251] OpenSSL::TestPKeyRSA#test_new_public_exponent = 0.37 s
[ 1225/31251] OpenSSL::TestPKeyRSA#test_pem_passwd = 1.53 s
[ 1226/31251] OpenSSL::TestPKeyRSA#test_private = 1.11 s
[ 1227/31251] OpenSSL::TestPKeyRSA#test_private_encoding = 0.79 s
[ 1228/31251] OpenSSL::TestPKeyRSA#test_private_encoding_encrypted = 89.86 s
[ 1229/31251] OpenSSL::TestPKeyRSA#test_s_generate = 7.59 s
[ 1230/31251] OpenSSL::TestPKeyRSA#test_s_generate_public_exponent = 0.52 s
[ 1231/31251] OpenSSL::TestPKeyRSA#test_sign_verify = 12.28 s
[ 1232/31251] OpenSSL::TestPKeyRSA#test_sign_verify_options = 0.70 s
[ 1233/31251] OpenSSL::TestPKeyRSA#test_sign_verify_pss = 0.66 s
[ 1234/31251] OpenSSL::TestPKeyRSA#test_sign_verify_raw = 1.31 s
[ 1235/31251] OpenSSL::TestPKeyRSA#test_sign_verify_raw_legacy = 1.61 s
[ 1236/31251] OpenSSL::TestPKeyRSA#test_to_der = 0.56 s
[ 1237/31251] OpenSSL::TestPKeyRSA#test_verify_empty_rsa = 0.01 s
[ 1238/31251] OpenSSL::TestPair#test_connect_accept_nonblock = 2.04 s
[ 1239/31251] OpenSSL::TestPair#test_connect_accept_nonblock_no_exception = 1.50 s
[ 1240/31251] OpenSSL::TestPair#test_getbyte = 1.56 s
[ 1241/31251] OpenSSL::TestPair#test_getc = 1.56 s
[ 1242/31251] OpenSSL::TestPair#test_gets = 1.49 s
[ 1243/31251] OpenSSL::TestPair#test_gets_chomp = 1.56 s
[ 1244/31251] OpenSSL::TestPair#test_gets_eof_limit = 1.51 s
[ 1245/31251] OpenSSL::TestPair#test_multibyte_read_write = 1.51 s
[ 1246/31251] OpenSSL::TestPair#test_partial_tls_record_read_nonblock = 1.49 s
[ 1247/31251] OpenSSL::TestPair#test_puts_empty = 1.50 s
[ 1248/31251] OpenSSL::TestPair#test_read_nonblock = 1.51 s
[ 1249/31251] OpenSSL::TestPair#test_read_nonblock_no_exception = 1.78 s
[ 1250/31251] OpenSSL::TestPair#test_read_with_outbuf = 1.50 s
[ 1251/31251] OpenSSL::TestPair#test_readall = 1.52 s
[ 1252/31251] OpenSSL::TestPair#test_readbyte = 1.54 s
[ 1253/31251] OpenSSL::TestPair#test_readbyte_eof = 1.55 s
[ 1254/31251] OpenSSL::TestPair#test_readline = 1.54 s
[ 1255/31251] OpenSSL::TestPair#test_readpartial = 1.70 s
[ 1256/31251] OpenSSL::TestPair#test_write_multiple_arguments = 1.61 s
[ 1257/31251] OpenSSL::TestPair#test_write_nonblock = 1.65 s
[ 1258/31251] OpenSSL::TestPair#test_write_nonblock_no_exceptions = 1.64 s
[ 1259/31251] OpenSSL::TestPair#test_write_nonblock_retry = 1.70 s
[ 1260/31251] OpenSSL::TestPair#test_write_nonblock_with_buffered_data = 1.59 s
[ 1261/31251] OpenSSL::TestPair#test_write_nonblock_with_buffered_data_no_exceptions = 12.10 s
[ 1262/31251] OpenSSL::TestPair#test_write_zero = 1.55 s
[ 1263/31251] OpenSSL::TestPairLowlevelSocket#test_connect_accept_nonblock = 1.97 s
[ 1264/31251] OpenSSL::TestPairLowlevelSocket#test_connect_accept_nonblock_no_exception = 1.48 s
[ 1265/31251] OpenSSL::TestPairLowlevelSocket#test_getbyte = 1.56 s
[ 1266/31251] OpenSSL::TestPairLowlevelSocket#test_getc = 1.54 s
[ 1267/31251] OpenSSL::TestPairLowlevelSocket#test_gets = 1.56 s
[ 1268/31251] OpenSSL::TestPairLowlevelSocket#test_gets_chomp = 1.57 s
[ 1269/31251] OpenSSL::TestPairLowlevelSocket#test_gets_eof_limit = 1.56 s
[ 1270/31251] OpenSSL::TestPairLowlevelSocket#test_multibyte_read_write = 1.55 s
[ 1271/31251] OpenSSL::TestPairLowlevelSocket#test_partial_tls_record_read_nonblock = 1.56 s
[ 1272/31251] OpenSSL::TestPairLowlevelSocket#test_puts_empty = 1.55 s
[ 1273/31251] OpenSSL::TestPairLowlevelSocket#test_read_nonblock = 1.56 s
[ 1274/31251] OpenSSL::TestPairLowlevelSocket#test_read_nonblock_no_exception = 1.56 s
[ 1275/31251] OpenSSL::TestPairLowlevelSocket#test_read_with_outbuf = 1.56 s
[ 1276/31251] OpenSSL::TestPairLowlevelSocket#test_readall = 1.55 s
[ 1277/31251] OpenSSL::TestPairLowlevelSocket#test_readbyte = 1.56 s
[ 1278/31251] OpenSSL::TestPairLowlevelSocket#test_readbyte_eof = 13.18 s
[ 1279/31251] OpenSSL::TestPairLowlevelSocket#test_readline = 1.49 s
[ 1280/31251] OpenSSL::TestPairLowlevelSocket#test_readpartial = 1.55 s
[ 1281/31251] OpenSSL::TestPairLowlevelSocket#test_write_multiple_arguments = 1.52 s
[ 1282/31251] OpenSSL::TestPairLowlevelSocket#test_write_nonblock = 1.52 s
[ 1283/31251] OpenSSL::TestPairLowlevelSocket#test_write_nonblock_no_exceptions = 1.51 s
[ 1284/31251] OpenSSL::TestPairLowlevelSocket#test_write_nonblock_retry = 1.61 s
[ 1285/31251] OpenSSL::TestPairLowlevelSocket#test_write_nonblock_with_buffered_data = 1.48 s
[ 1286/31251] OpenSSL::TestPairLowlevelSocket#test_write_nonblock_with_buffered_data_no_exceptions =
 1.50 s
[ 1287/31251] OpenSSL::TestPairLowlevelSocket#test_write_zero = 1.43 s
[ 1288/31251] OpenSSL::TestProvider#test_openssl_legacy_provider = 18.41 s
[ 1289/31251] OpenSSL::TestProvider#test_openssl_provider_name_inspect = 16.83 s
[ 1290/31251] OpenSSL::TestProvider#test_openssl_provider_names = 16.80 s
[ 1291/31251] OpenSSL::TestProvider#test_unloaded_openssl_provider = 16.80 s
[ 1292/31251] OpenSSL::TestRandom#test_random_bytes = 0.03 s
[ 1293/31251] OpenSSL::TestSSL#test_accept_errors_include_peeraddr = 5.33 s
[ 1294/31251] OpenSSL::TestSSL#test_add_certificate = 4.51 s
[ 1295/31251] OpenSSL::TestSSL#test_add_certificate_multiple_certs = 6.44 s
[ 1296/31251] OpenSSL::TestSSL#test_alpn_protocol_selection_ary = 4.55 s
[ 1297/31251] OpenSSL::TestSSL#test_alpn_protocol_selection_cancel = 4.11 s
[ 1298/31251] OpenSSL::TestSSL#test_bad_socket = 3.67 s
[ 1299/31251] OpenSSL::TestSSL#test_ca_file = 4.38 s
[ 1300/31251] OpenSSL::TestSSL#test_ca_file_not_found = 3.63 s
[ 1301/31251] OpenSSL::TestSSL#test_ciphers_method_bogus_csuite = 3.62 s
[ 1302/31251] OpenSSL::TestSSL#test_ciphers_method_frozen_object = 3.68 s
[ 1303/31251] OpenSSL::TestSSL#test_ciphers_method_nil_argument = 3.66 s
[ 1304/31251] OpenSSL::TestSSL#test_ciphers_method_tls_connection = 14.93 s
[ 1305/31251] OpenSSL::TestSSL#test_ciphersuites_method_bogus_csuite = 4.10 s
[ 1306/31251] OpenSSL::TestSSL#test_ciphersuites_method_frozen_object = 4.01 s
[ 1307/31251] OpenSSL::TestSSL#test_ciphersuites_method_nil_argument = 3.65 s
[ 1308/31251] OpenSSL::TestSSL#test_ciphersuites_method_tls_connection = 5.70 s
[ 1309/31251] OpenSSL::TestSSL#test_client_auth_success = 28.87 s
[ 1310/31251] OpenSSL::TestSSL#test_client_ca = 3.66 s
[ 1311/31251] OpenSSL::TestSSL#test_client_cert_cb_ignore_error = 3.30 s
[ 1312/31251] OpenSSL::TestSSL#test_close_after_socket_close = 3.43 s
[ 1313/31251] OpenSSL::TestSSL#test_connect_certificate_verify_failed_exception_message = 4.43 s
[ 1314/31251] OpenSSL::TestSSL#test_connect_works_when_setting_dh_callback_to_nil = 15.42 s
[ 1315/31251] OpenSSL::TestSSL#test_copy_stream = 3.59 s
[ 1316/31251] OpenSSL::TestSSL#test_ctx_options = 2.75 s
[ 1317/31251] OpenSSL::TestSSL#test_ctx_options_config = 19.79 s
[ 1318/31251] OpenSSL::TestSSL#test_ctx_setup = 4.40 s
[ 1319/31251] OpenSSL::TestSSL#test_dup = 4.06 s
[ 1320/31251] OpenSSL::TestSSL#test_ecdh_curves_tls12 = 5.92 s
[ 1321/31251] OpenSSL::TestSSL#test_ecdh_curves_tls13 = 4.86 s
[ 1322/31251] OpenSSL::TestSSL#test_exception_in_verify_callback_is_ignored = 4.15 s
[ 1323/31251] OpenSSL::TestSSL#test_export_keying_material = 4.73 s
[ 1324/31251] OpenSSL::TestSSL#test_fallback_scsv = 16.32 s
[ 1325/31251] OpenSSL::TestSSL#test_fileno = 4.10 s
[ 1326/31251] OpenSSL::TestSSL#test_finished_messages = 4.21 s
[ 1327/31251] OpenSSL::TestSSL#test_freeze_calls_setup = 4.07 s
[ 1328/31251] OpenSSL::TestSSL#test_get_ephemeral_key = 8.89 s
[ 1329/31251] OpenSSL::TestSSL#test_getbyte = 16.24 s
[ 1330/31251] OpenSSL::TestSSL#test_keylog_cb = 5.19 s
[ 1331/31251] OpenSSL::TestSSL#test_minmax_version = 22.69 s
[ 1332/31251] OpenSSL::TestSSL#test_npn_advertised_protocol_too_long = 3.14 s
[ 1333/31251] OpenSSL::TestSSL#test_npn_protocol_selection_ary = 4.21 s
[ 1334/31251] OpenSSL::TestSSL#test_npn_protocol_selection_cancel = 3.46 s
[ 1335/31251] OpenSSL::TestSSL#test_npn_protocol_selection_enum = 4.01 s
[ 1336/31251] OpenSSL::TestSSL#test_npn_selected_protocol_too_long = 3.55 s
[ 1337/31251] OpenSSL::TestSSL#test_options_disable_versions = 15.40 s
[ 1338/31251] OpenSSL::TestSSL#test_parallel = 8.80 s
[ 1339/31251] OpenSSL::TestSSL#test_post_connect_check_with_anon_ciphers = 6.05 s
[ 1340/31251] OpenSSL::TestSSL#test_post_connection_check = 16.69 s
[ 1341/31251] OpenSSL::TestSSL#test_post_connection_check_wildcard_cn = 2.87 s
[ 1342/31251] OpenSSL::TestSSL#test_post_connection_check_wildcard_san = 3.01 s
[ 1343/31251] OpenSSL::TestSSL#test_read_with_timeout = 4.40 s
[ 1344/31251] OpenSSL::TestSSL#test_readbyte = 3.55 s
[ 1345/31251] OpenSSL::TestSSL#test_renegotiation_cb = 3.74 s
[ 1346/31251] OpenSSL::TestSSL#test_security_level = 3.99 s
[ 1347/31251] OpenSSL::TestSSL#test_servername_cb_raises_an_exception_on_unknown_objects = 12.88 s
[ 1348/31251] OpenSSL::TestSSL#test_set_params_min_version = 4.32 s
[ 1349/31251] OpenSSL::TestSSL#test_socket_close_write = 3.29 s
[ 1350/31251] OpenSSL::TestSSL#test_socket_open = 3.40 s
[ 1351/31251] OpenSSL::TestSSL#test_socket_open_with_context = 24.58 s
[ 1352/31251] OpenSSL::TestSSL#test_socket_open_with_local_address_port_context = 3.43 s
[ 1353/31251] OpenSSL::TestSSL#test_ssl_methods_constant = 2.84 s
[ 1354/31251] OpenSSL::TestSSL#test_ssl_with_server_cert = 3.61 s
[ 1355/31251] OpenSSL::TestSSL#test_sslctx_set_params = 2.91 s
[ 1356/31251] OpenSSL::TestSSL#test_sync_close = 3.95 s
[ 1357/31251] OpenSSL::TestSSL#test_sync_close_without_connect = 2.91 s
[ 1358/31251] OpenSSL::TestSSL#test_sysread_and_syswrite = 3.41 s
[ 1359/31251] OpenSSL::TestSSL#test_tlsext_hostname = 14.43 s
[ 1360/31251] OpenSSL::TestSSL#test_tmp_dh = 6.33 s
[ 1361/31251] OpenSSL::TestSSL#test_tmp_dh_callback = 6.37 s
[ 1362/31251] OpenSSL::TestSSL#test_unset_OP_ALL = 3.41 s
[ 1363/31251] OpenSSL::TestSSL#test_unstarted_session = 3.48 s
[ 1364/31251] OpenSSL::TestSSL#test_verify_certificate_identity = 3.59 s
[ 1365/31251] OpenSSL::TestSSL#test_verify_hostname = 3.20 s
[ 1366/31251] OpenSSL::TestSSL#test_verify_hostname_failure_error_code = 4.05 s
[ 1367/31251] OpenSSL::TestSSL#test_verify_hostname_on_connect = 7.51 s
[ 1368/31251] OpenSSL::TestSSL#test_verify_mode_client_cert_required = 15.07 s
[ 1369/31251] OpenSSL::TestSSL#test_verify_mode_default = 2.83 s
[ 1370/31251] OpenSSL::TestSSL#test_verify_mode_server_cert = 4.19 s
[ 1371/31251] OpenSSL::TestSSL#test_verify_result = 4.32 s
[ 1372/31251] OpenSSL::TestSSL#test_verify_wildcard = 2.99 s
[ 1373/31251] OpenSSL::TestSSLSession#test_ctx_client_session_cb_tls12 = 3.98 s
[ 1374/31251] OpenSSL::TestSSLSession#test_ctx_client_session_cb_tls13 = 3.51 s
[ 1375/31251] OpenSSL::TestSSLSession#test_ctx_client_session_cb_tls13_exception = 3.39 s
[ 1376/31251] OpenSSL::TestSSLSession#test_ctx_server_session_cb = 4.15 s
[ 1377/31251] OpenSSL::TestSSLSession#test_dup = 2.88 s
[ 1378/31251] OpenSSL::TestSSLSession#test_resumption = 4.65 s
[ 1379/31251] OpenSSL::TestSSLSession#test_server_session_cache = 16.13 s
[ 1380/31251] OpenSSL::TestSSLSession#test_session = 3.30 s
[ 1381/31251] OpenSSL::TestSSLSession#test_session_exts_read = 2.80 s
[ 1382/31251] OpenSSL::TestSSLSession#test_session_time = 2.84 s
[ 1383/31251] OpenSSL::TestSSLSession#test_session_timeout = 2.84 s
[ 1384/31251] OpenSSL::TestTimestamp#test_no_cert_requested = 1.78 s
[ 1385/31251] OpenSSL::TestTimestamp#test_request_assignment = 0.04 s
[ 1386/31251] OpenSSL::TestTimestamp#test_request_encode_decode = 0.03 s
[ 1387/31251] OpenSSL::TestTimestamp#test_request_invalid_asn1 = 0.02 s
[ 1388/31251] OpenSSL::TestTimestamp#test_request_mandatory_fields = 0.02 s
[ 1389/31251] OpenSSL::TestTimestamp#test_request_re_assignment = 0.01 s
[ 1390/31251] OpenSSL::TestTimestamp#test_request_serialization = 0.02 s
[ 1391/31251] OpenSSL::TestTimestamp#test_response_allowed_digests = 1.79 s
[ 1392/31251] OpenSSL::TestTimestamp#test_response_bad_purpose = 1.68 s
[ 1393/31251] OpenSSL::TestTimestamp#test_response_constants = 0.01 s
[ 1394/31251] OpenSSL::TestTimestamp#test_response_creation = 1.99 s
[ 1395/31251] OpenSSL::TestTimestamp#test_response_default_policy = 1.79 s
[ 1396/31251] OpenSSL::TestTimestamp#test_response_failure_info = 0.01 s
[ 1397/31251] OpenSSL::TestTimestamp#test_response_invalid_asn1 = 0.01 s
[ 1398/31251] OpenSSL::TestTimestamp#test_response_mandatory_fields = 1.82 s
[ 1399/31251] OpenSSL::TestTimestamp#test_response_no_policy_defined = 1.84 s
[ 1400/31251] OpenSSL::TestTimestamp#test_reusable = 2.09 s
[ 1401/31251] OpenSSL::TestTimestamp#test_token_info_creation = 2.22 s
[ 1402/31251] OpenSSL::TestTimestamp#test_token_info_invalid_asn1 = 0.01 s
[ 1403/31251] OpenSSL::TestTimestamp#test_verify_direct = 1.78 s
[ 1404/31251] OpenSSL::TestTimestamp#test_verify_direct_no_cert_no_intermediate = 1.78 s
[ 1405/31251] OpenSSL::TestTimestamp#test_verify_direct_redundant_untrusted = 12.78 s
[ 1406/31251] OpenSSL::TestTimestamp#test_verify_direct_unrelated_untrusted = 2.12 s
[ 1407/31251] OpenSSL::TestTimestamp#test_verify_direct_wrong_root = 2.11 s
[ 1408/31251] OpenSSL::TestTimestamp#test_verify_ee_additional_certs_array = 1.80 s
[ 1409/31251] OpenSSL::TestTimestamp#test_verify_ee_additional_certs_with_root = 1.82 s
[ 1410/31251] OpenSSL::TestTimestamp#test_verify_ee_cert_inclusion_not_requested = 1.74 s
[ 1411/31251] OpenSSL::TestTimestamp#test_verify_ee_def_policy = 1.77 s
[ 1412/31251] OpenSSL::TestTimestamp#test_verify_ee_intermediate = 1.78 s
[ 1413/31251] OpenSSL::TestTimestamp#test_verify_ee_intermediate_missing = 1.78 s
[ 1414/31251] OpenSSL::TestTimestamp#test_verify_ee_intermediate_type_error = 1.78 s
[ 1415/31251] OpenSSL::TestTimestamp#test_verify_ee_no_cert = 1.99 s
[ 1416/31251] OpenSSL::TestTimestamp#test_verify_ee_no_cert_no_intermediate = 2.02 s
[ 1417/31251] OpenSSL::TestTimestamp#test_verify_ee_no_req = 2.07 s
[ 1418/31251] OpenSSL::TestTimestamp#test_verify_ee_no_store = 2.18 s
[ 1419/31251] OpenSSL::TestTimestamp#test_verify_ee_nonce_mismatch = 2.18 s
[ 1420/31251] OpenSSL::TestTimestamp#test_verify_ee_wrong_root_no_intermediate = 2.18 s
[ 1421/31251] OpenSSL::TestTimestamp#test_verify_ee_wrong_root_wrong_intermediate = 2.18 s
[ 1422/31251] OpenSSL::TestX509Attribute#test_dup = 0.03 s
[ 1423/31251] OpenSSL::TestX509Attribute#test_eq = 0.02 s
[ 1424/31251] OpenSSL::TestX509Attribute#test_from_der = 0.02 s
[ 1425/31251] OpenSSL::TestX509Attribute#test_invalid_value = 0.02 s
[ 1426/31251] OpenSSL::TestX509Attribute#test_marshal = 0.02 s
[ 1427/31251] OpenSSL::TestX509Attribute#test_new = 0.02 s
[ 1428/31251] OpenSSL::TestX509Attribute#test_to_der = 0.02 s
[ 1429/31251] OpenSSL::TestX509CRL#test_basic = 1.73 s
[ 1430/31251] OpenSSL::TestX509CRL#test_crlnumber = 1.82 s
[ 1431/31251] OpenSSL::TestX509CRL#test_eq = 1.61 s
[ 1432/31251] OpenSSL::TestX509CRL#test_extension = 14.92 s
[ 1433/31251] OpenSSL::TestX509CRL#test_marshal = 1.26 s
[ 1434/31251] OpenSSL::TestX509CRL#test_revoked = 5.75 s
[ 1435/31251] OpenSSL::TestX509CRL#test_revoked_to_der = 1.16 s
[ 1436/31251] OpenSSL::TestX509CRL#test_sign_and_verify = 1.40 s
[ 1437/31251] OpenSSL::TestX509CRL#test_sign_and_verify_ed25519 = 1.22 s
[ 1438/31251] OpenSSL::TestX509Certificate#test_aia = 1.31 s
[ 1439/31251] OpenSSL::TestX509Certificate#test_aia_missing = 1.27 s
[ 1440/31251] OpenSSL::TestX509Certificate#test_akiski = 1.66 s
[ 1441/31251] OpenSSL::TestX509Certificate#test_akiski_missing = 1.27 s
[ 1442/31251] OpenSSL::TestX509Certificate#test_check_private_key = 1.28 s
[ 1443/31251] OpenSSL::TestX509Certificate#test_crl_uris = 1.31 s
[ 1444/31251] OpenSSL::TestX509Certificate#test_crl_uris_multiple_general_names = 1.30 s
[ 1445/31251] OpenSSL::TestX509Certificate#test_crl_uris_no_crl_distribution_points = 1.30 s
[ 1446/31251] OpenSSL::TestX509Certificate#test_crl_uris_no_uris = 1.31 s
[ 1447/31251] OpenSSL::TestX509Certificate#test_dsa_with_sha2 = 1.52 s
[ 1448/31251] OpenSSL::TestX509Certificate#test_eq = 1.43 s
[ 1449/31251] OpenSSL::TestX509Certificate#test_extension_factory = 1.41 s
[ 1450/31251] OpenSSL::TestX509Certificate#test_invalid_extension = 1.27 s
[ 1451/31251] OpenSSL::TestX509Certificate#test_load_file_certificate_der = 1.32 s
[ 1452/31251] OpenSSL::TestX509Certificate#test_load_file_empty_pem = 1.28 s
[ 1453/31251] OpenSSL::TestX509Certificate#test_load_file_fullchain_garbage = 1.33 s
[ 1454/31251] OpenSSL::TestX509Certificate#test_load_file_fullchain_pem = 1.58 s
[ 1455/31251] OpenSSL::TestX509Certificate#test_marshal = 1.57 s
[ 1456/31251] OpenSSL::TestX509Certificate#test_public_key = 2.07 s
[ 1457/31251] OpenSSL::TestX509Certificate#test_read_der_then_pem = 15.71 s
[ 1458/31251] OpenSSL::TestX509Certificate#test_read_from_file = 1.28 s
[ 1459/31251] OpenSSL::TestX509Certificate#test_serial = 1.43 s
[ 1460/31251] OpenSSL::TestX509Certificate#test_sign_and_verify_dsa = 1.21 s
[ 1461/31251] OpenSSL::TestX509Certificate#test_sign_and_verify_dsa_md5 = 1.18 s
[ 1462/31251] OpenSSL::TestX509Certificate#test_sign_and_verify_ed25519 = 1.15 s
[ 1463/31251] OpenSSL::TestX509Certificate#test_sign_and_verify_rsa_md5 = 1.24 s
[ 1464/31251] OpenSSL::TestX509Certificate#test_sign_and_verify_rsa_sha1 = 1.25 s
[ 1465/31251] OpenSSL::TestX509Certificate#test_tbs_precert_bytes = 1.29 s
[ 1466/31251] OpenSSL::TestX509Certificate#test_validity = 1.52 s
[ 1467/31251] OpenSSL::TestX509Extension#test_create_by_factory = 0.06 s
[ 1468/31251] OpenSSL::TestX509Extension#test_dup = 0.02 s
[ 1469/31251] OpenSSL::TestX509Extension#test_eq = 0.02 s
[ 1470/31251] OpenSSL::TestX509Extension#test_factory_create_extension_oid = 0.02 s
[ 1471/31251] OpenSSL::TestX509Extension#test_factory_create_extension_sn_ln = 0.02 s
[ 1472/31251] OpenSSL::TestX509Extension#test_marshal = 0.02 s
[ 1473/31251] OpenSSL::TestX509Extension#test_new = 0.03 s
[ 1474/31251] OpenSSL::TestX509Extension#test_value_der = 0.02 s
[ 1475/31251] OpenSSL::TestX509Name#test_add_entry = 0.03 s
[ 1476/31251] OpenSSL::TestX509Name#test_add_entry_placing = 0.04 s
[ 1477/31251] OpenSSL::TestX509Name#test_add_entry_street = 0.02 s
[ 1478/31251] OpenSSL::TestX509Name#test_dup = 0.01 s
[ 1479/31251] OpenSSL::TestX509Name#test_equality = 0.02 s
[ 1480/31251] OpenSSL::TestX509Name#test_equals2 = 0.02 s
[ 1481/31251] OpenSSL::TestX509Name#test_hash = 0.03 s
[ 1482/31251] OpenSSL::TestX509Name#test_marshal = 0.02 s
[ 1483/31251] OpenSSL::TestX509Name#test_s_new = 0.07 s
[ 1484/31251] OpenSSL::TestX509Name#test_s_parse = 0.04 s
[ 1485/31251] OpenSSL::TestX509Name#test_s_parse_rfc2253 = 0.20 s
[ 1486/31251] OpenSSL::TestX509Name#test_spaceship = 0.02 s
[ 1487/31251] OpenSSL::TestX509Name#test_to_s = 0.02 s
[ 1488/31251] OpenSSL::TestX509Name#test_to_utf8 = 0.02 s
[ 1489/31251] OpenSSL::TestX509Name#test_unrecognized_oid = 0.03 s
[ 1490/31251] OpenSSL::TestX509Name#test_unrecognized_oid_parse_encode_equality = 0.03 s
[ 1491/31251] OpenSSL::TestX509Request#test_attr = 1.41 s
[ 1492/31251] OpenSSL::TestX509Request#test_dup = 1.27 s
[ 1493/31251] OpenSSL::TestX509Request#test_eq = 1.32 s
[ 1494/31251] OpenSSL::TestX509Request#test_marshal = 1.25 s
[ 1495/31251] OpenSSL::TestX509Request#test_public_key = 1.67 s
[ 1496/31251] OpenSSL::TestX509Request#test_sign_and_verify_dsa = 1.44 s
[ 1497/31251] OpenSSL::TestX509Request#test_sign_and_verify_dsa_md5 = 1.27 s
[ 1498/31251] OpenSSL::TestX509Request#test_sign_and_verify_ed25519 = 1.44 s
[ 1499/31251] OpenSSL::TestX509Request#test_sign_and_verify_rsa_md5 = 15.71 s
[ 1500/31251] OpenSSL::TestX509Request#test_sign_and_verify_rsa_sha1 = 1.77 s
[ 1501/31251] OpenSSL::TestX509Request#test_subject = 1.28 s
[ 1502/31251] OpenSSL::TestX509Request#test_version = 1.24 s
[ 1503/31251] OpenSSL::TestX509Store#test_add_cert_duplicate = 0.01 s
[ 1504/31251] OpenSSL::TestX509Store#test_add_file_path = 2.13 s
[ 1505/31251] OpenSSL::TestX509Store#test_ctx_cleanup = 0.03 s
[ 1506/31251] OpenSSL::TestX509Store#test_dup = 0.02 s
[ 1507/31251] OpenSSL::TestX509Store#test_store_new = 0.01 s
[ 1508/31251] OpenSSL::TestX509Store#test_verify_callback = 3.23 s
[ 1509/31251] OpenSSL::TestX509Store#test_verify_purpose = 2.03 s
[ 1510/31251] OpenSSL::TestX509Store#test_verify_simple = 3.02 s
[ 1511/31251] OpenSSL::TestX509Store#test_verify_validity_period = 4.03 s
[ 1512/31251] OpenSSL::TestX509Store#test_verify_with_crl = 18.55 s
[ 1513/31251] PPTestModule::PPAbstractSyntaxTree#test_lasgn_literal = 0.05 s
[ 1514/31251] PPTestModule::PPCycleTest#test_anonymous = 0.08 s
[ 1515/31251] PPTestModule::PPCycleTest#test_array = 0.13 s
[ 1516/31251] PPTestModule::PPCycleTest#test_data = 0.19 s
[ 1517/31251] PPTestModule::PPCycleTest#test_data_private_member = 0.03 s
[ 1518/31251] PPTestModule::PPCycleTest#test_data_removed_member = 0.03 s
[ 1519/31251] PPTestModule::PPCycleTest#test_hash = 0.08 s
[ 1520/31251] PPTestModule::PPCycleTest#test_object = 0.24 s
[ 1521/31251] PPTestModule::PPCycleTest#test_share_nil = 0.07 s
[ 1522/31251] PPTestModule::PPCycleTest#test_struct = 0.17 s
[ 1523/31251] PPTestModule::PPCycleTest#test_withinspect = 0.13 s
[ 1524/31251] PPTestModule::PPDelegateTest#test_delegate = 0.08 s
[ 1525/31251] PPTestModule::PPDelegateTest#test_delegate_cycle = 0.15 s
[ 1526/31251] PPTestModule::PPFileStatTest#test_nothing_raised = 0.21 s
[ 1527/31251] PPTestModule::PPInheritedTest#test_hash_override = 0.12 s
[ 1528/31251] PPTestModule::PPInspectTest#test_basic_object = 0.07 s
[ 1529/31251] PPTestModule::PPInspectTest#test_hasboth = 0.07 s
[ 1530/31251] PPTestModule::PPInspectTest#test_hasinspect = 0.07 s
[ 1531/31251] PPTestModule::PPInspectTest#test_hasprettyprint = 0.07 s
[ 1532/31251] PPTestModule::PPInspectTest#test_pretty_print_inspect = 0.02 s
[ 1533/31251] PPTestModule::PPInspectTest#test_proc = 0.07 s
[ 1534/31251] PPTestModule::PPInspectTest#test_to_s_with_iv = 0.08 s
[ 1535/31251] PPTestModule::PPInspectTest#test_to_s_without_iv = 0.07 s
[ 1536/31251] PPTestModule::PPSingleLineTest#test_hash = 0.17 s
[ 1537/31251] PPTestModule::PPSingleLineTest#test_hash_in_array = 0.02 s
[ 1538/31251] PPTestModule::PPSingleLineTest#test_hash_symbol_colon_key = 0.13 s
[ 1539/31251] PPTestModule::PPTest#test_list0123_11 = 0.04 s
[ 1540/31251] PPTestModule::PPTest#test_list0123_12 = 0.03 s
[ 1541/31251] PPTestModule::PPTest#test_range = 0.52 s
[ 1542/31251] PPTestModule::PPTest#test_redefined_method = 0.07 s
[ 1543/31251] PPTestModule::PPTest#test_struct_override_members = 0.09 s
[ 1544/31251] PStoreTest#test_changes_after_commit_are_discarded = 0.03 s
[ 1545/31251] PStoreTest#test_changes_are_not_written_on_abort = 0.02 s
[ 1546/31251] PStoreTest#test_data_should_be_loaded_correctly_when_in_readonly_mode = 0.02 s
[ 1547/31251] PStoreTest#test_data_should_be_loaded_correctly_when_in_readwrite_mode = 0.03 s
[ 1548/31251] PStoreTest#test_key_p = 0.04 s
[ 1549/31251] PStoreTest#test_keys = 0.05 s
[ 1550/31251] PStoreTest#test_nested_transaction_raises_error = 0.04 s
[ 1551/31251] PStoreTest#test_opening_new_file_in_readonly_mode_should_result_in_empty_values = 0.02
 s
[ 1552/31251] PStoreTest#test_opening_new_file_in_readwrite_mode_should_result_in_empty_values = 0.0
2 s
[ 1553/31251] PStoreTest#test_pstore_files_are_accessed_as_binary_files = 12.00 s
[ 1554/31251] PStoreTest#test_thread_safe = 0.12 s
[ 1555/31251] PStoreTest#test_writing_inside_readonly_transaction_raises_error = 0.03 s
[ 1556/31251] PatternKeyNameCheckTest#test_corrects_hash_key_name_with_single_pattern_match = 0.10 s
[ 1557/31251] PrettyPrintTest::Fill#test_00_06 = 0.07 s
[ 1558/31251] PrettyPrintTest::Fill#test_07_10 = 0.06 s
[ 1559/31251] PrettyPrintTest::Fill#test_11_14 = 0.05 s
[ 1560/31251] PrettyPrintTest::Fill#test_15_18 = 0.06 s
[ 1561/31251] PrettyPrintTest::Fill#test_19_22 = 0.06 s
[ 1562/31251] PrettyPrintTest::Fill#test_23_26 = 0.06 s
[ 1563/31251] PrettyPrintTest::Fill#test_27 = 0.03 s
[ 1564/31251] PrettyPrintTest::NonString#test_6 = 0.02 s
[ 1565/31251] PrettyPrintTest::NonString#test_7 = 0.01 s
[ 1566/31251] PrettyPrintTest::StrictPrettyExample#test_00_04 = 0.09 s
[ 1567/31251] PrettyPrintTest::StrictPrettyExample#test_05 = 0.05 s
[ 1568/31251] PrettyPrintTest::StrictPrettyExample#test_06 = 0.05 s
[ 1569/31251] PrettyPrintTest::StrictPrettyExample#test_07 = 0.05 s
[ 1570/31251] PrettyPrintTest::StrictPrettyExample#test_08 = 0.05 s
[ 1571/31251] PrettyPrintTest::StrictPrettyExample#test_09 = 0.05 s
[ 1572/31251] PrettyPrintTest::StrictPrettyExample#test_10 = 0.05 s
[ 1573/31251] PrettyPrintTest::StrictPrettyExample#test_11_31 = 0.13 s
[ 1574/31251] PrettyPrintTest::StrictPrettyExample#test_32 = 0.05 s
[ 1575/31251] PrettyPrintTest::TailGroup#test_1 = 0.03 s
[ 1576/31251] PrettyPrintTest::WadlerExample#test_hello_00_06 = 0.05 s
[ 1577/31251] PrettyPrintTest::WadlerExample#test_hello_07_08 = 0.04 s
[ 1578/31251] PrettyPrintTest::WadlerExample#test_hello_09_10 = 0.04 s
[ 1579/31251] PrettyPrintTest::WadlerExample#test_hello_11_12 = 0.04 s
[ 1580/31251] PrettyPrintTest::WadlerExample#test_hello_13 = 0.02 s
[ 1581/31251] PrettyPrintTest::WadlerExample#test_tree_00_19 = 0.07 s
[ 1582/31251] PrettyPrintTest::WadlerExample#test_tree_20_22 = 0.07 s
[ 1583/31251] PrettyPrintTest::WadlerExample#test_tree_23_43 = 0.07 s
[ 1584/31251] PrettyPrintTest::WadlerExample#test_tree_44 = 0.04 s
[ 1585/31251] PrettyPrintTest::WadlerExample#test_tree_alt_00_18 = 0.08 s
[ 1586/31251] PrettyPrintTest::WadlerExample#test_tree_alt_19_20 = 0.09 s
[ 1587/31251] PrettyPrintTest::WadlerExample#test_tree_alt_20_49 = 0.09 s
[ 1588/31251] PrettyPrintTest::WadlerExample#test_tree_alt_50 = 0.05 s
[ 1589/31251] Prism::AttributeWriteTest#test_comparison_operators = 0.05 s
[ 1590/31251] Prism::AttributeWriteTest#test_indexed_call_with_operator = 0.02 s
[ 1591/31251] Prism::AttributeWriteTest#test_indexed_call_without_operator = 0.02 s
[ 1592/31251] Prism::AttributeWriteTest#test_named_call_with_operator = 0.02 s
[ 1593/31251] Prism::AttributeWriteTest#test_named_call_without_operator = 0.02 s
[ 1594/31251] Prism::BOMTest#test_back_reference = 0.89 s
[ 1595/31251] Prism::BOMTest#test_class_variable = 0.04 s
[ 1596/31251] Prism::BOMTest#test_global_variable = 0.03 s
[ 1597/31251] Prism::BOMTest#test_ident = 0.04 s
[ 1598/31251] Prism::BOMTest#test_instance_variable = 0.03 s
[ 1599/31251] Prism::BOMTest#test_numbered_reference = 0.04 s
[ 1600/31251] Prism::BOMTest#test_percents = 0.32 s
[ 1601/31251] Prism::BOMTest#test_string = 0.07 s
[ 1602/31251] Prism::BreadthFirstSearchTest#test_breadth_first_search = 0.03 s
[ 1603/31251] Prism::CommandLineTest#test_command_line_a = 0.03 s
[ 1604/31251] Prism::CommandLineTest#test_command_line_e = 0.02 s
[ 1605/31251] Prism::CommandLineTest#test_command_line_l = 0.03 s
[ 1606/31251] Prism::CommandLineTest#test_command_line_n = 0.02 s
[ 1607/31251] Prism::CommandLineTest#test_command_line_p = 0.02 s
[ 1608/31251] Prism::CommandLineTest#test_command_line_x_explicit = 0.01 s
[ 1609/31251] Prism::CommandLineTest#test_command_line_x_explicit_fail = 0.02 s
[ 1610/31251] Prism::CommandLineTest#test_command_line_x_implicit = 0.01 s
[ 1611/31251] Prism::CommandLineTest#test_command_line_x_implicit_fail = 0.02 s
[ 1612/31251] Prism::CommentsTest#test___END__ = 0.02 s
[ 1613/31251] Prism::CommentsTest#test___END__crlf = 0.01 s
[ 1614/31251] Prism::CommentsTest#test_attaching_comments = 0.23 s
[ 1615/31251] Prism::CommentsTest#test_comment_embedded_document = 0.02 s
[ 1616/31251] Prism::CommentsTest#test_comment_embedded_document_with_content_on_same_line = 0.02 s
[ 1617/31251] Prism::CommentsTest#test_comment_inline = 0.02 s
[ 1618/31251] Prism::CommentsTest#test_comment_inline_def = 0.02 s
[ 1619/31251] Prism::CompilerTest#test_compiler = 0.03 s
[ 1620/31251] Prism::ConstantPathNodeTest#test_full_name_for_constant_path = 0.03 s
[ 1621/31251] Prism::ConstantPathNodeTest#test_full_name_for_constant_path_target = 0.03 s
[ 1622/31251] Prism::ConstantPathNodeTest#test_full_name_for_constant_path_target_with_non_constant_
parent = 0.02 s
[ 1623/31251] Prism::ConstantPathNodeTest#test_full_name_for_constant_path_with_self = 0.02 s
[ 1624/31251] Prism::ConstantPathNodeTest#test_full_name_for_constant_path_with_stovetop_start = 0.0
2 s
[ 1625/31251] Prism::ConstantPathNodeTest#test_full_name_for_constant_path_with_variable = 0.02 s
[ 1626/31251] Prism::ConstantPathNodeTest#test_full_name_for_constant_read_node = 0.01 s
[ 1627/31251] Prism::DesugarCompilerTest#test_and_write = 2.67 s
[ 1628/31251] Prism::DesugarCompilerTest#test_operator_write = 0.29 s
[ 1629/31251] Prism::DesugarCompilerTest#test_or_write = 0.32 s
[ 1630/31251] Prism::DispatcherTest#test_dispatching_events = 3.14 s
[ 1631/31251] Prism::DumpTest#"test_alias.txt" = 3.06 s
[ 1632/31251] Prism::DumpTest#"test_arithmetic.txt" = 0.84 s
[ 1633/31251] Prism::DumpTest#"test_arrays.txt" = 6.82 s
[ 1634/31251] Prism::DumpTest#"test_begin_ensure.txt" = 1.07 s
[ 1635/31251] Prism::DumpTest#"test_begin_rescue.txt" = 3.99 s
[ 1636/31251] Prism::DumpTest#"test_blocks.txt" = 3.42 s
[ 1637/31251] Prism::DumpTest#"test_boolean_operators.txt" = 0.21 s
[ 1638/31251] Prism::DumpTest#"test_booleans.txt" = 0.08 s
[ 1639/31251] Prism::DumpTest#"test_break.txt" = 2.04 s
[ 1640/31251] Prism::DumpTest#"test_case.txt" = 2.45 s
[ 1641/31251] Prism::DumpTest#"test_classes.txt" = 1.82 s
[ 1642/31251] Prism::DumpTest#"test_command_method_call.txt" = 3.21 s
[ 1643/31251] Prism::DumpTest#"test_comments.txt" = 0.50 s
[ 1644/31251] Prism::DumpTest#"test_constants.txt" = 4.33 s
[ 1645/31251] Prism::DumpTest#"test_dash_heredocs.txt" = 1.10 s
[ 1646/31251] Prism::DumpTest#"test_defined.txt" = 0.48 s
[ 1647/31251] Prism::DumpTest#"test_dos_endings.txt" = 0.45 s
[ 1648/31251] Prism::DumpTest#"test_dstring.txt" = 0.40 s
[ 1649/31251] Prism::DumpTest#"test_dsym_str.txt" = 0.07 s
[ 1650/31251] Prism::DumpTest#test_dump = 8.96 s
[ 1651/31251] Prism::DumpTest#test_dump_file = 0.04 s
[ 1652/31251] Prism::DumpTest#"test_embdoc_no_newline_at_end.txt" = 0.05 s
[ 1653/31251] Prism::DumpTest#"test_emoji_method_calls.txt" = 0.28 s
[ 1654/31251] Prism::DumpTest#"test_endless_methods.txt" = 0.50 s
[ 1655/31251] Prism::DumpTest#"test_endless_range_in_conditional.txt" = 0.23 s
[ 1656/31251] Prism::DumpTest#"test_for.txt" = 1.02 s
[ 1657/31251] Prism::DumpTest#"test_global_variables.txt" = 1.26 s
[ 1658/31251] Prism::DumpTest#"test_hashes.txt" = 1.65 s
[ 1659/31251] Prism::DumpTest#"test_heredoc.txt" = 0.07 s
[ 1660/31251] Prism::DumpTest#"test_heredoc_with_carriage_returns.txt" = 0.07 s
[ 1661/31251] Prism::DumpTest#"test_heredoc_with_comment.txt" = 0.10 s
[ 1662/31251] Prism::DumpTest#"test_heredoc_with_escaped_newline_at_start.txt" = 0.29 s
[ 1663/31251] Prism::DumpTest#"test_heredoc_with_trailing_newline.txt" = 0.08 s
[ 1664/31251] Prism::DumpTest#"test_heredocs_leading_whitespace.txt" = 0.30 s
[ 1665/31251] Prism::DumpTest#"test_heredocs_nested.txt" = 0.44 s
[ 1666/31251] Prism::DumpTest#"test_heredocs_with_ignored_newlines.txt" = 0.30 s
[ 1667/31251] Prism::DumpTest#"test_heredocs_with_ignored_newlines_and_non_empty.txt" = 0.07 s
[ 1668/31251] Prism::DumpTest#"test_if.txt" = 2.08 s
[ 1669/31251] Prism::DumpTest#"test_indented_file_end.txt" = 0.08 s
[ 1670/31251] Prism::DumpTest#"test_integer_operations.txt" = 2.13 s
[ 1671/31251] Prism::DumpTest#"test_it_indirect_writes.txt" = 2.12 s
[ 1672/31251] Prism::DumpTest#"test_keyword_method_names.txt" = 0.93 s
[ 1673/31251] Prism::DumpTest#"test_keywords.txt" = 0.25 s
[ 1674/31251] Prism::DumpTest#"test_lambda.txt" = 1.51 s
[ 1675/31251] Prism::DumpTest#"test_method_calls.txt" = 10.47 s
[ 1676/31251] Prism::DumpTest#"test_methods.txt" = 8.49 s
[ 1677/31251] Prism::DumpTest#"test_modules.txt" = 0.87 s
[ 1678/31251] Prism::DumpTest#"test_multi_write.txt" = 0.42 s
[ 1679/31251] Prism::DumpTest#"test_newline_terminated.txt" = 0.76 s
[ 1680/31251] Prism::DumpTest#"test_next.txt" = 1.65 s
[ 1681/31251] Prism::DumpTest#"test_nils.txt" = 0.21 s
[ 1682/31251] Prism::DumpTest#"test_non_alphanumeric_methods.txt" = 2.13 s
[ 1683/31251] Prism::DumpTest#"test_not.txt" = 1.24 s
[ 1684/31251] Prism::DumpTest#"test_numbers.txt" = 0.81 s
[ 1685/31251] Prism::DumpTest#"test_patterns.txt" = 22.27 s
[ 1686/31251] Prism::DumpTest#"test_procs.txt" = 1.98 s
[ 1687/31251] Prism::DumpTest#"test_range_begin_open_exclusive.txt" = 0.18 s
[ 1688/31251] Prism::DumpTest#"test_range_begin_open_inclusive.txt" = 0.08 s
[ 1689/31251] Prism::DumpTest#"test_range_beginless.txt" = 0.50 s
[ 1690/31251] Prism::DumpTest#"test_range_end_open_exclusive.txt" = 0.08 s
[ 1691/31251] Prism::DumpTest#"test_range_end_open_inclusive.txt" = 0.08 s
[ 1692/31251] Prism::DumpTest#"test_ranges.txt" = 2.10 s
[ 1693/31251] Prism::DumpTest#"test_regex.txt" = 2.02 s
[ 1694/31251] Prism::DumpTest#"test_regex_char_width.txt" = 0.23 s
[ 1695/31251] Prism::DumpTest#"test_regex_escape_encoding.txt" = 0.19 s
[ 1696/31251] Prism::DumpTest#"test_repeat_parameters.txt" = 1.88 s
[ 1697/31251] Prism::DumpTest#"test_rescue.txt" = 2.24 s
[ 1698/31251] Prism::DumpTest#"test_rescue_modifier.txt" = 0.81 s
[ 1699/31251] Prism::DumpTest#"test_return.txt" = 1.02 s
[ 1700/31251] Prism::DumpTest#"test_seattlerb/BEGIN.txt" = 0.09 s
[ 1701/31251] Prism::DumpTest#"test_seattlerb/TestRubyParserShared.txt" = 1.91 s
[ 1702/31251] Prism::DumpTest#"test_seattlerb/__ENCODING__.txt" = 0.06 s
[ 1703/31251] Prism::DumpTest#"test_seattlerb/alias_gvar_backref.txt" = 0.08 s
[ 1704/31251] Prism::DumpTest#"test_seattlerb/alias_resword.txt" = 0.10 s
[ 1705/31251] Prism::DumpTest#"test_seattlerb/and_multi.txt" = 0.25 s
[ 1706/31251] Prism::DumpTest#"test_seattlerb/aref_args_assocs.txt" = 0.12 s
[ 1707/31251] Prism::DumpTest#"test_seattlerb/aref_args_lit_assocs.txt" = 0.13 s
[ 1708/31251] Prism::DumpTest#"test_seattlerb/args_kw_block.txt" = 0.26 s
[ 1709/31251] Prism::DumpTest#"test_seattlerb/array_line_breaks.txt" = 0.13 s
[ 1710/31251] Prism::DumpTest#"test_seattlerb/array_lits_trailing_calls.txt" = 0.14 s
[ 1711/31251] Prism::DumpTest#"test_seattlerb/assoc__bare.txt" = 0.27 s
[ 1712/31251] Prism::DumpTest#"test_seattlerb/assoc_label.txt" = 0.14 s
[ 1713/31251] Prism::DumpTest#"test_seattlerb/attr_asgn_colon_id.txt" = 0.11 s
[ 1714/31251] Prism::DumpTest#"test_seattlerb/attrasgn_array_arg.txt" = 0.17 s
[ 1715/31251] Prism::DumpTest#"test_seattlerb/attrasgn_array_lhs.txt" = 0.33 s
[ 1716/31251] Prism::DumpTest#"test_seattlerb/attrasgn_primary_dot_constant.txt" = 0.12 s
[ 1717/31251] Prism::DumpTest#"test_seattlerb/backticks_interpolation_line.txt" = 0.27 s
[ 1718/31251] Prism::DumpTest#"test_seattlerb/bang_eq.txt" = 0.11 s
[ 1719/31251] Prism::DumpTest#"test_seattlerb/bdot2.txt" = 0.15 s
[ 1720/31251] Prism::DumpTest#"test_seattlerb/bdot3.txt" = 0.27 s
[ 1721/31251] Prism::DumpTest#"test_seattlerb/begin_ensure_no_bodies.txt" = 0.09 s
[ 1722/31251] Prism::DumpTest#"test_seattlerb/begin_rescue_else_ensure_bodies.txt" = 0.23 s
[ 1723/31251] Prism::DumpTest#"test_seattlerb/begin_rescue_else_ensure_no_bodies.txt" = 0.13 s
[ 1724/31251] Prism::DumpTest#"test_seattlerb/begin_rescue_ensure_no_bodies.txt" = 0.22 s
[ 1725/31251] Prism::DumpTest#"test_seattlerb/block_arg__bare.txt" = 0.13 s
[ 1726/31251] Prism::DumpTest#"test_seattlerb/block_arg_kwsplat.txt" = 0.28 s
[ 1727/31251] Prism::DumpTest#"test_seattlerb/block_arg_opt_arg_block.txt" = 0.23 s
[ 1728/31251] Prism::DumpTest#"test_seattlerb/block_arg_opt_splat.txt" = 0.35 s
[ 1729/31251] Prism::DumpTest#"test_seattlerb/block_arg_opt_splat_arg_block_omfg.txt" = 0.25 s
[ 1730/31251] Prism::DumpTest#"test_seattlerb/block_arg_optional.txt" = 0.28 s
[ 1731/31251] Prism::DumpTest#"test_seattlerb/block_arg_scope.txt" = 0.17 s
[ 1732/31251] Prism::DumpTest#"test_seattlerb/block_arg_scope2.txt" = 0.28 s
[ 1733/31251] Prism::DumpTest#"test_seattlerb/block_arg_splat_arg.txt" = 0.19 s
[ 1734/31251] Prism::DumpTest#"test_seattlerb/block_args_kwargs.txt" = 0.18 s
[ 1735/31251] Prism::DumpTest#"test_seattlerb/block_args_no_kwargs.txt" = 0.19 s
[ 1736/31251] Prism::DumpTest#"test_seattlerb/block_args_opt1.txt" = 0.75 s
[ 1737/31251] Prism::DumpTest#"test_seattlerb/block_args_opt2.txt" = 0.23 s
[ 1738/31251] Prism::DumpTest#"test_seattlerb/block_args_opt2_2.txt" = 0.44 s
[ 1739/31251] Prism::DumpTest#"test_seattlerb/block_args_opt3.txt" = 0.37 s
[ 1740/31251] Prism::DumpTest#"test_seattlerb/block_call_defn_call_block_call.txt" = 0.42 s
[ 1741/31251] Prism::DumpTest#"test_seattlerb/block_call_dot_op2_brace_block.txt" = 0.46 s
[ 1742/31251] Prism::DumpTest#"test_seattlerb/block_call_dot_op2_cmd_args_do_block.txt" = 0.45 s
[ 1743/31251] Prism::DumpTest#"test_seattlerb/block_call_operation_colon.txt" = 0.19 s
[ 1744/31251] Prism::DumpTest#"test_seattlerb/block_call_operation_dot.txt" = 0.19 s
[ 1745/31251] Prism::DumpTest#"test_seattlerb/block_call_paren_call_block_call.txt" = 0.23 s
[ 1746/31251] Prism::DumpTest#"test_seattlerb/block_command_operation_colon.txt" = 0.19 s
[ 1747/31251] Prism::DumpTest#"test_seattlerb/block_command_operation_dot.txt" = 0.20 s
[ 1748/31251] Prism::DumpTest#"test_seattlerb/block_decomp_anon_splat_arg.txt" = 0.20 s
[ 1749/31251] Prism::DumpTest#"test_seattlerb/block_decomp_arg_splat.txt" = 0.20 s
[ 1750/31251] Prism::DumpTest#"test_seattlerb/block_decomp_arg_splat_arg.txt" = 0.25 s
[ 1751/31251] Prism::DumpTest#"test_seattlerb/block_decomp_splat.txt" = 0.20 s
[ 1752/31251] Prism::DumpTest#"test_seattlerb/block_kw.txt" = 0.17 s
[ 1753/31251] Prism::DumpTest#"test_seattlerb/block_kw__required.txt" = 0.16 s
[ 1754/31251] Prism::DumpTest#"test_seattlerb/block_kwarg_lvar.txt" = 0.21 s
[ 1755/31251] Prism::DumpTest#"test_seattlerb/block_kwarg_lvar_multiple.txt" = 0.26 s
[ 1756/31251] Prism::DumpTest#"test_seattlerb/block_opt_arg.txt" = 0.20 s
[ 1757/31251] Prism::DumpTest#"test_seattlerb/block_opt_splat.txt" = 0.20 s
[ 1758/31251] Prism::DumpTest#"test_seattlerb/block_opt_splat_arg_block_omfg.txt" = 0.24 s
[ 1759/31251] Prism::DumpTest#"test_seattlerb/block_optarg.txt" = 0.19 s
[ 1760/31251] Prism::DumpTest#"test_seattlerb/block_paren_splat.txt" = 0.22 s
[ 1761/31251] Prism::DumpTest#"test_seattlerb/block_reg_optarg.txt" = 0.20 s
[ 1762/31251] Prism::DumpTest#"test_seattlerb/block_return.txt" = 0.23 s
[ 1763/31251] Prism::DumpTest#"test_seattlerb/block_scope.txt" = 0.13 s
[ 1764/31251] Prism::DumpTest#"test_seattlerb/block_splat_reg.txt" = 0.18 s
[ 1765/31251] Prism::DumpTest#"test_seattlerb/bug169.txt" = 0.13 s
[ 1766/31251] Prism::DumpTest#"test_seattlerb/bug179.txt" = 0.13 s
[ 1767/31251] Prism::DumpTest#"test_seattlerb/bug190.txt" = 0.07 s
[ 1768/31251] Prism::DumpTest#"test_seattlerb/bug191.txt" = 0.34 s
[ 1769/31251] Prism::DumpTest#"test_seattlerb/bug202.txt" = 0.12 s
[ 1770/31251] Prism::DumpTest#"test_seattlerb/bug236.txt" = 0.27 s
[ 1771/31251] Prism::DumpTest#"test_seattlerb/bug290.txt" = 0.11 s
[ 1772/31251] Prism::DumpTest#"test_seattlerb/bug_187.txt" = 0.21 s
[ 1773/31251] Prism::DumpTest#"test_seattlerb/bug_215.txt" = 0.09 s
[ 1774/31251] Prism::DumpTest#"test_seattlerb/bug_249.txt" = 0.59 s
[ 1775/31251] Prism::DumpTest#"test_seattlerb/bug_and.txt" = 0.13 s
[ 1776/31251] Prism::DumpTest#"test_seattlerb/bug_args__19.txt" = 0.36 s
[ 1777/31251] Prism::DumpTest#"test_seattlerb/bug_args_masgn.txt" = 0.21 s
[ 1778/31251] Prism::DumpTest#"test_seattlerb/bug_args_masgn2.txt" = 0.26 s
[ 1779/31251] Prism::DumpTest#"test_seattlerb/bug_args_masgn_outer_parens__19.txt" = 0.39 s
[ 1780/31251] Prism::DumpTest#"test_seattlerb/bug_call_arglist_parens.txt" = 0.56 s
[ 1781/31251] Prism::DumpTest#"test_seattlerb/bug_case_when_regexp.txt" = 0.15 s
[ 1782/31251] Prism::DumpTest#"test_seattlerb/bug_comma.txt" = 0.16 s
[ 1783/31251] Prism::DumpTest#"test_seattlerb/bug_cond_pct.txt" = 0.11 s
[ 1784/31251] Prism::DumpTest#"test_seattlerb/bug_hash_args.txt" = 0.17 s
[ 1785/31251] Prism::DumpTest#"test_seattlerb/bug_hash_args_trailing_comma.txt" = 0.27 s
[ 1786/31251] Prism::DumpTest#"test_seattlerb/bug_hash_interp_array.txt" = 0.14 s
[ 1787/31251] Prism::DumpTest#"test_seattlerb/bug_masgn_right.txt" = 0.21 s
[ 1788/31251] Prism::DumpTest#"test_seattlerb/bug_not_parens.txt" = 0.10 s
[ 1789/31251] Prism::DumpTest#"test_seattlerb/bug_op_asgn_rescue.txt" = 0.13 s
[ 1790/31251] Prism::DumpTest#"test_seattlerb/call_and.txt" = 0.11 s
[ 1791/31251] Prism::DumpTest#"test_seattlerb/call_arg_assoc.txt" = 0.24 s
[ 1792/31251] Prism::DumpTest#"test_seattlerb/call_arg_assoc_kwsplat.txt" = 0.19 s
[ 1793/31251] Prism::DumpTest#"test_seattlerb/call_arg_kwsplat.txt" = 0.25 s
[ 1794/31251] Prism::DumpTest#"test_seattlerb/call_args_assoc_quoted.txt" = 0.50 s
[ 1795/31251] Prism::DumpTest#"test_seattlerb/call_args_assoc_trailing_comma.txt" = 0.15 s
[ 1796/31251] Prism::DumpTest#"test_seattlerb/call_args_command.txt" = 0.19 s
[ 1797/31251] Prism::DumpTest#"test_seattlerb/call_array_arg.txt" = 0.28 s
[ 1798/31251] Prism::DumpTest#"test_seattlerb/call_array_block_call.txt" = 0.16 s
[ 1799/31251] Prism::DumpTest#"test_seattlerb/call_array_lambda_block_call.txt" = 0.17 s
[ 1800/31251] Prism::DumpTest#"test_seattlerb/call_array_lit_inline_hash.txt" = 0.30 s
[ 1801/31251] Prism::DumpTest#"test_seattlerb/call_assoc.txt" = 0.14 s
[ 1802/31251] Prism::DumpTest#"test_seattlerb/call_assoc_new.txt" = 0.15 s
[ 1803/31251] Prism::DumpTest#"test_seattlerb/call_assoc_new_if_multiline.txt" = 0.35 s
[ 1804/31251] Prism::DumpTest#"test_seattlerb/call_assoc_trailing_comma.txt" = 0.14 s
[ 1805/31251] Prism::DumpTest#"test_seattlerb/call_bang_command_call.txt" = 0.25 s
[ 1806/31251] Prism::DumpTest#"test_seattlerb/call_bang_squiggle.txt" = 0.10 s
[ 1807/31251] Prism::DumpTest#"test_seattlerb/call_begin_call_block_call.txt" = 0.20 s
[ 1808/31251] Prism::DumpTest#"test_seattlerb/call_block_arg_named.txt" = 0.22 s
[ 1809/31251] Prism::DumpTest#"test_seattlerb/call_carat.txt" = 0.11 s
[ 1810/31251] Prism::DumpTest#"test_seattlerb/call_colon2.txt" = 0.09 s
[ 1811/31251] Prism::DumpTest#"test_seattlerb/call_colon_parens.txt" = 0.21 s
[ 1812/31251] Prism::DumpTest#"test_seattlerb/call_div.txt" = 0.11 s
[ 1813/31251] Prism::DumpTest#"test_seattlerb/call_dot_parens.txt" = 0.09 s
[ 1814/31251] Prism::DumpTest#"test_seattlerb/call_env.txt" = 0.10 s
[ 1815/31251] Prism::DumpTest#"test_seattlerb/call_eq3.txt" = 0.24 s
[ 1816/31251] Prism::DumpTest#"test_seattlerb/call_gt.txt" = 0.10 s
[ 1817/31251] Prism::DumpTest#"test_seattlerb/call_kwsplat.txt" = 0.13 s
[ 1818/31251] Prism::DumpTest#"test_seattlerb/call_leading_dots.txt" = 0.24 s
[ 1819/31251] Prism::DumpTest#"test_seattlerb/call_leading_dots_comment.txt" = 0.13 s
[ 1820/31251] Prism::DumpTest#"test_seattlerb/call_lt.txt" = 0.11 s
[ 1821/31251] Prism::DumpTest#"test_seattlerb/call_lte.txt" = 0.11 s
[ 1822/31251] Prism::DumpTest#"test_seattlerb/call_not.txt" = 0.08 s
[ 1823/31251] Prism::DumpTest#"test_seattlerb/call_pipe.txt" = 0.20 s
[ 1824/31251] Prism::DumpTest#"test_seattlerb/call_rshift.txt" = 0.11 s
[ 1825/31251] Prism::DumpTest#"test_seattlerb/call_self_brackets.txt" = 0.11 s
[ 1826/31251] Prism::DumpTest#"test_seattlerb/call_spaceship.txt" = 0.20 s
[ 1827/31251] Prism::DumpTest#"test_seattlerb/call_stabby_do_end_with_block.txt" = 0.18 s
[ 1828/31251] Prism::DumpTest#"test_seattlerb/call_stabby_with_braces_block.txt" = 0.18 s
[ 1829/31251] Prism::DumpTest#"test_seattlerb/call_star.txt" = 0.20 s
[ 1830/31251] Prism::DumpTest#"test_seattlerb/call_star2.txt" = 0.11 s
[ 1831/31251] Prism::DumpTest#"test_seattlerb/call_trailing_comma.txt" = 0.10 s
[ 1832/31251] Prism::DumpTest#"test_seattlerb/call_trailing_dots.txt" = 0.22 s
[ 1833/31251] Prism::DumpTest#"test_seattlerb/call_unary_bang.txt" = 0.08 s
[ 1834/31251] Prism::DumpTest#"test_seattlerb/case_in.txt" = 4.23 s
[ 1835/31251] Prism::DumpTest#"test_seattlerb/case_in_31.txt" = 0.23 s
[ 1836/31251] Prism::DumpTest#"test_seattlerb/case_in_37.txt" = 0.26 s
[ 1837/31251] Prism::DumpTest#"test_seattlerb/case_in_42.txt" = 0.21 s
[ 1838/31251] Prism::DumpTest#"test_seattlerb/case_in_42_2.txt" = 0.20 s
[ 1839/31251] Prism::DumpTest#"test_seattlerb/case_in_47.txt" = 0.24 s
[ 1840/31251] Prism::DumpTest#"test_seattlerb/case_in_67.txt" = 0.16 s
[ 1841/31251] Prism::DumpTest#"test_seattlerb/case_in_86.txt" = 0.24 s
[ 1842/31251] Prism::DumpTest#"test_seattlerb/case_in_86_2.txt" = 0.24 s
[ 1843/31251] Prism::DumpTest#"test_seattlerb/case_in_array_pat_const.txt" = 0.20 s
[ 1844/31251] Prism::DumpTest#"test_seattlerb/case_in_array_pat_const2.txt" = 0.22 s
[ 1845/31251] Prism::DumpTest#"test_seattlerb/case_in_array_pat_paren_assign.txt" = 0.23 s
[ 1846/31251] Prism::DumpTest#"test_seattlerb/case_in_const.txt" = 0.15 s
[ 1847/31251] Prism::DumpTest#"test_seattlerb/case_in_else.txt" = 0.20 s
[ 1848/31251] Prism::DumpTest#"test_seattlerb/case_in_find.txt" = 0.22 s
[ 1849/31251] Prism::DumpTest#"test_seattlerb/case_in_find_array.txt" = 0.21 s
[ 1850/31251] Prism::DumpTest#"test_seattlerb/case_in_hash_pat.txt" = 0.31 s
[ 1851/31251] Prism::DumpTest#"test_seattlerb/case_in_hash_pat_assign.txt" = 0.61 s
[ 1852/31251] Prism::DumpTest#"test_seattlerb/case_in_hash_pat_paren_assign.txt" = 0.23 s
[ 1853/31251] Prism::DumpTest#"test_seattlerb/case_in_hash_pat_paren_true.txt" = 0.34 s
[ 1854/31251] Prism::DumpTest#"test_seattlerb/case_in_hash_pat_rest.txt" = 0.25 s
[ 1855/31251] Prism::DumpTest#"test_seattlerb/case_in_hash_pat_rest_solo.txt" = 0.32 s
[ 1856/31251] Prism::DumpTest#"test_seattlerb/case_in_if_unless_post_mod.txt" = 0.32 s
[ 1857/31251] Prism::DumpTest#"test_seattlerb/case_in_multiple.txt" = 0.27 s
[ 1858/31251] Prism::DumpTest#"test_seattlerb/case_in_or.txt" = 0.29 s
[ 1859/31251] Prism::DumpTest#"test_seattlerb/class_comments.txt" = 0.14 s
[ 1860/31251] Prism::DumpTest#"test_seattlerb/cond_unary_minus.txt" = 0.08 s
[ 1861/31251] Prism::DumpTest#"test_seattlerb/const_2_op_asgn_or2.txt" = 0.11 s
[ 1862/31251] Prism::DumpTest#"test_seattlerb/const_3_op_asgn_or.txt" = 0.09 s
[ 1863/31251] Prism::DumpTest#"test_seattlerb/const_op_asgn_and1.txt" = 0.10 s
[ 1864/31251] Prism::DumpTest#"test_seattlerb/const_op_asgn_and2.txt" = 0.10 s
[ 1865/31251] Prism::DumpTest#"test_seattlerb/const_op_asgn_or.txt" = 0.20 s
[ 1866/31251] Prism::DumpTest#"test_seattlerb/defined_eh_parens.txt" = 0.08 s
[ 1867/31251] Prism::DumpTest#"test_seattlerb/defn_arg_asplat_arg.txt" = 0.16 s
[ 1868/31251] Prism::DumpTest#"test_seattlerb/defn_arg_forward_args.txt" = 0.32 s
[ 1869/31251] Prism::DumpTest#"test_seattlerb/defn_args_forward_args.txt" = 0.27 s
[ 1870/31251] Prism::DumpTest#"test_seattlerb/defn_comments.txt" = 0.18 s
[ 1871/31251] Prism::DumpTest#"test_seattlerb/defn_endless_command.txt" = 0.15 s
[ 1872/31251] Prism::DumpTest#"test_seattlerb/defn_endless_command_rescue.txt" = 0.17 s
[ 1873/31251] Prism::DumpTest#"test_seattlerb/defn_forward_args.txt" = 0.29 s
[ 1874/31251] Prism::DumpTest#"test_seattlerb/defn_forward_args__no_parens.txt" = 0.18 s
[ 1875/31251] Prism::DumpTest#"test_seattlerb/defn_kwarg_env.txt" = 0.33 s
[ 1876/31251] Prism::DumpTest#"test_seattlerb/defn_kwarg_kwarg.txt" = 0.20 s
[ 1877/31251] Prism::DumpTest#"test_seattlerb/defn_kwarg_kwsplat.txt" = 0.28 s
[ 1878/31251] Prism::DumpTest#"test_seattlerb/defn_kwarg_kwsplat_anon.txt" = 0.16 s
[ 1879/31251] Prism::DumpTest#"test_seattlerb/defn_kwarg_lvar.txt" = 0.19 s
[ 1880/31251] Prism::DumpTest#"test_seattlerb/defn_kwarg_no_parens.txt" = 0.25 s
[ 1881/31251] Prism::DumpTest#"test_seattlerb/defn_kwarg_val.txt" = 0.17 s
[ 1882/31251] Prism::DumpTest#"test_seattlerb/defn_no_kwargs.txt" = 0.13 s
[ 1883/31251] Prism::DumpTest#"test_seattlerb/defn_oneliner.txt" = 0.29 s
[ 1884/31251] Prism::DumpTest#"test_seattlerb/defn_oneliner_eq2.txt" = 0.21 s
[ 1885/31251] Prism::DumpTest#"test_seattlerb/defn_oneliner_noargs.txt" = 0.25 s
[ 1886/31251] Prism::DumpTest#"test_seattlerb/defn_oneliner_noargs_parentheses.txt" = 0.13 s
[ 1887/31251] Prism::DumpTest#"test_seattlerb/defn_oneliner_rescue.txt" = 0.71 s
[ 1888/31251] Prism::DumpTest#"test_seattlerb/defn_opt_last_arg.txt" = 0.27 s
[ 1889/31251] Prism::DumpTest#"test_seattlerb/defn_opt_reg.txt" = 0.16 s
[ 1890/31251] Prism::DumpTest#"test_seattlerb/defn_opt_splat_arg.txt" = 0.19 s
[ 1891/31251] Prism::DumpTest#"test_seattlerb/defn_powarg.txt" = 0.14 s
[ 1892/31251] Prism::DumpTest#"test_seattlerb/defn_reg_opt_reg.txt" = 0.19 s
[ 1893/31251] Prism::DumpTest#"test_seattlerb/defn_splat_arg.txt" = 0.24 s
[ 1894/31251] Prism::DumpTest#"test_seattlerb/defn_unary_not.txt" = 0.11 s
[ 1895/31251] Prism::DumpTest#"test_seattlerb/defns_reserved.txt" = 0.10 s
[ 1896/31251] Prism::DumpTest#"test_seattlerb/defs_as_arg_with_do_block_inside.txt" = 0.32 s
[ 1897/31251] Prism::DumpTest#"test_seattlerb/defs_comments.txt" = 0.10 s
[ 1898/31251] Prism::DumpTest#"test_seattlerb/defs_endless_command.txt" = 0.17 s
[ 1899/31251] Prism::DumpTest#"test_seattlerb/defs_endless_command_rescue.txt" = 0.30 s
[ 1900/31251] Prism::DumpTest#"test_seattlerb/defs_kwarg.txt" = 0.15 s
[ 1901/31251] Prism::DumpTest#"test_seattlerb/defs_oneliner.txt" = 0.30 s
[ 1902/31251] Prism::DumpTest#"test_seattlerb/defs_oneliner_eq2.txt" = 0.22 s
[ 1903/31251] Prism::DumpTest#"test_seattlerb/defs_oneliner_rescue.txt" = 0.87 s
[ 1904/31251] Prism::DumpTest#"test_seattlerb/difficult0_.txt" = 0.27 s
[ 1905/31251] Prism::DumpTest#"test_seattlerb/difficult1_line_numbers.txt" = 1.02 s
[ 1906/31251] Prism::DumpTest#"test_seattlerb/difficult1_line_numbers2.txt" = 0.32 s
[ 1907/31251] Prism::DumpTest#"test_seattlerb/difficult2_.txt" = 0.30 s
[ 1908/31251] Prism::DumpTest#"test_seattlerb/difficult3_.txt" = 0.22 s
[ 1909/31251] Prism::DumpTest#"test_seattlerb/difficult3_2.txt" = 0.18 s
[ 1910/31251] Prism::DumpTest#"test_seattlerb/difficult3_3.txt" = 0.20 s
[ 1911/31251] Prism::DumpTest#"test_seattlerb/difficult3_4.txt" = 0.18 s
[ 1912/31251] Prism::DumpTest#"test_seattlerb/difficult3_5.txt" = 0.19 s
[ 1913/31251] Prism::DumpTest#"test_seattlerb/difficult3__10.txt" = 0.22 s
[ 1914/31251] Prism::DumpTest#"test_seattlerb/difficult3__11.txt" = 0.20 s
[ 1915/31251] Prism::DumpTest#"test_seattlerb/difficult3__12.txt" = 0.21 s
[ 1916/31251] Prism::DumpTest#"test_seattlerb/difficult3__6.txt" = 0.24 s
[ 1917/31251] Prism::DumpTest#"test_seattlerb/difficult3__7.txt" = 0.21 s
[ 1918/31251] Prism::DumpTest#"test_seattlerb/difficult3__8.txt" = 0.23 s
[ 1919/31251] Prism::DumpTest#"test_seattlerb/difficult3__9.txt" = 0.20 s
[ 1920/31251] Prism::DumpTest#"test_seattlerb/difficult4__leading_dots.txt" = 0.10 s
[ 1921/31251] Prism::DumpTest#"test_seattlerb/difficult4__leading_dots2.txt" = 0.09 s
[ 1922/31251] Prism::DumpTest#"test_seattlerb/difficult6_.txt" = 0.26 s
[ 1923/31251] Prism::DumpTest#"test_seattlerb/difficult6__7.txt" = 0.22 s
[ 1924/31251] Prism::DumpTest#"test_seattlerb/difficult6__8.txt" = 0.21 s
[ 1925/31251] Prism::DumpTest#"test_seattlerb/difficult7_.txt" = 0.36 s
[ 1926/31251] Prism::DumpTest#"test_seattlerb/do_bug.txt" = 0.24 s
[ 1927/31251] Prism::DumpTest#"test_seattlerb/do_lambda.txt" = 0.09 s
[ 1928/31251] Prism::DumpTest#"test_seattlerb/dot2_nil__26.txt" = 0.09 s
[ 1929/31251] Prism::DumpTest#"test_seattlerb/dot3_nil__26.txt" = 0.09 s
[ 1930/31251] Prism::DumpTest#"test_seattlerb/dstr_evstr.txt" = 0.19 s
[ 1931/31251] Prism::DumpTest#"test_seattlerb/dstr_evstr_empty_end.txt" = 0.13 s
[ 1932/31251] Prism::DumpTest#"test_seattlerb/dstr_lex_state.txt" = 0.16 s
[ 1933/31251] Prism::DumpTest#"test_seattlerb/dstr_str.txt" = 0.15 s
[ 1934/31251] Prism::DumpTest#"test_seattlerb/dsym_esc_to_sym.txt" = 0.07 s
[ 1935/31251] Prism::DumpTest#"test_seattlerb/dsym_to_sym.txt" = 0.17 s
[ 1936/31251] Prism::DumpTest#"test_seattlerb/eq_begin_line_numbers.txt" = 0.28 s
[ 1937/31251] Prism::DumpTest#"test_seattlerb/eq_begin_why_wont_people_use_their_spacebar.txt" = 0.2
0 s
[ 1938/31251] Prism::DumpTest#"test_seattlerb/evstr_evstr.txt" = 0.30 s
[ 1939/31251] Prism::DumpTest#"test_seattlerb/evstr_str.txt" = 0.15 s
[ 1940/31251] Prism::DumpTest#"test_seattlerb/expr_not_bang.txt" = 0.13 s
[ 1941/31251] Prism::DumpTest#"test_seattlerb/f_kw.txt" = 0.27 s
[ 1942/31251] Prism::DumpTest#"test_seattlerb/f_kw__required.txt" = 0.12 s
[ 1943/31251] Prism::DumpTest#"test_seattlerb/flip2_env_lvar.txt" = 0.14 s
[ 1944/31251] Prism::DumpTest#"test_seattlerb/float_with_if_modifier.txt" = 0.25 s
[ 1945/31251] Prism::DumpTest#"test_seattlerb/heredoc__backslash_dos_format.txt" = 0.10 s
[ 1946/31251] Prism::DumpTest#"test_seattlerb/heredoc_backslash_nl.txt" = 0.10 s
[ 1947/31251] Prism::DumpTest#"test_seattlerb/heredoc_bad_hex_escape.txt" = 0.10 s
[ 1948/31251] Prism::DumpTest#"test_seattlerb/heredoc_bad_oct_escape.txt" = 0.10 s
[ 1949/31251] Prism::DumpTest#"test_seattlerb/heredoc_comma_arg.txt" = 0.14 s
[ 1950/31251] Prism::DumpTest#"test_seattlerb/heredoc_lineno.txt" = 0.14 s
[ 1951/31251] Prism::DumpTest#"test_seattlerb/heredoc_nested.txt" = 0.30 s
[ 1952/31251] Prism::DumpTest#"test_seattlerb/heredoc_squiggly.txt" = 0.16 s
[ 1953/31251] Prism::DumpTest#"test_seattlerb/heredoc_squiggly_blank_line_plus_interpolation.txt" =
0.37 s
[ 1954/31251] Prism::DumpTest#"test_seattlerb/heredoc_squiggly_blank_lines.txt" = 0.16 s
[ 1955/31251] Prism::DumpTest#"test_seattlerb/heredoc_squiggly_empty.txt" = 0.07 s
[ 1956/31251] Prism::DumpTest#"test_seattlerb/heredoc_squiggly_interp.txt" = 0.33 s
[ 1957/31251] Prism::DumpTest#"test_seattlerb/heredoc_squiggly_no_indent.txt" = 0.07 s
[ 1958/31251] Prism::DumpTest#"test_seattlerb/heredoc_squiggly_tabs.txt" = 0.14 s
[ 1959/31251] Prism::DumpTest#"test_seattlerb/heredoc_squiggly_tabs_extra.txt" = 0.23 s
[ 1960/31251] Prism::DumpTest#"test_seattlerb/heredoc_squiggly_visually_blank_lines.txt" = 0.16 s
[ 1961/31251] Prism::DumpTest#"test_seattlerb/heredoc_trailing_slash_continued_call.txt" = 0.10 s
[ 1962/31251] Prism::DumpTest#"test_seattlerb/heredoc_unicode.txt" = 0.07 s
[ 1963/31251] Prism::DumpTest#"test_seattlerb/heredoc_with_carriage_return_escapes.txt" = 0.17 s
[ 1964/31251] Prism::DumpTest#"test_seattlerb/heredoc_with_carriage_return_escapes_windows.txt" = 0.
07 s
[ 1965/31251] Prism::DumpTest#"test_seattlerb/heredoc_with_extra_carriage_horrible_mix.txt" = 0.07 s
[ 1966/31251] Prism::DumpTest#"test_seattlerb/heredoc_with_extra_carriage_returns.txt" = 0.07 s
[ 1967/31251] Prism::DumpTest#"test_seattlerb/heredoc_with_extra_carriage_returns_windows.txt" = 0.0
7 s
[ 1968/31251] Prism::DumpTest#"test_seattlerb/heredoc_with_interpolation_and_carriage_return_escapes
.txt" = 0.25 s
[ 1969/31251] Prism::DumpTest#"test_seattlerb/heredoc_with_interpolation_and_carriage_return_escapes
_windows.txt" = 0.14 s
[ 1970/31251] Prism::DumpTest#"test_seattlerb/heredoc_with_not_global_interpolation.txt" = 0.07 s
[ 1971/31251] Prism::DumpTest#"test_seattlerb/heredoc_with_only_carriage_returns.txt" = 0.07 s
[ 1972/31251] Prism::DumpTest#"test_seattlerb/heredoc_with_only_carriage_returns_windows.txt" = 0.20
 s
[ 1973/31251] Prism::DumpTest#"test_seattlerb/if_elsif.txt" = 0.12 s
[ 1974/31251] Prism::DumpTest#"test_seattlerb/if_symbol.txt" = 0.13 s
[ 1975/31251] Prism::DumpTest#"test_seattlerb/in_expr_no_case.txt" = 0.10 s
[ 1976/31251] Prism::DumpTest#"test_seattlerb/index_0.txt" = 0.24 s
[ 1977/31251] Prism::DumpTest#"test_seattlerb/index_0_opasgn.txt" = 0.13 s
[ 1978/31251] Prism::DumpTest#"test_seattlerb/integer_with_if_modifier.txt" = 0.10 s
[ 1979/31251] Prism::DumpTest#"test_seattlerb/interpolated_symbol_array_line_breaks.txt" = 0.12 s
[ 1980/31251] Prism::DumpTest#"test_seattlerb/interpolated_word_array_line_breaks.txt" = 0.23 s
[ 1981/31251] Prism::DumpTest#"test_seattlerb/iter_args_1.txt" = 0.17 s
[ 1982/31251] Prism::DumpTest#"test_seattlerb/iter_args_10_1.txt" = 0.31 s
[ 1983/31251] Prism::DumpTest#"test_seattlerb/iter_args_10_2.txt" = 0.23 s
[ 1984/31251] Prism::DumpTest#"test_seattlerb/iter_args_11_1.txt" = 0.32 s
[ 1985/31251] Prism::DumpTest#"test_seattlerb/iter_args_11_2.txt" = 0.25 s
[ 1986/31251] Prism::DumpTest#"test_seattlerb/iter_args_2__19.txt" = 0.32 s
[ 1987/31251] Prism::DumpTest#"test_seattlerb/iter_args_3.txt" = 0.23 s
[ 1988/31251] Prism::DumpTest#"test_seattlerb/iter_args_4.txt" = 0.33 s
[ 1989/31251] Prism::DumpTest#"test_seattlerb/iter_args_5.txt" = 0.17 s
[ 1990/31251] Prism::DumpTest#"test_seattlerb/iter_args_6.txt" = 0.32 s
[ 1991/31251] Prism::DumpTest#"test_seattlerb/iter_args_7_1.txt" = 0.19 s
[ 1992/31251] Prism::DumpTest#"test_seattlerb/iter_args_7_2.txt" = 0.31 s
[ 1993/31251] Prism::DumpTest#"test_seattlerb/iter_args_8_1.txt" = 0.21 s
[ 1994/31251] Prism::DumpTest#"test_seattlerb/iter_args_8_2.txt" = 0.33 s
[ 1995/31251] Prism::DumpTest#"test_seattlerb/iter_args_9_1.txt" = 0.19 s
[ 1996/31251] Prism::DumpTest#"test_seattlerb/iter_args_9_2.txt" = 0.30 s
[ 1997/31251] Prism::DumpTest#"test_seattlerb/iter_kwarg.txt" = 0.17 s
[ 1998/31251] Prism::DumpTest#"test_seattlerb/iter_kwarg_kwsplat.txt" = 0.28 s
[ 1999/31251] Prism::DumpTest#"test_seattlerb/label_vs_string.txt" = 0.13 s
[ 2000/31251] Prism::DumpTest#"test_seattlerb/lambda_do_vs_brace.txt" = 0.45 s
[ 2001/31251] Prism::DumpTest#"test_seattlerb/lasgn_arg_rescue_arg.txt" = 0.11 s
[ 2002/31251] Prism::DumpTest#"test_seattlerb/lasgn_call_bracket_rescue_arg.txt" = 0.15 s
[ 2003/31251] Prism::DumpTest#"test_seattlerb/lasgn_call_nobracket_rescue_arg.txt" = 0.24 s
[ 2004/31251] Prism::DumpTest#"test_seattlerb/lasgn_command.txt" = 0.15 s
[ 2005/31251] Prism::DumpTest#"test_seattlerb/lasgn_env.txt" = 0.08 s
[ 2006/31251] Prism::DumpTest#"test_seattlerb/lasgn_ivar_env.txt" = 0.11 s
[ 2007/31251] Prism::DumpTest#"test_seattlerb/lasgn_lasgn_command_call.txt" = 0.14 s
[ 2008/31251] Prism::DumpTest#"test_seattlerb/lasgn_middle_splat.txt" = 0.18 s
[ 2009/31251] Prism::DumpTest#"test_seattlerb/magic_encoding_comment.txt" = 0.21 s
[ 2010/31251] Prism::DumpTest#"test_seattlerb/masgn_anon_splat_arg.txt" = 0.13 s
[ 2011/31251] Prism::DumpTest#"test_seattlerb/masgn_arg_colon_arg.txt" = 0.16 s
[ 2012/31251] Prism::DumpTest#"test_seattlerb/masgn_arg_ident.txt" = 0.16 s
[ 2013/31251] Prism::DumpTest#"test_seattlerb/masgn_arg_splat_arg.txt" = 0.17 s
[ 2014/31251] Prism::DumpTest#"test_seattlerb/masgn_colon2.txt" = 0.18 s
[ 2015/31251] Prism::DumpTest#"test_seattlerb/masgn_colon3.txt" = 0.16 s
[ 2016/31251] Prism::DumpTest#"test_seattlerb/masgn_command_call.txt" = 0.18 s
[ 2017/31251] Prism::DumpTest#"test_seattlerb/masgn_double_paren.txt" = 0.16 s
[ 2018/31251] Prism::DumpTest#"test_seattlerb/masgn_lhs_splat.txt" = 0.15 s
[ 2019/31251] Prism::DumpTest#"test_seattlerb/masgn_paren.txt" = 0.17 s
[ 2020/31251] Prism::DumpTest#"test_seattlerb/masgn_splat_arg.txt" = 0.15 s
[ 2021/31251] Prism::DumpTest#"test_seattlerb/masgn_splat_arg_arg.txt" = 0.17 s
[ 2022/31251] Prism::DumpTest#"test_seattlerb/masgn_star.txt" = 0.10 s
[ 2023/31251] Prism::DumpTest#"test_seattlerb/masgn_var_star_var.txt" = 0.15 s
[ 2024/31251] Prism::DumpTest#"test_seattlerb/messy_op_asgn_lineno.txt" = 0.23 s
[ 2025/31251] Prism::DumpTest#"test_seattlerb/method_call_assoc_trailing_comma.txt" = 0.17 s
[ 2026/31251] Prism::DumpTest#"test_seattlerb/method_call_trailing_comma.txt" = 0.13 s
[ 2027/31251] Prism::DumpTest#"test_seattlerb/mlhs_back_anonsplat.txt" = 0.17 s
[ 2028/31251] Prism::DumpTest#"test_seattlerb/mlhs_back_splat.txt" = 0.18 s
[ 2029/31251] Prism::DumpTest#"test_seattlerb/mlhs_front_anonsplat.txt" = 0.17 s
[ 2030/31251] Prism::DumpTest#"test_seattlerb/mlhs_front_splat.txt" = 0.19 s
[ 2031/31251] Prism::DumpTest#"test_seattlerb/mlhs_keyword.txt" = 0.14 s
[ 2032/31251] Prism::DumpTest#"test_seattlerb/mlhs_mid_anonsplat.txt" = 0.23 s
[ 2033/31251] Prism::DumpTest#"test_seattlerb/mlhs_mid_splat.txt" = 0.24 s
[ 2034/31251] Prism::DumpTest#"test_seattlerb/mlhs_rescue.txt" = 0.16 s
[ 2035/31251] Prism::DumpTest#"test_seattlerb/module_comments.txt" = 0.14 s
[ 2036/31251] Prism::DumpTest#"test_seattlerb/multiline_hash_declaration.txt" = 0.37 s
[ 2037/31251] Prism::DumpTest#"test_seattlerb/non_interpolated_symbol_array_line_breaks.txt" = 0.12
s
[ 2038/31251] Prism::DumpTest#"test_seattlerb/non_interpolated_word_array_line_breaks.txt" = 0.12 s
[ 2039/31251] Prism::DumpTest#"test_seattlerb/op_asgn_command_call.txt" = 0.15 s
[ 2040/31251] Prism::DumpTest#"test_seattlerb/op_asgn_dot_ident_command_call.txt" = 0.14 s
[ 2041/31251] Prism::DumpTest#"test_seattlerb/op_asgn_index_command_call.txt" = 0.20 s
[ 2042/31251] Prism::DumpTest#"test_seattlerb/op_asgn_primary_colon_const_command_call.txt" = 0.16 s
[ 2043/31251] Prism::DumpTest#"test_seattlerb/op_asgn_primary_colon_identifier1.txt" = 0.31 s
[ 2044/31251] Prism::DumpTest#"test_seattlerb/op_asgn_primary_colon_identifier_command_call.txt" = 0
.15 s
[ 2045/31251] Prism::DumpTest#"test_seattlerb/op_asgn_val_dot_ident_command_call.txt" = 0.15 s
[ 2046/31251] Prism::DumpTest#"test_seattlerb/parse_def_special_name.txt" = 0.21 s
[ 2047/31251] Prism::DumpTest#"test_seattlerb/parse_if_not_canonical.txt" = 0.25 s
[ 2048/31251] Prism::DumpTest#"test_seattlerb/parse_if_not_noncanonical.txt" = 0.38 s
[ 2049/31251] Prism::DumpTest#"test_seattlerb/parse_line_block.txt" = 0.13 s
[ 2050/31251] Prism::DumpTest#"test_seattlerb/parse_line_block_inline_comment.txt" = 0.26 s
[ 2051/31251] Prism::DumpTest#"test_seattlerb/parse_line_block_inline_comment_leading_newlines.txt"
= 0.13 s
[ 2052/31251] Prism::DumpTest#"test_seattlerb/parse_line_block_inline_multiline_comment.txt" = 0.13
s
[ 2053/31251] Prism::DumpTest#"test_seattlerb/parse_line_call_ivar_arg_no_parens_line_break.txt" = 0
.10 s
[ 2054/31251] Prism::DumpTest#"test_seattlerb/parse_line_call_ivar_line_break_paren.txt" = 0.21 s
[ 2055/31251] Prism::DumpTest#"test_seattlerb/parse_line_call_no_args.txt" = 0.24 s
[ 2056/31251] Prism::DumpTest#"test_seattlerb/parse_line_defn_complex.txt" = 0.38 s
[ 2057/31251] Prism::DumpTest#"test_seattlerb/parse_line_defn_no_parens.txt" = 0.13 s
[ 2058/31251] Prism::DumpTest#"test_seattlerb/parse_line_defn_no_parens_args.txt" = 0.12 s
[ 2059/31251] Prism::DumpTest#"test_seattlerb/parse_line_dot2.txt" = 0.28 s
[ 2060/31251] Prism::DumpTest#"test_seattlerb/parse_line_dot2_open.txt" = 0.15 s
[ 2061/31251] Prism::DumpTest#"test_seattlerb/parse_line_dot3.txt" = 0.30 s
[ 2062/31251] Prism::DumpTest#"test_seattlerb/parse_line_dot3_open.txt" = 0.15 s
[ 2063/31251] Prism::DumpTest#"test_seattlerb/parse_line_dstr_escaped_newline.txt" = 0.12 s
[ 2064/31251] Prism::DumpTest#"test_seattlerb/parse_line_dstr_soft_newline.txt" = 0.22 s
[ 2065/31251] Prism::DumpTest#"test_seattlerb/parse_line_evstr_after_break.txt" = 0.17 s
[ 2066/31251] Prism::DumpTest#"test_seattlerb/parse_line_hash_lit.txt" = 0.12 s
[ 2067/31251] Prism::DumpTest#"test_seattlerb/parse_line_heredoc.txt" = 0.27 s
[ 2068/31251] Prism::DumpTest#"test_seattlerb/parse_line_heredoc_evstr.txt" = 0.17 s
[ 2069/31251] Prism::DumpTest#"test_seattlerb/parse_line_heredoc_hardnewline.txt" = 0.22 s
[ 2070/31251] Prism::DumpTest#"test_seattlerb/parse_line_heredoc_regexp_chars.txt" = 0.15 s
[ 2071/31251] Prism::DumpTest#"test_seattlerb/parse_line_iter_call_no_parens.txt" = 0.40 s
[ 2072/31251] Prism::DumpTest#"test_seattlerb/parse_line_iter_call_parens.txt" = 0.29 s
[ 2073/31251] Prism::DumpTest#"test_seattlerb/parse_line_multiline_str.txt" = 0.09 s
[ 2074/31251] Prism::DumpTest#"test_seattlerb/parse_line_multiline_str_literal_n.txt" = 0.09 s
[ 2075/31251] Prism::DumpTest#"test_seattlerb/parse_line_newlines.txt" = 0.06 s
[ 2076/31251] Prism::DumpTest#"test_seattlerb/parse_line_op_asgn.txt" = 0.13 s
[ 2077/31251] Prism::DumpTest#"test_seattlerb/parse_line_postexe.txt" = 0.11 s
[ 2078/31251] Prism::DumpTest#"test_seattlerb/parse_line_preexe.txt" = 0.11 s
[ 2079/31251] Prism::DumpTest#"test_seattlerb/parse_line_rescue.txt" = 0.33 s
[ 2080/31251] Prism::DumpTest#"test_seattlerb/parse_line_return.txt" = 0.19 s
[ 2081/31251] Prism::DumpTest#"test_seattlerb/parse_line_str_with_newline_escape.txt" = 0.23 s
[ 2082/31251] Prism::DumpTest#"test_seattlerb/parse_line_to_ary.txt" = 0.16 s
[ 2083/31251] Prism::DumpTest#"test_seattlerb/parse_line_trailing_newlines.txt" = 0.10 s
[ 2084/31251] Prism::DumpTest#"test_seattlerb/parse_opt_call_args_assocs_comma.txt" = 0.24 s
[ 2085/31251] Prism::DumpTest#"test_seattlerb/parse_opt_call_args_lit_comma.txt" = 0.11 s
[ 2086/31251] Prism::DumpTest#"test_seattlerb/parse_pattern_019.txt" = 0.16 s
[ 2087/31251] Prism::DumpTest#"test_seattlerb/parse_pattern_044.txt" = 0.31 s
[ 2088/31251] Prism::DumpTest#"test_seattlerb/parse_pattern_051.txt" = 0.23 s
[ 2089/31251] Prism::DumpTest#"test_seattlerb/parse_pattern_058.txt" = 0.47 s
[ 2090/31251] Prism::DumpTest#"test_seattlerb/parse_pattern_058_2.txt" = 0.41 s
[ 2091/31251] Prism::DumpTest#"test_seattlerb/parse_pattern_069.txt" = 0.22 s
[ 2092/31251] Prism::DumpTest#"test_seattlerb/parse_pattern_076.txt" = 0.36 s
[ 2093/31251] Prism::DumpTest#"test_seattlerb/parse_until_not_canonical.txt" = 0.19 s
[ 2094/31251] Prism::DumpTest#"test_seattlerb/parse_until_not_noncanonical.txt" = 0.28 s
[ 2095/31251] Prism::DumpTest#"test_seattlerb/parse_while_not_canonical.txt" = 0.19 s
[ 2096/31251] Prism::DumpTest#"test_seattlerb/parse_while_not_noncanonical.txt" = 0.28 s
[ 2097/31251] Prism::DumpTest#"test_seattlerb/pctW_lineno.txt" = 0.22 s
[ 2098/31251] Prism::DumpTest#"test_seattlerb/pct_Q_backslash_nl.txt" = 0.07 s
[ 2099/31251] Prism::DumpTest#"test_seattlerb/pct_nl.txt" = 0.19 s
[ 2100/31251] Prism::DumpTest#"test_seattlerb/pct_w_heredoc_interp_nested.txt" = 0.23 s
[ 2101/31251] Prism::DumpTest#"test_seattlerb/pipe_semicolon.txt" = 0.25 s
[ 2102/31251] Prism::DumpTest#"test_seattlerb/pipe_space.txt" = 0.14 s
[ 2103/31251] Prism::DumpTest#"test_seattlerb/qWords_space.txt" = 0.06 s
[ 2104/31251] Prism::DumpTest#"test_seattlerb/qsymbols.txt" = 0.13 s
[ 2105/31251] Prism::DumpTest#"test_seattlerb/qsymbols_empty.txt" = 0.07 s
[ 2106/31251] Prism::DumpTest#"test_seattlerb/qsymbols_empty_space.txt" = 0.06 s
[ 2107/31251] Prism::DumpTest#"test_seattlerb/qsymbols_interp.txt" = 0.24 s
[ 2108/31251] Prism::DumpTest#"test_seattlerb/quoted_symbol_hash_arg.txt" = 0.17 s
[ 2109/31251] Prism::DumpTest#"test_seattlerb/quoted_symbol_keys.txt" = 0.13 s
[ 2110/31251] Prism::DumpTest#"test_seattlerb/qw_escape.txt" = 0.07 s
[ 2111/31251] Prism::DumpTest#"test_seattlerb/qw_escape_term.txt" = 0.07 s
[ 2112/31251] Prism::DumpTest#"test_seattlerb/qwords_empty.txt" = 0.06 s
[ 2113/31251] Prism::DumpTest#"test_seattlerb/read_escape_unicode_curlies.txt" = 0.07 s
[ 2114/31251] Prism::DumpTest#"test_seattlerb/read_escape_unicode_h4.txt" = 0.07 s
[ 2115/31251] Prism::DumpTest#"test_seattlerb/regexp.txt" = 0.19 s
[ 2116/31251] Prism::DumpTest#"test_seattlerb/regexp_esc_C_slash.txt" = 0.07 s
[ 2117/31251] Prism::DumpTest#"test_seattlerb/regexp_esc_u.txt" = 0.07 s
[ 2118/31251] Prism::DumpTest#"test_seattlerb/regexp_escape_extended.txt" = 0.07 s
[ 2119/31251] Prism::DumpTest#"test_seattlerb/regexp_unicode_curlies.txt" = 0.10 s
[ 2120/31251] Prism::DumpTest#"test_seattlerb/required_kwarg_no_value.txt" = 0.15 s
[ 2121/31251] Prism::DumpTest#"test_seattlerb/rescue_do_end_ensure_result.txt" = 0.23 s
[ 2122/31251] Prism::DumpTest#"test_seattlerb/rescue_do_end_no_raise.txt" = 0.32 s
[ 2123/31251] Prism::DumpTest#"test_seattlerb/rescue_do_end_raised.txt" = 0.21 s
[ 2124/31251] Prism::DumpTest#"test_seattlerb/rescue_do_end_rescued.txt" = 0.32 s
[ 2125/31251] Prism::DumpTest#"test_seattlerb/rescue_in_block.txt" = 0.18 s
[ 2126/31251] Prism::DumpTest#"test_seattlerb/rescue_parens.txt" = 0.19 s
[ 2127/31251] Prism::DumpTest#"test_seattlerb/return_call_assocs.txt" = 0.82 s
[ 2128/31251] Prism::DumpTest#"test_seattlerb/rhs_asgn.txt" = 0.09 s
[ 2129/31251] Prism::DumpTest#"test_seattlerb/ruby21_numbers.txt" = 0.13 s
[ 2130/31251] Prism::DumpTest#"test_seattlerb/safe_attrasgn.txt" = 0.12 s
[ 2131/31251] Prism::DumpTest#"test_seattlerb/safe_attrasgn_constant.txt" = 0.12 s
[ 2132/31251] Prism::DumpTest#"test_seattlerb/safe_call.txt" = 0.10 s
[ 2133/31251] Prism::DumpTest#"test_seattlerb/safe_call_after_newline.txt" = 0.10 s
[ 2134/31251] Prism::DumpTest#"test_seattlerb/safe_call_dot_parens.txt" = 0.10 s
[ 2135/31251] Prism::DumpTest#"test_seattlerb/safe_call_newline.txt" = 0.10 s
[ 2136/31251] Prism::DumpTest#"test_seattlerb/safe_call_operator.txt" = 0.12 s
[ 2137/31251] Prism::DumpTest#"test_seattlerb/safe_call_rhs_newline.txt" = 0.13 s
[ 2138/31251] Prism::DumpTest#"test_seattlerb/safe_calls.txt" = 0.16 s
[ 2139/31251] Prism::DumpTest#"test_seattlerb/safe_op_asgn.txt" = 0.15 s
[ 2140/31251] Prism::DumpTest#"test_seattlerb/safe_op_asgn2.txt" = 0.13 s
[ 2141/31251] Prism::DumpTest#"test_seattlerb/slashy_newlines_within_string.txt" = 0.20 s
[ 2142/31251] Prism::DumpTest#"test_seattlerb/stabby_arg_no_paren.txt" = 0.13 s
[ 2143/31251] Prism::DumpTest#"test_seattlerb/stabby_arg_opt_splat_arg_block_omfg.txt" = 0.23 s
[ 2144/31251] Prism::DumpTest#"test_seattlerb/stabby_block_iter_call.txt" = 0.22 s
[ 2145/31251] Prism::DumpTest#"test_seattlerb/stabby_block_iter_call_no_target_with_arg.txt" = 0.23
s
[ 2146/31251] Prism::DumpTest#"test_seattlerb/stabby_block_kw.txt" = 0.35 s
[ 2147/31251] Prism::DumpTest#"test_seattlerb/stabby_block_kw__required.txt" = 0.14 s
[ 2148/31251] Prism::DumpTest#"test_seattlerb/stabby_proc_scope.txt" = 0.15 s
[ 2149/31251] Prism::DumpTest#"test_seattlerb/str_backslashes.txt" = 0.12 s
[ 2150/31251] Prism::DumpTest#"test_seattlerb/str_double_double_escaped_newline.txt" = 0.13 s
[ 2151/31251] Prism::DumpTest#"test_seattlerb/str_double_escaped_newline.txt" = 0.13 s
[ 2152/31251] Prism::DumpTest#"test_seattlerb/str_double_newline.txt" = 0.27 s
[ 2153/31251] Prism::DumpTest#"test_seattlerb/str_evstr.txt" = 0.15 s
[ 2154/31251] Prism::DumpTest#"test_seattlerb/str_evstr_escape.txt" = 0.31 s
[ 2155/31251] Prism::DumpTest#"test_seattlerb/str_heredoc_interp.txt" = 0.15 s
[ 2156/31251] Prism::DumpTest#"test_seattlerb/str_interp_ternary_or_label.txt" = 0.50 s
[ 2157/31251] Prism::DumpTest#"test_seattlerb/str_lit_concat_bad_encodings.txt" = 0.12 s
[ 2158/31251] Prism::DumpTest#"test_seattlerb/str_newline_hash_line_number.txt" = 0.09 s
[ 2159/31251] Prism::DumpTest#"test_seattlerb/str_pct_Q_nested.txt" = 0.27 s
[ 2160/31251] Prism::DumpTest#"test_seattlerb/str_pct_nested_nested.txt" = 0.21 s
[ 2161/31251] Prism::DumpTest#"test_seattlerb/str_pct_q.txt" = 0.07 s
[ 2162/31251] Prism::DumpTest#"test_seattlerb/str_single_double_escaped_newline.txt" = 0.24 s
[ 2163/31251] Prism::DumpTest#"test_seattlerb/str_single_escaped_newline.txt" = 0.14 s
[ 2164/31251] Prism::DumpTest#"test_seattlerb/str_single_newline.txt" = 0.13 s
[ 2165/31251] Prism::DumpTest#"test_seattlerb/str_str.txt" = 0.25 s
[ 2166/31251] Prism::DumpTest#"test_seattlerb/str_str_str.txt" = 0.17 s
[ 2167/31251] Prism::DumpTest#"test_seattlerb/super_arg.txt" = 0.10 s
[ 2168/31251] Prism::DumpTest#"test_seattlerb/symbol_empty.txt" = 0.17 s
[ 2169/31251] Prism::DumpTest#"test_seattlerb/symbol_list.txt" = 0.22 s
[ 2170/31251] Prism::DumpTest#"test_seattlerb/symbols.txt" = 0.13 s
[ 2171/31251] Prism::DumpTest#"test_seattlerb/symbols_empty.txt" = 0.06 s
[ 2172/31251] Prism::DumpTest#"test_seattlerb/symbols_empty_space.txt" = 0.07 s
[ 2173/31251] Prism::DumpTest#"test_seattlerb/symbols_interp.txt" = 0.13 s
[ 2174/31251] Prism::DumpTest#"test_seattlerb/thingy.txt" = 0.31 s
[ 2175/31251] Prism::DumpTest#"test_seattlerb/uminus_float.txt" = 0.06 s
[ 2176/31251] Prism::DumpTest#"test_seattlerb/unary_minus.txt" = 0.10 s
[ 2177/31251] Prism::DumpTest#"test_seattlerb/unary_plus.txt" = 0.10 s
[ 2178/31251] Prism::DumpTest#"test_seattlerb/unary_plus_on_literal.txt" = 0.22 s
[ 2179/31251] Prism::DumpTest#"test_seattlerb/unary_tilde.txt" = 0.10 s
[ 2180/31251] Prism::DumpTest#"test_seattlerb/utf8_bom.txt" = 0.10 s
[ 2181/31251] Prism::DumpTest#"test_seattlerb/when_splat.txt" = 0.16 s
[ 2182/31251] Prism::DumpTest#"test_seattlerb/words_interp.txt" = 0.25 s
[ 2183/31251] Prism::DumpTest#"test_single_method_call_with_bang.txt" = 0.07 s
[ 2184/31251] Prism::DumpTest#"test_single_quote_heredocs.txt" = 0.08 s
[ 2185/31251] Prism::DumpTest#"test_spanning_heredoc.txt" = 1.94 s
[ 2186/31251] Prism::DumpTest#"test_spanning_heredoc_newlines.txt" = 0.85 s
[ 2187/31251] Prism::DumpTest#"test_strings.txt" = 2.99 s
[ 2188/31251] Prism::DumpTest#"test_super.txt" = 0.67 s
[ 2189/31251] Prism::DumpTest#"test_symbols.txt" = 2.16 s
[ 2190/31251] Prism::DumpTest#"test_ternary_operator.txt" = 1.09 s
[ 2191/31251] Prism::DumpTest#"test_tilde_heredocs.txt" = 1.74 s
[ 2192/31251] Prism::DumpTest#"test_undef.txt" = 0.55 s
[ 2193/31251] Prism::DumpTest#"test_unescaping.txt" = 0.18 s
[ 2194/31251] Prism::DumpTest#"test_unless.txt" = 0.74 s
[ 2195/31251] Prism::DumpTest#"test_unparser/corpus/literal/alias.txt" = 0.14 s
[ 2196/31251] Prism::DumpTest#"test_unparser/corpus/literal/assignment.txt" = 5.22 s
[ 2197/31251] Prism::DumpTest#"test_unparser/corpus/literal/block.txt" = 6.01 s
[ 2198/31251] Prism::DumpTest#"test_unparser/corpus/literal/case.txt" = 1.83 s
[ 2199/31251] Prism::DumpTest#"test_unparser/corpus/literal/class.txt" = 1.06 s
[ 2200/31251] Prism::DumpTest#"test_unparser/corpus/literal/def.txt" = 4.47 s
[ 2201/31251] Prism::DumpTest#"test_unparser/corpus/literal/defined.txt" = 0.29 s
[ 2202/31251] Prism::DumpTest#"test_unparser/corpus/literal/defs.txt" = 1.26 s
[ 2203/31251] Prism::DumpTest#"test_unparser/corpus/literal/dstr.txt" = 1.49 s
[ 2204/31251] Prism::DumpTest#"test_unparser/corpus/literal/empty.txt" = 0.04 s
[ 2205/31251] Prism::DumpTest#"test_unparser/corpus/literal/empty_begin.txt" = 0.28 s
[ 2206/31251] Prism::DumpTest#"test_unparser/corpus/literal/flipflop.txt" = 0.97 s
[ 2207/31251] Prism::DumpTest#"test_unparser/corpus/literal/for.txt" = 0.77 s
[ 2208/31251] Prism::DumpTest#"test_unparser/corpus/literal/hookexe.txt" = 0.20 s
[ 2209/31251] Prism::DumpTest#"test_unparser/corpus/literal/if.txt" = 1.48 s
[ 2210/31251] Prism::DumpTest#"test_unparser/corpus/literal/kwbegin.txt" = 2.32 s
[ 2211/31251] Prism::DumpTest#"test_unparser/corpus/literal/lambda.txt" = 0.72 s
[ 2212/31251] Prism::DumpTest#"test_unparser/corpus/literal/literal.txt" = 6.43 s
[ 2213/31251] Prism::DumpTest#"test_unparser/corpus/literal/module.txt" = 0.52 s
[ 2214/31251] Prism::DumpTest#"test_unparser/corpus/literal/opasgn.txt" = 1.88 s
[ 2215/31251] Prism::DumpTest#"test_unparser/corpus/literal/pattern.txt" = 2.02 s
[ 2216/31251] Prism::DumpTest#"test_unparser/corpus/literal/pragma.txt" = 0.11 s
[ 2217/31251] Prism::DumpTest#"test_unparser/corpus/literal/range.txt" = 0.26 s
[ 2218/31251] Prism::DumpTest#"test_unparser/corpus/literal/rescue.txt" = 0.36 s
[ 2219/31251] Prism::DumpTest#"test_unparser/corpus/literal/send.txt" = 8.35 s
[ 2220/31251] Prism::DumpTest#"test_unparser/corpus/literal/since/27.txt" = 0.33 s
[ 2221/31251] Prism::DumpTest#"test_unparser/corpus/literal/since/30.txt" = 0.51 s
[ 2222/31251] Prism::DumpTest#"test_unparser/corpus/literal/since/31.txt" = 0.47 s
[ 2223/31251] Prism::DumpTest#"test_unparser/corpus/literal/since/32.txt" = 0.72 s
[ 2224/31251] Prism::DumpTest#"test_unparser/corpus/literal/singletons.txt" = 0.10 s
[ 2225/31251] Prism::DumpTest#"test_unparser/corpus/literal/super.txt" = 1.19 s
[ 2226/31251] Prism::DumpTest#"test_unparser/corpus/literal/unary.txt" = 1.19 s
[ 2227/31251] Prism::DumpTest#"test_unparser/corpus/literal/undef.txt" = 0.15 s
[ 2228/31251] Prism::DumpTest#"test_unparser/corpus/literal/variables.txt" = 0.26 s
[ 2229/31251] Prism::DumpTest#"test_unparser/corpus/literal/while.txt" = 3.29 s
[ 2230/31251] Prism::DumpTest#"test_unparser/corpus/semantic/and.txt" = 0.72 s
[ 2231/31251] Prism::DumpTest#"test_unparser/corpus/semantic/block.txt" = 0.71 s
[ 2232/31251] Prism::DumpTest#"test_unparser/corpus/semantic/def.txt" = 0.33 s
[ 2233/31251] Prism::DumpTest#"test_unparser/corpus/semantic/dstr.txt" = 2.68 s
[ 2234/31251] Prism::DumpTest#"test_unparser/corpus/semantic/kwbegin.txt" = 0.95 s
[ 2235/31251] Prism::DumpTest#"test_unparser/corpus/semantic/literal.txt" = 0.47 s
[ 2236/31251] Prism::DumpTest#"test_unparser/corpus/semantic/opasgn.txt" = 0.29 s
[ 2237/31251] Prism::DumpTest#"test_unparser/corpus/semantic/send.txt" = 0.50 s
[ 2238/31251] Prism::DumpTest#"test_unparser/corpus/semantic/undef.txt" = 0.15 s
[ 2239/31251] Prism::DumpTest#"test_unparser/corpus/semantic/while.txt" = 1.35 s
[ 2240/31251] Prism::DumpTest#"test_until.txt" = 1.02 s
[ 2241/31251] Prism::DumpTest#"test_variables.txt" = 2.10 s
[ 2242/31251] Prism::DumpTest#"test_while.txt" = 2.26 s
[ 2243/31251] Prism::DumpTest#"test_whitequark/__ENCODING__.txt" = 0.06 s
[ 2244/31251] Prism::DumpTest#"test_whitequark/__ENCODING___legacy_.txt" = 0.06 s
[ 2245/31251] Prism::DumpTest#"test_whitequark/alias.txt" = 0.10 s
[ 2246/31251] Prism::DumpTest#"test_whitequark/alias_gvar.txt" = 0.12 s
[ 2247/31251] Prism::DumpTest#"test_whitequark/ambiuous_quoted_label_in_ternary_operator.txt" = 0.35
 s
[ 2248/31251] Prism::DumpTest#"test_whitequark/and.txt" = 0.18 s
[ 2249/31251] Prism::DumpTest#"test_whitequark/and_asgn.txt" = 0.32 s
[ 2250/31251] Prism::DumpTest#"test_whitequark/and_or_masgn.txt" = 0.48 s
[ 2251/31251] Prism::DumpTest#"test_whitequark/anonymous_blockarg.txt" = 0.19 s
[ 2252/31251] Prism::DumpTest#"test_whitequark/arg.txt" = 0.23 s
[ 2253/31251] Prism::DumpTest#"test_whitequark/arg_duplicate_ignored.txt" = 0.24 s
[ 2254/31251] Prism::DumpTest#"test_whitequark/arg_label.txt" = 0.54 s
[ 2255/31251] Prism::DumpTest#"test_whitequark/arg_scope.txt" = 0.29 s
[ 2256/31251] Prism::DumpTest#"test_whitequark/args.txt" = 4.69 s
[ 2257/31251] Prism::DumpTest#"test_whitequark/args_args_assocs.txt" = 0.35 s
[ 2258/31251] Prism::DumpTest#"test_whitequark/args_args_assocs_comma.txt" = 0.20 s
[ 2259/31251] Prism::DumpTest#"test_whitequark/args_args_comma.txt" = 0.14 s
[ 2260/31251] Prism::DumpTest#"test_whitequark/args_args_star.txt" = 0.31 s
[ 2261/31251] Prism::DumpTest#"test_whitequark/args_assocs_comma.txt" = 0.17 s
[ 2262/31251] Prism::DumpTest#"test_whitequark/args_block_pass.txt" = 0.11 s
[ 2263/31251] Prism::DumpTest#"test_whitequark/args_cmd.txt" = 0.15 s
[ 2264/31251] Prism::DumpTest#"test_whitequark/args_star.txt" = 0.25 s
[ 2265/31251] Prism::DumpTest#"test_whitequark/array_assocs.txt" = 0.20 s
[ 2266/31251] Prism::DumpTest#"test_whitequark/array_plain.txt" = 0.09 s
[ 2267/31251] Prism::DumpTest#"test_whitequark/array_splat.txt" = 0.27 s
[ 2268/31251] Prism::DumpTest#"test_whitequark/array_symbols.txt" = 0.11 s
[ 2269/31251] Prism::DumpTest#"test_whitequark/array_symbols_empty.txt" = 0.08 s
[ 2270/31251] Prism::DumpTest#"test_whitequark/array_symbols_interp.txt" = 0.28 s
[ 2271/31251] Prism::DumpTest#"test_whitequark/array_words.txt" = 0.11 s
[ 2272/31251] Prism::DumpTest#"test_whitequark/array_words_empty.txt" = 0.08 s
[ 2273/31251] Prism::DumpTest#"test_whitequark/array_words_interp.txt" = 0.33 s
[ 2274/31251] Prism::DumpTest#"test_whitequark/asgn_cmd.txt" = 0.22 s
[ 2275/31251] Prism::DumpTest#"test_whitequark/asgn_mrhs.txt" = 0.32 s
[ 2276/31251] Prism::DumpTest#"test_whitequark/back_ref.txt" = 0.06 s
[ 2277/31251] Prism::DumpTest#"test_whitequark/bang.txt" = 0.10 s
[ 2278/31251] Prism::DumpTest#"test_whitequark/bang_cmd.txt" = 0.13 s
[ 2279/31251] Prism::DumpTest#"test_whitequark/begin_cmdarg.txt" = 0.21 s
[ 2280/31251] Prism::DumpTest#"test_whitequark/beginless_erange_after_newline.txt" = 0.11 s
[ 2281/31251] Prism::DumpTest#"test_whitequark/beginless_irange_after_newline.txt" = 0.10 s
[ 2282/31251] Prism::DumpTest#"test_whitequark/beginless_range.txt" = 0.11 s
[ 2283/31251] Prism::DumpTest#"test_whitequark/blockarg.txt" = 0.13 s
[ 2284/31251] Prism::DumpTest#"test_whitequark/blockargs.txt" = 5.92 s
[ 2285/31251] Prism::DumpTest#"test_whitequark/bug_435.txt" = 0.28 s
[ 2286/31251] Prism::DumpTest#"test_whitequark/bug_447.txt" = 0.22 s
[ 2287/31251] Prism::DumpTest#"test_whitequark/bug_452.txt" = 0.34 s
[ 2288/31251] Prism::DumpTest#"test_whitequark/bug_466.txt" = 0.28 s
[ 2289/31251] Prism::DumpTest#"test_whitequark/bug_473.txt" = 0.27 s
[ 2290/31251] Prism::DumpTest#"test_whitequark/bug_480.txt" = 0.18 s
[ 2291/31251] Prism::DumpTest#"test_whitequark/bug_481.txt" = 0.30 s
[ 2292/31251] Prism::DumpTest#"test_whitequark/bug_ascii_8bit_in_literal.txt" = 0.08 s
[ 2293/31251] Prism::DumpTest#"test_whitequark/bug_cmd_string_lookahead.txt" = 0.13 s
[ 2294/31251] Prism::DumpTest#"test_whitequark/bug_cmdarg.txt" = 0.48 s
[ 2295/31251] Prism::DumpTest#"test_whitequark/bug_def_no_paren_eql_begin.txt" = 0.09 s
[ 2296/31251] Prism::DumpTest#"test_whitequark/bug_do_block_in_call_args.txt" = 0.30 s
[ 2297/31251] Prism::DumpTest#"test_whitequark/bug_do_block_in_cmdarg.txt" = 0.16 s
[ 2298/31251] Prism::DumpTest#"test_whitequark/bug_do_block_in_hash_brace.txt" = 1.65 s
[ 2299/31251] Prism::DumpTest#"test_whitequark/bug_heredoc_do.txt" = 0.13 s
[ 2300/31251] Prism::DumpTest#"test_whitequark/bug_interp_single.txt" = 0.32 s
[ 2301/31251] Prism::DumpTest#"test_whitequark/bug_lambda_leakage.txt" = 0.16 s
[ 2302/31251] Prism::DumpTest#"test_whitequark/bug_regex_verification.txt" = 0.07 s
[ 2303/31251] Prism::DumpTest#"test_whitequark/bug_rescue_empty_else.txt" = 0.22 s
[ 2304/31251] Prism::DumpTest#"test_whitequark/bug_while_not_parens_do.txt" = 0.14 s
[ 2305/31251] Prism::DumpTest#"test_whitequark/case_cond.txt" = 0.16 s
[ 2306/31251] Prism::DumpTest#"test_whitequark/case_cond_else.txt" = 0.31 s
[ 2307/31251] Prism::DumpTest#"test_whitequark/case_expr.txt" = 0.18 s
[ 2308/31251] Prism::DumpTest#"test_whitequark/case_expr_else.txt" = 0.34 s
[ 2309/31251] Prism::DumpTest#"test_whitequark/casgn_scoped.txt" = 0.10 s
[ 2310/31251] Prism::DumpTest#"test_whitequark/casgn_toplevel.txt" = 0.09 s
[ 2311/31251] Prism::DumpTest#"test_whitequark/casgn_unscoped.txt" = 0.17 s
[ 2312/31251] Prism::DumpTest#"test_whitequark/character.txt" = 0.07 s
[ 2313/31251] Prism::DumpTest#"test_whitequark/class.txt" = 0.12 s
[ 2314/31251] Prism::DumpTest#"test_whitequark/class_super.txt" = 0.10 s
[ 2315/31251] Prism::DumpTest#"test_whitequark/class_super_label.txt" = 0.25 s
[ 2316/31251] Prism::DumpTest#"test_whitequark/comments_before_leading_dot__27.txt" = 0.27 s
[ 2317/31251] Prism::DumpTest#"test_whitequark/complex.txt" = 0.24 s
[ 2318/31251] Prism::DumpTest#"test_whitequark/cond_begin.txt" = 0.17 s
[ 2319/31251] Prism::DumpTest#"test_whitequark/cond_begin_masgn.txt" = 0.25 s
[ 2320/31251] Prism::DumpTest#"test_whitequark/cond_eflipflop.txt" = 0.26 s
[ 2321/31251] Prism::DumpTest#"test_whitequark/cond_eflipflop_with_beginless_range.txt" = 0.11 s
[ 2322/31251] Prism::DumpTest#"test_whitequark/cond_eflipflop_with_endless_range.txt" = 0.11 s
[ 2323/31251] Prism::DumpTest#"test_whitequark/cond_iflipflop.txt" = 0.27 s
[ 2324/31251] Prism::DumpTest#"test_whitequark/cond_iflipflop_with_beginless_range.txt" = 0.11 s
[ 2325/31251] Prism::DumpTest#"test_whitequark/cond_iflipflop_with_endless_range.txt" = 0.11 s
[ 2326/31251] Prism::DumpTest#"test_whitequark/cond_match_current_line.txt" = 0.15 s
[ 2327/31251] Prism::DumpTest#"test_whitequark/const_op_asgn.txt" = 0.40 s
[ 2328/31251] Prism::DumpTest#"test_whitequark/const_scoped.txt" = 0.08 s
[ 2329/31251] Prism::DumpTest#"test_whitequark/const_toplevel.txt" = 0.07 s
[ 2330/31251] Prism::DumpTest#"test_whitequark/const_unscoped.txt" = 0.06 s
[ 2331/31251] Prism::DumpTest#"test_whitequark/cpath.txt" = 0.15 s
[ 2332/31251] Prism::DumpTest#"test_whitequark/cvar.txt" = 0.06 s
[ 2333/31251] Prism::DumpTest#"test_whitequark/cvasgn.txt" = 0.08 s
[ 2334/31251] Prism::DumpTest#"test_whitequark/dedenting_heredoc.txt" = 1.76 s
[ 2335/31251] Prism::DumpTest#"test_whitequark/dedenting_interpolating_heredoc_fake_line_continuatio
n.txt" = 0.11 s
[ 2336/31251] Prism::DumpTest#"test_whitequark/dedenting_non_interpolating_heredoc_line_continuation
.txt" = 0.11 s
[ 2337/31251] Prism::DumpTest#"test_whitequark/def.txt" = 0.29 s
[ 2338/31251] Prism::DumpTest#"test_whitequark/defined.txt" = 0.18 s
[ 2339/31251] Prism::DumpTest#"test_whitequark/defs.txt" = 0.34 s
[ 2340/31251] Prism::DumpTest#"test_whitequark/empty_stmt.txt" = 0.04 s
[ 2341/31251] Prism::DumpTest#"test_whitequark/endless_comparison_method.txt" = 0.78 s
[ 2342/31251] Prism::DumpTest#"test_whitequark/endless_method.txt" = 0.77 s
[ 2343/31251] Prism::DumpTest#"test_whitequark/endless_method_command_syntax.txt" = 1.94 s
[ 2344/31251] Prism::DumpTest#"test_whitequark/endless_method_forwarded_args_legacy.txt" = 0.20 s
[ 2345/31251] Prism::DumpTest#"test_whitequark/endless_method_with_rescue_mod.txt" = 0.37 s
[ 2346/31251] Prism::DumpTest#"test_whitequark/endless_method_without_args.txt" = 0.53 s
[ 2347/31251] Prism::DumpTest#"test_whitequark/ensure.txt" = 0.17 s
[ 2348/31251] Prism::DumpTest#"test_whitequark/ensure_empty.txt" = 0.18 s
[ 2349/31251] Prism::DumpTest#"test_whitequark/false.txt" = 0.06 s
[ 2350/31251] Prism::DumpTest#"test_whitequark/float.txt" = 0.08 s
[ 2351/31251] Prism::DumpTest#"test_whitequark/for.txt" = 0.43 s
[ 2352/31251] Prism::DumpTest#"test_whitequark/for_mlhs.txt" = 0.24 s
[ 2353/31251] Prism::DumpTest#"test_whitequark/forward_arg.txt" = 0.28 s
[ 2354/31251] Prism::DumpTest#"test_whitequark/forward_arg_with_open_args.txt" = 1.88 s
[ 2355/31251] Prism::DumpTest#"test_whitequark/forward_args_legacy.txt" = 0.51 s
[ 2356/31251] Prism::DumpTest#"test_whitequark/forwarded_argument_with_kwrestarg.txt" = 0.24 s
[ 2357/31251] Prism::DumpTest#"test_whitequark/forwarded_argument_with_restarg.txt" = 0.32 s
[ 2358/31251] Prism::DumpTest#"test_whitequark/forwarded_kwrestarg.txt" = 0.21 s
[ 2359/31251] Prism::DumpTest#"test_whitequark/forwarded_kwrestarg_with_additional_kwarg.txt" = 0.26
 s
[ 2360/31251] Prism::DumpTest#"test_whitequark/forwarded_restarg.txt" = 0.21 s
[ 2361/31251] Prism::DumpTest#"test_whitequark/gvar.txt" = 0.06 s
[ 2362/31251] Prism::DumpTest#"test_whitequark/gvasgn.txt" = 0.08 s
[ 2363/31251] Prism::DumpTest#"test_whitequark/hash_empty.txt" = 0.07 s
[ 2364/31251] Prism::DumpTest#"test_whitequark/hash_hashrocket.txt" = 0.36 s
[ 2365/31251] Prism::DumpTest#"test_whitequark/hash_kwsplat.txt" = 0.16 s
[ 2366/31251] Prism::DumpTest#"test_whitequark/hash_label.txt" = 0.12 s
[ 2367/31251] Prism::DumpTest#"test_whitequark/hash_label_end.txt" = 0.56 s
[ 2368/31251] Prism::DumpTest#"test_whitequark/hash_pair_value_omission.txt" = 0.48 s
[ 2369/31251] Prism::DumpTest#"test_whitequark/heredoc.txt" = 0.13 s
[ 2370/31251] Prism::DumpTest#"test_whitequark/if.txt" = 0.24 s
[ 2371/31251] Prism::DumpTest#"test_whitequark/if_else.txt" = 0.79 s
[ 2372/31251] Prism::DumpTest#"test_whitequark/if_elsif.txt" = 0.26 s
[ 2373/31251] Prism::DumpTest#"test_whitequark/if_masgn__24.txt" = 0.29 s
[ 2374/31251] Prism::DumpTest#"test_whitequark/if_mod.txt" = 0.13 s
[ 2375/31251] Prism::DumpTest#"test_whitequark/if_nl_then.txt" = 0.25 s
[ 2376/31251] Prism::DumpTest#"test_whitequark/int.txt" = 0.09 s
[ 2377/31251] Prism::DumpTest#"test_whitequark/int___LINE__.txt" = 0.06 s
[ 2378/31251] Prism::DumpTest#"test_whitequark/interp_digit_var.txt" = 1.43 s
[ 2379/31251] Prism::DumpTest#"test_whitequark/ivar.txt" = 0.06 s
[ 2380/31251] Prism::DumpTest#"test_whitequark/ivasgn.txt" = 0.08 s
[ 2381/31251] Prism::DumpTest#"test_whitequark/keyword_argument_omission.txt" = 0.24 s
[ 2382/31251] Prism::DumpTest#"test_whitequark/kwarg.txt" = 0.13 s
[ 2383/31251] Prism::DumpTest#"test_whitequark/kwbegin_compstmt.txt" = 0.14 s
[ 2384/31251] Prism::DumpTest#"test_whitequark/kwnilarg.txt" = 0.32 s
[ 2385/31251] Prism::DumpTest#"test_whitequark/kwoptarg.txt" = 0.14 s
[ 2386/31251] Prism::DumpTest#"test_whitequark/kwoptarg_with_kwrestarg_and_forwarded_args.txt" = 0.2
4 s
[ 2387/31251] Prism::DumpTest#"test_whitequark/kwrestarg_named.txt" = 0.13 s
[ 2388/31251] Prism::DumpTest#"test_whitequark/kwrestarg_unnamed.txt" = 0.13 s
[ 2389/31251] Prism::DumpTest#"test_whitequark/lbrace_arg_after_command_args.txt" = 0.22 s
[ 2390/31251] Prism::DumpTest#"test_whitequark/lparenarg_after_lvar__since_25.txt" = 0.26 s
[ 2391/31251] Prism::DumpTest#"test_whitequark/lvar.txt" = 0.07 s
[ 2392/31251] Prism::DumpTest#"test_whitequark/lvar_injecting_match.txt" = 0.18 s
[ 2393/31251] Prism::DumpTest#"test_whitequark/lvasgn.txt" = 0.10 s
[ 2394/31251] Prism::DumpTest#"test_whitequark/masgn.txt" = 0.35 s
[ 2395/31251] Prism::DumpTest#"test_whitequark/masgn_attr.txt" = 0.35 s
[ 2396/31251] Prism::DumpTest#"test_whitequark/masgn_cmd.txt" = 0.15 s
[ 2397/31251] Prism::DumpTest#"test_whitequark/masgn_const.txt" = 0.20 s
[ 2398/31251] Prism::DumpTest#"test_whitequark/masgn_nested.txt" = 0.28 s
[ 2399/31251] Prism::DumpTest#"test_whitequark/masgn_splat.txt" = 0.99 s
[ 2400/31251] Prism::DumpTest#"test_whitequark/method_definition_in_while_cond.txt" = 0.73 s
[ 2401/31251] Prism::DumpTest#"test_whitequark/module.txt" = 0.08 s
[ 2402/31251] Prism::DumpTest#"test_whitequark/multiple_pattern_matches.txt" = 0.91 s
[ 2403/31251] Prism::DumpTest#"test_whitequark/newline_in_hash_argument.txt" = 0.74 s
[ 2404/31251] Prism::DumpTest#"test_whitequark/nil.txt" = 0.06 s
[ 2405/31251] Prism::DumpTest#"test_whitequark/nil_expression.txt" = 0.09 s
[ 2406/31251] Prism::DumpTest#"test_whitequark/non_lvar_injecting_match.txt" = 0.31 s
[ 2407/31251] Prism::DumpTest#"test_whitequark/not.txt" = 0.20 s
[ 2408/31251] Prism::DumpTest#"test_whitequark/not_cmd.txt" = 0.13 s
[ 2409/31251] Prism::DumpTest#"test_whitequark/not_masgn__24.txt" = 0.19 s
[ 2410/31251] Prism::DumpTest#"test_whitequark/nth_ref.txt" = 0.06 s
[ 2411/31251] Prism::DumpTest#"test_whitequark/numbered_args_after_27.txt" = 0.69 s
[ 2412/31251] Prism::DumpTest#"test_whitequark/numparam_outside_block.txt" = 0.49 s
[ 2413/31251] Prism::DumpTest#"test_whitequark/numparam_ruby_bug_19025.txt" = 0.29 s
[ 2414/31251] Prism::DumpTest#"test_whitequark/op_asgn.txt" = 0.24 s
[ 2415/31251] Prism::DumpTest#"test_whitequark/op_asgn_cmd.txt" = 0.60 s
[ 2416/31251] Prism::DumpTest#"test_whitequark/op_asgn_index.txt" = 0.15 s
[ 2417/31251] Prism::DumpTest#"test_whitequark/op_asgn_index_cmd.txt" = 0.20 s
[ 2418/31251] Prism::DumpTest#"test_whitequark/optarg.txt" = 0.37 s
[ 2419/31251] Prism::DumpTest#"test_whitequark/or.txt" = 0.18 s
[ 2420/31251] Prism::DumpTest#"test_whitequark/or_asgn.txt" = 0.31 s
[ 2421/31251] Prism::DumpTest#"test_whitequark/parser_bug_272.txt" = 0.17 s
[ 2422/31251] Prism::DumpTest#"test_whitequark/parser_bug_490.txt" = 0.55 s
[ 2423/31251] Prism::DumpTest#"test_whitequark/parser_bug_507.txt" = 0.16 s
[ 2424/31251] Prism::DumpTest#"test_whitequark/parser_bug_518.txt" = 0.20 s
[ 2425/31251] Prism::DumpTest#"test_whitequark/parser_bug_525.txt" = 0.24 s
[ 2426/31251] Prism::DumpTest#"test_whitequark/parser_bug_604.txt" = 0.29 s
[ 2427/31251] Prism::DumpTest#"test_whitequark/parser_bug_640.txt" = 0.11 s
[ 2428/31251] Prism::DumpTest#"test_whitequark/parser_bug_645.txt" = 0.16 s
[ 2429/31251] Prism::DumpTest#"test_whitequark/parser_bug_830.txt" = 0.07 s
[ 2430/31251] Prism::DumpTest#"test_whitequark/parser_bug_989.txt" = 0.07 s
[ 2431/31251] Prism::DumpTest#"test_whitequark/parser_drops_truncated_parts_of_squiggly_heredoc.txt"
 = 0.11 s
[ 2432/31251] Prism::DumpTest#"test_whitequark/parser_slash_slash_n_escaping_in_literals.txt" = 0.74
 s
[ 2433/31251] Prism::DumpTest#"test_whitequark/pattern_matching__FILE__LINE_literals.txt" = 0.37 s
[ 2434/31251] Prism::DumpTest#"test_whitequark/pattern_matching_blank_else.txt" = 0.15 s
[ 2435/31251] Prism::DumpTest#"test_whitequark/pattern_matching_else.txt" = 0.27 s
[ 2436/31251] Prism::DumpTest#"test_whitequark/pattern_matching_single_line.txt" = 0.21 s
[ 2437/31251] Prism::DumpTest#"test_whitequark/pattern_matching_single_line_allowed_omission_of_pare
ntheses.txt" = 1.18 s
[ 2438/31251] Prism::DumpTest#"test_whitequark/postexe.txt" = 0.18 s
[ 2439/31251] Prism::DumpTest#"test_whitequark/preexe.txt" = 0.09 s
[ 2440/31251] Prism::DumpTest#"test_whitequark/procarg0.txt" = 0.39 s
[ 2441/31251] Prism::DumpTest#"test_whitequark/range_exclusive.txt" = 0.08 s
[ 2442/31251] Prism::DumpTest#"test_whitequark/range_inclusive.txt" = 0.09 s
[ 2443/31251] Prism::DumpTest#"test_whitequark/rational.txt" = 0.08 s
[ 2444/31251] Prism::DumpTest#"test_whitequark/regex_interp.txt" = 0.17 s
[ 2445/31251] Prism::DumpTest#"test_whitequark/regex_plain.txt" = 0.17 s
[ 2446/31251] Prism::DumpTest#"test_whitequark/resbody_list.txt" = 0.18 s
[ 2447/31251] Prism::DumpTest#"test_whitequark/resbody_list_mrhs.txt" = 0.20 s
[ 2448/31251] Prism::DumpTest#"test_whitequark/resbody_list_var.txt" = 0.21 s
[ 2449/31251] Prism::DumpTest#"test_whitequark/resbody_var.txt" = 0.35 s
[ 2450/31251] Prism::DumpTest#"test_whitequark/rescue.txt" = 0.17 s
[ 2451/31251] Prism::DumpTest#"test_whitequark/rescue_else.txt" = 0.22 s
[ 2452/31251] Prism::DumpTest#"test_whitequark/rescue_else_ensure.txt" = 0.29 s
[ 2453/31251] Prism::DumpTest#"test_whitequark/rescue_ensure.txt" = 0.22 s
[ 2454/31251] Prism::DumpTest#"test_whitequark/rescue_in_lambda_block.txt" = 0.11 s
[ 2455/31251] Prism::DumpTest#"test_whitequark/rescue_mod.txt" = 0.11 s
[ 2456/31251] Prism::DumpTest#"test_whitequark/rescue_mod_asgn.txt" = 0.14 s
[ 2457/31251] Prism::DumpTest#"test_whitequark/rescue_mod_masgn.txt" = 0.19 s
[ 2458/31251] Prism::DumpTest#"test_whitequark/rescue_mod_op_assign.txt" = 0.14 s
[ 2459/31251] Prism::DumpTest#"test_whitequark/rescue_without_begin_end.txt" = 0.22 s
[ 2460/31251] Prism::DumpTest#"test_whitequark/restarg_named.txt" = 0.14 s
[ 2461/31251] Prism::DumpTest#"test_whitequark/restarg_unnamed.txt" = 0.13 s
[ 2462/31251] Prism::DumpTest#"test_whitequark/return.txt" = 0.27 s
[ 2463/31251] Prism::DumpTest#"test_whitequark/return_block.txt" = 0.16 s
[ 2464/31251] Prism::DumpTest#"test_whitequark/ruby_bug_10279.txt" = 0.18 s
[ 2465/31251] Prism::DumpTest#"test_whitequark/ruby_bug_10653.txt" = 0.69 s
[ 2466/31251] Prism::DumpTest#"test_whitequark/ruby_bug_11107.txt" = 0.20 s
[ 2467/31251] Prism::DumpTest#"test_whitequark/ruby_bug_11380.txt" = 0.22 s
[ 2468/31251] Prism::DumpTest#"test_whitequark/ruby_bug_11873.txt" = 2.74 s
[ 2469/31251] Prism::DumpTest#"test_whitequark/ruby_bug_11873_a.txt" = 5.03 s
[ 2470/31251] Prism::DumpTest#"test_whitequark/ruby_bug_11873_b.txt" = 0.41 s
[ 2471/31251] Prism::DumpTest#"test_whitequark/ruby_bug_11989.txt" = 0.20 s
[ 2472/31251] Prism::DumpTest#"test_whitequark/ruby_bug_11990.txt" = 0.14 s
[ 2473/31251] Prism::DumpTest#"test_whitequark/ruby_bug_12073.txt" = 0.46 s
[ 2474/31251] Prism::DumpTest#"test_whitequark/ruby_bug_12402.txt" = 2.27 s
[ 2475/31251] Prism::DumpTest#"test_whitequark/ruby_bug_12669.txt" = 0.61 s
[ 2476/31251] Prism::DumpTest#"test_whitequark/ruby_bug_12686.txt" = 0.16 s
[ 2477/31251] Prism::DumpTest#"test_whitequark/ruby_bug_13547.txt" = 0.21 s
[ 2478/31251] Prism::DumpTest#"test_whitequark/ruby_bug_14690.txt" = 0.22 s
[ 2479/31251] Prism::DumpTest#"test_whitequark/ruby_bug_15789.txt" = 0.57 s
[ 2480/31251] Prism::DumpTest#"test_whitequark/ruby_bug_9669.txt" = 0.33 s
[ 2481/31251] Prism::DumpTest#"test_whitequark/sclass.txt" = 0.12 s
[ 2482/31251] Prism::DumpTest#"test_whitequark/self.txt" = 0.06 s
[ 2483/31251] Prism::DumpTest#"test_whitequark/send_attr_asgn.txt" = 0.43 s
[ 2484/31251] Prism::DumpTest#"test_whitequark/send_attr_asgn_conditional.txt" = 0.22 s
[ 2485/31251] Prism::DumpTest#"test_whitequark/send_binary_op.txt" = 1.82 s
[ 2486/31251] Prism::DumpTest#"test_whitequark/send_block_chain_cmd.txt" = 0.98 s
[ 2487/31251] Prism::DumpTest#"test_whitequark/send_block_conditional.txt" = 0.12 s
[ 2488/31251] Prism::DumpTest#"test_whitequark/send_call.txt" = 0.19 s
[ 2489/31251] Prism::DumpTest#"test_whitequark/send_conditional.txt" = 0.10 s
[ 2490/31251] Prism::DumpTest#"test_whitequark/send_index.txt" = 0.13 s
[ 2491/31251] Prism::DumpTest#"test_whitequark/send_index_asgn.txt" = 0.15 s
[ 2492/31251] Prism::DumpTest#"test_whitequark/send_index_asgn_legacy.txt" = 0.14 s
[ 2493/31251] Prism::DumpTest#"test_whitequark/send_index_cmd.txt" = 0.17 s
[ 2494/31251] Prism::DumpTest#"test_whitequark/send_index_legacy.txt" = 0.13 s
[ 2495/31251] Prism::DumpTest#"test_whitequark/send_lambda.txt" = 0.18 s
[ 2496/31251] Prism::DumpTest#"test_whitequark/send_lambda_args.txt" = 0.21 s
[ 2497/31251] Prism::DumpTest#"test_whitequark/send_lambda_args_noparen.txt" = 0.22 s
[ 2498/31251] Prism::DumpTest#"test_whitequark/send_lambda_args_shadow.txt" = 0.15 s
[ 2499/31251] Prism::DumpTest#"test_whitequark/send_lambda_legacy.txt" = 0.07 s
[ 2500/31251] Prism::DumpTest#"test_whitequark/send_op_asgn_conditional.txt" = 0.11 s
[ 2501/31251] Prism::DumpTest#"test_whitequark/send_plain.txt" = 0.21 s
[ 2502/31251] Prism::DumpTest#"test_whitequark/send_plain_cmd.txt" = 0.30 s
[ 2503/31251] Prism::DumpTest#"test_whitequark/send_self.txt" = 0.15 s
[ 2504/31251] Prism::DumpTest#"test_whitequark/send_self_block.txt" = 0.26 s
[ 2505/31251] Prism::DumpTest#"test_whitequark/send_unary_op.txt" = 0.20 s
[ 2506/31251] Prism::DumpTest#"test_whitequark/slash_newline_in_heredocs.txt" = 0.16 s
[ 2507/31251] Prism::DumpTest#"test_whitequark/space_args_arg.txt" = 0.12 s
[ 2508/31251] Prism::DumpTest#"test_whitequark/space_args_arg_block.txt" = 0.39 s
[ 2509/31251] Prism::DumpTest#"test_whitequark/space_args_arg_call.txt" = 0.15 s
[ 2510/31251] Prism::DumpTest#"test_whitequark/space_args_arg_newline.txt" = 0.12 s
[ 2511/31251] Prism::DumpTest#"test_whitequark/space_args_block.txt" = 0.12 s
[ 2512/31251] Prism::DumpTest#"test_whitequark/space_args_cmd.txt" = 0.17 s
[ 2513/31251] Prism::DumpTest#"test_whitequark/string___FILE__.txt" = 0.05 s
[ 2514/31251] Prism::DumpTest#"test_whitequark/string_concat.txt" = 0.38 s
[ 2515/31251] Prism::DumpTest#"test_whitequark/string_dvar.txt" = 0.19 s
[ 2516/31251] Prism::DumpTest#"test_whitequark/string_interp.txt" = 0.28 s
[ 2517/31251] Prism::DumpTest#"test_whitequark/string_plain.txt" = 0.10 s
[ 2518/31251] Prism::DumpTest#"test_whitequark/super.txt" = 0.19 s
[ 2519/31251] Prism::DumpTest#"test_whitequark/super_block.txt" = 0.30 s
[ 2520/31251] Prism::DumpTest#"test_whitequark/symbol_interp.txt" = 0.16 s
[ 2521/31251] Prism::DumpTest#"test_whitequark/symbol_plain.txt" = 0.10 s
[ 2522/31251] Prism::DumpTest#"test_whitequark/ternary.txt" = 0.16 s
[ 2523/31251] Prism::DumpTest#"test_whitequark/ternary_ambiguous_symbol.txt" = 0.22 s
[ 2524/31251] Prism::DumpTest#"test_whitequark/trailing_forward_arg.txt" = 0.33 s
[ 2525/31251] Prism::DumpTest#"test_whitequark/true.txt" = 0.06 s
[ 2526/31251] Prism::DumpTest#"test_whitequark/unary_num_pow_precedence.txt" = 0.37 s
[ 2527/31251] Prism::DumpTest#"test_whitequark/undef.txt" = 0.19 s
[ 2528/31251] Prism::DumpTest#"test_whitequark/unless.txt" = 0.32 s
[ 2529/31251] Prism::DumpTest#"test_whitequark/unless_else.txt" = 0.43 s
[ 2530/31251] Prism::DumpTest#"test_whitequark/unless_mod.txt" = 0.13 s
[ 2531/31251] Prism::DumpTest#"test_whitequark/until.txt" = 0.22 s
[ 2532/31251] Prism::DumpTest#"test_whitequark/until_mod.txt" = 0.13 s
[ 2533/31251] Prism::DumpTest#"test_whitequark/until_post.txt" = 0.16 s
[ 2534/31251] Prism::DumpTest#"test_whitequark/var_and_asgn.txt" = 0.08 s
[ 2535/31251] Prism::DumpTest#"test_whitequark/var_op_asgn.txt" = 0.24 s
[ 2536/31251] Prism::DumpTest#"test_whitequark/var_op_asgn_cmd.txt" = 0.12 s
[ 2537/31251] Prism::DumpTest#"test_whitequark/var_or_asgn.txt" = 0.18 s
[ 2538/31251] Prism::DumpTest#"test_whitequark/when_multi.txt" = 0.20 s
[ 2539/31251] Prism::DumpTest#"test_whitequark/when_splat.txt" = 0.38 s
[ 2540/31251] Prism::DumpTest#"test_whitequark/when_then.txt" = 0.18 s
[ 2541/31251] Prism::DumpTest#"test_whitequark/while.txt" = 0.32 s
[ 2542/31251] Prism::DumpTest#"test_whitequark/while_mod.txt" = 0.13 s
[ 2543/31251] Prism::DumpTest#"test_whitequark/while_post.txt" = 0.16 s
[ 2544/31251] Prism::DumpTest#"test_whitequark/xstring_interp.txt" = 0.26 s
[ 2545/31251] Prism::DumpTest#"test_whitequark/xstring_plain.txt" = 0.07 s
[ 2546/31251] Prism::DumpTest#"test_whitequark/zsuper.txt" = 0.05 s
[ 2547/31251] Prism::DumpTest#"test_xstring.txt" = 0.39 s
[ 2548/31251] Prism::DumpTest#"test_xstring_with_backslash.txt" = 0.07 s
[ 2549/31251] Prism::DumpTest#"test_yield.txt" = 0.50 s
[ 2550/31251] Prism::EncodingsTest#test_encoding_646 = 0.90 s
[ 2551/31251] Prism::EncodingsTest#"test_encoding_ANSI_X3.4-1968" = 0.86 s
[ 2552/31251] Prism::EncodingsTest#test_encoding_ASCII = 0.85 s
[ 2553/31251] Prism::EncodingsTest#"test_encoding_ASCII-8BIT" = 0.81 s
[ 2554/31251] Prism::EncodingsTest#test_encoding_BINARY = 0.79 s
[ 2555/31251] Prism::EncodingsTest#test_encoding_CP1253 = 1.28 s
[ 2556/31251] Prism::EncodingsTest#"test_encoding_US-ASCII" = 0.80 s
[ 2557/31251] Prism::EncodingsTest#"test_encoding_Windows-1253" = 1.23 s
[ 2558/31251] Prism::EqualityTest#test_equality = 0.09 s
[ 2559/31251] Prism::ErrorsTest#test_1_2_3 = 0.18 s
[ 2560/31251] Prism::ErrorsTest#test_aliasing_global_variable_with_global_number_variable = 0.02 s
[ 2561/31251] Prism::ErrorsTest#test_aliasing_global_variable_with_non_global_variable = 0.02 s
[ 2562/31251] Prism::ErrorsTest#test_aliasing_non_global_variable_with_global_variable = 0.02 s
[ 2563/31251] Prism::ErrorsTest#test_alnum_delimiters = 0.02 s
[ 2564/31251] Prism::ErrorsTest#test_alnum_delimiters_2 = 0.02 s
[ 2565/31251] Prism::ErrorsTest#test_alnum_delimiters_3 = 0.02 s
[ 2566/31251] Prism::ErrorsTest#test_alnum_delimiters_4 = 0.02 s
[ 2567/31251] Prism::ErrorsTest#test_alnum_delimiters_5 = 0.02 s
[ 2568/31251] Prism::ErrorsTest#test_alnum_delimiters_6 = 0.02 s
[ 2569/31251] Prism::ErrorsTest#test_alnum_delimiters_7 = 0.02 s
[ 2570/31251] Prism::ErrorsTest#test_alnum_delimiters_8 = 0.02 s
[ 2571/31251] Prism::ErrorsTest#test_alnum_delimiters_9 = 0.02 s
[ 2572/31251] Prism::ErrorsTest#test_amperand_dot_after_endless_range = 0.02 s
[ 2573/31251] Prism::ErrorsTest#test_argument_after_ellipsis = 0.03 s
[ 2574/31251] Prism::ErrorsTest#test_argument_forwarding_only_effects_its_own_internals = 0.03 s
[ 2575/31251] Prism::ErrorsTest#test_argument_forwarding_when_parent_is_not_forwarding = 0.03 s
[ 2576/31251] Prism::ErrorsTest#test_arguments_after_block = 0.10 s
[ 2577/31251] Prism::ErrorsTest#test_arguments_binding_power_for_and = 0.04 s
[ 2578/31251] Prism::ErrorsTest#test_arguments_invalid_comma = 0.03 s
[ 2579/31251] Prism::ErrorsTest#test_arguments_splat_after_star_star = 0.03 s
[ 2580/31251] Prism::ErrorsTest#test_array_invalid_comma = 0.03 s
[ 2581/31251] Prism::ErrorsTest#test_array_with_double_commas = 0.02 s
[ 2582/31251] Prism::ErrorsTest#test_assign_to_numbered_parameter = 0.07 s
[ 2583/31251] Prism::ErrorsTest#test_bad_arguments = 0.04 s
[ 2584/31251] Prism::ErrorsTest#test_begin_at_toplevel = 0.02 s
[ 2585/31251] Prism::ErrorsTest#test_binary_range_with_left_unary_range = 0.05 s
[ 2586/31251] Prism::ErrorsTest#test_block_arg_and_block = 0.02 s
[ 2587/31251] Prism::ErrorsTest#test_block_args_in_array_assignment = 0.03 s
[ 2588/31251] Prism::ErrorsTest#test_block_beginning_with_brace_and_ending_with_end = 0.04 s
[ 2589/31251] Prism::ErrorsTest#test_break_1 = 0.03 s
[ 2590/31251] Prism::ErrorsTest#test_break_1_2_3 = 0.05 s
[ 2591/31251] Prism::ErrorsTest#test_call_with_block_and_write = 0.03 s
[ 2592/31251] Prism::ErrorsTest#test_call_with_block_operator_write = 0.03 s
[ 2593/31251] Prism::ErrorsTest#test_call_with_block_or_write = 0.03 s
[ 2594/31251] Prism::ErrorsTest#test_cannot_assign_to_a_reserved_numbered_parameter = 0.09 s
[ 2595/31251] Prism::ErrorsTest#test_case_without_clauses = 0.02 s
[ 2596/31251] Prism::ErrorsTest#test_case_without_when_clauses_errors_on_else_clause = 0.02 s
[ 2597/31251] Prism::ErrorsTest#test_check_value_expression = 0.13 s
[ 2598/31251] Prism::ErrorsTest#test_circular_parameters = 0.05 s
[ 2599/31251] Prism::ErrorsTest#test_class_definition_in_method_body = 0.02 s
[ 2600/31251] Prism::ErrorsTest#test_class_definition_in_method_defs = 0.05 s
[ 2601/31251] Prism::ErrorsTest#test_class_name = 0.02 s
[ 2602/31251] Prism::ErrorsTest#test_command_call_in = 0.03 s
[ 2603/31251] Prism::ErrorsTest#test_command_calls = 0.02 s
[ 2604/31251] Prism::ErrorsTest#test_command_calls_10 = 0.02 s
[ 2605/31251] Prism::ErrorsTest#test_command_calls_11 = 0.03 s
[ 2606/31251] Prism::ErrorsTest#test_command_calls_12 = 0.02 s
[ 2607/31251] Prism::ErrorsTest#test_command_calls_13 = 0.02 s
[ 2608/31251] Prism::ErrorsTest#test_command_calls_14 = 0.03 s
[ 2609/31251] Prism::ErrorsTest#test_command_calls_15 = 0.02 s
[ 2610/31251] Prism::ErrorsTest#test_command_calls_16 = 0.03 s
[ 2611/31251] Prism::ErrorsTest#test_command_calls_17 = 0.04 s
[ 2612/31251] Prism::ErrorsTest#test_command_calls_18 = 0.02 s
[ 2613/31251] Prism::ErrorsTest#test_command_calls_19 = 0.02 s
[ 2614/31251] Prism::ErrorsTest#test_command_calls_2 = 0.04 s
[ 2615/31251] Prism::ErrorsTest#test_command_calls_20 = 0.02 s
[ 2616/31251] Prism::ErrorsTest#test_command_calls_21 = 0.03 s
[ 2617/31251] Prism::ErrorsTest#test_command_calls_22 = 0.03 s
[ 2618/31251] Prism::ErrorsTest#test_command_calls_23 = 0.03 s
[ 2619/31251] Prism::ErrorsTest#test_command_calls_24 = 0.03 s
[ 2620/31251] Prism::ErrorsTest#test_command_calls_25 = 0.05 s
[ 2621/31251] Prism::ErrorsTest#test_command_calls_26 = 0.02 s
[ 2622/31251] Prism::ErrorsTest#test_command_calls_27 = 0.03 s
[ 2623/31251] Prism::ErrorsTest#test_command_calls_28 = 0.03 s
[ 2624/31251] Prism::ErrorsTest#test_command_calls_29 = 0.02 s
[ 2625/31251] Prism::ErrorsTest#test_command_calls_3 = 0.02 s
[ 2626/31251] Prism::ErrorsTest#test_command_calls_30 = 0.02 s
[ 2627/31251] Prism::ErrorsTest#test_command_calls_4 = 0.02 s
[ 2628/31251] Prism::ErrorsTest#test_command_calls_5 = 0.03 s
[ 2629/31251] Prism::ErrorsTest#test_command_calls_6 = 0.04 s
[ 2630/31251] Prism::ErrorsTest#test_command_calls_7 = 0.04 s
[ 2631/31251] Prism::ErrorsTest#test_command_calls_8 = 0.04 s
[ 2632/31251] Prism::ErrorsTest#test_command_calls_9 = 0.04 s
[ 2633/31251] Prism::ErrorsTest#test_conditional_predicate_closed = 0.04 s
[ 2634/31251] Prism::ErrorsTest#test_constant_assignment_in_method = 0.02 s
[ 2635/31251] Prism::ErrorsTest#test_constant_path_with_invalid_token_after = 0.03 s
[ 2636/31251] Prism::ErrorsTest#test_content_after_unterminated_heredoc = 0.03 s
[ 2637/31251] Prism::ErrorsTest#test_cr_without_lf_in_percent_expression = 0.02 s
[ 2638/31251] Prism::ErrorsTest#test_def_ivar = 0.02 s
[ 2639/31251] Prism::ErrorsTest#test_def_with_empty_expression_receiver = 0.02 s
[ 2640/31251] Prism::ErrorsTest#test_def_with_expression_receiver_and_no_identifier = 0.03 s
[ 2641/31251] Prism::ErrorsTest#test_def_with_multiple_statements_receiver = 0.06 s
[ 2642/31251] Prism::ErrorsTest#test_defined_empty = 0.02 s
[ 2643/31251] Prism::ErrorsTest#test_defining_numbered_parameter = 0.02 s
[ 2644/31251] Prism::ErrorsTest#test_defining_numbered_parameter_2 = 0.02 s
[ 2645/31251] Prism::ErrorsTest#test_defs_endless_method = 0.06 s
[ 2646/31251] Prism::ErrorsTest#test_do_not_allow_characters_other_than_0_9_a_f_and_A_F_in_u_Unicode
_character_notation = 0.03 s
[ 2647/31251] Prism::ErrorsTest#test_do_not_allow_forward_arguments_in_blocks = 0.03 s
[ 2648/31251] Prism::ErrorsTest#test_do_not_allow_forward_arguments_in_lambda_literals = 0.02 s
[ 2649/31251] Prism::ErrorsTest#test_do_not_allow_more_than_6_hexadecimal_digits_in_u_Unicode_charac
ter_notation = 0.02 s
[ 2650/31251] Prism::ErrorsTest#test_do_not_allow_multiple_codepoints_in_a_single_character_literal
= 0.02 s
[ 2651/31251] Prism::ErrorsTest#test_do_not_allow_trailing_commas_in_lambda_parameters = 0.02 s
[ 2652/31251] Prism::ErrorsTest#test_do_not_allow_trailing_commas_in_method_parameters = 0.03 s
[ 2653/31251] Prism::ErrorsTest#test_dont_allow_return_inside_class_body = 0.02 s
[ 2654/31251] Prism::ErrorsTest#test_dont_allow_return_inside_module_body = 0.02 s
[ 2655/31251] Prism::ErrorsTest#test_dont_allow_return_inside_sclass_body = 0.02 s
[ 2656/31251] Prism::ErrorsTest#test_dont_allow_setting_to_back_and_nth_reference = 0.03 s
[ 2657/31251] Prism::ErrorsTest#test_double_arguments_forwarding = 0.03 s
[ 2658/31251] Prism::ErrorsTest#test_double_scope_numbered_parameters = 0.03 s
[ 2659/31251] Prism::ErrorsTest#test_double_scope_repeated_numbered_parameters = 0.03 s
[ 2660/31251] Prism::ErrorsTest#test_double_splat_followed_by_splat_argument = 0.03 s
[ 2661/31251] Prism::ErrorsTest#test_double_splat_with_double_commas = 0.02 s
[ 2662/31251] Prism::ErrorsTest#test_duplicate_pattern_capture = 0.12 s
[ 2663/31251] Prism::ErrorsTest#test_duplicate_pattern_hash_key = 0.03 s
[ 2664/31251] Prism::ErrorsTest#test_duplicate_pattern_hash_key_2 = 0.03 s
[ 2665/31251] Prism::ErrorsTest#test_duplicated_parameter_names = 0.03 s
[ 2666/31251] Prism::ErrorsTest#test_duplicated_parameter_names_2 = 0.03 s
[ 2667/31251] Prism::ErrorsTest#test_duplicated_parameter_names_3 = 0.03 s
[ 2668/31251] Prism::ErrorsTest#test_duplicated_parameter_names_4 = 0.03 s
[ 2669/31251] Prism::ErrorsTest#test_duplicated_parameter_names_5 = 0.03 s
[ 2670/31251] Prism::ErrorsTest#test_dynamic_label_pattern = 0.02 s
[ 2671/31251] Prism::ErrorsTest#test_ellipsis_in_no_paren_call = 0.03 s
[ 2672/31251] Prism::ErrorsTest#test_embdoc_ending = 0.04 s
[ 2673/31251] Prism::ErrorsTest#test_escape_unicode_curly_whitespace = 0.03 s
[ 2674/31251] Prism::ErrorsTest#test_for_loop_delimiter = 0.02 s
[ 2675/31251] Prism::ErrorsTest#test_for_loops_index_missing = 0.03 s
[ 2676/31251] Prism::ErrorsTest#test_for_loops_only_end = 0.04 s
[ 2677/31251] Prism::ErrorsTest#test_forwarding_arg_after_keyword_rest = 0.02 s
[ 2678/31251] Prism::ErrorsTest#test_forwarding_arg_and_block = 0.03 s
[ 2679/31251] Prism::ErrorsTest#test_heredoc_unterminated = 0.05 s
[ 2680/31251] Prism::ErrorsTest#test_incomplete_instance_var_string = 0.03 s
[ 2681/31251] Prism::ErrorsTest#test_index_call_with_block_and_write = 0.26 s
[ 2682/31251] Prism::ErrorsTest#test_index_call_with_block_operator_write = 0.04 s
[ 2683/31251] Prism::ErrorsTest#test_index_call_with_block_or_write = 0.03 s
[ 2684/31251] Prism::ErrorsTest#test_infix_after_label = 0.04 s
[ 2685/31251] Prism::ErrorsTest#test_interpolated_regular_expression_with_unknown_regexp_options = 0
.02 s
[ 2686/31251] Prism::ErrorsTest#test_invalid_global_variable_write = 0.03 s
[ 2687/31251] Prism::ErrorsTest#test_invalid_hex_escape = 0.02 s
[ 2688/31251] Prism::ErrorsTest#test_invalid_message_name = 0.02 s
[ 2689/31251] Prism::ErrorsTest#test_invalid_multi_target = 0.02 s
[ 2690/31251] Prism::ErrorsTest#test_invalid_multi_target_10 = 0.02 s
[ 2691/31251] Prism::ErrorsTest#test_invalid_multi_target_11 = 0.02 s
[ 2692/31251] Prism::ErrorsTest#test_invalid_multi_target_12 = 0.02 s
[ 2693/31251] Prism::ErrorsTest#test_invalid_multi_target_13 = 0.02 s
[ 2694/31251] Prism::ErrorsTest#test_invalid_multi_target_14 = 0.02 s
[ 2695/31251] Prism::ErrorsTest#test_invalid_multi_target_15 = 0.02 s
[ 2696/31251] Prism::ErrorsTest#test_invalid_multi_target_16 = 0.03 s
[ 2697/31251] Prism::ErrorsTest#test_invalid_multi_target_17 = 0.02 s
[ 2698/31251] Prism::ErrorsTest#test_invalid_multi_target_18 = 0.03 s
[ 2699/31251] Prism::ErrorsTest#test_invalid_multi_target_19 = 0.03 s
[ 2700/31251] Prism::ErrorsTest#test_invalid_multi_target_2 = 0.02 s
[ 2701/31251] Prism::ErrorsTest#test_invalid_multi_target_20 = 0.03 s
[ 2702/31251] Prism::ErrorsTest#test_invalid_multi_target_3 = 0.15 s
[ 2703/31251] Prism::ErrorsTest#test_invalid_multi_target_4 = 0.02 s
[ 2704/31251] Prism::ErrorsTest#test_invalid_multi_target_5 = 0.02 s
[ 2705/31251] Prism::ErrorsTest#test_invalid_multi_target_6 = 0.02 s
[ 2706/31251] Prism::ErrorsTest#test_invalid_multi_target_7 = 0.02 s
[ 2707/31251] Prism::ErrorsTest#test_invalid_multi_target_8 = 0.03 s
[ 2708/31251] Prism::ErrorsTest#test_invalid_multi_target_9 = 0.03 s
[ 2709/31251] Prism::ErrorsTest#test_invalid_number_underscores = 0.02 s
[ 2710/31251] Prism::ErrorsTest#test_invalid_number_underscores_10 = 0.02 s
[ 2711/31251] Prism::ErrorsTest#test_invalid_number_underscores_11 = 0.02 s
[ 2712/31251] Prism::ErrorsTest#test_invalid_number_underscores_12 = 0.02 s
[ 2713/31251] Prism::ErrorsTest#test_invalid_number_underscores_2 = 0.02 s
[ 2714/31251] Prism::ErrorsTest#test_invalid_number_underscores_3 = 0.02 s
[ 2715/31251] Prism::ErrorsTest#test_invalid_number_underscores_4 = 0.02 s
[ 2716/31251] Prism::ErrorsTest#test_invalid_number_underscores_5 = 0.02 s
[ 2717/31251] Prism::ErrorsTest#test_invalid_number_underscores_6 = 0.02 s
[ 2718/31251] Prism::ErrorsTest#test_invalid_number_underscores_7 = 0.02 s
[ 2719/31251] Prism::ErrorsTest#test_invalid_number_underscores_8 = 0.02 s
[ 2720/31251] Prism::ErrorsTest#test_invalid_number_underscores_9 = 0.02 s
[ 2721/31251] Prism::ErrorsTest#test_invalid_operator_write_dot = 0.02 s
[ 2722/31251] Prism::ErrorsTest#test_invalid_operator_write_fcall = 0.02 s
[ 2723/31251] Prism::ErrorsTest#test_invalid_splat = 0.03 s
[ 2724/31251] Prism::ErrorsTest#test_it_with_ordinary_parameter = 0.11 s
[ 2725/31251] Prism::ErrorsTest#test_keyword_args_in_array_assignment = 0.03 s
[ 2726/31251] Prism::ErrorsTest#test_keywords_parameters_before_required_parameters = 0.03 s
[ 2727/31251] Prism::ErrorsTest#test_label_in_parentheses = 0.02 s
[ 2728/31251] Prism::ErrorsTest#test_loop_conditional_is_closed = 0.03 s
[ 2729/31251] Prism::ErrorsTest#test_match_plus = 0.05 s
[ 2730/31251] Prism::ErrorsTest#test_match_predicate_after_and_with_dot_method_call = 0.03 s
[ 2731/31251] Prism::ErrorsTest#test_match_predicate_after_and_with_opreator = 0.03 s
[ 2732/31251] Prism::ErrorsTest#test_match_predicate_after_or_with_dot_method_call = 0.02 s
[ 2733/31251] Prism::ErrorsTest#test_match_predicate_after_or_with_opreator = 0.03 s
[ 2734/31251] Prism::ErrorsTest#test_match_predicate_after_rescue_with_dot_method_call = 0.02 s
[ 2735/31251] Prism::ErrorsTest#test_match_predicate_after_rescue_with_opreator = 0.03 s
[ 2736/31251] Prism::ErrorsTest#test_match_required_after_and_with_dot_method_call = 0.03 s
[ 2737/31251] Prism::ErrorsTest#test_match_required_after_and_with_opreator = 0.03 s
[ 2738/31251] Prism::ErrorsTest#test_match_required_after_or_with_dot_method_call = 0.02 s
[ 2739/31251] Prism::ErrorsTest#test_match_required_after_or_with_opreator = 0.03 s
[ 2740/31251] Prism::ErrorsTest#test_match_required_after_rescue_with_dot_method_call = 0.03 s
[ 2741/31251] Prism::ErrorsTest#test_match_required_after_rescue_with_opreator = 0.03 s
[ 2742/31251] Prism::ErrorsTest#test_method_parameters_after_arguments_forwarding = 0.03 s
[ 2743/31251] Prism::ErrorsTest#test_method_parameters_after_block = 0.03 s
[ 2744/31251] Prism::ErrorsTest#test_method_with_arguments_after_anonymous_block = 0.03 s
[ 2745/31251] Prism::ErrorsTest#test_missing_terminator_in_parentheses = 0.02 s
[ 2746/31251] Prism::ErrorsTest#test_module_definition_in_method_body = 0.02 s
[ 2747/31251] Prism::ErrorsTest#test_module_definition_in_method_body_within_block = 0.03 s
[ 2748/31251] Prism::ErrorsTest#test_module_definition_in_method_defs = 0.05 s
[ 2749/31251] Prism::ErrorsTest#test_module_name_recoverable = 0.03 s
[ 2750/31251] Prism::ErrorsTest#test_multi_target_parens = 0.12 s
[ 2751/31251] Prism::ErrorsTest#test_multi_target_star = 0.11 s
[ 2752/31251] Prism::ErrorsTest#test_multiple_error_in_parameters_order = 0.04 s
[ 2753/31251] Prism::ErrorsTest#test_newline_preceding_eof = 0.02 s
[ 2754/31251] Prism::ErrorsTest#test_next_1 = 0.03 s
[ 2755/31251] Prism::ErrorsTest#test_next_1_2_3 = 0.05 s
[ 2756/31251] Prism::ErrorsTest#test_non_assoc_equality = 0.26 s
[ 2757/31251] Prism::ErrorsTest#test_non_assoc_range = 0.04 s
[ 2758/31251] Prism::ErrorsTest#test_numbered_and_write = 0.02 s
[ 2759/31251] Prism::ErrorsTest#test_numbered_operator_write = 0.03 s
[ 2760/31251] Prism::ErrorsTest#test_numbered_or_write = 0.02 s
[ 2761/31251] Prism::ErrorsTest#test_numbered_parameters_in_block_arguments = 0.02 s
[ 2762/31251] Prism::ErrorsTest#test_optional_block_parameters_with_unary_operator = 0.03 s
[ 2763/31251] Prism::ErrorsTest#test_optional_block_parameters_with_unary_operator_2 = 0.03 s
[ 2764/31251] Prism::ErrorsTest#test_optional_block_parameters_with_unary_operator_3 = 0.03 s
[ 2765/31251] Prism::ErrorsTest#test_optional_block_parameters_with_unary_operator_4 = 0.03 s
[ 2766/31251] Prism::ErrorsTest#test_parameter_name_ending_with_bang_or_question_mark = 0.03 s
[ 2767/31251] Prism::ErrorsTest#test_parameters_invalid_comma = 0.03 s
[ 2768/31251] Prism::ErrorsTest#test_pre_execution_context = 0.03 s
[ 2769/31251] Prism::ErrorsTest#test_pre_execution_missing_brace = 0.02 s
[ 2770/31251] Prism::ErrorsTest#test_range_and_bin_op = 0.04 s
[ 2771/31251] Prism::ErrorsTest#test_range_and_bin_op_2 = 0.04 s
[ 2772/31251] Prism::ErrorsTest#test_range_and_bin_op_3 = 0.02 s
[ 2773/31251] Prism::ErrorsTest#test_range_and_bin_op_4 = 0.04 s
[ 2774/31251] Prism::ErrorsTest#test_range_and_bin_op_5 = 0.04 s
[ 2775/31251] Prism::ErrorsTest#test_range_and_bin_op_6 = 0.02 s
[ 2776/31251] Prism::ErrorsTest#test_range_and_bin_op_7 = 0.02 s
[ 2777/31251] Prism::ErrorsTest#test_range_and_bin_op_8 = 0.03 s
[ 2778/31251] Prism::ErrorsTest#test_range_doubled = 0.02 s
[ 2779/31251] Prism::ErrorsTest#test_rational_number_with_exponential_portion = 0.03 s
[ 2780/31251] Prism::ErrorsTest#test_regexp_unicode_too_short = 0.03 s
[ 2781/31251] Prism::ErrorsTest#test_regular_expression_with_unknown_regexp_options = 0.02 s
[ 2782/31251] Prism::ErrorsTest#test_repeated_parameter_name_in_destructured_params = 0.03 s
[ 2783/31251] Prism::ErrorsTest#test_rest_keywords_parameters_before_required_parameters = 0.03 s
[ 2784/31251] Prism::ErrorsTest#test_return_1 = 0.02 s
[ 2785/31251] Prism::ErrorsTest#test_return_1_2_3 = 0.05 s
[ 2786/31251] Prism::ErrorsTest#test_returning_to_optional_parameters_multiple_times = 0.03 s
[ 2787/31251] Prism::ErrorsTest#test_semicolon_after_inheritance_operator = 0.02 s
[ 2788/31251] Prism::ErrorsTest#test_setter_method_cannot_be_defined_in_an_endless_method_definition
 = 0.13 s
[ 2789/31251] Prism::ErrorsTest#test_shadow_args_in_block = 0.02 s
[ 2790/31251] Prism::ErrorsTest#test_shadow_args_in_lambda = 0.03 s
[ 2791/31251] Prism::ErrorsTest#test_singleton_class_delimiter = 0.03 s
[ 2792/31251] Prism::ErrorsTest#test_singleton_method_for_literals = 0.26 s
[ 2793/31251] Prism::ErrorsTest#test_splat_argument_after_keyword_argument = 0.03 s
[ 2794/31251] Prism::ErrorsTest#test_statement_at_non_statement = 0.06 s
[ 2795/31251] Prism::ErrorsTest#test_statement_operators = 0.17 s
[ 2796/31251] Prism::ErrorsTest#test_switching_to_named_arguments_twice = 0.03 s
[ 2797/31251] Prism::ErrorsTest#test_switching_to_optional_arguments_twice = 0.03 s
[ 2798/31251] Prism::ErrorsTest#test_symbol_in_hash = 0.13 s
[ 2799/31251] Prism::ErrorsTest#test_symbol_in_keyword_parameter = 0.02 s
[ 2800/31251] Prism::ErrorsTest#test_targeting_numbered_parameter = 0.02 s
[ 2801/31251] Prism::ErrorsTest#test_top_level_constant_starting_with_downcased_identifier = 0.03 s
[ 2802/31251] Prism::ErrorsTest#test_top_level_constant_with_downcased_identifier = 0.03 s
[ 2803/31251] Prism::ErrorsTest#test_trailing_comma_after_block = 0.02 s
[ 2804/31251] Prism::ErrorsTest#test_trailing_comma_in_calls = 0.02 s
[ 2805/31251] Prism::ErrorsTest#test_unexpected_block = 0.02 s
[ 2806/31251] Prism::ErrorsTest#test_unterminated_W_list = 0.02 s
[ 2807/31251] Prism::ErrorsTest#test_unterminated_argument_expression = 0.03 s
[ 2808/31251] Prism::ErrorsTest#test_unterminated_block = 0.03 s
[ 2809/31251] Prism::ErrorsTest#test_unterminated_embdoc = 0.02 s
[ 2810/31251] Prism::ErrorsTest#test_unterminated_embdoc_2 = 0.02 s
[ 2811/31251] Prism::ErrorsTest#test_unterminated_empty_string = 0.15 s
[ 2812/31251] Prism::ErrorsTest#test_unterminated_empty_string_closing = 0.01 s
[ 2813/31251] Prism::ErrorsTest#test_unterminated_global_variable = 0.02 s
[ 2814/31251] Prism::ErrorsTest#test_unterminated_global_variable_2 = 0.02 s
[ 2815/31251] Prism::ErrorsTest#test_unterminated_i_list = 0.02 s
[ 2816/31251] Prism::ErrorsTest#test_unterminated_interpolated_string = 0.02 s
[ 2817/31251] Prism::ErrorsTest#test_unterminated_interpolated_string_closing = 0.01 s
[ 2818/31251] Prism::ErrorsTest#test_unterminated_interpolated_symbol = 0.02 s
[ 2819/31251] Prism::ErrorsTest#test_unterminated_method_parameters = 0.02 s
[ 2820/31251] Prism::ErrorsTest#test_unterminated_parenthesized_expression = 0.03 s
[ 2821/31251] Prism::ErrorsTest#test_unterminated_regular_expression = 0.02 s
[ 2822/31251] Prism::ErrorsTest#test_unterminated_regular_expression_with_heredoc = 0.03 s
[ 2823/31251] Prism::ErrorsTest#test_unterminated_s_symbol = 0.02 s
[ 2824/31251] Prism::ErrorsTest#test_unterminated_string = 0.02 s
[ 2825/31251] Prism::ErrorsTest#test_unterminated_string_closing = 0.01 s
[ 2826/31251] Prism::ErrorsTest#test_unterminated_unicode_brackets_should_be_a_syntax_error = 0.02 s
[ 2827/31251] Prism::ErrorsTest#test_unterminated_xstring = 0.02 s
[ 2828/31251] Prism::ErrorsTest#test_void_value_expression_in_arguments = 0.11 s
[ 2829/31251] Prism::ErrorsTest#test_void_value_expression_in_array = 0.09 s
[ 2830/31251] Prism::ErrorsTest#test_void_value_expression_in_assignment = 0.06 s
[ 2831/31251] Prism::ErrorsTest#test_void_value_expression_in_begin_statement = 0.14 s
[ 2832/31251] Prism::ErrorsTest#test_void_value_expression_in_binary_call = 0.06 s
[ 2833/31251] Prism::ErrorsTest#test_void_value_expression_in_call = 0.07 s
[ 2834/31251] Prism::ErrorsTest#test_void_value_expression_in_constant_path = 0.04 s
[ 2835/31251] Prism::ErrorsTest#test_void_value_expression_in_def = 0.05 s
[ 2836/31251] Prism::ErrorsTest#test_void_value_expression_in_expression = 0.12 s
[ 2837/31251] Prism::ErrorsTest#test_void_value_expression_in_hash = 0.05 s
[ 2838/31251] Prism::ErrorsTest#test_void_value_expression_in_modifier = 0.08 s
[ 2839/31251] Prism::ErrorsTest#test_void_value_expression_in_statement = 0.12 s
[ 2840/31251] Prism::ErrorsTest#test_void_value_expression_in_unary_call = 0.03 s
[ 2841/31251] Prism::ErrorsTest#test_while_endless_method = 0.03 s
[ 2842/31251] Prism::ErrorsTest#test_writing_numbered_parameter = 0.02 s
[ 2843/31251] Prism::FixturesTest#"test_alias.txt" = 0.02 s
[ 2844/31251] Prism::FixturesTest#"test_arithmetic.txt" = 0.01 s
[ 2845/31251] Prism::FixturesTest#"test_arrays.txt" = 0.01 s
[ 2846/31251] Prism::FixturesTest#"test_begin_ensure.txt" = 0.01 s
[ 2847/31251] Prism::FixturesTest#"test_begin_rescue.txt" = 0.01 s
[ 2848/31251] Prism::FixturesTest#"test_blocks.txt" = 0.01 s
[ 2849/31251] Prism::FixturesTest#"test_boolean_operators.txt" = 0.01 s
[ 2850/31251] Prism::FixturesTest#"test_booleans.txt" = 0.01 s
[ 2851/31251] Prism::FixturesTest#"test_break.txt" = 0.01 s
[ 2852/31251] Prism::FixturesTest#"test_case.txt" = 0.01 s
[ 2853/31251] Prism::FixturesTest#"test_classes.txt" = 0.01 s
[ 2854/31251] Prism::FixturesTest#"test_command_method_call.txt" = 0.01 s
[ 2855/31251] Prism::FixturesTest#"test_comments.txt" = 0.01 s
[ 2856/31251] Prism::FixturesTest#"test_constants.txt" = 0.01 s
[ 2857/31251] Prism::FixturesTest#"test_dash_heredocs.txt" = 0.01 s
[ 2858/31251] Prism::FixturesTest#"test_defined.txt" = 0.01 s
[ 2859/31251] Prism::FixturesTest#"test_dos_endings.txt" = 0.01 s
[ 2860/31251] Prism::FixturesTest#"test_dstring.txt" = 0.01 s
[ 2861/31251] Prism::FixturesTest#"test_dsym_str.txt" = 0.01 s
[ 2862/31251] Prism::FixturesTest#"test_embdoc_no_newline_at_end.txt" = 0.01 s
[ 2863/31251] Prism::FixturesTest#"test_emoji_method_calls.txt" = 0.01 s
[ 2864/31251] Prism::FixturesTest#"test_endless_methods.txt" = 0.01 s
[ 2865/31251] Prism::FixturesTest#"test_endless_range_in_conditional.txt" = 0.01 s
[ 2866/31251] Prism::FixturesTest#"test_for.txt" = 0.01 s
[ 2867/31251] Prism::FixturesTest#"test_global_variables.txt" = 0.01 s
[ 2868/31251] Prism::FixturesTest#"test_hashes.txt" = 0.01 s
[ 2869/31251] Prism::FixturesTest#"test_heredoc.txt" = 0.01 s
[ 2870/31251] Prism::FixturesTest#"test_heredoc_with_carriage_returns.txt" = 0.01 s
[ 2871/31251] Prism::FixturesTest#"test_heredoc_with_comment.txt" = 0.01 s
[ 2872/31251] Prism::FixturesTest#"test_heredoc_with_escaped_newline_at_start.txt" = 0.01 s
[ 2873/31251] Prism::FixturesTest#"test_heredoc_with_trailing_newline.txt" = 0.01 s
[ 2874/31251] Prism::FixturesTest#"test_heredocs_leading_whitespace.txt" = 0.01 s
[ 2875/31251] Prism::FixturesTest#"test_heredocs_nested.txt" = 0.01 s
[ 2876/31251] Prism::FixturesTest#"test_heredocs_with_ignored_newlines.txt" = 0.01 s
[ 2877/31251] Prism::FixturesTest#"test_heredocs_with_ignored_newlines_and_non_empty.txt" = 0.01 s
[ 2878/31251] Prism::FixturesTest#"test_if.txt" = 0.01 s
[ 2879/31251] Prism::FixturesTest#"test_indented_file_end.txt" = 0.01 s
[ 2880/31251] Prism::FixturesTest#"test_integer_operations.txt" = 0.01 s
[ 2881/31251] Prism::FixturesTest#"test_it_indirect_writes.txt" = 0.01 s
[ 2882/31251] Prism::FixturesTest#"test_keyword_method_names.txt" = 0.01 s
[ 2883/31251] Prism::FixturesTest#"test_keywords.txt" = 0.01 s
[ 2884/31251] Prism::FixturesTest#"test_lambda.txt" = 0.01 s
[ 2885/31251] Prism::FixturesTest#"test_method_calls.txt" = 0.01 s
[ 2886/31251] Prism::FixturesTest#"test_methods.txt" = 0.01 s
[ 2887/31251] Prism::FixturesTest#"test_modules.txt" = 0.01 s
[ 2888/31251] Prism::FixturesTest#"test_multi_write.txt" = 0.01 s
[ 2889/31251] Prism::FixturesTest#"test_newline_terminated.txt" = 0.01 s
[ 2890/31251] Prism::FixturesTest#"test_next.txt" = 0.01 s
[ 2891/31251] Prism::FixturesTest#"test_nils.txt" = 0.01 s
[ 2892/31251] Prism::FixturesTest#"test_non_alphanumeric_methods.txt" = 0.01 s
[ 2893/31251] Prism::FixturesTest#"test_not.txt" = 0.01 s
[ 2894/31251] Prism::FixturesTest#"test_numbers.txt" = 0.01 s
[ 2895/31251] Prism::FixturesTest#"test_patterns.txt" = 0.01 s
[ 2896/31251] Prism::FixturesTest#"test_procs.txt" = 0.01 s
[ 2897/31251] Prism::FixturesTest#"test_range_begin_open_exclusive.txt" = 0.01 s
[ 2898/31251] Prism::FixturesTest#"test_range_begin_open_inclusive.txt" = 0.01 s
[ 2899/31251] Prism::FixturesTest#"test_range_beginless.txt" = 0.01 s
[ 2900/31251] Prism::FixturesTest#"test_range_end_open_exclusive.txt" = 0.01 s
[ 2901/31251] Prism::FixturesTest#"test_range_end_open_inclusive.txt" = 0.01 s
[ 2902/31251] Prism::FixturesTest#"test_ranges.txt" = 0.01 s
[ 2903/31251] Prism::FixturesTest#"test_regex.txt" = 0.01 s
[ 2904/31251] Prism::FixturesTest#"test_regex_char_width.txt" = 0.01 s
[ 2905/31251] Prism::FixturesTest#"test_regex_escape_encoding.txt" = 0.01 s
[ 2906/31251] Prism::FixturesTest#"test_repeat_parameters.txt" = 0.01 s
[ 2907/31251] Prism::FixturesTest#"test_rescue.txt" = 0.01 s
[ 2908/31251] Prism::FixturesTest#"test_rescue_modifier.txt" = 0.01 s
[ 2909/31251] Prism::FixturesTest#"test_return.txt" = 0.01 s
[ 2910/31251] Prism::FixturesTest#"test_seattlerb/BEGIN.txt" = 0.01 s
[ 2911/31251] Prism::FixturesTest#"test_seattlerb/TestRubyParserShared.txt" = 0.01 s
[ 2912/31251] Prism::FixturesTest#"test_seattlerb/__ENCODING__.txt" = 0.01 s
[ 2913/31251] Prism::FixturesTest#"test_seattlerb/alias_gvar_backref.txt" = 0.01 s
[ 2914/31251] Prism::FixturesTest#"test_seattlerb/alias_resword.txt" = 0.01 s
[ 2915/31251] Prism::FixturesTest#"test_seattlerb/and_multi.txt" = 0.01 s
[ 2916/31251] Prism::FixturesTest#"test_seattlerb/aref_args_assocs.txt" = 0.01 s
[ 2917/31251] Prism::FixturesTest#"test_seattlerb/aref_args_lit_assocs.txt" = 0.01 s
[ 2918/31251] Prism::FixturesTest#"test_seattlerb/args_kw_block.txt" = 0.01 s
[ 2919/31251] Prism::FixturesTest#"test_seattlerb/array_line_breaks.txt" = 0.01 s
[ 2920/31251] Prism::FixturesTest#"test_seattlerb/array_lits_trailing_calls.txt" = 0.01 s
[ 2921/31251] Prism::FixturesTest#"test_seattlerb/assoc__bare.txt" = 0.01 s
[ 2922/31251] Prism::FixturesTest#"test_seattlerb/assoc_label.txt" = 0.01 s
[ 2923/31251] Prism::FixturesTest#"test_seattlerb/attr_asgn_colon_id.txt" = 0.01 s
[ 2924/31251] Prism::FixturesTest#"test_seattlerb/attrasgn_array_arg.txt" = 0.01 s
[ 2925/31251] Prism::FixturesTest#"test_seattlerb/attrasgn_array_lhs.txt" = 0.01 s
[ 2926/31251] Prism::FixturesTest#"test_seattlerb/attrasgn_primary_dot_constant.txt" = 0.01 s
[ 2927/31251] Prism::FixturesTest#"test_seattlerb/backticks_interpolation_line.txt" = 0.01 s
[ 2928/31251] Prism::FixturesTest#"test_seattlerb/bang_eq.txt" = 0.01 s
[ 2929/31251] Prism::FixturesTest#"test_seattlerb/bdot2.txt" = 0.01 s
[ 2930/31251] Prism::FixturesTest#"test_seattlerb/bdot3.txt" = 0.01 s
[ 2931/31251] Prism::FixturesTest#"test_seattlerb/begin_ensure_no_bodies.txt" = 0.01 s
[ 2932/31251] Prism::FixturesTest#"test_seattlerb/begin_rescue_else_ensure_bodies.txt" = 0.01 s
[ 2933/31251] Prism::FixturesTest#"test_seattlerb/begin_rescue_else_ensure_no_bodies.txt" = 0.01 s
[ 2934/31251] Prism::FixturesTest#"test_seattlerb/begin_rescue_ensure_no_bodies.txt" = 0.01 s
[ 2935/31251] Prism::FixturesTest#"test_seattlerb/block_arg__bare.txt" = 0.01 s
[ 2936/31251] Prism::FixturesTest#"test_seattlerb/block_arg_kwsplat.txt" = 0.01 s
[ 2937/31251] Prism::FixturesTest#"test_seattlerb/block_arg_opt_arg_block.txt" = 0.01 s
[ 2938/31251] Prism::FixturesTest#"test_seattlerb/block_arg_opt_splat.txt" = 0.01 s
[ 2939/31251] Prism::FixturesTest#"test_seattlerb/block_arg_opt_splat_arg_block_omfg.txt" = 0.01 s
[ 2940/31251] Prism::FixturesTest#"test_seattlerb/block_arg_optional.txt" = 0.01 s
[ 2941/31251] Prism::FixturesTest#"test_seattlerb/block_arg_scope.txt" = 0.01 s
[ 2942/31251] Prism::FixturesTest#"test_seattlerb/block_arg_scope2.txt" = 0.01 s
[ 2943/31251] Prism::FixturesTest#"test_seattlerb/block_arg_splat_arg.txt" = 0.01 s
[ 2944/31251] Prism::FixturesTest#"test_seattlerb/block_args_kwargs.txt" = 0.01 s
[ 2945/31251] Prism::FixturesTest#"test_seattlerb/block_args_no_kwargs.txt" = 0.01 s
[ 2946/31251] Prism::FixturesTest#"test_seattlerb/block_args_opt1.txt" = 0.01 s
[ 2947/31251] Prism::FixturesTest#"test_seattlerb/block_args_opt2.txt" = 0.01 s
[ 2948/31251] Prism::FixturesTest#"test_seattlerb/block_args_opt2_2.txt" = 0.01 s
[ 2949/31251] Prism::FixturesTest#"test_seattlerb/block_args_opt3.txt" = 0.01 s
[ 2950/31251] Prism::FixturesTest#"test_seattlerb/block_call_defn_call_block_call.txt" = 0.01 s
[ 2951/31251] Prism::FixturesTest#"test_seattlerb/block_call_dot_op2_brace_block.txt" = 0.01 s
[ 2952/31251] Prism::FixturesTest#"test_seattlerb/block_call_dot_op2_cmd_args_do_block.txt" = 0.01 s
[ 2953/31251] Prism::FixturesTest#"test_seattlerb/block_call_operation_colon.txt" = 0.01 s
[ 2954/31251] Prism::FixturesTest#"test_seattlerb/block_call_operation_dot.txt" = 0.01 s
[ 2955/31251] Prism::FixturesTest#"test_seattlerb/block_call_paren_call_block_call.txt" = 0.01 s
[ 2956/31251] Prism::FixturesTest#"test_seattlerb/block_command_operation_colon.txt" = 0.01 s
[ 2957/31251] Prism::FixturesTest#"test_seattlerb/block_command_operation_dot.txt" = 0.01 s
[ 2958/31251] Prism::FixturesTest#"test_seattlerb/block_decomp_anon_splat_arg.txt" = 0.01 s
[ 2959/31251] Prism::FixturesTest#"test_seattlerb/block_decomp_arg_splat.txt" = 0.01 s
[ 2960/31251] Prism::FixturesTest#"test_seattlerb/block_decomp_arg_splat_arg.txt" = 0.01 s
[ 2961/31251] Prism::FixturesTest#"test_seattlerb/block_decomp_splat.txt" = 0.01 s
[ 2962/31251] Prism::FixturesTest#"test_seattlerb/block_kw.txt" = 0.01 s
[ 2963/31251] Prism::FixturesTest#"test_seattlerb/block_kw__required.txt" = 0.01 s
[ 2964/31251] Prism::FixturesTest#"test_seattlerb/block_kwarg_lvar.txt" = 0.01 s
[ 2965/31251] Prism::FixturesTest#"test_seattlerb/block_kwarg_lvar_multiple.txt" = 0.01 s
[ 2966/31251] Prism::FixturesTest#"test_seattlerb/block_opt_arg.txt" = 0.01 s
[ 2967/31251] Prism::FixturesTest#"test_seattlerb/block_opt_splat.txt" = 0.01 s
[ 2968/31251] Prism::FixturesTest#"test_seattlerb/block_opt_splat_arg_block_omfg.txt" = 0.01 s
[ 2969/31251] Prism::FixturesTest#"test_seattlerb/block_optarg.txt" = 0.01 s
[ 2970/31251] Prism::FixturesTest#"test_seattlerb/block_paren_splat.txt" = 0.01 s
[ 2971/31251] Prism::FixturesTest#"test_seattlerb/block_reg_optarg.txt" = 0.01 s
[ 2972/31251] Prism::FixturesTest#"test_seattlerb/block_return.txt" = 0.01 s
[ 2973/31251] Prism::FixturesTest#"test_seattlerb/block_scope.txt" = 0.01 s
[ 2974/31251] Prism::FixturesTest#"test_seattlerb/block_splat_reg.txt" = 0.01 s
[ 2975/31251] Prism::FixturesTest#"test_seattlerb/bug169.txt" = 0.01 s
[ 2976/31251] Prism::FixturesTest#"test_seattlerb/bug179.txt" = 0.01 s
[ 2977/31251] Prism::FixturesTest#"test_seattlerb/bug190.txt" = 0.01 s
[ 2978/31251] Prism::FixturesTest#"test_seattlerb/bug191.txt" = 0.01 s
[ 2979/31251] Prism::FixturesTest#"test_seattlerb/bug202.txt" = 0.01 s
[ 2980/31251] Prism::FixturesTest#"test_seattlerb/bug236.txt" = 0.01 s
[ 2981/31251] Prism::FixturesTest#"test_seattlerb/bug290.txt" = 0.01 s
[ 2982/31251] Prism::FixturesTest#"test_seattlerb/bug_187.txt" = 0.01 s
[ 2983/31251] Prism::FixturesTest#"test_seattlerb/bug_215.txt" = 0.01 s
[ 2984/31251] Prism::FixturesTest#"test_seattlerb/bug_249.txt" = 0.01 s
[ 2985/31251] Prism::FixturesTest#"test_seattlerb/bug_and.txt" = 0.01 s
[ 2986/31251] Prism::FixturesTest#"test_seattlerb/bug_args__19.txt" = 0.01 s
[ 2987/31251] Prism::FixturesTest#"test_seattlerb/bug_args_masgn.txt" = 0.01 s
[ 2988/31251] Prism::FixturesTest#"test_seattlerb/bug_args_masgn2.txt" = 0.01 s
[ 2989/31251] Prism::FixturesTest#"test_seattlerb/bug_args_masgn_outer_parens__19.txt" = 0.01 s
[ 2990/31251] Prism::FixturesTest#"test_seattlerb/bug_call_arglist_parens.txt" = 0.01 s
[ 2991/31251] Prism::FixturesTest#"test_seattlerb/bug_case_when_regexp.txt" = 0.01 s
[ 2992/31251] Prism::FixturesTest#"test_seattlerb/bug_comma.txt" = 0.01 s
[ 2993/31251] Prism::FixturesTest#"test_seattlerb/bug_cond_pct.txt" = 0.01 s
[ 2994/31251] Prism::FixturesTest#"test_seattlerb/bug_hash_args.txt" = 0.01 s
[ 2995/31251] Prism::FixturesTest#"test_seattlerb/bug_hash_args_trailing_comma.txt" = 0.01 s
[ 2996/31251] Prism::FixturesTest#"test_seattlerb/bug_hash_interp_array.txt" = 0.01 s
[ 2997/31251] Prism::FixturesTest#"test_seattlerb/bug_masgn_right.txt" = 0.01 s
[ 2998/31251] Prism::FixturesTest#"test_seattlerb/bug_not_parens.txt" = 0.01 s
[ 2999/31251] Prism::FixturesTest#"test_seattlerb/bug_op_asgn_rescue.txt" = 0.01 s
[ 3000/31251] Prism::FixturesTest#"test_seattlerb/call_and.txt" = 0.01 s
[ 3001/31251] Prism::FixturesTest#"test_seattlerb/call_arg_assoc.txt" = 0.01 s
[ 3002/31251] Prism::FixturesTest#"test_seattlerb/call_arg_assoc_kwsplat.txt" = 0.01 s
[ 3003/31251] Prism::FixturesTest#"test_seattlerb/call_arg_kwsplat.txt" = 0.01 s
[ 3004/31251] Prism::FixturesTest#"test_seattlerb/call_args_assoc_quoted.txt" = 0.01 s
[ 3005/31251] Prism::FixturesTest#"test_seattlerb/call_args_assoc_trailing_comma.txt" = 0.01 s
[ 3006/31251] Prism::FixturesTest#"test_seattlerb/call_args_command.txt" = 0.01 s
[ 3007/31251] Prism::FixturesTest#"test_seattlerb/call_array_arg.txt" = 0.01 s
[ 3008/31251] Prism::FixturesTest#"test_seattlerb/call_array_block_call.txt" = 0.01 s
[ 3009/31251] Prism::FixturesTest#"test_seattlerb/call_array_lambda_block_call.txt" = 0.01 s
[ 3010/31251] Prism::FixturesTest#"test_seattlerb/call_array_lit_inline_hash.txt" = 0.01 s
[ 3011/31251] Prism::FixturesTest#"test_seattlerb/call_assoc.txt" = 0.01 s
[ 3012/31251] Prism::FixturesTest#"test_seattlerb/call_assoc_new.txt" = 0.01 s
[ 3013/31251] Prism::FixturesTest#"test_seattlerb/call_assoc_new_if_multiline.txt" = 0.01 s
[ 3014/31251] Prism::FixturesTest#"test_seattlerb/call_assoc_trailing_comma.txt" = 0.01 s
[ 3015/31251] Prism::FixturesTest#"test_seattlerb/call_bang_command_call.txt" = 0.01 s
[ 3016/31251] Prism::FixturesTest#"test_seattlerb/call_bang_squiggle.txt" = 0.01 s
[ 3017/31251] Prism::FixturesTest#"test_seattlerb/call_begin_call_block_call.txt" = 0.01 s
[ 3018/31251] Prism::FixturesTest#"test_seattlerb/call_block_arg_named.txt" = 0.01 s
[ 3019/31251] Prism::FixturesTest#"test_seattlerb/call_carat.txt" = 0.01 s
[ 3020/31251] Prism::FixturesTest#"test_seattlerb/call_colon2.txt" = 0.01 s
[ 3021/31251] Prism::FixturesTest#"test_seattlerb/call_colon_parens.txt" = 0.01 s
[ 3022/31251] Prism::FixturesTest#"test_seattlerb/call_div.txt" = 0.01 s
[ 3023/31251] Prism::FixturesTest#"test_seattlerb/call_dot_parens.txt" = 0.01 s
[ 3024/31251] Prism::FixturesTest#"test_seattlerb/call_env.txt" = 0.01 s
[ 3025/31251] Prism::FixturesTest#"test_seattlerb/call_eq3.txt" = 0.01 s
[ 3026/31251] Prism::FixturesTest#"test_seattlerb/call_gt.txt" = 0.01 s
[ 3027/31251] Prism::FixturesTest#"test_seattlerb/call_kwsplat.txt" = 0.01 s
[ 3028/31251] Prism::FixturesTest#"test_seattlerb/call_leading_dots.txt" = 0.01 s
[ 3029/31251] Prism::FixturesTest#"test_seattlerb/call_leading_dots_comment.txt" = 0.01 s
[ 3030/31251] Prism::FixturesTest#"test_seattlerb/call_lt.txt" = 0.01 s
[ 3031/31251] Prism::FixturesTest#"test_seattlerb/call_lte.txt" = 0.01 s
[ 3032/31251] Prism::FixturesTest#"test_seattlerb/call_not.txt" = 0.01 s
[ 3033/31251] Prism::FixturesTest#"test_seattlerb/call_pipe.txt" = 0.01 s
[ 3034/31251] Prism::FixturesTest#"test_seattlerb/call_rshift.txt" = 0.01 s
[ 3035/31251] Prism::FixturesTest#"test_seattlerb/call_self_brackets.txt" = 0.01 s
[ 3036/31251] Prism::FixturesTest#"test_seattlerb/call_spaceship.txt" = 0.01 s
[ 3037/31251] Prism::FixturesTest#"test_seattlerb/call_stabby_do_end_with_block.txt" = 0.01 s
[ 3038/31251] Prism::FixturesTest#"test_seattlerb/call_stabby_with_braces_block.txt" = 0.01 s
[ 3039/31251] Prism::FixturesTest#"test_seattlerb/call_star.txt" = 0.01 s
[ 3040/31251] Prism::FixturesTest#"test_seattlerb/call_star2.txt" = 0.01 s
[ 3041/31251] Prism::FixturesTest#"test_seattlerb/call_trailing_comma.txt" = 0.01 s
[ 3042/31251] Prism::FixturesTest#"test_seattlerb/call_trailing_dots.txt" = 0.01 s
[ 3043/31251] Prism::FixturesTest#"test_seattlerb/call_unary_bang.txt" = 0.01 s
[ 3044/31251] Prism::FixturesTest#"test_seattlerb/case_in.txt" = 0.01 s
[ 3045/31251] Prism::FixturesTest#"test_seattlerb/case_in_31.txt" = 0.01 s
[ 3046/31251] Prism::FixturesTest#"test_seattlerb/case_in_37.txt" = 0.01 s
[ 3047/31251] Prism::FixturesTest#"test_seattlerb/case_in_42.txt" = 0.01 s
[ 3048/31251] Prism::FixturesTest#"test_seattlerb/case_in_42_2.txt" = 0.01 s
[ 3049/31251] Prism::FixturesTest#"test_seattlerb/case_in_47.txt" = 0.01 s
[ 3050/31251] Prism::FixturesTest#"test_seattlerb/case_in_67.txt" = 0.01 s
[ 3051/31251] Prism::FixturesTest#"test_seattlerb/case_in_86.txt" = 0.01 s
[ 3052/31251] Prism::FixturesTest#"test_seattlerb/case_in_86_2.txt" = 0.01 s
[ 3053/31251] Prism::FixturesTest#"test_seattlerb/case_in_array_pat_const.txt" = 0.01 s
[ 3054/31251] Prism::FixturesTest#"test_seattlerb/case_in_array_pat_const2.txt" = 0.01 s
[ 3055/31251] Prism::FixturesTest#"test_seattlerb/case_in_array_pat_paren_assign.txt" = 0.01 s
[ 3056/31251] Prism::FixturesTest#"test_seattlerb/case_in_const.txt" = 0.01 s
[ 3057/31251] Prism::FixturesTest#"test_seattlerb/case_in_else.txt" = 0.01 s
[ 3058/31251] Prism::FixturesTest#"test_seattlerb/case_in_find.txt" = 0.01 s
[ 3059/31251] Prism::FixturesTest#"test_seattlerb/case_in_find_array.txt" = 0.01 s
[ 3060/31251] Prism::FixturesTest#"test_seattlerb/case_in_hash_pat.txt" = 0.01 s
[ 3061/31251] Prism::FixturesTest#"test_seattlerb/case_in_hash_pat_assign.txt" = 0.01 s
[ 3062/31251] Prism::FixturesTest#"test_seattlerb/case_in_hash_pat_paren_assign.txt" = 0.01 s
[ 3063/31251] Prism::FixturesTest#"test_seattlerb/case_in_hash_pat_paren_true.txt" = 0.01 s
[ 3064/31251] Prism::FixturesTest#"test_seattlerb/case_in_hash_pat_rest.txt" = 0.01 s
[ 3065/31251] Prism::FixturesTest#"test_seattlerb/case_in_hash_pat_rest_solo.txt" = 0.01 s
[ 3066/31251] Prism::FixturesTest#"test_seattlerb/case_in_if_unless_post_mod.txt" = 0.01 s
[ 3067/31251] Prism::FixturesTest#"test_seattlerb/case_in_multiple.txt" = 0.01 s
[ 3068/31251] Prism::FixturesTest#"test_seattlerb/case_in_or.txt" = 0.01 s
[ 3069/31251] Prism::FixturesTest#"test_seattlerb/class_comments.txt" = 0.01 s
[ 3070/31251] Prism::FixturesTest#"test_seattlerb/cond_unary_minus.txt" = 0.01 s
[ 3071/31251] Prism::FixturesTest#"test_seattlerb/const_2_op_asgn_or2.txt" = 0.01 s
[ 3072/31251] Prism::FixturesTest#"test_seattlerb/const_3_op_asgn_or.txt" = 0.01 s
[ 3073/31251] Prism::FixturesTest#"test_seattlerb/const_op_asgn_and1.txt" = 0.01 s
[ 3074/31251] Prism::FixturesTest#"test_seattlerb/const_op_asgn_and2.txt" = 0.01 s
[ 3075/31251] Prism::FixturesTest#"test_seattlerb/const_op_asgn_or.txt" = 0.01 s
[ 3076/31251] Prism::FixturesTest#"test_seattlerb/defined_eh_parens.txt" = 0.01 s
[ 3077/31251] Prism::FixturesTest#"test_seattlerb/defn_arg_asplat_arg.txt" = 0.01 s
[ 3078/31251] Prism::FixturesTest#"test_seattlerb/defn_arg_forward_args.txt" = 0.01 s
[ 3079/31251] Prism::FixturesTest#"test_seattlerb/defn_args_forward_args.txt" = 0.01 s
[ 3080/31251] Prism::FixturesTest#"test_seattlerb/defn_comments.txt" = 0.01 s
[ 3081/31251] Prism::FixturesTest#"test_seattlerb/defn_endless_command.txt" = 0.01 s
[ 3082/31251] Prism::FixturesTest#"test_seattlerb/defn_endless_command_rescue.txt" = 0.01 s
[ 3083/31251] Prism::FixturesTest#"test_seattlerb/defn_forward_args.txt" = 0.01 s
[ 3084/31251] Prism::FixturesTest#"test_seattlerb/defn_forward_args__no_parens.txt" = 0.01 s
[ 3085/31251] Prism::FixturesTest#"test_seattlerb/defn_kwarg_env.txt" = 0.01 s
[ 3086/31251] Prism::FixturesTest#"test_seattlerb/defn_kwarg_kwarg.txt" = 0.01 s
[ 3087/31251] Prism::FixturesTest#"test_seattlerb/defn_kwarg_kwsplat.txt" = 0.01 s
[ 3088/31251] Prism::FixturesTest#"test_seattlerb/defn_kwarg_kwsplat_anon.txt" = 0.01 s
[ 3089/31251] Prism::FixturesTest#"test_seattlerb/defn_kwarg_lvar.txt" = 0.01 s
[ 3090/31251] Prism::FixturesTest#"test_seattlerb/defn_kwarg_no_parens.txt" = 0.01 s
[ 3091/31251] Prism::FixturesTest#"test_seattlerb/defn_kwarg_val.txt" = 0.01 s
[ 3092/31251] Prism::FixturesTest#"test_seattlerb/defn_no_kwargs.txt" = 0.01 s
[ 3093/31251] Prism::FixturesTest#"test_seattlerb/defn_oneliner.txt" = 0.01 s
[ 3094/31251] Prism::FixturesTest#"test_seattlerb/defn_oneliner_eq2.txt" = 0.01 s
[ 3095/31251] Prism::FixturesTest#"test_seattlerb/defn_oneliner_noargs.txt" = 0.01 s
[ 3096/31251] Prism::FixturesTest#"test_seattlerb/defn_oneliner_noargs_parentheses.txt" = 0.01 s
[ 3097/31251] Prism::FixturesTest#"test_seattlerb/defn_oneliner_rescue.txt" = 0.01 s
[ 3098/31251] Prism::FixturesTest#"test_seattlerb/defn_opt_last_arg.txt" = 0.01 s
[ 3099/31251] Prism::FixturesTest#"test_seattlerb/defn_opt_reg.txt" = 0.01 s
[ 3100/31251] Prism::FixturesTest#"test_seattlerb/defn_opt_splat_arg.txt" = 0.01 s
[ 3101/31251] Prism::FixturesTest#"test_seattlerb/defn_powarg.txt" = 0.01 s
[ 3102/31251] Prism::FixturesTest#"test_seattlerb/defn_reg_opt_reg.txt" = 0.01 s
[ 3103/31251] Prism::FixturesTest#"test_seattlerb/defn_splat_arg.txt" = 0.01 s
[ 3104/31251] Prism::FixturesTest#"test_seattlerb/defn_unary_not.txt" = 0.01 s
[ 3105/31251] Prism::FixturesTest#"test_seattlerb/defns_reserved.txt" = 0.01 s
[ 3106/31251] Prism::FixturesTest#"test_seattlerb/defs_as_arg_with_do_block_inside.txt" = 0.01 s
[ 3107/31251] Prism::FixturesTest#"test_seattlerb/defs_comments.txt" = 0.01 s
[ 3108/31251] Prism::FixturesTest#"test_seattlerb/defs_endless_command.txt" = 0.01 s
[ 3109/31251] Prism::FixturesTest#"test_seattlerb/defs_endless_command_rescue.txt" = 0.01 s
[ 3110/31251] Prism::FixturesTest#"test_seattlerb/defs_kwarg.txt" = 0.01 s
[ 3111/31251] Prism::FixturesTest#"test_seattlerb/defs_oneliner.txt" = 0.01 s
[ 3112/31251] Prism::FixturesTest#"test_seattlerb/defs_oneliner_eq2.txt" = 0.01 s
[ 3113/31251] Prism::FixturesTest#"test_seattlerb/defs_oneliner_rescue.txt" = 0.01 s
[ 3114/31251] Prism::FixturesTest#"test_seattlerb/difficult0_.txt" = 0.01 s
[ 3115/31251] Prism::FixturesTest#"test_seattlerb/difficult1_line_numbers.txt" = 0.01 s
[ 3116/31251] Prism::FixturesTest#"test_seattlerb/difficult1_line_numbers2.txt" = 0.01 s
[ 3117/31251] Prism::FixturesTest#"test_seattlerb/difficult2_.txt" = 0.01 s
[ 3118/31251] Prism::FixturesTest#"test_seattlerb/difficult3_.txt" = 0.01 s
[ 3119/31251] Prism::FixturesTest#"test_seattlerb/difficult3_2.txt" = 0.01 s
[ 3120/31251] Prism::FixturesTest#"test_seattlerb/difficult3_3.txt" = 0.01 s
[ 3121/31251] Prism::FixturesTest#"test_seattlerb/difficult3_4.txt" = 0.01 s
[ 3122/31251] Prism::FixturesTest#"test_seattlerb/difficult3_5.txt" = 0.01 s
[ 3123/31251] Prism::FixturesTest#"test_seattlerb/difficult3__10.txt" = 0.01 s
[ 3124/31251] Prism::FixturesTest#"test_seattlerb/difficult3__11.txt" = 0.01 s
[ 3125/31251] Prism::FixturesTest#"test_seattlerb/difficult3__12.txt" = 0.01 s
[ 3126/31251] Prism::FixturesTest#"test_seattlerb/difficult3__6.txt" = 0.01 s
[ 3127/31251] Prism::FixturesTest#"test_seattlerb/difficult3__7.txt" = 0.01 s
[ 3128/31251] Prism::FixturesTest#"test_seattlerb/difficult3__8.txt" = 0.01 s
[ 3129/31251] Prism::FixturesTest#"test_seattlerb/difficult3__9.txt" = 0.01 s
[ 3130/31251] Prism::FixturesTest#"test_seattlerb/difficult4__leading_dots.txt" = 0.01 s
[ 3131/31251] Prism::FixturesTest#"test_seattlerb/difficult4__leading_dots2.txt" = 0.01 s
[ 3132/31251] Prism::FixturesTest#"test_seattlerb/difficult6_.txt" = 0.01 s
[ 3133/31251] Prism::FixturesTest#"test_seattlerb/difficult6__7.txt" = 0.01 s
[ 3134/31251] Prism::FixturesTest#"test_seattlerb/difficult6__8.txt" = 0.01 s
[ 3135/31251] Prism::FixturesTest#"test_seattlerb/difficult7_.txt" = 0.01 s
[ 3136/31251] Prism::FixturesTest#"test_seattlerb/do_bug.txt" = 0.01 s
[ 3137/31251] Prism::FixturesTest#"test_seattlerb/do_lambda.txt" = 0.01 s
[ 3138/31251] Prism::FixturesTest#"test_seattlerb/dot2_nil__26.txt" = 0.01 s
[ 3139/31251] Prism::FixturesTest#"test_seattlerb/dot3_nil__26.txt" = 0.01 s
[ 3140/31251] Prism::FixturesTest#"test_seattlerb/dstr_evstr.txt" = 0.01 s
[ 3141/31251] Prism::FixturesTest#"test_seattlerb/dstr_evstr_empty_end.txt" = 0.01 s
[ 3142/31251] Prism::FixturesTest#"test_seattlerb/dstr_lex_state.txt" = 0.01 s
[ 3143/31251] Prism::FixturesTest#"test_seattlerb/dstr_str.txt" = 0.01 s
[ 3144/31251] Prism::FixturesTest#"test_seattlerb/dsym_esc_to_sym.txt" = 0.01 s
[ 3145/31251] Prism::FixturesTest#"test_seattlerb/dsym_to_sym.txt" = 0.01 s
[ 3146/31251] Prism::FixturesTest#"test_seattlerb/eq_begin_line_numbers.txt" = 0.01 s
[ 3147/31251] Prism::FixturesTest#"test_seattlerb/eq_begin_why_wont_people_use_their_spacebar.txt" =
 0.01 s
[ 3148/31251] Prism::FixturesTest#"test_seattlerb/evstr_evstr.txt" = 0.01 s
[ 3149/31251] Prism::FixturesTest#"test_seattlerb/evstr_str.txt" = 0.01 s
[ 3150/31251] Prism::FixturesTest#"test_seattlerb/expr_not_bang.txt" = 0.01 s
[ 3151/31251] Prism::FixturesTest#"test_seattlerb/f_kw.txt" = 0.01 s
[ 3152/31251] Prism::FixturesTest#"test_seattlerb/f_kw__required.txt" = 0.01 s
[ 3153/31251] Prism::FixturesTest#"test_seattlerb/flip2_env_lvar.txt" = 0.01 s
[ 3154/31251] Prism::FixturesTest#"test_seattlerb/float_with_if_modifier.txt" = 0.01 s
[ 3155/31251] Prism::FixturesTest#"test_seattlerb/heredoc__backslash_dos_format.txt" = 0.01 s
[ 3156/31251] Prism::FixturesTest#"test_seattlerb/heredoc_backslash_nl.txt" = 0.01 s
[ 3157/31251] Prism::FixturesTest#"test_seattlerb/heredoc_bad_hex_escape.txt" = 0.01 s
[ 3158/31251] Prism::FixturesTest#"test_seattlerb/heredoc_bad_oct_escape.txt" = 0.01 s
[ 3159/31251] Prism::FixturesTest#"test_seattlerb/heredoc_comma_arg.txt" = 0.01 s
[ 3160/31251] Prism::FixturesTest#"test_seattlerb/heredoc_lineno.txt" = 0.01 s
[ 3161/31251] Prism::FixturesTest#"test_seattlerb/heredoc_nested.txt" = 0.01 s
[ 3162/31251] Prism::FixturesTest#"test_seattlerb/heredoc_squiggly.txt" = 0.01 s
[ 3163/31251] Prism::FixturesTest#"test_seattlerb/heredoc_squiggly_blank_line_plus_interpolation.txt
" = 0.01 s
[ 3164/31251] Prism::FixturesTest#"test_seattlerb/heredoc_squiggly_blank_lines.txt" = 0.01 s
[ 3165/31251] Prism::FixturesTest#"test_seattlerb/heredoc_squiggly_empty.txt" = 0.01 s
[ 3166/31251] Prism::FixturesTest#"test_seattlerb/heredoc_squiggly_interp.txt" = 0.01 s
[ 3167/31251] Prism::FixturesTest#"test_seattlerb/heredoc_squiggly_no_indent.txt" = 0.01 s
[ 3168/31251] Prism::FixturesTest#"test_seattlerb/heredoc_squiggly_tabs.txt" = 0.01 s
[ 3169/31251] Prism::FixturesTest#"test_seattlerb/heredoc_squiggly_tabs_extra.txt" = 0.01 s
[ 3170/31251] Prism::FixturesTest#"test_seattlerb/heredoc_squiggly_visually_blank_lines.txt" = 0.01
s
[ 3171/31251] Prism::FixturesTest#"test_seattlerb/heredoc_trailing_slash_continued_call.txt" = 0.01
s
[ 3172/31251] Prism::FixturesTest#"test_seattlerb/heredoc_unicode.txt" = 0.01 s
[ 3173/31251] Prism::FixturesTest#"test_seattlerb/heredoc_with_carriage_return_escapes.txt" = 0.01 s
[ 3174/31251] Prism::FixturesTest#"test_seattlerb/heredoc_with_carriage_return_escapes_windows.txt"
= 0.01 s
[ 3175/31251] Prism::FixturesTest#"test_seattlerb/heredoc_with_extra_carriage_horrible_mix.txt" = 0.
01 s
[ 3176/31251] Prism::FixturesTest#"test_seattlerb/heredoc_with_extra_carriage_returns.txt" = 0.01 s
[ 3177/31251] Prism::FixturesTest#"test_seattlerb/heredoc_with_extra_carriage_returns_windows.txt" =
 0.01 s
[ 3178/31251] Prism::FixturesTest#"test_seattlerb/heredoc_with_interpolation_and_carriage_return_esc
apes.txt" = 0.01 s
[ 3179/31251] Prism::FixturesTest#"test_seattlerb/heredoc_with_interpolation_and_carriage_return_esc
apes_windows.txt" = 0.01 s
[ 3180/31251] Prism::FixturesTest#"test_seattlerb/heredoc_with_not_global_interpolation.txt" = 0.01
s
[ 3181/31251] Prism::FixturesTest#"test_seattlerb/heredoc_with_only_carriage_returns.txt" = 0.01 s
[ 3182/31251] Prism::FixturesTest#"test_seattlerb/heredoc_with_only_carriage_returns_windows.txt" =
0.01 s
[ 3183/31251] Prism::FixturesTest#"test_seattlerb/if_elsif.txt" = 0.01 s
[ 3184/31251] Prism::FixturesTest#"test_seattlerb/if_symbol.txt" = 0.01 s
[ 3185/31251] Prism::FixturesTest#"test_seattlerb/in_expr_no_case.txt" = 0.01 s
[ 3186/31251] Prism::FixturesTest#"test_seattlerb/index_0.txt" = 0.01 s
[ 3187/31251] Prism::FixturesTest#"test_seattlerb/index_0_opasgn.txt" = 0.01 s
[ 3188/31251] Prism::FixturesTest#"test_seattlerb/integer_with_if_modifier.txt" = 0.01 s
[ 3189/31251] Prism::FixturesTest#"test_seattlerb/interpolated_symbol_array_line_breaks.txt" = 0.01
s
[ 3190/31251] Prism::FixturesTest#"test_seattlerb/interpolated_word_array_line_breaks.txt" = 0.01 s
[ 3191/31251] Prism::FixturesTest#"test_seattlerb/iter_args_1.txt" = 0.01 s
[ 3192/31251] Prism::FixturesTest#"test_seattlerb/iter_args_10_1.txt" = 0.01 s
[ 3193/31251] Prism::FixturesTest#"test_seattlerb/iter_args_10_2.txt" = 0.01 s
[ 3194/31251] Prism::FixturesTest#"test_seattlerb/iter_args_11_1.txt" = 0.01 s
[ 3195/31251] Prism::FixturesTest#"test_seattlerb/iter_args_11_2.txt" = 0.01 s
[ 3196/31251] Prism::FixturesTest#"test_seattlerb/iter_args_2__19.txt" = 0.01 s
[ 3197/31251] Prism::FixturesTest#"test_seattlerb/iter_args_3.txt" = 0.01 s
[ 3198/31251] Prism::FixturesTest#"test_seattlerb/iter_args_4.txt" = 0.01 s
[ 3199/31251] Prism::FixturesTest#"test_seattlerb/iter_args_5.txt" = 0.01 s
[ 3200/31251] Prism::FixturesTest#"test_seattlerb/iter_args_6.txt" = 0.01 s
[ 3201/31251] Prism::FixturesTest#"test_seattlerb/iter_args_7_1.txt" = 0.01 s
[ 3202/31251] Prism::FixturesTest#"test_seattlerb/iter_args_7_2.txt" = 0.01 s
[ 3203/31251] Prism::FixturesTest#"test_seattlerb/iter_args_8_1.txt" = 0.01 s
[ 3204/31251] Prism::FixturesTest#"test_seattlerb/iter_args_8_2.txt" = 0.01 s
[ 3205/31251] Prism::FixturesTest#"test_seattlerb/iter_args_9_1.txt" = 0.01 s
[ 3206/31251] Prism::FixturesTest#"test_seattlerb/iter_args_9_2.txt" = 0.01 s
[ 3207/31251] Prism::FixturesTest#"test_seattlerb/iter_kwarg.txt" = 0.01 s
[ 3208/31251] Prism::FixturesTest#"test_seattlerb/iter_kwarg_kwsplat.txt" = 0.01 s
[ 3209/31251] Prism::FixturesTest#"test_seattlerb/label_vs_string.txt" = 0.01 s
[ 3210/31251] Prism::FixturesTest#"test_seattlerb/lambda_do_vs_brace.txt" = 0.01 s
[ 3211/31251] Prism::FixturesTest#"test_seattlerb/lasgn_arg_rescue_arg.txt" = 0.01 s
[ 3212/31251] Prism::FixturesTest#"test_seattlerb/lasgn_call_bracket_rescue_arg.txt" = 0.01 s
[ 3213/31251] Prism::FixturesTest#"test_seattlerb/lasgn_call_nobracket_rescue_arg.txt" = 0.01 s
[ 3214/31251] Prism::FixturesTest#"test_seattlerb/lasgn_command.txt" = 0.01 s
[ 3215/31251] Prism::FixturesTest#"test_seattlerb/lasgn_env.txt" = 0.01 s
[ 3216/31251] Prism::FixturesTest#"test_seattlerb/lasgn_ivar_env.txt" = 0.01 s
[ 3217/31251] Prism::FixturesTest#"test_seattlerb/lasgn_lasgn_command_call.txt" = 0.01 s
[ 3218/31251] Prism::FixturesTest#"test_seattlerb/lasgn_middle_splat.txt" = 0.01 s
[ 3219/31251] Prism::FixturesTest#"test_seattlerb/magic_encoding_comment.txt" = 0.01 s
[ 3220/31251] Prism::FixturesTest#"test_seattlerb/masgn_anon_splat_arg.txt" = 0.01 s
[ 3221/31251] Prism::FixturesTest#"test_seattlerb/masgn_arg_colon_arg.txt" = 0.01 s
[ 3222/31251] Prism::FixturesTest#"test_seattlerb/masgn_arg_ident.txt" = 0.01 s
[ 3223/31251] Prism::FixturesTest#"test_seattlerb/masgn_arg_splat_arg.txt" = 0.01 s
[ 3224/31251] Prism::FixturesTest#"test_seattlerb/masgn_colon2.txt" = 0.01 s
[ 3225/31251] Prism::FixturesTest#"test_seattlerb/masgn_colon3.txt" = 0.01 s
[ 3226/31251] Prism::FixturesTest#"test_seattlerb/masgn_command_call.txt" = 0.01 s
[ 3227/31251] Prism::FixturesTest#"test_seattlerb/masgn_double_paren.txt" = 0.01 s
[ 3228/31251] Prism::FixturesTest#"test_seattlerb/masgn_lhs_splat.txt" = 0.14 s
[ 3229/31251] Prism::FixturesTest#"test_seattlerb/masgn_paren.txt" = 0.01 s
[ 3230/31251] Prism::FixturesTest#"test_seattlerb/masgn_splat_arg.txt" = 0.01 s
[ 3231/31251] Prism::FixturesTest#"test_seattlerb/masgn_splat_arg_arg.txt" = 0.01 s
[ 3232/31251] Prism::FixturesTest#"test_seattlerb/masgn_star.txt" = 0.01 s
[ 3233/31251] Prism::FixturesTest#"test_seattlerb/masgn_var_star_var.txt" = 0.01 s
[ 3234/31251] Prism::FixturesTest#"test_seattlerb/messy_op_asgn_lineno.txt" = 0.01 s
[ 3235/31251] Prism::FixturesTest#"test_seattlerb/method_call_assoc_trailing_comma.txt" = 0.01 s
[ 3236/31251] Prism::FixturesTest#"test_seattlerb/method_call_trailing_comma.txt" = 0.01 s
[ 3237/31251] Prism::FixturesTest#"test_seattlerb/mlhs_back_anonsplat.txt" = 0.01 s
[ 3238/31251] Prism::FixturesTest#"test_seattlerb/mlhs_back_splat.txt" = 0.01 s
[ 3239/31251] Prism::FixturesTest#"test_seattlerb/mlhs_front_anonsplat.txt" = 0.01 s
[ 3240/31251] Prism::FixturesTest#"test_seattlerb/mlhs_front_splat.txt" = 0.01 s
[ 3241/31251] Prism::FixturesTest#"test_seattlerb/mlhs_keyword.txt" = 0.01 s
[ 3242/31251] Prism::FixturesTest#"test_seattlerb/mlhs_mid_anonsplat.txt" = 0.01 s
[ 3243/31251] Prism::FixturesTest#"test_seattlerb/mlhs_mid_splat.txt" = 0.14 s
[ 3244/31251] Prism::FixturesTest#"test_seattlerb/mlhs_rescue.txt" = 0.01 s
[ 3245/31251] Prism::FixturesTest#"test_seattlerb/module_comments.txt" = 0.01 s
[ 3246/31251] Prism::FixturesTest#"test_seattlerb/multiline_hash_declaration.txt" = 0.01 s
[ 3247/31251] Prism::FixturesTest#"test_seattlerb/non_interpolated_symbol_array_line_breaks.txt" = 0
.01 s
[ 3248/31251] Prism::FixturesTest#"test_seattlerb/non_interpolated_word_array_line_breaks.txt" = 0.0
1 s
[ 3249/31251] Prism::FixturesTest#"test_seattlerb/op_asgn_command_call.txt" = 0.01 s
[ 3250/31251] Prism::FixturesTest#"test_seattlerb/op_asgn_dot_ident_command_call.txt" = 0.01 s
[ 3251/31251] Prism::FixturesTest#"test_seattlerb/op_asgn_index_command_call.txt" = 0.01 s
[ 3252/31251] Prism::FixturesTest#"test_seattlerb/op_asgn_primary_colon_const_command_call.txt" = 0.
01 s
[ 3253/31251] Prism::FixturesTest#"test_seattlerb/op_asgn_primary_colon_identifier1.txt" = 0.01 s
[ 3254/31251] Prism::FixturesTest#"test_seattlerb/op_asgn_primary_colon_identifier_command_call.txt"
 = 0.01 s
[ 3255/31251] Prism::FixturesTest#"test_seattlerb/op_asgn_val_dot_ident_command_call.txt" = 0.01 s
[ 3256/31251] Prism::FixturesTest#"test_seattlerb/parse_def_special_name.txt" = 0.01 s
[ 3257/31251] Prism::FixturesTest#"test_seattlerb/parse_if_not_canonical.txt" = 0.01 s
[ 3258/31251] Prism::FixturesTest#"test_seattlerb/parse_if_not_noncanonical.txt" = 0.01 s
[ 3259/31251] Prism::FixturesTest#"test_seattlerb/parse_line_block.txt" = 0.01 s
[ 3260/31251] Prism::FixturesTest#"test_seattlerb/parse_line_block_inline_comment.txt" = 0.01 s
[ 3261/31251] Prism::FixturesTest#"test_seattlerb/parse_line_block_inline_comment_leading_newlines.t
xt" = 0.01 s
[ 3262/31251] Prism::FixturesTest#"test_seattlerb/parse_line_block_inline_multiline_comment.txt" = 0
.01 s
[ 3263/31251] Prism::FixturesTest#"test_seattlerb/parse_line_call_ivar_arg_no_parens_line_break.txt"
 = 0.01 s
[ 3264/31251] Prism::FixturesTest#"test_seattlerb/parse_line_call_ivar_line_break_paren.txt" = 0.01
s
[ 3265/31251] Prism::FixturesTest#"test_seattlerb/parse_line_call_no_args.txt" = 0.01 s
[ 3266/31251] Prism::FixturesTest#"test_seattlerb/parse_line_defn_complex.txt" = 0.01 s
[ 3267/31251] Prism::FixturesTest#"test_seattlerb/parse_line_defn_no_parens.txt" = 0.01 s
[ 3268/31251] Prism::FixturesTest#"test_seattlerb/parse_line_defn_no_parens_args.txt" = 0.01 s
[ 3269/31251] Prism::FixturesTest#"test_seattlerb/parse_line_dot2.txt" = 0.01 s
[ 3270/31251] Prism::FixturesTest#"test_seattlerb/parse_line_dot2_open.txt" = 0.01 s
[ 3271/31251] Prism::FixturesTest#"test_seattlerb/parse_line_dot3.txt" = 0.01 s
[ 3272/31251] Prism::FixturesTest#"test_seattlerb/parse_line_dot3_open.txt" = 0.01 s
[ 3273/31251] Prism::FixturesTest#"test_seattlerb/parse_line_dstr_escaped_newline.txt" = 0.01 s
[ 3274/31251] Prism::FixturesTest#"test_seattlerb/parse_line_dstr_soft_newline.txt" = 0.01 s
[ 3275/31251] Prism::FixturesTest#"test_seattlerb/parse_line_evstr_after_break.txt" = 0.01 s
[ 3276/31251] Prism::FixturesTest#"test_seattlerb/parse_line_hash_lit.txt" = 0.01 s
[ 3277/31251] Prism::FixturesTest#"test_seattlerb/parse_line_heredoc.txt" = 0.01 s
[ 3278/31251] Prism::FixturesTest#"test_seattlerb/parse_line_heredoc_evstr.txt" = 0.01 s
[ 3279/31251] Prism::FixturesTest#"test_seattlerb/parse_line_heredoc_hardnewline.txt" = 0.01 s
[ 3280/31251] Prism::FixturesTest#"test_seattlerb/parse_line_heredoc_regexp_chars.txt" = 0.01 s
[ 3281/31251] Prism::FixturesTest#"test_seattlerb/parse_line_iter_call_no_parens.txt" = 0.01 s
[ 3282/31251] Prism::FixturesTest#"test_seattlerb/parse_line_iter_call_parens.txt" = 0.01 s
[ 3283/31251] Prism::FixturesTest#"test_seattlerb/parse_line_multiline_str.txt" = 0.01 s
[ 3284/31251] Prism::FixturesTest#"test_seattlerb/parse_line_multiline_str_literal_n.txt" = 0.01 s
[ 3285/31251] Prism::FixturesTest#"test_seattlerb/parse_line_newlines.txt" = 0.01 s
[ 3286/31251] Prism::FixturesTest#"test_seattlerb/parse_line_op_asgn.txt" = 0.01 s
[ 3287/31251] Prism::FixturesTest#"test_seattlerb/parse_line_postexe.txt" = 0.01 s
[ 3288/31251] Prism::FixturesTest#"test_seattlerb/parse_line_preexe.txt" = 0.01 s
[ 3289/31251] Prism::FixturesTest#"test_seattlerb/parse_line_rescue.txt" = 0.01 s
[ 3290/31251] Prism::FixturesTest#"test_seattlerb/parse_line_return.txt" = 0.01 s
[ 3291/31251] Prism::FixturesTest#"test_seattlerb/parse_line_str_with_newline_escape.txt" = 0.01 s
[ 3292/31251] Prism::FixturesTest#"test_seattlerb/parse_line_to_ary.txt" = 0.01 s
[ 3293/31251] Prism::FixturesTest#"test_seattlerb/parse_line_trailing_newlines.txt" = 0.01 s
[ 3294/31251] Prism::FixturesTest#"test_seattlerb/parse_opt_call_args_assocs_comma.txt" = 0.01 s
[ 3295/31251] Prism::FixturesTest#"test_seattlerb/parse_opt_call_args_lit_comma.txt" = 0.01 s
[ 3296/31251] Prism::FixturesTest#"test_seattlerb/parse_pattern_019.txt" = 0.01 s
[ 3297/31251] Prism::FixturesTest#"test_seattlerb/parse_pattern_044.txt" = 0.01 s
[ 3298/31251] Prism::FixturesTest#"test_seattlerb/parse_pattern_051.txt" = 0.01 s
[ 3299/31251] Prism::FixturesTest#"test_seattlerb/parse_pattern_058.txt" = 0.01 s
[ 3300/31251] Prism::FixturesTest#"test_seattlerb/parse_pattern_058_2.txt" = 0.01 s
[ 3301/31251] Prism::FixturesTest#"test_seattlerb/parse_pattern_069.txt" = 0.01 s
[ 3302/31251] Prism::FixturesTest#"test_seattlerb/parse_pattern_076.txt" = 0.01 s
[ 3303/31251] Prism::FixturesTest#"test_seattlerb/parse_until_not_canonical.txt" = 0.01 s
[ 3304/31251] Prism::FixturesTest#"test_seattlerb/parse_until_not_noncanonical.txt" = 0.01 s
[ 3305/31251] Prism::FixturesTest#"test_seattlerb/parse_while_not_canonical.txt" = 0.01 s
[ 3306/31251] Prism::FixturesTest#"test_seattlerb/parse_while_not_noncanonical.txt" = 0.01 s
[ 3307/31251] Prism::FixturesTest#"test_seattlerb/pctW_lineno.txt" = 0.01 s
[ 3308/31251] Prism::FixturesTest#"test_seattlerb/pct_Q_backslash_nl.txt" = 0.01 s
[ 3309/31251] Prism::FixturesTest#"test_seattlerb/pct_nl.txt" = 0.01 s
[ 3310/31251] Prism::FixturesTest#"test_seattlerb/pct_w_heredoc_interp_nested.txt" = 0.01 s
[ 3311/31251] Prism::FixturesTest#"test_seattlerb/pipe_semicolon.txt" = 0.01 s
[ 3312/31251] Prism::FixturesTest#"test_seattlerb/pipe_space.txt" = 0.01 s
[ 3313/31251] Prism::FixturesTest#"test_seattlerb/qWords_space.txt" = 0.01 s
[ 3314/31251] Prism::FixturesTest#"test_seattlerb/qsymbols.txt" = 0.01 s
[ 3315/31251] Prism::FixturesTest#"test_seattlerb/qsymbols_empty.txt" = 0.01 s
[ 3316/31251] Prism::FixturesTest#"test_seattlerb/qsymbols_empty_space.txt" = 0.01 s
[ 3317/31251] Prism::FixturesTest#"test_seattlerb/qsymbols_interp.txt" = 0.01 s
[ 3318/31251] Prism::FixturesTest#"test_seattlerb/quoted_symbol_hash_arg.txt" = 0.01 s
[ 3319/31251] Prism::FixturesTest#"test_seattlerb/quoted_symbol_keys.txt" = 0.01 s
[ 3320/31251] Prism::FixturesTest#"test_seattlerb/qw_escape.txt" = 0.01 s
[ 3321/31251] Prism::FixturesTest#"test_seattlerb/qw_escape_term.txt" = 0.01 s
[ 3322/31251] Prism::FixturesTest#"test_seattlerb/qwords_empty.txt" = 0.01 s
[ 3323/31251] Prism::FixturesTest#"test_seattlerb/read_escape_unicode_curlies.txt" = 0.01 s
[ 3324/31251] Prism::FixturesTest#"test_seattlerb/read_escape_unicode_h4.txt" = 0.01 s
[ 3325/31251] Prism::FixturesTest#"test_seattlerb/regexp.txt" = 0.01 s
[ 3326/31251] Prism::FixturesTest#"test_seattlerb/regexp_esc_C_slash.txt" = 0.01 s
[ 3327/31251] Prism::FixturesTest#"test_seattlerb/regexp_esc_u.txt" = 0.01 s
[ 3328/31251] Prism::FixturesTest#"test_seattlerb/regexp_escape_extended.txt" = 0.01 s
[ 3329/31251] Prism::FixturesTest#"test_seattlerb/regexp_unicode_curlies.txt" = 0.01 s
[ 3330/31251] Prism::FixturesTest#"test_seattlerb/required_kwarg_no_value.txt" = 0.01 s
[ 3331/31251] Prism::FixturesTest#"test_seattlerb/rescue_do_end_ensure_result.txt" = 0.01 s
[ 3332/31251] Prism::FixturesTest#"test_seattlerb/rescue_do_end_no_raise.txt" = 0.01 s
[ 3333/31251] Prism::FixturesTest#"test_seattlerb/rescue_do_end_raised.txt" = 0.01 s
[ 3334/31251] Prism::FixturesTest#"test_seattlerb/rescue_do_end_rescued.txt" = 0.01 s
[ 3335/31251] Prism::FixturesTest#"test_seattlerb/rescue_in_block.txt" = 0.01 s
[ 3336/31251] Prism::FixturesTest#"test_seattlerb/rescue_parens.txt" = 0.01 s
[ 3337/31251] Prism::FixturesTest#"test_seattlerb/return_call_assocs.txt" = 0.01 s
[ 3338/31251] Prism::FixturesTest#"test_seattlerb/rhs_asgn.txt" = 0.01 s
[ 3339/31251] Prism::FixturesTest#"test_seattlerb/ruby21_numbers.txt" = 0.01 s
[ 3340/31251] Prism::FixturesTest#"test_seattlerb/safe_attrasgn.txt" = 0.01 s
[ 3341/31251] Prism::FixturesTest#"test_seattlerb/safe_attrasgn_constant.txt" = 0.01 s
[ 3342/31251] Prism::FixturesTest#"test_seattlerb/safe_call.txt" = 0.01 s
[ 3343/31251] Prism::FixturesTest#"test_seattlerb/safe_call_after_newline.txt" = 0.01 s
[ 3344/31251] Prism::FixturesTest#"test_seattlerb/safe_call_dot_parens.txt" = 0.01 s
[ 3345/31251] Prism::FixturesTest#"test_seattlerb/safe_call_newline.txt" = 0.01 s
[ 3346/31251] Prism::FixturesTest#"test_seattlerb/safe_call_operator.txt" = 0.01 s
[ 3347/31251] Prism::FixturesTest#"test_seattlerb/safe_call_rhs_newline.txt" = 0.01 s
[ 3348/31251] Prism::FixturesTest#"test_seattlerb/safe_calls.txt" = 0.01 s
[ 3349/31251] Prism::FixturesTest#"test_seattlerb/safe_op_asgn.txt" = 0.01 s
[ 3350/31251] Prism::FixturesTest#"test_seattlerb/safe_op_asgn2.txt" = 0.01 s
[ 3351/31251] Prism::FixturesTest#"test_seattlerb/slashy_newlines_within_string.txt" = 0.01 s
[ 3352/31251] Prism::FixturesTest#"test_seattlerb/stabby_arg_no_paren.txt" = 0.01 s
[ 3353/31251] Prism::FixturesTest#"test_seattlerb/stabby_arg_opt_splat_arg_block_omfg.txt" = 0.01 s
[ 3354/31251] Prism::FixturesTest#"test_seattlerb/stabby_block_iter_call.txt" = 0.01 s
[ 3355/31251] Prism::FixturesTest#"test_seattlerb/stabby_block_iter_call_no_target_with_arg.txt" = 0
.01 s
[ 3356/31251] Prism::FixturesTest#"test_seattlerb/stabby_block_kw.txt" = 0.01 s
[ 3357/31251] Prism::FixturesTest#"test_seattlerb/stabby_block_kw__required.txt" = 0.01 s
[ 3358/31251] Prism::FixturesTest#"test_seattlerb/stabby_proc_scope.txt" = 0.01 s
[ 3359/31251] Prism::FixturesTest#"test_seattlerb/str_backslashes.txt" = 0.01 s
[ 3360/31251] Prism::FixturesTest#"test_seattlerb/str_double_double_escaped_newline.txt" = 0.01 s
[ 3361/31251] Prism::FixturesTest#"test_seattlerb/str_double_escaped_newline.txt" = 0.01 s
[ 3362/31251] Prism::FixturesTest#"test_seattlerb/str_double_newline.txt" = 0.01 s
[ 3363/31251] Prism::FixturesTest#"test_seattlerb/str_evstr.txt" = 0.01 s
[ 3364/31251] Prism::FixturesTest#"test_seattlerb/str_evstr_escape.txt" = 0.01 s
[ 3365/31251] Prism::FixturesTest#"test_seattlerb/str_heredoc_interp.txt" = 0.01 s
[ 3366/31251] Prism::FixturesTest#"test_seattlerb/str_interp_ternary_or_label.txt" = 0.01 s
[ 3367/31251] Prism::FixturesTest#"test_seattlerb/str_lit_concat_bad_encodings.txt" = 0.01 s
[ 3368/31251] Prism::FixturesTest#"test_seattlerb/str_newline_hash_line_number.txt" = 0.01 s
[ 3369/31251] Prism::FixturesTest#"test_seattlerb/str_pct_Q_nested.txt" = 0.01 s
[ 3370/31251] Prism::FixturesTest#"test_seattlerb/str_pct_nested_nested.txt" = 0.01 s
[ 3371/31251] Prism::FixturesTest#"test_seattlerb/str_pct_q.txt" = 0.01 s
[ 3372/31251] Prism::FixturesTest#"test_seattlerb/str_single_double_escaped_newline.txt" = 0.01 s
[ 3373/31251] Prism::FixturesTest#"test_seattlerb/str_single_escaped_newline.txt" = 0.01 s
[ 3374/31251] Prism::FixturesTest#"test_seattlerb/str_single_newline.txt" = 0.01 s
[ 3375/31251] Prism::FixturesTest#"test_seattlerb/str_str.txt" = 0.01 s
[ 3376/31251] Prism::FixturesTest#"test_seattlerb/str_str_str.txt" = 0.01 s
[ 3377/31251] Prism::FixturesTest#"test_seattlerb/super_arg.txt" = 0.01 s
[ 3378/31251] Prism::FixturesTest#"test_seattlerb/symbol_empty.txt" = 0.01 s
[ 3379/31251] Prism::FixturesTest#"test_seattlerb/symbol_list.txt" = 0.01 s
[ 3380/31251] Prism::FixturesTest#"test_seattlerb/symbols.txt" = 0.01 s
[ 3381/31251] Prism::FixturesTest#"test_seattlerb/symbols_empty.txt" = 0.01 s
[ 3382/31251] Prism::FixturesTest#"test_seattlerb/symbols_empty_space.txt" = 0.01 s
[ 3383/31251] Prism::FixturesTest#"test_seattlerb/symbols_interp.txt" = 0.01 s
[ 3384/31251] Prism::FixturesTest#"test_seattlerb/thingy.txt" = 0.01 s
[ 3385/31251] Prism::FixturesTest#"test_seattlerb/uminus_float.txt" = 0.01 s
[ 3386/31251] Prism::FixturesTest#"test_seattlerb/unary_minus.txt" = 0.01 s
[ 3387/31251] Prism::FixturesTest#"test_seattlerb/unary_plus.txt" = 0.01 s
[ 3388/31251] Prism::FixturesTest#"test_seattlerb/unary_plus_on_literal.txt" = 0.01 s
[ 3389/31251] Prism::FixturesTest#"test_seattlerb/unary_tilde.txt" = 0.01 s
[ 3390/31251] Prism::FixturesTest#"test_seattlerb/utf8_bom.txt" = 0.01 s
[ 3391/31251] Prism::FixturesTest#"test_seattlerb/when_splat.txt" = 0.01 s
[ 3392/31251] Prism::FixturesTest#"test_seattlerb/words_interp.txt" = 0.01 s
[ 3393/31251] Prism::FixturesTest#"test_single_method_call_with_bang.txt" = 0.01 s
[ 3394/31251] Prism::FixturesTest#"test_single_quote_heredocs.txt" = 0.01 s
[ 3395/31251] Prism::FixturesTest#"test_spanning_heredoc.txt" = 0.01 s
[ 3396/31251] Prism::FixturesTest#"test_spanning_heredoc_newlines.txt" = 0.01 s
[ 3397/31251] Prism::FixturesTest#"test_strings.txt" = 0.13 s
[ 3398/31251] Prism::FixturesTest#"test_super.txt" = 0.01 s
[ 3399/31251] Prism::FixturesTest#"test_symbols.txt" = 0.01 s
[ 3400/31251] Prism::FixturesTest#"test_ternary_operator.txt" = 0.01 s
[ 3401/31251] Prism::FixturesTest#"test_tilde_heredocs.txt" = 0.01 s
[ 3402/31251] Prism::FixturesTest#"test_undef.txt" = 0.01 s
[ 3403/31251] Prism::FixturesTest#"test_unescaping.txt" = 0.01 s
[ 3404/31251] Prism::FixturesTest#"test_unless.txt" = 0.01 s
[ 3405/31251] Prism::FixturesTest#"test_unparser/corpus/literal/alias.txt" = 0.01 s
[ 3406/31251] Prism::FixturesTest#"test_unparser/corpus/literal/assignment.txt" = 0.01 s
[ 3407/31251] Prism::FixturesTest#"test_unparser/corpus/literal/block.txt" = 0.01 s
[ 3408/31251] Prism::FixturesTest#"test_unparser/corpus/literal/case.txt" = 0.01 s
[ 3409/31251] Prism::FixturesTest#"test_unparser/corpus/literal/class.txt" = 0.01 s
[ 3410/31251] Prism::FixturesTest#"test_unparser/corpus/literal/def.txt" = 0.01 s
[ 3411/31251] Prism::FixturesTest#"test_unparser/corpus/literal/defined.txt" = 0.01 s
[ 3412/31251] Prism::FixturesTest#"test_unparser/corpus/literal/defs.txt" = 0.01 s
[ 3413/31251] Prism::FixturesTest#"test_unparser/corpus/literal/dstr.txt" = 0.01 s
[ 3414/31251] Prism::FixturesTest#"test_unparser/corpus/literal/empty.txt" = 0.01 s
[ 3415/31251] Prism::FixturesTest#"test_unparser/corpus/literal/empty_begin.txt" = 0.01 s
[ 3416/31251] Prism::FixturesTest#"test_unparser/corpus/literal/flipflop.txt" = 0.01 s
[ 3417/31251] Prism::FixturesTest#"test_unparser/corpus/literal/for.txt" = 0.01 s
[ 3418/31251] Prism::FixturesTest#"test_unparser/corpus/literal/hookexe.txt" = 0.01 s
[ 3419/31251] Prism::FixturesTest#"test_unparser/corpus/literal/if.txt" = 0.01 s
[ 3420/31251] Prism::FixturesTest#"test_unparser/corpus/literal/kwbegin.txt" = 0.01 s
[ 3421/31251] Prism::FixturesTest#"test_unparser/corpus/literal/lambda.txt" = 0.01 s
[ 3422/31251] Prism::FixturesTest#"test_unparser/corpus/literal/literal.txt" = 0.01 s
[ 3423/31251] Prism::FixturesTest#"test_unparser/corpus/literal/module.txt" = 0.01 s
[ 3424/31251] Prism::FixturesTest#"test_unparser/corpus/literal/opasgn.txt" = 0.01 s
[ 3425/31251] Prism::FixturesTest#"test_unparser/corpus/literal/pattern.txt" = 0.01 s
[ 3426/31251] Prism::FixturesTest#"test_unparser/corpus/literal/pragma.txt" = 0.01 s
[ 3427/31251] Prism::FixturesTest#"test_unparser/corpus/literal/range.txt" = 0.01 s
[ 3428/31251] Prism::FixturesTest#"test_unparser/corpus/literal/rescue.txt" = 0.01 s
[ 3429/31251] Prism::FixturesTest#"test_unparser/corpus/literal/send.txt" = 0.01 s
[ 3430/31251] Prism::FixturesTest#"test_unparser/corpus/literal/since/27.txt" = 0.01 s
[ 3431/31251] Prism::FixturesTest#"test_unparser/corpus/literal/since/30.txt" = 0.01 s
[ 3432/31251] Prism::FixturesTest#"test_unparser/corpus/literal/since/31.txt" = 0.01 s
[ 3433/31251] Prism::FixturesTest#"test_unparser/corpus/literal/since/32.txt" = 0.01 s
[ 3434/31251] Prism::FixturesTest#"test_unparser/corpus/literal/singletons.txt" = 0.01 s
[ 3435/31251] Prism::FixturesTest#"test_unparser/corpus/literal/super.txt" = 0.01 s
[ 3436/31251] Prism::FixturesTest#"test_unparser/corpus/literal/unary.txt" = 0.01 s
[ 3437/31251] Prism::FixturesTest#"test_unparser/corpus/literal/undef.txt" = 0.01 s
[ 3438/31251] Prism::FixturesTest#"test_unparser/corpus/literal/variables.txt" = 0.01 s
[ 3439/31251] Prism::FixturesTest#"test_unparser/corpus/literal/while.txt" = 0.01 s
[ 3440/31251] Prism::FixturesTest#"test_unparser/corpus/semantic/and.txt" = 0.01 s
[ 3441/31251] Prism::FixturesTest#"test_unparser/corpus/semantic/block.txt" = 0.01 s
[ 3442/31251] Prism::FixturesTest#"test_unparser/corpus/semantic/def.txt" = 0.01 s
[ 3443/31251] Prism::FixturesTest#"test_unparser/corpus/semantic/dstr.txt" = 0.01 s
[ 3444/31251] Prism::FixturesTest#"test_unparser/corpus/semantic/kwbegin.txt" = 0.12 s
[ 3445/31251] Prism::FixturesTest#"test_unparser/corpus/semantic/literal.txt" = 0.01 s
[ 3446/31251] Prism::FixturesTest#"test_unparser/corpus/semantic/opasgn.txt" = 0.01 s
[ 3447/31251] Prism::FixturesTest#"test_unparser/corpus/semantic/send.txt" = 0.01 s
[ 3448/31251] Prism::FixturesTest#"test_unparser/corpus/semantic/undef.txt" = 0.01 s
[ 3449/31251] Prism::FixturesTest#"test_unparser/corpus/semantic/while.txt" = 0.01 s
[ 3450/31251] Prism::FixturesTest#"test_until.txt" = 0.01 s
[ 3451/31251] Prism::FixturesTest#"test_variables.txt" = 0.01 s
[ 3452/31251] Prism::FixturesTest#"test_while.txt" = 0.01 s
[ 3453/31251] Prism::FixturesTest#"test_whitequark/__ENCODING__.txt" = 0.01 s
[ 3454/31251] Prism::FixturesTest#"test_whitequark/__ENCODING___legacy_.txt" = 0.01 s
[ 3455/31251] Prism::FixturesTest#"test_whitequark/alias.txt" = 0.01 s
[ 3456/31251] Prism::FixturesTest#"test_whitequark/alias_gvar.txt" = 0.01 s
[ 3457/31251] Prism::FixturesTest#"test_whitequark/ambiuous_quoted_label_in_ternary_operator.txt" =
0.01 s
[ 3458/31251] Prism::FixturesTest#"test_whitequark/and.txt" = 0.01 s
[ 3459/31251] Prism::FixturesTest#"test_whitequark/and_asgn.txt" = 0.01 s
[ 3460/31251] Prism::FixturesTest#"test_whitequark/and_or_masgn.txt" = 0.01 s
[ 3461/31251] Prism::FixturesTest#"test_whitequark/anonymous_blockarg.txt" = 0.01 s
[ 3462/31251] Prism::FixturesTest#"test_whitequark/arg.txt" = 0.01 s
[ 3463/31251] Prism::FixturesTest#"test_whitequark/arg_duplicate_ignored.txt" = 0.01 s
[ 3464/31251] Prism::FixturesTest#"test_whitequark/arg_label.txt" = 0.01 s
[ 3465/31251] Prism::FixturesTest#"test_whitequark/arg_scope.txt" = 0.01 s
[ 3466/31251] Prism::FixturesTest#"test_whitequark/args.txt" = 0.01 s
[ 3467/31251] Prism::FixturesTest#"test_whitequark/args_args_assocs.txt" = 0.01 s
[ 3468/31251] Prism::FixturesTest#"test_whitequark/args_args_assocs_comma.txt" = 0.01 s
[ 3469/31251] Prism::FixturesTest#"test_whitequark/args_args_comma.txt" = 0.01 s
[ 3470/31251] Prism::FixturesTest#"test_whitequark/args_args_star.txt" = 0.01 s
[ 3471/31251] Prism::FixturesTest#"test_whitequark/args_assocs_comma.txt" = 0.01 s
[ 3472/31251] Prism::FixturesTest#"test_whitequark/args_block_pass.txt" = 0.01 s
[ 3473/31251] Prism::FixturesTest#"test_whitequark/args_cmd.txt" = 0.01 s
[ 3474/31251] Prism::FixturesTest#"test_whitequark/args_star.txt" = 0.01 s
[ 3475/31251] Prism::FixturesTest#"test_whitequark/array_assocs.txt" = 0.01 s
[ 3476/31251] Prism::FixturesTest#"test_whitequark/array_plain.txt" = 0.01 s
[ 3477/31251] Prism::FixturesTest#"test_whitequark/array_splat.txt" = 0.01 s
[ 3478/31251] Prism::FixturesTest#"test_whitequark/array_symbols.txt" = 0.01 s
[ 3479/31251] Prism::FixturesTest#"test_whitequark/array_symbols_empty.txt" = 0.01 s
[ 3480/31251] Prism::FixturesTest#"test_whitequark/array_symbols_interp.txt" = 0.01 s
[ 3481/31251] Prism::FixturesTest#"test_whitequark/array_words.txt" = 0.01 s
[ 3482/31251] Prism::FixturesTest#"test_whitequark/array_words_empty.txt" = 0.01 s
[ 3483/31251] Prism::FixturesTest#"test_whitequark/array_words_interp.txt" = 0.01 s
[ 3484/31251] Prism::FixturesTest#"test_whitequark/asgn_cmd.txt" = 0.01 s
[ 3485/31251] Prism::FixturesTest#"test_whitequark/asgn_mrhs.txt" = 0.01 s
[ 3486/31251] Prism::FixturesTest#"test_whitequark/back_ref.txt" = 0.01 s
[ 3487/31251] Prism::FixturesTest#"test_whitequark/bang.txt" = 0.01 s
[ 3488/31251] Prism::FixturesTest#"test_whitequark/bang_cmd.txt" = 0.01 s
[ 3489/31251] Prism::FixturesTest#"test_whitequark/begin_cmdarg.txt" = 0.01 s
[ 3490/31251] Prism::FixturesTest#"test_whitequark/beginless_erange_after_newline.txt" = 0.01 s
[ 3491/31251] Prism::FixturesTest#"test_whitequark/beginless_irange_after_newline.txt" = 0.01 s
[ 3492/31251] Prism::FixturesTest#"test_whitequark/beginless_range.txt" = 0.01 s
[ 3493/31251] Prism::FixturesTest#"test_whitequark/blockarg.txt" = 0.01 s
[ 3494/31251] Prism::FixturesTest#"test_whitequark/blockargs.txt" = 0.01 s
[ 3495/31251] Prism::FixturesTest#"test_whitequark/bug_435.txt" = 0.01 s
[ 3496/31251] Prism::FixturesTest#"test_whitequark/bug_447.txt" = 0.01 s
[ 3497/31251] Prism::FixturesTest#"test_whitequark/bug_452.txt" = 0.01 s
[ 3498/31251] Prism::FixturesTest#"test_whitequark/bug_466.txt" = 0.01 s
[ 3499/31251] Prism::FixturesTest#"test_whitequark/bug_473.txt" = 0.01 s
[ 3500/31251] Prism::FixturesTest#"test_whitequark/bug_480.txt" = 0.01 s
[ 3501/31251] Prism::FixturesTest#"test_whitequark/bug_481.txt" = 0.01 s
[ 3502/31251] Prism::FixturesTest#"test_whitequark/bug_ascii_8bit_in_literal.txt" = 0.01 s
[ 3503/31251] Prism::FixturesTest#"test_whitequark/bug_cmd_string_lookahead.txt" = 0.01 s
[ 3504/31251] Prism::FixturesTest#"test_whitequark/bug_cmdarg.txt" = 0.01 s
[ 3505/31251] Prism::FixturesTest#"test_whitequark/bug_def_no_paren_eql_begin.txt" = 0.01 s
[ 3506/31251] Prism::FixturesTest#"test_whitequark/bug_do_block_in_call_args.txt" = 0.01 s
[ 3507/31251] Prism::FixturesTest#"test_whitequark/bug_do_block_in_cmdarg.txt" = 0.01 s
[ 3508/31251] Prism::FixturesTest#"test_whitequark/bug_do_block_in_hash_brace.txt" = 0.01 s
[ 3509/31251] Prism::FixturesTest#"test_whitequark/bug_heredoc_do.txt" = 0.01 s
[ 3510/31251] Prism::FixturesTest#"test_whitequark/bug_interp_single.txt" = 0.01 s
[ 3511/31251] Prism::FixturesTest#"test_whitequark/bug_lambda_leakage.txt" = 0.01 s
[ 3512/31251] Prism::FixturesTest#"test_whitequark/bug_regex_verification.txt" = 0.01 s
[ 3513/31251] Prism::FixturesTest#"test_whitequark/bug_rescue_empty_else.txt" = 0.01 s
[ 3514/31251] Prism::FixturesTest#"test_whitequark/bug_while_not_parens_do.txt" = 0.01 s
[ 3515/31251] Prism::FixturesTest#"test_whitequark/case_cond.txt" = 0.01 s
[ 3516/31251] Prism::FixturesTest#"test_whitequark/case_cond_else.txt" = 0.01 s
[ 3517/31251] Prism::FixturesTest#"test_whitequark/case_expr.txt" = 0.01 s
[ 3518/31251] Prism::FixturesTest#"test_whitequark/case_expr_else.txt" = 0.01 s
[ 3519/31251] Prism::FixturesTest#"test_whitequark/casgn_scoped.txt" = 0.01 s
[ 3520/31251] Prism::FixturesTest#"test_whitequark/casgn_toplevel.txt" = 0.01 s
[ 3521/31251] Prism::FixturesTest#"test_whitequark/casgn_unscoped.txt" = 0.01 s
[ 3522/31251] Prism::FixturesTest#"test_whitequark/character.txt" = 0.01 s
[ 3523/31251] Prism::FixturesTest#"test_whitequark/class.txt" = 0.01 s
[ 3524/31251] Prism::FixturesTest#"test_whitequark/class_super.txt" = 0.01 s
[ 3525/31251] Prism::FixturesTest#"test_whitequark/class_super_label.txt" = 0.01 s
[ 3526/31251] Prism::FixturesTest#"test_whitequark/comments_before_leading_dot__27.txt" = 0.01 s
[ 3527/31251] Prism::FixturesTest#"test_whitequark/complex.txt" = 0.01 s
[ 3528/31251] Prism::FixturesTest#"test_whitequark/cond_begin.txt" = 0.01 s
[ 3529/31251] Prism::FixturesTest#"test_whitequark/cond_begin_masgn.txt" = 0.01 s
[ 3530/31251] Prism::FixturesTest#"test_whitequark/cond_eflipflop.txt" = 0.01 s
[ 3531/31251] Prism::FixturesTest#"test_whitequark/cond_eflipflop_with_beginless_range.txt" = 0.01 s
[ 3532/31251] Prism::FixturesTest#"test_whitequark/cond_eflipflop_with_endless_range.txt" = 0.01 s
[ 3533/31251] Prism::FixturesTest#"test_whitequark/cond_iflipflop.txt" = 0.01 s
[ 3534/31251] Prism::FixturesTest#"test_whitequark/cond_iflipflop_with_beginless_range.txt" = 0.01 s
[ 3535/31251] Prism::FixturesTest#"test_whitequark/cond_iflipflop_with_endless_range.txt" = 0.01 s
[ 3536/31251] Prism::FixturesTest#"test_whitequark/cond_match_current_line.txt" = 0.01 s
[ 3537/31251] Prism::FixturesTest#"test_whitequark/const_op_asgn.txt" = 0.01 s
[ 3538/31251] Prism::FixturesTest#"test_whitequark/const_scoped.txt" = 0.01 s
[ 3539/31251] Prism::FixturesTest#"test_whitequark/const_toplevel.txt" = 0.01 s
[ 3540/31251] Prism::FixturesTest#"test_whitequark/const_unscoped.txt" = 0.01 s
[ 3541/31251] Prism::FixturesTest#"test_whitequark/cpath.txt" = 0.01 s
[ 3542/31251] Prism::FixturesTest#"test_whitequark/cvar.txt" = 0.01 s
[ 3543/31251] Prism::FixturesTest#"test_whitequark/cvasgn.txt" = 0.01 s
[ 3544/31251] Prism::FixturesTest#"test_whitequark/dedenting_heredoc.txt" = 0.01 s
[ 3545/31251] Prism::FixturesTest#"test_whitequark/dedenting_interpolating_heredoc_fake_line_continu
ation.txt" = 0.01 s
[ 3546/31251] Prism::FixturesTest#"test_whitequark/dedenting_non_interpolating_heredoc_line_continua
tion.txt" = 0.01 s
[ 3547/31251] Prism::FixturesTest#"test_whitequark/def.txt" = 0.01 s
[ 3548/31251] Prism::FixturesTest#"test_whitequark/defined.txt" = 0.01 s
[ 3549/31251] Prism::FixturesTest#"test_whitequark/defs.txt" = 0.01 s
[ 3550/31251] Prism::FixturesTest#"test_whitequark/empty_stmt.txt" = 0.01 s
[ 3551/31251] Prism::FixturesTest#"test_whitequark/endless_comparison_method.txt" = 0.01 s
[ 3552/31251] Prism::FixturesTest#"test_whitequark/endless_method.txt" = 0.01 s
[ 3553/31251] Prism::FixturesTest#"test_whitequark/endless_method_command_syntax.txt" = 0.01 s
[ 3554/31251] Prism::FixturesTest#"test_whitequark/endless_method_forwarded_args_legacy.txt" = 0.01
s
[ 3555/31251] Prism::FixturesTest#"test_whitequark/endless_method_with_rescue_mod.txt" = 0.01 s
[ 3556/31251] Prism::FixturesTest#"test_whitequark/endless_method_without_args.txt" = 0.01 s
[ 3557/31251] Prism::FixturesTest#"test_whitequark/ensure.txt" = 0.01 s
[ 3558/31251] Prism::FixturesTest#"test_whitequark/ensure_empty.txt" = 0.01 s
[ 3559/31251] Prism::FixturesTest#"test_whitequark/false.txt" = 0.01 s
[ 3560/31251] Prism::FixturesTest#"test_whitequark/float.txt" = 0.01 s
[ 3561/31251] Prism::FixturesTest#"test_whitequark/for.txt" = 0.01 s
[ 3562/31251] Prism::FixturesTest#"test_whitequark/for_mlhs.txt" = 0.01 s
[ 3563/31251] Prism::FixturesTest#"test_whitequark/forward_arg.txt" = 0.01 s
[ 3564/31251] Prism::FixturesTest#"test_whitequark/forward_arg_with_open_args.txt" = 0.01 s
[ 3565/31251] Prism::FixturesTest#"test_whitequark/forward_args_legacy.txt" = 0.01 s
[ 3566/31251] Prism::FixturesTest#"test_whitequark/forwarded_argument_with_kwrestarg.txt" = 0.01 s
[ 3567/31251] Prism::FixturesTest#"test_whitequark/forwarded_argument_with_restarg.txt" = 0.01 s
[ 3568/31251] Prism::FixturesTest#"test_whitequark/forwarded_kwrestarg.txt" = 0.01 s
[ 3569/31251] Prism::FixturesTest#"test_whitequark/forwarded_kwrestarg_with_additional_kwarg.txt" =
0.01 s
[ 3570/31251] Prism::FixturesTest#"test_whitequark/forwarded_restarg.txt" = 0.01 s
[ 3571/31251] Prism::FixturesTest#"test_whitequark/gvar.txt" = 0.01 s
[ 3572/31251] Prism::FixturesTest#"test_whitequark/gvasgn.txt" = 0.01 s
[ 3573/31251] Prism::FixturesTest#"test_whitequark/hash_empty.txt" = 0.01 s
[ 3574/31251] Prism::FixturesTest#"test_whitequark/hash_hashrocket.txt" = 0.01 s
[ 3575/31251] Prism::FixturesTest#"test_whitequark/hash_kwsplat.txt" = 0.01 s
[ 3576/31251] Prism::FixturesTest#"test_whitequark/hash_label.txt" = 0.01 s
[ 3577/31251] Prism::FixturesTest#"test_whitequark/hash_label_end.txt" = 0.01 s
[ 3578/31251] Prism::FixturesTest#"test_whitequark/hash_pair_value_omission.txt" = 0.01 s
[ 3579/31251] Prism::FixturesTest#"test_whitequark/heredoc.txt" = 0.01 s
[ 3580/31251] Prism::FixturesTest#"test_whitequark/if.txt" = 0.01 s
[ 3581/31251] Prism::FixturesTest#"test_whitequark/if_else.txt" = 0.01 s
[ 3582/31251] Prism::FixturesTest#"test_whitequark/if_elsif.txt" = 0.01 s
[ 3583/31251] Prism::FixturesTest#"test_whitequark/if_masgn__24.txt" = 0.01 s
[ 3584/31251] Prism::FixturesTest#"test_whitequark/if_mod.txt" = 0.01 s
[ 3585/31251] Prism::FixturesTest#"test_whitequark/if_nl_then.txt" = 0.01 s
[ 3586/31251] Prism::FixturesTest#"test_whitequark/int.txt" = 0.01 s
[ 3587/31251] Prism::FixturesTest#"test_whitequark/int___LINE__.txt" = 0.01 s
[ 3588/31251] Prism::FixturesTest#"test_whitequark/interp_digit_var.txt" = 0.01 s
[ 3589/31251] Prism::FixturesTest#"test_whitequark/ivar.txt" = 0.01 s
[ 3590/31251] Prism::FixturesTest#"test_whitequark/ivasgn.txt" = 0.01 s
[ 3591/31251] Prism::FixturesTest#"test_whitequark/keyword_argument_omission.txt" = 0.01 s
[ 3592/31251] Prism::FixturesTest#"test_whitequark/kwarg.txt" = 0.01 s
[ 3593/31251] Prism::FixturesTest#"test_whitequark/kwbegin_compstmt.txt" = 0.01 s
[ 3594/31251] Prism::FixturesTest#"test_whitequark/kwnilarg.txt" = 0.01 s
[ 3595/31251] Prism::FixturesTest#"test_whitequark/kwoptarg.txt" = 0.01 s
[ 3596/31251] Prism::FixturesTest#"test_whitequark/kwoptarg_with_kwrestarg_and_forwarded_args.txt" =
 0.01 s
[ 3597/31251] Prism::FixturesTest#"test_whitequark/kwrestarg_named.txt" = 0.01 s
[ 3598/31251] Prism::FixturesTest#"test_whitequark/kwrestarg_unnamed.txt" = 0.01 s
[ 3599/31251] Prism::FixturesTest#"test_whitequark/lbrace_arg_after_command_args.txt" = 0.03 s
[ 3600/31251] Prism::FixturesTest#"test_whitequark/lparenarg_after_lvar__since_25.txt" = 0.01 s
[ 3601/31251] Prism::FixturesTest#"test_whitequark/lvar.txt" = 0.01 s
[ 3602/31251] Prism::FixturesTest#"test_whitequark/lvar_injecting_match.txt" = 0.01 s
[ 3603/31251] Prism::FixturesTest#"test_whitequark/lvasgn.txt" = 0.01 s
[ 3604/31251] Prism::FixturesTest#"test_whitequark/masgn.txt" = 0.01 s
[ 3605/31251] Prism::FixturesTest#"test_whitequark/masgn_attr.txt" = 0.01 s
[ 3606/31251] Prism::FixturesTest#"test_whitequark/masgn_cmd.txt" = 0.01 s
[ 3607/31251] Prism::FixturesTest#"test_whitequark/masgn_const.txt" = 0.01 s
[ 3608/31251] Prism::FixturesTest#"test_whitequark/masgn_nested.txt" = 0.01 s
[ 3609/31251] Prism::FixturesTest#"test_whitequark/masgn_splat.txt" = 0.01 s
[ 3610/31251] Prism::FixturesTest#"test_whitequark/method_definition_in_while_cond.txt" = 0.01 s
[ 3611/31251] Prism::FixturesTest#"test_whitequark/module.txt" = 0.01 s
[ 3612/31251] Prism::FixturesTest#"test_whitequark/multiple_pattern_matches.txt" = 0.01 s
[ 3613/31251] Prism::FixturesTest#"test_whitequark/newline_in_hash_argument.txt" = 0.01 s
[ 3614/31251] Prism::FixturesTest#"test_whitequark/nil.txt" = 0.01 s
[ 3615/31251] Prism::FixturesTest#"test_whitequark/nil_expression.txt" = 0.01 s
[ 3616/31251] Prism::FixturesTest#"test_whitequark/non_lvar_injecting_match.txt" = 0.01 s
[ 3617/31251] Prism::FixturesTest#"test_whitequark/not.txt" = 0.01 s
[ 3618/31251] Prism::FixturesTest#"test_whitequark/not_cmd.txt" = 0.01 s
[ 3619/31251] Prism::FixturesTest#"test_whitequark/not_masgn__24.txt" = 0.01 s
[ 3620/31251] Prism::FixturesTest#"test_whitequark/nth_ref.txt" = 0.01 s
[ 3621/31251] Prism::FixturesTest#"test_whitequark/numbered_args_after_27.txt" = 0.01 s
[ 3622/31251] Prism::FixturesTest#"test_whitequark/numparam_outside_block.txt" = 0.01 s
[ 3623/31251] Prism::FixturesTest#"test_whitequark/numparam_ruby_bug_19025.txt" = 0.01 s
[ 3624/31251] Prism::FixturesTest#"test_whitequark/op_asgn.txt" = 0.01 s
[ 3625/31251] Prism::FixturesTest#"test_whitequark/op_asgn_cmd.txt" = 0.01 s
[ 3626/31251] Prism::FixturesTest#"test_whitequark/op_asgn_index.txt" = 0.01 s
[ 3627/31251] Prism::FixturesTest#"test_whitequark/op_asgn_index_cmd.txt" = 0.01 s
[ 3628/31251] Prism::FixturesTest#"test_whitequark/optarg.txt" = 0.01 s
[ 3629/31251] Prism::FixturesTest#"test_whitequark/or.txt" = 0.01 s
[ 3630/31251] Prism::FixturesTest#"test_whitequark/or_asgn.txt" = 0.01 s
[ 3631/31251] Prism::FixturesTest#"test_whitequark/parser_bug_272.txt" = 0.01 s
[ 3632/31251] Prism::FixturesTest#"test_whitequark/parser_bug_490.txt" = 0.01 s
[ 3633/31251] Prism::FixturesTest#"test_whitequark/parser_bug_507.txt" = 0.01 s
[ 3634/31251] Prism::FixturesTest#"test_whitequark/parser_bug_518.txt" = 0.01 s
[ 3635/31251] Prism::FixturesTest#"test_whitequark/parser_bug_525.txt" = 0.01 s
[ 3636/31251] Prism::FixturesTest#"test_whitequark/parser_bug_604.txt" = 0.01 s
[ 3637/31251] Prism::FixturesTest#"test_whitequark/parser_bug_640.txt" = 0.01 s
[ 3638/31251] Prism::FixturesTest#"test_whitequark/parser_bug_645.txt" = 0.01 s
[ 3639/31251] Prism::FixturesTest#"test_whitequark/parser_bug_830.txt" = 0.01 s
[ 3640/31251] Prism::FixturesTest#"test_whitequark/parser_bug_989.txt" = 0.01 s
[ 3641/31251] Prism::FixturesTest#"test_whitequark/parser_drops_truncated_parts_of_squiggly_heredoc.
txt" = 0.01 s
[ 3642/31251] Prism::FixturesTest#"test_whitequark/parser_slash_slash_n_escaping_in_literals.txt" =
0.01 s
[ 3643/31251] Prism::FixturesTest#"test_whitequark/pattern_matching__FILE__LINE_literals.txt" = 0.01
 s
[ 3644/31251] Prism::FixturesTest#"test_whitequark/pattern_matching_blank_else.txt" = 0.01 s
[ 3645/31251] Prism::FixturesTest#"test_whitequark/pattern_matching_else.txt" = 0.01 s
[ 3646/31251] Prism::FixturesTest#"test_whitequark/pattern_matching_single_line.txt" = 0.01 s
[ 3647/31251] Prism::FixturesTest#"test_whitequark/pattern_matching_single_line_allowed_omission_of_
parentheses.txt" = 0.01 s
[ 3648/31251] Prism::FixturesTest#"test_whitequark/postexe.txt" = 0.01 s
[ 3649/31251] Prism::FixturesTest#"test_whitequark/preexe.txt" = 0.01 s
[ 3650/31251] Prism::FixturesTest#"test_whitequark/procarg0.txt" = 0.01 s
[ 3651/31251] Prism::FixturesTest#"test_whitequark/range_exclusive.txt" = 0.01 s
[ 3652/31251] Prism::FixturesTest#"test_whitequark/range_inclusive.txt" = 0.01 s
[ 3653/31251] Prism::FixturesTest#"test_whitequark/rational.txt" = 0.01 s
[ 3654/31251] Prism::FixturesTest#"test_whitequark/regex_interp.txt" = 0.01 s
[ 3655/31251] Prism::FixturesTest#"test_whitequark/regex_plain.txt" = 0.01 s
[ 3656/31251] Prism::FixturesTest#"test_whitequark/resbody_list.txt" = 0.01 s
[ 3657/31251] Prism::FixturesTest#"test_whitequark/resbody_list_mrhs.txt" = 0.01 s
[ 3658/31251] Prism::FixturesTest#"test_whitequark/resbody_list_var.txt" = 0.01 s
[ 3659/31251] Prism::FixturesTest#"test_whitequark/resbody_var.txt" = 0.01 s
[ 3660/31251] Prism::FixturesTest#"test_whitequark/rescue.txt" = 0.01 s
[ 3661/31251] Prism::FixturesTest#"test_whitequark/rescue_else.txt" = 0.01 s
[ 3662/31251] Prism::FixturesTest#"test_whitequark/rescue_else_ensure.txt" = 0.01 s
[ 3663/31251] Prism::FixturesTest#"test_whitequark/rescue_ensure.txt" = 0.01 s
[ 3664/31251] Prism::FixturesTest#"test_whitequark/rescue_in_lambda_block.txt" = 0.01 s
[ 3665/31251] Prism::FixturesTest#"test_whitequark/rescue_mod.txt" = 0.01 s
[ 3666/31251] Prism::FixturesTest#"test_whitequark/rescue_mod_asgn.txt" = 0.01 s
[ 3667/31251] Prism::FixturesTest#"test_whitequark/rescue_mod_masgn.txt" = 0.01 s
[ 3668/31251] Prism::FixturesTest#"test_whitequark/rescue_mod_op_assign.txt" = 0.01 s
[ 3669/31251] Prism::FixturesTest#"test_whitequark/rescue_without_begin_end.txt" = 0.01 s
[ 3670/31251] Prism::FixturesTest#"test_whitequark/restarg_named.txt" = 0.01 s
[ 3671/31251] Prism::FixturesTest#"test_whitequark/restarg_unnamed.txt" = 0.01 s
[ 3672/31251] Prism::FixturesTest#"test_whitequark/return.txt" = 0.01 s
[ 3673/31251] Prism::FixturesTest#"test_whitequark/return_block.txt" = 0.01 s
[ 3674/31251] Prism::FixturesTest#"test_whitequark/ruby_bug_10279.txt" = 0.01 s
[ 3675/31251] Prism::FixturesTest#"test_whitequark/ruby_bug_10653.txt" = 0.01 s
[ 3676/31251] Prism::FixturesTest#"test_whitequark/ruby_bug_11107.txt" = 0.01 s
[ 3677/31251] Prism::FixturesTest#"test_whitequark/ruby_bug_11380.txt" = 0.01 s
[ 3678/31251] Prism::FixturesTest#"test_whitequark/ruby_bug_11873.txt" = 0.01 s
[ 3679/31251] Prism::FixturesTest#"test_whitequark/ruby_bug_11873_a.txt" = 0.01 s
[ 3680/31251] Prism::FixturesTest#"test_whitequark/ruby_bug_11873_b.txt" = 0.01 s
[ 3681/31251] Prism::FixturesTest#"test_whitequark/ruby_bug_11989.txt" = 0.01 s
[ 3682/31251] Prism::FixturesTest#"test_whitequark/ruby_bug_11990.txt" = 0.01 s
[ 3683/31251] Prism::FixturesTest#"test_whitequark/ruby_bug_12073.txt" = 0.01 s
[ 3684/31251] Prism::FixturesTest#"test_whitequark/ruby_bug_12402.txt" = 0.01 s
[ 3685/31251] Prism::FixturesTest#"test_whitequark/ruby_bug_12669.txt" = 0.01 s
[ 3686/31251] Prism::FixturesTest#"test_whitequark/ruby_bug_12686.txt" = 0.01 s
[ 3687/31251] Prism::FixturesTest#"test_whitequark/ruby_bug_13547.txt" = 0.01 s
[ 3688/31251] Prism::FixturesTest#"test_whitequark/ruby_bug_14690.txt" = 0.01 s
[ 3689/31251] Prism::FixturesTest#"test_whitequark/ruby_bug_15789.txt" = 0.01 s
[ 3690/31251] Prism::FixturesTest#"test_whitequark/ruby_bug_9669.txt" = 0.01 s
[ 3691/31251] Prism::FixturesTest#"test_whitequark/sclass.txt" = 0.01 s
[ 3692/31251] Prism::FixturesTest#"test_whitequark/self.txt" = 0.01 s
[ 3693/31251] Prism::FixturesTest#"test_whitequark/send_attr_asgn.txt" = 0.01 s
[ 3694/31251] Prism::FixturesTest#"test_whitequark/send_attr_asgn_conditional.txt" = 0.01 s
[ 3695/31251] Prism::FixturesTest#"test_whitequark/send_binary_op.txt" = 0.01 s
[ 3696/31251] Prism::FixturesTest#"test_whitequark/send_block_chain_cmd.txt" = 0.01 s
[ 3697/31251] Prism::FixturesTest#"test_whitequark/send_block_conditional.txt" = 0.01 s
[ 3698/31251] Prism::FixturesTest#"test_whitequark/send_call.txt" = 0.01 s
[ 3699/31251] Prism::FixturesTest#"test_whitequark/send_conditional.txt" = 0.01 s
[ 3700/31251] Prism::FixturesTest#"test_whitequark/send_index.txt" = 0.01 s
[ 3701/31251] Prism::FixturesTest#"test_whitequark/send_index_asgn.txt" = 0.01 s
[ 3702/31251] Prism::FixturesTest#"test_whitequark/send_index_asgn_legacy.txt" = 0.01 s
[ 3703/31251] Prism::FixturesTest#"test_whitequark/send_index_cmd.txt" = 0.01 s
[ 3704/31251] Prism::FixturesTest#"test_whitequark/send_index_legacy.txt" = 0.01 s
[ 3705/31251] Prism::FixturesTest#"test_whitequark/send_lambda.txt" = 0.01 s
[ 3706/31251] Prism::FixturesTest#"test_whitequark/send_lambda_args.txt" = 0.01 s
[ 3707/31251] Prism::FixturesTest#"test_whitequark/send_lambda_args_noparen.txt" = 0.01 s
[ 3708/31251] Prism::FixturesTest#"test_whitequark/send_lambda_args_shadow.txt" = 0.01 s
[ 3709/31251] Prism::FixturesTest#"test_whitequark/send_lambda_legacy.txt" = 0.01 s
[ 3710/31251] Prism::FixturesTest#"test_whitequark/send_op_asgn_conditional.txt" = 0.01 s
[ 3711/31251] Prism::FixturesTest#"test_whitequark/send_plain.txt" = 0.01 s
[ 3712/31251] Prism::FixturesTest#"test_whitequark/send_plain_cmd.txt" = 0.01 s
[ 3713/31251] Prism::FixturesTest#"test_whitequark/send_self.txt" = 0.01 s
[ 3714/31251] Prism::FixturesTest#"test_whitequark/send_self_block.txt" = 0.01 s
[ 3715/31251] Prism::FixturesTest#"test_whitequark/send_unary_op.txt" = 0.01 s
[ 3716/31251] Prism::FixturesTest#"test_whitequark/slash_newline_in_heredocs.txt" = 0.01 s
[ 3717/31251] Prism::FixturesTest#"test_whitequark/space_args_arg.txt" = 0.01 s
[ 3718/31251] Prism::FixturesTest#"test_whitequark/space_args_arg_block.txt" = 0.01 s
[ 3719/31251] Prism::FixturesTest#"test_whitequark/space_args_arg_call.txt" = 0.01 s
[ 3720/31251] Prism::FixturesTest#"test_whitequark/space_args_arg_newline.txt" = 0.01 s
[ 3721/31251] Prism::FixturesTest#"test_whitequark/space_args_block.txt" = 0.01 s
[ 3722/31251] Prism::FixturesTest#"test_whitequark/space_args_cmd.txt" = 0.01 s
[ 3723/31251] Prism::FixturesTest#"test_whitequark/string___FILE__.txt" = 0.01 s
[ 3724/31251] Prism::FixturesTest#"test_whitequark/string_concat.txt" = 0.01 s
[ 3725/31251] Prism::FixturesTest#"test_whitequark/string_dvar.txt" = 0.01 s
[ 3726/31251] Prism::FixturesTest#"test_whitequark/string_interp.txt" = 0.01 s
[ 3727/31251] Prism::FixturesTest#"test_whitequark/string_plain.txt" = 0.01 s
[ 3728/31251] Prism::FixturesTest#"test_whitequark/super.txt" = 0.01 s
[ 3729/31251] Prism::FixturesTest#"test_whitequark/super_block.txt" = 0.01 s
[ 3730/31251] Prism::FixturesTest#"test_whitequark/symbol_interp.txt" = 0.01 s
[ 3731/31251] Prism::FixturesTest#"test_whitequark/symbol_plain.txt" = 0.01 s
[ 3732/31251] Prism::FixturesTest#"test_whitequark/ternary.txt" = 0.01 s
[ 3733/31251] Prism::FixturesTest#"test_whitequark/ternary_ambiguous_symbol.txt" = 0.01 s
[ 3734/31251] Prism::FixturesTest#"test_whitequark/trailing_forward_arg.txt" = 0.01 s
[ 3735/31251] Prism::FixturesTest#"test_whitequark/true.txt" = 0.01 s
[ 3736/31251] Prism::FixturesTest#"test_whitequark/unary_num_pow_precedence.txt" = 0.01 s
[ 3737/31251] Prism::FixturesTest#"test_whitequark/undef.txt" = 0.01 s
[ 3738/31251] Prism::FixturesTest#"test_whitequark/unless.txt" = 0.01 s
[ 3739/31251] Prism::FixturesTest#"test_whitequark/unless_else.txt" = 0.01 s
[ 3740/31251] Prism::FixturesTest#"test_whitequark/unless_mod.txt" = 0.01 s
[ 3741/31251] Prism::FixturesTest#"test_whitequark/until.txt" = 0.01 s
[ 3742/31251] Prism::FixturesTest#"test_whitequark/until_mod.txt" = 0.01 s
[ 3743/31251] Prism::FixturesTest#"test_whitequark/until_post.txt" = 0.01 s
[ 3744/31251] Prism::FixturesTest#"test_whitequark/var_and_asgn.txt" = 0.01 s
[ 3745/31251] Prism::FixturesTest#"test_whitequark/var_op_asgn.txt" = 0.01 s
[ 3746/31251] Prism::FixturesTest#"test_whitequark/var_op_asgn_cmd.txt" = 0.01 s
[ 3747/31251] Prism::FixturesTest#"test_whitequark/var_or_asgn.txt" = 0.01 s
[ 3748/31251] Prism::FixturesTest#"test_whitequark/when_multi.txt" = 0.01 s
[ 3749/31251] Prism::FixturesTest#"test_whitequark/when_splat.txt" = 0.01 s
[ 3750/31251] Prism::FixturesTest#"test_whitequark/when_then.txt" = 0.01 s
[ 3751/31251] Prism::FixturesTest#"test_whitequark/while.txt" = 0.01 s
[ 3752/31251] Prism::FixturesTest#"test_whitequark/while_mod.txt" = 0.01 s
[ 3753/31251] Prism::FixturesTest#"test_whitequark/while_post.txt" = 0.01 s
[ 3754/31251] Prism::FixturesTest#"test_whitequark/xstring_interp.txt" = 0.01 s
[ 3755/31251] Prism::FixturesTest#"test_whitequark/xstring_plain.txt" = 0.01 s
[ 3756/31251] Prism::FixturesTest#"test_whitequark/zsuper.txt" = 0.01 s
[ 3757/31251] Prism::FixturesTest#"test_xstring.txt" = 0.01 s
[ 3758/31251] Prism::FixturesTest#"test_xstring_with_backslash.txt" = 0.01 s
[ 3759/31251] Prism::FixturesTest#"test_yield.txt" = 0.01 s
[ 3760/31251] Prism::FuzzerTest#"test_fuzzer_comment followed by whitespace at end of file" = 0.01 s
[ 3761/31251] Prism::FuzzerTest#"test_fuzzer_create a binary call node with arg before receiver" = 0
.01 s
[ 3762/31251] Prism::FuzzerTest#"test_fuzzer_escaped hex at end of file 1" = 0.01 s
[ 3763/31251] Prism::FuzzerTest#"test_fuzzer_escaped hex at end of file 2" = 0.01 s
[ 3764/31251] Prism::FuzzerTest#"test_fuzzer_escaped octal at end of file 1" = 0.01 s
[ 3765/31251] Prism::FuzzerTest#"test_fuzzer_escaped octal at end of file 2" = 0.01 s
[ 3766/31251] Prism::FuzzerTest#"test_fuzzer_escaped unicode at end of file 1" = 0.01 s
[ 3767/31251] Prism::FuzzerTest#"test_fuzzer_escaped unicode at end of file 2" = 0.01 s
[ 3768/31251] Prism::FuzzerTest#"test_fuzzer_escaped unicode at end of file 3" = 0.01 s
[ 3769/31251] Prism::FuzzerTest#"test_fuzzer_escaped unicode at end of file 4" = 0.01 s
[ 3770/31251] Prism::FuzzerTest#"test_fuzzer_escaped unicode at end of file 5" = 0.01 s
[ 3771/31251] Prism::FuzzerTest#"test_fuzzer_escaped unicode at end of file 6" = 0.01 s
[ 3772/31251] Prism::FuzzerTest#"test_fuzzer_escaped unicode at end of file 7" = 0.01 s
[ 3773/31251] Prism::FuzzerTest#"test_fuzzer_escaped unicode at end of file 8" = 0.01 s
[ 3774/31251] Prism::FuzzerTest#"test_fuzzer_escaped unicode at end of file 9" = 0.01 s
[ 3775/31251] Prism::FuzzerTest#"test_fuzzer_float suffix at end of file" = 0.01 s
[ 3776/31251] Prism::FuzzerTest#"test_fuzzer_incomplete binary number" = 0.01 s
[ 3777/31251] Prism::FuzzerTest#"test_fuzzer_incomplete decimal number" = 0.01 s
[ 3778/31251] Prism::FuzzerTest#"test_fuzzer_incomplete escaped list" = 0.01 s
[ 3779/31251] Prism::FuzzerTest#"test_fuzzer_incomplete escaped regex" = 0.01 s
[ 3780/31251] Prism::FuzzerTest#"test_fuzzer_incomplete escaped string" = 0.01 s
[ 3781/31251] Prism::FuzzerTest#"test_fuzzer_incomplete global variable" = 0.01 s
[ 3782/31251] Prism::FuzzerTest#"test_fuzzer_incomplete hex number" = 0.01 s
[ 3783/31251] Prism::FuzzerTest#"test_fuzzer_incomplete octal number" = 0.01 s
[ 3784/31251] Prism::FuzzerTest#"test_fuzzer_incomplete symbol" = 0.01 s
[ 3785/31251] Prism::FuzzerTest#"test_fuzzer_interpolated regular expression with start and end out
of order" = 0.01 s
[ 3786/31251] Prism::FuzzerTest#"test_fuzzer_parameter name that is zero length" = 0.01 s
[ 3787/31251] Prism::FuzzerTest#"test_fuzzer_regular expression with start and end out of order" = 0
.01 s
[ 3788/31251] Prism::FuzzerTest#"test_fuzzer_statements node with multiple heredocs" = 0.01 s
[ 3789/31251] Prism::FuzzerTest#"test_fuzzer_trailing asterisk" = 0.01 s
[ 3790/31251] Prism::FuzzerTest#"test_fuzzer_trailing comment" = 0.01 s
[ 3791/31251] Prism::FuzzerTest#"test_fuzzer_unterminated heredoc with unterminated escape at end of
 file" = 0.01 s
[ 3792/31251] Prism::HeredocDedentTest#test_blank_lines = 0.02 s
[ 3793/31251] Prism::HeredocDedentTest#test_content = 0.02 s
[ 3794/31251] Prism::HeredocDedentTest#test_content_content = 0.02 s
[ 3795/31251] Prism::HeredocDedentTest#test_content_dedented_content = 0.02 s
[ 3796/31251] Prism::HeredocDedentTest#test_content_dedented_interpolation = 0.02 s
[ 3797/31251] Prism::HeredocDedentTest#test_content_dedented_interpolation_content = 0.02 s
[ 3798/31251] Prism::HeredocDedentTest#test_content_indented_content = 0.02 s
[ 3799/31251] Prism::HeredocDedentTest#test_content_interpolation = 0.02 s
[ 3800/31251] Prism::HeredocDedentTest#test_content_then_interpolation = 0.02 s
[ 3801/31251] Prism::HeredocDedentTest#test_indent_size = 0.02 s
[ 3802/31251] Prism::HeredocDedentTest#test_indented_content_content = 0.02 s
[ 3803/31251] Prism::HeredocDedentTest#test_interpolation_then_content = 0.02 s
[ 3804/31251] Prism::HeredocDedentTest#test_many_blank_lines = 0.02 s
[ 3805/31251] Prism::HeredocDedentTest#test_mixed_indentation = 0.02 s
[ 3806/31251] Prism::HeredocDedentTest#test_single_quote = 0.02 s
[ 3807/31251] Prism::HeredocDedentTest#test_tabs_dedent_spaces = 0.02 s
[ 3808/31251] Prism::HeredocTest#test_heredoc? = 0.05 s
[ 3809/31251] Prism::ImplicitArrayTest#test_call_node = 0.02 s
[ 3810/31251] Prism::ImplicitArrayTest#test_class_variable_write_node = 0.01 s
[ 3811/31251] Prism::ImplicitArrayTest#test_constant_path_write_node = 0.01 s
[ 3812/31251] Prism::ImplicitArrayTest#test_constant_write_node = 0.01 s
[ 3813/31251] Prism::ImplicitArrayTest#test_global_variable_write_node = 0.01 s
[ 3814/31251] Prism::ImplicitArrayTest#test_instance_variable_write_node = 0.01 s
[ 3815/31251] Prism::ImplicitArrayTest#test_local_variable_write_node = 0.01 s
[ 3816/31251] Prism::ImplicitArrayTest#test_multi_write_node = 0.01 s
[ 3817/31251] Prism::IndexWriteTest#test_block_3_3 = 0.02 s
[ 3818/31251] Prism::IndexWriteTest#test_block_latest = 0.01 s
[ 3819/31251] Prism::IndexWriteTest#test_keywords_3_3 = 0.01 s
[ 3820/31251] Prism::IndexWriteTest#test_keywords_latest = 0.01 s
[ 3821/31251] Prism::IntegerBaseFlagsTest#test_flags = 0.03 s
[ 3822/31251] Prism::IntegerParseTest#test_integer_parse = 0.09 s
[ 3823/31251] Prism::LexTest#"test_alias.txt" = 0.83 s
[ 3824/31251] Prism::LexTest#"test_arithmetic.txt" = 0.41 s
[ 3825/31251] Prism::LexTest#"test_arrays.txt" = 5.50 s
[ 3826/31251] Prism::LexTest#"test_begin_ensure.txt" = 0.76 s
[ 3827/31251] Prism::LexTest#"test_begin_rescue.txt" = 2.24 s
[ 3828/31251] Prism::LexTest#"test_blocks.txt" = 2.04 s
[ 3829/31251] Prism::LexTest#"test_boolean_operators.txt" = 0.16 s
[ 3830/31251] Prism::LexTest#"test_booleans.txt" = 0.07 s
[ 3831/31251] Prism::LexTest#"test_break.txt" = 1.37 s
[ 3832/31251] Prism::LexTest#"test_case.txt" = 2.03 s
[ 3833/31251] Prism::LexTest#"test_classes.txt" = 1.48 s
[ 3834/31251] Prism::LexTest#"test_command_method_call.txt" = 1.64 s
[ 3835/31251] Prism::LexTest#"test_comments.txt" = 0.45 s
[ 3836/31251] Prism::LexTest#"test_constants.txt" = 4.92 s
[ 3837/31251] Prism::LexTest#"test_dash_heredocs.txt" = 1.16 s
[ 3838/31251] Prism::LexTest#"test_defined.txt" = 0.53 s
[ 3839/31251] Prism::LexTest#"test_dos_endings.txt" = 0.45 s
[ 3840/31251] Prism::LexTest#"test_dstring.txt" = 0.45 s
[ 3841/31251] Prism::LexTest#"test_dsym_str.txt" = 0.06 s
[ 3842/31251] Prism::LexTest#"test_embdoc_no_newline_at_end.txt" = 0.04 s
[ 3843/31251] Prism::LexTest#"test_emoji_method_calls.txt" = 0.08 s
[ 3844/31251] Prism::LexTest#"test_endless_methods.txt" = 0.25 s
[ 3845/31251] Prism::LexTest#"test_endless_range_in_conditional.txt" = 0.20 s
[ 3846/31251] Prism::LexTest#"test_for.txt" = 0.79 s
[ 3847/31251] Prism::LexTest#"test_global_variables.txt" = 1.70 s
[ 3848/31251] Prism::LexTest#"test_hashes.txt" = 1.02 s
[ 3849/31251] Prism::LexTest#"test_heredoc.txt" = 0.05 s
[ 3850/31251] Prism::LexTest#"test_heredoc_with_carriage_returns.txt" = 0.05 s
[ 3851/31251] Prism::LexTest#"test_heredoc_with_comment.txt" = 0.09 s
[ 3852/31251] Prism::LexTest#"test_heredoc_with_escaped_newline_at_start.txt" = 0.25 s
[ 3853/31251] Prism::LexTest#"test_heredoc_with_trailing_newline.txt" = 0.06 s
[ 3854/31251] Prism::LexTest#"test_heredocs_leading_whitespace.txt" = 0.36 s
[ 3855/31251] Prism::LexTest#"test_heredocs_nested.txt" = 0.46 s
[ 3856/31251] Prism::LexTest#"test_heredocs_with_ignored_newlines.txt" = 0.31 s
[ 3857/31251] Prism::LexTest#"test_heredocs_with_ignored_newlines_and_non_empty.txt" = 0.07 s
[ 3858/31251] Prism::LexTest#"test_if.txt" = 1.54 s
[ 3859/31251] Prism::LexTest#"test_indented_file_end.txt" = 0.09 s
[ 3860/31251] Prism::LexTest#"test_integer_operations.txt" = 1.77 s
[ 3861/31251] Prism::LexTest#"test_it_indirect_writes.txt" = 1.27 s
[ 3862/31251] Prism::LexTest#"test_keyword_method_names.txt" = 0.79 s
[ 3863/31251] Prism::LexTest#"test_keywords.txt" = 0.27 s
[ 3864/31251] Prism::LexTest#"test_lambda.txt" = 0.86 s
[ 3865/31251] Prism::LexTest#test_lex_file = 0.16 s
[ 3866/31251] Prism::LexTest#test_lex_result = 0.05 s
[ 3867/31251] Prism::LexTest#"test_method_calls.txt" = 7.90 s
[ 3868/31251] Prism::LexTest#"test_methods.txt" = 8.47 s
[ 3869/31251] Prism::LexTest#"test_modules.txt" = 0.75 s
[ 3870/31251] Prism::LexTest#"test_multi_write.txt" = 0.34 s
[ 3871/31251] Prism::LexTest#"test_newline_terminated.txt" = 0.70 s
[ 3872/31251] Prism::LexTest#"test_next.txt" = 1.17 s
[ 3873/31251] Prism::LexTest#"test_nils.txt" = 0.30 s
[ 3874/31251] Prism::LexTest#"test_non_alphanumeric_methods.txt" = 2.56 s
[ 3875/31251] Prism::LexTest#"test_not.txt" = 0.87 s
[ 3876/31251] Prism::LexTest#"test_numbers.txt" = 1.20 s
[ 3877/31251] Prism::LexTest#test_parse_lex = 0.02 s
[ 3878/31251] Prism::LexTest#test_parse_lex_file = 0.22 s
[ 3879/31251] Prism::LexTest#test_parse_lex_result = 0.07 s
[ 3880/31251] Prism::LexTest#"test_patterns.txt" = 15.86 s
[ 3881/31251] Prism::LexTest#"test_procs.txt" = 1.43 s
[ 3882/31251] Prism::LexTest#"test_range_begin_open_exclusive.txt" = 0.04 s
[ 3883/31251] Prism::LexTest#"test_range_begin_open_inclusive.txt" = 0.04 s
[ 3884/31251] Prism::LexTest#"test_range_beginless.txt" = 0.31 s
[ 3885/31251] Prism::LexTest#"test_range_end_open_exclusive.txt" = 0.05 s
[ 3886/31251] Prism::LexTest#"test_range_end_open_inclusive.txt" = 0.05 s
[ 3887/31251] Prism::LexTest#"test_ranges.txt" = 1.42 s
[ 3888/31251] Prism::LexTest#"test_regex.txt" = 1.66 s
[ 3889/31251] Prism::LexTest#"test_regex_char_width.txt" = 0.15 s
[ 3890/31251] Prism::LexTest#"test_regex_escape_encoding.txt" = 0.14 s
[ 3891/31251] Prism::LexTest#"test_repeat_parameters.txt" = 2.17 s
[ 3892/31251] Prism::LexTest#"test_rescue.txt" = 1.35 s
[ 3893/31251] Prism::LexTest#"test_rescue_modifier.txt" = 0.42 s
[ 3894/31251] Prism::LexTest#"test_return.txt" = 0.77 s
[ 3895/31251] Prism::LexTest#"test_seattlerb/BEGIN.txt" = 0.07 s
[ 3896/31251] Prism::LexTest#"test_seattlerb/TestRubyParserShared.txt" = 2.01 s
[ 3897/31251] Prism::LexTest#"test_seattlerb/__ENCODING__.txt" = 0.04 s
[ 3898/31251] Prism::LexTest#"test_seattlerb/alias_gvar_backref.txt" = 0.05 s
[ 3899/31251] Prism::LexTest#"test_seattlerb/alias_resword.txt" = 0.06 s
[ 3900/31251] Prism::LexTest#"test_seattlerb/and_multi.txt" = 0.10 s
[ 3901/31251] Prism::LexTest#"test_seattlerb/aref_args_assocs.txt" = 0.07 s
[ 3902/31251] Prism::LexTest#"test_seattlerb/aref_args_lit_assocs.txt" = 0.09 s
[ 3903/31251] Prism::LexTest#"test_seattlerb/args_kw_block.txt" = 0.12 s
[ 3904/31251] Prism::LexTest#"test_seattlerb/array_line_breaks.txt" = 0.14 s
[ 3905/31251] Prism::LexTest#"test_seattlerb/array_lits_trailing_calls.txt" = 0.11 s
[ 3906/31251] Prism::LexTest#"test_seattlerb/assoc__bare.txt" = 0.06 s
[ 3907/31251] Prism::LexTest#"test_seattlerb/assoc_label.txt" = 0.07 s
[ 3908/31251] Prism::LexTest#"test_seattlerb/attr_asgn_colon_id.txt" = 0.07 s
[ 3909/31251] Prism::LexTest#"test_seattlerb/attrasgn_array_arg.txt" = 0.18 s
[ 3910/31251] Prism::LexTest#"test_seattlerb/attrasgn_array_lhs.txt" = 0.26 s
[ 3911/31251] Prism::LexTest#"test_seattlerb/attrasgn_primary_dot_constant.txt" = 0.07 s
[ 3912/31251] Prism::LexTest#"test_seattlerb/backticks_interpolation_line.txt" = 0.08 s
[ 3913/31251] Prism::LexTest#"test_seattlerb/bang_eq.txt" = 0.06 s
[ 3914/31251] Prism::LexTest#"test_seattlerb/bdot2.txt" = 0.18 s
[ 3915/31251] Prism::LexTest#"test_seattlerb/bdot3.txt" = 0.11 s
[ 3916/31251] Prism::LexTest#"test_seattlerb/begin_ensure_no_bodies.txt" = 0.07 s
[ 3917/31251] Prism::LexTest#"test_seattlerb/begin_rescue_else_ensure_bodies.txt" = 0.18 s
[ 3918/31251] Prism::LexTest#"test_seattlerb/begin_rescue_else_ensure_no_bodies.txt" = 0.15 s
[ 3919/31251] Prism::LexTest#"test_seattlerb/begin_rescue_ensure_no_bodies.txt" = 0.09 s
[ 3920/31251] Prism::LexTest#"test_seattlerb/block_arg__bare.txt" = 0.09 s
[ 3921/31251] Prism::LexTest#"test_seattlerb/block_arg_kwsplat.txt" = 0.09 s
[ 3922/31251] Prism::LexTest#"test_seattlerb/block_arg_opt_arg_block.txt" = 0.16 s
[ 3923/31251] Prism::LexTest#"test_seattlerb/block_arg_opt_splat.txt" = 0.14 s
[ 3924/31251] Prism::LexTest#"test_seattlerb/block_arg_opt_splat_arg_block_omfg.txt" = 0.30 s
[ 3925/31251] Prism::LexTest#"test_seattlerb/block_arg_optional.txt" = 0.10 s
[ 3926/31251] Prism::LexTest#"test_seattlerb/block_arg_scope.txt" = 0.10 s
[ 3927/31251] Prism::LexTest#"test_seattlerb/block_arg_scope2.txt" = 0.12 s
[ 3928/31251] Prism::LexTest#"test_seattlerb/block_arg_splat_arg.txt" = 0.13 s
[ 3929/31251] Prism::LexTest#"test_seattlerb/block_args_kwargs.txt" = 0.10 s
[ 3930/31251] Prism::LexTest#"test_seattlerb/block_args_no_kwargs.txt" = 0.09 s
[ 3931/31251] Prism::LexTest#"test_seattlerb/block_args_opt1.txt" = 0.16 s
[ 3932/31251] Prism::LexTest#"test_seattlerb/block_args_opt2.txt" = 0.14 s
[ 3933/31251] Prism::LexTest#"test_seattlerb/block_args_opt2_2.txt" = 0.22 s
[ 3934/31251] Prism::LexTest#"test_seattlerb/block_args_opt3.txt" = 0.26 s
[ 3935/31251] Prism::LexTest#"test_seattlerb/block_call_defn_call_block_call.txt" = 0.17 s
[ 3936/31251] Prism::LexTest#"test_seattlerb/block_call_dot_op2_brace_block.txt" = 0.18 s
[ 3937/31251] Prism::LexTest#"test_seattlerb/block_call_dot_op2_cmd_args_do_block.txt" = 0.19 s
[ 3938/31251] Prism::LexTest#"test_seattlerb/block_call_operation_colon.txt" = 0.10 s
[ 3939/31251] Prism::LexTest#"test_seattlerb/block_call_operation_dot.txt" = 0.20 s
[ 3940/31251] Prism::LexTest#"test_seattlerb/block_call_paren_call_block_call.txt" = 0.11 s
[ 3941/31251] Prism::LexTest#"test_seattlerb/block_command_operation_colon.txt" = 0.11 s
[ 3942/31251] Prism::LexTest#"test_seattlerb/block_command_operation_dot.txt" = 0.11 s
[ 3943/31251] Prism::LexTest#"test_seattlerb/block_decomp_anon_splat_arg.txt" = 0.12 s
[ 3944/31251] Prism::LexTest#"test_seattlerb/block_decomp_arg_splat.txt" = 0.11 s
[ 3945/31251] Prism::LexTest#"test_seattlerb/block_decomp_arg_splat_arg.txt" = 0.25 s
[ 3946/31251] Prism::LexTest#"test_seattlerb/block_decomp_splat.txt" = 0.11 s
[ 3947/31251] Prism::LexTest#"test_seattlerb/block_kw.txt" = 0.09 s
[ 3948/31251] Prism::LexTest#"test_seattlerb/block_kw__required.txt" = 0.08 s
[ 3949/31251] Prism::LexTest#"test_seattlerb/block_kwarg_lvar.txt" = 0.11 s
[ 3950/31251] Prism::LexTest#"test_seattlerb/block_kwarg_lvar_multiple.txt" = 0.15 s
[ 3951/31251] Prism::LexTest#"test_seattlerb/block_opt_arg.txt" = 0.22 s
[ 3952/31251] Prism::LexTest#"test_seattlerb/block_opt_splat.txt" = 0.13 s
[ 3953/31251] Prism::LexTest#"test_seattlerb/block_opt_splat_arg_block_omfg.txt" = 0.17 s
[ 3954/31251] Prism::LexTest#"test_seattlerb/block_optarg.txt" = 0.11 s
[ 3955/31251] Prism::LexTest#"test_seattlerb/block_paren_splat.txt" = 0.12 s
[ 3956/31251] Prism::LexTest#"test_seattlerb/block_reg_optarg.txt" = 0.24 s
[ 3957/31251] Prism::LexTest#"test_seattlerb/block_return.txt" = 0.10 s
[ 3958/31251] Prism::LexTest#"test_seattlerb/block_scope.txt" = 0.09 s
[ 3959/31251] Prism::LexTest#"test_seattlerb/block_splat_reg.txt" = 0.11 s
[ 3960/31251] Prism::LexTest#"test_seattlerb/bug169.txt" = 0.07 s
[ 3961/31251] Prism::LexTest#"test_seattlerb/bug179.txt" = 0.07 s
[ 3962/31251] Prism::LexTest#"test_seattlerb/bug190.txt" = 0.05 s
[ 3963/31251] Prism::LexTest#"test_seattlerb/bug191.txt" = 0.15 s
[ 3964/31251] Prism::LexTest#"test_seattlerb/bug202.txt" = 0.09 s
[ 3965/31251] Prism::LexTest#"test_seattlerb/bug236.txt" = 0.15 s
[ 3966/31251] Prism::LexTest#"test_seattlerb/bug290.txt" = 0.07 s
[ 3967/31251] Prism::LexTest#"test_seattlerb/bug_187.txt" = 0.13 s
[ 3968/31251] Prism::LexTest#"test_seattlerb/bug_215.txt" = 0.06 s
[ 3969/31251] Prism::LexTest#"test_seattlerb/bug_249.txt" = 0.28 s
[ 3970/31251] Prism::LexTest#"test_seattlerb/bug_and.txt" = 0.12 s
[ 3971/31251] Prism::LexTest#"test_seattlerb/bug_args__19.txt" = 0.13 s
[ 3972/31251] Prism::LexTest#"test_seattlerb/bug_args_masgn.txt" = 0.13 s
[ 3973/31251] Prism::LexTest#"test_seattlerb/bug_args_masgn2.txt" = 0.17 s
[ 3974/31251] Prism::LexTest#"test_seattlerb/bug_args_masgn_outer_parens__19.txt" = 0.20 s
[ 3975/31251] Prism::LexTest#"test_seattlerb/bug_call_arglist_parens.txt" = 0.36 s
[ 3976/31251] Prism::LexTest#"test_seattlerb/bug_case_when_regexp.txt" = 0.12 s
[ 3977/31251] Prism::LexTest#"test_seattlerb/bug_comma.txt" = 0.09 s
[ 3978/31251] Prism::LexTest#"test_seattlerb/bug_cond_pct.txt" = 0.15 s
[ 3979/31251] Prism::LexTest#"test_seattlerb/bug_hash_args.txt" = 0.10 s
[ 3980/31251] Prism::LexTest#"test_seattlerb/bug_hash_args_trailing_comma.txt" = 0.10 s
[ 3981/31251] Prism::LexTest#"test_seattlerb/bug_hash_interp_array.txt" = 0.10 s
[ 3982/31251] Prism::LexTest#"test_seattlerb/bug_masgn_right.txt" = 0.13 s
[ 3983/31251] Prism::LexTest#"test_seattlerb/bug_not_parens.txt" = 0.06 s
[ 3984/31251] Prism::LexTest#"test_seattlerb/bug_op_asgn_rescue.txt" = 0.13 s
[ 3985/31251] Prism::LexTest#"test_seattlerb/call_and.txt" = 0.06 s
[ 3986/31251] Prism::LexTest#"test_seattlerb/call_arg_assoc.txt" = 0.10 s
[ 3987/31251] Prism::LexTest#"test_seattlerb/call_arg_assoc_kwsplat.txt" = 0.11 s
[ 3988/31251] Prism::LexTest#"test_seattlerb/call_arg_kwsplat.txt" = 0.09 s
[ 3989/31251] Prism::LexTest#"test_seattlerb/call_args_assoc_quoted.txt" = 0.21 s
[ 3990/31251] Prism::LexTest#"test_seattlerb/call_args_assoc_trailing_comma.txt" = 0.15 s
[ 3991/31251] Prism::LexTest#"test_seattlerb/call_args_command.txt" = 0.09 s
[ 3992/31251] Prism::LexTest#"test_seattlerb/call_array_arg.txt" = 0.11 s
[ 3993/31251] Prism::LexTest#"test_seattlerb/call_array_block_call.txt" = 0.10 s
[ 3994/31251] Prism::LexTest#"test_seattlerb/call_array_lambda_block_call.txt" = 0.12 s
[ 3995/31251] Prism::LexTest#"test_seattlerb/call_array_lit_inline_hash.txt" = 0.13 s
[ 3996/31251] Prism::LexTest#"test_seattlerb/call_assoc.txt" = 0.11 s
[ 3997/31251] Prism::LexTest#"test_seattlerb/call_assoc_new.txt" = 0.07 s
[ 3998/31251] Prism::LexTest#"test_seattlerb/call_assoc_new_if_multiline.txt" = 0.16 s
[ 3999/31251] Prism::LexTest#"test_seattlerb/call_assoc_trailing_comma.txt" = 0.09 s
[ 4000/31251] Prism::LexTest#"test_seattlerb/call_bang_command_call.txt" = 0.07 s
[ 4001/31251] Prism::LexTest#"test_seattlerb/call_bang_squiggle.txt" = 0.05 s
[ 4002/31251] Prism::LexTest#"test_seattlerb/call_begin_call_block_call.txt" = 0.12 s
[ 4003/31251] Prism::LexTest#"test_seattlerb/call_block_arg_named.txt" = 0.07 s
[ 4004/31251] Prism::LexTest#"test_seattlerb/call_carat.txt" = 0.05 s
[ 4005/31251] Prism::LexTest#"test_seattlerb/call_colon2.txt" = 0.05 s
[ 4006/31251] Prism::LexTest#"test_seattlerb/call_colon_parens.txt" = 0.06 s
[ 4007/31251] Prism::LexTest#"test_seattlerb/call_div.txt" = 0.05 s
[ 4008/31251] Prism::LexTest#"test_seattlerb/call_dot_parens.txt" = 0.06 s
[ 4009/31251] Prism::LexTest#"test_seattlerb/call_env.txt" = 0.05 s
[ 4010/31251] Prism::LexTest#"test_seattlerb/call_eq3.txt" = 0.06 s
[ 4011/31251] Prism::LexTest#"test_seattlerb/call_gt.txt" = 0.05 s
[ 4012/31251] Prism::LexTest#"test_seattlerb/call_kwsplat.txt" = 0.07 s
[ 4013/31251] Prism::LexTest#"test_seattlerb/call_leading_dots.txt" = 0.09 s
[ 4014/31251] Prism::LexTest#"test_seattlerb/call_leading_dots_comment.txt" = 0.10 s
[ 4015/31251] Prism::LexTest#"test_seattlerb/call_lt.txt" = 0.06 s
[ 4016/31251] Prism::LexTest#"test_seattlerb/call_lte.txt" = 0.06 s
[ 4017/31251] Prism::LexTest#"test_seattlerb/call_not.txt" = 0.05 s
[ 4018/31251] Prism::LexTest#"test_seattlerb/call_pipe.txt" = 0.05 s
[ 4019/31251] Prism::LexTest#"test_seattlerb/call_rshift.txt" = 0.06 s
[ 4020/31251] Prism::LexTest#"test_seattlerb/call_self_brackets.txt" = 0.06 s
[ 4021/31251] Prism::LexTest#"test_seattlerb/call_spaceship.txt" = 0.05 s
[ 4022/31251] Prism::LexTest#"test_seattlerb/call_stabby_do_end_with_block.txt" = 0.11 s
[ 4023/31251] Prism::LexTest#"test_seattlerb/call_stabby_with_braces_block.txt" = 0.10 s
[ 4024/31251] Prism::LexTest#"test_seattlerb/call_star.txt" = 0.05 s
[ 4025/31251] Prism::LexTest#"test_seattlerb/call_star2.txt" = 0.06 s
[ 4026/31251] Prism::LexTest#"test_seattlerb/call_trailing_comma.txt" = 0.07 s
[ 4027/31251] Prism::LexTest#"test_seattlerb/call_trailing_dots.txt" = 0.09 s
[ 4028/31251] Prism::LexTest#"test_seattlerb/call_unary_bang.txt" = 0.04 s
[ 4029/31251] Prism::LexTest#"test_seattlerb/case_in.txt" = 3.99 s
[ 4030/31251] Prism::LexTest#"test_seattlerb/case_in_31.txt" = 0.18 s
[ 4031/31251] Prism::LexTest#"test_seattlerb/case_in_37.txt" = 0.19 s
[ 4032/31251] Prism::LexTest#"test_seattlerb/case_in_42.txt" = 0.15 s
[ 4033/31251] Prism::LexTest#"test_seattlerb/case_in_42_2.txt" = 0.15 s
[ 4034/31251] Prism::LexTest#"test_seattlerb/case_in_47.txt" = 0.19 s
[ 4035/31251] Prism::LexTest#"test_seattlerb/case_in_67.txt" = 0.12 s
[ 4036/31251] Prism::LexTest#"test_seattlerb/case_in_86.txt" = 0.18 s
[ 4037/31251] Prism::LexTest#"test_seattlerb/case_in_86_2.txt" = 0.18 s
[ 4038/31251] Prism::LexTest#"test_seattlerb/case_in_array_pat_const.txt" = 0.15 s
[ 4039/31251] Prism::LexTest#"test_seattlerb/case_in_array_pat_const2.txt" = 0.16 s
[ 4040/31251] Prism::LexTest#"test_seattlerb/case_in_array_pat_paren_assign.txt" = 0.17 s
[ 4041/31251] Prism::LexTest#"test_seattlerb/case_in_const.txt" = 0.11 s
[ 4042/31251] Prism::LexTest#"test_seattlerb/case_in_else.txt" = 0.17 s
[ 4043/31251] Prism::LexTest#"test_seattlerb/case_in_find.txt" = 0.15 s
[ 4044/31251] Prism::LexTest#"test_seattlerb/case_in_find_array.txt" = 0.17 s
[ 4045/31251] Prism::LexTest#"test_seattlerb/case_in_hash_pat.txt" = 0.23 s
[ 4046/31251] Prism::LexTest#"test_seattlerb/case_in_hash_pat_assign.txt" = 0.24 s
[ 4047/31251] Prism::LexTest#"test_seattlerb/case_in_hash_pat_paren_assign.txt" = 0.16 s
[ 4048/31251] Prism::LexTest#"test_seattlerb/case_in_hash_pat_paren_true.txt" = 0.16 s
[ 4049/31251] Prism::LexTest#"test_seattlerb/case_in_hash_pat_rest.txt" = 0.16 s
[ 4050/31251] Prism::LexTest#"test_seattlerb/case_in_hash_pat_rest_solo.txt" = 0.13 s
[ 4051/31251] Prism::LexTest#"test_seattlerb/case_in_if_unless_post_mod.txt" = 0.21 s
[ 4052/31251] Prism::LexTest#"test_seattlerb/case_in_multiple.txt" = 0.20 s
[ 4053/31251] Prism::LexTest#"test_seattlerb/case_in_or.txt" = 0.15 s
[ 4054/31251] Prism::LexTest#"test_seattlerb/class_comments.txt" = 0.16 s
[ 4055/31251] Prism::LexTest#"test_seattlerb/cond_unary_minus.txt" = 0.07 s
[ 4056/31251] Prism::LexTest#"test_seattlerb/const_2_op_asgn_or2.txt" = 0.08 s
[ 4057/31251] Prism::LexTest#"test_seattlerb/const_3_op_asgn_or.txt" = 0.06 s
[ 4058/31251] Prism::LexTest#"test_seattlerb/const_op_asgn_and1.txt" = 0.07 s
[ 4059/31251] Prism::LexTest#"test_seattlerb/const_op_asgn_and2.txt" = 0.06 s
[ 4060/31251] Prism::LexTest#"test_seattlerb/const_op_asgn_or.txt" = 0.07 s
[ 4061/31251] Prism::LexTest#"test_seattlerb/defined_eh_parens.txt" = 0.06 s
[ 4062/31251] Prism::LexTest#"test_seattlerb/defn_arg_asplat_arg.txt" = 0.12 s
[ 4063/31251] Prism::LexTest#"test_seattlerb/defn_arg_forward_args.txt" = 0.16 s
[ 4064/31251] Prism::LexTest#"test_seattlerb/defn_args_forward_args.txt" = 0.22 s
[ 4065/31251] Prism::LexTest#"test_seattlerb/defn_comments.txt" = 0.09 s
[ 4066/31251] Prism::LexTest#"test_seattlerb/defn_endless_command.txt" = 0.07 s
[ 4067/31251] Prism::LexTest#"test_seattlerb/defn_endless_command_rescue.txt" = 0.10 s
[ 4068/31251] Prism::LexTest#"test_seattlerb/defn_forward_args.txt" = 0.13 s
[ 4069/31251] Prism::LexTest#"test_seattlerb/defn_forward_args__no_parens.txt" = 0.11 s
[ 4070/31251] Prism::LexTest#"test_seattlerb/defn_kwarg_env.txt" = 0.13 s
[ 4071/31251] Prism::LexTest#"test_seattlerb/defn_kwarg_kwarg.txt" = 0.13 s
[ 4072/31251] Prism::LexTest#"test_seattlerb/defn_kwarg_kwsplat.txt" = 0.11 s
[ 4073/31251] Prism::LexTest#"test_seattlerb/defn_kwarg_kwsplat_anon.txt" = 0.11 s
[ 4074/31251] Prism::LexTest#"test_seattlerb/defn_kwarg_lvar.txt" = 0.13 s
[ 4075/31251] Prism::LexTest#"test_seattlerb/defn_kwarg_no_parens.txt" = 0.08 s
[ 4076/31251] Prism::LexTest#"test_seattlerb/defn_kwarg_val.txt" = 0.11 s
[ 4077/31251] Prism::LexTest#"test_seattlerb/defn_no_kwargs.txt" = 0.09 s
[ 4078/31251] Prism::LexTest#"test_seattlerb/defn_oneliner.txt" = 0.12 s
[ 4079/31251] Prism::LexTest#"test_seattlerb/defn_oneliner_eq2.txt" = 0.21 s
[ 4080/31251] Prism::LexTest#"test_seattlerb/defn_oneliner_noargs.txt" = 0.07 s
[ 4081/31251] Prism::LexTest#"test_seattlerb/defn_oneliner_noargs_parentheses.txt" = 0.08 s
[ 4082/31251] Prism::LexTest#"test_seattlerb/defn_oneliner_rescue.txt" = 0.46 s
[ 4083/31251] Prism::LexTest#"test_seattlerb/defn_opt_last_arg.txt" = 0.17 s
[ 4084/31251] Prism::LexTest#"test_seattlerb/defn_opt_reg.txt" = 0.12 s
[ 4085/31251] Prism::LexTest#"test_seattlerb/defn_opt_splat_arg.txt" = 0.14 s
[ 4086/31251] Prism::LexTest#"test_seattlerb/defn_powarg.txt" = 0.09 s
[ 4087/31251] Prism::LexTest#"test_seattlerb/defn_reg_opt_reg.txt" = 0.14 s
[ 4088/31251] Prism::LexTest#"test_seattlerb/defn_splat_arg.txt" = 0.10 s
[ 4089/31251] Prism::LexTest#"test_seattlerb/defn_unary_not.txt" = 0.15 s
[ 4090/31251] Prism::LexTest#"test_seattlerb/defns_reserved.txt" = 0.08 s
[ 4091/31251] Prism::LexTest#"test_seattlerb/defs_as_arg_with_do_block_inside.txt" = 0.15 s
[ 4092/31251] Prism::LexTest#"test_seattlerb/defs_comments.txt" = 0.11 s
[ 4093/31251] Prism::LexTest#"test_seattlerb/defs_endless_command.txt" = 0.09 s
[ 4094/31251] Prism::LexTest#"test_seattlerb/defs_endless_command_rescue.txt" = 0.19 s
[ 4095/31251] Prism::LexTest#"test_seattlerb/defs_kwarg.txt" = 0.10 s
[ 4096/31251] Prism::LexTest#"test_seattlerb/defs_oneliner.txt" = 0.13 s
[ 4097/31251] Prism::LexTest#"test_seattlerb/defs_oneliner_eq2.txt" = 0.15 s
[ 4098/31251] Prism::LexTest#"test_seattlerb/defs_oneliner_rescue.txt" = 0.57 s
[ 4099/31251] Prism::LexTest#"test_seattlerb/difficult0_.txt" = 0.15 s
[ 4100/31251] Prism::LexTest#"test_seattlerb/difficult1_line_numbers.txt" = 0.70 s
[ 4101/31251] Prism::LexTest#"test_seattlerb/difficult1_line_numbers2.txt" = 0.26 s
[ 4102/31251] Prism::LexTest#"test_seattlerb/difficult2_.txt" = 0.14 s
[ 4103/31251] Prism::LexTest#"test_seattlerb/difficult3_.txt" = 0.14 s
[ 4104/31251] Prism::LexTest#"test_seattlerb/difficult3_2.txt" = 0.19 s
[ 4105/31251] Prism::LexTest#"test_seattlerb/difficult3_3.txt" = 0.13 s
[ 4106/31251] Prism::LexTest#"test_seattlerb/difficult3_4.txt" = 0.09 s
[ 4107/31251] Prism::LexTest#"test_seattlerb/difficult3_5.txt" = 0.11 s
[ 4108/31251] Prism::LexTest#"test_seattlerb/difficult3__10.txt" = 0.14 s
[ 4109/31251] Prism::LexTest#"test_seattlerb/difficult3__11.txt" = 0.21 s
[ 4110/31251] Prism::LexTest#"test_seattlerb/difficult3__12.txt" = 0.13 s
[ 4111/31251] Prism::LexTest#"test_seattlerb/difficult3__6.txt" = 0.16 s
[ 4112/31251] Prism::LexTest#"test_seattlerb/difficult3__7.txt" = 0.13 s
[ 4113/31251] Prism::LexTest#"test_seattlerb/difficult3__8.txt" = 0.15 s
[ 4114/31251] Prism::LexTest#"test_seattlerb/difficult3__9.txt" = 0.12 s
[ 4115/31251] Prism::LexTest#"test_seattlerb/difficult4__leading_dots.txt" = 0.17 s
[ 4116/31251] Prism::LexTest#"test_seattlerb/difficult4__leading_dots2.txt" = 0.06 s
[ 4117/31251] Prism::LexTest#"test_seattlerb/difficult6_.txt" = 0.16 s
[ 4118/31251] Prism::LexTest#"test_seattlerb/difficult6__7.txt" = 0.11 s
[ 4119/31251] Prism::LexTest#"test_seattlerb/difficult6__8.txt" = 0.10 s
[ 4120/31251] Prism::LexTest#"test_seattlerb/difficult7_.txt" = 0.22 s
[ 4121/31251] Prism::LexTest#"test_seattlerb/do_bug.txt" = 0.14 s
[ 4122/31251] Prism::LexTest#"test_seattlerb/do_lambda.txt" = 0.07 s
[ 4123/31251] Prism::LexTest#"test_seattlerb/dot2_nil__26.txt" = 0.05 s
[ 4124/31251] Prism::LexTest#"test_seattlerb/dot3_nil__26.txt" = 0.05 s
[ 4125/31251] Prism::LexTest#"test_seattlerb/dstr_evstr.txt" = 0.11 s
[ 4126/31251] Prism::LexTest#"test_seattlerb/dstr_evstr_empty_end.txt" = 0.07 s
[ 4127/31251] Prism::LexTest#"test_seattlerb/dstr_lex_state.txt" = 0.18 s
[ 4128/31251] Prism::LexTest#"test_seattlerb/dstr_str.txt" = 0.09 s
[ 4129/31251] Prism::LexTest#"test_seattlerb/dsym_esc_to_sym.txt" = 0.05 s
[ 4130/31251] Prism::LexTest#"test_seattlerb/dsym_to_sym.txt" = 0.15 s
[ 4131/31251] Prism::LexTest#"test_seattlerb/eq_begin_line_numbers.txt" = 0.09 s
[ 4132/31251] Prism::LexTest#"test_seattlerb/eq_begin_why_wont_people_use_their_spacebar.txt" = 0.11
 s
[ 4133/31251] Prism::LexTest#"test_seattlerb/evstr_evstr.txt" = 0.20 s
[ 4134/31251] Prism::LexTest#"test_seattlerb/evstr_str.txt" = 0.08 s
[ 4135/31251] Prism::LexTest#"test_seattlerb/expr_not_bang.txt" = 0.05 s
[ 4136/31251] Prism::LexTest#"test_seattlerb/f_kw.txt" = 0.08 s
[ 4137/31251] Prism::LexTest#"test_seattlerb/f_kw__required.txt" = 0.07 s
[ 4138/31251] Prism::LexTest#"test_seattlerb/flip2_env_lvar.txt" = 0.08 s
[ 4139/31251] Prism::LexTest#"test_seattlerb/float_with_if_modifier.txt" = 0.06 s
[ 4140/31251] Prism::LexTest#"test_seattlerb/heredoc__backslash_dos_format.txt" = 0.10 s
[ 4141/31251] Prism::LexTest#"test_seattlerb/heredoc_backslash_nl.txt" = 0.21 s
[ 4142/31251] Prism::LexTest#"test_seattlerb/heredoc_bad_hex_escape.txt" = 0.08 s
[ 4143/31251] Prism::LexTest#"test_seattlerb/heredoc_bad_oct_escape.txt" = 0.09 s
[ 4144/31251] Prism::LexTest#"test_seattlerb/heredoc_comma_arg.txt" = 0.16 s
[ 4145/31251] Prism::LexTest#"test_seattlerb/heredoc_lineno.txt" = 0.12 s
[ 4146/31251] Prism::LexTest#"test_seattlerb/heredoc_squiggly.txt" = 0.27 s
[ 4147/31251] Prism::LexTest#"test_seattlerb/heredoc_squiggly_blank_line_plus_interpolation.txt" = 0
.20 s
[ 4148/31251] Prism::LexTest#"test_seattlerb/heredoc_squiggly_blank_lines.txt" = 0.15 s
[ 4149/31251] Prism::LexTest#"test_seattlerb/heredoc_squiggly_empty.txt" = 0.05 s
[ 4150/31251] Prism::LexTest#"test_seattlerb/heredoc_squiggly_interp.txt" = 0.19 s
[ 4151/31251] Prism::LexTest#"test_seattlerb/heredoc_squiggly_no_indent.txt" = 0.06 s
[ 4152/31251] Prism::LexTest#"test_seattlerb/heredoc_squiggly_tabs.txt" = 0.14 s
[ 4153/31251] Prism::LexTest#"test_seattlerb/heredoc_squiggly_tabs_extra.txt" = 0.14 s
[ 4154/31251] Prism::LexTest#"test_seattlerb/heredoc_squiggly_visually_blank_lines.txt" = 0.16 s
[ 4155/31251] Prism::LexTest#"test_seattlerb/heredoc_trailing_slash_continued_call.txt" = 0.07 s
[ 4156/31251] Prism::LexTest#"test_seattlerb/heredoc_unicode.txt" = 0.07 s
[ 4157/31251] Prism::LexTest#"test_seattlerb/heredoc_with_carriage_return_escapes.txt" = 0.07 s
[ 4158/31251] Prism::LexTest#"test_seattlerb/heredoc_with_carriage_return_escapes_windows.txt" = 0.0
7 s
[ 4159/31251] Prism::LexTest#"test_seattlerb/heredoc_with_extra_carriage_horrible_mix.txt" = 0.07 s
[ 4160/31251] Prism::LexTest#"test_seattlerb/heredoc_with_extra_carriage_returns.txt" = 0.07 s
[ 4161/31251] Prism::LexTest#"test_seattlerb/heredoc_with_extra_carriage_returns_windows.txt" = 0.07
 s
[ 4162/31251] Prism::LexTest#"test_seattlerb/heredoc_with_interpolation_and_carriage_return_escapes.
txt" = 0.09 s
[ 4163/31251] Prism::LexTest#"test_seattlerb/heredoc_with_interpolation_and_carriage_return_escapes_
windows.txt" = 0.09 s
[ 4164/31251] Prism::LexTest#"test_seattlerb/heredoc_with_not_global_interpolation.txt" = 0.06 s
[ 4165/31251] Prism::LexTest#"test_seattlerb/heredoc_with_only_carriage_returns.txt" = 0.07 s
[ 4166/31251] Prism::LexTest#"test_seattlerb/heredoc_with_only_carriage_returns_windows.txt" = 0.06
s
[ 4167/31251] Prism::LexTest#"test_seattlerb/if_elsif.txt" = 0.09 s
[ 4168/31251] Prism::LexTest#"test_seattlerb/if_symbol.txt" = 0.08 s
[ 4169/31251] Prism::LexTest#"test_seattlerb/in_expr_no_case.txt" = 0.07 s
[ 4170/31251] Prism::LexTest#"test_seattlerb/index_0.txt" = 0.07 s
[ 4171/31251] Prism::LexTest#"test_seattlerb/index_0_opasgn.txt" = 0.07 s
[ 4172/31251] Prism::LexTest#"test_seattlerb/integer_with_if_modifier.txt" = 0.05 s
[ 4173/31251] Prism::LexTest#"test_seattlerb/interpolated_symbol_array_line_breaks.txt" = 0.17 s
[ 4174/31251] Prism::LexTest#"test_seattlerb/interpolated_word_array_line_breaks.txt" = 0.10 s
[ 4175/31251] Prism::LexTest#"test_seattlerb/iter_args_1.txt" = 0.10 s
[ 4176/31251] Prism::LexTest#"test_seattlerb/iter_args_10_1.txt" = 0.14 s
[ 4177/31251] Prism::LexTest#"test_seattlerb/iter_args_10_2.txt" = 0.17 s
[ 4178/31251] Prism::LexTest#"test_seattlerb/iter_args_11_1.txt" = 0.16 s
[ 4179/31251] Prism::LexTest#"test_seattlerb/iter_args_11_2.txt" = 0.24 s
[ 4180/31251] Prism::LexTest#"test_seattlerb/iter_args_2__19.txt" = 0.12 s
[ 4181/31251] Prism::LexTest#"test_seattlerb/iter_args_3.txt" = 0.15 s
[ 4182/31251] Prism::LexTest#"test_seattlerb/iter_args_4.txt" = 0.12 s
[ 4183/31251] Prism::LexTest#"test_seattlerb/iter_args_5.txt" = 0.11 s
[ 4184/31251] Prism::LexTest#"test_seattlerb/iter_args_6.txt" = 0.13 s
[ 4185/31251] Prism::LexTest#"test_seattlerb/iter_args_7_1.txt" = 0.13 s
[ 4186/31251] Prism::LexTest#"test_seattlerb/iter_args_7_2.txt" = 0.15 s
[ 4187/31251] Prism::LexTest#"test_seattlerb/iter_args_8_1.txt" = 0.14 s
[ 4188/31251] Prism::LexTest#"test_seattlerb/iter_args_8_2.txt" = 0.17 s
[ 4189/31251] Prism::LexTest#"test_seattlerb/iter_args_9_1.txt" = 0.13 s
[ 4190/31251] Prism::LexTest#"test_seattlerb/iter_args_9_2.txt" = 0.14 s
[ 4191/31251] Prism::LexTest#"test_seattlerb/iter_kwarg.txt" = 0.09 s
[ 4192/31251] Prism::LexTest#"test_seattlerb/iter_kwarg_kwsplat.txt" = 0.12 s
[ 4193/31251] Prism::LexTest#"test_seattlerb/label_vs_string.txt" = 0.07 s
[ 4194/31251] Prism::LexTest#"test_seattlerb/lambda_do_vs_brace.txt" = 0.26 s
[ 4195/31251] Prism::LexTest#"test_seattlerb/lasgn_arg_rescue_arg.txt" = 0.07 s
[ 4196/31251] Prism::LexTest#"test_seattlerb/lasgn_call_bracket_rescue_arg.txt" = 0.10 s
[ 4197/31251] Prism::LexTest#"test_seattlerb/lasgn_call_nobracket_rescue_arg.txt" = 0.09 s
[ 4198/31251] Prism::LexTest#"test_seattlerb/lasgn_command.txt" = 0.08 s
[ 4199/31251] Prism::LexTest#"test_seattlerb/lasgn_env.txt" = 0.06 s
[ 4200/31251] Prism::LexTest#"test_seattlerb/lasgn_ivar_env.txt" = 0.06 s
[ 4201/31251] Prism::LexTest#"test_seattlerb/lasgn_lasgn_command_call.txt" = 0.09 s
[ 4202/31251] Prism::LexTest#"test_seattlerb/lasgn_middle_splat.txt" = 0.10 s
[ 4203/31251] Prism::LexTest#"test_seattlerb/magic_encoding_comment.txt" = 0.19 s
[ 4204/31251] Prism::LexTest#"test_seattlerb/masgn_anon_splat_arg.txt" = 0.07 s
[ 4205/31251] Prism::LexTest#"test_seattlerb/masgn_arg_colon_arg.txt" = 0.09 s
[ 4206/31251] Prism::LexTest#"test_seattlerb/masgn_arg_ident.txt" = 0.09 s
[ 4207/31251] Prism::LexTest#"test_seattlerb/masgn_arg_splat_arg.txt" = 0.10 s
[ 4208/31251] Prism::LexTest#"test_seattlerb/masgn_colon2.txt" = 0.11 s
[ 4209/31251] Prism::LexTest#"test_seattlerb/masgn_colon3.txt" = 0.11 s
[ 4210/31251] Prism::LexTest#"test_seattlerb/masgn_command_call.txt" = 0.09 s
[ 4211/31251] Prism::LexTest#"test_seattlerb/masgn_double_paren.txt" = 0.10 s
[ 4212/31251] Prism::LexTest#"test_seattlerb/masgn_lhs_splat.txt" = 0.10 s
[ 4213/31251] Prism::LexTest#"test_seattlerb/masgn_paren.txt" = 0.11 s
[ 4214/31251] Prism::LexTest#"test_seattlerb/masgn_splat_arg.txt" = 0.08 s
[ 4215/31251] Prism::LexTest#"test_seattlerb/masgn_splat_arg_arg.txt" = 0.10 s
[ 4216/31251] Prism::LexTest#"test_seattlerb/masgn_star.txt" = 0.05 s
[ 4217/31251] Prism::LexTest#"test_seattlerb/masgn_var_star_var.txt" = 0.09 s
[ 4218/31251] Prism::LexTest#"test_seattlerb/messy_op_asgn_lineno.txt" = 0.11 s
[ 4219/31251] Prism::LexTest#"test_seattlerb/method_call_assoc_trailing_comma.txt" = 0.10 s
[ 4220/31251] Prism::LexTest#"test_seattlerb/method_call_trailing_comma.txt" = 0.09 s
[ 4221/31251] Prism::LexTest#"test_seattlerb/mlhs_back_anonsplat.txt" = 0.11 s
[ 4222/31251] Prism::LexTest#"test_seattlerb/mlhs_back_splat.txt" = 0.12 s
[ 4223/31251] Prism::LexTest#"test_seattlerb/mlhs_front_anonsplat.txt" = 0.11 s
[ 4224/31251] Prism::LexTest#"test_seattlerb/mlhs_front_splat.txt" = 0.12 s
[ 4225/31251] Prism::LexTest#"test_seattlerb/mlhs_keyword.txt" = 0.09 s
[ 4226/31251] Prism::LexTest#"test_seattlerb/mlhs_mid_anonsplat.txt" = 0.16 s
[ 4227/31251] Prism::LexTest#"test_seattlerb/mlhs_mid_splat.txt" = 0.17 s
[ 4228/31251] Prism::LexTest#"test_seattlerb/mlhs_rescue.txt" = 0.10 s
[ 4229/31251] Prism::LexTest#"test_seattlerb/module_comments.txt" = 0.17 s
[ 4230/31251] Prism::LexTest#"test_seattlerb/multiline_hash_declaration.txt" = 0.25 s
[ 4231/31251] Prism::LexTest#"test_seattlerb/non_interpolated_symbol_array_line_breaks.txt" = 0.10 s
[ 4232/31251] Prism::LexTest#"test_seattlerb/non_interpolated_word_array_line_breaks.txt" = 0.10 s
[ 4233/31251] Prism::LexTest#"test_seattlerb/op_asgn_command_call.txt" = 0.08 s
[ 4234/31251] Prism::LexTest#"test_seattlerb/op_asgn_dot_ident_command_call.txt" = 0.09 s
[ 4235/31251] Prism::LexTest#"test_seattlerb/op_asgn_index_command_call.txt" = 0.12 s
[ 4236/31251] Prism::LexTest#"test_seattlerb/op_asgn_primary_colon_const_command_call.txt" = 0.08 s
[ 4237/31251] Prism::LexTest#"test_seattlerb/op_asgn_primary_colon_identifier1.txt" = 0.07 s
[ 4238/31251] Prism::LexTest#"test_seattlerb/op_asgn_primary_colon_identifier_command_call.txt" = 0.
08 s
[ 4239/31251] Prism::LexTest#"test_seattlerb/op_asgn_val_dot_ident_command_call.txt" = 0.08 s
[ 4240/31251] Prism::LexTest#"test_seattlerb/parse_def_special_name.txt" = 0.06 s
[ 4241/31251] Prism::LexTest#"test_seattlerb/parse_if_not_canonical.txt" = 0.16 s
[ 4242/31251] Prism::LexTest#"test_seattlerb/parse_if_not_noncanonical.txt" = 0.16 s
[ 4243/31251] Prism::LexTest#"test_seattlerb/parse_line_block.txt" = 0.09 s
[ 4244/31251] Prism::LexTest#"test_seattlerb/parse_line_block_inline_comment.txt" = 0.07 s
[ 4245/31251] Prism::LexTest#"test_seattlerb/parse_line_block_inline_comment_leading_newlines.txt" =
 0.11 s
[ 4246/31251] Prism::LexTest#"test_seattlerb/parse_line_block_inline_multiline_comment.txt" = 0.08 s
[ 4247/31251] Prism::LexTest#"test_seattlerb/parse_line_call_ivar_arg_no_parens_line_break.txt" = 0.
06 s
[ 4248/31251] Prism::LexTest#"test_seattlerb/parse_line_call_ivar_line_break_paren.txt" = 0.07 s
[ 4249/31251] Prism::LexTest#"test_seattlerb/parse_line_call_no_args.txt" = 0.15 s
[ 4250/31251] Prism::LexTest#"test_seattlerb/parse_line_defn_complex.txt" = 0.21 s
[ 4251/31251] Prism::LexTest#"test_seattlerb/parse_line_defn_no_parens.txt" = 0.13 s
[ 4252/31251] Prism::LexTest#"test_seattlerb/parse_line_defn_no_parens_args.txt" = 0.07 s
[ 4253/31251] Prism::LexTest#"test_seattlerb/parse_line_dot2.txt" = 0.12 s
[ 4254/31251] Prism::LexTest#"test_seattlerb/parse_line_dot2_open.txt" = 0.11 s
[ 4255/31251] Prism::LexTest#"test_seattlerb/parse_line_dot3.txt" = 0.12 s
[ 4256/31251] Prism::LexTest#"test_seattlerb/parse_line_dot3_open.txt" = 0.11 s
[ 4257/31251] Prism::LexTest#"test_seattlerb/parse_line_dstr_escaped_newline.txt" = 0.10 s
[ 4258/31251] Prism::LexTest#"test_seattlerb/parse_line_dstr_soft_newline.txt" = 0.10 s
[ 4259/31251] Prism::LexTest#"test_seattlerb/parse_line_evstr_after_break.txt" = 0.10 s
[ 4260/31251] Prism::LexTest#"test_seattlerb/parse_line_hash_lit.txt" = 0.11 s
[ 4261/31251] Prism::LexTest#"test_seattlerb/parse_line_heredoc.txt" = 0.14 s
[ 4262/31251] Prism::LexTest#"test_seattlerb/parse_line_heredoc_evstr.txt" = 0.10 s
[ 4263/31251] Prism::LexTest#"test_seattlerb/parse_line_heredoc_hardnewline.txt" = 0.13 s
[ 4264/31251] Prism::LexTest#"test_seattlerb/parse_line_heredoc_regexp_chars.txt" = 0.12 s
[ 4265/31251] Prism::LexTest#"test_seattlerb/parse_line_iter_call_no_parens.txt" = 0.16 s
[ 4266/31251] Prism::LexTest#"test_seattlerb/parse_line_iter_call_parens.txt" = 0.17 s
[ 4267/31251] Prism::LexTest#"test_seattlerb/parse_line_multiline_str.txt" = 0.07 s
[ 4268/31251] Prism::LexTest#"test_seattlerb/parse_line_multiline_str_literal_n.txt" = 0.27 s
[ 4269/31251] Prism::LexTest#"test_seattlerb/parse_line_newlines.txt" = 0.06 s
[ 4270/31251] Prism::LexTest#"test_seattlerb/parse_line_op_asgn.txt" = 0.10 s
[ 4271/31251] Prism::LexTest#"test_seattlerb/parse_line_postexe.txt" = 0.08 s
[ 4272/31251] Prism::LexTest#"test_seattlerb/parse_line_preexe.txt" = 0.08 s
[ 4273/31251] Prism::LexTest#"test_seattlerb/parse_line_rescue.txt" = 0.15 s
[ 4274/31251] Prism::LexTest#"test_seattlerb/parse_line_return.txt" = 0.26 s
[ 4275/31251] Prism::LexTest#"test_seattlerb/parse_line_str_with_newline_escape.txt" = 0.10 s
[ 4276/31251] Prism::LexTest#"test_seattlerb/parse_line_to_ary.txt" = 0.10 s
[ 4277/31251] Prism::LexTest#"test_seattlerb/parse_line_trailing_newlines.txt" = 0.05 s
[ 4278/31251] Prism::LexTest#"test_seattlerb/parse_opt_call_args_assocs_comma.txt" = 0.09 s
[ 4279/31251] Prism::LexTest#"test_seattlerb/parse_opt_call_args_lit_comma.txt" = 0.07 s
[ 4280/31251] Prism::LexTest#"test_seattlerb/parse_pattern_019.txt" = 0.25 s
[ 4281/31251] Prism::LexTest#"test_seattlerb/parse_pattern_044.txt" = 0.13 s
[ 4282/31251] Prism::LexTest#"test_seattlerb/parse_pattern_051.txt" = 0.21 s
[ 4283/31251] Prism::LexTest#"test_seattlerb/parse_pattern_058.txt" = 0.22 s
[ 4284/31251] Prism::LexTest#"test_seattlerb/parse_pattern_058_2.txt" = 0.19 s
[ 4285/31251] Prism::LexTest#"test_seattlerb/parse_pattern_069.txt" = 0.16 s
[ 4286/31251] Prism::LexTest#"test_seattlerb/parse_pattern_076.txt" = 0.19 s
[ 4287/31251] Prism::LexTest#"test_seattlerb/parse_until_not_canonical.txt" = 0.12 s
[ 4288/31251] Prism::LexTest#"test_seattlerb/parse_until_not_noncanonical.txt" = 0.21 s
[ 4289/31251] Prism::LexTest#"test_seattlerb/parse_while_not_canonical.txt" = 0.12 s
[ 4290/31251] Prism::LexTest#"test_seattlerb/parse_while_not_noncanonical.txt" = 0.12 s
[ 4291/31251] Prism::LexTest#"test_seattlerb/pctW_lineno.txt" = 0.15 s
[ 4292/31251] Prism::LexTest#"test_seattlerb/pct_Q_backslash_nl.txt" = 0.05 s
[ 4293/31251] Prism::LexTest#"test_seattlerb/pct_nl.txt" = 0.06 s
[ 4294/31251] Prism::LexTest#"test_seattlerb/pct_w_heredoc_interp_nested.txt" = 0.18 s
[ 4295/31251] Prism::LexTest#"test_seattlerb/pipe_semicolon.txt" = 0.11 s
[ 4296/31251] Prism::LexTest#"test_seattlerb/pipe_space.txt" = 0.09 s
[ 4297/31251] Prism::LexTest#"test_seattlerb/qWords_space.txt" = 0.05 s
[ 4298/31251] Prism::LexTest#"test_seattlerb/qsymbols.txt" = 0.09 s
[ 4299/31251] Prism::LexTest#"test_seattlerb/qsymbols_empty.txt" = 0.04 s
[ 4300/31251] Prism::LexTest#"test_seattlerb/qsymbols_empty_space.txt" = 0.13 s
[ 4301/31251] Prism::LexTest#"test_seattlerb/qsymbols_interp.txt" = 0.13 s
[ 4302/31251] Prism::LexTest#"test_seattlerb/quoted_symbol_hash_arg.txt" = 0.08 s
[ 4303/31251] Prism::LexTest#"test_seattlerb/quoted_symbol_keys.txt" = 0.09 s
[ 4304/31251] Prism::LexTest#"test_seattlerb/qw_escape.txt" = 0.05 s
[ 4305/31251] Prism::LexTest#"test_seattlerb/qw_escape_term.txt" = 0.05 s
[ 4306/31251] Prism::LexTest#"test_seattlerb/qwords_empty.txt" = 0.04 s
[ 4307/31251] Prism::LexTest#"test_seattlerb/read_escape_unicode_curlies.txt" = 0.04 s
[ 4308/31251] Prism::LexTest#"test_seattlerb/read_escape_unicode_h4.txt" = 0.04 s
[ 4309/31251] Prism::LexTest#"test_seattlerb/regexp.txt" = 0.23 s
[ 4310/31251] Prism::LexTest#"test_seattlerb/regexp_esc_C_slash.txt" = 0.05 s
[ 4311/31251] Prism::LexTest#"test_seattlerb/regexp_esc_u.txt" = 0.05 s
[ 4312/31251] Prism::LexTest#"test_seattlerb/regexp_escape_extended.txt" = 0.05 s
[ 4313/31251] Prism::LexTest#"test_seattlerb/regexp_unicode_curlies.txt" = 0.17 s
[ 4314/31251] Prism::LexTest#"test_seattlerb/required_kwarg_no_value.txt" = 0.09 s
[ 4315/31251] Prism::LexTest#"test_seattlerb/rescue_do_end_ensure_result.txt" = 0.15 s
[ 4316/31251] Prism::LexTest#"test_seattlerb/rescue_do_end_no_raise.txt" = 0.23 s
[ 4317/31251] Prism::LexTest#"test_seattlerb/rescue_do_end_raised.txt" = 0.13 s
[ 4318/31251] Prism::LexTest#"test_seattlerb/rescue_do_end_rescued.txt" = 0.21 s
[ 4319/31251] Prism::LexTest#"test_seattlerb/rescue_in_block.txt" = 0.10 s
[ 4320/31251] Prism::LexTest#"test_seattlerb/rescue_parens.txt" = 0.08 s
[ 4321/31251] Prism::LexTest#"test_seattlerb/return_call_assocs.txt" = 0.57 s
[ 4322/31251] Prism::LexTest#"test_seattlerb/rhs_asgn.txt" = 0.06 s
[ 4323/31251] Prism::LexTest#"test_seattlerb/ruby21_numbers.txt" = 0.09 s
[ 4324/31251] Prism::LexTest#"test_seattlerb/safe_attrasgn.txt" = 0.07 s
[ 4325/31251] Prism::LexTest#"test_seattlerb/safe_attrasgn_constant.txt" = 0.07 s
[ 4326/31251] Prism::LexTest#"test_seattlerb/safe_call.txt" = 0.05 s
[ 4327/31251] Prism::LexTest#"test_seattlerb/safe_call_after_newline.txt" = 0.06 s
[ 4328/31251] Prism::LexTest#"test_seattlerb/safe_call_dot_parens.txt" = 0.06 s
[ 4329/31251] Prism::LexTest#"test_seattlerb/safe_call_newline.txt" = 0.06 s
[ 4330/31251] Prism::LexTest#"test_seattlerb/safe_call_operator.txt" = 0.06 s
[ 4331/31251] Prism::LexTest#"test_seattlerb/safe_call_rhs_newline.txt" = 0.08 s
[ 4332/31251] Prism::LexTest#"test_seattlerb/safe_calls.txt" = 0.09 s
[ 4333/31251] Prism::LexTest#"test_seattlerb/safe_op_asgn.txt" = 0.08 s
[ 4334/31251] Prism::LexTest#"test_seattlerb/safe_op_asgn2.txt" = 0.09 s
[ 4335/31251] Prism::LexTest#"test_seattlerb/slashy_newlines_within_string.txt" = 0.23 s
[ 4336/31251] Prism::LexTest#"test_seattlerb/stabby_arg_no_paren.txt" = 0.06 s
[ 4337/31251] Prism::LexTest#"test_seattlerb/stabby_arg_opt_splat_arg_block_omfg.txt" = 0.18 s
[ 4338/31251] Prism::LexTest#"test_seattlerb/stabby_block_iter_call.txt" = 0.15 s
[ 4339/31251] Prism::LexTest#"test_seattlerb/stabby_block_iter_call_no_target_with_arg.txt" = 0.16 s
[ 4340/31251] Prism::LexTest#"test_seattlerb/stabby_block_kw.txt" = 0.09 s
[ 4341/31251] Prism::LexTest#"test_seattlerb/stabby_block_kw__required.txt" = 0.18 s
[ 4342/31251] Prism::LexTest#"test_seattlerb/stabby_proc_scope.txt" = 0.10 s
[ 4343/31251] Prism::LexTest#"test_seattlerb/str_backslashes.txt" = 0.06 s
[ 4344/31251] Prism::LexTest#"test_seattlerb/str_double_double_escaped_newline.txt" = 0.08 s
[ 4345/31251] Prism::LexTest#"test_seattlerb/str_double_escaped_newline.txt" = 0.08 s
[ 4346/31251] Prism::LexTest#"test_seattlerb/str_double_newline.txt" = 0.08 s
[ 4347/31251] Prism::LexTest#"test_seattlerb/str_evstr.txt" = 0.18 s
[ 4348/31251] Prism::LexTest#"test_seattlerb/str_evstr_escape.txt" = 0.09 s
[ 4349/31251] Prism::LexTest#"test_seattlerb/str_heredoc_interp.txt" = 0.09 s
[ 4350/31251] Prism::LexTest#"test_seattlerb/str_interp_ternary_or_label.txt" = 0.17 s
[ 4351/31251] Prism::LexTest#"test_seattlerb/str_lit_concat_bad_encodings.txt" = 0.08 s
[ 4352/31251] Prism::LexTest#"test_seattlerb/str_newline_hash_line_number.txt" = 0.07 s
[ 4353/31251] Prism::LexTest#"test_seattlerb/str_pct_Q_nested.txt" = 0.19 s
[ 4354/31251] Prism::LexTest#"test_seattlerb/str_pct_nested_nested.txt" = 0.12 s
[ 4355/31251] Prism::LexTest#"test_seattlerb/str_pct_q.txt" = 0.05 s
[ 4356/31251] Prism::LexTest#"test_seattlerb/str_single_double_escaped_newline.txt" = 0.08 s
[ 4357/31251] Prism::LexTest#"test_seattlerb/str_single_escaped_newline.txt" = 0.08 s
[ 4358/31251] Prism::LexTest#"test_seattlerb/str_single_newline.txt" = 0.08 s
[ 4359/31251] Prism::LexTest#"test_seattlerb/str_str.txt" = 0.09 s
[ 4360/31251] Prism::LexTest#"test_seattlerb/str_str_str.txt" = 0.10 s
[ 4361/31251] Prism::LexTest#"test_seattlerb/super_arg.txt" = 0.14 s
[ 4362/31251] Prism::LexTest#"test_seattlerb/symbol_empty.txt" = 0.05 s
[ 4363/31251] Prism::LexTest#"test_seattlerb/symbol_list.txt" = 0.10 s
[ 4364/31251] Prism::LexTest#"test_seattlerb/symbols.txt" = 0.09 s
[ 4365/31251] Prism::LexTest#"test_seattlerb/symbols_empty.txt" = 0.05 s
[ 4366/31251] Prism::LexTest#"test_seattlerb/symbols_empty_space.txt" = 0.05 s
[ 4367/31251] Prism::LexTest#"test_seattlerb/symbols_interp.txt" = 0.09 s
[ 4368/31251] Prism::LexTest#"test_seattlerb/thingy.txt" = 0.24 s
[ 4369/31251] Prism::LexTest#"test_seattlerb/uminus_float.txt" = 0.05 s
[ 4370/31251] Prism::LexTest#"test_seattlerb/unary_minus.txt" = 0.05 s
[ 4371/31251] Prism::LexTest#"test_seattlerb/unary_plus.txt" = 0.05 s
[ 4372/31251] Prism::LexTest#"test_seattlerb/unary_plus_on_literal.txt" = 0.05 s
[ 4373/31251] Prism::LexTest#"test_seattlerb/unary_tilde.txt" = 0.05 s
[ 4374/31251] Prism::LexTest#"test_seattlerb/utf8_bom.txt" = 0.07 s
[ 4375/31251] Prism::LexTest#"test_seattlerb/when_splat.txt" = 0.11 s
[ 4376/31251] Prism::LexTest#"test_seattlerb/words_interp.txt" = 0.08 s
[ 4377/31251] Prism::LexTest#"test_single_method_call_with_bang.txt" = 0.04 s
[ 4378/31251] Prism::LexTest#"test_single_quote_heredocs.txt" = 0.06 s
[ 4379/31251] Prism::LexTest#"test_strings.txt" = 3.01 s
[ 4380/31251] Prism::LexTest#"test_super.txt" = 0.69 s
[ 4381/31251] Prism::LexTest#"test_symbols.txt" = 2.41 s
[ 4382/31251] Prism::LexTest#"test_ternary_operator.txt" = 0.54 s
[ 4383/31251] Prism::LexTest#"test_tilde_heredocs.txt" = 2.23 s
[ 4384/31251] Prism::LexTest#"test_undef.txt" = 0.49 s
[ 4385/31251] Prism::LexTest#"test_unescaping.txt" = 0.22 s
[ 4386/31251] Prism::LexTest#"test_unless.txt" = 0.50 s
[ 4387/31251] Prism::LexTest#"test_unparser/corpus/literal/alias.txt" = 0.11 s
[ 4388/31251] Prism::LexTest#"test_unparser/corpus/literal/assignment.txt" = 3.74 s
[ 4389/31251] Prism::LexTest#"test_unparser/corpus/literal/block.txt" = 3.47 s
[ 4390/31251] Prism::LexTest#"test_unparser/corpus/literal/case.txt" = 0.99 s
[ 4391/31251] Prism::LexTest#"test_unparser/corpus/literal/class.txt" = 0.91 s
[ 4392/31251] Prism::LexTest#"test_unparser/corpus/literal/def.txt" = 4.27 s
[ 4393/31251] Prism::LexTest#"test_unparser/corpus/literal/defined.txt" = 0.25 s
[ 4394/31251] Prism::LexTest#"test_unparser/corpus/literal/defs.txt" = 1.22 s
[ 4395/31251] Prism::LexTest#"test_unparser/corpus/literal/dstr.txt" = 1.23 s
[ 4396/31251] Prism::LexTest#"test_unparser/corpus/literal/empty.txt" = 0.02 s
[ 4397/31251] Prism::LexTest#"test_unparser/corpus/literal/empty_begin.txt" = 0.05 s
[ 4398/31251] Prism::LexTest#"test_unparser/corpus/literal/flipflop.txt" = 0.47 s
[ 4399/31251] Prism::LexTest#"test_unparser/corpus/literal/for.txt" = 0.57 s
[ 4400/31251] Prism::LexTest#"test_unparser/corpus/literal/hookexe.txt" = 0.16 s
[ 4401/31251] Prism::LexTest#"test_unparser/corpus/literal/if.txt" = 1.01 s
[ 4402/31251] Prism::LexTest#"test_unparser/corpus/literal/kwbegin.txt" = 1.93 s
[ 4403/31251] Prism::LexTest#"test_unparser/corpus/literal/lambda.txt" = 0.50 s
[ 4404/31251] Prism::LexTest#"test_unparser/corpus/literal/literal.txt" = 4.80 s
[ 4405/31251] Prism::LexTest#"test_unparser/corpus/literal/module.txt" = 0.43 s
[ 4406/31251] Prism::LexTest#"test_unparser/corpus/literal/opasgn.txt" = 1.46 s
[ 4407/31251] Prism::LexTest#"test_unparser/corpus/literal/pattern.txt" = 1.82 s
[ 4408/31251] Prism::LexTest#"test_unparser/corpus/literal/pragma.txt" = 0.09 s
[ 4409/31251] Prism::LexTest#"test_unparser/corpus/literal/range.txt" = 0.17 s
[ 4410/31251] Prism::LexTest#"test_unparser/corpus/literal/rescue.txt" = 0.19 s
[ 4411/31251] Prism::LexTest#"test_unparser/corpus/literal/send.txt" = 5.02 s
[ 4412/31251] Prism::LexTest#"test_unparser/corpus/literal/since/27.txt" = 0.15 s
[ 4413/31251] Prism::LexTest#"test_unparser/corpus/literal/since/30.txt" = 0.31 s
[ 4414/31251] Prism::LexTest#"test_unparser/corpus/literal/since/31.txt" = 0.27 s
[ 4415/31251] Prism::LexTest#"test_unparser/corpus/literal/since/32.txt" = 0.48 s
[ 4416/31251] Prism::LexTest#"test_unparser/corpus/literal/singletons.txt" = 0.09 s
[ 4417/31251] Prism::LexTest#"test_unparser/corpus/literal/super.txt" = 0.79 s
[ 4418/31251] Prism::LexTest#"test_unparser/corpus/literal/unary.txt" = 0.49 s
[ 4419/31251] Prism::LexTest#"test_unparser/corpus/literal/undef.txt" = 0.11 s
[ 4420/31251] Prism::LexTest#"test_unparser/corpus/literal/variables.txt" = 0.24 s
[ 4421/31251] Prism::LexTest#"test_unparser/corpus/literal/while.txt" = 2.07 s
[ 4422/31251] Prism::LexTest#"test_unparser/corpus/semantic/and.txt" = 0.37 s
[ 4423/31251] Prism::LexTest#"test_unparser/corpus/semantic/block.txt" = 0.63 s
[ 4424/31251] Prism::LexTest#"test_unparser/corpus/semantic/def.txt" = 0.21 s
[ 4425/31251] Prism::LexTest#"test_unparser/corpus/semantic/dstr.txt" = 2.96 s
[ 4426/31251] Prism::LexTest#"test_unparser/corpus/semantic/kwbegin.txt" = 0.83 s
[ 4427/31251] Prism::LexTest#"test_unparser/corpus/semantic/literal.txt" = 0.39 s
[ 4428/31251] Prism::LexTest#"test_unparser/corpus/semantic/opasgn.txt" = 0.16 s
[ 4429/31251] Prism::LexTest#"test_unparser/corpus/semantic/send.txt" = 0.28 s
[ 4430/31251] Prism::LexTest#"test_unparser/corpus/semantic/undef.txt" = 0.09 s
[ 4431/31251] Prism::LexTest#"test_unparser/corpus/semantic/while.txt" = 0.73 s
[ 4432/31251] Prism::LexTest#"test_until.txt" = 0.48 s
[ 4433/31251] Prism::LexTest#"test_variables.txt" = 1.66 s
[ 4434/31251] Prism::LexTest#"test_while.txt" = 1.38 s
[ 4435/31251] Prism::LexTest#"test_whitequark/__ENCODING__.txt" = 0.04 s
[ 4436/31251] Prism::LexTest#"test_whitequark/__ENCODING___legacy_.txt" = 0.04 s
[ 4437/31251] Prism::LexTest#"test_whitequark/alias.txt" = 0.07 s
[ 4438/31251] Prism::LexTest#"test_whitequark/alias_gvar.txt" = 0.10 s
[ 4439/31251] Prism::LexTest#"test_whitequark/ambiuous_quoted_label_in_ternary_operator.txt" = 0.10
s
[ 4440/31251] Prism::LexTest#"test_whitequark/and.txt" = 0.10 s
[ 4441/31251] Prism::LexTest#"test_whitequark/and_asgn.txt" = 0.16 s
[ 4442/31251] Prism::LexTest#"test_whitequark/and_or_masgn.txt" = 0.40 s
[ 4443/31251] Prism::LexTest#"test_whitequark/anonymous_blockarg.txt" = 0.13 s
[ 4444/31251] Prism::LexTest#"test_whitequark/arg.txt" = 0.19 s
[ 4445/31251] Prism::LexTest#"test_whitequark/arg_duplicate_ignored.txt" = 0.20 s
[ 4446/31251] Prism::LexTest#"test_whitequark/arg_label.txt" = 0.27 s
[ 4447/31251] Prism::LexTest#"test_whitequark/arg_scope.txt" = 0.10 s
[ 4448/31251] Prism::LexTest#"test_whitequark/args.txt" = 4.19 s
[ 4449/31251] Prism::LexTest#"test_whitequark/args_args_assocs.txt" = 0.23 s
[ 4450/31251] Prism::LexTest#"test_whitequark/args_args_assocs_comma.txt" = 0.12 s
[ 4451/31251] Prism::LexTest#"test_whitequark/args_args_comma.txt" = 0.07 s
[ 4452/31251] Prism::LexTest#"test_whitequark/args_args_star.txt" = 0.19 s
[ 4453/31251] Prism::LexTest#"test_whitequark/args_assocs_comma.txt" = 0.18 s
[ 4454/31251] Prism::LexTest#"test_whitequark/args_block_pass.txt" = 0.07 s
[ 4455/31251] Prism::LexTest#"test_whitequark/args_cmd.txt" = 0.07 s
[ 4456/31251] Prism::LexTest#"test_whitequark/args_star.txt" = 0.15 s
[ 4457/31251] Prism::LexTest#"test_whitequark/array_assocs.txt" = 0.16 s
[ 4458/31251] Prism::LexTest#"test_whitequark/array_plain.txt" = 0.15 s
[ 4459/31251] Prism::LexTest#"test_whitequark/array_splat.txt" = 0.21 s
[ 4460/31251] Prism::LexTest#"test_whitequark/array_symbols.txt" = 0.07 s
[ 4461/31251] Prism::LexTest#"test_whitequark/array_symbols_empty.txt" = 0.08 s
[ 4462/31251] Prism::LexTest#"test_whitequark/array_symbols_interp.txt" = 0.15 s
[ 4463/31251] Prism::LexTest#"test_whitequark/array_words.txt" = 0.07 s
[ 4464/31251] Prism::LexTest#"test_whitequark/array_words_empty.txt" = 0.08 s
[ 4465/31251] Prism::LexTest#"test_whitequark/array_words_interp.txt" = 0.18 s
[ 4466/31251] Prism::LexTest#"test_whitequark/asgn_cmd.txt" = 0.15 s
[ 4467/31251] Prism::LexTest#"test_whitequark/asgn_mrhs.txt" = 0.20 s
[ 4468/31251] Prism::LexTest#"test_whitequark/back_ref.txt" = 0.12 s
[ 4469/31251] Prism::LexTest#"test_whitequark/bang.txt" = 0.05 s
[ 4470/31251] Prism::LexTest#"test_whitequark/bang_cmd.txt" = 0.06 s
[ 4471/31251] Prism::LexTest#"test_whitequark/begin_cmdarg.txt" = 0.11 s
[ 4472/31251] Prism::LexTest#"test_whitequark/beginless_erange_after_newline.txt" = 0.06 s
[ 4473/31251] Prism::LexTest#"test_whitequark/beginless_irange_after_newline.txt" = 0.06 s
[ 4474/31251] Prism::LexTest#"test_whitequark/beginless_range.txt" = 0.08 s
[ 4475/31251] Prism::LexTest#"test_whitequark/blockarg.txt" = 0.16 s
[ 4476/31251] Prism::LexTest#"test_whitequark/blockargs.txt" = 4.24 s
[ 4477/31251] Prism::LexTest#"test_whitequark/bug_435.txt" = 0.10 s
[ 4478/31251] Prism::LexTest#"test_whitequark/bug_447.txt" = 0.15 s
[ 4479/31251] Prism::LexTest#"test_whitequark/bug_452.txt" = 0.24 s
[ 4480/31251] Prism::LexTest#"test_whitequark/bug_466.txt" = 0.15 s
[ 4481/31251] Prism::LexTest#"test_whitequark/bug_473.txt" = 0.09 s
[ 4482/31251] Prism::LexTest#"test_whitequark/bug_480.txt" = 0.10 s
[ 4483/31251] Prism::LexTest#"test_whitequark/bug_481.txt" = 0.14 s
[ 4484/31251] Prism::LexTest#"test_whitequark/bug_ascii_8bit_in_literal.txt" = 0.06 s
[ 4485/31251] Prism::LexTest#"test_whitequark/bug_cmd_string_lookahead.txt" = 0.19 s
[ 4486/31251] Prism::LexTest#"test_whitequark/bug_cmdarg.txt" = 0.19 s
[ 4487/31251] Prism::LexTest#"test_whitequark/bug_def_no_paren_eql_begin.txt" = 0.08 s
[ 4488/31251] Prism::LexTest#"test_whitequark/bug_do_block_in_call_args.txt" = 0.12 s
[ 4489/31251] Prism::LexTest#"test_whitequark/bug_do_block_in_cmdarg.txt" = 0.08 s
[ 4490/31251] Prism::LexTest#"test_whitequark/bug_do_block_in_hash_brace.txt" = 0.96 s
[ 4491/31251] Prism::LexTest#"test_whitequark/bug_heredoc_do.txt" = 0.09 s
[ 4492/31251] Prism::LexTest#"test_whitequark/bug_interp_single.txt" = 0.13 s
[ 4493/31251] Prism::LexTest#"test_whitequark/bug_lambda_leakage.txt" = 0.19 s
[ 4494/31251] Prism::LexTest#"test_whitequark/bug_regex_verification.txt" = 0.05 s
[ 4495/31251] Prism::LexTest#"test_whitequark/bug_rescue_empty_else.txt" = 0.10 s
[ 4496/31251] Prism::LexTest#"test_whitequark/bug_while_not_parens_do.txt" = 0.09 s
[ 4497/31251] Prism::LexTest#"test_whitequark/case_cond.txt" = 0.11 s
[ 4498/31251] Prism::LexTest#"test_whitequark/case_cond_else.txt" = 0.16 s
[ 4499/31251] Prism::LexTest#"test_whitequark/case_expr.txt" = 0.12 s
[ 4500/31251] Prism::LexTest#"test_whitequark/case_expr_else.txt" = 0.21 s
[ 4501/31251] Prism::LexTest#"test_whitequark/casgn_scoped.txt" = 0.07 s
[ 4502/31251] Prism::LexTest#"test_whitequark/casgn_toplevel.txt" = 0.06 s
[ 4503/31251] Prism::LexTest#"test_whitequark/casgn_unscoped.txt" = 0.05 s
[ 4504/31251] Prism::LexTest#"test_whitequark/character.txt" = 0.04 s
[ 4505/31251] Prism::LexTest#"test_whitequark/class.txt" = 0.11 s
[ 4506/31251] Prism::LexTest#"test_whitequark/class_super.txt" = 0.15 s
[ 4507/31251] Prism::LexTest#"test_whitequark/class_super_label.txt" = 0.10 s
[ 4508/31251] Prism::LexTest#"test_whitequark/comments_before_leading_dot__27.txt" = 0.30 s
[ 4509/31251] Prism::LexTest#"test_whitequark/complex.txt" = 0.12 s
[ 4510/31251] Prism::LexTest#"test_whitequark/cond_begin.txt" = 0.10 s
[ 4511/31251] Prism::LexTest#"test_whitequark/cond_begin_masgn.txt" = 0.14 s
[ 4512/31251] Prism::LexTest#"test_whitequark/cond_eflipflop.txt" = 0.15 s
[ 4513/31251] Prism::LexTest#"test_whitequark/cond_eflipflop_with_beginless_range.txt" = 0.07 s
[ 4514/31251] Prism::LexTest#"test_whitequark/cond_eflipflop_with_endless_range.txt" = 0.07 s
[ 4515/31251] Prism::LexTest#"test_whitequark/cond_iflipflop.txt" = 0.15 s
[ 4516/31251] Prism::LexTest#"test_whitequark/cond_iflipflop_with_beginless_range.txt" = 0.07 s
[ 4517/31251] Prism::LexTest#"test_whitequark/cond_iflipflop_with_endless_range.txt" = 0.15 s
[ 4518/31251] Prism::LexTest#"test_whitequark/cond_match_current_line.txt" = 0.13 s
[ 4519/31251] Prism::LexTest#"test_whitequark/const_op_asgn.txt" = 0.38 s
[ 4520/31251] Prism::LexTest#"test_whitequark/const_scoped.txt" = 0.06 s
[ 4521/31251] Prism::LexTest#"test_whitequark/const_toplevel.txt" = 0.05 s
[ 4522/31251] Prism::LexTest#"test_whitequark/const_unscoped.txt" = 0.10 s
[ 4523/31251] Prism::LexTest#"test_whitequark/cpath.txt" = 0.14 s
[ 4524/31251] Prism::LexTest#"test_whitequark/cvar.txt" = 0.04 s
[ 4525/31251] Prism::LexTest#"test_whitequark/cvasgn.txt" = 0.05 s
[ 4526/31251] Prism::LexTest#"test_whitequark/dedenting_interpolating_heredoc_fake_line_continuation
.txt" = 0.10 s
[ 4527/31251] Prism::LexTest#"test_whitequark/dedenting_non_interpolating_heredoc_line_continuation.
txt" = 0.10 s
[ 4528/31251] Prism::LexTest#"test_whitequark/def.txt" = 0.39 s
[ 4529/31251] Prism::LexTest#"test_whitequark/defined.txt" = 0.14 s
[ 4530/31251] Prism::LexTest#"test_whitequark/defs.txt" = 0.38 s
[ 4531/31251] Prism::LexTest#"test_whitequark/empty_stmt.txt" = 0.03 s
[ 4532/31251] Prism::LexTest#"test_whitequark/endless_comparison_method.txt" = 0.54 s
[ 4533/31251] Prism::LexTest#"test_whitequark/endless_method.txt" = 0.38 s
[ 4534/31251] Prism::LexTest#"test_whitequark/endless_method_command_syntax.txt" = 0.96 s
[ 4535/31251] Prism::LexTest#"test_whitequark/endless_method_forwarded_args_legacy.txt" = 0.12 s
[ 4536/31251] Prism::LexTest#"test_whitequark/endless_method_with_rescue_mod.txt" = 0.21 s
[ 4537/31251] Prism::LexTest#"test_whitequark/endless_method_without_args.txt" = 0.30 s
[ 4538/31251] Prism::LexTest#"test_whitequark/ensure.txt" = 0.11 s
[ 4539/31251] Prism::LexTest#"test_whitequark/ensure_empty.txt" = 0.05 s
[ 4540/31251] Prism::LexTest#"test_whitequark/false.txt" = 0.04 s
[ 4541/31251] Prism::LexTest#"test_whitequark/float.txt" = 0.07 s
[ 4542/31251] Prism::LexTest#"test_whitequark/for.txt" = 0.21 s
[ 4543/31251] Prism::LexTest#"test_whitequark/for_mlhs.txt" = 0.15 s
[ 4544/31251] Prism::LexTest#"test_whitequark/forward_arg.txt" = 0.13 s
[ 4545/31251] Prism::LexTest#"test_whitequark/forward_arg_with_open_args.txt" = 1.23 s
[ 4546/31251] Prism::LexTest#"test_whitequark/forward_args_legacy.txt" = 0.32 s
[ 4547/31251] Prism::LexTest#"test_whitequark/forwarded_argument_with_kwrestarg.txt" = 0.17 s
[ 4548/31251] Prism::LexTest#"test_whitequark/forwarded_argument_with_restarg.txt" = 0.17 s
[ 4549/31251] Prism::LexTest#"test_whitequark/forwarded_kwrestarg.txt" = 0.13 s
[ 4550/31251] Prism::LexTest#"test_whitequark/forwarded_kwrestarg_with_additional_kwarg.txt" = 0.16
s
[ 4551/31251] Prism::LexTest#"test_whitequark/forwarded_restarg.txt" = 0.13 s
[ 4552/31251] Prism::LexTest#"test_whitequark/gvar.txt" = 0.04 s
[ 4553/31251] Prism::LexTest#"test_whitequark/gvasgn.txt" = 0.05 s
[ 4554/31251] Prism::LexTest#"test_whitequark/hash_empty.txt" = 0.05 s
[ 4555/31251] Prism::LexTest#"test_whitequark/hash_hashrocket.txt" = 0.20 s
[ 4556/31251] Prism::LexTest#"test_whitequark/hash_kwsplat.txt" = 0.10 s
[ 4557/31251] Prism::LexTest#"test_whitequark/hash_label.txt" = 0.06 s
[ 4558/31251] Prism::LexTest#"test_whitequark/hash_label_end.txt" = 0.30 s
[ 4559/31251] Prism::LexTest#"test_whitequark/hash_pair_value_omission.txt" = 0.16 s
[ 4560/31251] Prism::LexTest#"test_whitequark/heredoc.txt" = 0.15 s
[ 4561/31251] Prism::LexTest#"test_whitequark/if.txt" = 0.15 s
[ 4562/31251] Prism::LexTest#"test_whitequark/if_else.txt" = 0.20 s
[ 4563/31251] Prism::LexTest#"test_whitequark/if_elsif.txt" = 0.15 s
[ 4564/31251] Prism::LexTest#"test_whitequark/if_masgn__24.txt" = 0.12 s
[ 4565/31251] Prism::LexTest#"test_whitequark/if_mod.txt" = 0.06 s
[ 4566/31251] Prism::LexTest#"test_whitequark/if_nl_then.txt" = 0.08 s
[ 4567/31251] Prism::LexTest#"test_whitequark/int.txt" = 0.10 s
[ 4568/31251] Prism::LexTest#"test_whitequark/int___LINE__.txt" = 0.04 s
[ 4569/31251] Prism::LexTest#"test_whitequark/interp_digit_var.txt" = 1.98 s
[ 4570/31251] Prism::LexTest#"test_whitequark/ivar.txt" = 0.04 s
[ 4571/31251] Prism::LexTest#"test_whitequark/ivasgn.txt" = 0.05 s
[ 4572/31251] Prism::LexTest#"test_whitequark/keyword_argument_omission.txt" = 0.08 s
[ 4573/31251] Prism::LexTest#"test_whitequark/kwarg.txt" = 0.09 s
[ 4574/31251] Prism::LexTest#"test_whitequark/kwbegin_compstmt.txt" = 0.07 s
[ 4575/31251] Prism::LexTest#"test_whitequark/kwnilarg.txt" = 0.25 s
[ 4576/31251] Prism::LexTest#"test_whitequark/kwoptarg.txt" = 0.10 s
[ 4577/31251] Prism::LexTest#"test_whitequark/kwoptarg_with_kwrestarg_and_forwarded_args.txt" = 0.15
 s
[ 4578/31251] Prism::LexTest#"test_whitequark/kwrestarg_named.txt" = 0.10 s
[ 4579/31251] Prism::LexTest#"test_whitequark/kwrestarg_unnamed.txt" = 0.09 s
[ 4580/31251] Prism::LexTest#"test_whitequark/lbrace_arg_after_command_args.txt" = 0.13 s
[ 4581/31251] Prism::LexTest#"test_whitequark/lparenarg_after_lvar__since_25.txt" = 0.16 s
[ 4582/31251] Prism::LexTest#"test_whitequark/lvar.txt" = 0.04 s
[ 4583/31251] Prism::LexTest#"test_whitequark/lvar_injecting_match.txt" = 0.11 s
[ 4584/31251] Prism::LexTest#"test_whitequark/lvasgn.txt" = 0.08 s
[ 4585/31251] Prism::LexTest#"test_whitequark/masgn.txt" = 0.48 s
[ 4586/31251] Prism::LexTest#"test_whitequark/masgn_attr.txt" = 0.30 s
[ 4587/31251] Prism::LexTest#"test_whitequark/masgn_cmd.txt" = 0.09 s
[ 4588/31251] Prism::LexTest#"test_whitequark/masgn_const.txt" = 0.16 s
[ 4589/31251] Prism::LexTest#"test_whitequark/masgn_nested.txt" = 0.20 s
[ 4590/31251] Prism::LexTest#"test_whitequark/masgn_splat.txt" = 0.85 s
[ 4591/31251] Prism::LexTest#"test_whitequark/method_definition_in_while_cond.txt" = 0.61 s
[ 4592/31251] Prism::LexTest#"test_whitequark/module.txt" = 0.18 s
[ 4593/31251] Prism::LexTest#"test_whitequark/multiple_pattern_matches.txt" = 0.29 s
[ 4594/31251] Prism::LexTest#"test_whitequark/newline_in_hash_argument.txt" = 0.37 s
[ 4595/31251] Prism::LexTest#"test_whitequark/nil.txt" = 0.04 s
[ 4596/31251] Prism::LexTest#"test_whitequark/nil_expression.txt" = 0.17 s
[ 4597/31251] Prism::LexTest#"test_whitequark/non_lvar_injecting_match.txt" = 0.11 s
[ 4598/31251] Prism::LexTest#"test_whitequark/not.txt" = 0.14 s
[ 4599/31251] Prism::LexTest#"test_whitequark/not_cmd.txt" = 0.06 s
[ 4600/31251] Prism::LexTest#"test_whitequark/not_masgn__24.txt" = 0.10 s
[ 4601/31251] Prism::LexTest#"test_whitequark/nth_ref.txt" = 0.04 s
[ 4602/31251] Prism::LexTest#"test_whitequark/numbered_args_after_27.txt" = 0.39 s
[ 4603/31251] Prism::LexTest#"test_whitequark/numparam_outside_block.txt" = 0.36 s
[ 4604/31251] Prism::LexTest#"test_whitequark/numparam_ruby_bug_19025.txt" = 0.10 s
[ 4605/31251] Prism::LexTest#"test_whitequark/op_asgn.txt" = 0.27 s
[ 4606/31251] Prism::LexTest#"test_whitequark/op_asgn_cmd.txt" = 0.30 s
[ 4607/31251] Prism::LexTest#"test_whitequark/op_asgn_index.txt" = 0.10 s
[ 4608/31251] Prism::LexTest#"test_whitequark/op_asgn_index_cmd.txt" = 0.11 s
[ 4609/31251] Prism::LexTest#"test_whitequark/optarg.txt" = 0.29 s
[ 4610/31251] Prism::LexTest#"test_whitequark/or.txt" = 0.10 s
[ 4611/31251] Prism::LexTest#"test_whitequark/or_asgn.txt" = 0.16 s
[ 4612/31251] Prism::LexTest#"test_whitequark/parser_bug_272.txt" = 0.10 s
[ 4613/31251] Prism::LexTest#"test_whitequark/parser_bug_490.txt" = 0.54 s
[ 4614/31251] Prism::LexTest#"test_whitequark/parser_bug_507.txt" = 0.09 s
[ 4615/31251] Prism::LexTest#"test_whitequark/parser_bug_518.txt" = 0.08 s
[ 4616/31251] Prism::LexTest#"test_whitequark/parser_bug_525.txt" = 0.15 s
[ 4617/31251] Prism::LexTest#"test_whitequark/parser_bug_604.txt" = 0.09 s
[ 4618/31251] Prism::LexTest#"test_whitequark/parser_bug_640.txt" = 0.17 s
[ 4619/31251] Prism::LexTest#"test_whitequark/parser_bug_645.txt" = 0.10 s
[ 4620/31251] Prism::LexTest#"test_whitequark/parser_bug_830.txt" = 0.05 s
[ 4621/31251] Prism::LexTest#"test_whitequark/parser_bug_989.txt" = 0.06 s
[ 4622/31251] Prism::LexTest#"test_whitequark/parser_drops_truncated_parts_of_squiggly_heredoc.txt"
= 0.10 s
[ 4623/31251] Prism::LexTest#"test_whitequark/parser_slash_slash_n_escaping_in_literals.txt" = 0.98
s
[ 4624/31251] Prism::LexTest#"test_whitequark/pattern_matching__FILE__LINE_literals.txt" = 0.31 s
[ 4625/31251] Prism::LexTest#"test_whitequark/pattern_matching_blank_else.txt" = 0.13 s
[ 4626/31251] Prism::LexTest#"test_whitequark/pattern_matching_else.txt" = 0.14 s
[ 4627/31251] Prism::LexTest#"test_whitequark/pattern_matching_single_line.txt" = 0.17 s
[ 4628/31251] Prism::LexTest#"test_whitequark/pattern_matching_single_line_allowed_omission_of_paren
theses.txt" = 0.76 s
[ 4629/31251] Prism::LexTest#"test_whitequark/postexe.txt" = 0.07 s
[ 4630/31251] Prism::LexTest#"test_whitequark/preexe.txt" = 0.06 s
[ 4631/31251] Prism::LexTest#"test_whitequark/procarg0.txt" = 0.19 s
[ 4632/31251] Prism::LexTest#"test_whitequark/range_exclusive.txt" = 0.05 s
[ 4633/31251] Prism::LexTest#"test_whitequark/range_inclusive.txt" = 0.05 s
[ 4634/31251] Prism::LexTest#"test_whitequark/rational.txt" = 0.17 s
[ 4635/31251] Prism::LexTest#"test_whitequark/regex_interp.txt" = 0.09 s
[ 4636/31251] Prism::LexTest#"test_whitequark/regex_plain.txt" = 0.05 s
[ 4637/31251] Prism::LexTest#"test_whitequark/resbody_list.txt" = 0.12 s
[ 4638/31251] Prism::LexTest#"test_whitequark/resbody_list_mrhs.txt" = 0.13 s
[ 4639/31251] Prism::LexTest#"test_whitequark/resbody_list_var.txt" = 0.14 s
[ 4640/31251] Prism::LexTest#"test_whitequark/resbody_var.txt" = 0.34 s
[ 4641/31251] Prism::LexTest#"test_whitequark/rescue.txt" = 0.11 s
[ 4642/31251] Prism::LexTest#"test_whitequark/rescue_else.txt" = 0.14 s
[ 4643/31251] Prism::LexTest#"test_whitequark/rescue_else_ensure.txt" = 0.16 s
[ 4644/31251] Prism::LexTest#"test_whitequark/rescue_ensure.txt" = 0.24 s
[ 4645/31251] Prism::LexTest#"test_whitequark/rescue_in_lambda_block.txt" = 0.07 s
[ 4646/31251] Prism::LexTest#"test_whitequark/rescue_mod.txt" = 0.06 s
[ 4647/31251] Prism::LexTest#"test_whitequark/rescue_mod_asgn.txt" = 0.08 s
[ 4648/31251] Prism::LexTest#"test_whitequark/rescue_mod_masgn.txt" = 0.13 s
[ 4649/31251] Prism::LexTest#"test_whitequark/rescue_mod_op_assign.txt" = 0.08 s
[ 4650/31251] Prism::LexTest#"test_whitequark/rescue_without_begin_end.txt" = 0.12 s
[ 4651/31251] Prism::LexTest#"test_whitequark/restarg_named.txt" = 0.10 s
[ 4652/31251] Prism::LexTest#"test_whitequark/restarg_unnamed.txt" = 0.09 s
[ 4653/31251] Prism::LexTest#"test_whitequark/return.txt" = 0.17 s
[ 4654/31251] Prism::LexTest#"test_whitequark/return_block.txt" = 0.08 s
[ 4655/31251] Prism::LexTest#"test_whitequark/ruby_bug_10279.txt" = 0.10 s
[ 4656/31251] Prism::LexTest#"test_whitequark/ruby_bug_10653.txt" = 0.48 s
[ 4657/31251] Prism::LexTest#"test_whitequark/ruby_bug_11107.txt" = 0.13 s
[ 4658/31251] Prism::LexTest#"test_whitequark/ruby_bug_11380.txt" = 0.13 s
[ 4659/31251] Prism::LexTest#"test_whitequark/ruby_bug_11873.txt" = 1.73 s
[ 4660/31251] Prism::LexTest#"test_whitequark/ruby_bug_11873_a.txt" = 2.64 s
[ 4661/31251] Prism::LexTest#"test_whitequark/ruby_bug_11873_b.txt" = 0.24 s
[ 4662/31251] Prism::LexTest#"test_whitequark/ruby_bug_11989.txt" = 0.09 s
[ 4663/31251] Prism::LexTest#"test_whitequark/ruby_bug_11990.txt" = 0.11 s
[ 4664/31251] Prism::LexTest#"test_whitequark/ruby_bug_12073.txt" = 0.23 s
[ 4665/31251] Prism::LexTest#"test_whitequark/ruby_bug_12402.txt" = 1.46 s
[ 4666/31251] Prism::LexTest#"test_whitequark/ruby_bug_12669.txt" = 0.35 s
[ 4667/31251] Prism::LexTest#"test_whitequark/ruby_bug_12686.txt" = 0.08 s
[ 4668/31251] Prism::LexTest#"test_whitequark/ruby_bug_13547.txt" = 0.07 s
[ 4669/31251] Prism::LexTest#"test_whitequark/ruby_bug_14690.txt" = 0.14 s
[ 4670/31251] Prism::LexTest#"test_whitequark/ruby_bug_15789.txt" = 0.28 s
[ 4671/31251] Prism::LexTest#"test_whitequark/ruby_bug_9669.txt" = 0.19 s
[ 4672/31251] Prism::LexTest#"test_whitequark/sclass.txt" = 0.09 s
[ 4673/31251] Prism::LexTest#"test_whitequark/self.txt" = 0.04 s
[ 4674/31251] Prism::LexTest#"test_whitequark/send_attr_asgn.txt" = 0.25 s
[ 4675/31251] Prism::LexTest#"test_whitequark/send_attr_asgn_conditional.txt" = 0.07 s
[ 4676/31251] Prism::LexTest#"test_whitequark/send_binary_op.txt" = 1.02 s
[ 4677/31251] Prism::LexTest#"test_whitequark/send_block_chain_cmd.txt" = 0.68 s
[ 4678/31251] Prism::LexTest#"test_whitequark/send_block_conditional.txt" = 0.07 s
[ 4679/31251] Prism::LexTest#"test_whitequark/send_call.txt" = 0.13 s
[ 4680/31251] Prism::LexTest#"test_whitequark/send_conditional.txt" = 0.05 s
[ 4681/31251] Prism::LexTest#"test_whitequark/send_index.txt" = 0.08 s
[ 4682/31251] Prism::LexTest#"test_whitequark/send_index_asgn.txt" = 0.10 s
[ 4683/31251] Prism::LexTest#"test_whitequark/send_index_asgn_legacy.txt" = 0.10 s
[ 4684/31251] Prism::LexTest#"test_whitequark/send_index_cmd.txt" = 0.07 s
[ 4685/31251] Prism::LexTest#"test_whitequark/send_index_legacy.txt" = 0.08 s
[ 4686/31251] Prism::LexTest#"test_whitequark/send_lambda.txt" = 0.16 s
[ 4687/31251] Prism::LexTest#"test_whitequark/send_lambda_args.txt" = 0.15 s
[ 4688/31251] Prism::LexTest#"test_whitequark/send_lambda_args_noparen.txt" = 0.13 s
[ 4689/31251] Prism::LexTest#"test_whitequark/send_lambda_args_shadow.txt" = 0.11 s
[ 4690/31251] Prism::LexTest#"test_whitequark/send_lambda_legacy.txt" = 0.05 s
[ 4691/31251] Prism::LexTest#"test_whitequark/send_op_asgn_conditional.txt" = 0.07 s
[ 4692/31251] Prism::LexTest#"test_whitequark/send_plain.txt" = 0.15 s
[ 4693/31251] Prism::LexTest#"test_whitequark/send_plain_cmd.txt" = 0.17 s
[ 4694/31251] Prism::LexTest#"test_whitequark/send_self.txt" = 0.12 s
[ 4695/31251] Prism::LexTest#"test_whitequark/send_self_block.txt" = 0.24 s
[ 4696/31251] Prism::LexTest#"test_whitequark/send_unary_op.txt" = 0.12 s
[ 4697/31251] Prism::LexTest#"test_whitequark/slash_newline_in_heredocs.txt" = 0.20 s
[ 4698/31251] Prism::LexTest#"test_whitequark/space_args_arg.txt" = 0.06 s
[ 4699/31251] Prism::LexTest#"test_whitequark/space_args_arg_block.txt" = 0.25 s
[ 4700/31251] Prism::LexTest#"test_whitequark/space_args_arg_call.txt" = 0.08 s
[ 4701/31251] Prism::LexTest#"test_whitequark/space_args_arg_newline.txt" = 0.07 s
[ 4702/31251] Prism::LexTest#"test_whitequark/space_args_block.txt" = 0.07 s
[ 4703/31251] Prism::LexTest#"test_whitequark/space_args_cmd.txt" = 0.07 s
[ 4704/31251] Prism::LexTest#"test_whitequark/string___FILE__.txt" = 0.04 s
[ 4705/31251] Prism::LexTest#"test_whitequark/string_concat.txt" = 0.09 s
[ 4706/31251] Prism::LexTest#"test_whitequark/string_dvar.txt" = 0.11 s
[ 4707/31251] Prism::LexTest#"test_whitequark/string_interp.txt" = 0.08 s
[ 4708/31251] Prism::LexTest#"test_whitequark/string_plain.txt" = 0.09 s
[ 4709/31251] Prism::LexTest#"test_whitequark/super.txt" = 0.14 s
[ 4710/31251] Prism::LexTest#"test_whitequark/super_block.txt" = 0.13 s
[ 4711/31251] Prism::LexTest#"test_whitequark/symbol_interp.txt" = 0.09 s
[ 4712/31251] Prism::LexTest#"test_whitequark/symbol_plain.txt" = 0.09 s
[ 4713/31251] Prism::LexTest#"test_whitequark/ternary.txt" = 0.07 s
[ 4714/31251] Prism::LexTest#"test_whitequark/ternary_ambiguous_symbol.txt" = 0.12 s
[ 4715/31251] Prism::LexTest#"test_whitequark/trailing_forward_arg.txt" = 0.20 s
[ 4716/31251] Prism::LexTest#"test_whitequark/true.txt" = 0.04 s
[ 4717/31251] Prism::LexTest#"test_whitequark/unary_num_pow_precedence.txt" = 0.16 s
[ 4718/31251] Prism::LexTest#"test_whitequark/undef.txt" = 0.13 s
[ 4719/31251] Prism::LexTest#"test_whitequark/unless.txt" = 0.15 s
[ 4720/31251] Prism::LexTest#"test_whitequark/unless_else.txt" = 0.21 s
[ 4721/31251] Prism::LexTest#"test_whitequark/unless_mod.txt" = 0.05 s
[ 4722/31251] Prism::LexTest#"test_whitequark/until.txt" = 0.14 s
[ 4723/31251] Prism::LexTest#"test_whitequark/until_mod.txt" = 0.05 s
[ 4724/31251] Prism::LexTest#"test_whitequark/until_post.txt" = 0.08 s
[ 4725/31251] Prism::LexTest#"test_whitequark/var_and_asgn.txt" = 0.06 s
[ 4726/31251] Prism::LexTest#"test_whitequark/var_op_asgn.txt" = 0.24 s
[ 4727/31251] Prism::LexTest#"test_whitequark/var_op_asgn_cmd.txt" = 0.07 s
[ 4728/31251] Prism::LexTest#"test_whitequark/var_or_asgn.txt" = 0.05 s
[ 4729/31251] Prism::LexTest#"test_whitequark/when_multi.txt" = 0.16 s
[ 4730/31251] Prism::LexTest#"test_whitequark/when_splat.txt" = 0.17 s
[ 4731/31251] Prism::LexTest#"test_whitequark/when_then.txt" = 0.13 s
[ 4732/31251] Prism::LexTest#"test_whitequark/while.txt" = 0.14 s
[ 4733/31251] Prism::LexTest#"test_whitequark/while_mod.txt" = 0.06 s
[ 4734/31251] Prism::LexTest#"test_whitequark/while_post.txt" = 0.08 s
[ 4735/31251] Prism::LexTest#"test_whitequark/xstring_interp.txt" = 0.08 s
[ 4736/31251] Prism::LexTest#"test_whitequark/xstring_plain.txt" = 0.05 s
[ 4737/31251] Prism::LexTest#"test_whitequark/zsuper.txt" = 0.04 s
[ 4738/31251] Prism::LexTest#"test_xstring.txt" = 0.28 s
[ 4739/31251] Prism::LexTest#"test_xstring_with_backslash.txt" = 0.05 s
[ 4740/31251] Prism::LexTest#"test_yield.txt" = 0.40 s
[ 4741/31251] Prism::LocationTest#test_adjoin = 0.02 s
[ 4742/31251] Prism::LocationTest#test_cached_code_units = 0.06 s
[ 4743/31251] Prism::LocationTest#test_character_offsets = 0.03 s
[ 4744/31251] Prism::LocationTest#test_chop = 0.02 s
[ 4745/31251] Prism::LocationTest#test_code_units = 0.13 s
[ 4746/31251] Prism::LocationTest#test_code_units_binary_invalid_utf8 = 0.02 s
[ 4747/31251] Prism::LocationTest#test_code_units_binary_valid_utf8 = 0.02 s
[ 4748/31251] Prism::LocationTest#test_join = 0.03 s
[ 4749/31251] Prism::LocationTest#test_slice_lines = 0.01 s
[ 4750/31251] Prism::MagicCommentTest#test_CoDiNg = 0.02 s
[ 4751/31251] Prism::MagicCommentTest#"test_alias.txt" = 0.06 s
[ 4752/31251] Prism::MagicCommentTest#"test_arithmetic.txt" = 0.04 s
[ 4753/31251] Prism::MagicCommentTest#"test_arrays.txt" = 0.29 s
[ 4754/31251] Prism::MagicCommentTest#"test_begin_ensure.txt" = 0.06 s
[ 4755/31251] Prism::MagicCommentTest#"test_begin_rescue.txt" = 0.14 s
[ 4756/31251] Prism::MagicCommentTest#"test_blocks.txt" = 0.15 s
[ 4757/31251] Prism::MagicCommentTest#"test_boolean_operators.txt" = 0.02 s
[ 4758/31251] Prism::MagicCommentTest#"test_booleans.txt" = 0.02 s
[ 4759/31251] Prism::MagicCommentTest#"test_break.txt" = 0.10 s
[ 4760/31251] Prism::MagicCommentTest#"test_case.txt" = 0.13 s
[ 4761/31251] Prism::MagicCommentTest#"test_classes.txt" = 0.10 s
[ 4762/31251] Prism::MagicCommentTest#test_coding = 0.01 s
[ 4763/31251] Prism::MagicCommentTest#test_coding_whitespace = 0.01 s
[ 4764/31251] Prism::MagicCommentTest#"test_command_method_call.txt" = 0.12 s
[ 4765/31251] Prism::MagicCommentTest#"test_comments.txt" = 0.04 s
[ 4766/31251] Prism::MagicCommentTest#"test_constants.txt" = 0.25 s
[ 4767/31251] Prism::MagicCommentTest#"test_dash_heredocs.txt" = 0.07 s
[ 4768/31251] Prism::MagicCommentTest#"test_defined.txt" = 0.04 s
[ 4769/31251] Prism::MagicCommentTest#"test_dos_endings.txt" = 0.04 s
[ 4770/31251] Prism::MagicCommentTest#"test_dstring.txt" = 0.04 s
[ 4771/31251] Prism::MagicCommentTest#"test_dsym_str.txt" = 0.02 s
[ 4772/31251] Prism::MagicCommentTest#test_eNcOdInG = 0.01 s
[ 4773/31251] Prism::MagicCommentTest#test_emacs_CoDiNg = 0.01 s
[ 4774/31251] Prism::MagicCommentTest#test_emacs_coding = 0.01 s
[ 4775/31251] Prism::MagicCommentTest#test_emacs_eNcOdInG = 0.01 s
[ 4776/31251] Prism::MagicCommentTest#test_emacs_encoding = 0.01 s
[ 4777/31251] Prism::MagicCommentTest#test_emacs_multiple = 0.01 s
[ 4778/31251] Prism::MagicCommentTest#test_emacs_whitespace = 0.01 s
[ 4779/31251] Prism::MagicCommentTest#"test_embdoc_no_newline_at_end.txt" = 0.01 s
[ 4780/31251] Prism::MagicCommentTest#"test_emoji_method_calls.txt" = 0.02 s
[ 4781/31251] Prism::MagicCommentTest#test_encoding = 0.01 s
[ 4782/31251] Prism::MagicCommentTest#test_encoding_whitespace = 0.01 s
[ 4783/31251] Prism::MagicCommentTest#"test_endless_methods.txt" = 0.03 s
[ 4784/31251] Prism::MagicCommentTest#"test_endless_range_in_conditional.txt" = 0.03 s
[ 4785/31251] Prism::MagicCommentTest#"test_for.txt" = 0.06 s
[ 4786/31251] Prism::MagicCommentTest#"test_global_variables.txt" = 0.11 s
[ 4787/31251] Prism::MagicCommentTest#"test_hashes.txt" = 0.07 s
[ 4788/31251] Prism::MagicCommentTest#"test_heredoc.txt" = 0.02 s
[ 4789/31251] Prism::MagicCommentTest#"test_heredoc_with_carriage_returns.txt" = 0.02 s
[ 4790/31251] Prism::MagicCommentTest#"test_heredoc_with_comment.txt" = 0.02 s
[ 4791/31251] Prism::MagicCommentTest#"test_heredoc_with_escaped_newline_at_start.txt" = 0.03 s
[ 4792/31251] Prism::MagicCommentTest#"test_heredoc_with_trailing_newline.txt" = 0.02 s
[ 4793/31251] Prism::MagicCommentTest#"test_heredocs_leading_whitespace.txt" = 0.03 s
[ 4794/31251] Prism::MagicCommentTest#"test_heredocs_nested.txt" = 0.04 s
[ 4795/31251] Prism::MagicCommentTest#"test_heredocs_with_ignored_newlines.txt" = 0.03 s
[ 4796/31251] Prism::MagicCommentTest#"test_heredocs_with_ignored_newlines_and_non_empty.txt" = 0.02
 s
[ 4797/31251] Prism::MagicCommentTest#"test_if.txt" = 0.11 s
[ 4798/31251] Prism::MagicCommentTest#"test_indented_file_end.txt" = 0.02 s
[ 4799/31251] Prism::MagicCommentTest#"test_integer_operations.txt" = 0.12 s
[ 4800/31251] Prism::MagicCommentTest#"test_it_indirect_writes.txt" = 0.09 s
[ 4801/31251] Prism::MagicCommentTest#"test_keyword_method_names.txt" = 0.06 s
[ 4802/31251] Prism::MagicCommentTest#"test_keywords.txt" = 0.03 s
[ 4803/31251] Prism::MagicCommentTest#"test_lambda.txt" = 0.07 s
[ 4804/31251] Prism::MagicCommentTest#"test_method_calls.txt" = 0.42 s
[ 4805/31251] Prism::MagicCommentTest#"test_methods.txt" = 0.42 s
[ 4806/31251] Prism::MagicCommentTest#"test_modules.txt" = 0.05 s
[ 4807/31251] Prism::MagicCommentTest#"test_multi_write.txt" = 0.04 s
[ 4808/31251] Prism::MagicCommentTest#"test_newline_terminated.txt" = 0.06 s
[ 4809/31251] Prism::MagicCommentTest#"test_next.txt" = 0.08 s
[ 4810/31251] Prism::MagicCommentTest#"test_nils.txt" = 0.03 s
[ 4811/31251] Prism::MagicCommentTest#"test_non_alphanumeric_methods.txt" = 0.14 s
[ 4812/31251] Prism::MagicCommentTest#"test_not.txt" = 0.06 s
[ 4813/31251] Prism::MagicCommentTest#"test_numbers.txt" = 0.08 s
[ 4814/31251] Prism::MagicCommentTest#"test_patterns.txt" = 14.31 s
[ 4815/31251] Prism::MagicCommentTest#"test_procs.txt" = 0.09 s
[ 4816/31251] Prism::MagicCommentTest#"test_range_begin_open_exclusive.txt" = 0.02 s
[ 4817/31251] Prism::MagicCommentTest#"test_range_begin_open_inclusive.txt" = 0.02 s
[ 4818/31251] Prism::MagicCommentTest#"test_range_beginless.txt" = 0.03 s
[ 4819/31251] Prism::MagicCommentTest#"test_range_end_open_exclusive.txt" = 0.02 s
[ 4820/31251] Prism::MagicCommentTest#"test_range_end_open_inclusive.txt" = 0.02 s
[ 4821/31251] Prism::MagicCommentTest#"test_ranges.txt" = 0.11 s
[ 4822/31251] Prism::MagicCommentTest#"test_regex.txt" = 0.15 s
[ 4823/31251] Prism::MagicCommentTest#"test_regex_char_width.txt" = 0.03 s
[ 4824/31251] Prism::MagicCommentTest#"test_regex_escape_encoding.txt" = 0.02 s
[ 4825/31251] Prism::MagicCommentTest#"test_repeat_parameters.txt" = 0.11 s
[ 4826/31251] Prism::MagicCommentTest#"test_rescue.txt" = 0.10 s
[ 4827/31251] Prism::MagicCommentTest#"test_rescue_modifier.txt" = 0.04 s
[ 4828/31251] Prism::MagicCommentTest#"test_return.txt" = 0.06 s
[ 4829/31251] Prism::MagicCommentTest#"test_seattlerb/BEGIN.txt" = 0.02 s
[ 4830/31251] Prism::MagicCommentTest#"test_seattlerb/TestRubyParserShared.txt" = 0.12 s
[ 4831/31251] Prism::MagicCommentTest#"test_seattlerb/__ENCODING__.txt" = 0.02 s
[ 4832/31251] Prism::MagicCommentTest#"test_seattlerb/alias_gvar_backref.txt" = 0.02 s
[ 4833/31251] Prism::MagicCommentTest#"test_seattlerb/alias_resword.txt" = 0.02 s
[ 4834/31251] Prism::MagicCommentTest#"test_seattlerb/and_multi.txt" = 0.02 s
[ 4835/31251] Prism::MagicCommentTest#"test_seattlerb/aref_args_assocs.txt" = 0.02 s
[ 4836/31251] Prism::MagicCommentTest#"test_seattlerb/aref_args_lit_assocs.txt" = 0.02 s
[ 4837/31251] Prism::MagicCommentTest#"test_seattlerb/args_kw_block.txt" = 0.02 s
[ 4838/31251] Prism::MagicCommentTest#"test_seattlerb/array_line_breaks.txt" = 0.02 s
[ 4839/31251] Prism::MagicCommentTest#"test_seattlerb/array_lits_trailing_calls.txt" = 0.02 s
[ 4840/31251] Prism::MagicCommentTest#"test_seattlerb/assoc__bare.txt" = 0.02 s
[ 4841/31251] Prism::MagicCommentTest#"test_seattlerb/assoc_label.txt" = 0.02 s
[ 4842/31251] Prism::MagicCommentTest#"test_seattlerb/attr_asgn_colon_id.txt" = 0.02 s
[ 4843/31251] Prism::MagicCommentTest#"test_seattlerb/attrasgn_array_arg.txt" = 0.02 s
[ 4844/31251] Prism::MagicCommentTest#"test_seattlerb/attrasgn_array_lhs.txt" = 0.03 s
[ 4845/31251] Prism::MagicCommentTest#"test_seattlerb/attrasgn_primary_dot_constant.txt" = 0.02 s
[ 4846/31251] Prism::MagicCommentTest#"test_seattlerb/backticks_interpolation_line.txt" = 0.02 s
[ 4847/31251] Prism::MagicCommentTest#"test_seattlerb/bang_eq.txt" = 0.02 s
[ 4848/31251] Prism::MagicCommentTest#"test_seattlerb/bdot2.txt" = 0.02 s
[ 4849/31251] Prism::MagicCommentTest#"test_seattlerb/bdot3.txt" = 0.02 s
[ 4850/31251] Prism::MagicCommentTest#"test_seattlerb/begin_ensure_no_bodies.txt" = 0.02 s
[ 4851/31251] Prism::MagicCommentTest#"test_seattlerb/begin_rescue_else_ensure_bodies.txt" = 0.03 s
[ 4852/31251] Prism::MagicCommentTest#"test_seattlerb/begin_rescue_else_ensure_no_bodies.txt" = 0.02
 s
[ 4853/31251] Prism::MagicCommentTest#"test_seattlerb/begin_rescue_ensure_no_bodies.txt" = 0.02 s
[ 4854/31251] Prism::MagicCommentTest#"test_seattlerb/block_arg__bare.txt" = 0.02 s
[ 4855/31251] Prism::MagicCommentTest#"test_seattlerb/block_arg_kwsplat.txt" = 0.02 s
[ 4856/31251] Prism::MagicCommentTest#"test_seattlerb/block_arg_opt_arg_block.txt" = 0.02 s
[ 4857/31251] Prism::MagicCommentTest#"test_seattlerb/block_arg_opt_splat.txt" = 0.02 s
[ 4858/31251] Prism::MagicCommentTest#"test_seattlerb/block_arg_opt_splat_arg_block_omfg.txt" = 0.02
 s
[ 4859/31251] Prism::MagicCommentTest#"test_seattlerb/block_arg_optional.txt" = 0.02 s
[ 4860/31251] Prism::MagicCommentTest#"test_seattlerb/block_arg_scope.txt" = 0.02 s
[ 4861/31251] Prism::MagicCommentTest#"test_seattlerb/block_arg_scope2.txt" = 0.02 s
[ 4862/31251] Prism::MagicCommentTest#"test_seattlerb/block_arg_splat_arg.txt" = 0.02 s
[ 4863/31251] Prism::MagicCommentTest#"test_seattlerb/block_args_kwargs.txt" = 0.02 s
[ 4864/31251] Prism::MagicCommentTest#"test_seattlerb/block_args_no_kwargs.txt" = 0.02 s
[ 4865/31251] Prism::MagicCommentTest#"test_seattlerb/block_args_opt1.txt" = 0.02 s
[ 4866/31251] Prism::MagicCommentTest#"test_seattlerb/block_args_opt2.txt" = 0.02 s
[ 4867/31251] Prism::MagicCommentTest#"test_seattlerb/block_args_opt2_2.txt" = 0.03 s
[ 4868/31251] Prism::MagicCommentTest#"test_seattlerb/block_args_opt3.txt" = 0.03 s
[ 4869/31251] Prism::MagicCommentTest#"test_seattlerb/block_call_defn_call_block_call.txt" = 0.03 s
[ 4870/31251] Prism::MagicCommentTest#"test_seattlerb/block_call_dot_op2_brace_block.txt" = 0.03 s
[ 4871/31251] Prism::MagicCommentTest#"test_seattlerb/block_call_dot_op2_cmd_args_do_block.txt" = 0.
03 s
[ 4872/31251] Prism::MagicCommentTest#"test_seattlerb/block_call_operation_colon.txt" = 0.02 s
[ 4873/31251] Prism::MagicCommentTest#"test_seattlerb/block_call_operation_dot.txt" = 0.02 s
[ 4874/31251] Prism::MagicCommentTest#"test_seattlerb/block_call_paren_call_block_call.txt" = 0.02 s
[ 4875/31251] Prism::MagicCommentTest#"test_seattlerb/block_command_operation_colon.txt" = 0.02 s
[ 4876/31251] Prism::MagicCommentTest#"test_seattlerb/block_command_operation_dot.txt" = 0.02 s
[ 4877/31251] Prism::MagicCommentTest#"test_seattlerb/block_decomp_anon_splat_arg.txt" = 0.02 s
[ 4878/31251] Prism::MagicCommentTest#"test_seattlerb/block_decomp_arg_splat.txt" = 0.02 s
[ 4879/31251] Prism::MagicCommentTest#"test_seattlerb/block_decomp_arg_splat_arg.txt" = 0.02 s
[ 4880/31251] Prism::MagicCommentTest#"test_seattlerb/block_decomp_splat.txt" = 0.02 s
[ 4881/31251] Prism::MagicCommentTest#"test_seattlerb/block_kw.txt" = 0.02 s
[ 4882/31251] Prism::MagicCommentTest#"test_seattlerb/block_kw__required.txt" = 0.02 s
[ 4883/31251] Prism::MagicCommentTest#"test_seattlerb/block_kwarg_lvar.txt" = 0.02 s
[ 4884/31251] Prism::MagicCommentTest#"test_seattlerb/block_kwarg_lvar_multiple.txt" = 0.02 s
[ 4885/31251] Prism::MagicCommentTest#"test_seattlerb/block_opt_arg.txt" = 0.02 s
[ 4886/31251] Prism::MagicCommentTest#"test_seattlerb/block_opt_splat.txt" = 0.02 s
[ 4887/31251] Prism::MagicCommentTest#"test_seattlerb/block_opt_splat_arg_block_omfg.txt" = 0.02 s
[ 4888/31251] Prism::MagicCommentTest#"test_seattlerb/block_optarg.txt" = 0.02 s
[ 4889/31251] Prism::MagicCommentTest#"test_seattlerb/block_paren_splat.txt" = 0.02 s
[ 4890/31251] Prism::MagicCommentTest#"test_seattlerb/block_reg_optarg.txt" = 0.02 s
[ 4891/31251] Prism::MagicCommentTest#"test_seattlerb/block_return.txt" = 0.02 s
[ 4892/31251] Prism::MagicCommentTest#"test_seattlerb/block_scope.txt" = 0.02 s
[ 4893/31251] Prism::MagicCommentTest#"test_seattlerb/block_splat_reg.txt" = 0.02 s
[ 4894/31251] Prism::MagicCommentTest#"test_seattlerb/bug169.txt" = 0.02 s
[ 4895/31251] Prism::MagicCommentTest#"test_seattlerb/bug179.txt" = 0.02 s
[ 4896/31251] Prism::MagicCommentTest#"test_seattlerb/bug190.txt" = 0.02 s
[ 4897/31251] Prism::MagicCommentTest#"test_seattlerb/bug191.txt" = 0.02 s
[ 4898/31251] Prism::MagicCommentTest#"test_seattlerb/bug202.txt" = 0.02 s
[ 4899/31251] Prism::MagicCommentTest#"test_seattlerb/bug236.txt" = 0.02 s
[ 4900/31251] Prism::MagicCommentTest#"test_seattlerb/bug290.txt" = 0.02 s
[ 4901/31251] Prism::MagicCommentTest#"test_seattlerb/bug_187.txt" = 0.02 s
[ 4902/31251] Prism::MagicCommentTest#"test_seattlerb/bug_215.txt" = 0.02 s
[ 4903/31251] Prism::MagicCommentTest#"test_seattlerb/bug_249.txt" = 0.03 s
[ 4904/31251] Prism::MagicCommentTest#"test_seattlerb/bug_and.txt" = 0.02 s
[ 4905/31251] Prism::MagicCommentTest#"test_seattlerb/bug_args__19.txt" = 0.02 s
[ 4906/31251] Prism::MagicCommentTest#"test_seattlerb/bug_args_masgn.txt" = 0.02 s
[ 4907/31251] Prism::MagicCommentTest#"test_seattlerb/bug_args_masgn2.txt" = 0.02 s
[ 4908/31251] Prism::MagicCommentTest#"test_seattlerb/bug_args_masgn_outer_parens__19.txt" = 0.02 s
[ 4909/31251] Prism::MagicCommentTest#"test_seattlerb/bug_call_arglist_parens.txt" = 0.04 s
[ 4910/31251] Prism::MagicCommentTest#"test_seattlerb/bug_case_when_regexp.txt" = 0.02 s
[ 4911/31251] Prism::MagicCommentTest#"test_seattlerb/bug_comma.txt" = 0.02 s
[ 4912/31251] Prism::MagicCommentTest#"test_seattlerb/bug_cond_pct.txt" = 0.02 s
[ 4913/31251] Prism::MagicCommentTest#"test_seattlerb/bug_hash_args.txt" = 0.02 s
[ 4914/31251] Prism::MagicCommentTest#"test_seattlerb/bug_hash_args_trailing_comma.txt" = 0.02 s
[ 4915/31251] Prism::MagicCommentTest#"test_seattlerb/bug_hash_interp_array.txt" = 0.02 s
[ 4916/31251] Prism::MagicCommentTest#"test_seattlerb/bug_masgn_right.txt" = 0.02 s
[ 4917/31251] Prism::MagicCommentTest#"test_seattlerb/bug_not_parens.txt" = 0.02 s
[ 4918/31251] Prism::MagicCommentTest#"test_seattlerb/bug_op_asgn_rescue.txt" = 0.02 s
[ 4919/31251] Prism::MagicCommentTest#"test_seattlerb/call_and.txt" = 0.02 s
[ 4920/31251] Prism::MagicCommentTest#"test_seattlerb/call_arg_assoc.txt" = 0.02 s
[ 4921/31251] Prism::MagicCommentTest#"test_seattlerb/call_arg_assoc_kwsplat.txt" = 0.02 s
[ 4922/31251] Prism::MagicCommentTest#"test_seattlerb/call_arg_kwsplat.txt" = 0.02 s
[ 4923/31251] Prism::MagicCommentTest#"test_seattlerb/call_args_assoc_quoted.txt" = 0.03 s
[ 4924/31251] Prism::MagicCommentTest#"test_seattlerb/call_args_assoc_trailing_comma.txt" = 0.02 s
[ 4925/31251] Prism::MagicCommentTest#"test_seattlerb/call_args_command.txt" = 0.02 s
[ 4926/31251] Prism::MagicCommentTest#"test_seattlerb/call_array_arg.txt" = 0.02 s
[ 4927/31251] Prism::MagicCommentTest#"test_seattlerb/call_array_block_call.txt" = 0.02 s
[ 4928/31251] Prism::MagicCommentTest#"test_seattlerb/call_array_lambda_block_call.txt" = 0.02 s
[ 4929/31251] Prism::MagicCommentTest#"test_seattlerb/call_array_lit_inline_hash.txt" = 0.02 s
[ 4930/31251] Prism::MagicCommentTest#"test_seattlerb/call_assoc.txt" = 0.02 s
[ 4931/31251] Prism::MagicCommentTest#"test_seattlerb/call_assoc_new.txt" = 0.02 s
[ 4932/31251] Prism::MagicCommentTest#"test_seattlerb/call_assoc_new_if_multiline.txt" = 0.03 s
[ 4933/31251] Prism::MagicCommentTest#"test_seattlerb/call_assoc_trailing_comma.txt" = 0.02 s
[ 4934/31251] Prism::MagicCommentTest#"test_seattlerb/call_bang_command_call.txt" = 0.02 s
[ 4935/31251] Prism::MagicCommentTest#"test_seattlerb/call_bang_squiggle.txt" = 0.02 s
[ 4936/31251] Prism::MagicCommentTest#"test_seattlerb/call_begin_call_block_call.txt" = 0.02 s
[ 4937/31251] Prism::MagicCommentTest#"test_seattlerb/call_block_arg_named.txt" = 0.02 s
[ 4938/31251] Prism::MagicCommentTest#"test_seattlerb/call_carat.txt" = 0.02 s
[ 4939/31251] Prism::MagicCommentTest#"test_seattlerb/call_colon2.txt" = 0.02 s
[ 4940/31251] Prism::MagicCommentTest#"test_seattlerb/call_colon_parens.txt" = 0.02 s
[ 4941/31251] Prism::MagicCommentTest#"test_seattlerb/call_div.txt" = 0.02 s
[ 4942/31251] Prism::MagicCommentTest#"test_seattlerb/call_dot_parens.txt" = 0.02 s
[ 4943/31251] Prism::MagicCommentTest#"test_seattlerb/call_env.txt" = 0.02 s
[ 4944/31251] Prism::MagicCommentTest#"test_seattlerb/call_eq3.txt" = 0.02 s
[ 4945/31251] Prism::MagicCommentTest#"test_seattlerb/call_gt.txt" = 0.02 s
[ 4946/31251] Prism::MagicCommentTest#"test_seattlerb/call_kwsplat.txt" = 0.02 s
[ 4947/31251] Prism::MagicCommentTest#"test_seattlerb/call_leading_dots.txt" = 0.02 s
[ 4948/31251] Prism::MagicCommentTest#"test_seattlerb/call_leading_dots_comment.txt" = 0.02 s
[ 4949/31251] Prism::MagicCommentTest#"test_seattlerb/call_lt.txt" = 0.02 s
[ 4950/31251] Prism::MagicCommentTest#"test_seattlerb/call_lte.txt" = 0.02 s
[ 4951/31251] Prism::MagicCommentTest#"test_seattlerb/call_not.txt" = 0.02 s
[ 4952/31251] Prism::MagicCommentTest#"test_seattlerb/call_pipe.txt" = 0.02 s
[ 4953/31251] Prism::MagicCommentTest#"test_seattlerb/call_rshift.txt" = 0.02 s
[ 4954/31251] Prism::MagicCommentTest#"test_seattlerb/call_self_brackets.txt" = 0.02 s
[ 4955/31251] Prism::MagicCommentTest#"test_seattlerb/call_spaceship.txt" = 0.02 s
[ 4956/31251] Prism::MagicCommentTest#"test_seattlerb/call_stabby_do_end_with_block.txt" = 0.02 s
[ 4957/31251] Prism::MagicCommentTest#"test_seattlerb/call_stabby_with_braces_block.txt" = 0.02 s
[ 4958/31251] Prism::MagicCommentTest#"test_seattlerb/call_star.txt" = 0.02 s
[ 4959/31251] Prism::MagicCommentTest#"test_seattlerb/call_star2.txt" = 0.02 s
[ 4960/31251] Prism::MagicCommentTest#"test_seattlerb/call_trailing_comma.txt" = 0.02 s
[ 4961/31251] Prism::MagicCommentTest#"test_seattlerb/call_trailing_dots.txt" = 0.02 s
[ 4962/31251] Prism::MagicCommentTest#"test_seattlerb/call_unary_bang.txt" = 0.01 s
[ 4963/31251] Prism::MagicCommentTest#"test_seattlerb/case_in.txt" = 0.23 s
[ 4964/31251] Prism::MagicCommentTest#"test_seattlerb/case_in_31.txt" = 0.02 s
[ 4965/31251] Prism::MagicCommentTest#"test_seattlerb/case_in_37.txt" = 0.02 s
[ 4966/31251] Prism::MagicCommentTest#"test_seattlerb/case_in_42.txt" = 0.02 s
[ 4967/31251] Prism::MagicCommentTest#"test_seattlerb/case_in_42_2.txt" = 0.02 s
[ 4968/31251] Prism::MagicCommentTest#"test_seattlerb/case_in_47.txt" = 0.03 s
[ 4969/31251] Prism::MagicCommentTest#"test_seattlerb/case_in_67.txt" = 0.02 s
[ 4970/31251] Prism::MagicCommentTest#"test_seattlerb/case_in_86.txt" = 0.02 s
[ 4971/31251] Prism::MagicCommentTest#"test_seattlerb/case_in_86_2.txt" = 0.02 s
[ 4972/31251] Prism::MagicCommentTest#"test_seattlerb/case_in_array_pat_const.txt" = 0.02 s
[ 4973/31251] Prism::MagicCommentTest#"test_seattlerb/case_in_array_pat_const2.txt" = 0.02 s
[ 4974/31251] Prism::MagicCommentTest#"test_seattlerb/case_in_array_pat_paren_assign.txt" = 0.02 s
[ 4975/31251] Prism::MagicCommentTest#"test_seattlerb/case_in_const.txt" = 0.02 s
[ 4976/31251] Prism::MagicCommentTest#"test_seattlerb/case_in_else.txt" = 0.02 s
[ 4977/31251] Prism::MagicCommentTest#"test_seattlerb/case_in_find.txt" = 0.02 s
[ 4978/31251] Prism::MagicCommentTest#"test_seattlerb/case_in_find_array.txt" = 0.02 s
[ 4979/31251] Prism::MagicCommentTest#"test_seattlerb/case_in_hash_pat.txt" = 0.03 s
[ 4980/31251] Prism::MagicCommentTest#"test_seattlerb/case_in_hash_pat_assign.txt" = 0.03 s
[ 4981/31251] Prism::MagicCommentTest#"test_seattlerb/case_in_hash_pat_paren_assign.txt" = 0.02 s
[ 4982/31251] Prism::MagicCommentTest#"test_seattlerb/case_in_hash_pat_paren_true.txt" = 0.02 s
[ 4983/31251] Prism::MagicCommentTest#"test_seattlerb/case_in_hash_pat_rest.txt" = 0.02 s
[ 4984/31251] Prism::MagicCommentTest#"test_seattlerb/case_in_hash_pat_rest_solo.txt" = 0.02 s
[ 4985/31251] Prism::MagicCommentTest#"test_seattlerb/case_in_if_unless_post_mod.txt" = 0.03 s
[ 4986/31251] Prism::MagicCommentTest#"test_seattlerb/case_in_multiple.txt" = 0.03 s
[ 4987/31251] Prism::MagicCommentTest#"test_seattlerb/case_in_or.txt" = 0.02 s
[ 4988/31251] Prism::MagicCommentTest#"test_seattlerb/class_comments.txt" = 0.02 s
[ 4989/31251] Prism::MagicCommentTest#"test_seattlerb/cond_unary_minus.txt" = 0.02 s
[ 4990/31251] Prism::MagicCommentTest#"test_seattlerb/const_2_op_asgn_or2.txt" = 0.02 s
[ 4991/31251] Prism::MagicCommentTest#"test_seattlerb/const_3_op_asgn_or.txt" = 0.02 s
[ 4992/31251] Prism::MagicCommentTest#"test_seattlerb/const_op_asgn_and1.txt" = 0.02 s
[ 4993/31251] Prism::MagicCommentTest#"test_seattlerb/const_op_asgn_and2.txt" = 0.02 s
[ 4994/31251] Prism::MagicCommentTest#"test_seattlerb/const_op_asgn_or.txt" = 0.02 s
[ 4995/31251] Prism::MagicCommentTest#"test_seattlerb/defined_eh_parens.txt" = 0.02 s
[ 4996/31251] Prism::MagicCommentTest#"test_seattlerb/defn_arg_asplat_arg.txt" = 0.02 s
[ 4997/31251] Prism::MagicCommentTest#"test_seattlerb/defn_arg_forward_args.txt" = 0.02 s
[ 4998/31251] Prism::MagicCommentTest#"test_seattlerb/defn_args_forward_args.txt" = 0.03 s
[ 4999/31251] Prism::MagicCommentTest#"test_seattlerb/defn_comments.txt" = 0.02 s
[ 5000/31251] Prism::MagicCommentTest#"test_seattlerb/defn_endless_command.txt" = 0.02 s
[ 5001/31251] Prism::MagicCommentTest#"test_seattlerb/defn_endless_command_rescue.txt" = 0.02 s
[ 5002/31251] Prism::MagicCommentTest#"test_seattlerb/defn_forward_args.txt" = 0.02 s
[ 5003/31251] Prism::MagicCommentTest#"test_seattlerb/defn_forward_args__no_parens.txt" = 0.02 s
[ 5004/31251] Prism::MagicCommentTest#"test_seattlerb/defn_kwarg_env.txt" = 0.02 s
[ 5005/31251] Prism::MagicCommentTest#"test_seattlerb/defn_kwarg_kwarg.txt" = 0.02 s
[ 5006/31251] Prism::MagicCommentTest#"test_seattlerb/defn_kwarg_kwsplat.txt" = 0.02 s
[ 5007/31251] Prism::MagicCommentTest#"test_seattlerb/defn_kwarg_kwsplat_anon.txt" = 0.02 s
[ 5008/31251] Prism::MagicCommentTest#"test_seattlerb/defn_kwarg_lvar.txt" = 0.02 s
[ 5009/31251] Prism::MagicCommentTest#"test_seattlerb/defn_kwarg_no_parens.txt" = 0.02 s
[ 5010/31251] Prism::MagicCommentTest#"test_seattlerb/defn_kwarg_val.txt" = 0.02 s
[ 5011/31251] Prism::MagicCommentTest#"test_seattlerb/defn_no_kwargs.txt" = 0.02 s
[ 5012/31251] Prism::MagicCommentTest#"test_seattlerb/defn_oneliner.txt" = 0.02 s
[ 5013/31251] Prism::MagicCommentTest#"test_seattlerb/defn_oneliner_eq2.txt" = 0.02 s
[ 5014/31251] Prism::MagicCommentTest#"test_seattlerb/defn_oneliner_noargs.txt" = 0.02 s
[ 5015/31251] Prism::MagicCommentTest#"test_seattlerb/defn_oneliner_noargs_parentheses.txt" = 0.02 s
[ 5016/31251] Prism::MagicCommentTest#"test_seattlerb/defn_oneliner_rescue.txt" = 0.04 s
[ 5017/31251] Prism::MagicCommentTest#"test_seattlerb/defn_opt_last_arg.txt" = 0.02 s
[ 5018/31251] Prism::MagicCommentTest#"test_seattlerb/defn_opt_reg.txt" = 0.02 s
[ 5019/31251] Prism::MagicCommentTest#"test_seattlerb/defn_opt_splat_arg.txt" = 0.02 s
[ 5020/31251] Prism::MagicCommentTest#"test_seattlerb/defn_powarg.txt" = 0.02 s
[ 5021/31251] Prism::MagicCommentTest#"test_seattlerb/defn_reg_opt_reg.txt" = 0.02 s
[ 5022/31251] Prism::MagicCommentTest#"test_seattlerb/defn_splat_arg.txt" = 0.02 s
[ 5023/31251] Prism::MagicCommentTest#"test_seattlerb/defn_unary_not.txt" = 0.02 s
[ 5024/31251] Prism::MagicCommentTest#"test_seattlerb/defns_reserved.txt" = 0.02 s
[ 5025/31251] Prism::MagicCommentTest#"test_seattlerb/defs_as_arg_with_do_block_inside.txt" = 0.03 s
[ 5026/31251] Prism::MagicCommentTest#"test_seattlerb/defs_comments.txt" = 0.02 s
[ 5027/31251] Prism::MagicCommentTest#"test_seattlerb/defs_endless_command.txt" = 0.02 s
[ 5028/31251] Prism::MagicCommentTest#"test_seattlerb/defs_endless_command_rescue.txt" = 0.02 s
[ 5029/31251] Prism::MagicCommentTest#"test_seattlerb/defs_kwarg.txt" = 0.02 s
[ 5030/31251] Prism::MagicCommentTest#"test_seattlerb/defs_oneliner.txt" = 0.02 s
[ 5031/31251] Prism::MagicCommentTest#"test_seattlerb/defs_oneliner_eq2.txt" = 0.02 s
[ 5032/31251] Prism::MagicCommentTest#"test_seattlerb/defs_oneliner_rescue.txt" = 0.05 s
[ 5033/31251] Prism::MagicCommentTest#"test_seattlerb/difficult0_.txt" = 0.02 s
[ 5034/31251] Prism::MagicCommentTest#"test_seattlerb/difficult1_line_numbers.txt" = 0.06 s
[ 5035/31251] Prism::MagicCommentTest#"test_seattlerb/difficult1_line_numbers2.txt" = 0.03 s
[ 5036/31251] Prism::MagicCommentTest#"test_seattlerb/difficult2_.txt" = 0.02 s
[ 5037/31251] Prism::MagicCommentTest#"test_seattlerb/difficult3_.txt" = 0.02 s
[ 5038/31251] Prism::MagicCommentTest#"test_seattlerb/difficult3_2.txt" = 0.02 s
[ 5039/31251] Prism::MagicCommentTest#"test_seattlerb/difficult3_3.txt" = 0.02 s
[ 5040/31251] Prism::MagicCommentTest#"test_seattlerb/difficult3_4.txt" = 0.02 s
[ 5041/31251] Prism::MagicCommentTest#"test_seattlerb/difficult3_5.txt" = 0.02 s
[ 5042/31251] Prism::MagicCommentTest#"test_seattlerb/difficult3__10.txt" = 0.02 s
[ 5043/31251] Prism::MagicCommentTest#"test_seattlerb/difficult3__11.txt" = 0.02 s
[ 5044/31251] Prism::MagicCommentTest#"test_seattlerb/difficult3__12.txt" = 0.02 s
[ 5045/31251] Prism::MagicCommentTest#"test_seattlerb/difficult3__6.txt" = 0.02 s
[ 5046/31251] Prism::MagicCommentTest#"test_seattlerb/difficult3__7.txt" = 0.02 s
[ 5047/31251] Prism::MagicCommentTest#"test_seattlerb/difficult3__8.txt" = 0.02 s
[ 5048/31251] Prism::MagicCommentTest#"test_seattlerb/difficult3__9.txt" = 0.02 s
[ 5049/31251] Prism::MagicCommentTest#"test_seattlerb/difficult4__leading_dots.txt" = 0.02 s
[ 5050/31251] Prism::MagicCommentTest#"test_seattlerb/difficult4__leading_dots2.txt" = 0.02 s
[ 5051/31251] Prism::MagicCommentTest#"test_seattlerb/difficult6_.txt" = 0.02 s
[ 5052/31251] Prism::MagicCommentTest#"test_seattlerb/difficult6__7.txt" = 0.02 s
[ 5053/31251] Prism::MagicCommentTest#"test_seattlerb/difficult6__8.txt" = 0.02 s
[ 5054/31251] Prism::MagicCommentTest#"test_seattlerb/difficult7_.txt" = 0.03 s
[ 5055/31251] Prism::MagicCommentTest#"test_seattlerb/do_bug.txt" = 0.02 s
[ 5056/31251] Prism::MagicCommentTest#"test_seattlerb/do_lambda.txt" = 0.02 s
[ 5057/31251] Prism::MagicCommentTest#"test_seattlerb/dot2_nil__26.txt" = 0.02 s
[ 5058/31251] Prism::MagicCommentTest#"test_seattlerb/dot3_nil__26.txt" = 0.02 s
[ 5059/31251] Prism::MagicCommentTest#"test_seattlerb/dstr_evstr.txt" = 0.02 s
[ 5060/31251] Prism::MagicCommentTest#"test_seattlerb/dstr_evstr_empty_end.txt" = 0.02 s
[ 5061/31251] Prism::MagicCommentTest#"test_seattlerb/dstr_lex_state.txt" = 0.02 s
[ 5062/31251] Prism::MagicCommentTest#"test_seattlerb/dstr_str.txt" = 0.02 s
[ 5063/31251] Prism::MagicCommentTest#"test_seattlerb/dsym_esc_to_sym.txt" = 0.02 s
[ 5064/31251] Prism::MagicCommentTest#"test_seattlerb/dsym_to_sym.txt" = 0.02 s
[ 5065/31251] Prism::MagicCommentTest#"test_seattlerb/eq_begin_line_numbers.txt" = 0.02 s
[ 5066/31251] Prism::MagicCommentTest#"test_seattlerb/eq_begin_why_wont_people_use_their_spacebar.tx
t" = 0.02 s
[ 5067/31251] Prism::MagicCommentTest#"test_seattlerb/evstr_evstr.txt" = 0.02 s
[ 5068/31251] Prism::MagicCommentTest#"test_seattlerb/evstr_str.txt" = 0.02 s
[ 5069/31251] Prism::MagicCommentTest#"test_seattlerb/expr_not_bang.txt" = 0.02 s
[ 5070/31251] Prism::MagicCommentTest#"test_seattlerb/f_kw.txt" = 0.02 s
[ 5071/31251] Prism::MagicCommentTest#"test_seattlerb/f_kw__required.txt" = 0.02 s
[ 5072/31251] Prism::MagicCommentTest#"test_seattlerb/flip2_env_lvar.txt" = 0.02 s
[ 5073/31251] Prism::MagicCommentTest#"test_seattlerb/float_with_if_modifier.txt" = 0.02 s
[ 5074/31251] Prism::MagicCommentTest#"test_seattlerb/heredoc__backslash_dos_format.txt" = 0.02 s
[ 5075/31251] Prism::MagicCommentTest#"test_seattlerb/heredoc_backslash_nl.txt" = 0.02 s
[ 5076/31251] Prism::MagicCommentTest#"test_seattlerb/heredoc_bad_hex_escape.txt" = 0.02 s
[ 5077/31251] Prism::MagicCommentTest#"test_seattlerb/heredoc_bad_oct_escape.txt" = 0.02 s
[ 5078/31251] Prism::MagicCommentTest#"test_seattlerb/heredoc_comma_arg.txt" = 0.02 s
[ 5079/31251] Prism::MagicCommentTest#"test_seattlerb/heredoc_lineno.txt" = 0.02 s
[ 5080/31251] Prism::MagicCommentTest#"test_seattlerb/heredoc_nested.txt" = 0.02 s
[ 5081/31251] Prism::MagicCommentTest#"test_seattlerb/heredoc_squiggly.txt" = 0.02 s
[ 5082/31251] Prism::MagicCommentTest#"test_seattlerb/heredoc_squiggly_blank_line_plus_interpolation
.txt" = 0.03 s
[ 5083/31251] Prism::MagicCommentTest#"test_seattlerb/heredoc_squiggly_blank_lines.txt" = 0.02 s
[ 5084/31251] Prism::MagicCommentTest#"test_seattlerb/heredoc_squiggly_empty.txt" = 0.02 s
[ 5085/31251] Prism::MagicCommentTest#"test_seattlerb/heredoc_squiggly_interp.txt" = 0.02 s
[ 5086/31251] Prism::MagicCommentTest#"test_seattlerb/heredoc_squiggly_no_indent.txt" = 0.02 s
[ 5087/31251] Prism::MagicCommentTest#"test_seattlerb/heredoc_squiggly_tabs.txt" = 0.02 s
[ 5088/31251] Prism::MagicCommentTest#"test_seattlerb/heredoc_squiggly_tabs_extra.txt" = 0.02 s
[ 5089/31251] Prism::MagicCommentTest#"test_seattlerb/heredoc_squiggly_visually_blank_lines.txt" = 0
.02 s
[ 5090/31251] Prism::MagicCommentTest#"test_seattlerb/heredoc_trailing_slash_continued_call.txt" = 0
.02 s
[ 5091/31251] Prism::MagicCommentTest#"test_seattlerb/heredoc_unicode.txt" = 0.02 s
[ 5092/31251] Prism::MagicCommentTest#"test_seattlerb/heredoc_with_carriage_return_escapes.txt" = 0.
02 s
[ 5093/31251] Prism::MagicCommentTest#"test_seattlerb/heredoc_with_carriage_return_escapes_windows.t
xt" = 0.02 s
[ 5094/31251] Prism::MagicCommentTest#"test_seattlerb/heredoc_with_extra_carriage_horrible_mix.txt"
= 0.02 s
[ 5095/31251] Prism::MagicCommentTest#"test_seattlerb/heredoc_with_extra_carriage_returns.txt" = 0.0
2 s
[ 5096/31251] Prism::MagicCommentTest#"test_seattlerb/heredoc_with_extra_carriage_returns_windows.tx
t" = 0.02 s
[ 5097/31251] Prism::MagicCommentTest#"test_seattlerb/heredoc_with_interpolation_and_carriage_return
_escapes.txt" = 0.02 s
[ 5098/31251] Prism::MagicCommentTest#"test_seattlerb/heredoc_with_interpolation_and_carriage_return
_escapes_windows.txt" = 0.02 s
[ 5099/31251] Prism::MagicCommentTest#"test_seattlerb/heredoc_with_not_global_interpolation.txt" = 0
.02 s
[ 5100/31251] Prism::MagicCommentTest#"test_seattlerb/heredoc_with_only_carriage_returns.txt" = 0.02
 s
[ 5101/31251] Prism::MagicCommentTest#"test_seattlerb/heredoc_with_only_carriage_returns_windows.txt
" = 0.02 s
[ 5102/31251] Prism::MagicCommentTest#"test_seattlerb/if_elsif.txt" = 0.02 s
[ 5103/31251] Prism::MagicCommentTest#"test_seattlerb/if_symbol.txt" = 0.02 s
[ 5104/31251] Prism::MagicCommentTest#"test_seattlerb/in_expr_no_case.txt" = 0.02 s
[ 5105/31251] Prism::MagicCommentTest#"test_seattlerb/index_0.txt" = 0.02 s
[ 5106/31251] Prism::MagicCommentTest#"test_seattlerb/index_0_opasgn.txt" = 0.02 s
[ 5107/31251] Prism::MagicCommentTest#"test_seattlerb/integer_with_if_modifier.txt" = 0.02 s
[ 5108/31251] Prism::MagicCommentTest#"test_seattlerb/interpolated_symbol_array_line_breaks.txt" = 0
.02 s
[ 5109/31251] Prism::MagicCommentTest#"test_seattlerb/interpolated_word_array_line_breaks.txt" = 0.1
3 s
[ 5110/31251] Prism::MagicCommentTest#"test_seattlerb/iter_args_1.txt" = 0.02 s
[ 5111/31251] Prism::MagicCommentTest#"test_seattlerb/iter_args_10_1.txt" = 0.02 s
[ 5112/31251] Prism::MagicCommentTest#"test_seattlerb/iter_args_10_2.txt" = 0.02 s
[ 5113/31251] Prism::MagicCommentTest#"test_seattlerb/iter_args_11_1.txt" = 0.02 s
[ 5114/31251] Prism::MagicCommentTest#"test_seattlerb/iter_args_11_2.txt" = 0.02 s
[ 5115/31251] Prism::MagicCommentTest#"test_seattlerb/iter_args_2__19.txt" = 0.02 s
[ 5116/31251] Prism::MagicCommentTest#"test_seattlerb/iter_args_3.txt" = 0.02 s
[ 5117/31251] Prism::MagicCommentTest#"test_seattlerb/iter_args_4.txt" = 0.02 s
[ 5118/31251] Prism::MagicCommentTest#"test_seattlerb/iter_args_5.txt" = 0.02 s
[ 5119/31251] Prism::MagicCommentTest#"test_seattlerb/iter_args_6.txt" = 0.02 s
[ 5120/31251] Prism::MagicCommentTest#"test_seattlerb/iter_args_7_1.txt" = 0.13 s
[ 5121/31251] Prism::MagicCommentTest#"test_seattlerb/iter_args_7_2.txt" = 0.02 s
[ 5122/31251] Prism::MagicCommentTest#"test_seattlerb/iter_args_8_1.txt" = 0.02 s
[ 5123/31251] Prism::MagicCommentTest#"test_seattlerb/iter_args_8_2.txt" = 0.02 s
[ 5124/31251] Prism::MagicCommentTest#"test_seattlerb/iter_args_9_1.txt" = 0.02 s
[ 5125/31251] Prism::MagicCommentTest#"test_seattlerb/iter_args_9_2.txt" = 0.02 s
[ 5126/31251] Prism::MagicCommentTest#"test_seattlerb/iter_kwarg.txt" = 0.02 s
[ 5127/31251] Prism::MagicCommentTest#"test_seattlerb/iter_kwarg_kwsplat.txt" = 0.02 s
[ 5128/31251] Prism::MagicCommentTest#"test_seattlerb/label_vs_string.txt" = 0.02 s
[ 5129/31251] Prism::MagicCommentTest#"test_seattlerb/lambda_do_vs_brace.txt" = 0.03 s
[ 5130/31251] Prism::MagicCommentTest#"test_seattlerb/lasgn_arg_rescue_arg.txt" = 0.02 s
[ 5131/31251] Prism::MagicCommentTest#"test_seattlerb/lasgn_call_bracket_rescue_arg.txt" = 0.02 s
[ 5132/31251] Prism::MagicCommentTest#"test_seattlerb/lasgn_call_nobracket_rescue_arg.txt" = 0.02 s
[ 5133/31251] Prism::MagicCommentTest#"test_seattlerb/lasgn_command.txt" = 0.02 s
[ 5134/31251] Prism::MagicCommentTest#"test_seattlerb/lasgn_env.txt" = 0.02 s
[ 5135/31251] Prism::MagicCommentTest#"test_seattlerb/lasgn_ivar_env.txt" = 0.02 s
[ 5136/31251] Prism::MagicCommentTest#"test_seattlerb/lasgn_lasgn_command_call.txt" = 0.02 s
[ 5137/31251] Prism::MagicCommentTest#"test_seattlerb/lasgn_middle_splat.txt" = 0.02 s
[ 5138/31251] Prism::MagicCommentTest#"test_seattlerb/magic_encoding_comment.txt" = 0.03 s
[ 5139/31251] Prism::MagicCommentTest#"test_seattlerb/masgn_anon_splat_arg.txt" = 0.02 s
[ 5140/31251] Prism::MagicCommentTest#"test_seattlerb/masgn_arg_colon_arg.txt" = 0.02 s
[ 5141/31251] Prism::MagicCommentTest#"test_seattlerb/masgn_arg_ident.txt" = 0.02 s
[ 5142/31251] Prism::MagicCommentTest#"test_seattlerb/masgn_arg_splat_arg.txt" = 0.02 s
[ 5143/31251] Prism::MagicCommentTest#"test_seattlerb/masgn_colon2.txt" = 0.02 s
[ 5144/31251] Prism::MagicCommentTest#"test_seattlerb/masgn_colon3.txt" = 0.02 s
[ 5145/31251] Prism::MagicCommentTest#"test_seattlerb/masgn_command_call.txt" = 0.02 s
[ 5146/31251] Prism::MagicCommentTest#"test_seattlerb/masgn_double_paren.txt" = 0.02 s
[ 5147/31251] Prism::MagicCommentTest#"test_seattlerb/masgn_lhs_splat.txt" = 0.02 s
[ 5148/31251] Prism::MagicCommentTest#"test_seattlerb/masgn_paren.txt" = 0.02 s
[ 5149/31251] Prism::MagicCommentTest#"test_seattlerb/masgn_splat_arg.txt" = 0.02 s
[ 5150/31251] Prism::MagicCommentTest#"test_seattlerb/masgn_splat_arg_arg.txt" = 0.02 s
[ 5151/31251] Prism::MagicCommentTest#"test_seattlerb/masgn_star.txt" = 0.02 s
[ 5152/31251] Prism::MagicCommentTest#"test_seattlerb/masgn_var_star_var.txt" = 0.02 s
[ 5153/31251] Prism::MagicCommentTest#"test_seattlerb/messy_op_asgn_lineno.txt" = 0.02 s
[ 5154/31251] Prism::MagicCommentTest#"test_seattlerb/method_call_assoc_trailing_comma.txt" = 0.02 s
[ 5155/31251] Prism::MagicCommentTest#"test_seattlerb/method_call_trailing_comma.txt" = 0.02 s
[ 5156/31251] Prism::MagicCommentTest#"test_seattlerb/mlhs_back_anonsplat.txt" = 0.02 s
[ 5157/31251] Prism::MagicCommentTest#"test_seattlerb/mlhs_back_splat.txt" = 0.02 s
[ 5158/31251] Prism::MagicCommentTest#"test_seattlerb/mlhs_front_anonsplat.txt" = 0.02 s
[ 5159/31251] Prism::MagicCommentTest#"test_seattlerb/mlhs_front_splat.txt" = 0.02 s
[ 5160/31251] Prism::MagicCommentTest#"test_seattlerb/mlhs_keyword.txt" = 0.02 s
[ 5161/31251] Prism::MagicCommentTest#"test_seattlerb/mlhs_mid_anonsplat.txt" = 0.03 s
[ 5162/31251] Prism::MagicCommentTest#"test_seattlerb/mlhs_mid_splat.txt" = 0.03 s
[ 5163/31251] Prism::MagicCommentTest#"test_seattlerb/mlhs_rescue.txt" = 0.02 s
[ 5164/31251] Prism::MagicCommentTest#"test_seattlerb/module_comments.txt" = 0.02 s
[ 5165/31251] Prism::MagicCommentTest#"test_seattlerb/multiline_hash_declaration.txt" = 0.03 s
[ 5166/31251] Prism::MagicCommentTest#"test_seattlerb/non_interpolated_symbol_array_line_breaks.txt"
 = 0.02 s
[ 5167/31251] Prism::MagicCommentTest#"test_seattlerb/non_interpolated_word_array_line_breaks.txt" =
 0.02 s
[ 5168/31251] Prism::MagicCommentTest#"test_seattlerb/op_asgn_command_call.txt" = 0.02 s
[ 5169/31251] Prism::MagicCommentTest#"test_seattlerb/op_asgn_dot_ident_command_call.txt" = 0.02 s
[ 5170/31251] Prism::MagicCommentTest#"test_seattlerb/op_asgn_index_command_call.txt" = 0.02 s
[ 5171/31251] Prism::MagicCommentTest#"test_seattlerb/op_asgn_primary_colon_const_command_call.txt"
= 0.02 s
[ 5172/31251] Prism::MagicCommentTest#"test_seattlerb/op_asgn_primary_colon_identifier1.txt" = 0.02
s
[ 5173/31251] Prism::MagicCommentTest#"test_seattlerb/op_asgn_primary_colon_identifier_command_call.
txt" = 0.02 s
[ 5174/31251] Prism::MagicCommentTest#"test_seattlerb/op_asgn_val_dot_ident_command_call.txt" = 0.02
 s
[ 5175/31251] Prism::MagicCommentTest#"test_seattlerb/parse_def_special_name.txt" = 0.02 s
[ 5176/31251] Prism::MagicCommentTest#"test_seattlerb/parse_if_not_canonical.txt" = 0.02 s
[ 5177/31251] Prism::MagicCommentTest#"test_seattlerb/parse_if_not_noncanonical.txt" = 0.02 s
[ 5178/31251] Prism::MagicCommentTest#"test_seattlerb/parse_line_block.txt" = 0.02 s
[ 5179/31251] Prism::MagicCommentTest#"test_seattlerb/parse_line_block_inline_comment.txt" = 0.02 s
[ 5180/31251] Prism::MagicCommentTest#"test_seattlerb/parse_line_block_inline_comment_leading_newlin
es.txt" = 0.02 s
[ 5181/31251] Prism::MagicCommentTest#"test_seattlerb/parse_line_block_inline_multiline_comment.txt"
 = 0.02 s
[ 5182/31251] Prism::MagicCommentTest#"test_seattlerb/parse_line_call_ivar_arg_no_parens_line_break.
txt" = 0.02 s
[ 5183/31251] Prism::MagicCommentTest#"test_seattlerb/parse_line_call_ivar_line_break_paren.txt" = 0
.02 s
[ 5184/31251] Prism::MagicCommentTest#"test_seattlerb/parse_line_call_no_args.txt" = 0.02 s
[ 5185/31251] Prism::MagicCommentTest#"test_seattlerb/parse_line_defn_complex.txt" = 0.03 s
[ 5186/31251] Prism::MagicCommentTest#"test_seattlerb/parse_line_defn_no_parens.txt" = 0.02 s
[ 5187/31251] Prism::MagicCommentTest#"test_seattlerb/parse_line_defn_no_parens_args.txt" = 0.02 s
[ 5188/31251] Prism::MagicCommentTest#"test_seattlerb/parse_line_dot2.txt" = 0.02 s
[ 5189/31251] Prism::MagicCommentTest#"test_seattlerb/parse_line_dot2_open.txt" = 0.02 s
[ 5190/31251] Prism::MagicCommentTest#"test_seattlerb/parse_line_dot3.txt" = 0.02 s
[ 5191/31251] Prism::MagicCommentTest#"test_seattlerb/parse_line_dot3_open.txt" = 0.02 s
[ 5192/31251] Prism::MagicCommentTest#"test_seattlerb/parse_line_dstr_escaped_newline.txt" = 0.02 s
[ 5193/31251] Prism::MagicCommentTest#"test_seattlerb/parse_line_dstr_soft_newline.txt" = 0.02 s
[ 5194/31251] Prism::MagicCommentTest#"test_seattlerb/parse_line_evstr_after_break.txt" = 0.02 s
[ 5195/31251] Prism::MagicCommentTest#"test_seattlerb/parse_line_hash_lit.txt" = 0.02 s
[ 5196/31251] Prism::MagicCommentTest#"test_seattlerb/parse_line_heredoc.txt" = 0.02 s
[ 5197/31251] Prism::MagicCommentTest#"test_seattlerb/parse_line_heredoc_evstr.txt" = 0.02 s
[ 5198/31251] Prism::MagicCommentTest#"test_seattlerb/parse_line_heredoc_hardnewline.txt" = 0.02 s
[ 5199/31251] Prism::MagicCommentTest#"test_seattlerb/parse_line_heredoc_regexp_chars.txt" = 0.02 s
[ 5200/31251] Prism::MagicCommentTest#"test_seattlerb/parse_line_iter_call_no_parens.txt" = 0.02 s
[ 5201/31251] Prism::MagicCommentTest#"test_seattlerb/parse_line_iter_call_parens.txt" = 0.03 s
[ 5202/31251] Prism::MagicCommentTest#"test_seattlerb/parse_line_multiline_str.txt" = 0.02 s
[ 5203/31251] Prism::MagicCommentTest#"test_seattlerb/parse_line_multiline_str_literal_n.txt" = 0.02
 s
[ 5204/31251] Prism::MagicCommentTest#"test_seattlerb/parse_line_newlines.txt" = 0.02 s
[ 5205/31251] Prism::MagicCommentTest#"test_seattlerb/parse_line_op_asgn.txt" = 0.02 s
[ 5206/31251] Prism::MagicCommentTest#"test_seattlerb/parse_line_postexe.txt" = 0.02 s
[ 5207/31251] Prism::MagicCommentTest#"test_seattlerb/parse_line_preexe.txt" = 0.02 s
[ 5208/31251] Prism::MagicCommentTest#"test_seattlerb/parse_line_rescue.txt" = 0.02 s
[ 5209/31251] Prism::MagicCommentTest#"test_seattlerb/parse_line_return.txt" = 0.02 s
[ 5210/31251] Prism::MagicCommentTest#"test_seattlerb/parse_line_str_with_newline_escape.txt" = 0.02
 s
[ 5211/31251] Prism::MagicCommentTest#"test_seattlerb/parse_line_to_ary.txt" = 0.02 s
[ 5212/31251] Prism::MagicCommentTest#"test_seattlerb/parse_line_trailing_newlines.txt" = 0.02 s
[ 5213/31251] Prism::MagicCommentTest#"test_seattlerb/parse_opt_call_args_assocs_comma.txt" = 0.02 s
[ 5214/31251] Prism::MagicCommentTest#"test_seattlerb/parse_opt_call_args_lit_comma.txt" = 0.02 s
[ 5215/31251] Prism::MagicCommentTest#"test_seattlerb/parse_pattern_019.txt" = 0.02 s
[ 5216/31251] Prism::MagicCommentTest#"test_seattlerb/parse_pattern_044.txt" = 0.02 s
[ 5217/31251] Prism::MagicCommentTest#"test_seattlerb/parse_pattern_051.txt" = 0.03 s
[ 5218/31251] Prism::MagicCommentTest#"test_seattlerb/parse_pattern_058.txt" = 0.03 s
[ 5219/31251] Prism::MagicCommentTest#"test_seattlerb/parse_pattern_058_2.txt" = 0.03 s
[ 5220/31251] Prism::MagicCommentTest#"test_seattlerb/parse_pattern_069.txt" = 0.02 s
[ 5221/31251] Prism::MagicCommentTest#"test_seattlerb/parse_pattern_076.txt" = 0.03 s
[ 5222/31251] Prism::MagicCommentTest#"test_seattlerb/parse_until_not_canonical.txt" = 0.02 s
[ 5223/31251] Prism::MagicCommentTest#"test_seattlerb/parse_until_not_noncanonical.txt" = 0.02 s
[ 5224/31251] Prism::MagicCommentTest#"test_seattlerb/parse_while_not_canonical.txt" = 0.02 s
[ 5225/31251] Prism::MagicCommentTest#"test_seattlerb/parse_while_not_noncanonical.txt" = 0.02 s
[ 5226/31251] Prism::MagicCommentTest#"test_seattlerb/pctW_lineno.txt" = 0.02 s
[ 5227/31251] Prism::MagicCommentTest#"test_seattlerb/pct_Q_backslash_nl.txt" = 0.02 s
[ 5228/31251] Prism::MagicCommentTest#"test_seattlerb/pct_nl.txt" = 0.02 s
[ 5229/31251] Prism::MagicCommentTest#"test_seattlerb/pct_w_heredoc_interp_nested.txt" = 0.02 s
[ 5230/31251] Prism::MagicCommentTest#"test_seattlerb/pipe_semicolon.txt" = 0.02 s
[ 5231/31251] Prism::MagicCommentTest#"test_seattlerb/pipe_space.txt" = 0.02 s
[ 5232/31251] Prism::MagicCommentTest#"test_seattlerb/qWords_space.txt" = 0.02 s
[ 5233/31251] Prism::MagicCommentTest#"test_seattlerb/qsymbols.txt" = 0.02 s
[ 5234/31251] Prism::MagicCommentTest#"test_seattlerb/qsymbols_empty.txt" = 0.01 s
[ 5235/31251] Prism::MagicCommentTest#"test_seattlerb/qsymbols_empty_space.txt" = 0.02 s
[ 5236/31251] Prism::MagicCommentTest#"test_seattlerb/qsymbols_interp.txt" = 0.12 s
[ 5237/31251] Prism::MagicCommentTest#"test_seattlerb/quoted_symbol_hash_arg.txt" = 0.02 s
[ 5238/31251] Prism::MagicCommentTest#"test_seattlerb/quoted_symbol_keys.txt" = 0.02 s
[ 5239/31251] Prism::MagicCommentTest#"test_seattlerb/qw_escape.txt" = 0.02 s
[ 5240/31251] Prism::MagicCommentTest#"test_seattlerb/qw_escape_term.txt" = 0.02 s
[ 5241/31251] Prism::MagicCommentTest#"test_seattlerb/qwords_empty.txt" = 0.02 s
[ 5242/31251] Prism::MagicCommentTest#"test_seattlerb/read_escape_unicode_curlies.txt" = 0.01 s
[ 5243/31251] Prism::MagicCommentTest#"test_seattlerb/read_escape_unicode_h4.txt" = 0.01 s
[ 5244/31251] Prism::MagicCommentTest#"test_seattlerb/regexp.txt" = 0.03 s
[ 5245/31251] Prism::MagicCommentTest#"test_seattlerb/regexp_esc_C_slash.txt" = 0.02 s
[ 5246/31251] Prism::MagicCommentTest#"test_seattlerb/regexp_esc_u.txt" = 0.02 s
[ 5247/31251] Prism::MagicCommentTest#"test_seattlerb/regexp_escape_extended.txt" = 0.02 s
[ 5248/31251] Prism::MagicCommentTest#"test_seattlerb/regexp_unicode_curlies.txt" = 0.02 s
[ 5249/31251] Prism::MagicCommentTest#"test_seattlerb/required_kwarg_no_value.txt" = 0.02 s
[ 5250/31251] Prism::MagicCommentTest#"test_seattlerb/rescue_do_end_ensure_result.txt" = 0.02 s
[ 5251/31251] Prism::MagicCommentTest#"test_seattlerb/rescue_do_end_no_raise.txt" = 0.03 s
[ 5252/31251] Prism::MagicCommentTest#"test_seattlerb/rescue_do_end_raised.txt" = 0.02 s
[ 5253/31251] Prism::MagicCommentTest#"test_seattlerb/rescue_do_end_rescued.txt" = 0.03 s
[ 5254/31251] Prism::MagicCommentTest#"test_seattlerb/rescue_in_block.txt" = 0.02 s
[ 5255/31251] Prism::MagicCommentTest#"test_seattlerb/rescue_parens.txt" = 0.02 s
[ 5256/31251] Prism::MagicCommentTest#"test_seattlerb/return_call_assocs.txt" = 0.05 s
[ 5257/31251] Prism::MagicCommentTest#"test_seattlerb/rhs_asgn.txt" = 0.02 s
[ 5258/31251] Prism::MagicCommentTest#"test_seattlerb/ruby21_numbers.txt" = 0.02 s
[ 5259/31251] Prism::MagicCommentTest#"test_seattlerb/safe_attrasgn.txt" = 0.02 s
[ 5260/31251] Prism::MagicCommentTest#"test_seattlerb/safe_attrasgn_constant.txt" = 0.12 s
[ 5261/31251] Prism::MagicCommentTest#"test_seattlerb/safe_call.txt" = 0.02 s
[ 5262/31251] Prism::MagicCommentTest#"test_seattlerb/safe_call_after_newline.txt" = 0.02 s
[ 5263/31251] Prism::MagicCommentTest#"test_seattlerb/safe_call_dot_parens.txt" = 0.02 s
[ 5264/31251] Prism::MagicCommentTest#"test_seattlerb/safe_call_newline.txt" = 0.02 s
[ 5265/31251] Prism::MagicCommentTest#"test_seattlerb/safe_call_operator.txt" = 0.02 s
[ 5266/31251] Prism::MagicCommentTest#"test_seattlerb/safe_call_rhs_newline.txt" = 0.02 s
[ 5267/31251] Prism::MagicCommentTest#"test_seattlerb/safe_calls.txt" = 0.02 s
[ 5268/31251] Prism::MagicCommentTest#"test_seattlerb/safe_op_asgn.txt" = 0.02 s
[ 5269/31251] Prism::MagicCommentTest#"test_seattlerb/safe_op_asgn2.txt" = 0.02 s
[ 5270/31251] Prism::MagicCommentTest#"test_seattlerb/slashy_newlines_within_string.txt" = 0.02 s
[ 5271/31251] Prism::MagicCommentTest#"test_seattlerb/stabby_arg_no_paren.txt" = 0.02 s
[ 5272/31251] Prism::MagicCommentTest#"test_seattlerb/stabby_arg_opt_splat_arg_block_omfg.txt" = 0.0
2 s
[ 5273/31251] Prism::MagicCommentTest#"test_seattlerb/stabby_block_iter_call.txt" = 0.02 s
[ 5274/31251] Prism::MagicCommentTest#"test_seattlerb/stabby_block_iter_call_no_target_with_arg.txt"
 = 0.02 s
[ 5275/31251] Prism::MagicCommentTest#"test_seattlerb/stabby_block_kw.txt" = 0.02 s
[ 5276/31251] Prism::MagicCommentTest#"test_seattlerb/stabby_block_kw__required.txt" = 0.02 s
[ 5277/31251] Prism::MagicCommentTest#"test_seattlerb/stabby_proc_scope.txt" = 0.02 s
[ 5278/31251] Prism::MagicCommentTest#"test_seattlerb/str_backslashes.txt" = 0.02 s
[ 5279/31251] Prism::MagicCommentTest#"test_seattlerb/str_double_double_escaped_newline.txt" = 0.02
s
[ 5280/31251] Prism::MagicCommentTest#"test_seattlerb/str_double_escaped_newline.txt" = 0.02 s
[ 5281/31251] Prism::MagicCommentTest#"test_seattlerb/str_double_newline.txt" = 0.02 s
[ 5282/31251] Prism::MagicCommentTest#"test_seattlerb/str_evstr.txt" = 0.02 s
[ 5283/31251] Prism::MagicCommentTest#"test_seattlerb/str_evstr_escape.txt" = 0.02 s
[ 5284/31251] Prism::MagicCommentTest#"test_seattlerb/str_heredoc_interp.txt" = 0.02 s
[ 5285/31251] Prism::MagicCommentTest#"test_seattlerb/str_interp_ternary_or_label.txt" = 0.03 s
[ 5286/31251] Prism::MagicCommentTest#"test_seattlerb/str_lit_concat_bad_encodings.txt" = 0.02 s
[ 5287/31251] Prism::MagicCommentTest#"test_seattlerb/str_newline_hash_line_number.txt" = 0.02 s
[ 5288/31251] Prism::MagicCommentTest#"test_seattlerb/str_pct_Q_nested.txt" = 0.02 s
[ 5289/31251] Prism::MagicCommentTest#"test_seattlerb/str_pct_nested_nested.txt" = 0.02 s
[ 5290/31251] Prism::MagicCommentTest#"test_seattlerb/str_pct_q.txt" = 0.02 s
[ 5291/31251] Prism::MagicCommentTest#"test_seattlerb/str_single_double_escaped_newline.txt" = 0.02
s
[ 5292/31251] Prism::MagicCommentTest#"test_seattlerb/str_single_escaped_newline.txt" = 0.02 s
[ 5293/31251] Prism::MagicCommentTest#"test_seattlerb/str_single_newline.txt" = 0.02 s
[ 5294/31251] Prism::MagicCommentTest#"test_seattlerb/str_str.txt" = 0.02 s
[ 5295/31251] Prism::MagicCommentTest#"test_seattlerb/str_str_str.txt" = 0.02 s
[ 5296/31251] Prism::MagicCommentTest#"test_seattlerb/super_arg.txt" = 0.02 s
[ 5297/31251] Prism::MagicCommentTest#"test_seattlerb/symbol_empty.txt" = 0.02 s
[ 5298/31251] Prism::MagicCommentTest#"test_seattlerb/symbol_list.txt" = 0.14 s
[ 5299/31251] Prism::MagicCommentTest#"test_seattlerb/symbols.txt" = 0.02 s
[ 5300/31251] Prism::MagicCommentTest#"test_seattlerb/symbols_empty.txt" = 0.02 s
[ 5301/31251] Prism::MagicCommentTest#"test_seattlerb/symbols_empty_space.txt" = 0.02 s
[ 5302/31251] Prism::MagicCommentTest#"test_seattlerb/symbols_interp.txt" = 0.02 s
[ 5303/31251] Prism::MagicCommentTest#"test_seattlerb/thingy.txt" = 0.02 s
[ 5304/31251] Prism::MagicCommentTest#"test_seattlerb/uminus_float.txt" = 0.02 s
[ 5305/31251] Prism::MagicCommentTest#"test_seattlerb/unary_minus.txt" = 0.02 s
[ 5306/31251] Prism::MagicCommentTest#"test_seattlerb/unary_plus.txt" = 0.02 s
[ 5307/31251] Prism::MagicCommentTest#"test_seattlerb/unary_plus_on_literal.txt" = 0.02 s
[ 5308/31251] Prism::MagicCommentTest#"test_seattlerb/unary_tilde.txt" = 0.01 s
[ 5309/31251] Prism::MagicCommentTest#"test_seattlerb/utf8_bom.txt" = 0.02 s
[ 5310/31251] Prism::MagicCommentTest#"test_seattlerb/when_splat.txt" = 0.02 s
[ 5311/31251] Prism::MagicCommentTest#"test_seattlerb/words_interp.txt" = 0.02 s
[ 5312/31251] Prism::MagicCommentTest#"test_single_method_call_with_bang.txt" = 0.02 s
[ 5313/31251] Prism::MagicCommentTest#"test_single_quote_heredocs.txt" = 0.02 s
[ 5314/31251] Prism::MagicCommentTest#"test_spanning_heredoc.txt" = 0.07 s
[ 5315/31251] Prism::MagicCommentTest#"test_spanning_heredoc_newlines.txt" = 0.04 s
[ 5316/31251] Prism::MagicCommentTest#"test_strings.txt" = 0.16 s
[ 5317/31251] Prism::MagicCommentTest#"test_super.txt" = 0.05 s
[ 5318/31251] Prism::MagicCommentTest#"test_symbols.txt" = 0.14 s
[ 5319/31251] Prism::MagicCommentTest#"test_ternary_operator.txt" = 0.05 s
[ 5320/31251] Prism::MagicCommentTest#"test_tilde_heredocs.txt" = 0.17 s
[ 5321/31251] Prism::MagicCommentTest#"test_undef.txt" = 0.04 s
[ 5322/31251] Prism::MagicCommentTest#"test_unescaping.txt" = 0.03 s
[ 5323/31251] Prism::MagicCommentTest#"test_unless.txt" = 0.05 s
[ 5324/31251] Prism::MagicCommentTest#"test_unparser/corpus/literal/alias.txt" = 0.02 s
[ 5325/31251] Prism::MagicCommentTest#"test_unparser/corpus/literal/assignment.txt" = 0.22 s
[ 5326/31251] Prism::MagicCommentTest#"test_unparser/corpus/literal/block.txt" = 0.30 s
[ 5327/31251] Prism::MagicCommentTest#"test_unparser/corpus/literal/case.txt" = 0.08 s
[ 5328/31251] Prism::MagicCommentTest#"test_unparser/corpus/literal/class.txt" = 0.07 s
[ 5329/31251] Prism::MagicCommentTest#"test_unparser/corpus/literal/def.txt" = 0.30 s
[ 5330/31251] Prism::MagicCommentTest#"test_unparser/corpus/literal/defined.txt" = 0.03 s
[ 5331/31251] Prism::MagicCommentTest#"test_unparser/corpus/literal/defs.txt" = 0.08 s
[ 5332/31251] Prism::MagicCommentTest#"test_unparser/corpus/literal/dstr.txt" = 0.09 s
[ 5333/31251] Prism::MagicCommentTest#"test_unparser/corpus/literal/empty.txt" = 0.01 s
[ 5334/31251] Prism::MagicCommentTest#"test_unparser/corpus/literal/empty_begin.txt" = 0.01 s
[ 5335/31251] Prism::MagicCommentTest#"test_unparser/corpus/literal/flipflop.txt" = 0.05 s
[ 5336/31251] Prism::MagicCommentTest#"test_unparser/corpus/literal/for.txt" = 0.04 s
[ 5337/31251] Prism::MagicCommentTest#"test_unparser/corpus/literal/hookexe.txt" = 0.02 s
[ 5338/31251] Prism::MagicCommentTest#"test_unparser/corpus/literal/if.txt" = 0.08 s
[ 5339/31251] Prism::MagicCommentTest#"test_unparser/corpus/literal/kwbegin.txt" = 0.12 s
[ 5340/31251] Prism::MagicCommentTest#"test_unparser/corpus/literal/lambda.txt" = 0.04 s
[ 5341/31251] Prism::MagicCommentTest#"test_unparser/corpus/literal/literal.txt" = 0.29 s
[ 5342/31251] Prism::MagicCommentTest#"test_unparser/corpus/literal/module.txt" = 0.11 s
[ 5343/31251] Prism::MagicCommentTest#"test_unparser/corpus/literal/opasgn.txt" = 0.10 s
[ 5344/31251] Prism::MagicCommentTest#"test_unparser/corpus/literal/pattern.txt" = 0.12 s
[ 5345/31251] Prism::MagicCommentTest#"test_unparser/corpus/literal/pragma.txt" = 0.02 s
[ 5346/31251] Prism::MagicCommentTest#"test_unparser/corpus/literal/range.txt" = 0.03 s
[ 5347/31251] Prism::MagicCommentTest#"test_unparser/corpus/literal/rescue.txt" = 0.03 s
[ 5348/31251] Prism::MagicCommentTest#"test_unparser/corpus/literal/send.txt" = 0.34 s
[ 5349/31251] Prism::MagicCommentTest#"test_unparser/corpus/literal/since/27.txt" = 0.02 s
[ 5350/31251] Prism::MagicCommentTest#"test_unparser/corpus/literal/since/30.txt" = 0.03 s
[ 5351/31251] Prism::MagicCommentTest#"test_unparser/corpus/literal/since/31.txt" = 0.03 s
[ 5352/31251] Prism::MagicCommentTest#"test_unparser/corpus/literal/since/32.txt" = 0.04 s
[ 5353/31251] Prism::MagicCommentTest#"test_unparser/corpus/literal/singletons.txt" = 0.02 s
[ 5354/31251] Prism::MagicCommentTest#"test_unparser/corpus/literal/super.txt" = 0.06 s
[ 5355/31251] Prism::MagicCommentTest#"test_unparser/corpus/literal/unary.txt" = 0.05 s
[ 5356/31251] Prism::MagicCommentTest#"test_unparser/corpus/literal/undef.txt" = 0.02 s
[ 5357/31251] Prism::MagicCommentTest#"test_unparser/corpus/literal/variables.txt" = 0.03 s
[ 5358/31251] Prism::MagicCommentTest#"test_unparser/corpus/literal/while.txt" = 0.16 s
[ 5359/31251] Prism::MagicCommentTest#"test_unparser/corpus/semantic/and.txt" = 0.04 s
[ 5360/31251] Prism::MagicCommentTest#"test_unparser/corpus/semantic/block.txt" = 0.05 s
[ 5361/31251] Prism::MagicCommentTest#"test_unparser/corpus/semantic/def.txt" = 0.03 s
[ 5362/31251] Prism::MagicCommentTest#"test_unparser/corpus/semantic/dstr.txt" = 0.16 s
[ 5363/31251] Prism::MagicCommentTest#"test_unparser/corpus/semantic/kwbegin.txt" = 0.07 s
[ 5364/31251] Prism::MagicCommentTest#"test_unparser/corpus/semantic/literal.txt" = 0.05 s
[ 5365/31251] Prism::MagicCommentTest#"test_unparser/corpus/semantic/opasgn.txt" = 0.02 s
[ 5366/31251] Prism::MagicCommentTest#"test_unparser/corpus/semantic/send.txt" = 0.03 s
[ 5367/31251] Prism::MagicCommentTest#"test_unparser/corpus/semantic/undef.txt" = 0.02 s
[ 5368/31251] Prism::MagicCommentTest#"test_unparser/corpus/semantic/while.txt" = 0.06 s
[ 5369/31251] Prism::MagicCommentTest#"test_until.txt" = 0.05 s
[ 5370/31251] Prism::MagicCommentTest#"test_variables.txt" = 0.11 s
[ 5371/31251] Prism::MagicCommentTest#test_vim = 0.01 s
[ 5372/31251] Prism::MagicCommentTest#"test_while.txt" = 0.11 s
[ 5373/31251] Prism::MagicCommentTest#"test_whitequark/__ENCODING__.txt" = 0.01 s
[ 5374/31251] Prism::MagicCommentTest#"test_whitequark/__ENCODING___legacy_.txt" = 0.02 s
[ 5375/31251] Prism::MagicCommentTest#"test_whitequark/alias.txt" = 0.02 s
[ 5376/31251] Prism::MagicCommentTest#"test_whitequark/alias_gvar.txt" = 0.02 s
[ 5377/31251] Prism::MagicCommentTest#"test_whitequark/ambiuous_quoted_label_in_ternary_operator.txt
" = 0.02 s
[ 5378/31251] Prism::MagicCommentTest#"test_whitequark/and.txt" = 0.02 s
[ 5379/31251] Prism::MagicCommentTest#"test_whitequark/and_asgn.txt" = 0.02 s
[ 5380/31251] Prism::MagicCommentTest#"test_whitequark/and_or_masgn.txt" = 0.03 s
[ 5381/31251] Prism::MagicCommentTest#"test_whitequark/anonymous_blockarg.txt" = 0.02 s
[ 5382/31251] Prism::MagicCommentTest#"test_whitequark/arg.txt" = 0.03 s
[ 5383/31251] Prism::MagicCommentTest#"test_whitequark/arg_duplicate_ignored.txt" = 0.02 s
[ 5384/31251] Prism::MagicCommentTest#"test_whitequark/arg_label.txt" = 0.03 s
[ 5385/31251] Prism::MagicCommentTest#"test_whitequark/arg_scope.txt" = 0.02 s
[ 5386/31251] Prism::MagicCommentTest#"test_whitequark/args.txt" = 0.22 s
[ 5387/31251] Prism::MagicCommentTest#"test_whitequark/args_args_assocs.txt" = 0.03 s
[ 5388/31251] Prism::MagicCommentTest#"test_whitequark/args_args_assocs_comma.txt" = 0.02 s
[ 5389/31251] Prism::MagicCommentTest#"test_whitequark/args_args_comma.txt" = 0.02 s
[ 5390/31251] Prism::MagicCommentTest#"test_whitequark/args_args_star.txt" = 0.02 s
[ 5391/31251] Prism::MagicCommentTest#"test_whitequark/args_assocs_comma.txt" = 0.02 s
[ 5392/31251] Prism::MagicCommentTest#"test_whitequark/args_block_pass.txt" = 0.02 s
[ 5393/31251] Prism::MagicCommentTest#"test_whitequark/args_cmd.txt" = 0.02 s
[ 5394/31251] Prism::MagicCommentTest#"test_whitequark/args_star.txt" = 0.02 s
[ 5395/31251] Prism::MagicCommentTest#"test_whitequark/array_assocs.txt" = 0.02 s
[ 5396/31251] Prism::MagicCommentTest#"test_whitequark/array_plain.txt" = 0.02 s
[ 5397/31251] Prism::MagicCommentTest#"test_whitequark/array_splat.txt" = 0.03 s
[ 5398/31251] Prism::MagicCommentTest#"test_whitequark/array_symbols.txt" = 0.02 s
[ 5399/31251] Prism::MagicCommentTest#"test_whitequark/array_symbols_empty.txt" = 0.02 s
[ 5400/31251] Prism::MagicCommentTest#"test_whitequark/array_symbols_interp.txt" = 0.02 s
[ 5401/31251] Prism::MagicCommentTest#"test_whitequark/array_words.txt" = 0.02 s
[ 5402/31251] Prism::MagicCommentTest#"test_whitequark/array_words_empty.txt" = 0.02 s
[ 5403/31251] Prism::MagicCommentTest#"test_whitequark/array_words_interp.txt" = 0.03 s
[ 5404/31251] Prism::MagicCommentTest#"test_whitequark/asgn_cmd.txt" = 0.02 s
[ 5405/31251] Prism::MagicCommentTest#"test_whitequark/asgn_mrhs.txt" = 0.03 s
[ 5406/31251] Prism::MagicCommentTest#"test_whitequark/back_ref.txt" = 0.02 s
[ 5407/31251] Prism::MagicCommentTest#"test_whitequark/bang.txt" = 0.02 s
[ 5408/31251] Prism::MagicCommentTest#"test_whitequark/bang_cmd.txt" = 0.02 s
[ 5409/31251] Prism::MagicCommentTest#"test_whitequark/begin_cmdarg.txt" = 0.02 s
[ 5410/31251] Prism::MagicCommentTest#"test_whitequark/beginless_erange_after_newline.txt" = 0.02 s
[ 5411/31251] Prism::MagicCommentTest#"test_whitequark/beginless_irange_after_newline.txt" = 0.02 s
[ 5412/31251] Prism::MagicCommentTest#"test_whitequark/beginless_range.txt" = 0.02 s
[ 5413/31251] Prism::MagicCommentTest#"test_whitequark/blockarg.txt" = 0.02 s
[ 5414/31251] Prism::MagicCommentTest#"test_whitequark/blockargs.txt" = 0.23 s
[ 5415/31251] Prism::MagicCommentTest#"test_whitequark/bug_435.txt" = 0.02 s
[ 5416/31251] Prism::MagicCommentTest#"test_whitequark/bug_447.txt" = 0.02 s
[ 5417/31251] Prism::MagicCommentTest#"test_whitequark/bug_452.txt" = 0.02 s
[ 5418/31251] Prism::MagicCommentTest#"test_whitequark/bug_466.txt" = 0.03 s
[ 5419/31251] Prism::MagicCommentTest#"test_whitequark/bug_473.txt" = 0.02 s
[ 5420/31251] Prism::MagicCommentTest#"test_whitequark/bug_480.txt" = 0.02 s
[ 5421/31251] Prism::MagicCommentTest#"test_whitequark/bug_481.txt" = 0.02 s
[ 5422/31251] Prism::MagicCommentTest#"test_whitequark/bug_ascii_8bit_in_literal.txt" = 0.02 s
[ 5423/31251] Prism::MagicCommentTest#"test_whitequark/bug_cmd_string_lookahead.txt" = 0.02 s
[ 5424/31251] Prism::MagicCommentTest#"test_whitequark/bug_cmdarg.txt" = 0.03 s
[ 5425/31251] Prism::MagicCommentTest#"test_whitequark/bug_def_no_paren_eql_begin.txt" = 0.02 s
[ 5426/31251] Prism::MagicCommentTest#"test_whitequark/bug_do_block_in_call_args.txt" = 0.02 s
[ 5427/31251] Prism::MagicCommentTest#"test_whitequark/bug_do_block_in_cmdarg.txt" = 0.02 s
[ 5428/31251] Prism::MagicCommentTest#"test_whitequark/bug_do_block_in_hash_brace.txt" = 0.08 s
[ 5429/31251] Prism::MagicCommentTest#"test_whitequark/bug_heredoc_do.txt" = 0.02 s
[ 5430/31251] Prism::MagicCommentTest#"test_whitequark/bug_interp_single.txt" = 0.02 s
[ 5431/31251] Prism::MagicCommentTest#"test_whitequark/bug_lambda_leakage.txt" = 0.02 s
[ 5432/31251] Prism::MagicCommentTest#"test_whitequark/bug_regex_verification.txt" = 0.02 s
[ 5433/31251] Prism::MagicCommentTest#"test_whitequark/bug_rescue_empty_else.txt" = 0.02 s
[ 5434/31251] Prism::MagicCommentTest#"test_whitequark/bug_while_not_parens_do.txt" = 0.02 s
[ 5435/31251] Prism::MagicCommentTest#"test_whitequark/case_cond.txt" = 0.02 s
[ 5436/31251] Prism::MagicCommentTest#"test_whitequark/case_cond_else.txt" = 0.02 s
[ 5437/31251] Prism::MagicCommentTest#"test_whitequark/case_expr.txt" = 0.02 s
[ 5438/31251] Prism::MagicCommentTest#"test_whitequark/case_expr_else.txt" = 0.02 s
[ 5439/31251] Prism::MagicCommentTest#"test_whitequark/casgn_scoped.txt" = 0.02 s
[ 5440/31251] Prism::MagicCommentTest#"test_whitequark/casgn_toplevel.txt" = 0.02 s
[ 5441/31251] Prism::MagicCommentTest#"test_whitequark/casgn_unscoped.txt" = 0.02 s
[ 5442/31251] Prism::MagicCommentTest#"test_whitequark/character.txt" = 0.02 s
[ 5443/31251] Prism::MagicCommentTest#"test_whitequark/class.txt" = 0.02 s
[ 5444/31251] Prism::MagicCommentTest#"test_whitequark/class_super.txt" = 0.02 s
[ 5445/31251] Prism::MagicCommentTest#"test_whitequark/class_super_label.txt" = 0.02 s
[ 5446/31251] Prism::MagicCommentTest#"test_whitequark/comments_before_leading_dot__27.txt" = 0.03 s
[ 5447/31251] Prism::MagicCommentTest#"test_whitequark/complex.txt" = 0.02 s
[ 5448/31251] Prism::MagicCommentTest#"test_whitequark/cond_begin.txt" = 0.02 s
[ 5449/31251] Prism::MagicCommentTest#"test_whitequark/cond_begin_masgn.txt" = 0.02 s
[ 5450/31251] Prism::MagicCommentTest#"test_whitequark/cond_eflipflop.txt" = 0.02 s
[ 5451/31251] Prism::MagicCommentTest#"test_whitequark/cond_eflipflop_with_beginless_range.txt" = 0.
02 s
[ 5452/31251] Prism::MagicCommentTest#"test_whitequark/cond_eflipflop_with_endless_range.txt" = 0.02
 s
[ 5453/31251] Prism::MagicCommentTest#"test_whitequark/cond_iflipflop.txt" = 0.02 s
[ 5454/31251] Prism::MagicCommentTest#"test_whitequark/cond_iflipflop_with_beginless_range.txt" = 0.
02 s
[ 5455/31251] Prism::MagicCommentTest#"test_whitequark/cond_iflipflop_with_endless_range.txt" = 0.02
 s
[ 5456/31251] Prism::MagicCommentTest#"test_whitequark/cond_match_current_line.txt" = 0.02 s
[ 5457/31251] Prism::MagicCommentTest#"test_whitequark/const_op_asgn.txt" = 0.03 s
[ 5458/31251] Prism::MagicCommentTest#"test_whitequark/const_scoped.txt" = 0.02 s
[ 5459/31251] Prism::MagicCommentTest#"test_whitequark/const_toplevel.txt" = 0.02 s
[ 5460/31251] Prism::MagicCommentTest#"test_whitequark/const_unscoped.txt" = 0.02 s
[ 5461/31251] Prism::MagicCommentTest#"test_whitequark/cpath.txt" = 0.02 s
[ 5462/31251] Prism::MagicCommentTest#"test_whitequark/cvar.txt" = 0.01 s
[ 5463/31251] Prism::MagicCommentTest#"test_whitequark/cvasgn.txt" = 0.02 s
[ 5464/31251] Prism::MagicCommentTest#"test_whitequark/dedenting_heredoc.txt" = 0.10 s
[ 5465/31251] Prism::MagicCommentTest#"test_whitequark/dedenting_interpolating_heredoc_fake_line_con
tinuation.txt" = 0.02 s
[ 5466/31251] Prism::MagicCommentTest#"test_whitequark/dedenting_non_interpolating_heredoc_line_cont
inuation.txt" = 0.02 s
[ 5467/31251] Prism::MagicCommentTest#"test_whitequark/def.txt" = 0.03 s
[ 5468/31251] Prism::MagicCommentTest#"test_whitequark/defined.txt" = 0.02 s
[ 5469/31251] Prism::MagicCommentTest#"test_whitequark/defs.txt" = 0.04 s
[ 5470/31251] Prism::MagicCommentTest#"test_whitequark/empty_stmt.txt" = 0.01 s
[ 5471/31251] Prism::MagicCommentTest#"test_whitequark/endless_comparison_method.txt" = 0.04 s
[ 5472/31251] Prism::MagicCommentTest#"test_whitequark/endless_method.txt" = 0.04 s
[ 5473/31251] Prism::MagicCommentTest#"test_whitequark/endless_method_command_syntax.txt" = 0.08 s
[ 5474/31251] Prism::MagicCommentTest#"test_whitequark/endless_method_forwarded_args_legacy.txt" = 0
.02 s
[ 5475/31251] Prism::MagicCommentTest#"test_whitequark/endless_method_with_rescue_mod.txt" = 0.02 s
[ 5476/31251] Prism::MagicCommentTest#"test_whitequark/endless_method_without_args.txt" = 0.03 s
[ 5477/31251] Prism::MagicCommentTest#"test_whitequark/ensure.txt" = 0.02 s
[ 5478/31251] Prism::MagicCommentTest#"test_whitequark/ensure_empty.txt" = 0.02 s
[ 5479/31251] Prism::MagicCommentTest#"test_whitequark/false.txt" = 0.01 s
[ 5480/31251] Prism::MagicCommentTest#"test_whitequark/float.txt" = 0.02 s
[ 5481/31251] Prism::MagicCommentTest#"test_whitequark/for.txt" = 0.03 s
[ 5482/31251] Prism::MagicCommentTest#"test_whitequark/for_mlhs.txt" = 0.02 s
[ 5483/31251] Prism::MagicCommentTest#"test_whitequark/forward_arg.txt" = 0.02 s
[ 5484/31251] Prism::MagicCommentTest#"test_whitequark/forward_arg_with_open_args.txt" = 0.30 s
[ 5485/31251] Prism::MagicCommentTest#"test_whitequark/forward_args_legacy.txt" = 0.03 s
[ 5486/31251] Prism::MagicCommentTest#"test_whitequark/forwarded_argument_with_kwrestarg.txt" = 0.02
 s
[ 5487/31251] Prism::MagicCommentTest#"test_whitequark/forwarded_argument_with_restarg.txt" = 0.02 s
[ 5488/31251] Prism::MagicCommentTest#"test_whitequark/forwarded_kwrestarg.txt" = 0.02 s
[ 5489/31251] Prism::MagicCommentTest#"test_whitequark/forwarded_kwrestarg_with_additional_kwarg.txt
" = 0.02 s
[ 5490/31251] Prism::MagicCommentTest#"test_whitequark/forwarded_restarg.txt" = 0.02 s
[ 5491/31251] Prism::MagicCommentTest#"test_whitequark/gvar.txt" = 0.02 s
[ 5492/31251] Prism::MagicCommentTest#"test_whitequark/gvasgn.txt" = 0.02 s
[ 5493/31251] Prism::MagicCommentTest#"test_whitequark/hash_empty.txt" = 0.02 s
[ 5494/31251] Prism::MagicCommentTest#"test_whitequark/hash_hashrocket.txt" = 0.14 s
[ 5495/31251] Prism::MagicCommentTest#"test_whitequark/hash_kwsplat.txt" = 0.02 s
[ 5496/31251] Prism::MagicCommentTest#"test_whitequark/hash_label.txt" = 0.02 s
[ 5497/31251] Prism::MagicCommentTest#"test_whitequark/hash_label_end.txt" = 0.03 s
[ 5498/31251] Prism::MagicCommentTest#"test_whitequark/hash_pair_value_omission.txt" = 0.03 s
[ 5499/31251] Prism::MagicCommentTest#"test_whitequark/heredoc.txt" = 0.02 s
[ 5500/31251] Prism::MagicCommentTest#"test_whitequark/if.txt" = 0.02 s
[ 5501/31251] Prism::MagicCommentTest#"test_whitequark/if_else.txt" = 0.03 s
[ 5502/31251] Prism::MagicCommentTest#"test_whitequark/if_elsif.txt" = 0.02 s
[ 5503/31251] Prism::MagicCommentTest#"test_whitequark/if_masgn__24.txt" = 0.02 s
[ 5504/31251] Prism::MagicCommentTest#"test_whitequark/if_mod.txt" = 0.02 s
[ 5505/31251] Prism::MagicCommentTest#"test_whitequark/if_nl_then.txt" = 0.14 s
[ 5506/31251] Prism::MagicCommentTest#"test_whitequark/int.txt" = 0.02 s
[ 5507/31251] Prism::MagicCommentTest#"test_whitequark/int___LINE__.txt" = 0.02 s
[ 5508/31251] Prism::MagicCommentTest#"test_whitequark/interp_digit_var.txt" = 0.11 s
[ 5509/31251] Prism::MagicCommentTest#"test_whitequark/ivar.txt" = 0.02 s
[ 5510/31251] Prism::MagicCommentTest#"test_whitequark/ivasgn.txt" = 0.02 s
[ 5511/31251] Prism::MagicCommentTest#"test_whitequark/keyword_argument_omission.txt" = 0.02 s
[ 5512/31251] Prism::MagicCommentTest#"test_whitequark/kwarg.txt" = 0.02 s
[ 5513/31251] Prism::MagicCommentTest#"test_whitequark/kwbegin_compstmt.txt" = 0.02 s
[ 5514/31251] Prism::MagicCommentTest#"test_whitequark/kwnilarg.txt" = 0.14 s
[ 5515/31251] Prism::MagicCommentTest#"test_whitequark/kwoptarg.txt" = 0.02 s
[ 5516/31251] Prism::MagicCommentTest#"test_whitequark/kwoptarg_with_kwrestarg_and_forwarded_args.tx
t" = 0.02 s
[ 5517/31251] Prism::MagicCommentTest#"test_whitequark/kwrestarg_named.txt" = 0.02 s
[ 5518/31251] Prism::MagicCommentTest#"test_whitequark/kwrestarg_unnamed.txt" = 0.02 s
[ 5519/31251] Prism::MagicCommentTest#"test_whitequark/lbrace_arg_after_command_args.txt" = 0.02 s
[ 5520/31251] Prism::MagicCommentTest#"test_whitequark/lparenarg_after_lvar__since_25.txt" = 0.02 s
[ 5521/31251] Prism::MagicCommentTest#"test_whitequark/lvar.txt" = 0.01 s
[ 5522/31251] Prism::MagicCommentTest#"test_whitequark/lvar_injecting_match.txt" = 0.02 s
[ 5523/31251] Prism::MagicCommentTest#"test_whitequark/lvasgn.txt" = 0.02 s
[ 5524/31251] Prism::MagicCommentTest#"test_whitequark/masgn.txt" = 0.03 s
[ 5525/31251] Prism::MagicCommentTest#"test_whitequark/masgn_attr.txt" = 0.03 s
[ 5526/31251] Prism::MagicCommentTest#"test_whitequark/masgn_cmd.txt" = 0.02 s
[ 5527/31251] Prism::MagicCommentTest#"test_whitequark/masgn_const.txt" = 0.02 s
[ 5528/31251] Prism::MagicCommentTest#"test_whitequark/masgn_nested.txt" = 0.03 s
[ 5529/31251] Prism::MagicCommentTest#"test_whitequark/masgn_splat.txt" = 0.06 s
[ 5530/31251] Prism::MagicCommentTest#"test_whitequark/method_definition_in_while_cond.txt" = 0.05 s
[ 5531/31251] Prism::MagicCommentTest#"test_whitequark/module.txt" = 0.02 s
[ 5532/31251] Prism::MagicCommentTest#"test_whitequark/multiple_pattern_matches.txt" = 0.04 s
[ 5533/31251] Prism::MagicCommentTest#"test_whitequark/newline_in_hash_argument.txt" = 0.04 s
[ 5534/31251] Prism::MagicCommentTest#"test_whitequark/nil.txt" = 0.02 s
[ 5535/31251] Prism::MagicCommentTest#"test_whitequark/nil_expression.txt" = 0.02 s
[ 5536/31251] Prism::MagicCommentTest#"test_whitequark/non_lvar_injecting_match.txt" = 0.02 s
[ 5537/31251] Prism::MagicCommentTest#"test_whitequark/not.txt" = 0.02 s
[ 5538/31251] Prism::MagicCommentTest#"test_whitequark/not_cmd.txt" = 0.02 s
[ 5539/31251] Prism::MagicCommentTest#"test_whitequark/not_masgn__24.txt" = 0.02 s
[ 5540/31251] Prism::MagicCommentTest#"test_whitequark/nth_ref.txt" = 0.02 s
[ 5541/31251] Prism::MagicCommentTest#"test_whitequark/numbered_args_after_27.txt" = 0.04 s
[ 5542/31251] Prism::MagicCommentTest#"test_whitequark/numparam_outside_block.txt" = 0.04 s
[ 5543/31251] Prism::MagicCommentTest#"test_whitequark/numparam_ruby_bug_19025.txt" = 0.02 s
[ 5544/31251] Prism::MagicCommentTest#"test_whitequark/op_asgn.txt" = 0.02 s
[ 5545/31251] Prism::MagicCommentTest#"test_whitequark/op_asgn_cmd.txt" = 0.04 s
[ 5546/31251] Prism::MagicCommentTest#"test_whitequark/op_asgn_index.txt" = 0.09 s
[ 5547/31251] Prism::MagicCommentTest#"test_whitequark/op_asgn_index_cmd.txt" = 0.02 s
[ 5548/31251] Prism::MagicCommentTest#"test_whitequark/optarg.txt" = 0.03 s
[ 5549/31251] Prism::MagicCommentTest#"test_whitequark/or.txt" = 0.02 s
[ 5550/31251] Prism::MagicCommentTest#"test_whitequark/or_asgn.txt" = 0.02 s
[ 5551/31251] Prism::MagicCommentTest#"test_whitequark/parser_bug_272.txt" = 0.02 s
[ 5552/31251] Prism::MagicCommentTest#"test_whitequark/parser_bug_490.txt" = 0.04 s
[ 5553/31251] Prism::MagicCommentTest#"test_whitequark/parser_bug_507.txt" = 0.02 s
[ 5554/31251] Prism::MagicCommentTest#"test_whitequark/parser_bug_518.txt" = 0.02 s
[ 5555/31251] Prism::MagicCommentTest#"test_whitequark/parser_bug_525.txt" = 0.02 s
[ 5556/31251] Prism::MagicCommentTest#"test_whitequark/parser_bug_604.txt" = 0.10 s
[ 5557/31251] Prism::MagicCommentTest#"test_whitequark/parser_bug_640.txt" = 0.02 s
[ 5558/31251] Prism::MagicCommentTest#"test_whitequark/parser_bug_645.txt" = 0.02 s
[ 5559/31251] Prism::MagicCommentTest#"test_whitequark/parser_bug_830.txt" = 0.02 s
[ 5560/31251] Prism::MagicCommentTest#"test_whitequark/parser_bug_989.txt" = 0.02 s
[ 5561/31251] Prism::MagicCommentTest#"test_whitequark/parser_drops_truncated_parts_of_squiggly_here
doc.txt" = 0.02 s
[ 5562/31251] Prism::MagicCommentTest#"test_whitequark/parser_slash_slash_n_escaping_in_literals.txt
" = 0.06 s
[ 5563/31251] Prism::MagicCommentTest#"test_whitequark/pattern_matching__FILE__LINE_literals.txt" =
0.03 s
[ 5564/31251] Prism::MagicCommentTest#"test_whitequark/pattern_matching_blank_else.txt" = 0.02 s
[ 5565/31251] Prism::MagicCommentTest#"test_whitequark/pattern_matching_else.txt" = 0.02 s
[ 5566/31251] Prism::MagicCommentTest#"test_whitequark/pattern_matching_single_line.txt" = 0.03 s
[ 5567/31251] Prism::MagicCommentTest#"test_whitequark/pattern_matching_single_line_allowed_omission
_of_parentheses.txt" = 0.13 s
[ 5568/31251] Prism::MagicCommentTest#"test_whitequark/postexe.txt" = 0.02 s
[ 5569/31251] Prism::MagicCommentTest#"test_whitequark/preexe.txt" = 0.02 s
[ 5570/31251] Prism::MagicCommentTest#"test_whitequark/procarg0.txt" = 0.03 s
[ 5571/31251] Prism::MagicCommentTest#"test_whitequark/range_exclusive.txt" = 0.02 s
[ 5572/31251] Prism::MagicCommentTest#"test_whitequark/range_inclusive.txt" = 0.02 s
[ 5573/31251] Prism::MagicCommentTest#"test_whitequark/rational.txt" = 0.02 s
[ 5574/31251] Prism::MagicCommentTest#"test_whitequark/regex_interp.txt" = 0.02 s
[ 5575/31251] Prism::MagicCommentTest#"test_whitequark/regex_plain.txt" = 0.02 s
[ 5576/31251] Prism::MagicCommentTest#"test_whitequark/resbody_list.txt" = 0.02 s
[ 5577/31251] Prism::MagicCommentTest#"test_whitequark/resbody_list_mrhs.txt" = 0.02 s
[ 5578/31251] Prism::MagicCommentTest#"test_whitequark/resbody_list_var.txt" = 0.02 s
[ 5579/31251] Prism::MagicCommentTest#"test_whitequark/resbody_var.txt" = 0.03 s
[ 5580/31251] Prism::MagicCommentTest#"test_whitequark/rescue.txt" = 0.02 s
[ 5581/31251] Prism::MagicCommentTest#"test_whitequark/rescue_else.txt" = 0.02 s
[ 5582/31251] Prism::MagicCommentTest#"test_whitequark/rescue_else_ensure.txt" = 0.03 s
[ 5583/31251] Prism::MagicCommentTest#"test_whitequark/rescue_ensure.txt" = 0.02 s
[ 5584/31251] Prism::MagicCommentTest#"test_whitequark/rescue_in_lambda_block.txt" = 0.02 s
[ 5585/31251] Prism::MagicCommentTest#"test_whitequark/rescue_mod.txt" = 0.02 s
[ 5586/31251] Prism::MagicCommentTest#"test_whitequark/rescue_mod_asgn.txt" = 0.02 s
[ 5587/31251] Prism::MagicCommentTest#"test_whitequark/rescue_mod_masgn.txt" = 0.02 s
[ 5588/31251] Prism::MagicCommentTest#"test_whitequark/rescue_mod_op_assign.txt" = 0.02 s
[ 5589/31251] Prism::MagicCommentTest#"test_whitequark/rescue_without_begin_end.txt" = 0.02 s
[ 5590/31251] Prism::MagicCommentTest#"test_whitequark/restarg_named.txt" = 0.02 s
[ 5591/31251] Prism::MagicCommentTest#"test_whitequark/restarg_unnamed.txt" = 0.02 s
[ 5592/31251] Prism::MagicCommentTest#"test_whitequark/return.txt" = 0.03 s
[ 5593/31251] Prism::MagicCommentTest#"test_whitequark/return_block.txt" = 0.02 s
[ 5594/31251] Prism::MagicCommentTest#"test_whitequark/ruby_bug_10279.txt" = 0.02 s
[ 5595/31251] Prism::MagicCommentTest#"test_whitequark/ruby_bug_10653.txt" = 0.04 s
[ 5596/31251] Prism::MagicCommentTest#"test_whitequark/ruby_bug_11107.txt" = 0.02 s
[ 5597/31251] Prism::MagicCommentTest#"test_whitequark/ruby_bug_11380.txt" = 0.02 s
[ 5598/31251] Prism::MagicCommentTest#"test_whitequark/ruby_bug_11873.txt" = 0.14 s
[ 5599/31251] Prism::MagicCommentTest#"test_whitequark/ruby_bug_11873_a.txt" = 0.21 s
[ 5600/31251] Prism::MagicCommentTest#"test_whitequark/ruby_bug_11873_b.txt" = 0.03 s
[ 5601/31251] Prism::MagicCommentTest#"test_whitequark/ruby_bug_11989.txt" = 0.02 s
[ 5602/31251] Prism::MagicCommentTest#"test_whitequark/ruby_bug_11990.txt" = 0.02 s
[ 5603/31251] Prism::MagicCommentTest#"test_whitequark/ruby_bug_12073.txt" = 0.03 s
[ 5604/31251] Prism::MagicCommentTest#"test_whitequark/ruby_bug_12402.txt" = 0.11 s
[ 5605/31251] Prism::MagicCommentTest#"test_whitequark/ruby_bug_12669.txt" = 0.04 s
[ 5606/31251] Prism::MagicCommentTest#"test_whitequark/ruby_bug_12686.txt" = 0.02 s
[ 5607/31251] Prism::MagicCommentTest#"test_whitequark/ruby_bug_13547.txt" = 0.02 s
[ 5608/31251] Prism::MagicCommentTest#"test_whitequark/ruby_bug_14690.txt" = 0.02 s
[ 5609/31251] Prism::MagicCommentTest#"test_whitequark/ruby_bug_15789.txt" = 0.03 s
[ 5610/31251] Prism::MagicCommentTest#"test_whitequark/ruby_bug_9669.txt" = 0.03 s
[ 5611/31251] Prism::MagicCommentTest#"test_whitequark/sclass.txt" = 0.02 s
[ 5612/31251] Prism::MagicCommentTest#"test_whitequark/self.txt" = 0.01 s
[ 5613/31251] Prism::MagicCommentTest#"test_whitequark/send_attr_asgn.txt" = 0.03 s
[ 5614/31251] Prism::MagicCommentTest#"test_whitequark/send_attr_asgn_conditional.txt" = 0.02 s
[ 5615/31251] Prism::MagicCommentTest#"test_whitequark/send_binary_op.txt" = 0.09 s
[ 5616/31251] Prism::MagicCommentTest#"test_whitequark/send_block_chain_cmd.txt" = 0.07 s
[ 5617/31251] Prism::MagicCommentTest#"test_whitequark/send_block_conditional.txt" = 0.02 s
[ 5618/31251] Prism::MagicCommentTest#"test_whitequark/send_call.txt" = 0.02 s
[ 5619/31251] Prism::MagicCommentTest#"test_whitequark/send_conditional.txt" = 0.02 s
[ 5620/31251] Prism::MagicCommentTest#"test_whitequark/send_index.txt" = 0.02 s
[ 5621/31251] Prism::MagicCommentTest#"test_whitequark/send_index_asgn.txt" = 0.02 s
[ 5622/31251] Prism::MagicCommentTest#"test_whitequark/send_index_asgn_legacy.txt" = 0.02 s
[ 5623/31251] Prism::MagicCommentTest#"test_whitequark/send_index_cmd.txt" = 0.02 s
[ 5624/31251] Prism::MagicCommentTest#"test_whitequark/send_index_legacy.txt" = 0.02 s
[ 5625/31251] Prism::MagicCommentTest#"test_whitequark/send_lambda.txt" = 0.02 s
[ 5626/31251] Prism::MagicCommentTest#"test_whitequark/send_lambda_args.txt" = 0.02 s
[ 5627/31251] Prism::MagicCommentTest#"test_whitequark/send_lambda_args_noparen.txt" = 0.02 s
[ 5628/31251] Prism::MagicCommentTest#"test_whitequark/send_lambda_args_shadow.txt" = 0.02 s
[ 5629/31251] Prism::MagicCommentTest#"test_whitequark/send_lambda_legacy.txt" = 0.02 s
[ 5630/31251] Prism::MagicCommentTest#"test_whitequark/send_op_asgn_conditional.txt" = 0.02 s
[ 5631/31251] Prism::MagicCommentTest#"test_whitequark/send_plain.txt" = 0.02 s
[ 5632/31251] Prism::MagicCommentTest#"test_whitequark/send_plain_cmd.txt" = 0.03 s
[ 5633/31251] Prism::MagicCommentTest#"test_whitequark/send_self.txt" = 0.02 s
[ 5634/31251] Prism::MagicCommentTest#"test_whitequark/send_self_block.txt" = 0.03 s
[ 5635/31251] Prism::MagicCommentTest#"test_whitequark/send_unary_op.txt" = 0.02 s
[ 5636/31251] Prism::MagicCommentTest#"test_whitequark/slash_newline_in_heredocs.txt" = 0.02 s
[ 5637/31251] Prism::MagicCommentTest#"test_whitequark/space_args_arg.txt" = 0.02 s
[ 5638/31251] Prism::MagicCommentTest#"test_whitequark/space_args_arg_block.txt" = 0.03 s
[ 5639/31251] Prism::MagicCommentTest#"test_whitequark/space_args_arg_call.txt" = 0.02 s
[ 5640/31251] Prism::MagicCommentTest#"test_whitequark/space_args_arg_newline.txt" = 0.02 s
[ 5641/31251] Prism::MagicCommentTest#"test_whitequark/space_args_block.txt" = 0.02 s
[ 5642/31251] Prism::MagicCommentTest#"test_whitequark/space_args_cmd.txt" = 0.02 s
[ 5643/31251] Prism::MagicCommentTest#"test_whitequark/string___FILE__.txt" = 0.01 s
[ 5644/31251] Prism::MagicCommentTest#"test_whitequark/string_concat.txt" = 0.02 s
[ 5645/31251] Prism::MagicCommentTest#"test_whitequark/string_dvar.txt" = 0.02 s
[ 5646/31251] Prism::MagicCommentTest#"test_whitequark/string_interp.txt" = 0.02 s
[ 5647/31251] Prism::MagicCommentTest#"test_whitequark/string_plain.txt" = 0.02 s
[ 5648/31251] Prism::MagicCommentTest#"test_whitequark/super.txt" = 0.02 s
[ 5649/31251] Prism::MagicCommentTest#"test_whitequark/super_block.txt" = 0.02 s
[ 5650/31251] Prism::MagicCommentTest#"test_whitequark/symbol_interp.txt" = 0.02 s
[ 5651/31251] Prism::MagicCommentTest#"test_whitequark/symbol_plain.txt" = 0.02 s
[ 5652/31251] Prism::MagicCommentTest#"test_whitequark/ternary.txt" = 0.02 s
[ 5653/31251] Prism::MagicCommentTest#"test_whitequark/ternary_ambiguous_symbol.txt" = 0.02 s
[ 5654/31251] Prism::MagicCommentTest#"test_whitequark/trailing_forward_arg.txt" = 0.03 s
[ 5655/31251] Prism::MagicCommentTest#"test_whitequark/true.txt" = 0.01 s
[ 5656/31251] Prism::MagicCommentTest#"test_whitequark/unary_num_pow_precedence.txt" = 0.12 s
[ 5657/31251] Prism::MagicCommentTest#"test_whitequark/undef.txt" = 0.02 s
[ 5658/31251] Prism::MagicCommentTest#"test_whitequark/unless.txt" = 0.02 s
[ 5659/31251] Prism::MagicCommentTest#"test_whitequark/unless_else.txt" = 0.03 s
[ 5660/31251] Prism::MagicCommentTest#"test_whitequark/unless_mod.txt" = 0.02 s
[ 5661/31251] Prism::MagicCommentTest#"test_whitequark/until.txt" = 0.02 s
[ 5662/31251] Prism::MagicCommentTest#"test_whitequark/until_mod.txt" = 0.02 s
[ 5663/31251] Prism::MagicCommentTest#"test_whitequark/until_post.txt" = 0.02 s
[ 5664/31251] Prism::MagicCommentTest#"test_whitequark/var_and_asgn.txt" = 0.02 s
[ 5665/31251] Prism::MagicCommentTest#"test_whitequark/var_op_asgn.txt" = 0.03 s
[ 5666/31251] Prism::MagicCommentTest#"test_whitequark/var_op_asgn_cmd.txt" = 0.02 s
[ 5667/31251] Prism::MagicCommentTest#"test_whitequark/var_or_asgn.txt" = 0.13 s
[ 5668/31251] Prism::MagicCommentTest#"test_whitequark/when_multi.txt" = 0.02 s
[ 5669/31251] Prism::MagicCommentTest#"test_whitequark/when_splat.txt" = 0.03 s
[ 5670/31251] Prism::MagicCommentTest#"test_whitequark/when_then.txt" = 0.02 s
[ 5671/31251] Prism::MagicCommentTest#"test_whitequark/while.txt" = 0.02 s
[ 5672/31251] Prism::MagicCommentTest#"test_whitequark/while_mod.txt" = 0.02 s
[ 5673/31251] Prism::MagicCommentTest#"test_whitequark/while_post.txt" = 0.02 s
[ 5674/31251] Prism::MagicCommentTest#"test_whitequark/xstring_interp.txt" = 0.02 s
[ 5675/31251] Prism::MagicCommentTest#"test_whitequark/xstring_plain.txt" = 0.02 s
[ 5676/31251] Prism::MagicCommentTest#"test_whitequark/zsuper.txt" = 0.01 s
[ 5677/31251] Prism::MagicCommentTest#"test_xstring.txt" = 0.03 s
[ 5678/31251] Prism::MagicCommentTest#"test_xstring_with_backslash.txt" = 0.01 s
[ 5679/31251] Prism::MagicCommentTest#"test_yield.txt" = 0.04 s
[ 5680/31251] Prism::NewlineOffsetsTest#"test_alias.txt" = 0.04 s
[ 5681/31251] Prism::NewlineOffsetsTest#"test_arithmetic.txt" = 0.03 s
[ 5682/31251] Prism::NewlineOffsetsTest#"test_arrays.txt" = 0.17 s
[ 5683/31251] Prism::NewlineOffsetsTest#"test_begin_ensure.txt" = 0.04 s
[ 5684/31251] Prism::NewlineOffsetsTest#"test_begin_rescue.txt" = 0.09 s
[ 5685/31251] Prism::NewlineOffsetsTest#"test_blocks.txt" = 0.08 s
[ 5686/31251] Prism::NewlineOffsetsTest#"test_boolean_operators.txt" = 0.02 s
[ 5687/31251] Prism::NewlineOffsetsTest#"test_booleans.txt" = 0.02 s
[ 5688/31251] Prism::NewlineOffsetsTest#"test_break.txt" = 0.06 s
[ 5689/31251] Prism::NewlineOffsetsTest#"test_case.txt" = 0.07 s
[ 5690/31251] Prism::NewlineOffsetsTest#"test_classes.txt" = 0.05 s
[ 5691/31251] Prism::NewlineOffsetsTest#"test_command_method_call.txt" = 0.07 s
[ 5692/31251] Prism::NewlineOffsetsTest#"test_comments.txt" = 0.03 s
[ 5693/31251] Prism::NewlineOffsetsTest#"test_constants.txt" = 0.19 s
[ 5694/31251] Prism::NewlineOffsetsTest#"test_dash_heredocs.txt" = 0.06 s
[ 5695/31251] Prism::NewlineOffsetsTest#"test_defined.txt" = 0.03 s
[ 5696/31251] Prism::NewlineOffsetsTest#"test_dos_endings.txt" = 0.03 s
[ 5697/31251] Prism::NewlineOffsetsTest#"test_dstring.txt" = 0.03 s
[ 5698/31251] Prism::NewlineOffsetsTest#"test_dsym_str.txt" = 0.01 s
[ 5699/31251] Prism::NewlineOffsetsTest#"test_embdoc_no_newline_at_end.txt" = 0.01 s
[ 5700/31251] Prism::NewlineOffsetsTest#"test_emoji_method_calls.txt" = 0.01 s
[ 5701/31251] Prism::NewlineOffsetsTest#"test_endless_methods.txt" = 0.02 s
[ 5702/31251] Prism::NewlineOffsetsTest#"test_endless_range_in_conditional.txt" = 0.02 s
[ 5703/31251] Prism::NewlineOffsetsTest#"test_for.txt" = 0.04 s
[ 5704/31251] Prism::NewlineOffsetsTest#"test_global_variables.txt" = 0.09 s
[ 5705/31251] Prism::NewlineOffsetsTest#"test_hashes.txt" = 0.05 s
[ 5706/31251] Prism::NewlineOffsetsTest#"test_heredoc.txt" = 0.01 s
[ 5707/31251] Prism::NewlineOffsetsTest#"test_heredoc_with_carriage_returns.txt" = 0.01 s
[ 5708/31251] Prism::NewlineOffsetsTest#"test_heredoc_with_comment.txt" = 0.01 s
[ 5709/31251] Prism::NewlineOffsetsTest#"test_heredoc_with_escaped_newline_at_start.txt" = 0.02 s
[ 5710/31251] Prism::NewlineOffsetsTest#"test_heredoc_with_trailing_newline.txt" = 0.01 s
[ 5711/31251] Prism::NewlineOffsetsTest#"test_heredocs_leading_whitespace.txt" = 0.03 s
[ 5712/31251] Prism::NewlineOffsetsTest#"test_heredocs_nested.txt" = 0.03 s
[ 5713/31251] Prism::NewlineOffsetsTest#"test_heredocs_with_ignored_newlines.txt" = 0.02 s
[ 5714/31251] Prism::NewlineOffsetsTest#"test_heredocs_with_ignored_newlines_and_non_empty.txt" = 0.
01 s
[ 5715/31251] Prism::NewlineOffsetsTest#"test_if.txt" = 0.07 s
[ 5716/31251] Prism::NewlineOffsetsTest#"test_indented_file_end.txt" = 0.02 s
[ 5717/31251] Prism::NewlineOffsetsTest#"test_integer_operations.txt" = 0.09 s
[ 5718/31251] Prism::NewlineOffsetsTest#"test_it_indirect_writes.txt" = 0.05 s
[ 5719/31251] Prism::NewlineOffsetsTest#"test_keyword_method_names.txt" = 0.03 s
[ 5720/31251] Prism::NewlineOffsetsTest#"test_keywords.txt" = 0.02 s
[ 5721/31251] Prism::NewlineOffsetsTest#"test_lambda.txt" = 0.04 s
[ 5722/31251] Prism::NewlineOffsetsTest#"test_method_calls.txt" = 0.22 s
[ 5723/31251] Prism::NewlineOffsetsTest#"test_methods.txt" = 0.21 s
[ 5724/31251] Prism::NewlineOffsetsTest#"test_modules.txt" = 0.03 s
[ 5725/31251] Prism::NewlineOffsetsTest#"test_multi_write.txt" = 0.02 s
[ 5726/31251] Prism::NewlineOffsetsTest#"test_newline_terminated.txt" = 0.04 s
[ 5727/31251] Prism::NewlineOffsetsTest#"test_next.txt" = 0.05 s
[ 5728/31251] Prism::NewlineOffsetsTest#"test_nils.txt" = 0.02 s
[ 5729/31251] Prism::NewlineOffsetsTest#"test_non_alphanumeric_methods.txt" = 0.08 s
[ 5730/31251] Prism::NewlineOffsetsTest#"test_not.txt" = 0.04 s
[ 5731/31251] Prism::NewlineOffsetsTest#"test_numbers.txt" = 0.06 s
[ 5732/31251] Prism::NewlineOffsetsTest#"test_patterns.txt" = 0.42 s
[ 5733/31251] Prism::NewlineOffsetsTest#"test_procs.txt" = 0.05 s
[ 5734/31251] Prism::NewlineOffsetsTest#"test_range_begin_open_exclusive.txt" = 0.01 s
[ 5735/31251] Prism::NewlineOffsetsTest#"test_range_begin_open_inclusive.txt" = 0.01 s
[ 5736/31251] Prism::NewlineOffsetsTest#"test_range_beginless.txt" = 0.02 s
[ 5737/31251] Prism::NewlineOffsetsTest#"test_range_end_open_exclusive.txt" = 0.01 s
[ 5738/31251] Prism::NewlineOffsetsTest#"test_range_end_open_inclusive.txt" = 0.01 s
[ 5739/31251] Prism::NewlineOffsetsTest#"test_ranges.txt" = 0.07 s
[ 5740/31251] Prism::NewlineOffsetsTest#"test_regex.txt" = 0.07 s
[ 5741/31251] Prism::NewlineOffsetsTest#"test_regex_char_width.txt" = 0.02 s
[ 5742/31251] Prism::NewlineOffsetsTest#"test_regex_escape_encoding.txt" = 0.02 s
[ 5743/31251] Prism::NewlineOffsetsTest#"test_repeat_parameters.txt" = 0.06 s
[ 5744/31251] Prism::NewlineOffsetsTest#"test_rescue.txt" = 0.06 s
[ 5745/31251] Prism::NewlineOffsetsTest#"test_rescue_modifier.txt" = 0.03 s
[ 5746/31251] Prism::NewlineOffsetsTest#"test_return.txt" = 0.04 s
[ 5747/31251] Prism::NewlineOffsetsTest#"test_seattlerb/BEGIN.txt" = 0.01 s
[ 5748/31251] Prism::NewlineOffsetsTest#"test_seattlerb/TestRubyParserShared.txt" = 0.09 s
[ 5749/31251] Prism::NewlineOffsetsTest#"test_seattlerb/__ENCODING__.txt" = 0.01 s
[ 5750/31251] Prism::NewlineOffsetsTest#"test_seattlerb/alias_gvar_backref.txt" = 0.01 s
[ 5751/31251] Prism::NewlineOffsetsTest#"test_seattlerb/alias_resword.txt" = 0.01 s
[ 5752/31251] Prism::NewlineOffsetsTest#"test_seattlerb/and_multi.txt" = 0.02 s
[ 5753/31251] Prism::NewlineOffsetsTest#"test_seattlerb/aref_args_assocs.txt" = 0.01 s
[ 5754/31251] Prism::NewlineOffsetsTest#"test_seattlerb/aref_args_lit_assocs.txt" = 0.01 s
[ 5755/31251] Prism::NewlineOffsetsTest#"test_seattlerb/args_kw_block.txt" = 0.02 s
[ 5756/31251] Prism::NewlineOffsetsTest#"test_seattlerb/array_line_breaks.txt" = 0.02 s
[ 5757/31251] Prism::NewlineOffsetsTest#"test_seattlerb/array_lits_trailing_calls.txt" = 0.02 s
[ 5758/31251] Prism::NewlineOffsetsTest#"test_seattlerb/assoc__bare.txt" = 0.02 s
[ 5759/31251] Prism::NewlineOffsetsTest#"test_seattlerb/assoc_label.txt" = 0.01 s
[ 5760/31251] Prism::NewlineOffsetsTest#"test_seattlerb/attr_asgn_colon_id.txt" = 0.01 s
[ 5761/31251] Prism::NewlineOffsetsTest#"test_seattlerb/attrasgn_array_arg.txt" = 0.02 s
[ 5762/31251] Prism::NewlineOffsetsTest#"test_seattlerb/attrasgn_array_lhs.txt" = 0.02 s
[ 5763/31251] Prism::NewlineOffsetsTest#"test_seattlerb/attrasgn_primary_dot_constant.txt" = 0.01 s
[ 5764/31251] Prism::NewlineOffsetsTest#"test_seattlerb/backticks_interpolation_line.txt" = 0.02 s
[ 5765/31251] Prism::NewlineOffsetsTest#"test_seattlerb/bang_eq.txt" = 0.01 s
[ 5766/31251] Prism::NewlineOffsetsTest#"test_seattlerb/bdot2.txt" = 0.02 s
[ 5767/31251] Prism::NewlineOffsetsTest#"test_seattlerb/bdot3.txt" = 0.02 s
[ 5768/31251] Prism::NewlineOffsetsTest#"test_seattlerb/begin_ensure_no_bodies.txt" = 0.01 s
[ 5769/31251] Prism::NewlineOffsetsTest#"test_seattlerb/begin_rescue_else_ensure_bodies.txt" = 0.02
s
[ 5770/31251] Prism::NewlineOffsetsTest#"test_seattlerb/begin_rescue_else_ensure_no_bodies.txt" = 0.
02 s
[ 5771/31251] Prism::NewlineOffsetsTest#"test_seattlerb/begin_rescue_ensure_no_bodies.txt" = 0.02 s
[ 5772/31251] Prism::NewlineOffsetsTest#"test_seattlerb/block_arg__bare.txt" = 0.01 s
[ 5773/31251] Prism::NewlineOffsetsTest#"test_seattlerb/block_arg_kwsplat.txt" = 0.02 s
[ 5774/31251] Prism::NewlineOffsetsTest#"test_seattlerb/block_arg_opt_arg_block.txt" = 0.02 s
[ 5775/31251] Prism::NewlineOffsetsTest#"test_seattlerb/block_arg_opt_splat.txt" = 0.02 s
[ 5776/31251] Prism::NewlineOffsetsTest#"test_seattlerb/block_arg_opt_splat_arg_block_omfg.txt" = 0.
02 s
[ 5777/31251] Prism::NewlineOffsetsTest#"test_seattlerb/block_arg_optional.txt" = 0.02 s
[ 5778/31251] Prism::NewlineOffsetsTest#"test_seattlerb/block_arg_scope.txt" = 0.02 s
[ 5779/31251] Prism::NewlineOffsetsTest#"test_seattlerb/block_arg_scope2.txt" = 0.02 s
[ 5780/31251] Prism::NewlineOffsetsTest#"test_seattlerb/block_arg_splat_arg.txt" = 0.02 s
[ 5781/31251] Prism::NewlineOffsetsTest#"test_seattlerb/block_args_kwargs.txt" = 0.02 s
[ 5782/31251] Prism::NewlineOffsetsTest#"test_seattlerb/block_args_no_kwargs.txt" = 0.02 s
[ 5783/31251] Prism::NewlineOffsetsTest#"test_seattlerb/block_args_opt1.txt" = 0.02 s
[ 5784/31251] Prism::NewlineOffsetsTest#"test_seattlerb/block_args_opt2.txt" = 0.02 s
[ 5785/31251] Prism::NewlineOffsetsTest#"test_seattlerb/block_args_opt2_2.txt" = 0.02 s
[ 5786/31251] Prism::NewlineOffsetsTest#"test_seattlerb/block_args_opt3.txt" = 0.02 s
[ 5787/31251] Prism::NewlineOffsetsTest#"test_seattlerb/block_call_defn_call_block_call.txt" = 0.02
s
[ 5788/31251] Prism::NewlineOffsetsTest#"test_seattlerb/block_call_dot_op2_brace_block.txt" = 0.02 s
[ 5789/31251] Prism::NewlineOffsetsTest#"test_seattlerb/block_call_dot_op2_cmd_args_do_block.txt" =
0.02 s
[ 5790/31251] Prism::NewlineOffsetsTest#"test_seattlerb/block_call_operation_colon.txt" = 0.02 s
[ 5791/31251] Prism::NewlineOffsetsTest#"test_seattlerb/block_call_operation_dot.txt" = 0.02 s
[ 5792/31251] Prism::NewlineOffsetsTest#"test_seattlerb/block_call_paren_call_block_call.txt" = 0.02
 s
[ 5793/31251] Prism::NewlineOffsetsTest#"test_seattlerb/block_command_operation_colon.txt" = 0.02 s
[ 5794/31251] Prism::NewlineOffsetsTest#"test_seattlerb/block_command_operation_dot.txt" = 0.02 s
[ 5795/31251] Prism::NewlineOffsetsTest#"test_seattlerb/block_decomp_anon_splat_arg.txt" = 0.02 s
[ 5796/31251] Prism::NewlineOffsetsTest#"test_seattlerb/block_decomp_arg_splat.txt" = 0.02 s
[ 5797/31251] Prism::NewlineOffsetsTest#"test_seattlerb/block_decomp_arg_splat_arg.txt" = 0.02 s
[ 5798/31251] Prism::NewlineOffsetsTest#"test_seattlerb/block_decomp_splat.txt" = 0.02 s
[ 5799/31251] Prism::NewlineOffsetsTest#"test_seattlerb/block_kw.txt" = 0.02 s
[ 5800/31251] Prism::NewlineOffsetsTest#"test_seattlerb/block_kw__required.txt" = 0.02 s
[ 5801/31251] Prism::NewlineOffsetsTest#"test_seattlerb/block_kwarg_lvar.txt" = 0.02 s
[ 5802/31251] Prism::NewlineOffsetsTest#"test_seattlerb/block_kwarg_lvar_multiple.txt" = 0.02 s
[ 5803/31251] Prism::NewlineOffsetsTest#"test_seattlerb/block_opt_arg.txt" = 0.02 s
[ 5804/31251] Prism::NewlineOffsetsTest#"test_seattlerb/block_opt_splat.txt" = 0.02 s
[ 5805/31251] Prism::NewlineOffsetsTest#"test_seattlerb/block_opt_splat_arg_block_omfg.txt" = 0.02 s
[ 5806/31251] Prism::NewlineOffsetsTest#"test_seattlerb/block_optarg.txt" = 0.02 s
[ 5807/31251] Prism::NewlineOffsetsTest#"test_seattlerb/block_paren_splat.txt" = 0.02 s
[ 5808/31251] Prism::NewlineOffsetsTest#"test_seattlerb/block_reg_optarg.txt" = 0.02 s
[ 5809/31251] Prism::NewlineOffsetsTest#"test_seattlerb/block_return.txt" = 0.02 s
[ 5810/31251] Prism::NewlineOffsetsTest#"test_seattlerb/block_scope.txt" = 0.01 s
[ 5811/31251] Prism::NewlineOffsetsTest#"test_seattlerb/block_splat_reg.txt" = 0.02 s
[ 5812/31251] Prism::NewlineOffsetsTest#"test_seattlerb/bug169.txt" = 0.01 s
[ 5813/31251] Prism::NewlineOffsetsTest#"test_seattlerb/bug179.txt" = 0.01 s
[ 5814/31251] Prism::NewlineOffsetsTest#"test_seattlerb/bug190.txt" = 0.01 s
[ 5815/31251] Prism::NewlineOffsetsTest#"test_seattlerb/bug191.txt" = 0.02 s
[ 5816/31251] Prism::NewlineOffsetsTest#"test_seattlerb/bug202.txt" = 0.02 s
[ 5817/31251] Prism::NewlineOffsetsTest#"test_seattlerb/bug236.txt" = 0.02 s
[ 5818/31251] Prism::NewlineOffsetsTest#"test_seattlerb/bug290.txt" = 0.02 s
[ 5819/31251] Prism::NewlineOffsetsTest#"test_seattlerb/bug_187.txt" = 0.02 s
[ 5820/31251] Prism::NewlineOffsetsTest#"test_seattlerb/bug_215.txt" = 0.01 s
[ 5821/31251] Prism::NewlineOffsetsTest#"test_seattlerb/bug_249.txt" = 0.02 s
[ 5822/31251] Prism::NewlineOffsetsTest#"test_seattlerb/bug_and.txt" = 0.02 s
[ 5823/31251] Prism::NewlineOffsetsTest#"test_seattlerb/bug_args__19.txt" = 0.02 s
[ 5824/31251] Prism::NewlineOffsetsTest#"test_seattlerb/bug_args_masgn.txt" = 0.02 s
[ 5825/31251] Prism::NewlineOffsetsTest#"test_seattlerb/bug_args_masgn2.txt" = 0.02 s
[ 5826/31251] Prism::NewlineOffsetsTest#"test_seattlerb/bug_args_masgn_outer_parens__19.txt" = 0.02
s
[ 5827/31251] Prism::NewlineOffsetsTest#"test_seattlerb/bug_call_arglist_parens.txt" = 0.02 s
[ 5828/31251] Prism::NewlineOffsetsTest#"test_seattlerb/bug_case_when_regexp.txt" = 0.01 s
[ 5829/31251] Prism::NewlineOffsetsTest#"test_seattlerb/bug_comma.txt" = 0.02 s
[ 5830/31251] Prism::NewlineOffsetsTest#"test_seattlerb/bug_cond_pct.txt" = 0.01 s
[ 5831/31251] Prism::NewlineOffsetsTest#"test_seattlerb/bug_hash_args.txt" = 0.01 s
[ 5832/31251] Prism::NewlineOffsetsTest#"test_seattlerb/bug_hash_args_trailing_comma.txt" = 0.02 s
[ 5833/31251] Prism::NewlineOffsetsTest#"test_seattlerb/bug_hash_interp_array.txt" = 0.02 s
[ 5834/31251] Prism::NewlineOffsetsTest#"test_seattlerb/bug_masgn_right.txt" = 0.02 s
[ 5835/31251] Prism::NewlineOffsetsTest#"test_seattlerb/bug_not_parens.txt" = 0.01 s
[ 5836/31251] Prism::NewlineOffsetsTest#"test_seattlerb/bug_op_asgn_rescue.txt" = 0.01 s
[ 5837/31251] Prism::NewlineOffsetsTest#"test_seattlerb/call_and.txt" = 0.01 s
[ 5838/31251] Prism::NewlineOffsetsTest#"test_seattlerb/call_arg_assoc.txt" = 0.02 s
[ 5839/31251] Prism::NewlineOffsetsTest#"test_seattlerb/call_arg_assoc_kwsplat.txt" = 0.02 s
[ 5840/31251] Prism::NewlineOffsetsTest#"test_seattlerb/call_arg_kwsplat.txt" = 0.02 s
[ 5841/31251] Prism::NewlineOffsetsTest#"test_seattlerb/call_args_assoc_quoted.txt" = 0.02 s
[ 5842/31251] Prism::NewlineOffsetsTest#"test_seattlerb/call_args_assoc_trailing_comma.txt" = 0.02 s
[ 5843/31251] Prism::NewlineOffsetsTest#"test_seattlerb/call_args_command.txt" = 0.02 s
[ 5844/31251] Prism::NewlineOffsetsTest#"test_seattlerb/call_array_arg.txt" = 0.02 s
[ 5845/31251] Prism::NewlineOffsetsTest#"test_seattlerb/call_array_block_call.txt" = 0.02 s
[ 5846/31251] Prism::NewlineOffsetsTest#"test_seattlerb/call_array_lambda_block_call.txt" = 0.02 s
[ 5847/31251] Prism::NewlineOffsetsTest#"test_seattlerb/call_array_lit_inline_hash.txt" = 0.02 s
[ 5848/31251] Prism::NewlineOffsetsTest#"test_seattlerb/call_assoc.txt" = 0.01 s
[ 5849/31251] Prism::NewlineOffsetsTest#"test_seattlerb/call_assoc_new.txt" = 0.01 s
[ 5850/31251] Prism::NewlineOffsetsTest#"test_seattlerb/call_assoc_new_if_multiline.txt" = 0.02 s
[ 5851/31251] Prism::NewlineOffsetsTest#"test_seattlerb/call_assoc_trailing_comma.txt" = 0.02 s
[ 5852/31251] Prism::NewlineOffsetsTest#"test_seattlerb/call_bang_command_call.txt" = 0.02 s
[ 5853/31251] Prism::NewlineOffsetsTest#"test_seattlerb/call_bang_squiggle.txt" = 0.01 s
[ 5854/31251] Prism::NewlineOffsetsTest#"test_seattlerb/call_begin_call_block_call.txt" = 0.02 s
[ 5855/31251] Prism::NewlineOffsetsTest#"test_seattlerb/call_block_arg_named.txt" = 0.01 s
[ 5856/31251] Prism::NewlineOffsetsTest#"test_seattlerb/call_carat.txt" = 0.01 s
[ 5857/31251] Prism::NewlineOffsetsTest#"test_seattlerb/call_colon2.txt" = 0.01 s
[ 5858/31251] Prism::NewlineOffsetsTest#"test_seattlerb/call_colon_parens.txt" = 0.01 s
[ 5859/31251] Prism::NewlineOffsetsTest#"test_seattlerb/call_div.txt" = 0.01 s
[ 5860/31251] Prism::NewlineOffsetsTest#"test_seattlerb/call_dot_parens.txt" = 0.01 s
[ 5861/31251] Prism::NewlineOffsetsTest#"test_seattlerb/call_env.txt" = 0.01 s
[ 5862/31251] Prism::NewlineOffsetsTest#"test_seattlerb/call_eq3.txt" = 0.01 s
[ 5863/31251] Prism::NewlineOffsetsTest#"test_seattlerb/call_gt.txt" = 0.01 s
[ 5864/31251] Prism::NewlineOffsetsTest#"test_seattlerb/call_kwsplat.txt" = 0.01 s
[ 5865/31251] Prism::NewlineOffsetsTest#"test_seattlerb/call_leading_dots.txt" = 0.02 s
[ 5866/31251] Prism::NewlineOffsetsTest#"test_seattlerb/call_leading_dots_comment.txt" = 0.02 s
[ 5867/31251] Prism::NewlineOffsetsTest#"test_seattlerb/call_lt.txt" = 0.02 s
[ 5868/31251] Prism::NewlineOffsetsTest#"test_seattlerb/call_lte.txt" = 0.01 s
[ 5869/31251] Prism::NewlineOffsetsTest#"test_seattlerb/call_not.txt" = 0.01 s
[ 5870/31251] Prism::NewlineOffsetsTest#"test_seattlerb/call_pipe.txt" = 0.01 s
[ 5871/31251] Prism::NewlineOffsetsTest#"test_seattlerb/call_rshift.txt" = 0.01 s
[ 5872/31251] Prism::NewlineOffsetsTest#"test_seattlerb/call_self_brackets.txt" = 0.01 s
[ 5873/31251] Prism::NewlineOffsetsTest#"test_seattlerb/call_spaceship.txt" = 0.02 s
[ 5874/31251] Prism::NewlineOffsetsTest#"test_seattlerb/call_stabby_do_end_with_block.txt" = 0.02 s
[ 5875/31251] Prism::NewlineOffsetsTest#"test_seattlerb/call_stabby_with_braces_block.txt" = 0.02 s
[ 5876/31251] Prism::NewlineOffsetsTest#"test_seattlerb/call_star.txt" = 0.02 s
[ 5877/31251] Prism::NewlineOffsetsTest#"test_seattlerb/call_star2.txt" = 0.01 s
[ 5878/31251] Prism::NewlineOffsetsTest#"test_seattlerb/call_trailing_comma.txt" = 0.01 s
[ 5879/31251] Prism::NewlineOffsetsTest#"test_seattlerb/call_trailing_dots.txt" = 0.02 s
[ 5880/31251] Prism::NewlineOffsetsTest#"test_seattlerb/call_unary_bang.txt" = 0.01 s
[ 5881/31251] Prism::NewlineOffsetsTest#"test_seattlerb/case_in.txt" = 0.14 s
[ 5882/31251] Prism::NewlineOffsetsTest#"test_seattlerb/case_in_31.txt" = 0.02 s
[ 5883/31251] Prism::NewlineOffsetsTest#"test_seattlerb/case_in_37.txt" = 0.02 s
[ 5884/31251] Prism::NewlineOffsetsTest#"test_seattlerb/case_in_42.txt" = 0.02 s
[ 5885/31251] Prism::NewlineOffsetsTest#"test_seattlerb/case_in_42_2.txt" = 0.02 s
[ 5886/31251] Prism::NewlineOffsetsTest#"test_seattlerb/case_in_47.txt" = 0.02 s
[ 5887/31251] Prism::NewlineOffsetsTest#"test_seattlerb/case_in_67.txt" = 0.02 s
[ 5888/31251] Prism::NewlineOffsetsTest#"test_seattlerb/case_in_86.txt" = 0.02 s
[ 5889/31251] Prism::NewlineOffsetsTest#"test_seattlerb/case_in_86_2.txt" = 0.02 s
[ 5890/31251] Prism::NewlineOffsetsTest#"test_seattlerb/case_in_array_pat_const.txt" = 0.02 s
[ 5891/31251] Prism::NewlineOffsetsTest#"test_seattlerb/case_in_array_pat_const2.txt" = 0.02 s
[ 5892/31251] Prism::NewlineOffsetsTest#"test_seattlerb/case_in_array_pat_paren_assign.txt" = 0.02 s
[ 5893/31251] Prism::NewlineOffsetsTest#"test_seattlerb/case_in_const.txt" = 0.02 s
[ 5894/31251] Prism::NewlineOffsetsTest#"test_seattlerb/case_in_else.txt" = 0.02 s
[ 5895/31251] Prism::NewlineOffsetsTest#"test_seattlerb/case_in_find.txt" = 0.02 s
[ 5896/31251] Prism::NewlineOffsetsTest#"test_seattlerb/case_in_find_array.txt" = 0.02 s
[ 5897/31251] Prism::NewlineOffsetsTest#"test_seattlerb/case_in_hash_pat.txt" = 0.02 s
[ 5898/31251] Prism::NewlineOffsetsTest#"test_seattlerb/case_in_hash_pat_assign.txt" = 0.02 s
[ 5899/31251] Prism::NewlineOffsetsTest#"test_seattlerb/case_in_hash_pat_paren_assign.txt" = 0.02 s
[ 5900/31251] Prism::NewlineOffsetsTest#"test_seattlerb/case_in_hash_pat_paren_true.txt" = 0.02 s
[ 5901/31251] Prism::NewlineOffsetsTest#"test_seattlerb/case_in_hash_pat_rest.txt" = 0.02 s
[ 5902/31251] Prism::NewlineOffsetsTest#"test_seattlerb/case_in_hash_pat_rest_solo.txt" = 0.02 s
[ 5903/31251] Prism::NewlineOffsetsTest#"test_seattlerb/case_in_if_unless_post_mod.txt" = 0.02 s
[ 5904/31251] Prism::NewlineOffsetsTest#"test_seattlerb/case_in_multiple.txt" = 0.02 s
[ 5905/31251] Prism::NewlineOffsetsTest#"test_seattlerb/case_in_or.txt" = 0.02 s
[ 5906/31251] Prism::NewlineOffsetsTest#"test_seattlerb/class_comments.txt" = 0.02 s
[ 5907/31251] Prism::NewlineOffsetsTest#"test_seattlerb/cond_unary_minus.txt" = 0.01 s
[ 5908/31251] Prism::NewlineOffsetsTest#"test_seattlerb/const_2_op_asgn_or2.txt" = 0.01 s
[ 5909/31251] Prism::NewlineOffsetsTest#"test_seattlerb/const_3_op_asgn_or.txt" = 0.01 s
[ 5910/31251] Prism::NewlineOffsetsTest#"test_seattlerb/const_op_asgn_and1.txt" = 0.01 s
[ 5911/31251] Prism::NewlineOffsetsTest#"test_seattlerb/const_op_asgn_and2.txt" = 0.01 s
[ 5912/31251] Prism::NewlineOffsetsTest#"test_seattlerb/const_op_asgn_or.txt" = 0.01 s
[ 5913/31251] Prism::NewlineOffsetsTest#"test_seattlerb/defined_eh_parens.txt" = 0.01 s
[ 5914/31251] Prism::NewlineOffsetsTest#"test_seattlerb/defn_arg_asplat_arg.txt" = 0.01 s
[ 5915/31251] Prism::NewlineOffsetsTest#"test_seattlerb/defn_arg_forward_args.txt" = 0.02 s
[ 5916/31251] Prism::NewlineOffsetsTest#"test_seattlerb/defn_args_forward_args.txt" = 0.02 s
[ 5917/31251] Prism::NewlineOffsetsTest#"test_seattlerb/defn_comments.txt" = 0.02 s
[ 5918/31251] Prism::NewlineOffsetsTest#"test_seattlerb/defn_endless_command.txt" = 0.01 s
[ 5919/31251] Prism::NewlineOffsetsTest#"test_seattlerb/defn_endless_command_rescue.txt" = 0.02 s
[ 5920/31251] Prism::NewlineOffsetsTest#"test_seattlerb/defn_forward_args.txt" = 0.02 s
[ 5921/31251] Prism::NewlineOffsetsTest#"test_seattlerb/defn_forward_args__no_parens.txt" = 0.02 s
[ 5922/31251] Prism::NewlineOffsetsTest#"test_seattlerb/defn_kwarg_env.txt" = 0.13 s
[ 5923/31251] Prism::NewlineOffsetsTest#"test_seattlerb/defn_kwarg_kwarg.txt" = 0.02 s
[ 5924/31251] Prism::NewlineOffsetsTest#"test_seattlerb/defn_kwarg_kwsplat.txt" = 0.01 s
[ 5925/31251] Prism::NewlineOffsetsTest#"test_seattlerb/defn_kwarg_kwsplat_anon.txt" = 0.02 s
[ 5926/31251] Prism::NewlineOffsetsTest#"test_seattlerb/defn_kwarg_lvar.txt" = 0.02 s
[ 5927/31251] Prism::NewlineOffsetsTest#"test_seattlerb/defn_kwarg_no_parens.txt" = 0.02 s
[ 5928/31251] Prism::NewlineOffsetsTest#"test_seattlerb/defn_kwarg_val.txt" = 0.02 s
[ 5929/31251] Prism::NewlineOffsetsTest#"test_seattlerb/defn_no_kwargs.txt" = 0.02 s
[ 5930/31251] Prism::NewlineOffsetsTest#"test_seattlerb/defn_oneliner.txt" = 0.02 s
[ 5931/31251] Prism::NewlineOffsetsTest#"test_seattlerb/defn_oneliner_eq2.txt" = 0.02 s
[ 5932/31251] Prism::NewlineOffsetsTest#"test_seattlerb/defn_oneliner_noargs.txt" = 0.01 s
[ 5933/31251] Prism::NewlineOffsetsTest#"test_seattlerb/defn_oneliner_noargs_parentheses.txt" = 0.01
 s
[ 5934/31251] Prism::NewlineOffsetsTest#"test_seattlerb/defn_oneliner_rescue.txt" = 0.14 s
[ 5935/31251] Prism::NewlineOffsetsTest#"test_seattlerb/defn_opt_last_arg.txt" = 0.02 s
[ 5936/31251] Prism::NewlineOffsetsTest#"test_seattlerb/defn_opt_reg.txt" = 0.02 s
[ 5937/31251] Prism::NewlineOffsetsTest#"test_seattlerb/defn_opt_splat_arg.txt" = 0.02 s
[ 5938/31251] Prism::NewlineOffsetsTest#"test_seattlerb/defn_powarg.txt" = 0.01 s
[ 5939/31251] Prism::NewlineOffsetsTest#"test_seattlerb/defn_reg_opt_reg.txt" = 0.02 s
[ 5940/31251] Prism::NewlineOffsetsTest#"test_seattlerb/defn_splat_arg.txt" = 0.01 s
[ 5941/31251] Prism::NewlineOffsetsTest#"test_seattlerb/defn_unary_not.txt" = 0.01 s
[ 5942/31251] Prism::NewlineOffsetsTest#"test_seattlerb/defns_reserved.txt" = 0.01 s
[ 5943/31251] Prism::NewlineOffsetsTest#"test_seattlerb/defs_as_arg_with_do_block_inside.txt" = 0.02
 s
[ 5944/31251] Prism::NewlineOffsetsTest#"test_seattlerb/defs_comments.txt" = 0.02 s
[ 5945/31251] Prism::NewlineOffsetsTest#"test_seattlerb/defs_endless_command.txt" = 0.02 s
[ 5946/31251] Prism::NewlineOffsetsTest#"test_seattlerb/defs_endless_command_rescue.txt" = 0.02 s
[ 5947/31251] Prism::NewlineOffsetsTest#"test_seattlerb/defs_kwarg.txt" = 0.02 s
[ 5948/31251] Prism::NewlineOffsetsTest#"test_seattlerb/defs_oneliner.txt" = 0.02 s
[ 5949/31251] Prism::NewlineOffsetsTest#"test_seattlerb/defs_oneliner_eq2.txt" = 0.02 s
[ 5950/31251] Prism::NewlineOffsetsTest#"test_seattlerb/defs_oneliner_rescue.txt" = 0.03 s
[ 5951/31251] Prism::NewlineOffsetsTest#"test_seattlerb/difficult0_.txt" = 0.02 s
[ 5952/31251] Prism::NewlineOffsetsTest#"test_seattlerb/difficult1_line_numbers.txt" = 0.04 s
[ 5953/31251] Prism::NewlineOffsetsTest#"test_seattlerb/difficult1_line_numbers2.txt" = 0.02 s
[ 5954/31251] Prism::NewlineOffsetsTest#"test_seattlerb/difficult2_.txt" = 0.02 s
[ 5955/31251] Prism::NewlineOffsetsTest#"test_seattlerb/difficult3_.txt" = 0.02 s
[ 5956/31251] Prism::NewlineOffsetsTest#"test_seattlerb/difficult3_2.txt" = 0.02 s
[ 5957/31251] Prism::NewlineOffsetsTest#"test_seattlerb/difficult3_3.txt" = 0.02 s
[ 5958/31251] Prism::NewlineOffsetsTest#"test_seattlerb/difficult3_4.txt" = 0.02 s
[ 5959/31251] Prism::NewlineOffsetsTest#"test_seattlerb/difficult3_5.txt" = 0.02 s
[ 5960/31251] Prism::NewlineOffsetsTest#"test_seattlerb/difficult3__10.txt" = 0.02 s
[ 5961/31251] Prism::NewlineOffsetsTest#"test_seattlerb/difficult3__11.txt" = 0.02 s
[ 5962/31251] Prism::NewlineOffsetsTest#"test_seattlerb/difficult3__12.txt" = 0.02 s
[ 5963/31251] Prism::NewlineOffsetsTest#"test_seattlerb/difficult3__6.txt" = 0.02 s
[ 5964/31251] Prism::NewlineOffsetsTest#"test_seattlerb/difficult3__7.txt" = 0.02 s
[ 5965/31251] Prism::NewlineOffsetsTest#"test_seattlerb/difficult3__8.txt" = 0.02 s
[ 5966/31251] Prism::NewlineOffsetsTest#"test_seattlerb/difficult3__9.txt" = 0.02 s
[ 5967/31251] Prism::NewlineOffsetsTest#"test_seattlerb/difficult4__leading_dots.txt" = 0.02 s
[ 5968/31251] Prism::NewlineOffsetsTest#"test_seattlerb/difficult4__leading_dots2.txt" = 0.02 s
[ 5969/31251] Prism::NewlineOffsetsTest#"test_seattlerb/difficult6_.txt" = 0.02 s
[ 5970/31251] Prism::NewlineOffsetsTest#"test_seattlerb/difficult6__7.txt" = 0.02 s
[ 5971/31251] Prism::NewlineOffsetsTest#"test_seattlerb/difficult6__8.txt" = 0.02 s
[ 5972/31251] Prism::NewlineOffsetsTest#"test_seattlerb/difficult7_.txt" = 0.02 s
[ 5973/31251] Prism::NewlineOffsetsTest#"test_seattlerb/do_bug.txt" = 0.02 s
[ 5974/31251] Prism::NewlineOffsetsTest#"test_seattlerb/do_lambda.txt" = 0.01 s
[ 5975/31251] Prism::NewlineOffsetsTest#"test_seattlerb/dot2_nil__26.txt" = 0.01 s
[ 5976/31251] Prism::NewlineOffsetsTest#"test_seattlerb/dot3_nil__26.txt" = 0.02 s
[ 5977/31251] Prism::NewlineOffsetsTest#"test_seattlerb/dstr_evstr.txt" = 0.02 s
[ 5978/31251] Prism::NewlineOffsetsTest#"test_seattlerb/dstr_evstr_empty_end.txt" = 0.01 s
[ 5979/31251] Prism::NewlineOffsetsTest#"test_seattlerb/dstr_lex_state.txt" = 0.02 s
[ 5980/31251] Prism::NewlineOffsetsTest#"test_seattlerb/dstr_str.txt" = 0.02 s
[ 5981/31251] Prism::NewlineOffsetsTest#"test_seattlerb/dsym_esc_to_sym.txt" = 0.02 s
[ 5982/31251] Prism::NewlineOffsetsTest#"test_seattlerb/dsym_to_sym.txt" = 0.02 s
[ 5983/31251] Prism::NewlineOffsetsTest#"test_seattlerb/eq_begin_line_numbers.txt" = 0.02 s
[ 5984/31251] Prism::NewlineOffsetsTest#"test_seattlerb/eq_begin_why_wont_people_use_their_spacebar.
txt" = 0.02 s
[ 5985/31251] Prism::NewlineOffsetsTest#"test_seattlerb/evstr_evstr.txt" = 0.02 s
[ 5986/31251] Prism::NewlineOffsetsTest#"test_seattlerb/evstr_str.txt" = 0.01 s
[ 5987/31251] Prism::NewlineOffsetsTest#"test_seattlerb/expr_not_bang.txt" = 0.02 s
[ 5988/31251] Prism::NewlineOffsetsTest#"test_seattlerb/f_kw.txt" = 0.02 s
[ 5989/31251] Prism::NewlineOffsetsTest#"test_seattlerb/f_kw__required.txt" = 0.02 s
[ 5990/31251] Prism::NewlineOffsetsTest#"test_seattlerb/flip2_env_lvar.txt" = 0.02 s
[ 5991/31251] Prism::NewlineOffsetsTest#"test_seattlerb/float_with_if_modifier.txt" = 0.01 s
[ 5992/31251] Prism::NewlineOffsetsTest#"test_seattlerb/heredoc__backslash_dos_format.txt" = 0.02 s
[ 5993/31251] Prism::NewlineOffsetsTest#"test_seattlerb/heredoc_backslash_nl.txt" = 0.02 s
[ 5994/31251] Prism::NewlineOffsetsTest#"test_seattlerb/heredoc_bad_hex_escape.txt" = 0.01 s
[ 5995/31251] Prism::NewlineOffsetsTest#"test_seattlerb/heredoc_bad_oct_escape.txt" = 0.02 s
[ 5996/31251] Prism::NewlineOffsetsTest#"test_seattlerb/heredoc_comma_arg.txt" = 0.02 s
[ 5997/31251] Prism::NewlineOffsetsTest#"test_seattlerb/heredoc_lineno.txt" = 0.02 s
[ 5998/31251] Prism::NewlineOffsetsTest#"test_seattlerb/heredoc_nested.txt" = 0.02 s
[ 5999/31251] Prism::NewlineOffsetsTest#"test_seattlerb/heredoc_squiggly.txt" = 0.02 s
[ 6000/31251] Prism::NewlineOffsetsTest#"test_seattlerb/heredoc_squiggly_blank_line_plus_interpolati
on.txt" = 0.02 s
[ 6001/31251] Prism::NewlineOffsetsTest#"test_seattlerb/heredoc_squiggly_blank_lines.txt" = 0.02 s
[ 6002/31251] Prism::NewlineOffsetsTest#"test_seattlerb/heredoc_squiggly_empty.txt" = 0.02 s
[ 6003/31251] Prism::NewlineOffsetsTest#"test_seattlerb/heredoc_squiggly_interp.txt" = 0.02 s
[ 6004/31251] Prism::NewlineOffsetsTest#"test_seattlerb/heredoc_squiggly_no_indent.txt" = 0.02 s
[ 6005/31251] Prism::NewlineOffsetsTest#"test_seattlerb/heredoc_squiggly_tabs.txt" = 0.02 s
[ 6006/31251] Prism::NewlineOffsetsTest#"test_seattlerb/heredoc_squiggly_tabs_extra.txt" = 0.02 s
[ 6007/31251] Prism::NewlineOffsetsTest#"test_seattlerb/heredoc_squiggly_visually_blank_lines.txt" =
 0.02 s
[ 6008/31251] Prism::NewlineOffsetsTest#"test_seattlerb/heredoc_trailing_slash_continued_call.txt" =
 0.02 s
[ 6009/31251] Prism::NewlineOffsetsTest#"test_seattlerb/heredoc_unicode.txt" = 0.02 s
[ 6010/31251] Prism::NewlineOffsetsTest#"test_seattlerb/heredoc_with_carriage_return_escapes.txt" =
0.02 s
[ 6011/31251] Prism::NewlineOffsetsTest#"test_seattlerb/heredoc_with_carriage_return_escapes_windows
.txt" = 0.02 s
[ 6012/31251] Prism::NewlineOffsetsTest#"test_seattlerb/heredoc_with_extra_carriage_horrible_mix.txt
" = 0.02 s
[ 6013/31251] Prism::NewlineOffsetsTest#"test_seattlerb/heredoc_with_extra_carriage_returns.txt" = 0
.02 s
[ 6014/31251] Prism::NewlineOffsetsTest#"test_seattlerb/heredoc_with_extra_carriage_returns_windows.
txt" = 0.02 s
[ 6015/31251] Prism::NewlineOffsetsTest#"test_seattlerb/heredoc_with_interpolation_and_carriage_retu
rn_escapes.txt" = 0.02 s
[ 6016/31251] Prism::NewlineOffsetsTest#"test_seattlerb/heredoc_with_interpolation_and_carriage_retu
rn_escapes_windows.txt" = 0.02 s
[ 6017/31251] Prism::NewlineOffsetsTest#"test_seattlerb/heredoc_with_not_global_interpolation.txt" =
 0.01 s
[ 6018/31251] Prism::NewlineOffsetsTest#"test_seattlerb/heredoc_with_only_carriage_returns.txt" = 0.
02 s
[ 6019/31251] Prism::NewlineOffsetsTest#"test_seattlerb/heredoc_with_only_carriage_returns_windows.t
xt" = 0.02 s
[ 6020/31251] Prism::NewlineOffsetsTest#"test_seattlerb/if_elsif.txt" = 0.02 s
[ 6021/31251] Prism::NewlineOffsetsTest#"test_seattlerb/if_symbol.txt" = 0.01 s
[ 6022/31251] Prism::NewlineOffsetsTest#"test_seattlerb/in_expr_no_case.txt" = 0.01 s
[ 6023/31251] Prism::NewlineOffsetsTest#"test_seattlerb/index_0.txt" = 0.01 s
[ 6024/31251] Prism::NewlineOffsetsTest#"test_seattlerb/index_0_opasgn.txt" = 0.01 s
[ 6025/31251] Prism::NewlineOffsetsTest#"test_seattlerb/integer_with_if_modifier.txt" = 0.01 s
[ 6026/31251] Prism::NewlineOffsetsTest#"test_seattlerb/interpolated_symbol_array_line_breaks.txt" =
 0.02 s
[ 6027/31251] Prism::NewlineOffsetsTest#"test_seattlerb/interpolated_word_array_line_breaks.txt" = 0
.02 s
[ 6028/31251] Prism::NewlineOffsetsTest#"test_seattlerb/iter_args_1.txt" = 0.01 s
[ 6029/31251] Prism::NewlineOffsetsTest#"test_seattlerb/iter_args_10_1.txt" = 0.02 s
[ 6030/31251] Prism::NewlineOffsetsTest#"test_seattlerb/iter_args_10_2.txt" = 0.02 s
[ 6031/31251] Prism::NewlineOffsetsTest#"test_seattlerb/iter_args_11_1.txt" = 0.02 s
[ 6032/31251] Prism::NewlineOffsetsTest#"test_seattlerb/iter_args_11_2.txt" = 0.02 s
[ 6033/31251] Prism::NewlineOffsetsTest#"test_seattlerb/iter_args_2__19.txt" = 0.02 s
[ 6034/31251] Prism::NewlineOffsetsTest#"test_seattlerb/iter_args_3.txt" = 0.02 s
[ 6035/31251] Prism::NewlineOffsetsTest#"test_seattlerb/iter_args_4.txt" = 0.02 s
[ 6036/31251] Prism::NewlineOffsetsTest#"test_seattlerb/iter_args_5.txt" = 0.01 s
[ 6037/31251] Prism::NewlineOffsetsTest#"test_seattlerb/iter_args_6.txt" = 0.02 s
[ 6038/31251] Prism::NewlineOffsetsTest#"test_seattlerb/iter_args_7_1.txt" = 0.02 s
[ 6039/31251] Prism::NewlineOffsetsTest#"test_seattlerb/iter_args_7_2.txt" = 0.02 s
[ 6040/31251] Prism::NewlineOffsetsTest#"test_seattlerb/iter_args_8_1.txt" = 0.02 s
[ 6041/31251] Prism::NewlineOffsetsTest#"test_seattlerb/iter_args_8_2.txt" = 0.02 s
[ 6042/31251] Prism::NewlineOffsetsTest#"test_seattlerb/iter_args_9_1.txt" = 0.02 s
[ 6043/31251] Prism::NewlineOffsetsTest#"test_seattlerb/iter_args_9_2.txt" = 0.02 s
[ 6044/31251] Prism::NewlineOffsetsTest#"test_seattlerb/iter_kwarg.txt" = 0.02 s
[ 6045/31251] Prism::NewlineOffsetsTest#"test_seattlerb/iter_kwarg_kwsplat.txt" = 0.02 s
[ 6046/31251] Prism::NewlineOffsetsTest#"test_seattlerb/label_vs_string.txt" = 0.02 s
[ 6047/31251] Prism::NewlineOffsetsTest#"test_seattlerb/lambda_do_vs_brace.txt" = 0.02 s
[ 6048/31251] Prism::NewlineOffsetsTest#"test_seattlerb/lasgn_arg_rescue_arg.txt" = 0.02 s
[ 6049/31251] Prism::NewlineOffsetsTest#"test_seattlerb/lasgn_call_bracket_rescue_arg.txt" = 0.02 s
[ 6050/31251] Prism::NewlineOffsetsTest#"test_seattlerb/lasgn_call_nobracket_rescue_arg.txt" = 0.02
s
[ 6051/31251] Prism::NewlineOffsetsTest#"test_seattlerb/lasgn_command.txt" = 0.02 s
[ 6052/31251] Prism::NewlineOffsetsTest#"test_seattlerb/lasgn_env.txt" = 0.01 s
[ 6053/31251] Prism::NewlineOffsetsTest#"test_seattlerb/lasgn_ivar_env.txt" = 0.01 s
[ 6054/31251] Prism::NewlineOffsetsTest#"test_seattlerb/lasgn_lasgn_command_call.txt" = 0.02 s
[ 6055/31251] Prism::NewlineOffsetsTest#"test_seattlerb/lasgn_middle_splat.txt" = 0.02 s
[ 6056/31251] Prism::NewlineOffsetsTest#"test_seattlerb/magic_encoding_comment.txt" = 0.02 s
[ 6057/31251] Prism::NewlineOffsetsTest#"test_seattlerb/masgn_anon_splat_arg.txt" = 0.01 s
[ 6058/31251] Prism::NewlineOffsetsTest#"test_seattlerb/masgn_arg_colon_arg.txt" = 0.02 s
[ 6059/31251] Prism::NewlineOffsetsTest#"test_seattlerb/masgn_arg_ident.txt" = 0.02 s
[ 6060/31251] Prism::NewlineOffsetsTest#"test_seattlerb/masgn_arg_splat_arg.txt" = 0.02 s
[ 6061/31251] Prism::NewlineOffsetsTest#"test_seattlerb/masgn_colon2.txt" = 0.02 s
[ 6062/31251] Prism::NewlineOffsetsTest#"test_seattlerb/masgn_colon3.txt" = 0.01 s
[ 6063/31251] Prism::NewlineOffsetsTest#"test_seattlerb/masgn_command_call.txt" = 0.02 s
[ 6064/31251] Prism::NewlineOffsetsTest#"test_seattlerb/masgn_double_paren.txt" = 0.02 s
[ 6065/31251] Prism::NewlineOffsetsTest#"test_seattlerb/masgn_lhs_splat.txt" = 0.02 s
[ 6066/31251] Prism::NewlineOffsetsTest#"test_seattlerb/masgn_paren.txt" = 0.02 s
[ 6067/31251] Prism::NewlineOffsetsTest#"test_seattlerb/masgn_splat_arg.txt" = 0.02 s
[ 6068/31251] Prism::NewlineOffsetsTest#"test_seattlerb/masgn_splat_arg_arg.txt" = 0.02 s
[ 6069/31251] Prism::NewlineOffsetsTest#"test_seattlerb/masgn_star.txt" = 0.01 s
[ 6070/31251] Prism::NewlineOffsetsTest#"test_seattlerb/masgn_var_star_var.txt" = 0.02 s
[ 6071/31251] Prism::NewlineOffsetsTest#"test_seattlerb/messy_op_asgn_lineno.txt" = 0.02 s
[ 6072/31251] Prism::NewlineOffsetsTest#"test_seattlerb/method_call_assoc_trailing_comma.txt" = 0.01
 s
[ 6073/31251] Prism::NewlineOffsetsTest#"test_seattlerb/method_call_trailing_comma.txt" = 0.02 s
[ 6074/31251] Prism::NewlineOffsetsTest#"test_seattlerb/mlhs_back_anonsplat.txt" = 0.02 s
[ 6075/31251] Prism::NewlineOffsetsTest#"test_seattlerb/mlhs_back_splat.txt" = 0.02 s
[ 6076/31251] Prism::NewlineOffsetsTest#"test_seattlerb/mlhs_front_anonsplat.txt" = 0.02 s
[ 6077/31251] Prism::NewlineOffsetsTest#"test_seattlerb/mlhs_front_splat.txt" = 0.02 s
[ 6078/31251] Prism::NewlineOffsetsTest#"test_seattlerb/mlhs_keyword.txt" = 0.02 s
[ 6079/31251] Prism::NewlineOffsetsTest#"test_seattlerb/mlhs_mid_anonsplat.txt" = 0.02 s
[ 6080/31251] Prism::NewlineOffsetsTest#"test_seattlerb/mlhs_mid_splat.txt" = 0.02 s
[ 6081/31251] Prism::NewlineOffsetsTest#"test_seattlerb/mlhs_rescue.txt" = 0.02 s
[ 6082/31251] Prism::NewlineOffsetsTest#"test_seattlerb/module_comments.txt" = 0.02 s
[ 6083/31251] Prism::NewlineOffsetsTest#"test_seattlerb/multiline_hash_declaration.txt" = 0.02 s
[ 6084/31251] Prism::NewlineOffsetsTest#"test_seattlerb/non_interpolated_symbol_array_line_breaks.tx
t" = 0.02 s
[ 6085/31251] Prism::NewlineOffsetsTest#"test_seattlerb/non_interpolated_word_array_line_breaks.txt"
 = 0.13 s
[ 6086/31251] Prism::NewlineOffsetsTest#"test_seattlerb/op_asgn_command_call.txt" = 0.01 s
[ 6087/31251] Prism::NewlineOffsetsTest#"test_seattlerb/op_asgn_dot_ident_command_call.txt" = 0.01 s
[ 6088/31251] Prism::NewlineOffsetsTest#"test_seattlerb/op_asgn_index_command_call.txt" = 0.02 s
[ 6089/31251] Prism::NewlineOffsetsTest#"test_seattlerb/op_asgn_primary_colon_const_command_call.txt
" = 0.02 s
[ 6090/31251] Prism::NewlineOffsetsTest#"test_seattlerb/op_asgn_primary_colon_identifier1.txt" = 0.0
1 s
[ 6091/31251] Prism::NewlineOffsetsTest#"test_seattlerb/op_asgn_primary_colon_identifier_command_cal
l.txt" = 0.02 s
[ 6092/31251] Prism::NewlineOffsetsTest#"test_seattlerb/op_asgn_val_dot_ident_command_call.txt" = 0.
01 s
[ 6093/31251] Prism::NewlineOffsetsTest#"test_seattlerb/parse_def_special_name.txt" = 0.01 s
[ 6094/31251] Prism::NewlineOffsetsTest#"test_seattlerb/parse_if_not_canonical.txt" = 0.02 s
[ 6095/31251] Prism::NewlineOffsetsTest#"test_seattlerb/parse_if_not_noncanonical.txt" = 0.02 s
[ 6096/31251] Prism::NewlineOffsetsTest#"test_seattlerb/parse_line_block.txt" = 0.02 s
[ 6097/31251] Prism::NewlineOffsetsTest#"test_seattlerb/parse_line_block_inline_comment.txt" = 0.02
s
[ 6098/31251] Prism::NewlineOffsetsTest#"test_seattlerb/parse_line_block_inline_comment_leading_newl
ines.txt" = 0.02 s
[ 6099/31251] Prism::NewlineOffsetsTest#"test_seattlerb/parse_line_block_inline_multiline_comment.tx
t" = 0.02 s
[ 6100/31251] Prism::NewlineOffsetsTest#"test_seattlerb/parse_line_call_ivar_arg_no_parens_line_brea
k.txt" = 0.01 s
[ 6101/31251] Prism::NewlineOffsetsTest#"test_seattlerb/parse_line_call_ivar_line_break_paren.txt" =
 0.01 s
[ 6102/31251] Prism::NewlineOffsetsTest#"test_seattlerb/parse_line_call_no_args.txt" = 0.02 s
[ 6103/31251] Prism::NewlineOffsetsTest#"test_seattlerb/parse_line_defn_complex.txt" = 0.02 s
[ 6104/31251] Prism::NewlineOffsetsTest#"test_seattlerb/parse_line_defn_no_parens.txt" = 0.02 s
[ 6105/31251] Prism::NewlineOffsetsTest#"test_seattlerb/parse_line_defn_no_parens_args.txt" = 0.01 s
[ 6106/31251] Prism::NewlineOffsetsTest#"test_seattlerb/parse_line_dot2.txt" = 0.02 s
[ 6107/31251] Prism::NewlineOffsetsTest#"test_seattlerb/parse_line_dot2_open.txt" = 0.02 s
[ 6108/31251] Prism::NewlineOffsetsTest#"test_seattlerb/parse_line_dot3.txt" = 0.02 s
[ 6109/31251] Prism::NewlineOffsetsTest#"test_seattlerb/parse_line_dot3_open.txt" = 0.02 s
[ 6110/31251] Prism::NewlineOffsetsTest#"test_seattlerb/parse_line_dstr_escaped_newline.txt" = 0.02
s
[ 6111/31251] Prism::NewlineOffsetsTest#"test_seattlerb/parse_line_dstr_soft_newline.txt" = 0.02 s
[ 6112/31251] Prism::NewlineOffsetsTest#"test_seattlerb/parse_line_evstr_after_break.txt" = 0.13 s
[ 6113/31251] Prism::NewlineOffsetsTest#"test_seattlerb/parse_line_hash_lit.txt" = 0.01 s
[ 6114/31251] Prism::NewlineOffsetsTest#"test_seattlerb/parse_line_heredoc.txt" = 0.02 s
[ 6115/31251] Prism::NewlineOffsetsTest#"test_seattlerb/parse_line_heredoc_evstr.txt" = 0.02 s
[ 6116/31251] Prism::NewlineOffsetsTest#"test_seattlerb/parse_line_heredoc_hardnewline.txt" = 0.02 s
[ 6117/31251] Prism::NewlineOffsetsTest#"test_seattlerb/parse_line_heredoc_regexp_chars.txt" = 0.02
s
[ 6118/31251] Prism::NewlineOffsetsTest#"test_seattlerb/parse_line_iter_call_no_parens.txt" = 0.02 s
[ 6119/31251] Prism::NewlineOffsetsTest#"test_seattlerb/parse_line_iter_call_parens.txt" = 0.02 s
[ 6120/31251] Prism::NewlineOffsetsTest#"test_seattlerb/parse_line_multiline_str.txt" = 0.01 s
[ 6121/31251] Prism::NewlineOffsetsTest#"test_seattlerb/parse_line_multiline_str_literal_n.txt" = 0.
01 s
[ 6122/31251] Prism::NewlineOffsetsTest#"test_seattlerb/parse_line_newlines.txt" = 0.01 s
[ 6123/31251] Prism::NewlineOffsetsTest#"test_seattlerb/parse_line_op_asgn.txt" = 0.02 s
[ 6124/31251] Prism::NewlineOffsetsTest#"test_seattlerb/parse_line_postexe.txt" = 0.01 s
[ 6125/31251] Prism::NewlineOffsetsTest#"test_seattlerb/parse_line_preexe.txt" = 0.02 s
[ 6126/31251] Prism::NewlineOffsetsTest#"test_seattlerb/parse_line_rescue.txt" = 0.02 s
[ 6127/31251] Prism::NewlineOffsetsTest#"test_seattlerb/parse_line_return.txt" = 0.02 s
[ 6128/31251] Prism::NewlineOffsetsTest#"test_seattlerb/parse_line_str_with_newline_escape.txt" = 0.
01 s
[ 6129/31251] Prism::NewlineOffsetsTest#"test_seattlerb/parse_line_to_ary.txt" = 0.02 s
[ 6130/31251] Prism::NewlineOffsetsTest#"test_seattlerb/parse_line_trailing_newlines.txt" = 0.01 s
[ 6131/31251] Prism::NewlineOffsetsTest#"test_seattlerb/parse_opt_call_args_assocs_comma.txt" = 0.01
 s
[ 6132/31251] Prism::NewlineOffsetsTest#"test_seattlerb/parse_opt_call_args_lit_comma.txt" = 0.01 s
[ 6133/31251] Prism::NewlineOffsetsTest#"test_seattlerb/parse_pattern_019.txt" = 0.02 s
[ 6134/31251] Prism::NewlineOffsetsTest#"test_seattlerb/parse_pattern_044.txt" = 0.02 s
[ 6135/31251] Prism::NewlineOffsetsTest#"test_seattlerb/parse_pattern_051.txt" = 0.02 s
[ 6136/31251] Prism::NewlineOffsetsTest#"test_seattlerb/parse_pattern_058.txt" = 0.02 s
[ 6137/31251] Prism::NewlineOffsetsTest#"test_seattlerb/parse_pattern_058_2.txt" = 0.02 s
[ 6138/31251] Prism::NewlineOffsetsTest#"test_seattlerb/parse_pattern_069.txt" = 0.02 s
[ 6139/31251] Prism::NewlineOffsetsTest#"test_seattlerb/parse_pattern_076.txt" = 0.02 s
[ 6140/31251] Prism::NewlineOffsetsTest#"test_seattlerb/parse_until_not_canonical.txt" = 0.02 s
[ 6141/31251] Prism::NewlineOffsetsTest#"test_seattlerb/parse_until_not_noncanonical.txt" = 0.02 s
[ 6142/31251] Prism::NewlineOffsetsTest#"test_seattlerb/parse_while_not_canonical.txt" = 0.08 s
[ 6143/31251] Prism::NewlineOffsetsTest#"test_seattlerb/parse_while_not_noncanonical.txt" = 0.02 s
[ 6144/31251] Prism::NewlineOffsetsTest#"test_seattlerb/pctW_lineno.txt" = 0.02 s
[ 6145/31251] Prism::NewlineOffsetsTest#"test_seattlerb/pct_Q_backslash_nl.txt" = 0.01 s
[ 6146/31251] Prism::NewlineOffsetsTest#"test_seattlerb/pct_nl.txt" = 0.01 s
[ 6147/31251] Prism::NewlineOffsetsTest#"test_seattlerb/pct_w_heredoc_interp_nested.txt" = 0.02 s
[ 6148/31251] Prism::NewlineOffsetsTest#"test_seattlerb/pipe_semicolon.txt" = 0.02 s
[ 6149/31251] Prism::NewlineOffsetsTest#"test_seattlerb/pipe_space.txt" = 0.01 s
[ 6150/31251] Prism::NewlineOffsetsTest#"test_seattlerb/qWords_space.txt" = 0.01 s
[ 6151/31251] Prism::NewlineOffsetsTest#"test_seattlerb/qsymbols.txt" = 0.01 s
[ 6152/31251] Prism::NewlineOffsetsTest#"test_seattlerb/qsymbols_empty.txt" = 0.01 s
[ 6153/31251] Prism::NewlineOffsetsTest#"test_seattlerb/qsymbols_empty_space.txt" = 0.01 s
[ 6154/31251] Prism::NewlineOffsetsTest#"test_seattlerb/qsymbols_interp.txt" = 0.02 s
[ 6155/31251] Prism::NewlineOffsetsTest#"test_seattlerb/quoted_symbol_hash_arg.txt" = 0.01 s
[ 6156/31251] Prism::NewlineOffsetsTest#"test_seattlerb/quoted_symbol_keys.txt" = 0.01 s
[ 6157/31251] Prism::NewlineOffsetsTest#"test_seattlerb/qw_escape.txt" = 0.01 s
[ 6158/31251] Prism::NewlineOffsetsTest#"test_seattlerb/qw_escape_term.txt" = 0.01 s
[ 6159/31251] Prism::NewlineOffsetsTest#"test_seattlerb/qwords_empty.txt" = 0.01 s
[ 6160/31251] Prism::NewlineOffsetsTest#"test_seattlerb/read_escape_unicode_curlies.txt" = 0.01 s
[ 6161/31251] Prism::NewlineOffsetsTest#"test_seattlerb/read_escape_unicode_h4.txt" = 0.01 s
[ 6162/31251] Prism::NewlineOffsetsTest#"test_seattlerb/regexp.txt" = 0.02 s
[ 6163/31251] Prism::NewlineOffsetsTest#"test_seattlerb/regexp_esc_C_slash.txt" = 0.01 s
[ 6164/31251] Prism::NewlineOffsetsTest#"test_seattlerb/regexp_esc_u.txt" = 0.01 s
[ 6165/31251] Prism::NewlineOffsetsTest#"test_seattlerb/regexp_escape_extended.txt" = 0.01 s
[ 6166/31251] Prism::NewlineOffsetsTest#"test_seattlerb/regexp_unicode_curlies.txt" = 0.02 s
[ 6167/31251] Prism::NewlineOffsetsTest#"test_seattlerb/required_kwarg_no_value.txt" = 0.02 s
[ 6168/31251] Prism::NewlineOffsetsTest#"test_seattlerb/rescue_do_end_ensure_result.txt" = 0.02 s
[ 6169/31251] Prism::NewlineOffsetsTest#"test_seattlerb/rescue_do_end_no_raise.txt" = 0.02 s
[ 6170/31251] Prism::NewlineOffsetsTest#"test_seattlerb/rescue_do_end_raised.txt" = 0.02 s
[ 6171/31251] Prism::NewlineOffsetsTest#"test_seattlerb/rescue_do_end_rescued.txt" = 0.02 s
[ 6172/31251] Prism::NewlineOffsetsTest#"test_seattlerb/rescue_in_block.txt" = 0.02 s
[ 6173/31251] Prism::NewlineOffsetsTest#"test_seattlerb/rescue_parens.txt" = 0.02 s
[ 6174/31251] Prism::NewlineOffsetsTest#"test_seattlerb/return_call_assocs.txt" = 0.03 s
[ 6175/31251] Prism::NewlineOffsetsTest#"test_seattlerb/rhs_asgn.txt" = 0.01 s
[ 6176/31251] Prism::NewlineOffsetsTest#"test_seattlerb/ruby21_numbers.txt" = 0.02 s
[ 6177/31251] Prism::NewlineOffsetsTest#"test_seattlerb/safe_attrasgn.txt" = 0.02 s
[ 6178/31251] Prism::NewlineOffsetsTest#"test_seattlerb/safe_attrasgn_constant.txt" = 0.02 s
[ 6179/31251] Prism::NewlineOffsetsTest#"test_seattlerb/safe_call.txt" = 0.01 s
[ 6180/31251] Prism::NewlineOffsetsTest#"test_seattlerb/safe_call_after_newline.txt" = 0.01 s
[ 6181/31251] Prism::NewlineOffsetsTest#"test_seattlerb/safe_call_dot_parens.txt" = 0.01 s
[ 6182/31251] Prism::NewlineOffsetsTest#"test_seattlerb/safe_call_newline.txt" = 0.01 s
[ 6183/31251] Prism::NewlineOffsetsTest#"test_seattlerb/safe_call_operator.txt" = 0.01 s
[ 6184/31251] Prism::NewlineOffsetsTest#"test_seattlerb/safe_call_rhs_newline.txt" = 0.07 s
[ 6185/31251] Prism::NewlineOffsetsTest#"test_seattlerb/safe_calls.txt" = 0.01 s
[ 6186/31251] Prism::NewlineOffsetsTest#"test_seattlerb/safe_op_asgn.txt" = 0.02 s
[ 6187/31251] Prism::NewlineOffsetsTest#"test_seattlerb/safe_op_asgn2.txt" = 0.01 s
[ 6188/31251] Prism::NewlineOffsetsTest#"test_seattlerb/slashy_newlines_within_string.txt" = 0.02 s
[ 6189/31251] Prism::NewlineOffsetsTest#"test_seattlerb/stabby_arg_no_paren.txt" = 0.01 s
[ 6190/31251] Prism::NewlineOffsetsTest#"test_seattlerb/stabby_arg_opt_splat_arg_block_omfg.txt" = 0
.02 s
[ 6191/31251] Prism::NewlineOffsetsTest#"test_seattlerb/stabby_block_iter_call.txt" = 0.02 s
[ 6192/31251] Prism::NewlineOffsetsTest#"test_seattlerb/stabby_block_iter_call_no_target_with_arg.tx
t" = 0.02 s
[ 6193/31251] Prism::NewlineOffsetsTest#"test_seattlerb/stabby_block_kw.txt" = 0.01 s
[ 6194/31251] Prism::NewlineOffsetsTest#"test_seattlerb/stabby_block_kw__required.txt" = 0.01 s
[ 6195/31251] Prism::NewlineOffsetsTest#"test_seattlerb/stabby_proc_scope.txt" = 0.01 s
[ 6196/31251] Prism::NewlineOffsetsTest#"test_seattlerb/str_backslashes.txt" = 0.07 s
[ 6197/31251] Prism::NewlineOffsetsTest#"test_seattlerb/str_double_double_escaped_newline.txt" = 0.0
2 s
[ 6198/31251] Prism::NewlineOffsetsTest#"test_seattlerb/str_double_escaped_newline.txt" = 0.01 s
[ 6199/31251] Prism::NewlineOffsetsTest#"test_seattlerb/str_double_newline.txt" = 0.02 s
[ 6200/31251] Prism::NewlineOffsetsTest#"test_seattlerb/str_evstr.txt" = 0.02 s
[ 6201/31251] Prism::NewlineOffsetsTest#"test_seattlerb/str_evstr_escape.txt" = 0.02 s
[ 6202/31251] Prism::NewlineOffsetsTest#"test_seattlerb/str_heredoc_interp.txt" = 0.02 s
[ 6203/31251] Prism::NewlineOffsetsTest#"test_seattlerb/str_interp_ternary_or_label.txt" = 0.02 s
[ 6204/31251] Prism::NewlineOffsetsTest#"test_seattlerb/str_lit_concat_bad_encodings.txt" = 0.02 s
[ 6205/31251] Prism::NewlineOffsetsTest#"test_seattlerb/str_newline_hash_line_number.txt" = 0.01 s
[ 6206/31251] Prism::NewlineOffsetsTest#"test_seattlerb/str_pct_Q_nested.txt" = 0.02 s
[ 6207/31251] Prism::NewlineOffsetsTest#"test_seattlerb/str_pct_nested_nested.txt" = 0.02 s
[ 6208/31251] Prism::NewlineOffsetsTest#"test_seattlerb/str_pct_q.txt" = 0.01 s
[ 6209/31251] Prism::NewlineOffsetsTest#"test_seattlerb/str_single_double_escaped_newline.txt" = 0.0
1 s
[ 6210/31251] Prism::NewlineOffsetsTest#"test_seattlerb/str_single_escaped_newline.txt" = 0.02 s
[ 6211/31251] Prism::NewlineOffsetsTest#"test_seattlerb/str_single_newline.txt" = 0.09 s
[ 6212/31251] Prism::NewlineOffsetsTest#"test_seattlerb/str_str.txt" = 0.01 s
[ 6213/31251] Prism::NewlineOffsetsTest#"test_seattlerb/str_str_str.txt" = 0.01 s
[ 6214/31251] Prism::NewlineOffsetsTest#"test_seattlerb/super_arg.txt" = 0.16 s
[ 6215/31251] Prism::NewlineOffsetsTest#"test_seattlerb/symbol_empty.txt" = 0.02 s
[ 6216/31251] Prism::NewlineOffsetsTest#"test_seattlerb/symbol_list.txt" = 0.02 s
[ 6217/31251] Prism::NewlineOffsetsTest#"test_seattlerb/symbols.txt" = 0.01 s
[ 6218/31251] Prism::NewlineOffsetsTest#"test_seattlerb/symbols_empty.txt" = 0.01 s
[ 6219/31251] Prism::NewlineOffsetsTest#"test_seattlerb/symbols_empty_space.txt" = 0.01 s
[ 6220/31251] Prism::NewlineOffsetsTest#"test_seattlerb/symbols_interp.txt" = 0.01 s
[ 6221/31251] Prism::NewlineOffsetsTest#"test_seattlerb/thingy.txt" = 0.10 s
[ 6222/31251] Prism::NewlineOffsetsTest#"test_seattlerb/uminus_float.txt" = 0.01 s
[ 6223/31251] Prism::NewlineOffsetsTest#"test_seattlerb/unary_minus.txt" = 0.09 s
[ 6224/31251] Prism::NewlineOffsetsTest#"test_seattlerb/unary_plus.txt" = 0.02 s
[ 6225/31251] Prism::NewlineOffsetsTest#"test_seattlerb/unary_plus_on_literal.txt" = 0.01 s
[ 6226/31251] Prism::NewlineOffsetsTest#"test_seattlerb/unary_tilde.txt" = 0.01 s
[ 6227/31251] Prism::NewlineOffsetsTest#"test_seattlerb/utf8_bom.txt" = 0.02 s
[ 6228/31251] Prism::NewlineOffsetsTest#"test_seattlerb/when_splat.txt" = 0.01 s
[ 6229/31251] Prism::NewlineOffsetsTest#"test_seattlerb/words_interp.txt" = 0.02 s
[ 6230/31251] Prism::NewlineOffsetsTest#"test_single_method_call_with_bang.txt" = 0.01 s
[ 6231/31251] Prism::NewlineOffsetsTest#"test_single_quote_heredocs.txt" = 0.25 s
[ 6232/31251] Prism::NewlineOffsetsTest#"test_spanning_heredoc.txt" = 0.32 s
[ 6233/31251] Prism::NewlineOffsetsTest#"test_spanning_heredoc_newlines.txt" = 0.12 s
[ 6234/31251] Prism::NewlineOffsetsTest#"test_strings.txt" = 0.35 s
[ 6235/31251] Prism::NewlineOffsetsTest#"test_super.txt" = 0.03 s
[ 6236/31251] Prism::NewlineOffsetsTest#"test_symbols.txt" = 0.18 s
[ 6237/31251] Prism::NewlineOffsetsTest#"test_ternary_operator.txt" = 0.21 s
[ 6238/31251] Prism::NewlineOffsetsTest#"test_tilde_heredocs.txt" = 0.25 s
[ 6239/31251] Prism::NewlineOffsetsTest#"test_undef.txt" = 0.20 s
[ 6240/31251] Prism::NewlineOffsetsTest#"test_unescaping.txt" = 0.09 s
[ 6241/31251] Prism::NewlineOffsetsTest#"test_unless.txt" = 0.03 s
[ 6242/31251] Prism::NewlineOffsetsTest#"test_unparser/corpus/literal/alias.txt" = 0.02 s
[ 6243/31251] Prism::NewlineOffsetsTest#"test_unparser/corpus/literal/assignment.txt" = 0.35 s
[ 6244/31251] Prism::NewlineOffsetsTest#"test_unparser/corpus/literal/block.txt" = 0.46 s
[ 6245/31251] Prism::NewlineOffsetsTest#"test_unparser/corpus/literal/case.txt" = 0.05 s
[ 6246/31251] Prism::NewlineOffsetsTest#"test_unparser/corpus/literal/class.txt" = 0.12 s
[ 6247/31251] Prism::NewlineOffsetsTest#"test_unparser/corpus/literal/def.txt" = 0.58 s
[ 6248/31251] Prism::NewlineOffsetsTest#"test_unparser/corpus/literal/defined.txt" = 0.02 s
[ 6249/31251] Prism::NewlineOffsetsTest#"test_unparser/corpus/literal/defs.txt" = 0.23 s
[ 6250/31251] Prism::NewlineOffsetsTest#"test_unparser/corpus/literal/dstr.txt" = 0.22 s
[ 6251/31251] Prism::NewlineOffsetsTest#"test_unparser/corpus/literal/empty.txt" = 0.01 s
[ 6252/31251] Prism::NewlineOffsetsTest#"test_unparser/corpus/literal/empty_begin.txt" = 0.01 s
[ 6253/31251] Prism::NewlineOffsetsTest#"test_unparser/corpus/literal/flipflop.txt" = 0.03 s
[ 6254/31251] Prism::NewlineOffsetsTest#"test_unparser/corpus/literal/for.txt" = 0.20 s
[ 6255/31251] Prism::NewlineOffsetsTest#"test_unparser/corpus/literal/hookexe.txt" = 0.02 s
[ 6256/31251] Prism::NewlineOffsetsTest#"test_unparser/corpus/literal/if.txt" = 0.23 s
[ 6257/31251] Prism::NewlineOffsetsTest#"test_unparser/corpus/literal/kwbegin.txt" = 0.17 s
[ 6258/31251] Prism::NewlineOffsetsTest#"test_unparser/corpus/literal/lambda.txt" = 0.12 s
[ 6259/31251] Prism::NewlineOffsetsTest#"test_unparser/corpus/literal/literal.txt" = 0.53 s
[ 6260/31251] Prism::NewlineOffsetsTest#"test_unparser/corpus/literal/module.txt" = 0.12 s
[ 6261/31251] Prism::NewlineOffsetsTest#"test_unparser/corpus/literal/opasgn.txt" = 0.14 s
[ 6262/31251] Prism::NewlineOffsetsTest#"test_unparser/corpus/literal/pattern.txt" = 0.24 s
[ 6263/31251] Prism::NewlineOffsetsTest#"test_unparser/corpus/literal/pragma.txt" = 0.02 s
[ 6264/31251] Prism::NewlineOffsetsTest#"test_unparser/corpus/literal/range.txt" = 0.02 s
[ 6265/31251] Prism::NewlineOffsetsTest#"test_unparser/corpus/literal/rescue.txt" = 0.02 s
[ 6266/31251] Prism::NewlineOffsetsTest#"test_unparser/corpus/literal/send.txt" = 0.73 s
[ 6267/31251] Prism::NewlineOffsetsTest#"test_unparser/corpus/literal/since/27.txt" = 0.02 s
[ 6268/31251] Prism::NewlineOffsetsTest#"test_unparser/corpus/literal/since/30.txt" = 0.10 s
[ 6269/31251] Prism::NewlineOffsetsTest#"test_unparser/corpus/literal/since/31.txt" = 0.02 s
[ 6270/31251] Prism::NewlineOffsetsTest#"test_unparser/corpus/literal/since/32.txt" = 0.03 s
[ 6271/31251] Prism::NewlineOffsetsTest#"test_unparser/corpus/literal/singletons.txt" = 0.02 s
[ 6272/31251] Prism::NewlineOffsetsTest#"test_unparser/corpus/literal/super.txt" = 0.19 s
[ 6273/31251] Prism::NewlineOffsetsTest#"test_unparser/corpus/literal/unary.txt" = 0.03 s
[ 6274/31251] Prism::NewlineOffsetsTest#"test_unparser/corpus/literal/undef.txt" = 0.01 s
[ 6275/31251] Prism::NewlineOffsetsTest#"test_unparser/corpus/literal/variables.txt" = 0.03 s
[ 6276/31251] Prism::NewlineOffsetsTest#"test_unparser/corpus/literal/while.txt" = 0.43 s
[ 6277/31251] Prism::NewlineOffsetsTest#"test_unparser/corpus/semantic/and.txt" = 0.03 s
[ 6278/31251] Prism::NewlineOffsetsTest#"test_unparser/corpus/semantic/block.txt" = 0.19 s
[ 6279/31251] Prism::NewlineOffsetsTest#"test_unparser/corpus/semantic/def.txt" = 0.02 s
[ 6280/31251] Prism::NewlineOffsetsTest#"test_unparser/corpus/semantic/dstr.txt" = 0.51 s
[ 6281/31251] Prism::NewlineOffsetsTest#"test_unparser/corpus/semantic/kwbegin.txt" = 0.21 s
[ 6282/31251] Prism::NewlineOffsetsTest#"test_unparser/corpus/semantic/literal.txt" = 0.12 s
[ 6283/31251] Prism::NewlineOffsetsTest#"test_unparser/corpus/semantic/opasgn.txt" = 0.02 s
[ 6284/31251] Prism::NewlineOffsetsTest#"test_unparser/corpus/semantic/send.txt" = 0.02 s
[ 6285/31251] Prism::NewlineOffsetsTest#"test_unparser/corpus/semantic/undef.txt" = 0.02 s
[ 6286/31251] Prism::NewlineOffsetsTest#"test_unparser/corpus/semantic/while.txt" = 0.04 s
[ 6287/31251] Prism::NewlineOffsetsTest#"test_until.txt" = 0.14 s
[ 6288/31251] Prism::NewlineOffsetsTest#"test_variables.txt" = 0.13 s
[ 6289/31251] Prism::NewlineOffsetsTest#"test_while.txt" = 0.29 s
[ 6290/31251] Prism::NewlineOffsetsTest#"test_whitequark/__ENCODING__.txt" = 0.01 s
[ 6291/31251] Prism::NewlineOffsetsTest#"test_whitequark/__ENCODING___legacy_.txt" = 0.01 s
[ 6292/31251] Prism::NewlineOffsetsTest#"test_whitequark/alias.txt" = 0.01 s
[ 6293/31251] Prism::NewlineOffsetsTest#"test_whitequark/alias_gvar.txt" = 0.02 s
[ 6294/31251] Prism::NewlineOffsetsTest#"test_whitequark/ambiuous_quoted_label_in_ternary_operator.t
xt" = 0.02 s
[ 6295/31251] Prism::NewlineOffsetsTest#"test_whitequark/and.txt" = 0.02 s
[ 6296/31251] Prism::NewlineOffsetsTest#"test_whitequark/and_asgn.txt" = 0.02 s
[ 6297/31251] Prism::NewlineOffsetsTest#"test_whitequark/and_or_masgn.txt" = 0.02 s
[ 6298/31251] Prism::NewlineOffsetsTest#"test_whitequark/anonymous_blockarg.txt" = 0.02 s
[ 6299/31251] Prism::NewlineOffsetsTest#"test_whitequark/arg.txt" = 0.02 s
[ 6300/31251] Prism::NewlineOffsetsTest#"test_whitequark/arg_duplicate_ignored.txt" = 0.02 s
[ 6301/31251] Prism::NewlineOffsetsTest#"test_whitequark/arg_label.txt" = 0.02 s
[ 6302/31251] Prism::NewlineOffsetsTest#"test_whitequark/arg_scope.txt" = 0.02 s
[ 6303/31251] Prism::NewlineOffsetsTest#"test_whitequark/args.txt" = 0.10 s
[ 6304/31251] Prism::NewlineOffsetsTest#"test_whitequark/args_args_assocs.txt" = 0.02 s
[ 6305/31251] Prism::NewlineOffsetsTest#"test_whitequark/args_args_assocs_comma.txt" = 0.02 s
[ 6306/31251] Prism::NewlineOffsetsTest#"test_whitequark/args_args_comma.txt" = 0.01 s
[ 6307/31251] Prism::NewlineOffsetsTest#"test_whitequark/args_args_star.txt" = 0.02 s
[ 6308/31251] Prism::NewlineOffsetsTest#"test_whitequark/args_assocs_comma.txt" = 0.02 s
[ 6309/31251] Prism::NewlineOffsetsTest#"test_whitequark/args_block_pass.txt" = 0.01 s
[ 6310/31251] Prism::NewlineOffsetsTest#"test_whitequark/args_cmd.txt" = 0.02 s
[ 6311/31251] Prism::NewlineOffsetsTest#"test_whitequark/args_star.txt" = 0.02 s
[ 6312/31251] Prism::NewlineOffsetsTest#"test_whitequark/array_assocs.txt" = 0.02 s
[ 6313/31251] Prism::NewlineOffsetsTest#"test_whitequark/array_plain.txt" = 0.01 s
[ 6314/31251] Prism::NewlineOffsetsTest#"test_whitequark/array_splat.txt" = 0.02 s
[ 6315/31251] Prism::NewlineOffsetsTest#"test_whitequark/array_symbols.txt" = 0.01 s
[ 6316/31251] Prism::NewlineOffsetsTest#"test_whitequark/array_symbols_empty.txt" = 0.01 s
[ 6317/31251] Prism::NewlineOffsetsTest#"test_whitequark/array_symbols_interp.txt" = 0.02 s
[ 6318/31251] Prism::NewlineOffsetsTest#"test_whitequark/array_words.txt" = 0.01 s
[ 6319/31251] Prism::NewlineOffsetsTest#"test_whitequark/array_words_empty.txt" = 0.02 s
[ 6320/31251] Prism::NewlineOffsetsTest#"test_whitequark/array_words_interp.txt" = 0.02 s
[ 6321/31251] Prism::NewlineOffsetsTest#"test_whitequark/asgn_cmd.txt" = 0.02 s
[ 6322/31251] Prism::NewlineOffsetsTest#"test_whitequark/asgn_mrhs.txt" = 0.02 s
[ 6323/31251] Prism::NewlineOffsetsTest#"test_whitequark/back_ref.txt" = 0.11 s
[ 6324/31251] Prism::NewlineOffsetsTest#"test_whitequark/bang.txt" = 0.01 s
[ 6325/31251] Prism::NewlineOffsetsTest#"test_whitequark/bang_cmd.txt" = 0.02 s
[ 6326/31251] Prism::NewlineOffsetsTest#"test_whitequark/begin_cmdarg.txt" = 0.02 s
[ 6327/31251] Prism::NewlineOffsetsTest#"test_whitequark/beginless_erange_after_newline.txt" = 0.02
s
[ 6328/31251] Prism::NewlineOffsetsTest#"test_whitequark/beginless_irange_after_newline.txt" = 0.02
s
[ 6329/31251] Prism::NewlineOffsetsTest#"test_whitequark/beginless_range.txt" = 0.02 s
[ 6330/31251] Prism::NewlineOffsetsTest#"test_whitequark/blockarg.txt" = 0.01 s
[ 6331/31251] Prism::NewlineOffsetsTest#"test_whitequark/blockargs.txt" = 0.12 s
[ 6332/31251] Prism::NewlineOffsetsTest#"test_whitequark/bug_435.txt" = 0.02 s
[ 6333/31251] Prism::NewlineOffsetsTest#"test_whitequark/bug_447.txt" = 0.02 s
[ 6334/31251] Prism::NewlineOffsetsTest#"test_whitequark/bug_452.txt" = 0.08 s
[ 6335/31251] Prism::NewlineOffsetsTest#"test_whitequark/bug_466.txt" = 0.02 s
[ 6336/31251] Prism::NewlineOffsetsTest#"test_whitequark/bug_473.txt" = 0.01 s
[ 6337/31251] Prism::NewlineOffsetsTest#"test_whitequark/bug_480.txt" = 0.02 s
[ 6338/31251] Prism::NewlineOffsetsTest#"test_whitequark/bug_481.txt" = 0.02 s
[ 6339/31251] Prism::NewlineOffsetsTest#"test_whitequark/bug_ascii_8bit_in_literal.txt" = 0.02 s
[ 6340/31251] Prism::NewlineOffsetsTest#"test_whitequark/bug_cmd_string_lookahead.txt" = 0.01 s
[ 6341/31251] Prism::NewlineOffsetsTest#"test_whitequark/bug_cmdarg.txt" = 0.02 s
[ 6342/31251] Prism::NewlineOffsetsTest#"test_whitequark/bug_def_no_paren_eql_begin.txt" = 0.02 s
[ 6343/31251] Prism::NewlineOffsetsTest#"test_whitequark/bug_do_block_in_call_args.txt" = 0.02 s
[ 6344/31251] Prism::NewlineOffsetsTest#"test_whitequark/bug_do_block_in_cmdarg.txt" = 0.02 s
[ 6345/31251] Prism::NewlineOffsetsTest#"test_whitequark/bug_do_block_in_hash_brace.txt" = 0.04 s
[ 6346/31251] Prism::NewlineOffsetsTest#"test_whitequark/bug_heredoc_do.txt" = 0.02 s
[ 6347/31251] Prism::NewlineOffsetsTest#"test_whitequark/bug_interp_single.txt" = 0.02 s
[ 6348/31251] Prism::NewlineOffsetsTest#"test_whitequark/bug_lambda_leakage.txt" = 0.02 s
[ 6349/31251] Prism::NewlineOffsetsTest#"test_whitequark/bug_regex_verification.txt" = 0.01 s
[ 6350/31251] Prism::NewlineOffsetsTest#"test_whitequark/bug_rescue_empty_else.txt" = 0.01 s
[ 6351/31251] Prism::NewlineOffsetsTest#"test_whitequark/bug_while_not_parens_do.txt" = 0.02 s
[ 6352/31251] Prism::NewlineOffsetsTest#"test_whitequark/case_cond.txt" = 0.01 s
[ 6353/31251] Prism::NewlineOffsetsTest#"test_whitequark/case_cond_else.txt" = 0.02 s
[ 6354/31251] Prism::NewlineOffsetsTest#"test_whitequark/case_expr.txt" = 0.02 s
[ 6355/31251] Prism::NewlineOffsetsTest#"test_whitequark/case_expr_else.txt" = 0.02 s
[ 6356/31251] Prism::NewlineOffsetsTest#"test_whitequark/casgn_scoped.txt" = 0.01 s
[ 6357/31251] Prism::NewlineOffsetsTest#"test_whitequark/casgn_toplevel.txt" = 0.01 s
[ 6358/31251] Prism::NewlineOffsetsTest#"test_whitequark/casgn_unscoped.txt" = 0.01 s
[ 6359/31251] Prism::NewlineOffsetsTest#"test_whitequark/character.txt" = 0.01 s
[ 6360/31251] Prism::NewlineOffsetsTest#"test_whitequark/class.txt" = 0.08 s
[ 6361/31251] Prism::NewlineOffsetsTest#"test_whitequark/class_super.txt" = 0.01 s
[ 6362/31251] Prism::NewlineOffsetsTest#"test_whitequark/class_super_label.txt" = 0.01 s
[ 6363/31251] Prism::NewlineOffsetsTest#"test_whitequark/comments_before_leading_dot__27.txt" = 0.03
 s
[ 6364/31251] Prism::NewlineOffsetsTest#"test_whitequark/complex.txt" = 0.02 s
[ 6365/31251] Prism::NewlineOffsetsTest#"test_whitequark/cond_begin.txt" = 0.02 s
[ 6366/31251] Prism::NewlineOffsetsTest#"test_whitequark/cond_begin_masgn.txt" = 0.02 s
[ 6367/31251] Prism::NewlineOffsetsTest#"test_whitequark/cond_eflipflop.txt" = 0.02 s
[ 6368/31251] Prism::NewlineOffsetsTest#"test_whitequark/cond_eflipflop_with_beginless_range.txt" =
0.01 s
[ 6369/31251] Prism::NewlineOffsetsTest#"test_whitequark/cond_eflipflop_with_endless_range.txt" = 0.
01 s
[ 6370/31251] Prism::NewlineOffsetsTest#"test_whitequark/cond_iflipflop.txt" = 0.02 s
[ 6371/31251] Prism::NewlineOffsetsTest#"test_whitequark/cond_iflipflop_with_beginless_range.txt" =
0.02 s
[ 6372/31251] Prism::NewlineOffsetsTest#"test_whitequark/cond_iflipflop_with_endless_range.txt" = 0.
02 s
[ 6373/31251] Prism::NewlineOffsetsTest#"test_whitequark/cond_match_current_line.txt" = 0.02 s
[ 6374/31251] Prism::NewlineOffsetsTest#"test_whitequark/const_op_asgn.txt" = 0.02 s
[ 6375/31251] Prism::NewlineOffsetsTest#"test_whitequark/const_scoped.txt" = 0.01 s
[ 6376/31251] Prism::NewlineOffsetsTest#"test_whitequark/const_toplevel.txt" = 0.01 s
[ 6377/31251] Prism::NewlineOffsetsTest#"test_whitequark/const_unscoped.txt" = 0.01 s
[ 6378/31251] Prism::NewlineOffsetsTest#"test_whitequark/cpath.txt" = 0.02 s
[ 6379/31251] Prism::NewlineOffsetsTest#"test_whitequark/cvar.txt" = 0.01 s
[ 6380/31251] Prism::NewlineOffsetsTest#"test_whitequark/cvasgn.txt" = 0.01 s
[ 6381/31251] Prism::NewlineOffsetsTest#"test_whitequark/dedenting_heredoc.txt" = 0.07 s
[ 6382/31251] Prism::NewlineOffsetsTest#"test_whitequark/dedenting_interpolating_heredoc_fake_line_c
ontinuation.txt" = 0.02 s
[ 6383/31251] Prism::NewlineOffsetsTest#"test_whitequark/dedenting_non_interpolating_heredoc_line_co
ntinuation.txt" = 0.02 s
[ 6384/31251] Prism::NewlineOffsetsTest#"test_whitequark/def.txt" = 0.02 s
[ 6385/31251] Prism::NewlineOffsetsTest#"test_whitequark/defined.txt" = 0.02 s
[ 6386/31251] Prism::NewlineOffsetsTest#"test_whitequark/defs.txt" = 0.02 s
[ 6387/31251] Prism::NewlineOffsetsTest#"test_whitequark/empty_stmt.txt" = 0.01 s
[ 6388/31251] Prism::NewlineOffsetsTest#"test_whitequark/endless_comparison_method.txt" = 0.03 s
[ 6389/31251] Prism::NewlineOffsetsTest#"test_whitequark/endless_method.txt" = 0.02 s
[ 6390/31251] Prism::NewlineOffsetsTest#"test_whitequark/endless_method_command_syntax.txt" = 0.04 s
[ 6391/31251] Prism::NewlineOffsetsTest#"test_whitequark/endless_method_forwarded_args_legacy.txt" =
 0.02 s
[ 6392/31251] Prism::NewlineOffsetsTest#"test_whitequark/endless_method_with_rescue_mod.txt" = 0.02
s
[ 6393/31251] Prism::NewlineOffsetsTest#"test_whitequark/endless_method_without_args.txt" = 0.02 s
[ 6394/31251] Prism::NewlineOffsetsTest#"test_whitequark/ensure.txt" = 0.02 s
[ 6395/31251] Prism::NewlineOffsetsTest#"test_whitequark/ensure_empty.txt" = 0.01 s
[ 6396/31251] Prism::NewlineOffsetsTest#"test_whitequark/false.txt" = 0.01 s
[ 6397/31251] Prism::NewlineOffsetsTest#"test_whitequark/float.txt" = 0.02 s
[ 6398/31251] Prism::NewlineOffsetsTest#"test_whitequark/for.txt" = 0.02 s
[ 6399/31251] Prism::NewlineOffsetsTest#"test_whitequark/for_mlhs.txt" = 0.02 s
[ 6400/31251] Prism::NewlineOffsetsTest#"test_whitequark/forward_arg.txt" = 0.02 s
[ 6401/31251] Prism::NewlineOffsetsTest#"test_whitequark/forward_arg_with_open_args.txt" = 0.05 s
[ 6402/31251] Prism::NewlineOffsetsTest#"test_whitequark/forward_args_legacy.txt" = 0.02 s
[ 6403/31251] Prism::NewlineOffsetsTest#"test_whitequark/forwarded_argument_with_kwrestarg.txt" = 0.
02 s
[ 6404/31251] Prism::NewlineOffsetsTest#"test_whitequark/forwarded_argument_with_restarg.txt" = 0.02
 s
[ 6405/31251] Prism::NewlineOffsetsTest#"test_whitequark/forwarded_kwrestarg.txt" = 0.02 s
[ 6406/31251] Prism::NewlineOffsetsTest#"test_whitequark/forwarded_kwrestarg_with_additional_kwarg.t
xt" = 0.02 s
[ 6407/31251] Prism::NewlineOffsetsTest#"test_whitequark/forwarded_restarg.txt" = 0.02 s
[ 6408/31251] Prism::NewlineOffsetsTest#"test_whitequark/gvar.txt" = 0.01 s
[ 6409/31251] Prism::NewlineOffsetsTest#"test_whitequark/gvasgn.txt" = 0.01 s
[ 6410/31251] Prism::NewlineOffsetsTest#"test_whitequark/hash_empty.txt" = 0.01 s
[ 6411/31251] Prism::NewlineOffsetsTest#"test_whitequark/hash_hashrocket.txt" = 0.02 s
[ 6412/31251] Prism::NewlineOffsetsTest#"test_whitequark/hash_kwsplat.txt" = 0.02 s
[ 6413/31251] Prism::NewlineOffsetsTest#"test_whitequark/hash_label.txt" = 0.01 s
[ 6414/31251] Prism::NewlineOffsetsTest#"test_whitequark/hash_label_end.txt" = 0.02 s
[ 6415/31251] Prism::NewlineOffsetsTest#"test_whitequark/hash_pair_value_omission.txt" = 0.02 s
[ 6416/31251] Prism::NewlineOffsetsTest#"test_whitequark/heredoc.txt" = 0.02 s
[ 6417/31251] Prism::NewlineOffsetsTest#"test_whitequark/if.txt" = 0.02 s
[ 6418/31251] Prism::NewlineOffsetsTest#"test_whitequark/if_else.txt" = 0.02 s
[ 6419/31251] Prism::NewlineOffsetsTest#"test_whitequark/if_elsif.txt" = 0.10 s
[ 6420/31251] Prism::NewlineOffsetsTest#"test_whitequark/if_masgn__24.txt" = 0.02 s
[ 6421/31251] Prism::NewlineOffsetsTest#"test_whitequark/if_mod.txt" = 0.01 s
[ 6422/31251] Prism::NewlineOffsetsTest#"test_whitequark/if_nl_then.txt" = 0.02 s
[ 6423/31251] Prism::NewlineOffsetsTest#"test_whitequark/int.txt" = 0.02 s
[ 6424/31251] Prism::NewlineOffsetsTest#"test_whitequark/int___LINE__.txt" = 0.01 s
[ 6425/31251] Prism::NewlineOffsetsTest#"test_whitequark/interp_digit_var.txt" = 0.07 s
[ 6426/31251] Prism::NewlineOffsetsTest#"test_whitequark/ivar.txt" = 0.01 s
[ 6427/31251] Prism::NewlineOffsetsTest#"test_whitequark/ivasgn.txt" = 0.01 s
[ 6428/31251] Prism::NewlineOffsetsTest#"test_whitequark/keyword_argument_omission.txt" = 0.02 s
[ 6429/31251] Prism::NewlineOffsetsTest#"test_whitequark/kwarg.txt" = 0.01 s
[ 6430/31251] Prism::NewlineOffsetsTest#"test_whitequark/kwbegin_compstmt.txt" = 0.02 s
[ 6431/31251] Prism::NewlineOffsetsTest#"test_whitequark/kwnilarg.txt" = 0.02 s
[ 6432/31251] Prism::NewlineOffsetsTest#"test_whitequark/kwoptarg.txt" = 0.12 s
[ 6433/31251] Prism::NewlineOffsetsTest#"test_whitequark/kwoptarg_with_kwrestarg_and_forwarded_args.
txt" = 0.02 s
[ 6434/31251] Prism::NewlineOffsetsTest#"test_whitequark/kwrestarg_named.txt" = 0.01 s
[ 6435/31251] Prism::NewlineOffsetsTest#"test_whitequark/kwrestarg_unnamed.txt" = 0.01 s
[ 6436/31251] Prism::NewlineOffsetsTest#"test_whitequark/lbrace_arg_after_command_args.txt" = 0.02 s
[ 6437/31251] Prism::NewlineOffsetsTest#"test_whitequark/lparenarg_after_lvar__since_25.txt" = 0.02
s
[ 6438/31251] Prism::NewlineOffsetsTest#"test_whitequark/lvar.txt" = 0.01 s
[ 6439/31251] Prism::NewlineOffsetsTest#"test_whitequark/lvar_injecting_match.txt" = 0.02 s
[ 6440/31251] Prism::NewlineOffsetsTest#"test_whitequark/lvasgn.txt" = 0.01 s
[ 6441/31251] Prism::NewlineOffsetsTest#"test_whitequark/masgn.txt" = 0.02 s
[ 6442/31251] Prism::NewlineOffsetsTest#"test_whitequark/masgn_attr.txt" = 0.02 s
[ 6443/31251] Prism::NewlineOffsetsTest#"test_whitequark/masgn_cmd.txt" = 0.02 s
[ 6444/31251] Prism::NewlineOffsetsTest#"test_whitequark/masgn_const.txt" = 0.02 s
[ 6445/31251] Prism::NewlineOffsetsTest#"test_whitequark/masgn_nested.txt" = 0.02 s
[ 6446/31251] Prism::NewlineOffsetsTest#"test_whitequark/masgn_splat.txt" = 0.14 s
[ 6447/31251] Prism::NewlineOffsetsTest#"test_whitequark/method_definition_in_while_cond.txt" = 0.03
 s
[ 6448/31251] Prism::NewlineOffsetsTest#"test_whitequark/module.txt" = 0.01 s
[ 6449/31251] Prism::NewlineOffsetsTest#"test_whitequark/multiple_pattern_matches.txt" = 0.03 s
[ 6450/31251] Prism::NewlineOffsetsTest#"test_whitequark/newline_in_hash_argument.txt" = 0.03 s
[ 6451/31251] Prism::NewlineOffsetsTest#"test_whitequark/nil.txt" = 0.01 s
[ 6452/31251] Prism::NewlineOffsetsTest#"test_whitequark/nil_expression.txt" = 0.01 s
[ 6453/31251] Prism::NewlineOffsetsTest#"test_whitequark/non_lvar_injecting_match.txt" = 0.02 s
[ 6454/31251] Prism::NewlineOffsetsTest#"test_whitequark/not.txt" = 0.02 s
[ 6455/31251] Prism::NewlineOffsetsTest#"test_whitequark/not_cmd.txt" = 0.01 s
[ 6456/31251] Prism::NewlineOffsetsTest#"test_whitequark/not_masgn__24.txt" = 0.02 s
[ 6457/31251] Prism::NewlineOffsetsTest#"test_whitequark/nth_ref.txt" = 0.01 s
[ 6458/31251] Prism::NewlineOffsetsTest#"test_whitequark/numbered_args_after_27.txt" = 0.03 s
[ 6459/31251] Prism::NewlineOffsetsTest#"test_whitequark/numparam_outside_block.txt" = 0.02 s
[ 6460/31251] Prism::NewlineOffsetsTest#"test_whitequark/numparam_ruby_bug_19025.txt" = 0.02 s
[ 6461/31251] Prism::NewlineOffsetsTest#"test_whitequark/op_asgn.txt" = 0.02 s
[ 6462/31251] Prism::NewlineOffsetsTest#"test_whitequark/op_asgn_cmd.txt" = 0.03 s
[ 6463/31251] Prism::NewlineOffsetsTest#"test_whitequark/op_asgn_index.txt" = 0.02 s
[ 6464/31251] Prism::NewlineOffsetsTest#"test_whitequark/op_asgn_index_cmd.txt" = 0.02 s
[ 6465/31251] Prism::NewlineOffsetsTest#"test_whitequark/optarg.txt" = 0.02 s
[ 6466/31251] Prism::NewlineOffsetsTest#"test_whitequark/or.txt" = 0.02 s
[ 6467/31251] Prism::NewlineOffsetsTest#"test_whitequark/or_asgn.txt" = 0.02 s
[ 6468/31251] Prism::NewlineOffsetsTest#"test_whitequark/parser_bug_272.txt" = 0.02 s
[ 6469/31251] Prism::NewlineOffsetsTest#"test_whitequark/parser_bug_490.txt" = 0.02 s
[ 6470/31251] Prism::NewlineOffsetsTest#"test_whitequark/parser_bug_507.txt" = 0.02 s
[ 6471/31251] Prism::NewlineOffsetsTest#"test_whitequark/parser_bug_518.txt" = 0.01 s
[ 6472/31251] Prism::NewlineOffsetsTest#"test_whitequark/parser_bug_525.txt" = 0.02 s
[ 6473/31251] Prism::NewlineOffsetsTest#"test_whitequark/parser_bug_604.txt" = 0.02 s
[ 6474/31251] Prism::NewlineOffsetsTest#"test_whitequark/parser_bug_640.txt" = 0.02 s
[ 6475/31251] Prism::NewlineOffsetsTest#"test_whitequark/parser_bug_645.txt" = 0.01 s
[ 6476/31251] Prism::NewlineOffsetsTest#"test_whitequark/parser_bug_830.txt" = 0.01 s
[ 6477/31251] Prism::NewlineOffsetsTest#"test_whitequark/parser_bug_989.txt" = 0.01 s
[ 6478/31251] Prism::NewlineOffsetsTest#"test_whitequark/parser_drops_truncated_parts_of_squiggly_he
redoc.txt" = 0.02 s
[ 6479/31251] Prism::NewlineOffsetsTest#"test_whitequark/parser_slash_slash_n_escaping_in_literals.t
xt" = 0.05 s
[ 6480/31251] Prism::NewlineOffsetsTest#"test_whitequark/pattern_matching__FILE__LINE_literals.txt"
= 0.02 s
[ 6481/31251] Prism::NewlineOffsetsTest#"test_whitequark/pattern_matching_blank_else.txt" = 0.02 s
[ 6482/31251] Prism::NewlineOffsetsTest#"test_whitequark/pattern_matching_else.txt" = 0.02 s
[ 6483/31251] Prism::NewlineOffsetsTest#"test_whitequark/pattern_matching_single_line.txt" = 0.02 s
[ 6484/31251] Prism::NewlineOffsetsTest#"test_whitequark/pattern_matching_single_line_allowed_omissi
on_of_parentheses.txt" = 0.04 s
[ 6485/31251] Prism::NewlineOffsetsTest#"test_whitequark/postexe.txt" = 0.01 s
[ 6486/31251] Prism::NewlineOffsetsTest#"test_whitequark/preexe.txt" = 0.01 s
[ 6487/31251] Prism::NewlineOffsetsTest#"test_whitequark/procarg0.txt" = 0.02 s
[ 6488/31251] Prism::NewlineOffsetsTest#"test_whitequark/range_exclusive.txt" = 0.01 s
[ 6489/31251] Prism::NewlineOffsetsTest#"test_whitequark/range_inclusive.txt" = 0.01 s
[ 6490/31251] Prism::NewlineOffsetsTest#"test_whitequark/rational.txt" = 0.02 s
[ 6491/31251] Prism::NewlineOffsetsTest#"test_whitequark/regex_interp.txt" = 0.02 s
[ 6492/31251] Prism::NewlineOffsetsTest#"test_whitequark/regex_plain.txt" = 0.01 s
[ 6493/31251] Prism::NewlineOffsetsTest#"test_whitequark/resbody_list.txt" = 0.02 s
[ 6494/31251] Prism::NewlineOffsetsTest#"test_whitequark/resbody_list_mrhs.txt" = 0.02 s
[ 6495/31251] Prism::NewlineOffsetsTest#"test_whitequark/resbody_list_var.txt" = 0.02 s
[ 6496/31251] Prism::NewlineOffsetsTest#"test_whitequark/resbody_var.txt" = 0.02 s
[ 6497/31251] Prism::NewlineOffsetsTest#"test_whitequark/rescue.txt" = 0.02 s
[ 6498/31251] Prism::NewlineOffsetsTest#"test_whitequark/rescue_else.txt" = 0.02 s
[ 6499/31251] Prism::NewlineOffsetsTest#"test_whitequark/rescue_else_ensure.txt" = 0.02 s
[ 6500/31251] Prism::NewlineOffsetsTest#"test_whitequark/rescue_ensure.txt" = 0.02 s
[ 6501/31251] Prism::NewlineOffsetsTest#"test_whitequark/rescue_in_lambda_block.txt" = 0.01 s
[ 6502/31251] Prism::NewlineOffsetsTest#"test_whitequark/rescue_mod.txt" = 0.02 s
[ 6503/31251] Prism::NewlineOffsetsTest#"test_whitequark/rescue_mod_asgn.txt" = 0.02 s
[ 6504/31251] Prism::NewlineOffsetsTest#"test_whitequark/rescue_mod_masgn.txt" = 0.02 s
[ 6505/31251] Prism::NewlineOffsetsTest#"test_whitequark/rescue_mod_op_assign.txt" = 0.02 s
[ 6506/31251] Prism::NewlineOffsetsTest#"test_whitequark/rescue_without_begin_end.txt" = 0.02 s
[ 6507/31251] Prism::NewlineOffsetsTest#"test_whitequark/restarg_named.txt" = 0.01 s
[ 6508/31251] Prism::NewlineOffsetsTest#"test_whitequark/restarg_unnamed.txt" = 0.01 s
[ 6509/31251] Prism::NewlineOffsetsTest#"test_whitequark/return.txt" = 0.02 s
[ 6510/31251] Prism::NewlineOffsetsTest#"test_whitequark/return_block.txt" = 0.02 s
[ 6511/31251] Prism::NewlineOffsetsTest#"test_whitequark/ruby_bug_10279.txt" = 0.01 s
[ 6512/31251] Prism::NewlineOffsetsTest#"test_whitequark/ruby_bug_10653.txt" = 0.03 s
[ 6513/31251] Prism::NewlineOffsetsTest#"test_whitequark/ruby_bug_11107.txt" = 0.02 s
[ 6514/31251] Prism::NewlineOffsetsTest#"test_whitequark/ruby_bug_11380.txt" = 0.02 s
[ 6515/31251] Prism::NewlineOffsetsTest#"test_whitequark/ruby_bug_11873.txt" = 0.06 s
[ 6516/31251] Prism::NewlineOffsetsTest#"test_whitequark/ruby_bug_11873_a.txt" = 0.10 s
[ 6517/31251] Prism::NewlineOffsetsTest#"test_whitequark/ruby_bug_11873_b.txt" = 0.02 s
[ 6518/31251] Prism::NewlineOffsetsTest#"test_whitequark/ruby_bug_11989.txt" = 0.01 s
[ 6519/31251] Prism::NewlineOffsetsTest#"test_whitequark/ruby_bug_11990.txt" = 0.02 s
[ 6520/31251] Prism::NewlineOffsetsTest#"test_whitequark/ruby_bug_12073.txt" = 0.02 s
[ 6521/31251] Prism::NewlineOffsetsTest#"test_whitequark/ruby_bug_12402.txt" = 0.06 s
[ 6522/31251] Prism::NewlineOffsetsTest#"test_whitequark/ruby_bug_12669.txt" = 0.02 s
[ 6523/31251] Prism::NewlineOffsetsTest#"test_whitequark/ruby_bug_12686.txt" = 0.02 s
[ 6524/31251] Prism::NewlineOffsetsTest#"test_whitequark/ruby_bug_13547.txt" = 0.02 s
[ 6525/31251] Prism::NewlineOffsetsTest#"test_whitequark/ruby_bug_14690.txt" = 0.02 s
[ 6526/31251] Prism::NewlineOffsetsTest#"test_whitequark/ruby_bug_15789.txt" = 0.02 s
[ 6527/31251] Prism::NewlineOffsetsTest#"test_whitequark/ruby_bug_9669.txt" = 0.02 s
[ 6528/31251] Prism::NewlineOffsetsTest#"test_whitequark/sclass.txt" = 0.01 s
[ 6529/31251] Prism::NewlineOffsetsTest#"test_whitequark/self.txt" = 0.01 s
[ 6530/31251] Prism::NewlineOffsetsTest#"test_whitequark/send_attr_asgn.txt" = 0.02 s
[ 6531/31251] Prism::NewlineOffsetsTest#"test_whitequark/send_attr_asgn_conditional.txt" = 0.02 s
[ 6532/31251] Prism::NewlineOffsetsTest#"test_whitequark/send_binary_op.txt" = 0.07 s
[ 6533/31251] Prism::NewlineOffsetsTest#"test_whitequark/send_block_chain_cmd.txt" = 0.04 s
[ 6534/31251] Prism::NewlineOffsetsTest#"test_whitequark/send_block_conditional.txt" = 0.01 s
[ 6535/31251] Prism::NewlineOffsetsTest#"test_whitequark/send_call.txt" = 0.02 s
[ 6536/31251] Prism::NewlineOffsetsTest#"test_whitequark/send_conditional.txt" = 0.01 s
[ 6537/31251] Prism::NewlineOffsetsTest#"test_whitequark/send_index.txt" = 0.01 s
[ 6538/31251] Prism::NewlineOffsetsTest#"test_whitequark/send_index_asgn.txt" = 0.02 s
[ 6539/31251] Prism::NewlineOffsetsTest#"test_whitequark/send_index_asgn_legacy.txt" = 0.07 s
[ 6540/31251] Prism::NewlineOffsetsTest#"test_whitequark/send_index_cmd.txt" = 0.02 s
[ 6541/31251] Prism::NewlineOffsetsTest#"test_whitequark/send_index_legacy.txt" = 0.01 s
[ 6542/31251] Prism::NewlineOffsetsTest#"test_whitequark/send_lambda.txt" = 0.02 s
[ 6543/31251] Prism::NewlineOffsetsTest#"test_whitequark/send_lambda_args.txt" = 0.02 s
[ 6544/31251] Prism::NewlineOffsetsTest#"test_whitequark/send_lambda_args_noparen.txt" = 0.02 s
[ 6545/31251] Prism::NewlineOffsetsTest#"test_whitequark/send_lambda_args_shadow.txt" = 0.02 s
[ 6546/31251] Prism::NewlineOffsetsTest#"test_whitequark/send_lambda_legacy.txt" = 0.01 s
[ 6547/31251] Prism::NewlineOffsetsTest#"test_whitequark/send_op_asgn_conditional.txt" = 0.01 s
[ 6548/31251] Prism::NewlineOffsetsTest#"test_whitequark/send_plain.txt" = 0.02 s
[ 6549/31251] Prism::NewlineOffsetsTest#"test_whitequark/send_plain_cmd.txt" = 0.02 s
[ 6550/31251] Prism::NewlineOffsetsTest#"test_whitequark/send_self.txt" = 0.02 s
[ 6551/31251] Prism::NewlineOffsetsTest#"test_whitequark/send_self_block.txt" = 0.02 s
[ 6552/31251] Prism::NewlineOffsetsTest#"test_whitequark/send_unary_op.txt" = 0.02 s
[ 6553/31251] Prism::NewlineOffsetsTest#"test_whitequark/slash_newline_in_heredocs.txt" = 0.02 s
[ 6554/31251] Prism::NewlineOffsetsTest#"test_whitequark/space_args_arg.txt" = 0.01 s
[ 6555/31251] Prism::NewlineOffsetsTest#"test_whitequark/space_args_arg_block.txt" = 0.02 s
[ 6556/31251] Prism::NewlineOffsetsTest#"test_whitequark/space_args_arg_call.txt" = 0.02 s
[ 6557/31251] Prism::NewlineOffsetsTest#"test_whitequark/space_args_arg_newline.txt" = 0.01 s
[ 6558/31251] Prism::NewlineOffsetsTest#"test_whitequark/space_args_block.txt" = 0.01 s
[ 6559/31251] Prism::NewlineOffsetsTest#"test_whitequark/space_args_cmd.txt" = 0.02 s
[ 6560/31251] Prism::NewlineOffsetsTest#"test_whitequark/string___FILE__.txt" = 0.02 s
[ 6561/31251] Prism::NewlineOffsetsTest#"test_whitequark/string_concat.txt" = 0.02 s
[ 6562/31251] Prism::NewlineOffsetsTest#"test_whitequark/string_dvar.txt" = 0.02 s
[ 6563/31251] Prism::NewlineOffsetsTest#"test_whitequark/string_interp.txt" = 0.02 s
[ 6564/31251] Prism::NewlineOffsetsTest#"test_whitequark/string_plain.txt" = 0.02 s
[ 6565/31251] Prism::NewlineOffsetsTest#"test_whitequark/super.txt" = 0.02 s
[ 6566/31251] Prism::NewlineOffsetsTest#"test_whitequark/super_block.txt" = 0.08 s
[ 6567/31251] Prism::NewlineOffsetsTest#"test_whitequark/symbol_interp.txt" = 0.02 s
[ 6568/31251] Prism::NewlineOffsetsTest#"test_whitequark/symbol_plain.txt" = 0.02 s
[ 6569/31251] Prism::NewlineOffsetsTest#"test_whitequark/ternary.txt" = 0.02 s
[ 6570/31251] Prism::NewlineOffsetsTest#"test_whitequark/ternary_ambiguous_symbol.txt" = 0.02 s
[ 6571/31251] Prism::NewlineOffsetsTest#"test_whitequark/trailing_forward_arg.txt" = 0.02 s
[ 6572/31251] Prism::NewlineOffsetsTest#"test_whitequark/true.txt" = 0.01 s
[ 6573/31251] Prism::NewlineOffsetsTest#"test_whitequark/unary_num_pow_precedence.txt" = 0.02 s
[ 6574/31251] Prism::NewlineOffsetsTest#"test_whitequark/undef.txt" = 0.02 s
[ 6575/31251] Prism::NewlineOffsetsTest#"test_whitequark/unless.txt" = 0.02 s
[ 6576/31251] Prism::NewlineOffsetsTest#"test_whitequark/unless_else.txt" = 0.02 s
[ 6577/31251] Prism::NewlineOffsetsTest#"test_whitequark/unless_mod.txt" = 0.01 s
[ 6578/31251] Prism::NewlineOffsetsTest#"test_whitequark/until.txt" = 0.02 s
[ 6579/31251] Prism::NewlineOffsetsTest#"test_whitequark/until_mod.txt" = 0.01 s
[ 6580/31251] Prism::NewlineOffsetsTest#"test_whitequark/until_post.txt" = 0.02 s
[ 6581/31251] Prism::NewlineOffsetsTest#"test_whitequark/var_and_asgn.txt" = 0.01 s
[ 6582/31251] Prism::NewlineOffsetsTest#"test_whitequark/var_op_asgn.txt" = 0.02 s
[ 6583/31251] Prism::NewlineOffsetsTest#"test_whitequark/var_op_asgn_cmd.txt" = 0.02 s
[ 6584/31251] Prism::NewlineOffsetsTest#"test_whitequark/var_or_asgn.txt" = 0.01 s
[ 6585/31251] Prism::NewlineOffsetsTest#"test_whitequark/when_multi.txt" = 0.02 s
[ 6586/31251] Prism::NewlineOffsetsTest#"test_whitequark/when_splat.txt" = 0.02 s
[ 6587/31251] Prism::NewlineOffsetsTest#"test_whitequark/when_then.txt" = 0.02 s
[ 6588/31251] Prism::NewlineOffsetsTest#"test_whitequark/while.txt" = 0.02 s
[ 6589/31251] Prism::NewlineOffsetsTest#"test_whitequark/while_mod.txt" = 0.01 s
[ 6590/31251] Prism::NewlineOffsetsTest#"test_whitequark/while_post.txt" = 0.01 s
[ 6591/31251] Prism::NewlineOffsetsTest#"test_whitequark/xstring_interp.txt" = 0.02 s
[ 6592/31251] Prism::NewlineOffsetsTest#"test_whitequark/xstring_plain.txt" = 0.01 s
[ 6593/31251] Prism::NewlineOffsetsTest#"test_whitequark/zsuper.txt" = 0.01 s
[ 6594/31251] Prism::NewlineOffsetsTest#"test_xstring.txt" = 0.02 s
[ 6595/31251] Prism::NewlineOffsetsTest#"test_xstring_with_backslash.txt" = 0.01 s
[ 6596/31251] Prism::NewlineOffsetsTest#"test_yield.txt" = 0.02 s
[ 6597/31251] Prism::NewlineTest#"test_api/command_line_test.rb" = 0.66 s
[ 6598/31251] Prism::NewlineTest#"test_api/dump_test.rb" = 0.34 s
[ 6599/31251] Prism::NewlineTest#"test_api/lex_test.rb" = 0.11 s
[ 6600/31251] Prism::NewlineTest#"test_api/parse_comments_test.rb" = 0.15 s
[ 6601/31251] Prism::NewlineTest#"test_api/parse_stream_test.rb" = 0.44 s
[ 6602/31251] Prism::NewlineTest#"test_api/parse_success_test.rb" = 0.08 s
[ 6603/31251] Prism::NewlineTest#"test_api/parse_test.rb" = 0.89 s
[ 6604/31251] Prism::NewlineTest#"test_bom_test.rb" = 0.25 s
[ 6605/31251] Prism::NewlineTest#"test_encoding/encodings_test.rb" = 0.58 s
[ 6606/31251] Prism::NewlineTest#"test_encoding/symbol_encoding_test.rb" = 0.58 s
[ 6607/31251] Prism::NewlineTest#"test_fixtures_test.rb" = 0.11 s
[ 6608/31251] Prism::NewlineTest#"test_fuzzer_test.rb" = 0.31 s
[ 6609/31251] Prism::NewlineTest#"test_heredoc_dedent_test.rb" = 0.46 s
[ 6610/31251] Prism::NewlineTest#"test_lex_test.rb" = 0.39 s
[ 6611/31251] Prism::NewlineTest#"test_library_symbols_test.rb" = 0.59 s
[ 6612/31251] Prism::NewlineTest#"test_magic_comment_test.rb" = 0.55 s
[ 6613/31251] Prism::NewlineTest#"test_newline_offsets_test.rb" = 0.14 s
[ 6614/31251] Prism::NewlineTest#"test_newline_test.rb" = 0.54 s
[ 6615/31251] Prism::NewlineTest#"test_onigmo_test.rb" = 0.32 s
[ 6616/31251] Prism::NewlineTest#"test_percent_delimiter_string_test.rb" = 0.40 s
[ 6617/31251] Prism::NewlineTest#"test_result/attribute_write_test.rb" = 0.24 s
[ 6618/31251] Prism::NewlineTest#"test_result/comments_test.rb" = 0.65 s
[ 6619/31251] Prism::NewlineTest#"test_result/constant_path_node_test.rb" = 0.33 s
[ 6620/31251] Prism::NewlineTest#"test_result/equality_test.rb" = 0.14 s
[ 6621/31251] Prism::NewlineTest#"test_result/heredoc_test.rb" = 0.12 s
[ 6622/31251] Prism::NewlineTest#"test_result/implicit_array_test.rb" = 0.27 s
[ 6623/31251] Prism::NewlineTest#"test_result/index_write_test.rb" = 0.23 s
[ 6624/31251] Prism::NewlineTest#"test_result/integer_base_flags_test.rb" = 0.16 s
[ 6625/31251] Prism::NewlineTest#"test_result/integer_parse_test.rb" = 0.27 s
[ 6626/31251] Prism::NewlineTest#"test_result/node_id_test.rb" = 0.15 s
[ 6627/31251] Prism::NewlineTest#"test_result/numeric_value_test.rb" = 0.17 s
[ 6628/31251] Prism::NewlineTest#"test_result/overlap_test.rb" = 0.21 s
[ 6629/31251] Prism::NewlineTest#"test_result/regular_expression_options_test.rb" = 0.19 s
[ 6630/31251] Prism::NewlineTest#"test_result/source_location_test.rb" = 6.62 s
[ 6631/31251] Prism::NewlineTest#"test_result/static_inspect_test.rb" = 0.51 s
[ 6632/31251] Prism::NewlineTest#"test_ruby/compiler_test.rb" = 0.15 s
[ 6633/31251] Prism::NewlineTest#"test_ruby/desugar_compiler_test.rb" = 0.47 s
[ 6634/31251] Prism::NewlineTest#"test_ruby/dispatcher_test.rb" = 0.21 s
[ 6635/31251] Prism::NewlineTest#"test_ruby/location_test.rb" = 14.73 s
[ 6636/31251] Prism::NewlineTest#"test_ruby/parameters_signature_test.rb" = 0.46 s
[ 6637/31251] Prism::NewlineTest#"test_ruby/pattern_test.rb" = 0.76 s
[ 6638/31251] Prism::NewlineTest#"test_ruby/reflection_test.rb" = 0.12 s
[ 6639/31251] Prism::NewlineTest#"test_ruby/relocation_test.rb" = 1.24 s
[ 6640/31251] Prism::NewlineTest#"test_ruby/ripper_test.rb" = 0.17 s
[ 6641/31251] Prism::NewlineTest#"test_ruby/string_query_test.rb" = 0.46 s
[ 6642/31251] Prism::NewlineTest#"test_ruby/tunnel_test.rb" = 0.16 s
[ 6643/31251] Prism::NewlineTest#"test_snippets_test.rb" = 0.19 s
[ 6644/31251] Prism::NewlineTest#"test_version_test.rb" = 0.05 s
[ 6645/31251] Prism::NodeIdTest#"test_alias.txt" = 0.04 s
[ 6646/31251] Prism::NodeIdTest#"test_arithmetic.txt" = 0.04 s
[ 6647/31251] Prism::NodeIdTest#"test_arrays.txt" = 0.18 s
[ 6648/31251] Prism::NodeIdTest#"test_begin_ensure.txt" = 0.05 s
[ 6649/31251] Prism::NodeIdTest#"test_begin_rescue.txt" = 0.10 s
[ 6650/31251] Prism::NodeIdTest#"test_blocks.txt" = 0.09 s
[ 6651/31251] Prism::NodeIdTest#"test_boolean_operators.txt" = 0.02 s
[ 6652/31251] Prism::NodeIdTest#"test_booleans.txt" = 0.02 s
[ 6653/31251] Prism::NodeIdTest#"test_break.txt" = 0.07 s
[ 6654/31251] Prism::NodeIdTest#"test_case.txt" = 0.08 s
[ 6655/31251] Prism::NodeIdTest#"test_classes.txt" = 0.06 s
[ 6656/31251] Prism::NodeIdTest#"test_command_method_call.txt" = 0.09 s
[ 6657/31251] Prism::NodeIdTest#"test_comments.txt" = 0.03 s
[ 6658/31251] Prism::NodeIdTest#"test_constants.txt" = 0.15 s
[ 6659/31251] Prism::NodeIdTest#"test_dash_heredocs.txt" = 0.05 s
[ 6660/31251] Prism::NodeIdTest#"test_defined.txt" = 0.03 s
[ 6661/31251] Prism::NodeIdTest#"test_dos_endings.txt" = 0.03 s
[ 6662/31251] Prism::NodeIdTest#"test_dstring.txt" = 0.03 s
[ 6663/31251] Prism::NodeIdTest#"test_dsym_str.txt" = 0.02 s
[ 6664/31251] Prism::NodeIdTest#"test_embdoc_no_newline_at_end.txt" = 0.01 s
[ 6665/31251] Prism::NodeIdTest#"test_emoji_method_calls.txt" = 0.02 s
[ 6666/31251] Prism::NodeIdTest#"test_endless_methods.txt" = 0.03 s
[ 6667/31251] Prism::NodeIdTest#"test_endless_range_in_conditional.txt" = 0.02 s
[ 6668/31251] Prism::NodeIdTest#"test_for.txt" = 0.04 s
[ 6669/31251] Prism::NodeIdTest#"test_global_variables.txt" = 0.06 s
[ 6670/31251] Prism::NodeIdTest#"test_hashes.txt" = 0.05 s
[ 6671/31251] Prism::NodeIdTest#"test_heredoc.txt" = 0.01 s
[ 6672/31251] Prism::NodeIdTest#"test_heredoc_with_carriage_returns.txt" = 0.02 s
[ 6673/31251] Prism::NodeIdTest#"test_heredoc_with_comment.txt" = 0.02 s
[ 6674/31251] Prism::NodeIdTest#"test_heredoc_with_escaped_newline_at_start.txt" = 0.02 s
[ 6675/31251] Prism::NodeIdTest#"test_heredoc_with_trailing_newline.txt" = 0.02 s
[ 6676/31251] Prism::NodeIdTest#"test_heredocs_leading_whitespace.txt" = 0.02 s
[ 6677/31251] Prism::NodeIdTest#"test_heredocs_nested.txt" = 0.03 s
[ 6678/31251] Prism::NodeIdTest#"test_heredocs_with_ignored_newlines.txt" = 0.02 s
[ 6679/31251] Prism::NodeIdTest#"test_heredocs_with_ignored_newlines_and_non_empty.txt" = 0.01 s
[ 6680/31251] Prism::NodeIdTest#"test_if.txt" = 0.08 s
[ 6681/31251] Prism::NodeIdTest#"test_indented_file_end.txt" = 0.02 s
[ 6682/31251] Prism::NodeIdTest#"test_integer_operations.txt" = 0.10 s
[ 6683/31251] Prism::NodeIdTest#"test_it_indirect_writes.txt" = 0.06 s
[ 6684/31251] Prism::NodeIdTest#"test_keyword_method_names.txt" = 0.03 s
[ 6685/31251] Prism::NodeIdTest#"test_keywords.txt" = 0.02 s
[ 6686/31251] Prism::NodeIdTest#"test_lambda.txt" = 0.05 s
[ 6687/31251] Prism::NodeIdTest#"test_method_calls.txt" = 0.26 s
[ 6688/31251] Prism::NodeIdTest#"test_methods.txt" = 0.23 s
[ 6689/31251] Prism::NodeIdTest#"test_modules.txt" = 0.04 s
[ 6690/31251] Prism::NodeIdTest#"test_multi_write.txt" = 0.03 s
[ 6691/31251] Prism::NodeIdTest#"test_newline_terminated.txt" = 0.03 s
[ 6692/31251] Prism::NodeIdTest#"test_next.txt" = 0.06 s
[ 6693/31251] Prism::NodeIdTest#"test_nils.txt" = 0.02 s
[ 6694/31251] Prism::NodeIdTest#"test_non_alphanumeric_methods.txt" = 0.05 s
[ 6695/31251] Prism::NodeIdTest#"test_not.txt" = 0.04 s
[ 6696/31251] Prism::NodeIdTest#"test_numbers.txt" = 0.05 s
[ 6697/31251] Prism::NodeIdTest#"test_patterns.txt" = 0.57 s
[ 6698/31251] Prism::NodeIdTest#"test_procs.txt" = 0.06 s
[ 6699/31251] Prism::NodeIdTest#"test_range_begin_open_exclusive.txt" = 0.02 s
[ 6700/31251] Prism::NodeIdTest#"test_range_begin_open_inclusive.txt" = 0.02 s
[ 6701/31251] Prism::NodeIdTest#"test_range_beginless.txt" = 0.02 s
[ 6702/31251] Prism::NodeIdTest#"test_range_end_open_exclusive.txt" = 0.02 s
[ 6703/31251] Prism::NodeIdTest#"test_range_end_open_inclusive.txt" = 0.02 s
[ 6704/31251] Prism::NodeIdTest#"test_ranges.txt" = 0.08 s
[ 6705/31251] Prism::NodeIdTest#"test_regex.txt" = 0.08 s
[ 6706/31251] Prism::NodeIdTest#"test_regex_char_width.txt" = 0.02 s
[ 6707/31251] Prism::NodeIdTest#"test_regex_escape_encoding.txt" = 0.02 s
[ 6708/31251] Prism::NodeIdTest#"test_repeat_parameters.txt" = 0.07 s
[ 6709/31251] Prism::NodeIdTest#"test_rescue.txt" = 0.07 s
[ 6710/31251] Prism::NodeIdTest#"test_rescue_modifier.txt" = 0.03 s
[ 6711/31251] Prism::NodeIdTest#"test_return.txt" = 0.04 s
[ 6712/31251] Prism::NodeIdTest#"test_seattlerb/BEGIN.txt" = 0.02 s
[ 6713/31251] Prism::NodeIdTest#"test_seattlerb/TestRubyParserShared.txt" = 0.06 s
[ 6714/31251] Prism::NodeIdTest#"test_seattlerb/__ENCODING__.txt" = 0.01 s
[ 6715/31251] Prism::NodeIdTest#"test_seattlerb/alias_gvar_backref.txt" = 0.02 s
[ 6716/31251] Prism::NodeIdTest#"test_seattlerb/alias_resword.txt" = 0.02 s
[ 6717/31251] Prism::NodeIdTest#"test_seattlerb/and_multi.txt" = 0.02 s
[ 6718/31251] Prism::NodeIdTest#"test_seattlerb/aref_args_assocs.txt" = 0.02 s
[ 6719/31251] Prism::NodeIdTest#"test_seattlerb/aref_args_lit_assocs.txt" = 0.02 s
[ 6720/31251] Prism::NodeIdTest#"test_seattlerb/args_kw_block.txt" = 0.02 s
[ 6721/31251] Prism::NodeIdTest#"test_seattlerb/array_line_breaks.txt" = 0.02 s
[ 6722/31251] Prism::NodeIdTest#"test_seattlerb/array_lits_trailing_calls.txt" = 0.02 s
[ 6723/31251] Prism::NodeIdTest#"test_seattlerb/assoc__bare.txt" = 0.02 s
[ 6724/31251] Prism::NodeIdTest#"test_seattlerb/assoc_label.txt" = 0.02 s
[ 6725/31251] Prism::NodeIdTest#"test_seattlerb/attr_asgn_colon_id.txt" = 0.02 s
[ 6726/31251] Prism::NodeIdTest#"test_seattlerb/attrasgn_array_arg.txt" = 0.02 s
[ 6727/31251] Prism::NodeIdTest#"test_seattlerb/attrasgn_array_lhs.txt" = 0.02 s
[ 6728/31251] Prism::NodeIdTest#"test_seattlerb/attrasgn_primary_dot_constant.txt" = 0.02 s
[ 6729/31251] Prism::NodeIdTest#"test_seattlerb/backticks_interpolation_line.txt" = 0.02 s
[ 6730/31251] Prism::NodeIdTest#"test_seattlerb/bang_eq.txt" = 0.02 s
[ 6731/31251] Prism::NodeIdTest#"test_seattlerb/bdot2.txt" = 0.02 s
[ 6732/31251] Prism::NodeIdTest#"test_seattlerb/bdot3.txt" = 0.02 s
[ 6733/31251] Prism::NodeIdTest#"test_seattlerb/begin_ensure_no_bodies.txt" = 0.02 s
[ 6734/31251] Prism::NodeIdTest#"test_seattlerb/begin_rescue_else_ensure_bodies.txt" = 0.02 s
[ 6735/31251] Prism::NodeIdTest#"test_seattlerb/begin_rescue_else_ensure_no_bodies.txt" = 0.02 s
[ 6736/31251] Prism::NodeIdTest#"test_seattlerb/begin_rescue_ensure_no_bodies.txt" = 0.02 s
[ 6737/31251] Prism::NodeIdTest#"test_seattlerb/block_arg__bare.txt" = 0.02 s
[ 6738/31251] Prism::NodeIdTest#"test_seattlerb/block_arg_kwsplat.txt" = 0.02 s
[ 6739/31251] Prism::NodeIdTest#"test_seattlerb/block_arg_opt_arg_block.txt" = 0.02 s
[ 6740/31251] Prism::NodeIdTest#"test_seattlerb/block_arg_opt_splat.txt" = 0.02 s
[ 6741/31251] Prism::NodeIdTest#"test_seattlerb/block_arg_opt_splat_arg_block_omfg.txt" = 0.02 s
[ 6742/31251] Prism::NodeIdTest#"test_seattlerb/block_arg_optional.txt" = 0.02 s
[ 6743/31251] Prism::NodeIdTest#"test_seattlerb/block_arg_scope.txt" = 0.02 s
[ 6744/31251] Prism::NodeIdTest#"test_seattlerb/block_arg_scope2.txt" = 0.02 s
[ 6745/31251] Prism::NodeIdTest#"test_seattlerb/block_arg_splat_arg.txt" = 0.02 s
[ 6746/31251] Prism::NodeIdTest#"test_seattlerb/block_args_kwargs.txt" = 0.02 s
[ 6747/31251] Prism::NodeIdTest#"test_seattlerb/block_args_no_kwargs.txt" = 0.02 s
[ 6748/31251] Prism::NodeIdTest#"test_seattlerb/block_args_opt1.txt" = 0.02 s
[ 6749/31251] Prism::NodeIdTest#"test_seattlerb/block_args_opt2.txt" = 0.02 s
[ 6750/31251] Prism::NodeIdTest#"test_seattlerb/block_args_opt2_2.txt" = 0.02 s
[ 6751/31251] Prism::NodeIdTest#"test_seattlerb/block_args_opt3.txt" = 0.02 s
[ 6752/31251] Prism::NodeIdTest#"test_seattlerb/block_call_defn_call_block_call.txt" = 0.02 s
[ 6753/31251] Prism::NodeIdTest#"test_seattlerb/block_call_dot_op2_brace_block.txt" = 0.02 s
[ 6754/31251] Prism::NodeIdTest#"test_seattlerb/block_call_dot_op2_cmd_args_do_block.txt" = 0.02 s
[ 6755/31251] Prism::NodeIdTest#"test_seattlerb/block_call_operation_colon.txt" = 0.02 s
[ 6756/31251] Prism::NodeIdTest#"test_seattlerb/block_call_operation_dot.txt" = 0.02 s
[ 6757/31251] Prism::NodeIdTest#"test_seattlerb/block_call_paren_call_block_call.txt" = 0.02 s
[ 6758/31251] Prism::NodeIdTest#"test_seattlerb/block_command_operation_colon.txt" = 0.02 s
[ 6759/31251] Prism::NodeIdTest#"test_seattlerb/block_command_operation_dot.txt" = 0.02 s
[ 6760/31251] Prism::NodeIdTest#"test_seattlerb/block_decomp_anon_splat_arg.txt" = 0.02 s
[ 6761/31251] Prism::NodeIdTest#"test_seattlerb/block_decomp_arg_splat.txt" = 0.02 s
[ 6762/31251] Prism::NodeIdTest#"test_seattlerb/block_decomp_arg_splat_arg.txt" = 0.02 s
[ 6763/31251] Prism::NodeIdTest#"test_seattlerb/block_decomp_splat.txt" = 0.02 s
[ 6764/31251] Prism::NodeIdTest#"test_seattlerb/block_kw.txt" = 0.02 s
[ 6765/31251] Prism::NodeIdTest#"test_seattlerb/block_kw__required.txt" = 0.02 s
[ 6766/31251] Prism::NodeIdTest#"test_seattlerb/block_kwarg_lvar.txt" = 0.02 s
[ 6767/31251] Prism::NodeIdTest#"test_seattlerb/block_kwarg_lvar_multiple.txt" = 0.02 s
[ 6768/31251] Prism::NodeIdTest#"test_seattlerb/block_opt_arg.txt" = 0.02 s
[ 6769/31251] Prism::NodeIdTest#"test_seattlerb/block_opt_splat.txt" = 0.02 s
[ 6770/31251] Prism::NodeIdTest#"test_seattlerb/block_opt_splat_arg_block_omfg.txt" = 0.02 s
[ 6771/31251] Prism::NodeIdTest#"test_seattlerb/block_optarg.txt" = 0.02 s
[ 6772/31251] Prism::NodeIdTest#"test_seattlerb/block_paren_splat.txt" = 0.02 s
[ 6773/31251] Prism::NodeIdTest#"test_seattlerb/block_reg_optarg.txt" = 0.02 s
[ 6774/31251] Prism::NodeIdTest#"test_seattlerb/block_return.txt" = 0.02 s
[ 6775/31251] Prism::NodeIdTest#"test_seattlerb/block_scope.txt" = 0.02 s
[ 6776/31251] Prism::NodeIdTest#"test_seattlerb/block_splat_reg.txt" = 0.02 s
[ 6777/31251] Prism::NodeIdTest#"test_seattlerb/bug169.txt" = 0.02 s
[ 6778/31251] Prism::NodeIdTest#"test_seattlerb/bug179.txt" = 0.02 s
[ 6779/31251] Prism::NodeIdTest#"test_seattlerb/bug190.txt" = 0.01 s
[ 6780/31251] Prism::NodeIdTest#"test_seattlerb/bug191.txt" = 0.02 s
[ 6781/31251] Prism::NodeIdTest#"test_seattlerb/bug202.txt" = 0.02 s
[ 6782/31251] Prism::NodeIdTest#"test_seattlerb/bug236.txt" = 0.02 s
[ 6783/31251] Prism::NodeIdTest#"test_seattlerb/bug290.txt" = 0.02 s
[ 6784/31251] Prism::NodeIdTest#"test_seattlerb/bug_187.txt" = 0.02 s
[ 6785/31251] Prism::NodeIdTest#"test_seattlerb/bug_215.txt" = 0.01 s
[ 6786/31251] Prism::NodeIdTest#"test_seattlerb/bug_249.txt" = 0.02 s
[ 6787/31251] Prism::NodeIdTest#"test_seattlerb/bug_and.txt" = 0.02 s
[ 6788/31251] Prism::NodeIdTest#"test_seattlerb/bug_args__19.txt" = 0.02 s
[ 6789/31251] Prism::NodeIdTest#"test_seattlerb/bug_args_masgn.txt" = 0.02 s
[ 6790/31251] Prism::NodeIdTest#"test_seattlerb/bug_args_masgn2.txt" = 0.02 s
[ 6791/31251] Prism::NodeIdTest#"test_seattlerb/bug_args_masgn_outer_parens__19.txt" = 0.02 s
[ 6792/31251] Prism::NodeIdTest#"test_seattlerb/bug_call_arglist_parens.txt" = 0.03 s
[ 6793/31251] Prism::NodeIdTest#"test_seattlerb/bug_case_when_regexp.txt" = 0.02 s
[ 6794/31251] Prism::NodeIdTest#"test_seattlerb/bug_comma.txt" = 0.02 s
[ 6795/31251] Prism::NodeIdTest#"test_seattlerb/bug_cond_pct.txt" = 0.02 s
[ 6796/31251] Prism::NodeIdTest#"test_seattlerb/bug_hash_args.txt" = 0.02 s
[ 6797/31251] Prism::NodeIdTest#"test_seattlerb/bug_hash_args_trailing_comma.txt" = 0.02 s
[ 6798/31251] Prism::NodeIdTest#"test_seattlerb/bug_hash_interp_array.txt" = 0.02 s
[ 6799/31251] Prism::NodeIdTest#"test_seattlerb/bug_masgn_right.txt" = 0.02 s
[ 6800/31251] Prism::NodeIdTest#"test_seattlerb/bug_not_parens.txt" = 0.02 s
[ 6801/31251] Prism::NodeIdTest#"test_seattlerb/bug_op_asgn_rescue.txt" = 0.02 s
[ 6802/31251] Prism::NodeIdTest#"test_seattlerb/call_and.txt" = 0.02 s
[ 6803/31251] Prism::NodeIdTest#"test_seattlerb/call_arg_assoc.txt" = 0.02 s
[ 6804/31251] Prism::NodeIdTest#"test_seattlerb/call_arg_assoc_kwsplat.txt" = 0.02 s
[ 6805/31251] Prism::NodeIdTest#"test_seattlerb/call_arg_kwsplat.txt" = 0.02 s
[ 6806/31251] Prism::NodeIdTest#"test_seattlerb/call_args_assoc_quoted.txt" = 0.03 s
[ 6807/31251] Prism::NodeIdTest#"test_seattlerb/call_args_assoc_trailing_comma.txt" = 0.02 s
[ 6808/31251] Prism::NodeIdTest#"test_seattlerb/call_args_command.txt" = 0.02 s
[ 6809/31251] Prism::NodeIdTest#"test_seattlerb/call_array_arg.txt" = 0.02 s
[ 6810/31251] Prism::NodeIdTest#"test_seattlerb/call_array_block_call.txt" = 0.02 s
[ 6811/31251] Prism::NodeIdTest#"test_seattlerb/call_array_lambda_block_call.txt" = 0.02 s
[ 6812/31251] Prism::NodeIdTest#"test_seattlerb/call_array_lit_inline_hash.txt" = 0.02 s
[ 6813/31251] Prism::NodeIdTest#"test_seattlerb/call_assoc.txt" = 0.02 s
[ 6814/31251] Prism::NodeIdTest#"test_seattlerb/call_assoc_new.txt" = 0.02 s
[ 6815/31251] Prism::NodeIdTest#"test_seattlerb/call_assoc_new_if_multiline.txt" = 0.02 s
[ 6816/31251] Prism::NodeIdTest#"test_seattlerb/call_assoc_trailing_comma.txt" = 0.02 s
[ 6817/31251] Prism::NodeIdTest#"test_seattlerb/call_bang_command_call.txt" = 0.02 s
[ 6818/31251] Prism::NodeIdTest#"test_seattlerb/call_bang_squiggle.txt" = 0.02 s
[ 6819/31251] Prism::NodeIdTest#"test_seattlerb/call_begin_call_block_call.txt" = 0.02 s
[ 6820/31251] Prism::NodeIdTest#"test_seattlerb/call_block_arg_named.txt" = 0.02 s
[ 6821/31251] Prism::NodeIdTest#"test_seattlerb/call_carat.txt" = 0.02 s
[ 6822/31251] Prism::NodeIdTest#"test_seattlerb/call_colon2.txt" = 0.02 s
[ 6823/31251] Prism::NodeIdTest#"test_seattlerb/call_colon_parens.txt" = 0.02 s
[ 6824/31251] Prism::NodeIdTest#"test_seattlerb/call_div.txt" = 0.02 s
[ 6825/31251] Prism::NodeIdTest#"test_seattlerb/call_dot_parens.txt" = 0.02 s
[ 6826/31251] Prism::NodeIdTest#"test_seattlerb/call_env.txt" = 0.02 s
[ 6827/31251] Prism::NodeIdTest#"test_seattlerb/call_eq3.txt" = 0.02 s
[ 6828/31251] Prism::NodeIdTest#"test_seattlerb/call_gt.txt" = 0.02 s
[ 6829/31251] Prism::NodeIdTest#"test_seattlerb/call_kwsplat.txt" = 0.02 s
[ 6830/31251] Prism::NodeIdTest#"test_seattlerb/call_leading_dots.txt" = 0.02 s
[ 6831/31251] Prism::NodeIdTest#"test_seattlerb/call_leading_dots_comment.txt" = 0.02 s
[ 6832/31251] Prism::NodeIdTest#"test_seattlerb/call_lt.txt" = 0.02 s
[ 6833/31251] Prism::NodeIdTest#"test_seattlerb/call_lte.txt" = 0.02 s
[ 6834/31251] Prism::NodeIdTest#"test_seattlerb/call_not.txt" = 0.01 s
[ 6835/31251] Prism::NodeIdTest#"test_seattlerb/call_pipe.txt" = 0.02 s
[ 6836/31251] Prism::NodeIdTest#"test_seattlerb/call_rshift.txt" = 0.02 s
[ 6837/31251] Prism::NodeIdTest#"test_seattlerb/call_self_brackets.txt" = 0.02 s
[ 6838/31251] Prism::NodeIdTest#"test_seattlerb/call_spaceship.txt" = 0.02 s
[ 6839/31251] Prism::NodeIdTest#"test_seattlerb/call_stabby_do_end_with_block.txt" = 0.02 s
[ 6840/31251] Prism::NodeIdTest#"test_seattlerb/call_stabby_with_braces_block.txt" = 0.02 s
[ 6841/31251] Prism::NodeIdTest#"test_seattlerb/call_star.txt" = 0.02 s
[ 6842/31251] Prism::NodeIdTest#"test_seattlerb/call_star2.txt" = 0.02 s
[ 6843/31251] Prism::NodeIdTest#"test_seattlerb/call_trailing_comma.txt" = 0.02 s
[ 6844/31251] Prism::NodeIdTest#"test_seattlerb/call_trailing_dots.txt" = 0.02 s
[ 6845/31251] Prism::NodeIdTest#"test_seattlerb/call_unary_bang.txt" = 0.02 s
[ 6846/31251] Prism::NodeIdTest#"test_seattlerb/case_in.txt" = 0.13 s
[ 6847/31251] Prism::NodeIdTest#"test_seattlerb/case_in_31.txt" = 0.02 s
[ 6848/31251] Prism::NodeIdTest#"test_seattlerb/case_in_37.txt" = 0.02 s
[ 6849/31251] Prism::NodeIdTest#"test_seattlerb/case_in_42.txt" = 0.02 s
[ 6850/31251] Prism::NodeIdTest#"test_seattlerb/case_in_42_2.txt" = 0.02 s
[ 6851/31251] Prism::NodeIdTest#"test_seattlerb/case_in_47.txt" = 0.02 s
[ 6852/31251] Prism::NodeIdTest#"test_seattlerb/case_in_67.txt" = 0.02 s
[ 6853/31251] Prism::NodeIdTest#"test_seattlerb/case_in_86.txt" = 0.02 s
[ 6854/31251] Prism::NodeIdTest#"test_seattlerb/case_in_86_2.txt" = 0.02 s
[ 6855/31251] Prism::NodeIdTest#"test_seattlerb/case_in_array_pat_const.txt" = 0.02 s
[ 6856/31251] Prism::NodeIdTest#"test_seattlerb/case_in_array_pat_const2.txt" = 0.02 s
[ 6857/31251] Prism::NodeIdTest#"test_seattlerb/case_in_array_pat_paren_assign.txt" = 0.02 s
[ 6858/31251] Prism::NodeIdTest#"test_seattlerb/case_in_const.txt" = 0.02 s
[ 6859/31251] Prism::NodeIdTest#"test_seattlerb/case_in_else.txt" = 0.02 s
[ 6860/31251] Prism::NodeIdTest#"test_seattlerb/case_in_find.txt" = 0.02 s
[ 6861/31251] Prism::NodeIdTest#"test_seattlerb/case_in_find_array.txt" = 0.02 s
[ 6862/31251] Prism::NodeIdTest#"test_seattlerb/case_in_hash_pat.txt" = 0.02 s
[ 6863/31251] Prism::NodeIdTest#"test_seattlerb/case_in_hash_pat_assign.txt" = 0.03 s
[ 6864/31251] Prism::NodeIdTest#"test_seattlerb/case_in_hash_pat_paren_assign.txt" = 0.02 s
[ 6865/31251] Prism::NodeIdTest#"test_seattlerb/case_in_hash_pat_paren_true.txt" = 0.02 s
[ 6866/31251] Prism::NodeIdTest#"test_seattlerb/case_in_hash_pat_rest.txt" = 0.02 s
[ 6867/31251] Prism::NodeIdTest#"test_seattlerb/case_in_hash_pat_rest_solo.txt" = 0.02 s
[ 6868/31251] Prism::NodeIdTest#"test_seattlerb/case_in_if_unless_post_mod.txt" = 0.02 s
[ 6869/31251] Prism::NodeIdTest#"test_seattlerb/case_in_multiple.txt" = 0.02 s
[ 6870/31251] Prism::NodeIdTest#"test_seattlerb/case_in_or.txt" = 0.02 s
[ 6871/31251] Prism::NodeIdTest#"test_seattlerb/class_comments.txt" = 0.02 s
[ 6872/31251] Prism::NodeIdTest#"test_seattlerb/cond_unary_minus.txt" = 0.02 s
[ 6873/31251] Prism::NodeIdTest#"test_seattlerb/const_2_op_asgn_or2.txt" = 0.02 s
[ 6874/31251] Prism::NodeIdTest#"test_seattlerb/const_3_op_asgn_or.txt" = 0.02 s
[ 6875/31251] Prism::NodeIdTest#"test_seattlerb/const_op_asgn_and1.txt" = 0.02 s
[ 6876/31251] Prism::NodeIdTest#"test_seattlerb/const_op_asgn_and2.txt" = 0.02 s
[ 6877/31251] Prism::NodeIdTest#"test_seattlerb/const_op_asgn_or.txt" = 0.02 s
[ 6878/31251] Prism::NodeIdTest#"test_seattlerb/defined_eh_parens.txt" = 0.02 s
[ 6879/31251] Prism::NodeIdTest#"test_seattlerb/defn_arg_asplat_arg.txt" = 0.02 s
[ 6880/31251] Prism::NodeIdTest#"test_seattlerb/defn_arg_forward_args.txt" = 0.02 s
[ 6881/31251] Prism::NodeIdTest#"test_seattlerb/defn_args_forward_args.txt" = 0.02 s
[ 6882/31251] Prism::NodeIdTest#"test_seattlerb/defn_comments.txt" = 0.02 s
[ 6883/31251] Prism::NodeIdTest#"test_seattlerb/defn_endless_command.txt" = 0.02 s
[ 6884/31251] Prism::NodeIdTest#"test_seattlerb/defn_endless_command_rescue.txt" = 0.02 s
[ 6885/31251] Prism::NodeIdTest#"test_seattlerb/defn_forward_args.txt" = 0.02 s
[ 6886/31251] Prism::NodeIdTest#"test_seattlerb/defn_forward_args__no_parens.txt" = 0.02 s
[ 6887/31251] Prism::NodeIdTest#"test_seattlerb/defn_kwarg_env.txt" = 0.02 s
[ 6888/31251] Prism::NodeIdTest#"test_seattlerb/defn_kwarg_kwarg.txt" = 0.02 s
[ 6889/31251] Prism::NodeIdTest#"test_seattlerb/defn_kwarg_kwsplat.txt" = 0.02 s
[ 6890/31251] Prism::NodeIdTest#"test_seattlerb/defn_kwarg_kwsplat_anon.txt" = 0.02 s
[ 6891/31251] Prism::NodeIdTest#"test_seattlerb/defn_kwarg_lvar.txt" = 0.02 s
[ 6892/31251] Prism::NodeIdTest#"test_seattlerb/defn_kwarg_no_parens.txt" = 0.02 s
[ 6893/31251] Prism::NodeIdTest#"test_seattlerb/defn_kwarg_val.txt" = 0.02 s
[ 6894/31251] Prism::NodeIdTest#"test_seattlerb/defn_no_kwargs.txt" = 0.02 s
[ 6895/31251] Prism::NodeIdTest#"test_seattlerb/defn_oneliner.txt" = 0.02 s
[ 6896/31251] Prism::NodeIdTest#"test_seattlerb/defn_oneliner_eq2.txt" = 0.02 s
[ 6897/31251] Prism::NodeIdTest#"test_seattlerb/defn_oneliner_noargs.txt" = 0.02 s
[ 6898/31251] Prism::NodeIdTest#"test_seattlerb/defn_oneliner_noargs_parentheses.txt" = 0.02 s
[ 6899/31251] Prism::NodeIdTest#"test_seattlerb/defn_oneliner_rescue.txt" = 0.03 s
[ 6900/31251] Prism::NodeIdTest#"test_seattlerb/defn_opt_last_arg.txt" = 0.02 s
[ 6901/31251] Prism::NodeIdTest#"test_seattlerb/defn_opt_reg.txt" = 0.02 s
[ 6902/31251] Prism::NodeIdTest#"test_seattlerb/defn_opt_splat_arg.txt" = 0.02 s
[ 6903/31251] Prism::NodeIdTest#"test_seattlerb/defn_powarg.txt" = 0.02 s
[ 6904/31251] Prism::NodeIdTest#"test_seattlerb/defn_reg_opt_reg.txt" = 0.02 s
[ 6905/31251] Prism::NodeIdTest#"test_seattlerb/defn_splat_arg.txt" = 0.02 s
[ 6906/31251] Prism::NodeIdTest#"test_seattlerb/defn_unary_not.txt" = 0.02 s
[ 6907/31251] Prism::NodeIdTest#"test_seattlerb/defns_reserved.txt" = 0.02 s
[ 6908/31251] Prism::NodeIdTest#"test_seattlerb/defs_as_arg_with_do_block_inside.txt" = 0.02 s
[ 6909/31251] Prism::NodeIdTest#"test_seattlerb/defs_comments.txt" = 0.02 s
[ 6910/31251] Prism::NodeIdTest#"test_seattlerb/defs_endless_command.txt" = 0.02 s
[ 6911/31251] Prism::NodeIdTest#"test_seattlerb/defs_endless_command_rescue.txt" = 0.02 s
[ 6912/31251] Prism::NodeIdTest#"test_seattlerb/defs_kwarg.txt" = 0.02 s
[ 6913/31251] Prism::NodeIdTest#"test_seattlerb/defs_oneliner.txt" = 0.02 s
[ 6914/31251] Prism::NodeIdTest#"test_seattlerb/defs_oneliner_eq2.txt" = 0.02 s
[ 6915/31251] Prism::NodeIdTest#"test_seattlerb/defs_oneliner_rescue.txt" = 0.03 s
[ 6916/31251] Prism::NodeIdTest#"test_seattlerb/difficult0_.txt" = 0.02 s
[ 6917/31251] Prism::NodeIdTest#"test_seattlerb/difficult1_line_numbers.txt" = 0.04 s
[ 6918/31251] Prism::NodeIdTest#"test_seattlerb/difficult1_line_numbers2.txt" = 0.02 s
[ 6919/31251] Prism::NodeIdTest#"test_seattlerb/difficult2_.txt" = 0.02 s
[ 6920/31251] Prism::NodeIdTest#"test_seattlerb/difficult3_.txt" = 0.02 s
[ 6921/31251] Prism::NodeIdTest#"test_seattlerb/difficult3_2.txt" = 0.02 s
[ 6922/31251] Prism::NodeIdTest#"test_seattlerb/difficult3_3.txt" = 0.02 s
[ 6923/31251] Prism::NodeIdTest#"test_seattlerb/difficult3_4.txt" = 0.02 s
[ 6924/31251] Prism::NodeIdTest#"test_seattlerb/difficult3_5.txt" = 0.02 s
[ 6925/31251] Prism::NodeIdTest#"test_seattlerb/difficult3__10.txt" = 0.02 s
[ 6926/31251] Prism::NodeIdTest#"test_seattlerb/difficult3__11.txt" = 0.02 s
[ 6927/31251] Prism::NodeIdTest#"test_seattlerb/difficult3__12.txt" = 0.02 s
[ 6928/31251] Prism::NodeIdTest#"test_seattlerb/difficult3__6.txt" = 0.02 s
[ 6929/31251] Prism::NodeIdTest#"test_seattlerb/difficult3__7.txt" = 0.02 s
[ 6930/31251] Prism::NodeIdTest#"test_seattlerb/difficult3__8.txt" = 0.02 s
[ 6931/31251] Prism::NodeIdTest#"test_seattlerb/difficult3__9.txt" = 0.02 s
[ 6932/31251] Prism::NodeIdTest#"test_seattlerb/difficult4__leading_dots.txt" = 0.02 s
[ 6933/31251] Prism::NodeIdTest#"test_seattlerb/difficult4__leading_dots2.txt" = 0.02 s
[ 6934/31251] Prism::NodeIdTest#"test_seattlerb/difficult6_.txt" = 0.02 s
[ 6935/31251] Prism::NodeIdTest#"test_seattlerb/difficult6__7.txt" = 0.02 s
[ 6936/31251] Prism::NodeIdTest#"test_seattlerb/difficult6__8.txt" = 0.02 s
[ 6937/31251] Prism::NodeIdTest#"test_seattlerb/difficult7_.txt" = 0.02 s
[ 6938/31251] Prism::NodeIdTest#"test_seattlerb/do_bug.txt" = 0.02 s
[ 6939/31251] Prism::NodeIdTest#"test_seattlerb/do_lambda.txt" = 0.02 s
[ 6940/31251] Prism::NodeIdTest#"test_seattlerb/dot2_nil__26.txt" = 0.02 s
[ 6941/31251] Prism::NodeIdTest#"test_seattlerb/dot3_nil__26.txt" = 0.02 s
[ 6942/31251] Prism::NodeIdTest#"test_seattlerb/dstr_evstr.txt" = 0.02 s
[ 6943/31251] Prism::NodeIdTest#"test_seattlerb/dstr_evstr_empty_end.txt" = 0.02 s
[ 6944/31251] Prism::NodeIdTest#"test_seattlerb/dstr_lex_state.txt" = 0.02 s
[ 6945/31251] Prism::NodeIdTest#"test_seattlerb/dstr_str.txt" = 0.02 s
[ 6946/31251] Prism::NodeIdTest#"test_seattlerb/dsym_esc_to_sym.txt" = 0.02 s
[ 6947/31251] Prism::NodeIdTest#"test_seattlerb/dsym_to_sym.txt" = 0.02 s
[ 6948/31251] Prism::NodeIdTest#"test_seattlerb/eq_begin_line_numbers.txt" = 0.02 s
[ 6949/31251] Prism::NodeIdTest#"test_seattlerb/eq_begin_why_wont_people_use_their_spacebar.txt" = 0
.02 s
[ 6950/31251] Prism::NodeIdTest#"test_seattlerb/evstr_evstr.txt" = 0.02 s
[ 6951/31251] Prism::NodeIdTest#"test_seattlerb/evstr_str.txt" = 0.02 s
[ 6952/31251] Prism::NodeIdTest#"test_seattlerb/expr_not_bang.txt" = 0.02 s
[ 6953/31251] Prism::NodeIdTest#"test_seattlerb/f_kw.txt" = 0.02 s
[ 6954/31251] Prism::NodeIdTest#"test_seattlerb/f_kw__required.txt" = 0.02 s
[ 6955/31251] Prism::NodeIdTest#"test_seattlerb/flip2_env_lvar.txt" = 0.02 s
[ 6956/31251] Prism::NodeIdTest#"test_seattlerb/float_with_if_modifier.txt" = 0.02 s
[ 6957/31251] Prism::NodeIdTest#"test_seattlerb/heredoc__backslash_dos_format.txt" = 0.02 s
[ 6958/31251] Prism::NodeIdTest#"test_seattlerb/heredoc_backslash_nl.txt" = 0.02 s
[ 6959/31251] Prism::NodeIdTest#"test_seattlerb/heredoc_bad_hex_escape.txt" = 0.02 s
[ 6960/31251] Prism::NodeIdTest#"test_seattlerb/heredoc_bad_oct_escape.txt" = 0.02 s
[ 6961/31251] Prism::NodeIdTest#"test_seattlerb/heredoc_comma_arg.txt" = 0.02 s
[ 6962/31251] Prism::NodeIdTest#"test_seattlerb/heredoc_lineno.txt" = 0.02 s
[ 6963/31251] Prism::NodeIdTest#"test_seattlerb/heredoc_nested.txt" = 0.02 s
[ 6964/31251] Prism::NodeIdTest#"test_seattlerb/heredoc_squiggly.txt" = 0.02 s
[ 6965/31251] Prism::NodeIdTest#"test_seattlerb/heredoc_squiggly_blank_line_plus_interpolation.txt"
= 0.02 s
[ 6966/31251] Prism::NodeIdTest#"test_seattlerb/heredoc_squiggly_blank_lines.txt" = 0.02 s
[ 6967/31251] Prism::NodeIdTest#"test_seattlerb/heredoc_squiggly_empty.txt" = 0.01 s
[ 6968/31251] Prism::NodeIdTest#"test_seattlerb/heredoc_squiggly_interp.txt" = 0.02 s
[ 6969/31251] Prism::NodeIdTest#"test_seattlerb/heredoc_squiggly_no_indent.txt" = 0.02 s
[ 6970/31251] Prism::NodeIdTest#"test_seattlerb/heredoc_squiggly_tabs.txt" = 0.02 s
[ 6971/31251] Prism::NodeIdTest#"test_seattlerb/heredoc_squiggly_tabs_extra.txt" = 0.02 s
[ 6972/31251] Prism::NodeIdTest#"test_seattlerb/heredoc_squiggly_visually_blank_lines.txt" = 0.02 s
[ 6973/31251] Prism::NodeIdTest#"test_seattlerb/heredoc_trailing_slash_continued_call.txt" = 0.02 s
[ 6974/31251] Prism::NodeIdTest#"test_seattlerb/heredoc_unicode.txt" = 0.02 s
[ 6975/31251] Prism::NodeIdTest#"test_seattlerb/heredoc_with_carriage_return_escapes.txt" = 0.02 s
[ 6976/31251] Prism::NodeIdTest#"test_seattlerb/heredoc_with_carriage_return_escapes_windows.txt" =
0.02 s
[ 6977/31251] Prism::NodeIdTest#"test_seattlerb/heredoc_with_extra_carriage_horrible_mix.txt" = 0.02
 s
[ 6978/31251] Prism::NodeIdTest#"test_seattlerb/heredoc_with_extra_carriage_returns.txt" = 0.01 s
[ 6979/31251] Prism::NodeIdTest#"test_seattlerb/heredoc_with_extra_carriage_returns_windows.txt" = 0
.02 s
[ 6980/31251] Prism::NodeIdTest#"test_seattlerb/heredoc_with_interpolation_and_carriage_return_escap
es.txt" = 0.02 s
[ 6981/31251] Prism::NodeIdTest#"test_seattlerb/heredoc_with_interpolation_and_carriage_return_escap
es_windows.txt" = 0.02 s
[ 6982/31251] Prism::NodeIdTest#"test_seattlerb/heredoc_with_not_global_interpolation.txt" = 0.02 s
[ 6983/31251] Prism::NodeIdTest#"test_seattlerb/heredoc_with_only_carriage_returns.txt" = 0.13 s
[ 6984/31251] Prism::NodeIdTest#"test_seattlerb/heredoc_with_only_carriage_returns_windows.txt" = 0.
02 s
[ 6985/31251] Prism::NodeIdTest#"test_seattlerb/if_elsif.txt" = 0.02 s
[ 6986/31251] Prism::NodeIdTest#"test_seattlerb/if_symbol.txt" = 0.02 s
[ 6987/31251] Prism::NodeIdTest#"test_seattlerb/in_expr_no_case.txt" = 0.02 s
[ 6988/31251] Prism::NodeIdTest#"test_seattlerb/index_0.txt" = 0.02 s
[ 6989/31251] Prism::NodeIdTest#"test_seattlerb/index_0_opasgn.txt" = 0.02 s
[ 6990/31251] Prism::NodeIdTest#"test_seattlerb/integer_with_if_modifier.txt" = 0.02 s
[ 6991/31251] Prism::NodeIdTest#"test_seattlerb/interpolated_symbol_array_line_breaks.txt" = 0.02 s
[ 6992/31251] Prism::NodeIdTest#"test_seattlerb/interpolated_word_array_line_breaks.txt" = 0.02 s
[ 6993/31251] Prism::NodeIdTest#"test_seattlerb/iter_args_1.txt" = 0.02 s
[ 6994/31251] Prism::NodeIdTest#"test_seattlerb/iter_args_10_1.txt" = 0.02 s
[ 6995/31251] Prism::NodeIdTest#"test_seattlerb/iter_args_10_2.txt" = 0.02 s
[ 6996/31251] Prism::NodeIdTest#"test_seattlerb/iter_args_11_1.txt" = 0.02 s
[ 6997/31251] Prism::NodeIdTest#"test_seattlerb/iter_args_11_2.txt" = 0.02 s
[ 6998/31251] Prism::NodeIdTest#"test_seattlerb/iter_args_2__19.txt" = 0.02 s
[ 6999/31251] Prism::NodeIdTest#"test_seattlerb/iter_args_3.txt" = 0.02 s
[ 7000/31251] Prism::NodeIdTest#"test_seattlerb/iter_args_4.txt" = 0.02 s
[ 7001/31251] Prism::NodeIdTest#"test_seattlerb/iter_args_5.txt" = 0.02 s
[ 7002/31251] Prism::NodeIdTest#"test_seattlerb/iter_args_6.txt" = 0.02 s
[ 7003/31251] Prism::NodeIdTest#"test_seattlerb/iter_args_7_1.txt" = 0.02 s
[ 7004/31251] Prism::NodeIdTest#"test_seattlerb/iter_args_7_2.txt" = 0.02 s
[ 7005/31251] Prism::NodeIdTest#"test_seattlerb/iter_args_8_1.txt" = 0.02 s
[ 7006/31251] Prism::NodeIdTest#"test_seattlerb/iter_args_8_2.txt" = 0.10 s
[ 7007/31251] Prism::NodeIdTest#"test_seattlerb/iter_args_9_1.txt" = 0.02 s
[ 7008/31251] Prism::NodeIdTest#"test_seattlerb/iter_args_9_2.txt" = 0.02 s
[ 7009/31251] Prism::NodeIdTest#"test_seattlerb/iter_kwarg.txt" = 0.02 s
[ 7010/31251] Prism::NodeIdTest#"test_seattlerb/iter_kwarg_kwsplat.txt" = 0.02 s
[ 7011/31251] Prism::NodeIdTest#"test_seattlerb/label_vs_string.txt" = 0.02 s
[ 7012/31251] Prism::NodeIdTest#"test_seattlerb/lambda_do_vs_brace.txt" = 0.02 s
[ 7013/31251] Prism::NodeIdTest#"test_seattlerb/lasgn_arg_rescue_arg.txt" = 0.02 s
[ 7014/31251] Prism::NodeIdTest#"test_seattlerb/lasgn_call_bracket_rescue_arg.txt" = 0.02 s
[ 7015/31251] Prism::NodeIdTest#"test_seattlerb/lasgn_call_nobracket_rescue_arg.txt" = 0.02 s
[ 7016/31251] Prism::NodeIdTest#"test_seattlerb/lasgn_command.txt" = 0.02 s
[ 7017/31251] Prism::NodeIdTest#"test_seattlerb/lasgn_env.txt" = 0.02 s
[ 7018/31251] Prism::NodeIdTest#"test_seattlerb/lasgn_ivar_env.txt" = 0.02 s
[ 7019/31251] Prism::NodeIdTest#"test_seattlerb/lasgn_lasgn_command_call.txt" = 0.02 s
[ 7020/31251] Prism::NodeIdTest#"test_seattlerb/lasgn_middle_splat.txt" = 0.02 s
[ 7021/31251] Prism::NodeIdTest#"test_seattlerb/magic_encoding_comment.txt" = 0.02 s
[ 7022/31251] Prism::NodeIdTest#"test_seattlerb/masgn_anon_splat_arg.txt" = 0.02 s
[ 7023/31251] Prism::NodeIdTest#"test_seattlerb/masgn_arg_colon_arg.txt" = 0.02 s
[ 7024/31251] Prism::NodeIdTest#"test_seattlerb/masgn_arg_ident.txt" = 0.02 s
[ 7025/31251] Prism::NodeIdTest#"test_seattlerb/masgn_arg_splat_arg.txt" = 0.02 s
[ 7026/31251] Prism::NodeIdTest#"test_seattlerb/masgn_colon2.txt" = 0.02 s
[ 7027/31251] Prism::NodeIdTest#"test_seattlerb/masgn_colon3.txt" = 0.02 s
[ 7028/31251] Prism::NodeIdTest#"test_seattlerb/masgn_command_call.txt" = 0.02 s
[ 7029/31251] Prism::NodeIdTest#"test_seattlerb/masgn_double_paren.txt" = 0.02 s
[ 7030/31251] Prism::NodeIdTest#"test_seattlerb/masgn_lhs_splat.txt" = 0.02 s
[ 7031/31251] Prism::NodeIdTest#"test_seattlerb/masgn_paren.txt" = 0.02 s
[ 7032/31251] Prism::NodeIdTest#"test_seattlerb/masgn_splat_arg.txt" = 0.02 s
[ 7033/31251] Prism::NodeIdTest#"test_seattlerb/masgn_splat_arg_arg.txt" = 0.02 s
[ 7034/31251] Prism::NodeIdTest#"test_seattlerb/masgn_star.txt" = 0.02 s
[ 7035/31251] Prism::NodeIdTest#"test_seattlerb/masgn_var_star_var.txt" = 0.02 s
[ 7036/31251] Prism::NodeIdTest#"test_seattlerb/messy_op_asgn_lineno.txt" = 0.02 s
[ 7037/31251] Prism::NodeIdTest#"test_seattlerb/method_call_assoc_trailing_comma.txt" = 0.02 s
[ 7038/31251] Prism::NodeIdTest#"test_seattlerb/method_call_trailing_comma.txt" = 0.02 s
[ 7039/31251] Prism::NodeIdTest#"test_seattlerb/mlhs_back_anonsplat.txt" = 0.02 s
[ 7040/31251] Prism::NodeIdTest#"test_seattlerb/mlhs_back_splat.txt" = 0.02 s
[ 7041/31251] Prism::NodeIdTest#"test_seattlerb/mlhs_front_anonsplat.txt" = 0.02 s
[ 7042/31251] Prism::NodeIdTest#"test_seattlerb/mlhs_front_splat.txt" = 0.09 s
[ 7043/31251] Prism::NodeIdTest#"test_seattlerb/mlhs_keyword.txt" = 0.02 s
[ 7044/31251] Prism::NodeIdTest#"test_seattlerb/mlhs_mid_anonsplat.txt" = 0.02 s
[ 7045/31251] Prism::NodeIdTest#"test_seattlerb/mlhs_mid_splat.txt" = 0.02 s
[ 7046/31251] Prism::NodeIdTest#"test_seattlerb/mlhs_rescue.txt" = 0.02 s
[ 7047/31251] Prism::NodeIdTest#"test_seattlerb/module_comments.txt" = 0.02 s
[ 7048/31251] Prism::NodeIdTest#"test_seattlerb/multiline_hash_declaration.txt" = 0.02 s
[ 7049/31251] Prism::NodeIdTest#"test_seattlerb/non_interpolated_symbol_array_line_breaks.txt" = 0.0
2 s
[ 7050/31251] Prism::NodeIdTest#"test_seattlerb/non_interpolated_word_array_line_breaks.txt" = 0.02
s
[ 7051/31251] Prism::NodeIdTest#"test_seattlerb/op_asgn_command_call.txt" = 0.02 s
[ 7052/31251] Prism::NodeIdTest#"test_seattlerb/op_asgn_dot_ident_command_call.txt" = 0.02 s
[ 7053/31251] Prism::NodeIdTest#"test_seattlerb/op_asgn_index_command_call.txt" = 0.02 s
[ 7054/31251] Prism::NodeIdTest#"test_seattlerb/op_asgn_primary_colon_const_command_call.txt" = 0.02
 s
[ 7055/31251] Prism::NodeIdTest#"test_seattlerb/op_asgn_primary_colon_identifier1.txt" = 0.02 s
[ 7056/31251] Prism::NodeIdTest#"test_seattlerb/op_asgn_primary_colon_identifier_command_call.txt" =
 0.02 s
[ 7057/31251] Prism::NodeIdTest#"test_seattlerb/op_asgn_val_dot_ident_command_call.txt" = 0.02 s
[ 7058/31251] Prism::NodeIdTest#"test_seattlerb/parse_def_special_name.txt" = 0.02 s
[ 7059/31251] Prism::NodeIdTest#"test_seattlerb/parse_if_not_canonical.txt" = 0.02 s
[ 7060/31251] Prism::NodeIdTest#"test_seattlerb/parse_if_not_noncanonical.txt" = 0.02 s
[ 7061/31251] Prism::NodeIdTest#"test_seattlerb/parse_line_block.txt" = 0.02 s
[ 7062/31251] Prism::NodeIdTest#"test_seattlerb/parse_line_block_inline_comment.txt" = 0.02 s
[ 7063/31251] Prism::NodeIdTest#"test_seattlerb/parse_line_block_inline_comment_leading_newlines.txt
" = 0.02 s
[ 7064/31251] Prism::NodeIdTest#"test_seattlerb/parse_line_block_inline_multiline_comment.txt" = 0.0
2 s
[ 7065/31251] Prism::NodeIdTest#"test_seattlerb/parse_line_call_ivar_arg_no_parens_line_break.txt" =
 0.12 s
[ 7066/31251] Prism::NodeIdTest#"test_seattlerb/parse_line_call_ivar_line_break_paren.txt" = 0.02 s
[ 7067/31251] Prism::NodeIdTest#"test_seattlerb/parse_line_call_no_args.txt" = 0.02 s
[ 7068/31251] Prism::NodeIdTest#"test_seattlerb/parse_line_defn_complex.txt" = 0.02 s
[ 7069/31251] Prism::NodeIdTest#"test_seattlerb/parse_line_defn_no_parens.txt" = 0.02 s
[ 7070/31251] Prism::NodeIdTest#"test_seattlerb/parse_line_defn_no_parens_args.txt" = 0.02 s
[ 7071/31251] Prism::NodeIdTest#"test_seattlerb/parse_line_dot2.txt" = 0.02 s
[ 7072/31251] Prism::NodeIdTest#"test_seattlerb/parse_line_dot2_open.txt" = 0.02 s
[ 7073/31251] Prism::NodeIdTest#"test_seattlerb/parse_line_dot3.txt" = 0.02 s
[ 7074/31251] Prism::NodeIdTest#"test_seattlerb/parse_line_dot3_open.txt" = 0.02 s
[ 7075/31251] Prism::NodeIdTest#"test_seattlerb/parse_line_dstr_escaped_newline.txt" = 0.02 s
[ 7076/31251] Prism::NodeIdTest#"test_seattlerb/parse_line_dstr_soft_newline.txt" = 0.02 s
[ 7077/31251] Prism::NodeIdTest#"test_seattlerb/parse_line_evstr_after_break.txt" = 0.11 s
[ 7078/31251] Prism::NodeIdTest#"test_seattlerb/parse_line_hash_lit.txt" = 0.02 s
[ 7079/31251] Prism::NodeIdTest#"test_seattlerb/parse_line_heredoc.txt" = 0.02 s
[ 7080/31251] Prism::NodeIdTest#"test_seattlerb/parse_line_heredoc_evstr.txt" = 0.02 s
[ 7081/31251] Prism::NodeIdTest#"test_seattlerb/parse_line_heredoc_hardnewline.txt" = 0.02 s
[ 7082/31251] Prism::NodeIdTest#"test_seattlerb/parse_line_heredoc_regexp_chars.txt" = 0.02 s
[ 7083/31251] Prism::NodeIdTest#"test_seattlerb/parse_line_iter_call_no_parens.txt" = 0.02 s
[ 7084/31251] Prism::NodeIdTest#"test_seattlerb/parse_line_iter_call_parens.txt" = 0.02 s
[ 7085/31251] Prism::NodeIdTest#"test_seattlerb/parse_line_multiline_str.txt" = 0.02 s
[ 7086/31251] Prism::NodeIdTest#"test_seattlerb/parse_line_multiline_str_literal_n.txt" = 0.02 s
[ 7087/31251] Prism::NodeIdTest#"test_seattlerb/parse_line_newlines.txt" = 0.01 s
[ 7088/31251] Prism::NodeIdTest#"test_seattlerb/parse_line_op_asgn.txt" = 0.02 s
[ 7089/31251] Prism::NodeIdTest#"test_seattlerb/parse_line_postexe.txt" = 0.02 s
[ 7090/31251] Prism::NodeIdTest#"test_seattlerb/parse_line_preexe.txt" = 0.02 s
[ 7091/31251] Prism::NodeIdTest#"test_seattlerb/parse_line_rescue.txt" = 0.13 s
[ 7092/31251] Prism::NodeIdTest#"test_seattlerb/parse_line_return.txt" = 0.02 s
[ 7093/31251] Prism::NodeIdTest#"test_seattlerb/parse_line_str_with_newline_escape.txt" = 0.02 s
[ 7094/31251] Prism::NodeIdTest#"test_seattlerb/parse_line_to_ary.txt" = 0.02 s
[ 7095/31251] Prism::NodeIdTest#"test_seattlerb/parse_line_trailing_newlines.txt" = 0.02 s
[ 7096/31251] Prism::NodeIdTest#"test_seattlerb/parse_opt_call_args_assocs_comma.txt" = 0.02 s
[ 7097/31251] Prism::NodeIdTest#"test_seattlerb/parse_opt_call_args_lit_comma.txt" = 0.02 s
[ 7098/31251] Prism::NodeIdTest#"test_seattlerb/parse_pattern_019.txt" = 0.02 s
[ 7099/31251] Prism::NodeIdTest#"test_seattlerb/parse_pattern_044.txt" = 0.02 s
[ 7100/31251] Prism::NodeIdTest#"test_seattlerb/parse_pattern_051.txt" = 0.02 s
[ 7101/31251] Prism::NodeIdTest#"test_seattlerb/parse_pattern_058.txt" = 0.03 s
[ 7102/31251] Prism::NodeIdTest#"test_seattlerb/parse_pattern_058_2.txt" = 0.02 s
[ 7103/31251] Prism::NodeIdTest#"test_seattlerb/parse_pattern_069.txt" = 0.02 s
[ 7104/31251] Prism::NodeIdTest#"test_seattlerb/parse_pattern_076.txt" = 0.02 s
[ 7105/31251] Prism::NodeIdTest#"test_seattlerb/parse_until_not_canonical.txt" = 0.02 s
[ 7106/31251] Prism::NodeIdTest#"test_seattlerb/parse_until_not_noncanonical.txt" = 0.02 s
[ 7107/31251] Prism::NodeIdTest#"test_seattlerb/parse_while_not_canonical.txt" = 0.02 s
[ 7108/31251] Prism::NodeIdTest#"test_seattlerb/parse_while_not_noncanonical.txt" = 0.02 s
[ 7109/31251] Prism::NodeIdTest#"test_seattlerb/pctW_lineno.txt" = 0.02 s
[ 7110/31251] Prism::NodeIdTest#"test_seattlerb/pct_Q_backslash_nl.txt" = 0.02 s
[ 7111/31251] Prism::NodeIdTest#"test_seattlerb/pct_nl.txt" = 0.02 s
[ 7112/31251] Prism::NodeIdTest#"test_seattlerb/pct_w_heredoc_interp_nested.txt" = 0.02 s
[ 7113/31251] Prism::NodeIdTest#"test_seattlerb/pipe_semicolon.txt" = 0.02 s
[ 7114/31251] Prism::NodeIdTest#"test_seattlerb/pipe_space.txt" = 0.02 s
[ 7115/31251] Prism::NodeIdTest#"test_seattlerb/qWords_space.txt" = 0.02 s
[ 7116/31251] Prism::NodeIdTest#"test_seattlerb/qsymbols.txt" = 0.12 s
[ 7117/31251] Prism::NodeIdTest#"test_seattlerb/qsymbols_empty.txt" = 0.02 s
[ 7118/31251] Prism::NodeIdTest#"test_seattlerb/qsymbols_empty_space.txt" = 0.01 s
[ 7119/31251] Prism::NodeIdTest#"test_seattlerb/qsymbols_interp.txt" = 0.02 s
[ 7120/31251] Prism::NodeIdTest#"test_seattlerb/quoted_symbol_hash_arg.txt" = 0.02 s
[ 7121/31251] Prism::NodeIdTest#"test_seattlerb/quoted_symbol_keys.txt" = 0.02 s
[ 7122/31251] Prism::NodeIdTest#"test_seattlerb/qw_escape.txt" = 0.02 s
[ 7123/31251] Prism::NodeIdTest#"test_seattlerb/qw_escape_term.txt" = 0.02 s
[ 7124/31251] Prism::NodeIdTest#"test_seattlerb/qwords_empty.txt" = 0.01 s
[ 7125/31251] Prism::NodeIdTest#"test_seattlerb/read_escape_unicode_curlies.txt" = 0.02 s
[ 7126/31251] Prism::NodeIdTest#"test_seattlerb/read_escape_unicode_h4.txt" = 0.01 s
[ 7127/31251] Prism::NodeIdTest#"test_seattlerb/regexp.txt" = 0.02 s
[ 7128/31251] Prism::NodeIdTest#"test_seattlerb/regexp_esc_C_slash.txt" = 0.01 s
[ 7129/31251] Prism::NodeIdTest#"test_seattlerb/regexp_esc_u.txt" = 0.02 s
[ 7130/31251] Prism::NodeIdTest#"test_seattlerb/regexp_escape_extended.txt" = 0.02 s
[ 7131/31251] Prism::NodeIdTest#"test_seattlerb/regexp_unicode_curlies.txt" = 0.02 s
[ 7132/31251] Prism::NodeIdTest#"test_seattlerb/required_kwarg_no_value.txt" = 0.02 s
[ 7133/31251] Prism::NodeIdTest#"test_seattlerb/rescue_do_end_ensure_result.txt" = 0.02 s
[ 7134/31251] Prism::NodeIdTest#"test_seattlerb/rescue_do_end_no_raise.txt" = 0.02 s
[ 7135/31251] Prism::NodeIdTest#"test_seattlerb/rescue_do_end_raised.txt" = 0.02 s
[ 7136/31251] Prism::NodeIdTest#"test_seattlerb/rescue_do_end_rescued.txt" = 0.02 s
[ 7137/31251] Prism::NodeIdTest#"test_seattlerb/rescue_in_block.txt" = 0.02 s
[ 7138/31251] Prism::NodeIdTest#"test_seattlerb/rescue_parens.txt" = 0.02 s
[ 7139/31251] Prism::NodeIdTest#"test_seattlerb/return_call_assocs.txt" = 0.04 s
[ 7140/31251] Prism::NodeIdTest#"test_seattlerb/rhs_asgn.txt" = 0.02 s
[ 7141/31251] Prism::NodeIdTest#"test_seattlerb/ruby21_numbers.txt" = 0.02 s
[ 7142/31251] Prism::NodeIdTest#"test_seattlerb/safe_attrasgn.txt" = 0.02 s
[ 7143/31251] Prism::NodeIdTest#"test_seattlerb/safe_attrasgn_constant.txt" = 0.11 s
[ 7144/31251] Prism::NodeIdTest#"test_seattlerb/safe_call.txt" = 0.02 s
[ 7145/31251] Prism::NodeIdTest#"test_seattlerb/safe_call_after_newline.txt" = 0.02 s
[ 7146/31251] Prism::NodeIdTest#"test_seattlerb/safe_call_dot_parens.txt" = 0.02 s
[ 7147/31251] Prism::NodeIdTest#"test_seattlerb/safe_call_newline.txt" = 0.02 s
[ 7148/31251] Prism::NodeIdTest#"test_seattlerb/safe_call_operator.txt" = 0.02 s
[ 7149/31251] Prism::NodeIdTest#"test_seattlerb/safe_call_rhs_newline.txt" = 0.02 s
[ 7150/31251] Prism::NodeIdTest#"test_seattlerb/safe_calls.txt" = 0.02 s
[ 7151/31251] Prism::NodeIdTest#"test_seattlerb/safe_op_asgn.txt" = 0.02 s
[ 7152/31251] Prism::NodeIdTest#"test_seattlerb/safe_op_asgn2.txt" = 0.02 s
[ 7153/31251] Prism::NodeIdTest#"test_seattlerb/slashy_newlines_within_string.txt" = 0.02 s
[ 7154/31251] Prism::NodeIdTest#"test_seattlerb/stabby_arg_no_paren.txt" = 0.02 s
[ 7155/31251] Prism::NodeIdTest#"test_seattlerb/stabby_arg_opt_splat_arg_block_omfg.txt" = 0.02 s
[ 7156/31251] Prism::NodeIdTest#"test_seattlerb/stabby_block_iter_call.txt" = 0.02 s
[ 7157/31251] Prism::NodeIdTest#"test_seattlerb/stabby_block_iter_call_no_target_with_arg.txt" = 0.0
2 s
[ 7158/31251] Prism::NodeIdTest#"test_seattlerb/stabby_block_kw.txt" = 0.02 s
[ 7159/31251] Prism::NodeIdTest#"test_seattlerb/stabby_block_kw__required.txt" = 0.02 s
[ 7160/31251] Prism::NodeIdTest#"test_seattlerb/stabby_proc_scope.txt" = 0.02 s
[ 7161/31251] Prism::NodeIdTest#"test_seattlerb/str_backslashes.txt" = 0.02 s
[ 7162/31251] Prism::NodeIdTest#"test_seattlerb/str_double_double_escaped_newline.txt" = 0.02 s
[ 7163/31251] Prism::NodeIdTest#"test_seattlerb/str_double_escaped_newline.txt" = 0.02 s
[ 7164/31251] Prism::NodeIdTest#"test_seattlerb/str_double_newline.txt" = 0.02 s
[ 7165/31251] Prism::NodeIdTest#"test_seattlerb/str_evstr.txt" = 0.02 s
[ 7166/31251] Prism::NodeIdTest#"test_seattlerb/str_evstr_escape.txt" = 0.02 s
[ 7167/31251] Prism::NodeIdTest#"test_seattlerb/str_heredoc_interp.txt" = 0.02 s
[ 7168/31251] Prism::NodeIdTest#"test_seattlerb/str_interp_ternary_or_label.txt" = 0.03 s
[ 7169/31251] Prism::NodeIdTest#"test_seattlerb/str_lit_concat_bad_encodings.txt" = 0.02 s
[ 7170/31251] Prism::NodeIdTest#"test_seattlerb/str_newline_hash_line_number.txt" = 0.02 s
[ 7171/31251] Prism::NodeIdTest#"test_seattlerb/str_pct_Q_nested.txt" = 0.02 s
[ 7172/31251] Prism::NodeIdTest#"test_seattlerb/str_pct_nested_nested.txt" = 0.02 s
[ 7173/31251] Prism::NodeIdTest#"test_seattlerb/str_pct_q.txt" = 0.01 s
[ 7174/31251] Prism::NodeIdTest#"test_seattlerb/str_single_double_escaped_newline.txt" = 0.02 s
[ 7175/31251] Prism::NodeIdTest#"test_seattlerb/str_single_escaped_newline.txt" = 0.02 s
[ 7176/31251] Prism::NodeIdTest#"test_seattlerb/str_single_newline.txt" = 0.02 s
[ 7177/31251] Prism::NodeIdTest#"test_seattlerb/str_str.txt" = 0.02 s
[ 7178/31251] Prism::NodeIdTest#"test_seattlerb/str_str_str.txt" = 0.02 s
[ 7179/31251] Prism::NodeIdTest#"test_seattlerb/super_arg.txt" = 0.02 s
[ 7180/31251] Prism::NodeIdTest#"test_seattlerb/symbol_empty.txt" = 0.01 s
[ 7181/31251] Prism::NodeIdTest#"test_seattlerb/symbol_list.txt" = 0.02 s
[ 7182/31251] Prism::NodeIdTest#"test_seattlerb/symbols.txt" = 0.02 s
[ 7183/31251] Prism::NodeIdTest#"test_seattlerb/symbols_empty.txt" = 0.01 s
[ 7184/31251] Prism::NodeIdTest#"test_seattlerb/symbols_empty_space.txt" = 0.08 s
[ 7185/31251] Prism::NodeIdTest#"test_seattlerb/symbols_interp.txt" = 0.02 s
[ 7186/31251] Prism::NodeIdTest#"test_seattlerb/thingy.txt" = 0.02 s
[ 7187/31251] Prism::NodeIdTest#"test_seattlerb/uminus_float.txt" = 0.02 s
[ 7188/31251] Prism::NodeIdTest#"test_seattlerb/unary_minus.txt" = 0.02 s
[ 7189/31251] Prism::NodeIdTest#"test_seattlerb/unary_plus.txt" = 0.02 s
[ 7190/31251] Prism::NodeIdTest#"test_seattlerb/unary_plus_on_literal.txt" = 0.02 s
[ 7191/31251] Prism::NodeIdTest#"test_seattlerb/unary_tilde.txt" = 0.02 s
[ 7192/31251] Prism::NodeIdTest#"test_seattlerb/utf8_bom.txt" = 0.02 s
[ 7193/31251] Prism::NodeIdTest#"test_seattlerb/when_splat.txt" = 0.02 s
[ 7194/31251] Prism::NodeIdTest#"test_seattlerb/words_interp.txt" = 0.02 s
[ 7195/31251] Prism::NodeIdTest#"test_single_method_call_with_bang.txt" = 0.01 s
[ 7196/31251] Prism::NodeIdTest#"test_single_quote_heredocs.txt" = 0.02 s
[ 7197/31251] Prism::NodeIdTest#"test_spanning_heredoc.txt" = 0.06 s
[ 7198/31251] Prism::NodeIdTest#"test_spanning_heredoc_newlines.txt" = 0.03 s
[ 7199/31251] Prism::NodeIdTest#"test_strings.txt" = 0.09 s
[ 7200/31251] Prism::NodeIdTest#"test_super.txt" = 0.03 s
[ 7201/31251] Prism::NodeIdTest#"test_symbols.txt" = 0.08 s
[ 7202/31251] Prism::NodeIdTest#"test_ternary_operator.txt" = 0.05 s
[ 7203/31251] Prism::NodeIdTest#"test_tilde_heredocs.txt" = 0.06 s
[ 7204/31251] Prism::NodeIdTest#"test_undef.txt" = 0.03 s
[ 7205/31251] Prism::NodeIdTest#"test_unescaping.txt" = 0.02 s
[ 7206/31251] Prism::NodeIdTest#"test_unless.txt" = 0.04 s
[ 7207/31251] Prism::NodeIdTest#"test_unparser/corpus/literal/alias.txt" = 0.02 s
[ 7208/31251] Prism::NodeIdTest#"test_unparser/corpus/literal/assignment.txt" = 0.14 s
[ 7209/31251] Prism::NodeIdTest#"test_unparser/corpus/literal/block.txt" = 0.16 s
[ 7210/31251] Prism::NodeIdTest#"test_unparser/corpus/literal/case.txt" = 0.06 s
[ 7211/31251] Prism::NodeIdTest#"test_unparser/corpus/literal/class.txt" = 0.04 s
[ 7212/31251] Prism::NodeIdTest#"test_unparser/corpus/literal/def.txt" = 0.14 s
[ 7213/31251] Prism::NodeIdTest#"test_unparser/corpus/literal/defined.txt" = 0.08 s
[ 7214/31251] Prism::NodeIdTest#"test_unparser/corpus/literal/defs.txt" = 0.05 s
[ 7215/31251] Prism::NodeIdTest#"test_unparser/corpus/literal/dstr.txt" = 0.06 s
[ 7216/31251] Prism::NodeIdTest#"test_unparser/corpus/literal/empty.txt" = 0.01 s
[ 7217/31251] Prism::NodeIdTest#"test_unparser/corpus/literal/empty_begin.txt" = 0.01 s
[ 7218/31251] Prism::NodeIdTest#"test_unparser/corpus/literal/flipflop.txt" = 0.04 s
[ 7219/31251] Prism::NodeIdTest#"test_unparser/corpus/literal/for.txt" = 0.03 s
[ 7220/31251] Prism::NodeIdTest#"test_unparser/corpus/literal/hookexe.txt" = 0.02 s
[ 7221/31251] Prism::NodeIdTest#"test_unparser/corpus/literal/if.txt" = 0.05 s
[ 7222/31251] Prism::NodeIdTest#"test_unparser/corpus/literal/kwbegin.txt" = 0.08 s
[ 7223/31251] Prism::NodeIdTest#"test_unparser/corpus/literal/lambda.txt" = 0.03 s
[ 7224/31251] Prism::NodeIdTest#"test_unparser/corpus/literal/literal.txt" = 0.17 s
[ 7225/31251] Prism::NodeIdTest#"test_unparser/corpus/literal/module.txt" = 0.03 s
[ 7226/31251] Prism::NodeIdTest#"test_unparser/corpus/literal/opasgn.txt" = 0.07 s
[ 7227/31251] Prism::NodeIdTest#"test_unparser/corpus/literal/pattern.txt" = 0.08 s
[ 7228/31251] Prism::NodeIdTest#"test_unparser/corpus/literal/pragma.txt" = 0.02 s
[ 7229/31251] Prism::NodeIdTest#"test_unparser/corpus/literal/range.txt" = 0.02 s
[ 7230/31251] Prism::NodeIdTest#"test_unparser/corpus/literal/rescue.txt" = 0.02 s
[ 7231/31251] Prism::NodeIdTest#"test_unparser/corpus/literal/send.txt" = 0.24 s
[ 7232/31251] Prism::NodeIdTest#"test_unparser/corpus/literal/since/27.txt" = 0.02 s
[ 7233/31251] Prism::NodeIdTest#"test_unparser/corpus/literal/since/30.txt" = 0.03 s
[ 7234/31251] Prism::NodeIdTest#"test_unparser/corpus/literal/since/31.txt" = 0.02 s
[ 7235/31251] Prism::NodeIdTest#"test_unparser/corpus/literal/since/32.txt" = 0.03 s
[ 7236/31251] Prism::NodeIdTest#"test_unparser/corpus/literal/singletons.txt" = 0.02 s
[ 7237/31251] Prism::NodeIdTest#"test_unparser/corpus/literal/super.txt" = 0.04 s
[ 7238/31251] Prism::NodeIdTest#"test_unparser/corpus/literal/unary.txt" = 0.04 s
[ 7239/31251] Prism::NodeIdTest#"test_unparser/corpus/literal/undef.txt" = 0.02 s
[ 7240/31251] Prism::NodeIdTest#"test_unparser/corpus/literal/variables.txt" = 0.03 s
[ 7241/31251] Prism::NodeIdTest#"test_unparser/corpus/literal/while.txt" = 0.10 s
[ 7242/31251] Prism::NodeIdTest#"test_unparser/corpus/semantic/and.txt" = 0.03 s
[ 7243/31251] Prism::NodeIdTest#"test_unparser/corpus/semantic/block.txt" = 0.04 s
[ 7244/31251] Prism::NodeIdTest#"test_unparser/corpus/semantic/def.txt" = 0.02 s
[ 7245/31251] Prism::NodeIdTest#"test_unparser/corpus/semantic/dstr.txt" = 0.09 s
[ 7246/31251] Prism::NodeIdTest#"test_unparser/corpus/semantic/kwbegin.txt" = 0.04 s
[ 7247/31251] Prism::NodeIdTest#"test_unparser/corpus/semantic/literal.txt" = 0.04 s
[ 7248/31251] Prism::NodeIdTest#"test_unparser/corpus/semantic/opasgn.txt" = 0.02 s
[ 7249/31251] Prism::NodeIdTest#"test_unparser/corpus/semantic/send.txt" = 0.03 s
[ 7250/31251] Prism::NodeIdTest#"test_unparser/corpus/semantic/undef.txt" = 0.02 s
[ 7251/31251] Prism::NodeIdTest#"test_unparser/corpus/semantic/while.txt" = 0.04 s
[ 7252/31251] Prism::NodeIdTest#"test_until.txt" = 0.04 s
[ 7253/31251] Prism::NodeIdTest#"test_variables.txt" = 0.07 s
[ 7254/31251] Prism::NodeIdTest#"test_while.txt" = 0.07 s
[ 7255/31251] Prism::NodeIdTest#"test_whitequark/__ENCODING__.txt" = 0.02 s
[ 7256/31251] Prism::NodeIdTest#"test_whitequark/__ENCODING___legacy_.txt" = 0.01 s
[ 7257/31251] Prism::NodeIdTest#"test_whitequark/alias.txt" = 0.02 s
[ 7258/31251] Prism::NodeIdTest#"test_whitequark/alias_gvar.txt" = 0.02 s
[ 7259/31251] Prism::NodeIdTest#"test_whitequark/ambiuous_quoted_label_in_ternary_operator.txt" = 0.
02 s
[ 7260/31251] Prism::NodeIdTest#"test_whitequark/and.txt" = 0.02 s
[ 7261/31251] Prism::NodeIdTest#"test_whitequark/and_asgn.txt" = 0.02 s
[ 7262/31251] Prism::NodeIdTest#"test_whitequark/and_or_masgn.txt" = 0.02 s
[ 7263/31251] Prism::NodeIdTest#"test_whitequark/anonymous_blockarg.txt" = 0.02 s
[ 7264/31251] Prism::NodeIdTest#"test_whitequark/arg.txt" = 0.02 s
[ 7265/31251] Prism::NodeIdTest#"test_whitequark/arg_duplicate_ignored.txt" = 0.02 s
[ 7266/31251] Prism::NodeIdTest#"test_whitequark/arg_label.txt" = 0.02 s
[ 7267/31251] Prism::NodeIdTest#"test_whitequark/arg_scope.txt" = 0.02 s
[ 7268/31251] Prism::NodeIdTest#"test_whitequark/args.txt" = 0.12 s
[ 7269/31251] Prism::NodeIdTest#"test_whitequark/args_args_assocs.txt" = 0.02 s
[ 7270/31251] Prism::NodeIdTest#"test_whitequark/args_args_assocs_comma.txt" = 0.02 s
[ 7271/31251] Prism::NodeIdTest#"test_whitequark/args_args_comma.txt" = 0.02 s
[ 7272/31251] Prism::NodeIdTest#"test_whitequark/args_args_star.txt" = 0.02 s
[ 7273/31251] Prism::NodeIdTest#"test_whitequark/args_assocs_comma.txt" = 0.02 s
[ 7274/31251] Prism::NodeIdTest#"test_whitequark/args_block_pass.txt" = 0.02 s
[ 7275/31251] Prism::NodeIdTest#"test_whitequark/args_cmd.txt" = 0.02 s
[ 7276/31251] Prism::NodeIdTest#"test_whitequark/args_star.txt" = 0.02 s
[ 7277/31251] Prism::NodeIdTest#"test_whitequark/array_assocs.txt" = 0.02 s
[ 7278/31251] Prism::NodeIdTest#"test_whitequark/array_plain.txt" = 0.02 s
[ 7279/31251] Prism::NodeIdTest#"test_whitequark/array_splat.txt" = 0.02 s
[ 7280/31251] Prism::NodeIdTest#"test_whitequark/array_symbols.txt" = 0.02 s
[ 7281/31251] Prism::NodeIdTest#"test_whitequark/array_symbols_empty.txt" = 0.02 s
[ 7282/31251] Prism::NodeIdTest#"test_whitequark/array_symbols_interp.txt" = 0.02 s
[ 7283/31251] Prism::NodeIdTest#"test_whitequark/array_words.txt" = 0.02 s
[ 7284/31251] Prism::NodeIdTest#"test_whitequark/array_words_empty.txt" = 0.02 s
[ 7285/31251] Prism::NodeIdTest#"test_whitequark/array_words_interp.txt" = 0.02 s
[ 7286/31251] Prism::NodeIdTest#"test_whitequark/asgn_cmd.txt" = 0.02 s
[ 7287/31251] Prism::NodeIdTest#"test_whitequark/asgn_mrhs.txt" = 0.02 s
[ 7288/31251] Prism::NodeIdTest#"test_whitequark/back_ref.txt" = 0.02 s
[ 7289/31251] Prism::NodeIdTest#"test_whitequark/bang.txt" = 0.02 s
[ 7290/31251] Prism::NodeIdTest#"test_whitequark/bang_cmd.txt" = 0.02 s
[ 7291/31251] Prism::NodeIdTest#"test_whitequark/begin_cmdarg.txt" = 0.02 s
[ 7292/31251] Prism::NodeIdTest#"test_whitequark/beginless_erange_after_newline.txt" = 0.02 s
[ 7293/31251] Prism::NodeIdTest#"test_whitequark/beginless_irange_after_newline.txt" = 0.02 s
[ 7294/31251] Prism::NodeIdTest#"test_whitequark/beginless_range.txt" = 0.02 s
[ 7295/31251] Prism::NodeIdTest#"test_whitequark/blockarg.txt" = 0.02 s
[ 7296/31251] Prism::NodeIdTest#"test_whitequark/blockargs.txt" = 0.16 s
[ 7297/31251] Prism::NodeIdTest#"test_whitequark/bug_435.txt" = 0.02 s
[ 7298/31251] Prism::NodeIdTest#"test_whitequark/bug_447.txt" = 0.02 s
[ 7299/31251] Prism::NodeIdTest#"test_whitequark/bug_452.txt" = 0.02 s
[ 7300/31251] Prism::NodeIdTest#"test_whitequark/bug_466.txt" = 0.02 s
[ 7301/31251] Prism::NodeIdTest#"test_whitequark/bug_473.txt" = 0.02 s
[ 7302/31251] Prism::NodeIdTest#"test_whitequark/bug_480.txt" = 0.02 s
[ 7303/31251] Prism::NodeIdTest#"test_whitequark/bug_481.txt" = 0.02 s
[ 7304/31251] Prism::NodeIdTest#"test_whitequark/bug_ascii_8bit_in_literal.txt" = 0.02 s
[ 7305/31251] Prism::NodeIdTest#"test_whitequark/bug_cmd_string_lookahead.txt" = 0.02 s
[ 7306/31251] Prism::NodeIdTest#"test_whitequark/bug_cmdarg.txt" = 0.02 s
[ 7307/31251] Prism::NodeIdTest#"test_whitequark/bug_def_no_paren_eql_begin.txt" = 0.02 s
[ 7308/31251] Prism::NodeIdTest#"test_whitequark/bug_do_block_in_call_args.txt" = 0.02 s
[ 7309/31251] Prism::NodeIdTest#"test_whitequark/bug_do_block_in_cmdarg.txt" = 0.02 s
[ 7310/31251] Prism::NodeIdTest#"test_whitequark/bug_do_block_in_hash_brace.txt" = 0.05 s
[ 7311/31251] Prism::NodeIdTest#"test_whitequark/bug_heredoc_do.txt" = 0.02 s
[ 7312/31251] Prism::NodeIdTest#"test_whitequark/bug_interp_single.txt" = 0.02 s
[ 7313/31251] Prism::NodeIdTest#"test_whitequark/bug_lambda_leakage.txt" = 0.02 s
[ 7314/31251] Prism::NodeIdTest#"test_whitequark/bug_regex_verification.txt" = 0.02 s
[ 7315/31251] Prism::NodeIdTest#"test_whitequark/bug_rescue_empty_else.txt" = 0.02 s
[ 7316/31251] Prism::NodeIdTest#"test_whitequark/bug_while_not_parens_do.txt" = 0.02 s
[ 7317/31251] Prism::NodeIdTest#"test_whitequark/case_cond.txt" = 0.02 s
[ 7318/31251] Prism::NodeIdTest#"test_whitequark/case_cond_else.txt" = 0.02 s
[ 7319/31251] Prism::NodeIdTest#"test_whitequark/case_expr.txt" = 0.02 s
[ 7320/31251] Prism::NodeIdTest#"test_whitequark/case_expr_else.txt" = 0.02 s
[ 7321/31251] Prism::NodeIdTest#"test_whitequark/casgn_scoped.txt" = 0.02 s
[ 7322/31251] Prism::NodeIdTest#"test_whitequark/casgn_toplevel.txt" = 0.02 s
[ 7323/31251] Prism::NodeIdTest#"test_whitequark/casgn_unscoped.txt" = 0.02 s
[ 7324/31251] Prism::NodeIdTest#"test_whitequark/character.txt" = 0.01 s
[ 7325/31251] Prism::NodeIdTest#"test_whitequark/class.txt" = 0.02 s
[ 7326/31251] Prism::NodeIdTest#"test_whitequark/class_super.txt" = 0.02 s
[ 7327/31251] Prism::NodeIdTest#"test_whitequark/class_super_label.txt" = 0.02 s
[ 7328/31251] Prism::NodeIdTest#"test_whitequark/comments_before_leading_dot__27.txt" = 0.02 s
[ 7329/31251] Prism::NodeIdTest#"test_whitequark/complex.txt" = 0.02 s
[ 7330/31251] Prism::NodeIdTest#"test_whitequark/cond_begin.txt" = 0.02 s
[ 7331/31251] Prism::NodeIdTest#"test_whitequark/cond_begin_masgn.txt" = 0.02 s
[ 7332/31251] Prism::NodeIdTest#"test_whitequark/cond_eflipflop.txt" = 0.02 s
[ 7333/31251] Prism::NodeIdTest#"test_whitequark/cond_eflipflop_with_beginless_range.txt" = 0.02 s
[ 7334/31251] Prism::NodeIdTest#"test_whitequark/cond_eflipflop_with_endless_range.txt" = 0.02 s
[ 7335/31251] Prism::NodeIdTest#"test_whitequark/cond_iflipflop.txt" = 0.02 s
[ 7336/31251] Prism::NodeIdTest#"test_whitequark/cond_iflipflop_with_beginless_range.txt" = 0.02 s
[ 7337/31251] Prism::NodeIdTest#"test_whitequark/cond_iflipflop_with_endless_range.txt" = 0.02 s
[ 7338/31251] Prism::NodeIdTest#"test_whitequark/cond_match_current_line.txt" = 0.02 s
[ 7339/31251] Prism::NodeIdTest#"test_whitequark/const_op_asgn.txt" = 0.03 s
[ 7340/31251] Prism::NodeIdTest#"test_whitequark/const_scoped.txt" = 0.02 s
[ 7341/31251] Prism::NodeIdTest#"test_whitequark/const_toplevel.txt" = 0.02 s
[ 7342/31251] Prism::NodeIdTest#"test_whitequark/const_unscoped.txt" = 0.01 s
[ 7343/31251] Prism::NodeIdTest#"test_whitequark/cpath.txt" = 0.02 s
[ 7344/31251] Prism::NodeIdTest#"test_whitequark/cvar.txt" = 0.01 s
[ 7345/31251] Prism::NodeIdTest#"test_whitequark/cvasgn.txt" = 0.02 s
[ 7346/31251] Prism::NodeIdTest#"test_whitequark/dedenting_heredoc.txt" = 0.06 s
[ 7347/31251] Prism::NodeIdTest#"test_whitequark/dedenting_interpolating_heredoc_fake_line_continuat
ion.txt" = 0.02 s
[ 7348/31251] Prism::NodeIdTest#"test_whitequark/dedenting_non_interpolating_heredoc_line_continuati
on.txt" = 0.02 s
[ 7349/31251] Prism::NodeIdTest#"test_whitequark/def.txt" = 0.02 s
[ 7350/31251] Prism::NodeIdTest#"test_whitequark/defined.txt" = 0.02 s
[ 7351/31251] Prism::NodeIdTest#"test_whitequark/defs.txt" = 0.02 s
[ 7352/31251] Prism::NodeIdTest#"test_whitequark/empty_stmt.txt" = 0.01 s
[ 7353/31251] Prism::NodeIdTest#"test_whitequark/endless_comparison_method.txt" = 0.04 s
[ 7354/31251] Prism::NodeIdTest#"test_whitequark/endless_method.txt" = 0.03 s
[ 7355/31251] Prism::NodeIdTest#"test_whitequark/endless_method_command_syntax.txt" = 0.05 s
[ 7356/31251] Prism::NodeIdTest#"test_whitequark/endless_method_forwarded_args_legacy.txt" = 0.02 s
[ 7357/31251] Prism::NodeIdTest#"test_whitequark/endless_method_with_rescue_mod.txt" = 0.02 s
[ 7358/31251] Prism::NodeIdTest#"test_whitequark/endless_method_without_args.txt" = 0.02 s
[ 7359/31251] Prism::NodeIdTest#"test_whitequark/ensure.txt" = 0.02 s
[ 7360/31251] Prism::NodeIdTest#"test_whitequark/ensure_empty.txt" = 0.02 s
[ 7361/31251] Prism::NodeIdTest#"test_whitequark/false.txt" = 0.02 s
[ 7362/31251] Prism::NodeIdTest#"test_whitequark/float.txt" = 0.02 s
[ 7363/31251] Prism::NodeIdTest#"test_whitequark/for.txt" = 0.02 s
[ 7364/31251] Prism::NodeIdTest#"test_whitequark/for_mlhs.txt" = 0.02 s
[ 7365/31251] Prism::NodeIdTest#"test_whitequark/forward_arg.txt" = 0.02 s
[ 7366/31251] Prism::NodeIdTest#"test_whitequark/forward_arg_with_open_args.txt" = 0.06 s
[ 7367/31251] Prism::NodeIdTest#"test_whitequark/forward_args_legacy.txt" = 0.03 s
[ 7368/31251] Prism::NodeIdTest#"test_whitequark/forwarded_argument_with_kwrestarg.txt" = 0.02 s
[ 7369/31251] Prism::NodeIdTest#"test_whitequark/forwarded_argument_with_restarg.txt" = 0.02 s
[ 7370/31251] Prism::NodeIdTest#"test_whitequark/forwarded_kwrestarg.txt" = 0.02 s
[ 7371/31251] Prism::NodeIdTest#"test_whitequark/forwarded_kwrestarg_with_additional_kwarg.txt" = 0.
02 s
[ 7372/31251] Prism::NodeIdTest#"test_whitequark/forwarded_restarg.txt" = 0.02 s
[ 7373/31251] Prism::NodeIdTest#"test_whitequark/gvar.txt" = 0.02 s
[ 7374/31251] Prism::NodeIdTest#"test_whitequark/gvasgn.txt" = 0.02 s
[ 7375/31251] Prism::NodeIdTest#"test_whitequark/hash_empty.txt" = 0.02 s
[ 7376/31251] Prism::NodeIdTest#"test_whitequark/hash_hashrocket.txt" = 0.02 s
[ 7377/31251] Prism::NodeIdTest#"test_whitequark/hash_kwsplat.txt" = 0.02 s
[ 7378/31251] Prism::NodeIdTest#"test_whitequark/hash_label.txt" = 0.02 s
[ 7379/31251] Prism::NodeIdTest#"test_whitequark/hash_label_end.txt" = 0.02 s
[ 7380/31251] Prism::NodeIdTest#"test_whitequark/hash_pair_value_omission.txt" = 0.02 s
[ 7381/31251] Prism::NodeIdTest#"test_whitequark/heredoc.txt" = 0.02 s
[ 7382/31251] Prism::NodeIdTest#"test_whitequark/if.txt" = 0.02 s
[ 7383/31251] Prism::NodeIdTest#"test_whitequark/if_else.txt" = 0.02 s
[ 7384/31251] Prism::NodeIdTest#"test_whitequark/if_elsif.txt" = 0.02 s
[ 7385/31251] Prism::NodeIdTest#"test_whitequark/if_masgn__24.txt" = 0.02 s
[ 7386/31251] Prism::NodeIdTest#"test_whitequark/if_mod.txt" = 0.02 s
[ 7387/31251] Prism::NodeIdTest#"test_whitequark/if_nl_then.txt" = 0.02 s
[ 7388/31251] Prism::NodeIdTest#"test_whitequark/int.txt" = 0.02 s
[ 7389/31251] Prism::NodeIdTest#"test_whitequark/int___LINE__.txt" = 0.29 s
[ 7390/31251] Prism::NodeIdTest#"test_whitequark/interp_digit_var.txt" = 0.05 s
[ 7391/31251] Prism::NodeIdTest#"test_whitequark/ivar.txt" = 0.01 s
[ 7392/31251] Prism::NodeIdTest#"test_whitequark/ivasgn.txt" = 0.02 s
[ 7393/31251] Prism::NodeIdTest#"test_whitequark/keyword_argument_omission.txt" = 0.02 s
[ 7394/31251] Prism::NodeIdTest#"test_whitequark/kwarg.txt" = 0.02 s
[ 7395/31251] Prism::NodeIdTest#"test_whitequark/kwbegin_compstmt.txt" = 0.02 s
[ 7396/31251] Prism::NodeIdTest#"test_whitequark/kwnilarg.txt" = 0.02 s
[ 7397/31251] Prism::NodeIdTest#"test_whitequark/kwoptarg.txt" = 0.02 s
[ 7398/31251] Prism::NodeIdTest#"test_whitequark/kwoptarg_with_kwrestarg_and_forwarded_args.txt" = 0
.02 s
[ 7399/31251] Prism::NodeIdTest#"test_whitequark/kwrestarg_named.txt" = 0.02 s
[ 7400/31251] Prism::NodeIdTest#"test_whitequark/kwrestarg_unnamed.txt" = 0.02 s
[ 7401/31251] Prism::NodeIdTest#"test_whitequark/lbrace_arg_after_command_args.txt" = 0.02 s
[ 7402/31251] Prism::NodeIdTest#"test_whitequark/lparenarg_after_lvar__since_25.txt" = 0.02 s
[ 7403/31251] Prism::NodeIdTest#"test_whitequark/lvar.txt" = 0.01 s
[ 7404/31251] Prism::NodeIdTest#"test_whitequark/lvar_injecting_match.txt" = 0.02 s
[ 7405/31251] Prism::NodeIdTest#"test_whitequark/lvasgn.txt" = 0.02 s
[ 7406/31251] Prism::NodeIdTest#"test_whitequark/masgn.txt" = 0.03 s
[ 7407/31251] Prism::NodeIdTest#"test_whitequark/masgn_attr.txt" = 0.03 s
[ 7408/31251] Prism::NodeIdTest#"test_whitequark/masgn_cmd.txt" = 0.02 s
[ 7409/31251] Prism::NodeIdTest#"test_whitequark/masgn_const.txt" = 0.02 s
[ 7410/31251] Prism::NodeIdTest#"test_whitequark/masgn_nested.txt" = 0.02 s
[ 7411/31251] Prism::NodeIdTest#"test_whitequark/masgn_splat.txt" = 0.16 s
[ 7412/31251] Prism::NodeIdTest#"test_whitequark/method_definition_in_while_cond.txt" = 0.04 s
[ 7413/31251] Prism::NodeIdTest#"test_whitequark/module.txt" = 0.02 s
[ 7414/31251] Prism::NodeIdTest#"test_whitequark/multiple_pattern_matches.txt" = 0.04 s
[ 7415/31251] Prism::NodeIdTest#"test_whitequark/newline_in_hash_argument.txt" = 0.04 s
[ 7416/31251] Prism::NodeIdTest#"test_whitequark/nil.txt" = 0.01 s
[ 7417/31251] Prism::NodeIdTest#"test_whitequark/nil_expression.txt" = 0.02 s
[ 7418/31251] Prism::NodeIdTest#"test_whitequark/non_lvar_injecting_match.txt" = 0.02 s
[ 7419/31251] Prism::NodeIdTest#"test_whitequark/not.txt" = 0.02 s
[ 7420/31251] Prism::NodeIdTest#"test_whitequark/not_cmd.txt" = 0.02 s
[ 7421/31251] Prism::NodeIdTest#"test_whitequark/not_masgn__24.txt" = 0.02 s
[ 7422/31251] Prism::NodeIdTest#"test_whitequark/nth_ref.txt" = 0.13 s
[ 7423/31251] Prism::NodeIdTest#"test_whitequark/numbered_args_after_27.txt" = 0.03 s
[ 7424/31251] Prism::NodeIdTest#"test_whitequark/numparam_outside_block.txt" = 0.03 s
[ 7425/31251] Prism::NodeIdTest#"test_whitequark/numparam_ruby_bug_19025.txt" = 0.02 s
[ 7426/31251] Prism::NodeIdTest#"test_whitequark/op_asgn.txt" = 0.02 s
[ 7427/31251] Prism::NodeIdTest#"test_whitequark/op_asgn_cmd.txt" = 0.03 s
[ 7428/31251] Prism::NodeIdTest#"test_whitequark/op_asgn_index.txt" = 0.02 s
[ 7429/31251] Prism::NodeIdTest#"test_whitequark/op_asgn_index_cmd.txt" = 0.02 s
[ 7430/31251] Prism::NodeIdTest#"test_whitequark/optarg.txt" = 0.02 s
[ 7431/31251] Prism::NodeIdTest#"test_whitequark/or.txt" = 0.02 s
[ 7432/31251] Prism::NodeIdTest#"test_whitequark/or_asgn.txt" = 0.02 s
[ 7433/31251] Prism::NodeIdTest#"test_whitequark/parser_bug_272.txt" = 0.02 s
[ 7434/31251] Prism::NodeIdTest#"test_whitequark/parser_bug_490.txt" = 0.03 s
[ 7435/31251] Prism::NodeIdTest#"test_whitequark/parser_bug_507.txt" = 0.02 s
[ 7436/31251] Prism::NodeIdTest#"test_whitequark/parser_bug_518.txt" = 0.02 s
[ 7437/31251] Prism::NodeIdTest#"test_whitequark/parser_bug_525.txt" = 0.02 s
[ 7438/31251] Prism::NodeIdTest#"test_whitequark/parser_bug_604.txt" = 0.02 s
[ 7439/31251] Prism::NodeIdTest#"test_whitequark/parser_bug_640.txt" = 0.02 s
[ 7440/31251] Prism::NodeIdTest#"test_whitequark/parser_bug_645.txt" = 0.02 s
[ 7441/31251] Prism::NodeIdTest#"test_whitequark/parser_bug_830.txt" = 0.02 s
[ 7442/31251] Prism::NodeIdTest#"test_whitequark/parser_bug_989.txt" = 0.01 s
[ 7443/31251] Prism::NodeIdTest#"test_whitequark/parser_drops_truncated_parts_of_squiggly_heredoc.tx
t" = 0.02 s
[ 7444/31251] Prism::NodeIdTest#"test_whitequark/parser_slash_slash_n_escaping_in_literals.txt" = 0.
03 s
[ 7445/31251] Prism::NodeIdTest#"test_whitequark/pattern_matching__FILE__LINE_literals.txt" = 0.02 s
[ 7446/31251] Prism::NodeIdTest#"test_whitequark/pattern_matching_blank_else.txt" = 0.02 s
[ 7447/31251] Prism::NodeIdTest#"test_whitequark/pattern_matching_else.txt" = 0.02 s
[ 7448/31251] Prism::NodeIdTest#"test_whitequark/pattern_matching_single_line.txt" = 0.02 s
[ 7449/31251] Prism::NodeIdTest#"test_whitequark/pattern_matching_single_line_allowed_omission_of_pa
rentheses.txt" = 0.05 s
[ 7450/31251] Prism::NodeIdTest#"test_whitequark/postexe.txt" = 0.02 s
[ 7451/31251] Prism::NodeIdTest#"test_whitequark/preexe.txt" = 0.02 s
[ 7452/31251] Prism::NodeIdTest#"test_whitequark/procarg0.txt" = 0.02 s
[ 7453/31251] Prism::NodeIdTest#"test_whitequark/range_exclusive.txt" = 0.02 s
[ 7454/31251] Prism::NodeIdTest#"test_whitequark/range_inclusive.txt" = 0.02 s
[ 7455/31251] Prism::NodeIdTest#"test_whitequark/rational.txt" = 0.02 s
[ 7456/31251] Prism::NodeIdTest#"test_whitequark/regex_interp.txt" = 0.02 s
[ 7457/31251] Prism::NodeIdTest#"test_whitequark/regex_plain.txt" = 0.02 s
[ 7458/31251] Prism::NodeIdTest#"test_whitequark/resbody_list.txt" = 0.02 s
[ 7459/31251] Prism::NodeIdTest#"test_whitequark/resbody_list_mrhs.txt" = 0.02 s
[ 7460/31251] Prism::NodeIdTest#"test_whitequark/resbody_list_var.txt" = 0.02 s
[ 7461/31251] Prism::NodeIdTest#"test_whitequark/resbody_var.txt" = 0.02 s
[ 7462/31251] Prism::NodeIdTest#"test_whitequark/rescue.txt" = 0.02 s
[ 7463/31251] Prism::NodeIdTest#"test_whitequark/rescue_else.txt" = 0.02 s
[ 7464/31251] Prism::NodeIdTest#"test_whitequark/rescue_else_ensure.txt" = 0.02 s
[ 7465/31251] Prism::NodeIdTest#"test_whitequark/rescue_ensure.txt" = 0.02 s
[ 7466/31251] Prism::NodeIdTest#"test_whitequark/rescue_in_lambda_block.txt" = 0.02 s
[ 7467/31251] Prism::NodeIdTest#"test_whitequark/rescue_mod.txt" = 0.02 s
[ 7468/31251] Prism::NodeIdTest#"test_whitequark/rescue_mod_asgn.txt" = 0.02 s
[ 7469/31251] Prism::NodeIdTest#"test_whitequark/rescue_mod_masgn.txt" = 0.02 s
[ 7470/31251] Prism::NodeIdTest#"test_whitequark/rescue_mod_op_assign.txt" = 0.02 s
[ 7471/31251] Prism::NodeIdTest#"test_whitequark/rescue_without_begin_end.txt" = 0.02 s
[ 7472/31251] Prism::NodeIdTest#"test_whitequark/restarg_named.txt" = 0.02 s
[ 7473/31251] Prism::NodeIdTest#"test_whitequark/restarg_unnamed.txt" = 0.02 s
[ 7474/31251] Prism::NodeIdTest#"test_whitequark/return.txt" = 0.02 s
[ 7475/31251] Prism::NodeIdTest#"test_whitequark/return_block.txt" = 0.02 s
[ 7476/31251] Prism::NodeIdTest#"test_whitequark/ruby_bug_10279.txt" = 0.02 s
[ 7477/31251] Prism::NodeIdTest#"test_whitequark/ruby_bug_10653.txt" = 0.03 s
[ 7478/31251] Prism::NodeIdTest#"test_whitequark/ruby_bug_11107.txt" = 0.02 s
[ 7479/31251] Prism::NodeIdTest#"test_whitequark/ruby_bug_11380.txt" = 0.02 s
[ 7480/31251] Prism::NodeIdTest#"test_whitequark/ruby_bug_11873.txt" = 0.08 s
[ 7481/31251] Prism::NodeIdTest#"test_whitequark/ruby_bug_11873_a.txt" = 0.13 s
[ 7482/31251] Prism::NodeIdTest#"test_whitequark/ruby_bug_11873_b.txt" = 0.03 s
[ 7483/31251] Prism::NodeIdTest#"test_whitequark/ruby_bug_11989.txt" = 0.02 s
[ 7484/31251] Prism::NodeIdTest#"test_whitequark/ruby_bug_11990.txt" = 0.02 s
[ 7485/31251] Prism::NodeIdTest#"test_whitequark/ruby_bug_12073.txt" = 0.03 s
[ 7486/31251] Prism::NodeIdTest#"test_whitequark/ruby_bug_12402.txt" = 0.07 s
[ 7487/31251] Prism::NodeIdTest#"test_whitequark/ruby_bug_12669.txt" = 0.03 s
[ 7488/31251] Prism::NodeIdTest#"test_whitequark/ruby_bug_12686.txt" = 0.09 s
[ 7489/31251] Prism::NodeIdTest#"test_whitequark/ruby_bug_13547.txt" = 0.02 s
[ 7490/31251] Prism::NodeIdTest#"test_whitequark/ruby_bug_14690.txt" = 0.02 s
[ 7491/31251] Prism::NodeIdTest#"test_whitequark/ruby_bug_15789.txt" = 0.03 s
[ 7492/31251] Prism::NodeIdTest#"test_whitequark/ruby_bug_9669.txt" = 0.02 s
[ 7493/31251] Prism::NodeIdTest#"test_whitequark/sclass.txt" = 0.02 s
[ 7494/31251] Prism::NodeIdTest#"test_whitequark/self.txt" = 0.02 s
[ 7495/31251] Prism::NodeIdTest#"test_whitequark/send_attr_asgn.txt" = 0.03 s
[ 7496/31251] Prism::NodeIdTest#"test_whitequark/send_attr_asgn_conditional.txt" = 0.02 s
[ 7497/31251] Prism::NodeIdTest#"test_whitequark/send_binary_op.txt" = 0.07 s
[ 7498/31251] Prism::NodeIdTest#"test_whitequark/send_block_chain_cmd.txt" = 0.12 s
[ 7499/31251] Prism::NodeIdTest#"test_whitequark/send_block_conditional.txt" = 0.02 s
[ 7500/31251] Prism::NodeIdTest#"test_whitequark/send_call.txt" = 0.02 s
[ 7501/31251] Prism::NodeIdTest#"test_whitequark/send_conditional.txt" = 0.02 s
[ 7502/31251] Prism::NodeIdTest#"test_whitequark/send_index.txt" = 0.02 s
[ 7503/31251] Prism::NodeIdTest#"test_whitequark/send_index_asgn.txt" = 0.02 s
[ 7504/31251] Prism::NodeIdTest#"test_whitequark/send_index_asgn_legacy.txt" = 0.02 s
[ 7505/31251] Prism::NodeIdTest#"test_whitequark/send_index_cmd.txt" = 0.02 s
[ 7506/31251] Prism::NodeIdTest#"test_whitequark/send_index_legacy.txt" = 0.02 s
[ 7507/31251] Prism::NodeIdTest#"test_whitequark/send_lambda.txt" = 0.02 s
[ 7508/31251] Prism::NodeIdTest#"test_whitequark/send_lambda_args.txt" = 0.02 s
[ 7509/31251] Prism::NodeIdTest#"test_whitequark/send_lambda_args_noparen.txt" = 0.02 s
[ 7510/31251] Prism::NodeIdTest#"test_whitequark/send_lambda_args_shadow.txt" = 0.11 s
[ 7511/31251] Prism::NodeIdTest#"test_whitequark/send_lambda_legacy.txt" = 0.01 s
[ 7512/31251] Prism::NodeIdTest#"test_whitequark/send_op_asgn_conditional.txt" = 0.02 s
[ 7513/31251] Prism::NodeIdTest#"test_whitequark/send_plain.txt" = 0.02 s
[ 7514/31251] Prism::NodeIdTest#"test_whitequark/send_plain_cmd.txt" = 0.02 s
[ 7515/31251] Prism::NodeIdTest#"test_whitequark/send_self.txt" = 0.02 s
[ 7516/31251] Prism::NodeIdTest#"test_whitequark/send_self_block.txt" = 0.02 s
[ 7517/31251] Prism::NodeIdTest#"test_whitequark/send_unary_op.txt" = 0.02 s
[ 7518/31251] Prism::NodeIdTest#"test_whitequark/slash_newline_in_heredocs.txt" = 0.02 s
[ 7519/31251] Prism::NodeIdTest#"test_whitequark/space_args_arg.txt" = 0.02 s
[ 7520/31251] Prism::NodeIdTest#"test_whitequark/space_args_arg_block.txt" = 0.03 s
[ 7521/31251] Prism::NodeIdTest#"test_whitequark/space_args_arg_call.txt" = 0.02 s
[ 7522/31251] Prism::NodeIdTest#"test_whitequark/space_args_arg_newline.txt" = 0.02 s
[ 7523/31251] Prism::NodeIdTest#"test_whitequark/space_args_block.txt" = 0.02 s
[ 7524/31251] Prism::NodeIdTest#"test_whitequark/space_args_cmd.txt" = 0.13 s
[ 7525/31251] Prism::NodeIdTest#"test_whitequark/string___FILE__.txt" = 0.02 s
[ 7526/31251] Prism::NodeIdTest#"test_whitequark/string_concat.txt" = 0.02 s
[ 7527/31251] Prism::NodeIdTest#"test_whitequark/string_dvar.txt" = 0.02 s
[ 7528/31251] Prism::NodeIdTest#"test_whitequark/string_interp.txt" = 0.02 s
[ 7529/31251] Prism::NodeIdTest#"test_whitequark/string_plain.txt" = 0.02 s
[ 7530/31251] Prism::NodeIdTest#"test_whitequark/super.txt" = 0.02 s
[ 7531/31251] Prism::NodeIdTest#"test_whitequark/super_block.txt" = 0.02 s
[ 7532/31251] Prism::NodeIdTest#"test_whitequark/symbol_interp.txt" = 0.02 s
[ 7533/31251] Prism::NodeIdTest#"test_whitequark/symbol_plain.txt" = 0.02 s
[ 7534/31251] Prism::NodeIdTest#"test_whitequark/ternary.txt" = 0.02 s
[ 7535/31251] Prism::NodeIdTest#"test_whitequark/ternary_ambiguous_symbol.txt" = 0.02 s
[ 7536/31251] Prism::NodeIdTest#"test_whitequark/trailing_forward_arg.txt" = 0.02 s
[ 7537/31251] Prism::NodeIdTest#"test_whitequark/true.txt" = 0.11 s
[ 7538/31251] Prism::NodeIdTest#"test_whitequark/unary_num_pow_precedence.txt" = 0.02 s
[ 7539/31251] Prism::NodeIdTest#"test_whitequark/undef.txt" = 0.02 s
[ 7540/31251] Prism::NodeIdTest#"test_whitequark/unless.txt" = 0.02 s
[ 7541/31251] Prism::NodeIdTest#"test_whitequark/unless_else.txt" = 0.02 s
[ 7542/31251] Prism::NodeIdTest#"test_whitequark/unless_mod.txt" = 0.02 s
[ 7543/31251] Prism::NodeIdTest#"test_whitequark/until.txt" = 0.02 s
[ 7544/31251] Prism::NodeIdTest#"test_whitequark/until_mod.txt" = 0.02 s
[ 7545/31251] Prism::NodeIdTest#"test_whitequark/until_post.txt" = 0.02 s
[ 7546/31251] Prism::NodeIdTest#"test_whitequark/var_and_asgn.txt" = 0.02 s
[ 7547/31251] Prism::NodeIdTest#"test_whitequark/var_op_asgn.txt" = 0.02 s
[ 7548/31251] Prism::NodeIdTest#"test_whitequark/var_op_asgn_cmd.txt" = 0.02 s
[ 7549/31251] Prism::NodeIdTest#"test_whitequark/var_or_asgn.txt" = 0.12 s
[ 7550/31251] Prism::NodeIdTest#"test_whitequark/when_multi.txt" = 0.02 s
[ 7551/31251] Prism::NodeIdTest#"test_whitequark/when_splat.txt" = 0.02 s
[ 7552/31251] Prism::NodeIdTest#"test_whitequark/when_then.txt" = 0.02 s
[ 7553/31251] Prism::NodeIdTest#"test_whitequark/while.txt" = 0.02 s
[ 7554/31251] Prism::NodeIdTest#"test_whitequark/while_mod.txt" = 0.02 s
[ 7555/31251] Prism::NodeIdTest#"test_whitequark/while_post.txt" = 0.02 s
[ 7556/31251] Prism::NodeIdTest#"test_whitequark/xstring_interp.txt" = 0.02 s
[ 7557/31251] Prism::NodeIdTest#"test_whitequark/xstring_plain.txt" = 0.01 s
[ 7558/31251] Prism::NodeIdTest#"test_whitequark/zsuper.txt" = 0.01 s
[ 7559/31251] Prism::NodeIdTest#"test_xstring.txt" = 0.02 s
[ 7560/31251] Prism::NodeIdTest#"test_xstring_with_backslash.txt" = 0.01 s
[ 7561/31251] Prism::NodeIdTest#"test_yield.txt" = 0.02 s
[ 7562/31251] Prism::NumericValueTest#test_numeric_value = 0.05 s
[ 7563/31251] Prism::OverlapTest#"test_alias.txt" = 0.13 s
[ 7564/31251] Prism::OverlapTest#"test_arithmetic.txt" = 0.11 s
[ 7565/31251] Prism::OverlapTest#"test_arrays.txt" = 0.82 s
[ 7566/31251] Prism::OverlapTest#"test_begin_ensure.txt" = 0.15 s
[ 7567/31251] Prism::OverlapTest#"test_begin_rescue.txt" = 0.38 s
[ 7568/31251] Prism::OverlapTest#"test_blocks.txt" = 0.37 s
[ 7569/31251] Prism::OverlapTest#"test_boolean_operators.txt" = 0.03 s
[ 7570/31251] Prism::OverlapTest#"test_booleans.txt" = 0.02 s
[ 7571/31251] Prism::OverlapTest#"test_break.txt" = 0.29 s
[ 7572/31251] Prism::OverlapTest#"test_case.txt" = 0.30 s
[ 7573/31251] Prism::OverlapTest#"test_classes.txt" = 0.22 s
[ 7574/31251] Prism::OverlapTest#"test_command_method_call.txt" = 0.40 s
[ 7575/31251] Prism::OverlapTest#"test_comments.txt" = 0.06 s
[ 7576/31251] Prism::OverlapTest#"test_constants.txt" = 0.64 s
[ 7577/31251] Prism::OverlapTest#"test_dash_heredocs.txt" = 0.14 s
[ 7578/31251] Prism::OverlapTest#"test_defined.txt" = 0.08 s
[ 7579/31251] Prism::OverlapTest#"test_dos_endings.txt" = 0.06 s
[ 7580/31251] Prism::OverlapTest#"test_dstring.txt" = 0.06 s
[ 7581/31251] Prism::OverlapTest#"test_dsym_str.txt" = 0.02 s
[ 7582/31251] Prism::OverlapTest#"test_embdoc_no_newline_at_end.txt" = 0.01 s
[ 7583/31251] Prism::OverlapTest#"test_emoji_method_calls.txt" = 0.03 s
[ 7584/31251] Prism::OverlapTest#"test_endless_methods.txt" = 0.06 s
[ 7585/31251] Prism::OverlapTest#"test_endless_range_in_conditional.txt" = 0.04 s
[ 7586/31251] Prism::OverlapTest#"test_for.txt" = 0.14 s
[ 7587/31251] Prism::OverlapTest#"test_global_variables.txt" = 0.16 s
[ 7588/31251] Prism::OverlapTest#"test_hashes.txt" = 0.20 s
[ 7589/31251] Prism::OverlapTest#"test_heredoc.txt" = 0.02 s
[ 7590/31251] Prism::OverlapTest#"test_heredoc_with_carriage_returns.txt" = 0.02 s
[ 7591/31251] Prism::OverlapTest#"test_heredoc_with_comment.txt" = 0.02 s
[ 7592/31251] Prism::OverlapTest#"test_heredoc_with_escaped_newline_at_start.txt" = 0.05 s
[ 7593/31251] Prism::OverlapTest#"test_heredoc_with_trailing_newline.txt" = 0.02 s
[ 7594/31251] Prism::OverlapTest#"test_heredocs_leading_whitespace.txt" = 0.04 s
[ 7595/31251] Prism::OverlapTest#"test_heredocs_nested.txt" = 0.05 s
[ 7596/31251] Prism::OverlapTest#"test_heredocs_with_ignored_newlines.txt" = 0.03 s
[ 7597/31251] Prism::OverlapTest#"test_heredocs_with_ignored_newlines_and_non_empty.txt" = 0.02 s
[ 7598/31251] Prism::OverlapTest#"test_if.txt" = 0.33 s
[ 7599/31251] Prism::OverlapTest#"test_indented_file_end.txt" = 0.02 s
[ 7600/31251] Prism::OverlapTest#"test_integer_operations.txt" = 0.39 s
[ 7601/31251] Prism::OverlapTest#"test_it_indirect_writes.txt" = 0.23 s
[ 7602/31251] Prism::OverlapTest#"test_keyword_method_names.txt" = 0.09 s
[ 7603/31251] Prism::OverlapTest#"test_keywords.txt" = 0.05 s
[ 7604/31251] Prism::OverlapTest#"test_lambda.txt" = 0.17 s
[ 7605/31251] Prism::OverlapTest#"test_method_calls.txt" = 1.20 s
[ 7606/31251] Prism::OverlapTest#"test_methods.txt" = 0.97 s
[ 7607/31251] Prism::OverlapTest#"test_modules.txt" = 0.11 s
[ 7608/31251] Prism::OverlapTest#"test_multi_write.txt" = 0.08 s
[ 7609/31251] Prism::OverlapTest#"test_newline_terminated.txt" = 0.08 s
[ 7610/31251] Prism::OverlapTest#"test_next.txt" = 0.23 s
[ 7611/31251] Prism::OverlapTest#"test_nils.txt" = 0.04 s
[ 7612/31251] Prism::OverlapTest#"test_non_alphanumeric_methods.txt" = 0.15 s
[ 7613/31251] Prism::OverlapTest#"test_not.txt" = 0.13 s
[ 7614/31251] Prism::OverlapTest#"test_numbers.txt" = 0.14 s
[ 7615/31251] Prism::OverlapTest#"test_patterns.txt" = 3.08 s
[ 7616/31251] Prism::OverlapTest#"test_procs.txt" = 0.36 s
[ 7617/31251] Prism::OverlapTest#"test_range_begin_open_exclusive.txt" = 0.02 s
[ 7618/31251] Prism::OverlapTest#"test_range_begin_open_inclusive.txt" = 0.02 s
[ 7619/31251] Prism::OverlapTest#"test_range_beginless.txt" = 0.06 s
[ 7620/31251] Prism::OverlapTest#"test_range_end_open_exclusive.txt" = 0.02 s
[ 7621/31251] Prism::OverlapTest#"test_range_end_open_inclusive.txt" = 0.02 s
[ 7622/31251] Prism::OverlapTest#"test_ranges.txt" = 0.46 s
[ 7623/31251] Prism::OverlapTest#"test_regex.txt" = 0.42 s
[ 7624/31251] Prism::OverlapTest#"test_regex_char_width.txt" = 0.04 s
[ 7625/31251] Prism::OverlapTest#"test_regex_escape_encoding.txt" = 0.03 s
[ 7626/31251] Prism::OverlapTest#"test_repeat_parameters.txt" = 0.25 s
[ 7627/31251] Prism::OverlapTest#"test_rescue.txt" = 0.39 s
[ 7628/31251] Prism::OverlapTest#"test_rescue_modifier.txt" = 0.11 s
[ 7629/31251] Prism::OverlapTest#"test_return.txt" = 0.15 s
[ 7630/31251] Prism::OverlapTest#"test_seattlerb/BEGIN.txt" = 0.11 s
[ 7631/31251] Prism::OverlapTest#"test_seattlerb/TestRubyParserShared.txt" = 0.23 s
[ 7632/31251] Prism::OverlapTest#"test_seattlerb/__ENCODING__.txt" = 0.02 s
[ 7633/31251] Prism::OverlapTest#"test_seattlerb/alias_gvar_backref.txt" = 0.02 s
[ 7634/31251] Prism::OverlapTest#"test_seattlerb/alias_resword.txt" = 0.02 s
[ 7635/31251] Prism::OverlapTest#"test_seattlerb/and_multi.txt" = 0.03 s
[ 7636/31251] Prism::OverlapTest#"test_seattlerb/aref_args_assocs.txt" = 0.03 s
[ 7637/31251] Prism::OverlapTest#"test_seattlerb/aref_args_lit_assocs.txt" = 0.11 s
[ 7638/31251] Prism::OverlapTest#"test_seattlerb/args_kw_block.txt" = 0.03 s
[ 7639/31251] Prism::OverlapTest#"test_seattlerb/array_line_breaks.txt" = 0.03 s
[ 7640/31251] Prism::OverlapTest#"test_seattlerb/array_lits_trailing_calls.txt" = 0.03 s
[ 7641/31251] Prism::OverlapTest#"test_seattlerb/assoc__bare.txt" = 0.03 s
[ 7642/31251] Prism::OverlapTest#"test_seattlerb/assoc_label.txt" = 0.03 s
[ 7643/31251] Prism::OverlapTest#"test_seattlerb/attr_asgn_colon_id.txt" = 0.02 s
[ 7644/31251] Prism::OverlapTest#"test_seattlerb/attrasgn_array_arg.txt" = 0.04 s
[ 7645/31251] Prism::OverlapTest#"test_seattlerb/attrasgn_array_lhs.txt" = 0.05 s
[ 7646/31251] Prism::OverlapTest#"test_seattlerb/attrasgn_primary_dot_constant.txt" = 0.02 s
[ 7647/31251] Prism::OverlapTest#"test_seattlerb/backticks_interpolation_line.txt" = 0.03 s
[ 7648/31251] Prism::OverlapTest#"test_seattlerb/bang_eq.txt" = 0.02 s
[ 7649/31251] Prism::OverlapTest#"test_seattlerb/bdot2.txt" = 0.03 s
[ 7650/31251] Prism::OverlapTest#"test_seattlerb/bdot3.txt" = 0.03 s
[ 7651/31251] Prism::OverlapTest#"test_seattlerb/begin_ensure_no_bodies.txt" = 0.02 s
[ 7652/31251] Prism::OverlapTest#"test_seattlerb/begin_rescue_else_ensure_bodies.txt" = 0.05 s
[ 7653/31251] Prism::OverlapTest#"test_seattlerb/begin_rescue_else_ensure_no_bodies.txt" = 0.03 s
[ 7654/31251] Prism::OverlapTest#"test_seattlerb/begin_rescue_ensure_no_bodies.txt" = 0.02 s
[ 7655/31251] Prism::OverlapTest#"test_seattlerb/block_arg__bare.txt" = 0.02 s
[ 7656/31251] Prism::OverlapTest#"test_seattlerb/block_arg_kwsplat.txt" = 0.03 s
[ 7657/31251] Prism::OverlapTest#"test_seattlerb/block_arg_opt_arg_block.txt" = 0.04 s
[ 7658/31251] Prism::OverlapTest#"test_seattlerb/block_arg_opt_splat.txt" = 0.04 s
[ 7659/31251] Prism::OverlapTest#"test_seattlerb/block_arg_opt_splat_arg_block_omfg.txt" = 0.04 s
[ 7660/31251] Prism::OverlapTest#"test_seattlerb/block_arg_optional.txt" = 0.03 s
[ 7661/31251] Prism::OverlapTest#"test_seattlerb/block_arg_scope.txt" = 0.03 s
[ 7662/31251] Prism::OverlapTest#"test_seattlerb/block_arg_scope2.txt" = 0.04 s
[ 7663/31251] Prism::OverlapTest#"test_seattlerb/block_arg_splat_arg.txt" = 0.03 s
[ 7664/31251] Prism::OverlapTest#"test_seattlerb/block_args_kwargs.txt" = 0.03 s
[ 7665/31251] Prism::OverlapTest#"test_seattlerb/block_args_no_kwargs.txt" = 0.03 s
[ 7666/31251] Prism::OverlapTest#"test_seattlerb/block_args_opt1.txt" = 0.05 s
[ 7667/31251] Prism::OverlapTest#"test_seattlerb/block_args_opt2.txt" = 0.04 s
[ 7668/31251] Prism::OverlapTest#"test_seattlerb/block_args_opt2_2.txt" = 0.05 s
[ 7669/31251] Prism::OverlapTest#"test_seattlerb/block_args_opt3.txt" = 0.06 s
[ 7670/31251] Prism::OverlapTest#"test_seattlerb/block_call_defn_call_block_call.txt" = 0.05 s
[ 7671/31251] Prism::OverlapTest#"test_seattlerb/block_call_dot_op2_brace_block.txt" = 0.13 s
[ 7672/31251] Prism::OverlapTest#"test_seattlerb/block_call_dot_op2_cmd_args_do_block.txt" = 0.06 s
[ 7673/31251] Prism::OverlapTest#"test_seattlerb/block_call_operation_colon.txt" = 0.03 s
[ 7674/31251] Prism::OverlapTest#"test_seattlerb/block_call_operation_dot.txt" = 0.03 s
[ 7675/31251] Prism::OverlapTest#"test_seattlerb/block_call_paren_call_block_call.txt" = 0.04 s
[ 7676/31251] Prism::OverlapTest#"test_seattlerb/block_command_operation_colon.txt" = 0.03 s
[ 7677/31251] Prism::OverlapTest#"test_seattlerb/block_command_operation_dot.txt" = 0.03 s
[ 7678/31251] Prism::OverlapTest#"test_seattlerb/block_decomp_anon_splat_arg.txt" = 0.03 s
[ 7679/31251] Prism::OverlapTest#"test_seattlerb/block_decomp_arg_splat.txt" = 0.03 s
[ 7680/31251] Prism::OverlapTest#"test_seattlerb/block_decomp_arg_splat_arg.txt" = 0.04 s
[ 7681/31251] Prism::OverlapTest#"test_seattlerb/block_decomp_splat.txt" = 0.03 s
[ 7682/31251] Prism::OverlapTest#"test_seattlerb/block_kw.txt" = 0.03 s
[ 7683/31251] Prism::OverlapTest#"test_seattlerb/block_kw__required.txt" = 0.03 s
[ 7684/31251] Prism::OverlapTest#"test_seattlerb/block_kwarg_lvar.txt" = 0.04 s
[ 7685/31251] Prism::OverlapTest#"test_seattlerb/block_kwarg_lvar_multiple.txt" = 0.04 s
[ 7686/31251] Prism::OverlapTest#"test_seattlerb/block_opt_arg.txt" = 0.04 s
[ 7687/31251] Prism::OverlapTest#"test_seattlerb/block_opt_splat.txt" = 0.03 s
[ 7688/31251] Prism::OverlapTest#"test_seattlerb/block_opt_splat_arg_block_omfg.txt" = 0.04 s
[ 7689/31251] Prism::OverlapTest#"test_seattlerb/block_optarg.txt" = 0.03 s
[ 7690/31251] Prism::OverlapTest#"test_seattlerb/block_paren_splat.txt" = 0.04 s
[ 7691/31251] Prism::OverlapTest#"test_seattlerb/block_reg_optarg.txt" = 0.03 s
[ 7692/31251] Prism::OverlapTest#"test_seattlerb/block_return.txt" = 0.04 s
[ 7693/31251] Prism::OverlapTest#"test_seattlerb/block_scope.txt" = 0.02 s
[ 7694/31251] Prism::OverlapTest#"test_seattlerb/block_splat_reg.txt" = 0.03 s
[ 7695/31251] Prism::OverlapTest#"test_seattlerb/bug169.txt" = 0.02 s
[ 7696/31251] Prism::OverlapTest#"test_seattlerb/bug179.txt" = 0.03 s
[ 7697/31251] Prism::OverlapTest#"test_seattlerb/bug190.txt" = 0.02 s
[ 7698/31251] Prism::OverlapTest#"test_seattlerb/bug191.txt" = 0.05 s
[ 7699/31251] Prism::OverlapTest#"test_seattlerb/bug202.txt" = 0.02 s
[ 7700/31251] Prism::OverlapTest#"test_seattlerb/bug236.txt" = 0.05 s
[ 7701/31251] Prism::OverlapTest#"test_seattlerb/bug290.txt" = 0.02 s
[ 7702/31251] Prism::OverlapTest#"test_seattlerb/bug_187.txt" = 0.04 s
[ 7703/31251] Prism::OverlapTest#"test_seattlerb/bug_215.txt" = 0.02 s
[ 7704/31251] Prism::OverlapTest#"test_seattlerb/bug_249.txt" = 0.06 s
[ 7705/31251] Prism::OverlapTest#"test_seattlerb/bug_and.txt" = 0.03 s
[ 7706/31251] Prism::OverlapTest#"test_seattlerb/bug_args__19.txt" = 0.04 s
[ 7707/31251] Prism::OverlapTest#"test_seattlerb/bug_args_masgn.txt" = 0.14 s
[ 7708/31251] Prism::OverlapTest#"test_seattlerb/bug_args_masgn2.txt" = 0.04 s
[ 7709/31251] Prism::OverlapTest#"test_seattlerb/bug_args_masgn_outer_parens__19.txt" = 0.04 s
[ 7710/31251] Prism::OverlapTest#"test_seattlerb/bug_call_arglist_parens.txt" = 0.08 s
[ 7711/31251] Prism::OverlapTest#"test_seattlerb/bug_case_when_regexp.txt" = 0.02 s
[ 7712/31251] Prism::OverlapTest#"test_seattlerb/bug_comma.txt" = 0.03 s
[ 7713/31251] Prism::OverlapTest#"test_seattlerb/bug_cond_pct.txt" = 0.02 s
[ 7714/31251] Prism::OverlapTest#"test_seattlerb/bug_hash_args.txt" = 0.03 s
[ 7715/31251] Prism::OverlapTest#"test_seattlerb/bug_hash_args_trailing_comma.txt" = 0.03 s
[ 7716/31251] Prism::OverlapTest#"test_seattlerb/bug_hash_interp_array.txt" = 0.03 s
[ 7717/31251] Prism::OverlapTest#"test_seattlerb/bug_masgn_right.txt" = 0.04 s
[ 7718/31251] Prism::OverlapTest#"test_seattlerb/bug_not_parens.txt" = 0.02 s
[ 7719/31251] Prism::OverlapTest#"test_seattlerb/bug_op_asgn_rescue.txt" = 0.02 s
[ 7720/31251] Prism::OverlapTest#"test_seattlerb/call_and.txt" = 0.03 s
[ 7721/31251] Prism::OverlapTest#"test_seattlerb/call_arg_assoc.txt" = 0.03 s
[ 7722/31251] Prism::OverlapTest#"test_seattlerb/call_arg_assoc_kwsplat.txt" = 0.04 s
[ 7723/31251] Prism::OverlapTest#"test_seattlerb/call_arg_kwsplat.txt" = 0.03 s
[ 7724/31251] Prism::OverlapTest#"test_seattlerb/call_args_assoc_quoted.txt" = 0.07 s
[ 7725/31251] Prism::OverlapTest#"test_seattlerb/call_args_assoc_trailing_comma.txt" = 0.03 s
[ 7726/31251] Prism::OverlapTest#"test_seattlerb/call_args_command.txt" = 0.03 s
[ 7727/31251] Prism::OverlapTest#"test_seattlerb/call_array_arg.txt" = 0.03 s
[ 7728/31251] Prism::OverlapTest#"test_seattlerb/call_array_block_call.txt" = 0.03 s
[ 7729/31251] Prism::OverlapTest#"test_seattlerb/call_array_lambda_block_call.txt" = 0.03 s
[ 7730/31251] Prism::OverlapTest#"test_seattlerb/call_array_lit_inline_hash.txt" = 0.04 s
[ 7731/31251] Prism::OverlapTest#"test_seattlerb/call_assoc.txt" = 0.03 s
[ 7732/31251] Prism::OverlapTest#"test_seattlerb/call_assoc_new.txt" = 0.03 s
[ 7733/31251] Prism::OverlapTest#"test_seattlerb/call_assoc_new_if_multiline.txt" = 0.05 s
[ 7734/31251] Prism::OverlapTest#"test_seattlerb/call_assoc_trailing_comma.txt" = 0.18 s
[ 7735/31251] Prism::OverlapTest#"test_seattlerb/call_bang_command_call.txt" = 0.03 s
[ 7736/31251] Prism::OverlapTest#"test_seattlerb/call_bang_squiggle.txt" = 0.02 s
[ 7737/31251] Prism::OverlapTest#"test_seattlerb/call_begin_call_block_call.txt" = 0.03 s
[ 7738/31251] Prism::OverlapTest#"test_seattlerb/call_block_arg_named.txt" = 0.02 s
[ 7739/31251] Prism::OverlapTest#"test_seattlerb/call_carat.txt" = 0.02 s
[ 7740/31251] Prism::OverlapTest#"test_seattlerb/call_colon2.txt" = 0.02 s
[ 7741/31251] Prism::OverlapTest#"test_seattlerb/call_colon_parens.txt" = 0.02 s
[ 7742/31251] Prism::OverlapTest#"test_seattlerb/call_div.txt" = 0.02 s
[ 7743/31251] Prism::OverlapTest#"test_seattlerb/call_dot_parens.txt" = 0.02 s
[ 7744/31251] Prism::OverlapTest#"test_seattlerb/call_env.txt" = 0.02 s
[ 7745/31251] Prism::OverlapTest#"test_seattlerb/call_eq3.txt" = 0.02 s
[ 7746/31251] Prism::OverlapTest#"test_seattlerb/call_gt.txt" = 0.02 s
[ 7747/31251] Prism::OverlapTest#"test_seattlerb/call_kwsplat.txt" = 0.03 s
[ 7748/31251] Prism::OverlapTest#"test_seattlerb/call_leading_dots.txt" = 0.02 s
[ 7749/31251] Prism::OverlapTest#"test_seattlerb/call_leading_dots_comment.txt" = 0.02 s
[ 7750/31251] Prism::OverlapTest#"test_seattlerb/call_lt.txt" = 0.03 s
[ 7751/31251] Prism::OverlapTest#"test_seattlerb/call_lte.txt" = 0.03 s
[ 7752/31251] Prism::OverlapTest#"test_seattlerb/call_not.txt" = 0.02 s
[ 7753/31251] Prism::OverlapTest#"test_seattlerb/call_pipe.txt" = 0.02 s
[ 7754/31251] Prism::OverlapTest#"test_seattlerb/call_rshift.txt" = 0.02 s
[ 7755/31251] Prism::OverlapTest#"test_seattlerb/call_self_brackets.txt" = 0.02 s
[ 7756/31251] Prism::OverlapTest#"test_seattlerb/call_spaceship.txt" = 0.03 s
[ 7757/31251] Prism::OverlapTest#"test_seattlerb/call_stabby_do_end_with_block.txt" = 0.04 s
[ 7758/31251] Prism::OverlapTest#"test_seattlerb/call_stabby_with_braces_block.txt" = 0.03 s
[ 7759/31251] Prism::OverlapTest#"test_seattlerb/call_star.txt" = 0.11 s
[ 7760/31251] Prism::OverlapTest#"test_seattlerb/call_star2.txt" = 0.02 s
[ 7761/31251] Prism::OverlapTest#"test_seattlerb/call_trailing_comma.txt" = 0.02 s
[ 7762/31251] Prism::OverlapTest#"test_seattlerb/call_trailing_dots.txt" = 0.02 s
[ 7763/31251] Prism::OverlapTest#"test_seattlerb/call_unary_bang.txt" = 0.02 s
[ 7764/31251] Prism::OverlapTest#"test_seattlerb/case_in.txt" = 0.65 s
[ 7765/31251] Prism::OverlapTest#"test_seattlerb/case_in_31.txt" = 0.04 s
[ 7766/31251] Prism::OverlapTest#"test_seattlerb/case_in_37.txt" = 0.04 s
[ 7767/31251] Prism::OverlapTest#"test_seattlerb/case_in_42.txt" = 0.04 s
[ 7768/31251] Prism::OverlapTest#"test_seattlerb/case_in_42_2.txt" = 0.04 s
[ 7769/31251] Prism::OverlapTest#"test_seattlerb/case_in_47.txt" = 0.14 s
[ 7770/31251] Prism::OverlapTest#"test_seattlerb/case_in_67.txt" = 0.03 s
[ 7771/31251] Prism::OverlapTest#"test_seattlerb/case_in_86.txt" = 0.04 s
[ 7772/31251] Prism::OverlapTest#"test_seattlerb/case_in_86_2.txt" = 0.04 s
[ 7773/31251] Prism::OverlapTest#"test_seattlerb/case_in_array_pat_const.txt" = 0.04 s
[ 7774/31251] Prism::OverlapTest#"test_seattlerb/case_in_array_pat_const2.txt" = 0.04 s
[ 7775/31251] Prism::OverlapTest#"test_seattlerb/case_in_array_pat_paren_assign.txt" = 0.04 s
[ 7776/31251] Prism::OverlapTest#"test_seattlerb/case_in_const.txt" = 0.03 s
[ 7777/31251] Prism::OverlapTest#"test_seattlerb/case_in_else.txt" = 0.04 s
[ 7778/31251] Prism::OverlapTest#"test_seattlerb/case_in_find.txt" = 0.04 s
[ 7779/31251] Prism::OverlapTest#"test_seattlerb/case_in_find_array.txt" = 0.12 s
[ 7780/31251] Prism::OverlapTest#"test_seattlerb/case_in_hash_pat.txt" = 0.05 s
[ 7781/31251] Prism::OverlapTest#"test_seattlerb/case_in_hash_pat_assign.txt" = 0.07 s
[ 7782/31251] Prism::OverlapTest#"test_seattlerb/case_in_hash_pat_paren_assign.txt" = 0.04 s
[ 7783/31251] Prism::OverlapTest#"test_seattlerb/case_in_hash_pat_paren_true.txt" = 0.04 s
[ 7784/31251] Prism::OverlapTest#"test_seattlerb/case_in_hash_pat_rest.txt" = 0.05 s
[ 7785/31251] Prism::OverlapTest#"test_seattlerb/case_in_hash_pat_rest_solo.txt" = 0.04 s
[ 7786/31251] Prism::OverlapTest#"test_seattlerb/case_in_if_unless_post_mod.txt" = 0.14 s
[ 7787/31251] Prism::OverlapTest#"test_seattlerb/case_in_multiple.txt" = 0.05 s
[ 7788/31251] Prism::OverlapTest#"test_seattlerb/case_in_or.txt" = 0.04 s
[ 7789/31251] Prism::OverlapTest#"test_seattlerb/class_comments.txt" = 0.03 s
[ 7790/31251] Prism::OverlapTest#"test_seattlerb/cond_unary_minus.txt" = 0.02 s
[ 7791/31251] Prism::OverlapTest#"test_seattlerb/const_2_op_asgn_or2.txt" = 0.02 s
[ 7792/31251] Prism::OverlapTest#"test_seattlerb/const_3_op_asgn_or.txt" = 0.02 s
[ 7793/31251] Prism::OverlapTest#"test_seattlerb/const_op_asgn_and1.txt" = 0.02 s
[ 7794/31251] Prism::OverlapTest#"test_seattlerb/const_op_asgn_and2.txt" = 0.02 s
[ 7795/31251] Prism::OverlapTest#"test_seattlerb/const_op_asgn_or.txt" = 0.02 s
[ 7796/31251] Prism::OverlapTest#"test_seattlerb/defined_eh_parens.txt" = 0.02 s
[ 7797/31251] Prism::OverlapTest#"test_seattlerb/defn_arg_asplat_arg.txt" = 0.03 s
[ 7798/31251] Prism::OverlapTest#"test_seattlerb/defn_arg_forward_args.txt" = 0.04 s
[ 7799/31251] Prism::OverlapTest#"test_seattlerb/defn_args_forward_args.txt" = 0.05 s
[ 7800/31251] Prism::OverlapTest#"test_seattlerb/defn_comments.txt" = 0.02 s
[ 7801/31251] Prism::OverlapTest#"test_seattlerb/defn_endless_command.txt" = 0.03 s
[ 7802/31251] Prism::OverlapTest#"test_seattlerb/defn_endless_command_rescue.txt" = 0.03 s
[ 7803/31251] Prism::OverlapTest#"test_seattlerb/defn_forward_args.txt" = 0.03 s
[ 7804/31251] Prism::OverlapTest#"test_seattlerb/defn_forward_args__no_parens.txt" = 0.04 s
[ 7805/31251] Prism::OverlapTest#"test_seattlerb/defn_kwarg_env.txt" = 0.04 s
[ 7806/31251] Prism::OverlapTest#"test_seattlerb/defn_kwarg_kwarg.txt" = 0.03 s
[ 7807/31251] Prism::OverlapTest#"test_seattlerb/defn_kwarg_kwsplat.txt" = 0.03 s
[ 7808/31251] Prism::OverlapTest#"test_seattlerb/defn_kwarg_kwsplat_anon.txt" = 0.03 s
[ 7809/31251] Prism::OverlapTest#"test_seattlerb/defn_kwarg_lvar.txt" = 0.03 s
[ 7810/31251] Prism::OverlapTest#"test_seattlerb/defn_kwarg_no_parens.txt" = 0.03 s
[ 7811/31251] Prism::OverlapTest#"test_seattlerb/defn_kwarg_val.txt" = 0.03 s
[ 7812/31251] Prism::OverlapTest#"test_seattlerb/defn_no_kwargs.txt" = 0.02 s
[ 7813/31251] Prism::OverlapTest#"test_seattlerb/defn_oneliner.txt" = 0.04 s
[ 7814/31251] Prism::OverlapTest#"test_seattlerb/defn_oneliner_eq2.txt" = 0.04 s
[ 7815/31251] Prism::OverlapTest#"test_seattlerb/defn_oneliner_noargs.txt" = 0.02 s
[ 7816/31251] Prism::OverlapTest#"test_seattlerb/defn_oneliner_noargs_parentheses.txt" = 0.02 s
[ 7817/31251] Prism::OverlapTest#"test_seattlerb/defn_oneliner_rescue.txt" = 0.10 s
[ 7818/31251] Prism::OverlapTest#"test_seattlerb/defn_opt_last_arg.txt" = 0.03 s
[ 7819/31251] Prism::OverlapTest#"test_seattlerb/defn_opt_reg.txt" = 0.03 s
[ 7820/31251] Prism::OverlapTest#"test_seattlerb/defn_opt_splat_arg.txt" = 0.03 s
[ 7821/31251] Prism::OverlapTest#"test_seattlerb/defn_powarg.txt" = 0.02 s
[ 7822/31251] Prism::OverlapTest#"test_seattlerb/defn_reg_opt_reg.txt" = 0.03 s
[ 7823/31251] Prism::OverlapTest#"test_seattlerb/defn_splat_arg.txt" = 0.03 s
[ 7824/31251] Prism::OverlapTest#"test_seattlerb/defn_unary_not.txt" = 0.02 s
[ 7825/31251] Prism::OverlapTest#"test_seattlerb/defns_reserved.txt" = 0.02 s
[ 7826/31251] Prism::OverlapTest#"test_seattlerb/defs_as_arg_with_do_block_inside.txt" = 0.04 s
[ 7827/31251] Prism::OverlapTest#"test_seattlerb/defs_comments.txt" = 0.02 s
[ 7828/31251] Prism::OverlapTest#"test_seattlerb/defs_endless_command.txt" = 0.03 s
[ 7829/31251] Prism::OverlapTest#"test_seattlerb/defs_endless_command_rescue.txt" = 0.04 s
[ 7830/31251] Prism::OverlapTest#"test_seattlerb/defs_kwarg.txt" = 0.03 s
[ 7831/31251] Prism::OverlapTest#"test_seattlerb/defs_oneliner.txt" = 0.04 s
[ 7832/31251] Prism::OverlapTest#"test_seattlerb/defs_oneliner_eq2.txt" = 0.04 s
[ 7833/31251] Prism::OverlapTest#"test_seattlerb/defs_oneliner_rescue.txt" = 0.11 s
[ 7834/31251] Prism::OverlapTest#"test_seattlerb/difficult0_.txt" = 0.05 s
[ 7835/31251] Prism::OverlapTest#"test_seattlerb/difficult1_line_numbers.txt" = 0.14 s
[ 7836/31251] Prism::OverlapTest#"test_seattlerb/difficult1_line_numbers2.txt" = 0.06 s
[ 7837/31251] Prism::OverlapTest#"test_seattlerb/difficult2_.txt" = 0.06 s
[ 7838/31251] Prism::OverlapTest#"test_seattlerb/difficult3_.txt" = 0.04 s
[ 7839/31251] Prism::OverlapTest#"test_seattlerb/difficult3_2.txt" = 0.03 s
[ 7840/31251] Prism::OverlapTest#"test_seattlerb/difficult3_3.txt" = 0.04 s
[ 7841/31251] Prism::OverlapTest#"test_seattlerb/difficult3_4.txt" = 0.04 s
[ 7842/31251] Prism::OverlapTest#"test_seattlerb/difficult3_5.txt" = 0.03 s
[ 7843/31251] Prism::OverlapTest#"test_seattlerb/difficult3__10.txt" = 0.04 s
[ 7844/31251] Prism::OverlapTest#"test_seattlerb/difficult3__11.txt" = 0.03 s
[ 7845/31251] Prism::OverlapTest#"test_seattlerb/difficult3__12.txt" = 0.04 s
[ 7846/31251] Prism::OverlapTest#"test_seattlerb/difficult3__6.txt" = 0.05 s
[ 7847/31251] Prism::OverlapTest#"test_seattlerb/difficult3__7.txt" = 0.04 s
[ 7848/31251] Prism::OverlapTest#"test_seattlerb/difficult3__8.txt" = 0.04 s
[ 7849/31251] Prism::OverlapTest#"test_seattlerb/difficult3__9.txt" = 0.04 s
[ 7850/31251] Prism::OverlapTest#"test_seattlerb/difficult4__leading_dots.txt" = 0.02 s
[ 7851/31251] Prism::OverlapTest#"test_seattlerb/difficult4__leading_dots2.txt" = 0.02 s
[ 7852/31251] Prism::OverlapTest#"test_seattlerb/difficult6_.txt" = 0.05 s
[ 7853/31251] Prism::OverlapTest#"test_seattlerb/difficult6__7.txt" = 0.04 s
[ 7854/31251] Prism::OverlapTest#"test_seattlerb/difficult6__8.txt" = 0.04 s
[ 7855/31251] Prism::OverlapTest#"test_seattlerb/difficult7_.txt" = 0.06 s
[ 7856/31251] Prism::OverlapTest#"test_seattlerb/do_bug.txt" = 0.04 s
[ 7857/31251] Prism::OverlapTest#"test_seattlerb/do_lambda.txt" = 0.02 s
[ 7858/31251] Prism::OverlapTest#"test_seattlerb/dot2_nil__26.txt" = 0.02 s
[ 7859/31251] Prism::OverlapTest#"test_seattlerb/dot3_nil__26.txt" = 0.02 s
[ 7860/31251] Prism::OverlapTest#"test_seattlerb/dstr_evstr.txt" = 0.03 s
[ 7861/31251] Prism::OverlapTest#"test_seattlerb/dstr_evstr_empty_end.txt" = 0.03 s
[ 7862/31251] Prism::OverlapTest#"test_seattlerb/dstr_lex_state.txt" = 0.03 s
[ 7863/31251] Prism::OverlapTest#"test_seattlerb/dstr_str.txt" = 0.03 s
[ 7864/31251] Prism::OverlapTest#"test_seattlerb/dsym_esc_to_sym.txt" = 0.02 s
[ 7865/31251] Prism::OverlapTest#"test_seattlerb/dsym_to_sym.txt" = 0.03 s
[ 7866/31251] Prism::OverlapTest#"test_seattlerb/eq_begin_line_numbers.txt" = 0.02 s
[ 7867/31251] Prism::OverlapTest#"test_seattlerb/eq_begin_why_wont_people_use_their_spacebar.txt" =
0.03 s
[ 7868/31251] Prism::OverlapTest#"test_seattlerb/evstr_evstr.txt" = 0.04 s
[ 7869/31251] Prism::OverlapTest#"test_seattlerb/evstr_str.txt" = 0.03 s
[ 7870/31251] Prism::OverlapTest#"test_seattlerb/expr_not_bang.txt" = 0.03 s
[ 7871/31251] Prism::OverlapTest#"test_seattlerb/f_kw.txt" = 0.03 s
[ 7872/31251] Prism::OverlapTest#"test_seattlerb/f_kw__required.txt" = 0.02 s
[ 7873/31251] Prism::OverlapTest#"test_seattlerb/flip2_env_lvar.txt" = 0.03 s
[ 7874/31251] Prism::OverlapTest#"test_seattlerb/float_with_if_modifier.txt" = 0.03 s
[ 7875/31251] Prism::OverlapTest#"test_seattlerb/heredoc__backslash_dos_format.txt" = 0.02 s
[ 7876/31251] Prism::OverlapTest#"test_seattlerb/heredoc_backslash_nl.txt" = 0.02 s
[ 7877/31251] Prism::OverlapTest#"test_seattlerb/heredoc_bad_hex_escape.txt" = 0.02 s
[ 7878/31251] Prism::OverlapTest#"test_seattlerb/heredoc_bad_oct_escape.txt" = 0.02 s
[ 7879/31251] Prism::OverlapTest#"test_seattlerb/heredoc_comma_arg.txt" = 0.03 s
[ 7880/31251] Prism::OverlapTest#"test_seattlerb/heredoc_lineno.txt" = 0.03 s
[ 7881/31251] Prism::OverlapTest#"test_seattlerb/heredoc_nested.txt" = 0.03 s
[ 7882/31251] Prism::OverlapTest#"test_seattlerb/heredoc_squiggly.txt" = 0.02 s
[ 7883/31251] Prism::OverlapTest#"test_seattlerb/heredoc_squiggly_blank_line_plus_interpolation.txt"
 = 0.04 s
[ 7884/31251] Prism::OverlapTest#"test_seattlerb/heredoc_squiggly_blank_lines.txt" = 0.02 s
[ 7885/31251] Prism::OverlapTest#"test_seattlerb/heredoc_squiggly_empty.txt" = 0.02 s
[ 7886/31251] Prism::OverlapTest#"test_seattlerb/heredoc_squiggly_interp.txt" = 0.03 s
[ 7887/31251] Prism::OverlapTest#"test_seattlerb/heredoc_squiggly_no_indent.txt" = 0.02 s
[ 7888/31251] Prism::OverlapTest#"test_seattlerb/heredoc_squiggly_tabs.txt" = 0.02 s
[ 7889/31251] Prism::OverlapTest#"test_seattlerb/heredoc_squiggly_tabs_extra.txt" = 0.02 s
[ 7890/31251] Prism::OverlapTest#"test_seattlerb/heredoc_squiggly_visually_blank_lines.txt" = 0.02 s
[ 7891/31251] Prism::OverlapTest#"test_seattlerb/heredoc_trailing_slash_continued_call.txt" = 0.02 s
[ 7892/31251] Prism::OverlapTest#"test_seattlerb/heredoc_unicode.txt" = 0.02 s
[ 7893/31251] Prism::OverlapTest#"test_seattlerb/heredoc_with_carriage_return_escapes.txt" = 0.02 s
[ 7894/31251] Prism::OverlapTest#"test_seattlerb/heredoc_with_carriage_return_escapes_windows.txt" =
 0.02 s
[ 7895/31251] Prism::OverlapTest#"test_seattlerb/heredoc_with_extra_carriage_horrible_mix.txt" = 0.0
2 s
[ 7896/31251] Prism::OverlapTest#"test_seattlerb/heredoc_with_extra_carriage_returns.txt" = 0.02 s
[ 7897/31251] Prism::OverlapTest#"test_seattlerb/heredoc_with_extra_carriage_returns_windows.txt" =
0.02 s
[ 7898/31251] Prism::OverlapTest#"test_seattlerb/heredoc_with_interpolation_and_carriage_return_esca
pes.txt" = 0.02 s
[ 7899/31251] Prism::OverlapTest#"test_seattlerb/heredoc_with_interpolation_and_carriage_return_esca
pes_windows.txt" = 0.02 s
[ 7900/31251] Prism::OverlapTest#"test_seattlerb/heredoc_with_not_global_interpolation.txt" = 0.02 s
[ 7901/31251] Prism::OverlapTest#"test_seattlerb/heredoc_with_only_carriage_returns.txt" = 0.02 s
[ 7902/31251] Prism::OverlapTest#"test_seattlerb/heredoc_with_only_carriage_returns_windows.txt" = 0
.02 s
[ 7903/31251] Prism::OverlapTest#"test_seattlerb/if_elsif.txt" = 0.03 s
[ 7904/31251] Prism::OverlapTest#"test_seattlerb/if_symbol.txt" = 0.03 s
[ 7905/31251] Prism::OverlapTest#"test_seattlerb/in_expr_no_case.txt" = 0.02 s
[ 7906/31251] Prism::OverlapTest#"test_seattlerb/index_0.txt" = 0.03 s
[ 7907/31251] Prism::OverlapTest#"test_seattlerb/index_0_opasgn.txt" = 0.02 s
[ 7908/31251] Prism::OverlapTest#"test_seattlerb/integer_with_if_modifier.txt" = 0.03 s
[ 7909/31251] Prism::OverlapTest#"test_seattlerb/interpolated_symbol_array_line_breaks.txt" = 0.02 s
[ 7910/31251] Prism::OverlapTest#"test_seattlerb/interpolated_word_array_line_breaks.txt" = 0.03 s
[ 7911/31251] Prism::OverlapTest#"test_seattlerb/iter_args_1.txt" = 0.03 s
[ 7912/31251] Prism::OverlapTest#"test_seattlerb/iter_args_10_1.txt" = 0.04 s
[ 7913/31251] Prism::OverlapTest#"test_seattlerb/iter_args_10_2.txt" = 0.04 s
[ 7914/31251] Prism::OverlapTest#"test_seattlerb/iter_args_11_1.txt" = 0.04 s
[ 7915/31251] Prism::OverlapTest#"test_seattlerb/iter_args_11_2.txt" = 0.04 s
[ 7916/31251] Prism::OverlapTest#"test_seattlerb/iter_args_2__19.txt" = 0.03 s
[ 7917/31251] Prism::OverlapTest#"test_seattlerb/iter_args_3.txt" = 0.04 s
[ 7918/31251] Prism::OverlapTest#"test_seattlerb/iter_args_4.txt" = 0.03 s
[ 7919/31251] Prism::OverlapTest#"test_seattlerb/iter_args_5.txt" = 0.03 s
[ 7920/31251] Prism::OverlapTest#"test_seattlerb/iter_args_6.txt" = 0.04 s
[ 7921/31251] Prism::OverlapTest#"test_seattlerb/iter_args_7_1.txt" = 0.03 s
[ 7922/31251] Prism::OverlapTest#"test_seattlerb/iter_args_7_2.txt" = 0.04 s
[ 7923/31251] Prism::OverlapTest#"test_seattlerb/iter_args_8_1.txt" = 0.04 s
[ 7924/31251] Prism::OverlapTest#"test_seattlerb/iter_args_8_2.txt" = 0.04 s
[ 7925/31251] Prism::OverlapTest#"test_seattlerb/iter_args_9_1.txt" = 0.03 s
[ 7926/31251] Prism::OverlapTest#"test_seattlerb/iter_args_9_2.txt" = 0.04 s
[ 7927/31251] Prism::OverlapTest#"test_seattlerb/iter_kwarg.txt" = 0.03 s
[ 7928/31251] Prism::OverlapTest#"test_seattlerb/iter_kwarg_kwsplat.txt" = 0.04 s
[ 7929/31251] Prism::OverlapTest#"test_seattlerb/label_vs_string.txt" = 0.03 s
[ 7930/31251] Prism::OverlapTest#"test_seattlerb/lambda_do_vs_brace.txt" = 0.05 s
[ 7931/31251] Prism::OverlapTest#"test_seattlerb/lasgn_arg_rescue_arg.txt" = 0.02 s
[ 7932/31251] Prism::OverlapTest#"test_seattlerb/lasgn_call_bracket_rescue_arg.txt" = 0.03 s
[ 7933/31251] Prism::OverlapTest#"test_seattlerb/lasgn_call_nobracket_rescue_arg.txt" = 0.03 s
[ 7934/31251] Prism::OverlapTest#"test_seattlerb/lasgn_command.txt" = 0.03 s
[ 7935/31251] Prism::OverlapTest#"test_seattlerb/lasgn_env.txt" = 0.02 s
[ 7936/31251] Prism::OverlapTest#"test_seattlerb/lasgn_ivar_env.txt" = 0.02 s
[ 7937/31251] Prism::OverlapTest#"test_seattlerb/lasgn_lasgn_command_call.txt" = 0.03 s
[ 7938/31251] Prism::OverlapTest#"test_seattlerb/lasgn_middle_splat.txt" = 0.03 s
[ 7939/31251] Prism::OverlapTest#"test_seattlerb/magic_encoding_comment.txt" = 0.04 s
[ 7940/31251] Prism::OverlapTest#"test_seattlerb/masgn_anon_splat_arg.txt" = 0.03 s
[ 7941/31251] Prism::OverlapTest#"test_seattlerb/masgn_arg_colon_arg.txt" = 0.03 s
[ 7942/31251] Prism::OverlapTest#"test_seattlerb/masgn_arg_ident.txt" = 0.03 s
[ 7943/31251] Prism::OverlapTest#"test_seattlerb/masgn_arg_splat_arg.txt" = 0.03 s
[ 7944/31251] Prism::OverlapTest#"test_seattlerb/masgn_colon2.txt" = 0.03 s
[ 7945/31251] Prism::OverlapTest#"test_seattlerb/masgn_colon3.txt" = 0.03 s
[ 7946/31251] Prism::OverlapTest#"test_seattlerb/masgn_command_call.txt" = 0.03 s
[ 7947/31251] Prism::OverlapTest#"test_seattlerb/masgn_double_paren.txt" = 0.03 s
[ 7948/31251] Prism::OverlapTest#"test_seattlerb/masgn_lhs_splat.txt" = 0.03 s
[ 7949/31251] Prism::OverlapTest#"test_seattlerb/masgn_paren.txt" = 0.03 s
[ 7950/31251] Prism::OverlapTest#"test_seattlerb/masgn_splat_arg.txt" = 0.03 s
[ 7951/31251] Prism::OverlapTest#"test_seattlerb/masgn_splat_arg_arg.txt" = 0.03 s
[ 7952/31251] Prism::OverlapTest#"test_seattlerb/masgn_star.txt" = 0.02 s
[ 7953/31251] Prism::OverlapTest#"test_seattlerb/masgn_var_star_var.txt" = 0.03 s
[ 7954/31251] Prism::OverlapTest#"test_seattlerb/messy_op_asgn_lineno.txt" = 0.05 s
[ 7955/31251] Prism::OverlapTest#"test_seattlerb/method_call_assoc_trailing_comma.txt" = 0.03 s
[ 7956/31251] Prism::OverlapTest#"test_seattlerb/method_call_trailing_comma.txt" = 0.02 s
[ 7957/31251] Prism::OverlapTest#"test_seattlerb/mlhs_back_anonsplat.txt" = 0.03 s
[ 7958/31251] Prism::OverlapTest#"test_seattlerb/mlhs_back_splat.txt" = 0.04 s
[ 7959/31251] Prism::OverlapTest#"test_seattlerb/mlhs_front_anonsplat.txt" = 0.03 s
[ 7960/31251] Prism::OverlapTest#"test_seattlerb/mlhs_front_splat.txt" = 0.03 s
[ 7961/31251] Prism::OverlapTest#"test_seattlerb/mlhs_keyword.txt" = 0.03 s
[ 7962/31251] Prism::OverlapTest#"test_seattlerb/mlhs_mid_anonsplat.txt" = 0.04 s
[ 7963/31251] Prism::OverlapTest#"test_seattlerb/mlhs_mid_splat.txt" = 0.14 s
[ 7964/31251] Prism::OverlapTest#"test_seattlerb/mlhs_rescue.txt" = 0.03 s
[ 7965/31251] Prism::OverlapTest#"test_seattlerb/module_comments.txt" = 0.03 s
[ 7966/31251] Prism::OverlapTest#"test_seattlerb/multiline_hash_declaration.txt" = 0.06 s
[ 7967/31251] Prism::OverlapTest#"test_seattlerb/non_interpolated_symbol_array_line_breaks.txt" = 0.
03 s
[ 7968/31251] Prism::OverlapTest#"test_seattlerb/non_interpolated_word_array_line_breaks.txt" = 0.02
 s
[ 7969/31251] Prism::OverlapTest#"test_seattlerb/op_asgn_command_call.txt" = 0.03 s
[ 7970/31251] Prism::OverlapTest#"test_seattlerb/op_asgn_dot_ident_command_call.txt" = 0.03 s
[ 7971/31251] Prism::OverlapTest#"test_seattlerb/op_asgn_index_command_call.txt" = 0.04 s
[ 7972/31251] Prism::OverlapTest#"test_seattlerb/op_asgn_primary_colon_const_command_call.txt" = 0.1
1 s
[ 7973/31251] Prism::OverlapTest#"test_seattlerb/op_asgn_primary_colon_identifier1.txt" = 0.02 s
[ 7974/31251] Prism::OverlapTest#"test_seattlerb/op_asgn_primary_colon_identifier_command_call.txt"
= 0.03 s
[ 7975/31251] Prism::OverlapTest#"test_seattlerb/op_asgn_val_dot_ident_command_call.txt" = 0.03 s
[ 7976/31251] Prism::OverlapTest#"test_seattlerb/parse_def_special_name.txt" = 0.02 s
[ 7977/31251] Prism::OverlapTest#"test_seattlerb/parse_if_not_canonical.txt" = 0.04 s
[ 7978/31251] Prism::OverlapTest#"test_seattlerb/parse_if_not_noncanonical.txt" = 0.04 s
[ 7979/31251] Prism::OverlapTest#"test_seattlerb/parse_line_block.txt" = 0.03 s
[ 7980/31251] Prism::OverlapTest#"test_seattlerb/parse_line_block_inline_comment.txt" = 0.02 s
[ 7981/31251] Prism::OverlapTest#"test_seattlerb/parse_line_block_inline_comment_leading_newlines.tx
t" = 0.02 s
[ 7982/31251] Prism::OverlapTest#"test_seattlerb/parse_line_block_inline_multiline_comment.txt" = 0.
10 s
[ 7983/31251] Prism::OverlapTest#"test_seattlerb/parse_line_call_ivar_arg_no_parens_line_break.txt"
= 0.02 s
[ 7984/31251] Prism::OverlapTest#"test_seattlerb/parse_line_call_ivar_line_break_paren.txt" = 0.02 s
[ 7985/31251] Prism::OverlapTest#"test_seattlerb/parse_line_call_no_args.txt" = 0.05 s
[ 7986/31251] Prism::OverlapTest#"test_seattlerb/parse_line_defn_complex.txt" = 0.05 s
[ 7987/31251] Prism::OverlapTest#"test_seattlerb/parse_line_defn_no_parens.txt" = 0.02 s
[ 7988/31251] Prism::OverlapTest#"test_seattlerb/parse_line_defn_no_parens_args.txt" = 0.02 s
[ 7989/31251] Prism::OverlapTest#"test_seattlerb/parse_line_dot2.txt" = 0.04 s
[ 7990/31251] Prism::OverlapTest#"test_seattlerb/parse_line_dot2_open.txt" = 0.03 s
[ 7991/31251] Prism::OverlapTest#"test_seattlerb/parse_line_dot3.txt" = 0.11 s
[ 7992/31251] Prism::OverlapTest#"test_seattlerb/parse_line_dot3_open.txt" = 0.03 s
[ 7993/31251] Prism::OverlapTest#"test_seattlerb/parse_line_dstr_escaped_newline.txt" = 0.03 s
[ 7994/31251] Prism::OverlapTest#"test_seattlerb/parse_line_dstr_soft_newline.txt" = 0.03 s
[ 7995/31251] Prism::OverlapTest#"test_seattlerb/parse_line_evstr_after_break.txt" = 0.03 s
[ 7996/31251] Prism::OverlapTest#"test_seattlerb/parse_line_hash_lit.txt" = 0.02 s
[ 7997/31251] Prism::OverlapTest#"test_seattlerb/parse_line_heredoc.txt" = 0.03 s
[ 7998/31251] Prism::OverlapTest#"test_seattlerb/parse_line_heredoc_evstr.txt" = 0.03 s
[ 7999/31251] Prism::OverlapTest#"test_seattlerb/parse_line_heredoc_hardnewline.txt" = 0.02 s
[ 8000/31251] Prism::OverlapTest#"test_seattlerb/parse_line_heredoc_regexp_chars.txt" = 0.03 s
[ 8001/31251] Prism::OverlapTest#"test_seattlerb/parse_line_iter_call_no_parens.txt" = 0.13 s
[ 8002/31251] Prism::OverlapTest#"test_seattlerb/parse_line_iter_call_parens.txt" = 0.05 s
[ 8003/31251] Prism::OverlapTest#"test_seattlerb/parse_line_multiline_str.txt" = 0.02 s
[ 8004/31251] Prism::OverlapTest#"test_seattlerb/parse_line_multiline_str_literal_n.txt" = 0.02 s
[ 8005/31251] Prism::OverlapTest#"test_seattlerb/parse_line_newlines.txt" = 0.02 s
[ 8006/31251] Prism::OverlapTest#"test_seattlerb/parse_line_op_asgn.txt" = 0.02 s
[ 8007/31251] Prism::OverlapTest#"test_seattlerb/parse_line_postexe.txt" = 0.02 s
[ 8008/31251] Prism::OverlapTest#"test_seattlerb/parse_line_preexe.txt" = 0.02 s
[ 8009/31251] Prism::OverlapTest#"test_seattlerb/parse_line_rescue.txt" = 0.04 s
[ 8010/31251] Prism::OverlapTest#"test_seattlerb/parse_line_return.txt" = 0.11 s
[ 8011/31251] Prism::OverlapTest#"test_seattlerb/parse_line_str_with_newline_escape.txt" = 0.03 s
[ 8012/31251] Prism::OverlapTest#"test_seattlerb/parse_line_to_ary.txt" = 0.03 s
[ 8013/31251] Prism::OverlapTest#"test_seattlerb/parse_line_trailing_newlines.txt" = 0.02 s
[ 8014/31251] Prism::OverlapTest#"test_seattlerb/parse_opt_call_args_assocs_comma.txt" = 0.03 s
[ 8015/31251] Prism::OverlapTest#"test_seattlerb/parse_opt_call_args_lit_comma.txt" = 0.02 s
[ 8016/31251] Prism::OverlapTest#"test_seattlerb/parse_pattern_019.txt" = 0.04 s
[ 8017/31251] Prism::OverlapTest#"test_seattlerb/parse_pattern_044.txt" = 0.03 s
[ 8018/31251] Prism::OverlapTest#"test_seattlerb/parse_pattern_051.txt" = 0.05 s
[ 8019/31251] Prism::OverlapTest#"test_seattlerb/parse_pattern_058.txt" = 0.14 s
[ 8020/31251] Prism::OverlapTest#"test_seattlerb/parse_pattern_058_2.txt" = 0.06 s
[ 8021/31251] Prism::OverlapTest#"test_seattlerb/parse_pattern_069.txt" = 0.04 s
[ 8022/31251] Prism::OverlapTest#"test_seattlerb/parse_pattern_076.txt" = 0.05 s
[ 8023/31251] Prism::OverlapTest#"test_seattlerb/parse_until_not_canonical.txt" = 0.03 s
[ 8024/31251] Prism::OverlapTest#"test_seattlerb/parse_until_not_noncanonical.txt" = 0.03 s
[ 8025/31251] Prism::OverlapTest#"test_seattlerb/parse_while_not_canonical.txt" = 0.03 s
[ 8026/31251] Prism::OverlapTest#"test_seattlerb/parse_while_not_noncanonical.txt" = 0.03 s
[ 8027/31251] Prism::OverlapTest#"test_seattlerb/pctW_lineno.txt" = 0.13 s
[ 8028/31251] Prism::OverlapTest#"test_seattlerb/pct_Q_backslash_nl.txt" = 0.02 s
[ 8029/31251] Prism::OverlapTest#"test_seattlerb/pct_nl.txt" = 0.02 s
[ 8030/31251] Prism::OverlapTest#"test_seattlerb/pct_w_heredoc_interp_nested.txt" = 0.04 s
[ 8031/31251] Prism::OverlapTest#"test_seattlerb/pipe_semicolon.txt" = 0.03 s
[ 8032/31251] Prism::OverlapTest#"test_seattlerb/pipe_space.txt" = 0.03 s
[ 8033/31251] Prism::OverlapTest#"test_seattlerb/qWords_space.txt" = 0.02 s
[ 8034/31251] Prism::OverlapTest#"test_seattlerb/qsymbols.txt" = 0.02 s
[ 8035/31251] Prism::OverlapTest#"test_seattlerb/qsymbols_empty.txt" = 0.02 s
[ 8036/31251] Prism::OverlapTest#"test_seattlerb/qsymbols_empty_space.txt" = 0.02 s
[ 8037/31251] Prism::OverlapTest#"test_seattlerb/qsymbols_interp.txt" = 0.05 s
[ 8038/31251] Prism::OverlapTest#"test_seattlerb/quoted_symbol_hash_arg.txt" = 0.03 s
[ 8039/31251] Prism::OverlapTest#"test_seattlerb/quoted_symbol_keys.txt" = 0.02 s
[ 8040/31251] Prism::OverlapTest#"test_seattlerb/qw_escape.txt" = 0.02 s
[ 8041/31251] Prism::OverlapTest#"test_seattlerb/qw_escape_term.txt" = 0.02 s
[ 8042/31251] Prism::OverlapTest#"test_seattlerb/qwords_empty.txt" = 0.02 s
[ 8043/31251] Prism::OverlapTest#"test_seattlerb/read_escape_unicode_curlies.txt" = 0.02 s
[ 8044/31251] Prism::OverlapTest#"test_seattlerb/read_escape_unicode_h4.txt" = 0.02 s
[ 8045/31251] Prism::OverlapTest#"test_seattlerb/regexp.txt" = 0.03 s
[ 8046/31251] Prism::OverlapTest#"test_seattlerb/regexp_esc_C_slash.txt" = 0.02 s
[ 8047/31251] Prism::OverlapTest#"test_seattlerb/regexp_esc_u.txt" = 0.02 s
[ 8048/31251] Prism::OverlapTest#"test_seattlerb/regexp_escape_extended.txt" = 0.02 s
[ 8049/31251] Prism::OverlapTest#"test_seattlerb/regexp_unicode_curlies.txt" = 0.02 s
[ 8050/31251] Prism::OverlapTest#"test_seattlerb/required_kwarg_no_value.txt" = 0.03 s
[ 8051/31251] Prism::OverlapTest#"test_seattlerb/rescue_do_end_ensure_result.txt" = 0.04 s
[ 8052/31251] Prism::OverlapTest#"test_seattlerb/rescue_do_end_no_raise.txt" = 0.05 s
[ 8053/31251] Prism::OverlapTest#"test_seattlerb/rescue_do_end_raised.txt" = 0.04 s
[ 8054/31251] Prism::OverlapTest#"test_seattlerb/rescue_do_end_rescued.txt" = 0.05 s
[ 8055/31251] Prism::OverlapTest#"test_seattlerb/rescue_in_block.txt" = 0.03 s
[ 8056/31251] Prism::OverlapTest#"test_seattlerb/rescue_parens.txt" = 0.04 s
[ 8057/31251] Prism::OverlapTest#"test_seattlerb/return_call_assocs.txt" = 0.15 s
[ 8058/31251] Prism::OverlapTest#"test_seattlerb/rhs_asgn.txt" = 0.02 s
[ 8059/31251] Prism::OverlapTest#"test_seattlerb/ruby21_numbers.txt" = 0.03 s
[ 8060/31251] Prism::OverlapTest#"test_seattlerb/safe_attrasgn.txt" = 0.03 s
[ 8061/31251] Prism::OverlapTest#"test_seattlerb/safe_attrasgn_constant.txt" = 0.03 s
[ 8062/31251] Prism::OverlapTest#"test_seattlerb/safe_call.txt" = 0.02 s
[ 8063/31251] Prism::OverlapTest#"test_seattlerb/safe_call_after_newline.txt" = 0.02 s
[ 8064/31251] Prism::OverlapTest#"test_seattlerb/safe_call_dot_parens.txt" = 0.02 s
[ 8065/31251] Prism::OverlapTest#"test_seattlerb/safe_call_newline.txt" = 0.02 s
[ 8066/31251] Prism::OverlapTest#"test_seattlerb/safe_call_operator.txt" = 0.02 s
[ 8067/31251] Prism::OverlapTest#"test_seattlerb/safe_call_rhs_newline.txt" = 0.02 s
[ 8068/31251] Prism::OverlapTest#"test_seattlerb/safe_calls.txt" = 0.03 s
[ 8069/31251] Prism::OverlapTest#"test_seattlerb/safe_op_asgn.txt" = 0.03 s
[ 8070/31251] Prism::OverlapTest#"test_seattlerb/safe_op_asgn2.txt" = 0.02 s
[ 8071/31251] Prism::OverlapTest#"test_seattlerb/slashy_newlines_within_string.txt" = 0.04 s
[ 8072/31251] Prism::OverlapTest#"test_seattlerb/stabby_arg_no_paren.txt" = 0.03 s
[ 8073/31251] Prism::OverlapTest#"test_seattlerb/stabby_arg_opt_splat_arg_block_omfg.txt" = 0.04 s
[ 8074/31251] Prism::OverlapTest#"test_seattlerb/stabby_block_iter_call.txt" = 0.04 s
[ 8075/31251] Prism::OverlapTest#"test_seattlerb/stabby_block_iter_call_no_target_with_arg.txt" = 0.
04 s
[ 8076/31251] Prism::OverlapTest#"test_seattlerb/stabby_block_kw.txt" = 0.03 s
[ 8077/31251] Prism::OverlapTest#"test_seattlerb/stabby_block_kw__required.txt" = 0.03 s
[ 8078/31251] Prism::OverlapTest#"test_seattlerb/stabby_proc_scope.txt" = 0.03 s
[ 8079/31251] Prism::OverlapTest#"test_seattlerb/str_backslashes.txt" = 0.13 s
[ 8080/31251] Prism::OverlapTest#"test_seattlerb/str_double_double_escaped_newline.txt" = 0.03 s
[ 8081/31251] Prism::OverlapTest#"test_seattlerb/str_double_escaped_newline.txt" = 0.03 s
[ 8082/31251] Prism::OverlapTest#"test_seattlerb/str_double_newline.txt" = 0.03 s
[ 8083/31251] Prism::OverlapTest#"test_seattlerb/str_evstr.txt" = 0.03 s
[ 8084/31251] Prism::OverlapTest#"test_seattlerb/str_evstr_escape.txt" = 0.03 s
[ 8085/31251] Prism::OverlapTest#"test_seattlerb/str_heredoc_interp.txt" = 0.03 s
[ 8086/31251] Prism::OverlapTest#"test_seattlerb/str_interp_ternary_or_label.txt" = 0.06 s
[ 8087/31251] Prism::OverlapTest#"test_seattlerb/str_lit_concat_bad_encodings.txt" = 0.02 s
[ 8088/31251] Prism::OverlapTest#"test_seattlerb/str_newline_hash_line_number.txt" = 0.14 s
[ 8089/31251] Prism::OverlapTest#"test_seattlerb/str_pct_Q_nested.txt" = 0.03 s
[ 8090/31251] Prism::OverlapTest#"test_seattlerb/str_pct_nested_nested.txt" = 0.04 s
[ 8091/31251] Prism::OverlapTest#"test_seattlerb/str_pct_q.txt" = 0.02 s
[ 8092/31251] Prism::OverlapTest#"test_seattlerb/str_single_double_escaped_newline.txt" = 0.03 s
[ 8093/31251] Prism::OverlapTest#"test_seattlerb/str_single_escaped_newline.txt" = 0.03 s
[ 8094/31251] Prism::OverlapTest#"test_seattlerb/str_single_newline.txt" = 0.02 s
[ 8095/31251] Prism::OverlapTest#"test_seattlerb/str_str.txt" = 0.03 s
[ 8096/31251] Prism::OverlapTest#"test_seattlerb/str_str_str.txt" = 0.03 s
[ 8097/31251] Prism::OverlapTest#"test_seattlerb/super_arg.txt" = 0.02 s
[ 8098/31251] Prism::OverlapTest#"test_seattlerb/symbol_empty.txt" = 0.02 s
[ 8099/31251] Prism::OverlapTest#"test_seattlerb/symbol_list.txt" = 0.04 s
[ 8100/31251] Prism::OverlapTest#"test_seattlerb/symbols.txt" = 0.12 s
[ 8101/31251] Prism::OverlapTest#"test_seattlerb/symbols_empty.txt" = 0.02 s
[ 8102/31251] Prism::OverlapTest#"test_seattlerb/symbols_empty_space.txt" = 0.02 s
[ 8103/31251] Prism::OverlapTest#"test_seattlerb/symbols_interp.txt" = 0.02 s
[ 8104/31251] Prism::OverlapTest#"test_seattlerb/thingy.txt" = 0.04 s
[ 8105/31251] Prism::OverlapTest#"test_seattlerb/uminus_float.txt" = 0.02 s
[ 8106/31251] Prism::OverlapTest#"test_seattlerb/unary_minus.txt" = 0.02 s
[ 8107/31251] Prism::OverlapTest#"test_seattlerb/unary_plus.txt" = 0.02 s
[ 8108/31251] Prism::OverlapTest#"test_seattlerb/unary_plus_on_literal.txt" = 0.02 s
[ 8109/31251] Prism::OverlapTest#"test_seattlerb/unary_tilde.txt" = 0.02 s
[ 8110/31251] Prism::OverlapTest#"test_seattlerb/utf8_bom.txt" = 0.02 s
[ 8111/31251] Prism::OverlapTest#"test_seattlerb/when_splat.txt" = 0.03 s
[ 8112/31251] Prism::OverlapTest#"test_seattlerb/words_interp.txt" = 0.03 s
[ 8113/31251] Prism::OverlapTest#"test_single_method_call_with_bang.txt" = 0.02 s
[ 8114/31251] Prism::OverlapTest#"test_single_quote_heredocs.txt" = 0.02 s
[ 8115/31251] Prism::OverlapTest#"test_spanning_heredoc.txt" = 0.23 s
[ 8116/31251] Prism::OverlapTest#"test_spanning_heredoc_newlines.txt" = 0.09 s
[ 8117/31251] Prism::OverlapTest#"test_strings.txt" = 0.41 s
[ 8118/31251] Prism::OverlapTest#"test_super.txt" = 0.10 s
[ 8119/31251] Prism::OverlapTest#"test_symbols.txt" = 0.35 s
[ 8120/31251] Prism::OverlapTest#"test_ternary_operator.txt" = 0.18 s
[ 8121/31251] Prism::OverlapTest#"test_tilde_heredocs.txt" = 0.16 s
[ 8122/31251] Prism::OverlapTest#"test_undef.txt" = 0.08 s
[ 8123/31251] Prism::OverlapTest#"test_unescaping.txt" = 0.03 s
[ 8124/31251] Prism::OverlapTest#"test_unless.txt" = 0.20 s
[ 8125/31251] Prism::OverlapTest#"test_unparser/corpus/literal/alias.txt" = 0.03 s
[ 8126/31251] Prism::OverlapTest#"test_unparser/corpus/literal/assignment.txt" = 0.70 s
[ 8127/31251] Prism::OverlapTest#"test_unparser/corpus/literal/block.txt" = 0.70 s
[ 8128/31251] Prism::OverlapTest#"test_unparser/corpus/literal/case.txt" = 0.21 s
[ 8129/31251] Prism::OverlapTest#"test_unparser/corpus/literal/class.txt" = 0.13 s
[ 8130/31251] Prism::OverlapTest#"test_unparser/corpus/literal/def.txt" = 0.55 s
[ 8131/31251] Prism::OverlapTest#"test_unparser/corpus/literal/defined.txt" = 0.05 s
[ 8132/31251] Prism::OverlapTest#"test_unparser/corpus/literal/defs.txt" = 0.16 s
[ 8133/31251] Prism::OverlapTest#"test_unparser/corpus/literal/dstr.txt" = 0.19 s
[ 8134/31251] Prism::OverlapTest#"test_unparser/corpus/literal/empty.txt" = 0.01 s
[ 8135/31251] Prism::OverlapTest#"test_unparser/corpus/literal/empty_begin.txt" = 0.02 s
[ 8136/31251] Prism::OverlapTest#"test_unparser/corpus/literal/flipflop.txt" = 0.13 s
[ 8137/31251] Prism::OverlapTest#"test_unparser/corpus/literal/for.txt" = 0.09 s
[ 8138/31251] Prism::OverlapTest#"test_unparser/corpus/literal/hookexe.txt" = 0.04 s
[ 8139/31251] Prism::OverlapTest#"test_unparser/corpus/literal/if.txt" = 0.18 s
[ 8140/31251] Prism::OverlapTest#"test_unparser/corpus/literal/kwbegin.txt" = 0.29 s
[ 8141/31251] Prism::OverlapTest#"test_unparser/corpus/literal/lambda.txt" = 0.09 s
[ 8142/31251] Prism::OverlapTest#"test_unparser/corpus/literal/literal.txt" = 0.75 s
[ 8143/31251] Prism::OverlapTest#"test_unparser/corpus/literal/module.txt" = 0.07 s
[ 8144/31251] Prism::OverlapTest#"test_unparser/corpus/literal/opasgn.txt" = 0.26 s
[ 8145/31251] Prism::OverlapTest#"test_unparser/corpus/literal/pattern.txt" = 0.35 s
[ 8146/31251] Prism::OverlapTest#"test_unparser/corpus/literal/pragma.txt" = 0.03 s
[ 8147/31251] Prism::OverlapTest#"test_unparser/corpus/literal/range.txt" = 0.05 s
[ 8148/31251] Prism::OverlapTest#"test_unparser/corpus/literal/rescue.txt" = 0.06 s
[ 8149/31251] Prism::OverlapTest#"test_unparser/corpus/literal/send.txt" = 0.94 s
[ 8150/31251] Prism::OverlapTest#"test_unparser/corpus/literal/since/27.txt" = 0.05 s
[ 8151/31251] Prism::OverlapTest#"test_unparser/corpus/literal/since/30.txt" = 0.08 s
[ 8152/31251] Prism::OverlapTest#"test_unparser/corpus/literal/since/31.txt" = 0.05 s
[ 8153/31251] Prism::OverlapTest#"test_unparser/corpus/literal/since/32.txt" = 0.10 s
[ 8154/31251] Prism::OverlapTest#"test_unparser/corpus/literal/singletons.txt" = 0.03 s
[ 8155/31251] Prism::OverlapTest#"test_unparser/corpus/literal/super.txt" = 0.14 s
[ 8156/31251] Prism::OverlapTest#"test_unparser/corpus/literal/unary.txt" = 0.13 s
[ 8157/31251] Prism::OverlapTest#"test_unparser/corpus/literal/undef.txt" = 0.03 s
[ 8158/31251] Prism::OverlapTest#"test_unparser/corpus/literal/variables.txt" = 0.05 s
[ 8159/31251] Prism::OverlapTest#"test_unparser/corpus/literal/while.txt" = 0.40 s
[ 8160/31251] Prism::OverlapTest#"test_unparser/corpus/semantic/and.txt" = 0.10 s
[ 8161/31251] Prism::OverlapTest#"test_unparser/corpus/semantic/block.txt" = 0.11 s
[ 8162/31251] Prism::OverlapTest#"test_unparser/corpus/semantic/def.txt" = 0.05 s
[ 8163/31251] Prism::OverlapTest#"test_unparser/corpus/semantic/dstr.txt" = 0.32 s
[ 8164/31251] Prism::OverlapTest#"test_unparser/corpus/semantic/kwbegin.txt" = 0.15 s
[ 8165/31251] Prism::OverlapTest#"test_unparser/corpus/semantic/literal.txt" = 0.09 s
[ 8166/31251] Prism::OverlapTest#"test_unparser/corpus/semantic/opasgn.txt" = 0.05 s
[ 8167/31251] Prism::OverlapTest#"test_unparser/corpus/semantic/send.txt" = 0.30 s
[ 8168/31251] Prism::OverlapTest#"test_unparser/corpus/semantic/undef.txt" = 0.03 s
[ 8169/31251] Prism::OverlapTest#"test_unparser/corpus/semantic/while.txt" = 0.15 s
[ 8170/31251] Prism::OverlapTest#"test_until.txt" = 0.13 s
[ 8171/31251] Prism::OverlapTest#"test_variables.txt" = 0.39 s
[ 8172/31251] Prism::OverlapTest#"test_while.txt" = 0.28 s
[ 8173/31251] Prism::OverlapTest#"test_whitequark/__ENCODING__.txt" = 0.02 s
[ 8174/31251] Prism::OverlapTest#"test_whitequark/__ENCODING___legacy_.txt" = 0.02 s
[ 8175/31251] Prism::OverlapTest#"test_whitequark/alias.txt" = 0.02 s
[ 8176/31251] Prism::OverlapTest#"test_whitequark/alias_gvar.txt" = 0.03 s
[ 8177/31251] Prism::OverlapTest#"test_whitequark/ambiuous_quoted_label_in_ternary_operator.txt" = 0
.05 s
[ 8178/31251] Prism::OverlapTest#"test_whitequark/and.txt" = 0.03 s
[ 8179/31251] Prism::OverlapTest#"test_whitequark/and_asgn.txt" = 0.04 s
[ 8180/31251] Prism::OverlapTest#"test_whitequark/and_or_masgn.txt" = 0.06 s
[ 8181/31251] Prism::OverlapTest#"test_whitequark/anonymous_blockarg.txt" = 0.16 s
[ 8182/31251] Prism::OverlapTest#"test_whitequark/arg.txt" = 0.04 s
[ 8183/31251] Prism::OverlapTest#"test_whitequark/arg_duplicate_ignored.txt" = 0.04 s
[ 8184/31251] Prism::OverlapTest#"test_whitequark/arg_label.txt" = 0.06 s
[ 8185/31251] Prism::OverlapTest#"test_whitequark/arg_scope.txt" = 0.03 s
[ 8186/31251] Prism::OverlapTest#"test_whitequark/args.txt" = 0.58 s
[ 8187/31251] Prism::OverlapTest#"test_whitequark/args_args_assocs.txt" = 0.06 s
[ 8188/31251] Prism::OverlapTest#"test_whitequark/args_args_assocs_comma.txt" = 0.04 s
[ 8189/31251] Prism::OverlapTest#"test_whitequark/args_args_comma.txt" = 0.03 s
[ 8190/31251] Prism::OverlapTest#"test_whitequark/args_args_star.txt" = 0.13 s
[ 8191/31251] Prism::OverlapTest#"test_whitequark/args_assocs_comma.txt" = 0.03 s
[ 8192/31251] Prism::OverlapTest#"test_whitequark/args_block_pass.txt" = 0.02 s
[ 8193/31251] Prism::OverlapTest#"test_whitequark/args_cmd.txt" = 0.03 s
[ 8194/31251] Prism::OverlapTest#"test_whitequark/args_star.txt" = 0.04 s
[ 8195/31251] Prism::OverlapTest#"test_whitequark/array_assocs.txt" = 0.04 s
[ 8196/31251] Prism::OverlapTest#"test_whitequark/array_plain.txt" = 0.02 s
[ 8197/31251] Prism::OverlapTest#"test_whitequark/array_splat.txt" = 0.05 s
[ 8198/31251] Prism::OverlapTest#"test_whitequark/array_symbols.txt" = 0.02 s
[ 8199/31251] Prism::OverlapTest#"test_whitequark/array_symbols_empty.txt" = 0.10 s
[ 8200/31251] Prism::OverlapTest#"test_whitequark/array_symbols_interp.txt" = 0.05 s
[ 8201/31251] Prism::OverlapTest#"test_whitequark/array_words.txt" = 0.02 s
[ 8202/31251] Prism::OverlapTest#"test_whitequark/array_words_empty.txt" = 0.02 s
[ 8203/31251] Prism::OverlapTest#"test_whitequark/array_words_interp.txt" = 0.06 s
[ 8204/31251] Prism::OverlapTest#"test_whitequark/asgn_cmd.txt" = 0.04 s
[ 8205/31251] Prism::OverlapTest#"test_whitequark/asgn_mrhs.txt" = 0.05 s
[ 8206/31251] Prism::OverlapTest#"test_whitequark/back_ref.txt" = 0.02 s
[ 8207/31251] Prism::OverlapTest#"test_whitequark/bang.txt" = 0.02 s
[ 8208/31251] Prism::OverlapTest#"test_whitequark/bang_cmd.txt" = 0.03 s
[ 8209/31251] Prism::OverlapTest#"test_whitequark/begin_cmdarg.txt" = 0.04 s
[ 8210/31251] Prism::OverlapTest#"test_whitequark/beginless_erange_after_newline.txt" = 0.02 s
[ 8211/31251] Prism::OverlapTest#"test_whitequark/beginless_irange_after_newline.txt" = 0.02 s
[ 8212/31251] Prism::OverlapTest#"test_whitequark/beginless_range.txt" = 0.03 s
[ 8213/31251] Prism::OverlapTest#"test_whitequark/blockarg.txt" = 0.02 s
[ 8214/31251] Prism::OverlapTest#"test_whitequark/blockargs.txt" = 0.73 s
[ 8215/31251] Prism::OverlapTest#"test_whitequark/bug_435.txt" = 0.04 s
[ 8216/31251] Prism::OverlapTest#"test_whitequark/bug_447.txt" = 0.04 s
[ 8217/31251] Prism::OverlapTest#"test_whitequark/bug_452.txt" = 0.04 s
[ 8218/31251] Prism::OverlapTest#"test_whitequark/bug_466.txt" = 0.05 s
[ 8219/31251] Prism::OverlapTest#"test_whitequark/bug_473.txt" = 0.03 s
[ 8220/31251] Prism::OverlapTest#"test_whitequark/bug_480.txt" = 0.03 s
[ 8221/31251] Prism::OverlapTest#"test_whitequark/bug_481.txt" = 0.03 s
[ 8222/31251] Prism::OverlapTest#"test_whitequark/bug_ascii_8bit_in_literal.txt" = 0.02 s
[ 8223/31251] Prism::OverlapTest#"test_whitequark/bug_cmd_string_lookahead.txt" = 0.03 s
[ 8224/31251] Prism::OverlapTest#"test_whitequark/bug_cmdarg.txt" = 0.16 s
[ 8225/31251] Prism::OverlapTest#"test_whitequark/bug_def_no_paren_eql_begin.txt" = 0.02 s
[ 8226/31251] Prism::OverlapTest#"test_whitequark/bug_do_block_in_call_args.txt" = 0.04 s
[ 8227/31251] Prism::OverlapTest#"test_whitequark/bug_do_block_in_cmdarg.txt" = 0.03 s
[ 8228/31251] Prism::OverlapTest#"test_whitequark/bug_do_block_in_hash_brace.txt" = 0.19 s
[ 8229/31251] Prism::OverlapTest#"test_whitequark/bug_heredoc_do.txt" = 0.03 s
[ 8230/31251] Prism::OverlapTest#"test_whitequark/bug_interp_single.txt" = 0.04 s
[ 8231/31251] Prism::OverlapTest#"test_whitequark/bug_lambda_leakage.txt" = 0.03 s
[ 8232/31251] Prism::OverlapTest#"test_whitequark/bug_regex_verification.txt" = 0.02 s
[ 8233/31251] Prism::OverlapTest#"test_whitequark/bug_rescue_empty_else.txt" = 0.02 s
[ 8234/31251] Prism::OverlapTest#"test_whitequark/bug_while_not_parens_do.txt" = 0.03 s
[ 8235/31251] Prism::OverlapTest#"test_whitequark/case_cond.txt" = 0.03 s
[ 8236/31251] Prism::OverlapTest#"test_whitequark/case_cond_else.txt" = 0.04 s
[ 8237/31251] Prism::OverlapTest#"test_whitequark/case_expr.txt" = 0.03 s
[ 8238/31251] Prism::OverlapTest#"test_whitequark/case_expr_else.txt" = 0.04 s
[ 8239/31251] Prism::OverlapTest#"test_whitequark/casgn_scoped.txt" = 0.02 s
[ 8240/31251] Prism::OverlapTest#"test_whitequark/casgn_toplevel.txt" = 0.02 s
[ 8241/31251] Prism::OverlapTest#"test_whitequark/casgn_unscoped.txt" = 0.02 s
[ 8242/31251] Prism::OverlapTest#"test_whitequark/character.txt" = 0.10 s
[ 8243/31251] Prism::OverlapTest#"test_whitequark/class.txt" = 0.03 s
[ 8244/31251] Prism::OverlapTest#"test_whitequark/class_super.txt" = 0.02 s
[ 8245/31251] Prism::OverlapTest#"test_whitequark/class_super_label.txt" = 0.03 s
[ 8246/31251] Prism::OverlapTest#"test_whitequark/comments_before_leading_dot__27.txt" = 0.04 s
[ 8247/31251] Prism::OverlapTest#"test_whitequark/complex.txt" = 0.04 s
[ 8248/31251] Prism::OverlapTest#"test_whitequark/cond_begin.txt" = 0.03 s
[ 8249/31251] Prism::OverlapTest#"test_whitequark/cond_begin_masgn.txt" = 0.04 s
[ 8250/31251] Prism::OverlapTest#"test_whitequark/cond_eflipflop.txt" = 0.04 s
[ 8251/31251] Prism::OverlapTest#"test_whitequark/cond_eflipflop_with_beginless_range.txt" = 0.02 s
[ 8252/31251] Prism::OverlapTest#"test_whitequark/cond_eflipflop_with_endless_range.txt" = 0.02 s
[ 8253/31251] Prism::OverlapTest#"test_whitequark/cond_iflipflop.txt" = 0.04 s
[ 8254/31251] Prism::OverlapTest#"test_whitequark/cond_iflipflop_with_beginless_range.txt" = 0.02 s
[ 8255/31251] Prism::OverlapTest#"test_whitequark/cond_iflipflop_with_endless_range.txt" = 0.02 s
[ 8256/31251] Prism::OverlapTest#"test_whitequark/cond_match_current_line.txt" = 0.03 s
[ 8257/31251] Prism::OverlapTest#"test_whitequark/const_op_asgn.txt" = 0.07 s
[ 8258/31251] Prism::OverlapTest#"test_whitequark/const_scoped.txt" = 0.02 s
[ 8259/31251] Prism::OverlapTest#"test_whitequark/const_toplevel.txt" = 0.02 s
[ 8260/31251] Prism::OverlapTest#"test_whitequark/const_unscoped.txt" = 0.02 s
[ 8261/31251] Prism::OverlapTest#"test_whitequark/cpath.txt" = 0.03 s
[ 8262/31251] Prism::OverlapTest#"test_whitequark/cvar.txt" = 0.12 s
[ 8263/31251] Prism::OverlapTest#"test_whitequark/cvasgn.txt" = 0.02 s
[ 8264/31251] Prism::OverlapTest#"test_whitequark/dedenting_heredoc.txt" = 0.19 s
[ 8265/31251] Prism::OverlapTest#"test_whitequark/dedenting_interpolating_heredoc_fake_line_continua
tion.txt" = 0.02 s
[ 8266/31251] Prism::OverlapTest#"test_whitequark/dedenting_non_interpolating_heredoc_line_continuat
ion.txt" = 0.02 s
[ 8267/31251] Prism::OverlapTest#"test_whitequark/def.txt" = 0.03 s
[ 8268/31251] Prism::OverlapTest#"test_whitequark/defined.txt" = 0.03 s
[ 8269/31251] Prism::OverlapTest#"test_whitequark/defs.txt" = 0.05 s
[ 8270/31251] Prism::OverlapTest#"test_whitequark/empty_stmt.txt" = 0.01 s
[ 8271/31251] Prism::OverlapTest#"test_whitequark/endless_comparison_method.txt" = 0.11 s
[ 8272/31251] Prism::OverlapTest#"test_whitequark/endless_method.txt" = 0.08 s
[ 8273/31251] Prism::OverlapTest#"test_whitequark/endless_method_command_syntax.txt" = 0.21 s
[ 8274/31251] Prism::OverlapTest#"test_whitequark/endless_method_forwarded_args_legacy.txt" = 0.03 s
[ 8275/31251] Prism::OverlapTest#"test_whitequark/endless_method_with_rescue_mod.txt" = 0.15 s
[ 8276/31251] Prism::OverlapTest#"test_whitequark/endless_method_without_args.txt" = 0.06 s
[ 8277/31251] Prism::OverlapTest#"test_whitequark/ensure.txt" = 0.03 s
[ 8278/31251] Prism::OverlapTest#"test_whitequark/ensure_empty.txt" = 0.02 s
[ 8279/31251] Prism::OverlapTest#"test_whitequark/false.txt" = 0.02 s
[ 8280/31251] Prism::OverlapTest#"test_whitequark/float.txt" = 0.02 s
[ 8281/31251] Prism::OverlapTest#"test_whitequark/for.txt" = 0.05 s
[ 8282/31251] Prism::OverlapTest#"test_whitequark/for_mlhs.txt" = 0.04 s
[ 8283/31251] Prism::OverlapTest#"test_whitequark/forward_arg.txt" = 0.04 s
[ 8284/31251] Prism::OverlapTest#"test_whitequark/forward_arg_with_open_args.txt" = 0.24 s
[ 8285/31251] Prism::OverlapTest#"test_whitequark/forward_args_legacy.txt" = 0.07 s
[ 8286/31251] Prism::OverlapTest#"test_whitequark/forwarded_argument_with_kwrestarg.txt" = 0.04 s
[ 8287/31251] Prism::OverlapTest#"test_whitequark/forwarded_argument_with_restarg.txt" = 0.04 s
[ 8288/31251] Prism::OverlapTest#"test_whitequark/forwarded_kwrestarg.txt" = 0.04 s
[ 8289/31251] Prism::OverlapTest#"test_whitequark/forwarded_kwrestarg_with_additional_kwarg.txt" = 0
.05 s
[ 8290/31251] Prism::OverlapTest#"test_whitequark/forwarded_restarg.txt" = 0.03 s
[ 8291/31251] Prism::OverlapTest#"test_whitequark/gvar.txt" = 0.02 s
[ 8292/31251] Prism::OverlapTest#"test_whitequark/gvasgn.txt" = 0.02 s
[ 8293/31251] Prism::OverlapTest#"test_whitequark/hash_empty.txt" = 0.02 s
[ 8294/31251] Prism::OverlapTest#"test_whitequark/hash_hashrocket.txt" = 0.04 s
[ 8295/31251] Prism::OverlapTest#"test_whitequark/hash_kwsplat.txt" = 0.03 s
[ 8296/31251] Prism::OverlapTest#"test_whitequark/hash_label.txt" = 0.03 s
[ 8297/31251] Prism::OverlapTest#"test_whitequark/hash_label_end.txt" = 0.07 s
[ 8298/31251] Prism::OverlapTest#"test_whitequark/hash_pair_value_omission.txt" = 0.07 s
[ 8299/31251] Prism::OverlapTest#"test_whitequark/heredoc.txt" = 0.02 s
[ 8300/31251] Prism::OverlapTest#"test_whitequark/if.txt" = 0.04 s
[ 8301/31251] Prism::OverlapTest#"test_whitequark/if_else.txt" = 0.06 s
[ 8302/31251] Prism::OverlapTest#"test_whitequark/if_elsif.txt" = 0.05 s
[ 8303/31251] Prism::OverlapTest#"test_whitequark/if_masgn__24.txt" = 0.04 s
[ 8304/31251] Prism::OverlapTest#"test_whitequark/if_mod.txt" = 0.03 s
[ 8305/31251] Prism::OverlapTest#"test_whitequark/if_nl_then.txt" = 0.03 s
[ 8306/31251] Prism::OverlapTest#"test_whitequark/int.txt" = 0.02 s
[ 8307/31251] Prism::OverlapTest#"test_whitequark/int___LINE__.txt" = 0.02 s
[ 8308/31251] Prism::OverlapTest#"test_whitequark/interp_digit_var.txt" = 0.16 s
[ 8309/31251] Prism::OverlapTest#"test_whitequark/ivar.txt" = 0.10 s
[ 8310/31251] Prism::OverlapTest#"test_whitequark/ivasgn.txt" = 0.02 s
[ 8311/31251] Prism::OverlapTest#"test_whitequark/keyword_argument_omission.txt" = 0.05 s
[ 8312/31251] Prism::OverlapTest#"test_whitequark/kwarg.txt" = 0.02 s
[ 8313/31251] Prism::OverlapTest#"test_whitequark/kwbegin_compstmt.txt" = 0.03 s
[ 8314/31251] Prism::OverlapTest#"test_whitequark/kwnilarg.txt" = 0.05 s
[ 8315/31251] Prism::OverlapTest#"test_whitequark/kwoptarg.txt" = 0.03 s
[ 8316/31251] Prism::OverlapTest#"test_whitequark/kwoptarg_with_kwrestarg_and_forwarded_args.txt" =
0.04 s
[ 8317/31251] Prism::OverlapTest#"test_whitequark/kwrestarg_named.txt" = 0.03 s
[ 8318/31251] Prism::OverlapTest#"test_whitequark/kwrestarg_unnamed.txt" = 0.02 s
[ 8319/31251] Prism::OverlapTest#"test_whitequark/lbrace_arg_after_command_args.txt" = 0.04 s
[ 8320/31251] Prism::OverlapTest#"test_whitequark/lparenarg_after_lvar__since_25.txt" = 0.05 s
[ 8321/31251] Prism::OverlapTest#"test_whitequark/lvar.txt" = 0.02 s
[ 8322/31251] Prism::OverlapTest#"test_whitequark/lvar_injecting_match.txt" = 0.04 s
[ 8323/31251] Prism::OverlapTest#"test_whitequark/lvasgn.txt" = 0.02 s
[ 8324/31251] Prism::OverlapTest#"test_whitequark/masgn.txt" = 0.07 s
[ 8325/31251] Prism::OverlapTest#"test_whitequark/masgn_attr.txt" = 0.07 s
[ 8326/31251] Prism::OverlapTest#"test_whitequark/masgn_cmd.txt" = 0.03 s
[ 8327/31251] Prism::OverlapTest#"test_whitequark/masgn_const.txt" = 0.04 s
[ 8328/31251] Prism::OverlapTest#"test_whitequark/masgn_nested.txt" = 0.05 s
[ 8329/31251] Prism::OverlapTest#"test_whitequark/masgn_splat.txt" = 0.16 s
[ 8330/31251] Prism::OverlapTest#"test_whitequark/method_definition_in_while_cond.txt" = 0.11 s
[ 8331/31251] Prism::OverlapTest#"test_whitequark/module.txt" = 0.02 s
[ 8332/31251] Prism::OverlapTest#"test_whitequark/multiple_pattern_matches.txt" = 0.22 s
[ 8333/31251] Prism::OverlapTest#"test_whitequark/newline_in_hash_argument.txt" = 0.11 s
[ 8334/31251] Prism::OverlapTest#"test_whitequark/nil.txt" = 0.02 s
[ 8335/31251] Prism::OverlapTest#"test_whitequark/nil_expression.txt" = 0.02 s
[ 8336/31251] Prism::OverlapTest#"test_whitequark/non_lvar_injecting_match.txt" = 0.04 s
[ 8337/31251] Prism::OverlapTest#"test_whitequark/not.txt" = 0.03 s
[ 8338/31251] Prism::OverlapTest#"test_whitequark/not_cmd.txt" = 0.03 s
[ 8339/31251] Prism::OverlapTest#"test_whitequark/not_masgn__24.txt" = 0.04 s
[ 8340/31251] Prism::OverlapTest#"test_whitequark/nth_ref.txt" = 0.02 s
[ 8341/31251] Prism::OverlapTest#"test_whitequark/numbered_args_after_27.txt" = 0.10 s
[ 8342/31251] Prism::OverlapTest#"test_whitequark/numparam_outside_block.txt" = 0.06 s
[ 8343/31251] Prism::OverlapTest#"test_whitequark/numparam_ruby_bug_19025.txt" = 0.04 s
[ 8344/31251] Prism::OverlapTest#"test_whitequark/op_asgn.txt" = 0.04 s
[ 8345/31251] Prism::OverlapTest#"test_whitequark/op_asgn_cmd.txt" = 0.08 s
[ 8346/31251] Prism::OverlapTest#"test_whitequark/op_asgn_index.txt" = 0.03 s
[ 8347/31251] Prism::OverlapTest#"test_whitequark/op_asgn_index_cmd.txt" = 0.04 s
[ 8348/31251] Prism::OverlapTest#"test_whitequark/optarg.txt" = 0.04 s
[ 8349/31251] Prism::OverlapTest#"test_whitequark/or.txt" = 0.03 s
[ 8350/31251] Prism::OverlapTest#"test_whitequark/or_asgn.txt" = 0.04 s
[ 8351/31251] Prism::OverlapTest#"test_whitequark/parser_bug_272.txt" = 0.03 s
[ 8352/31251] Prism::OverlapTest#"test_whitequark/parser_bug_490.txt" = 0.07 s
[ 8353/31251] Prism::OverlapTest#"test_whitequark/parser_bug_507.txt" = 0.03 s
[ 8354/31251] Prism::OverlapTest#"test_whitequark/parser_bug_518.txt" = 0.02 s
[ 8355/31251] Prism::OverlapTest#"test_whitequark/parser_bug_525.txt" = 0.04 s
[ 8356/31251] Prism::OverlapTest#"test_whitequark/parser_bug_604.txt" = 0.04 s
[ 8357/31251] Prism::OverlapTest#"test_whitequark/parser_bug_640.txt" = 0.02 s
[ 8358/31251] Prism::OverlapTest#"test_whitequark/parser_bug_645.txt" = 0.03 s
[ 8359/31251] Prism::OverlapTest#"test_whitequark/parser_bug_830.txt" = 0.02 s
[ 8360/31251] Prism::OverlapTest#"test_whitequark/parser_bug_989.txt" = 0.02 s
[ 8361/31251] Prism::OverlapTest#"test_whitequark/parser_drops_truncated_parts_of_squiggly_heredoc.t
xt" = 0.02 s
[ 8362/31251] Prism::OverlapTest#"test_whitequark/parser_slash_slash_n_escaping_in_literals.txt" = 0
.09 s
[ 8363/31251] Prism::OverlapTest#"test_whitequark/pattern_matching__FILE__LINE_literals.txt" = 0.05
s
[ 8364/31251] Prism::OverlapTest#"test_whitequark/pattern_matching_blank_else.txt" = 0.03 s
[ 8365/31251] Prism::OverlapTest#"test_whitequark/pattern_matching_else.txt" = 0.04 s
[ 8366/31251] Prism::OverlapTest#"test_whitequark/pattern_matching_single_line.txt" = 0.04 s
[ 8367/31251] Prism::OverlapTest#"test_whitequark/pattern_matching_single_line_allowed_omission_of_p
arentheses.txt" = 0.18 s
[ 8368/31251] Prism::OverlapTest#"test_whitequark/postexe.txt" = 0.02 s
[ 8369/31251] Prism::OverlapTest#"test_whitequark/preexe.txt" = 0.02 s
[ 8370/31251] Prism::OverlapTest#"test_whitequark/procarg0.txt" = 0.05 s
[ 8371/31251] Prism::OverlapTest#"test_whitequark/range_exclusive.txt" = 0.02 s
[ 8372/31251] Prism::OverlapTest#"test_whitequark/range_inclusive.txt" = 0.02 s
[ 8373/31251] Prism::OverlapTest#"test_whitequark/rational.txt" = 0.02 s
[ 8374/31251] Prism::OverlapTest#"test_whitequark/regex_interp.txt" = 0.03 s
[ 8375/31251] Prism::OverlapTest#"test_whitequark/regex_plain.txt" = 0.02 s
[ 8376/31251] Prism::OverlapTest#"test_whitequark/resbody_list.txt" = 0.03 s
[ 8377/31251] Prism::OverlapTest#"test_whitequark/resbody_list_mrhs.txt" = 0.04 s
[ 8378/31251] Prism::OverlapTest#"test_whitequark/resbody_list_var.txt" = 0.04 s
[ 8379/31251] Prism::OverlapTest#"test_whitequark/resbody_var.txt" = 0.06 s
[ 8380/31251] Prism::OverlapTest#"test_whitequark/rescue.txt" = 0.03 s
[ 8381/31251] Prism::OverlapTest#"test_whitequark/rescue_else.txt" = 0.04 s
[ 8382/31251] Prism::OverlapTest#"test_whitequark/rescue_else_ensure.txt" = 0.05 s
[ 8383/31251] Prism::OverlapTest#"test_whitequark/rescue_ensure.txt" = 0.04 s
[ 8384/31251] Prism::OverlapTest#"test_whitequark/rescue_in_lambda_block.txt" = 0.02 s
[ 8385/31251] Prism::OverlapTest#"test_whitequark/rescue_mod.txt" = 0.02 s
[ 8386/31251] Prism::OverlapTest#"test_whitequark/rescue_mod_asgn.txt" = 0.03 s
[ 8387/31251] Prism::OverlapTest#"test_whitequark/rescue_mod_masgn.txt" = 0.04 s
[ 8388/31251] Prism::OverlapTest#"test_whitequark/rescue_mod_op_assign.txt" = 0.03 s
[ 8389/31251] Prism::OverlapTest#"test_whitequark/rescue_without_begin_end.txt" = 0.04 s
[ 8390/31251] Prism::OverlapTest#"test_whitequark/restarg_named.txt" = 0.02 s
[ 8391/31251] Prism::OverlapTest#"test_whitequark/restarg_unnamed.txt" = 0.02 s
[ 8392/31251] Prism::OverlapTest#"test_whitequark/return.txt" = 0.05 s
[ 8393/31251] Prism::OverlapTest#"test_whitequark/return_block.txt" = 0.03 s
[ 8394/31251] Prism::OverlapTest#"test_whitequark/ruby_bug_10279.txt" = 0.03 s
[ 8395/31251] Prism::OverlapTest#"test_whitequark/ruby_bug_10653.txt" = 0.11 s
[ 8396/31251] Prism::OverlapTest#"test_whitequark/ruby_bug_11107.txt" = 0.04 s
[ 8397/31251] Prism::OverlapTest#"test_whitequark/ruby_bug_11380.txt" = 0.04 s
[ 8398/31251] Prism::OverlapTest#"test_whitequark/ruby_bug_11873.txt" = 0.34 s
[ 8399/31251] Prism::OverlapTest#"test_whitequark/ruby_bug_11873_a.txt" = 0.58 s
[ 8400/31251] Prism::OverlapTest#"test_whitequark/ruby_bug_11873_b.txt" = 0.05 s
[ 8401/31251] Prism::OverlapTest#"test_whitequark/ruby_bug_11989.txt" = 0.02 s
[ 8402/31251] Prism::OverlapTest#"test_whitequark/ruby_bug_11990.txt" = 0.03 s
[ 8403/31251] Prism::OverlapTest#"test_whitequark/ruby_bug_12073.txt" = 0.07 s
[ 8404/31251] Prism::OverlapTest#"test_whitequark/ruby_bug_12402.txt" = 0.30 s
[ 8405/31251] Prism::OverlapTest#"test_whitequark/ruby_bug_12669.txt" = 0.07 s
[ 8406/31251] Prism::OverlapTest#"test_whitequark/ruby_bug_12686.txt" = 0.03 s
[ 8407/31251] Prism::OverlapTest#"test_whitequark/ruby_bug_13547.txt" = 0.02 s
[ 8408/31251] Prism::OverlapTest#"test_whitequark/ruby_bug_14690.txt" = 0.04 s
[ 8409/31251] Prism::OverlapTest#"test_whitequark/ruby_bug_15789.txt" = 0.08 s
[ 8410/31251] Prism::OverlapTest#"test_whitequark/ruby_bug_9669.txt" = 0.04 s
[ 8411/31251] Prism::OverlapTest#"test_whitequark/sclass.txt" = 0.03 s
[ 8412/31251] Prism::OverlapTest#"test_whitequark/self.txt" = 0.02 s
[ 8413/31251] Prism::OverlapTest#"test_whitequark/send_attr_asgn.txt" = 0.06 s
[ 8414/31251] Prism::OverlapTest#"test_whitequark/send_attr_asgn_conditional.txt" = 0.03 s
[ 8415/31251] Prism::OverlapTest#"test_whitequark/send_binary_op.txt" = 0.27 s
[ 8416/31251] Prism::OverlapTest#"test_whitequark/send_block_chain_cmd.txt" = 0.16 s
[ 8417/31251] Prism::OverlapTest#"test_whitequark/send_block_conditional.txt" = 0.02 s
[ 8418/31251] Prism::OverlapTest#"test_whitequark/send_call.txt" = 0.04 s
[ 8419/31251] Prism::OverlapTest#"test_whitequark/send_conditional.txt" = 0.02 s
[ 8420/31251] Prism::OverlapTest#"test_whitequark/send_index.txt" = 0.03 s
[ 8421/31251] Prism::OverlapTest#"test_whitequark/send_index_asgn.txt" = 0.03 s
[ 8422/31251] Prism::OverlapTest#"test_whitequark/send_index_asgn_legacy.txt" = 0.03 s
[ 8423/31251] Prism::OverlapTest#"test_whitequark/send_index_cmd.txt" = 0.03 s
[ 8424/31251] Prism::OverlapTest#"test_whitequark/send_index_legacy.txt" = 0.03 s
[ 8425/31251] Prism::OverlapTest#"test_whitequark/send_lambda.txt" = 0.03 s
[ 8426/31251] Prism::OverlapTest#"test_whitequark/send_lambda_args.txt" = 0.04 s
[ 8427/31251] Prism::OverlapTest#"test_whitequark/send_lambda_args_noparen.txt" = 0.04 s
[ 8428/31251] Prism::OverlapTest#"test_whitequark/send_lambda_args_shadow.txt" = 0.03 s
[ 8429/31251] Prism::OverlapTest#"test_whitequark/send_lambda_legacy.txt" = 0.02 s
[ 8430/31251] Prism::OverlapTest#"test_whitequark/send_op_asgn_conditional.txt" = 0.02 s
[ 8431/31251] Prism::OverlapTest#"test_whitequark/send_plain.txt" = 0.03 s
[ 8432/31251] Prism::OverlapTest#"test_whitequark/send_plain_cmd.txt" = 0.05 s
[ 8433/31251] Prism::OverlapTest#"test_whitequark/send_self.txt" = 0.03 s
[ 8434/31251] Prism::OverlapTest#"test_whitequark/send_self_block.txt" = 0.04 s
[ 8435/31251] Prism::OverlapTest#"test_whitequark/send_unary_op.txt" = 0.03 s
[ 8436/31251] Prism::OverlapTest#"test_whitequark/slash_newline_in_heredocs.txt" = 0.02 s
[ 8437/31251] Prism::OverlapTest#"test_whitequark/space_args_arg.txt" = 0.03 s
[ 8438/31251] Prism::OverlapTest#"test_whitequark/space_args_arg_block.txt" = 0.28 s
[ 8439/31251] Prism::OverlapTest#"test_whitequark/space_args_arg_call.txt" = 0.03 s
[ 8440/31251] Prism::OverlapTest#"test_whitequark/space_args_arg_newline.txt" = 0.03 s
[ 8441/31251] Prism::OverlapTest#"test_whitequark/space_args_block.txt" = 0.03 s
[ 8442/31251] Prism::OverlapTest#"test_whitequark/space_args_cmd.txt" = 0.03 s
[ 8443/31251] Prism::OverlapTest#"test_whitequark/string___FILE__.txt" = 0.02 s
[ 8444/31251] Prism::OverlapTest#"test_whitequark/string_concat.txt" = 0.03 s
[ 8445/31251] Prism::OverlapTest#"test_whitequark/string_dvar.txt" = 0.04 s
[ 8446/31251] Prism::OverlapTest#"test_whitequark/string_interp.txt" = 0.03 s
[ 8447/31251] Prism::OverlapTest#"test_whitequark/string_plain.txt" = 0.02 s
[ 8448/31251] Prism::OverlapTest#"test_whitequark/super.txt" = 0.03 s
[ 8449/31251] Prism::OverlapTest#"test_whitequark/super_block.txt" = 0.03 s
[ 8450/31251] Prism::OverlapTest#"test_whitequark/symbol_interp.txt" = 0.03 s
[ 8451/31251] Prism::OverlapTest#"test_whitequark/symbol_plain.txt" = 0.02 s
[ 8452/31251] Prism::OverlapTest#"test_whitequark/ternary.txt" = 0.03 s
[ 8453/31251] Prism::OverlapTest#"test_whitequark/ternary_ambiguous_symbol.txt" = 0.05 s
[ 8454/31251] Prism::OverlapTest#"test_whitequark/trailing_forward_arg.txt" = 0.05 s
[ 8455/31251] Prism::OverlapTest#"test_whitequark/true.txt" = 0.02 s
[ 8456/31251] Prism::OverlapTest#"test_whitequark/unary_num_pow_precedence.txt" = 0.18 s
[ 8457/31251] Prism::OverlapTest#"test_whitequark/undef.txt" = 0.04 s
[ 8458/31251] Prism::OverlapTest#"test_whitequark/unless.txt" = 0.04 s
[ 8459/31251] Prism::OverlapTest#"test_whitequark/unless_else.txt" = 0.05 s
[ 8460/31251] Prism::OverlapTest#"test_whitequark/unless_mod.txt" = 0.03 s
[ 8461/31251] Prism::OverlapTest#"test_whitequark/until.txt" = 0.04 s
[ 8462/31251] Prism::OverlapTest#"test_whitequark/until_mod.txt" = 0.02 s
[ 8463/31251] Prism::OverlapTest#"test_whitequark/until_post.txt" = 0.03 s
[ 8464/31251] Prism::OverlapTest#"test_whitequark/var_and_asgn.txt" = 0.14 s
[ 8465/31251] Prism::OverlapTest#"test_whitequark/var_op_asgn.txt" = 0.04 s
[ 8466/31251] Prism::OverlapTest#"test_whitequark/var_op_asgn_cmd.txt" = 0.03 s
[ 8467/31251] Prism::OverlapTest#"test_whitequark/var_or_asgn.txt" = 0.02 s
[ 8468/31251] Prism::OverlapTest#"test_whitequark/when_multi.txt" = 0.04 s
[ 8469/31251] Prism::OverlapTest#"test_whitequark/when_splat.txt" = 0.05 s
[ 8470/31251] Prism::OverlapTest#"test_whitequark/when_then.txt" = 0.03 s
[ 8471/31251] Prism::OverlapTest#"test_whitequark/while.txt" = 0.04 s
[ 8472/31251] Prism::OverlapTest#"test_whitequark/while_mod.txt" = 0.03 s
[ 8473/31251] Prism::OverlapTest#"test_whitequark/while_post.txt" = 0.03 s
[ 8474/31251] Prism::OverlapTest#"test_whitequark/xstring_interp.txt" = 0.03 s
[ 8475/31251] Prism::OverlapTest#"test_whitequark/xstring_plain.txt" = 0.02 s
[ 8476/31251] Prism::OverlapTest#"test_whitequark/zsuper.txt" = 0.02 s
[ 8477/31251] Prism::OverlapTest#"test_xstring.txt" = 0.05 s
[ 8478/31251] Prism::OverlapTest#"test_xstring_with_backslash.txt" = 0.02 s
[ 8479/31251] Prism::OverlapTest#"test_yield.txt" = 0.06 s
[ 8480/31251] Prism::ParametersSignatureTest#test_block = 0.03 s
[ 8481/31251] Prism::ParametersSignatureTest#test_block_anonymous = 0.02 s
[ 8482/31251] Prism::ParametersSignatureTest#test_forwarding = 0.02 s
[ 8483/31251] Prism::ParametersSignatureTest#test_key = 0.02 s
[ 8484/31251] Prism::ParametersSignatureTest#test_key_ordering = 0.02 s
[ 8485/31251] Prism::ParametersSignatureTest#test_keyreq = 0.02 s
[ 8486/31251] Prism::ParametersSignatureTest#test_keyrest = 0.02 s
[ 8487/31251] Prism::ParametersSignatureTest#test_keyrest_anonymous = 0.02 s
[ 8488/31251] Prism::ParametersSignatureTest#test_nokey = 0.02 s
[ 8489/31251] Prism::ParametersSignatureTest#test_opt = 0.02 s
[ 8490/31251] Prism::ParametersSignatureTest#test_post = 0.02 s
[ 8491/31251] Prism::ParametersSignatureTest#test_post_destructure = 0.02 s
[ 8492/31251] Prism::ParametersSignatureTest#test_req = 0.02 s
[ 8493/31251] Prism::ParametersSignatureTest#test_req_destructure = 0.02 s
[ 8494/31251] Prism::ParametersSignatureTest#test_rest = 0.02 s
[ 8495/31251] Prism::ParametersSignatureTest#test_rest_anonymous = 0.02 s
[ 8496/31251] Prism::ParseCommentsTest#test_parse_comments = 0.01 s
[ 8497/31251] Prism::ParseCommentsTest#test_parse_file_comments = 0.02 s
[ 8498/31251] Prism::ParseCommentsTest#test_parse_file_comments_error = 0.01 s
[ 8499/31251] Prism::ParseStreamTest#test___END__ = 0.02 s
[ 8500/31251] Prism::ParseStreamTest#test_false___END___in_heredoc = 0.02 s
[ 8501/31251] Prism::ParseStreamTest#test_false___END___in_list = 0.02 s
[ 8502/31251] Prism::ParseStreamTest#test_false___END___in_regexp = 0.02 s
[ 8503/31251] Prism::ParseStreamTest#test_false___END___in_string = 0.02 s
[ 8504/31251] Prism::ParseStreamTest#test_multi_line = 0.02 s
[ 8505/31251] Prism::ParseStreamTest#test_multi_read = 0.06 s
[ 8506/31251] Prism::ParseStreamTest#test_nul_bytes = 0.02 s
[ 8507/31251] Prism::ParseStreamTest#test_single_line = 0.01 s
[ 8508/31251] Prism::ParseSuccessTest#test_parse_file_success? = 0.02 s
[ 8509/31251] Prism::ParseSuccessTest#test_parse_success? = 0.01 s
[ 8510/31251] Prism::ParseTest#test_parse_directory = 0.02 s
[ 8511/31251] Prism::ParseTest#test_parse_empty_string = 0.01 s
[ 8512/31251] Prism::ParseTest#test_parse_file = 0.20 s
[ 8513/31251] Prism::ParseTest#test_parse_nonascii = 0.03 s
[ 8514/31251] Prism::ParseTest#test_parse_result = 0.19 s
[ 8515/31251] Prism::ParseTest#test_parse_takes_file_path = 0.01 s
[ 8516/31251] Prism::ParseTest#test_parse_takes_line = 0.02 s
[ 8517/31251] Prism::ParseTest#test_parse_takes_negative_lines = 0.02 s
[ 8518/31251] Prism::ParseTest#test_parse_tempfile = 0.02 s
[ 8519/31251] Prism::ParseTest#test_partial_script = 0.01 s
[ 8520/31251] Prism::ParseTest#test_version = 0.03 s
[ 8521/31251] Prism::PatternTest#test_alternation_pattern = 0.16 s
[ 8522/31251] Prism::PatternTest#test_array_pattern = 0.03 s
[ 8523/31251] Prism::PatternTest#test_array_pattern_no_constant = 0.02 s
[ 8524/31251] Prism::PatternTest#test_constant_path = 0.02 s
[ 8525/31251] Prism::PatternTest#test_constant_read_node = 0.02 s
[ 8526/31251] Prism::PatternTest#test_hash_pattern_no_constant = 0.03 s
[ 8527/31251] Prism::PatternTest#test_hash_pattern_regexp = 0.04 s
[ 8528/31251] Prism::PatternTest#test_invalid_constant = 3.05 s
[ 8529/31251] Prism::PatternTest#test_invalid_nested_constant = 0.03 s
[ 8530/31251] Prism::PatternTest#test_invalid_node = 0.03 s
[ 8531/31251] Prism::PatternTest#test_invalid_syntax = 0.02 s
[ 8532/31251] Prism::PatternTest#test_nil = 0.02 s
[ 8533/31251] Prism::PatternTest#test_object_const = 0.02 s
[ 8534/31251] Prism::PatternTest#test_regexp_options = 0.03 s
[ 8535/31251] Prism::PatternTest#test_regexp_with_interpolation = 0.07 s
[ 8536/31251] Prism::PatternTest#test_self = 0.02 s
[ 8537/31251] Prism::PatternTest#test_string_empty = 0.02 s
[ 8538/31251] Prism::PatternTest#test_string_with_interpolation = 0.06 s
[ 8539/31251] Prism::PatternTest#test_symbol = 0.02 s
[ 8540/31251] Prism::PatternTest#test_symbol_empty = 0.02 s
[ 8541/31251] Prism::PatternTest#test_symbol_plain = 0.02 s
[ 8542/31251] Prism::PatternTest#test_symbol_with_interpolation = 0.06 s
[ 8543/31251] Prism::PercentDelimiterRegexpTest#test_cr_crlf = 0.02 s
[ 8544/31251] Prism::PercentDelimiterRegexpTest#test_lf_crlf = 0.01 s
[ 8545/31251] Prism::PercentDelimiterRegexpTest#test_lf_lf = 0.01 s
[ 8546/31251] Prism::PercentDelimiterRegexpTest#test_newline_terminator_with_cr_cr = 0.01 s
[ 8547/31251] Prism::PercentDelimiterRegexpTest#test_newline_terminator_with_crlf_crlf_with_extra_cr
 = 0.01 s
[ 8548/31251] Prism::PercentDelimiterRegexpTest#test_newline_terminator_with_crlf_lf = 0.01 s
[ 8549/31251] Prism::PercentDelimiterRegexpTest#test_newline_terminator_with_crlf_pair = 0.01 s
[ 8550/31251] Prism::PercentDelimiterRegexpTest#test_newline_terminator_with_lf_crlf = 0.01 s
[ 8551/31251] Prism::PercentDelimiterRegexpTest#test_newline_terminator_with_lf_crlf_with_extra_cr =
 0.01 s
[ 8552/31251] Prism::PercentDelimiterStringTest#test_cr_crlf = 0.02 s
[ 8553/31251] Prism::PercentDelimiterStringTest#test_lf_crlf = 0.01 s
[ 8554/31251] Prism::PercentDelimiterStringTest#test_lf_lf = 0.01 s
[ 8555/31251] Prism::PercentDelimiterStringTest#test_newline_terminator_with_cr_cr = 0.01 s
[ 8556/31251] Prism::PercentDelimiterStringTest#test_newline_terminator_with_crlf_crlf_with_extra_cr
 = 0.01 s
[ 8557/31251] Prism::PercentDelimiterStringTest#test_newline_terminator_with_crlf_lf = 0.01 s
[ 8558/31251] Prism::PercentDelimiterStringTest#test_newline_terminator_with_crlf_pair = 0.01 s
[ 8559/31251] Prism::PercentDelimiterStringTest#test_newline_terminator_with_lf_crlf = 0.01 s
[ 8560/31251] Prism::PercentDelimiterStringTest#test_newline_terminator_with_lf_crlf_with_extra_cr =
 0.01 s
[ 8561/31251] Prism::ReflectionTest#test_fields_for = 0.56 s
[ 8562/31251] Prism::RegexpTest#test_absence_operator = 0.01 s
[ 8563/31251] Prism::RegexpTest#test_allows_duplicate_named_captures = 0.01 s
[ 8564/31251] Prism::RegexpTest#test_alternation = 0.01 s
[ 8565/31251] Prism::RegexpTest#test_anchors = 0.01 s
[ 8566/31251] Prism::RegexpTest#test_any = 0.01 s
[ 8567/31251] Prism::RegexpTest#test_atomic_groups = 0.01 s
[ 8568/31251] Prism::RegexpTest#test_beginless_range_quantifier = 0.01 s
[ 8569/31251] Prism::RegexpTest#test_character_ranges = 0.01 s
[ 8570/31251] Prism::RegexpTest#test_character_sets = 0.01 s
[ 8571/31251] Prism::RegexpTest#test_comments = 0.01 s
[ 8572/31251] Prism::RegexpTest#test_comments_with_escaped_parentheses = 0.01 s
[ 8573/31251] Prism::RegexpTest#test_conditional_expression_with_group = 0.01 s
[ 8574/31251] Prism::RegexpTest#test_conditional_expression_with_index = 0.01 s
[ 8575/31251] Prism::RegexpTest#test_conditional_expression_with_name = 0.01 s
[ 8576/31251] Prism::RegexpTest#test_endless_range_quantifier = 0.01 s
[ 8577/31251] Prism::RegexpTest#test_fake_named_capture_inside_character_set_with_escaped_ending = 0
.01 s
[ 8578/31251] Prism::RegexpTest#test_fake_named_captures_inside_character_sets = 0.01 s
[ 8579/31251] Prism::RegexpTest#test_fake_range_quantifier_because_of_spaces = 0.01 s
[ 8580/31251] Prism::RegexpTest#test_fake_range_quantifier_because_unclosed = 0.01 s
[ 8581/31251] Prism::RegexpTest#test_flag_combined = 0.02 s
[ 8582/31251] Prism::RegexpTest#test_flag_extended = 0.02 s
[ 8583/31251] Prism::RegexpTest#test_flag_fixedencoding = 0.03 s
[ 8584/31251] Prism::RegexpTest#test_flag_ignorecase = 0.02 s
[ 8585/31251] Prism::RegexpTest#test_flag_multiline = 0.02 s
[ 8586/31251] Prism::RegexpTest#test_flag_noencoding = 0.02 s
[ 8587/31251] Prism::RegexpTest#test_flag_once = 0.02 s
[ 8588/31251] Prism::RegexpTest#test_invalid_posix_character_classes_should_fall_back_to_regular_cla
sses = 0.01 s
[ 8589/31251] Prism::RegexpTest#test_last_encoding_option_wins = 0.01 s
[ 8590/31251] Prism::RegexpTest#test_named_capture_inside_fake_range_quantifier = 0.01 s
[ 8591/31251] Prism::RegexpTest#test_named_capture_inside_nested_character_set = 0.01 s
[ 8592/31251] Prism::RegexpTest#test_named_captures_with_arrows = 0.01 s
[ 8593/31251] Prism::RegexpTest#test_named_captures_with_single_quotes = 0.01 s
[ 8594/31251] Prism::RegexpTest#test_negated_character_ranges = 0.01 s
[ 8595/31251] Prism::RegexpTest#test_negated_character_sets = 0.01 s
[ 8596/31251] Prism::RegexpTest#test_negated_posix_character_classes = 0.01 s
[ 8597/31251] Prism::RegexpTest#test_negative_lookaheads = 0.01 s
[ 8598/31251] Prism::RegexpTest#test_negative_lookbehinds = 0.01 s
[ 8599/31251] Prism::RegexpTest#test_nested_character_sets = 0.01 s
[ 8600/31251] Prism::RegexpTest#test_nested_character_sets_with_operators = 0.01 s
[ 8601/31251] Prism::RegexpTest#test_nested_named_captures_with_arrows = 0.01 s
[ 8602/31251] Prism::RegexpTest#test_nested_named_captures_with_single_quotes = 0.01 s
[ 8603/31251] Prism::RegexpTest#test_non_capturing_groups = 0.01 s
[ 8604/31251] Prism::RegexpTest#test_options_on_groups = 0.01 s
[ 8605/31251] Prism::RegexpTest#test_options_on_groups_getting_turned_off = 0.01 s
[ 8606/31251] Prism::RegexpTest#test_options_on_groups_some_getting_turned_on_some_getting_turned_of
f = 0.01 s
[ 8607/31251] Prism::RegexpTest#test_plus_quantifier = 0.01 s
[ 8608/31251] Prism::RegexpTest#test_positive_lookaheads = 0.01 s
[ 8609/31251] Prism::RegexpTest#test_positive_lookbehinds = 0.01 s
[ 8610/31251] Prism::RegexpTest#test_posix_character_classes = 0.01 s
[ 8611/31251] Prism::RegexpTest#test_question_mark_quantifier = 0.01 s
[ 8612/31251] Prism::RegexpTest#test_range_quantifier = 0.01 s
[ 8613/31251] Prism::RegexpTest#test_star_quantifier = 0.01 s
[ 8614/31251] Prism::RegularExpressionOptionsTest#test_options = 0.05 s
[ 8615/31251] Prism::RelocationTest#test_character_columns = 0.27 s
[ 8616/31251] Prism::RelocationTest#test_character_offsets = 0.02 s
[ 8617/31251] Prism::RelocationTest#test_code_unit_columns = 0.03 s
[ 8618/31251] Prism::RelocationTest#test_code_unit_offsets = 0.03 s
[ 8619/31251] Prism::RelocationTest#test_columns = 0.02 s
[ 8620/31251] Prism::RelocationTest#test_comments = 0.03 s
[ 8621/31251] Prism::RelocationTest#test_filepath = 0.74 s
[ 8622/31251] Prism::RelocationTest#test_leading_comments = 0.03 s
[ 8623/31251] Prism::RelocationTest#test_lines = 0.02 s
[ 8624/31251] Prism::RelocationTest#test_misconfiguration = 0.02 s
[ 8625/31251] Prism::RelocationTest#test_missing_values = 0.02 s
[ 8626/31251] Prism::RelocationTest#test_offsets = 0.02 s
[ 8627/31251] Prism::RelocationTest#test_repository_filepath = 0.74 s
[ 8628/31251] Prism::RelocationTest#test_trailing_comments = 0.03 s
[ 8629/31251] Prism::RipperTest#"test_alias.txt" = 2.92 s
[ 8630/31251] Prism::RipperTest#"test_arithmetic.txt" = 0.18 s
[ 8631/31251] Prism::RipperTest#"test_arrays.txt" = 2.23 s
[ 8632/31251] Prism::RipperTest#"test_begin_ensure.txt" = 0.30 s
[ 8633/31251] Prism::RipperTest#"test_begin_rescue.txt" = 0.74 s
[ 8634/31251] Prism::RipperTest#"test_blocks.txt" = 0.92 s
[ 8635/31251] Prism::RipperTest#"test_boolean_operators.txt" = 0.06 s
[ 8636/31251] Prism::RipperTest#"test_booleans.txt" = 0.03 s
[ 8637/31251] Prism::RipperTest#"test_break.txt" = 13.47 s
[ 8638/31251] Prism::RipperTest#"test_case.txt" = 0.84 s
[ 8639/31251] Prism::RipperTest#"test_classes.txt" = 0.42 s
[ 8640/31251] Prism::RipperTest#"test_command_method_call.txt" = 0.97 s
[ 8641/31251] Prism::RipperTest#"test_comments.txt" = 0.16 s
[ 8642/31251] Prism::RipperTest#"test_constants.txt" = 2.12 s
[ 8643/31251] Prism::RipperTest#"test_dash_heredocs.txt" = 0.36 s
[ 8644/31251] Prism::RipperTest#"test_defined.txt" = 0.15 s
[ 8645/31251] Prism::RipperTest#"test_dstring.txt" = 0.14 s
[ 8646/31251] Prism::RipperTest#"test_dsym_str.txt" = 0.03 s
[ 8647/31251] Prism::RipperTest#"test_embdoc_no_newline_at_end.txt" = 0.02 s
[ 8648/31251] Prism::RipperTest#"test_emoji_method_calls.txt" = 0.04 s
[ 8649/31251] Prism::RipperTest#"test_endless_methods.txt" = 0.10 s
[ 8650/31251] Prism::RipperTest#"test_endless_range_in_conditional.txt" = 0.07 s
[ 8651/31251] Prism::RipperTest#"test_for.txt" = 0.22 s
[ 8652/31251] Prism::RipperTest#"test_global_variables.txt" = 0.48 s
[ 8653/31251] Prism::RipperTest#"test_hashes.txt" = 0.34 s
[ 8654/31251] Prism::RipperTest#"test_heredoc.txt" = 0.02 s
[ 8655/31251] Prism::RipperTest#"test_heredoc_with_carriage_returns.txt" = 0.02 s
[ 8656/31251] Prism::RipperTest#"test_heredoc_with_comment.txt" = 0.04 s
[ 8657/31251] Prism::RipperTest#"test_heredoc_with_escaped_newline_at_start.txt" = 0.10 s
[ 8658/31251] Prism::RipperTest#"test_heredoc_with_trailing_newline.txt" = 0.02 s
[ 8659/31251] Prism::RipperTest#"test_heredocs_leading_whitespace.txt" = 0.11 s
[ 8660/31251] Prism::RipperTest#"test_heredocs_nested.txt" = 0.14 s
[ 8661/31251] Prism::RipperTest#"test_heredocs_with_ignored_newlines_and_non_empty.txt" = 0.03 s
[ 8662/31251] Prism::RipperTest#"test_if.txt" = 0.58 s
[ 8663/31251] Prism::RipperTest#"test_indented_file_end.txt" = 0.04 s
[ 8664/31251] Prism::RipperTest#"test_integer_operations.txt" = 0.57 s
[ 8665/31251] Prism::RipperTest#"test_it_indirect_writes.txt" = 0.52 s
[ 8666/31251] Prism::RipperTest#"test_keyword_method_names.txt" = 0.27 s
[ 8667/31251] Prism::RipperTest#"test_keywords.txt" = 0.08 s
[ 8668/31251] Prism::RipperTest#"test_lambda.txt" = 0.33 s
[ 8669/31251] Prism::RipperTest#"test_method_calls.txt" = 4.10 s
[ 8670/31251] Prism::RipperTest#"test_methods.txt" = 3.01 s
[ 8671/31251] Prism::RipperTest#"test_modules.txt" = 0.22 s
[ 8672/31251] Prism::RipperTest#"test_multi_write.txt" = 0.19 s
[ 8673/31251] Prism::RipperTest#"test_newline_terminated.txt" = 0.22 s
[ 8674/31251] Prism::RipperTest#"test_next.txt" = 0.48 s
[ 8675/31251] Prism::RipperTest#"test_nils.txt" = 0.13 s
[ 8676/31251] Prism::RipperTest#"test_non_alphanumeric_methods.txt" = 0.75 s
[ 8677/31251] Prism::RipperTest#"test_not.txt" = 0.23 s
[ 8678/31251] Prism::RipperTest#"test_numbers.txt" = 0.30 s
[ 8679/31251] Prism::RipperTest#"test_patterns.txt" = 5.78 s
[ 8680/31251] Prism::RipperTest#"test_procs.txt" = 0.45 s
[ 8681/31251] Prism::RipperTest#"test_range_begin_open_exclusive.txt" = 0.02 s
[ 8682/31251] Prism::RipperTest#"test_range_begin_open_inclusive.txt" = 0.02 s
[ 8683/31251] Prism::RipperTest#"test_range_beginless.txt" = 0.21 s
[ 8684/31251] Prism::RipperTest#"test_range_end_open_exclusive.txt" = 0.03 s
[ 8685/31251] Prism::RipperTest#"test_range_end_open_inclusive.txt" = 0.02 s
[ 8686/31251] Prism::RipperTest#"test_ranges.txt" = 0.48 s
[ 8687/31251] Prism::RipperTest#"test_regex_escape_encoding.txt" = 0.05 s
[ 8688/31251] Prism::RipperTest#"test_repeat_parameters.txt" = 0.71 s
[ 8689/31251] Prism::RipperTest#"test_rescue.txt" = 0.57 s
[ 8690/31251] Prism::RipperTest#"test_rescue_modifier.txt" = 0.25 s
[ 8691/31251] Prism::RipperTest#"test_return.txt" = 0.30 s
[ 8692/31251] Prism::RipperTest#"test_seattlerb/BEGIN.txt" = 0.03 s
[ 8693/31251] Prism::RipperTest#"test_seattlerb/TestRubyParserShared.txt" = 0.71 s
[ 8694/31251] Prism::RipperTest#"test_seattlerb/__ENCODING__.txt" = 0.02 s
[ 8695/31251] Prism::RipperTest#"test_seattlerb/alias_gvar_backref.txt" = 0.03 s
[ 8696/31251] Prism::RipperTest#"test_seattlerb/alias_resword.txt" = 0.03 s
[ 8697/31251] Prism::RipperTest#"test_seattlerb/and_multi.txt" = 0.03 s
[ 8698/31251] Prism::RipperTest#"test_seattlerb/aref_args_assocs.txt" = 0.04 s
[ 8699/31251] Prism::RipperTest#"test_seattlerb/aref_args_lit_assocs.txt" = 0.04 s
[ 8700/31251] Prism::RipperTest#"test_seattlerb/args_kw_block.txt" = 0.05 s
[ 8701/31251] Prism::RipperTest#"test_seattlerb/array_line_breaks.txt" = 0.05 s
[ 8702/31251] Prism::RipperTest#"test_seattlerb/array_lits_trailing_calls.txt" = 0.05 s
[ 8703/31251] Prism::RipperTest#"test_seattlerb/assoc__bare.txt" = 0.03 s
[ 8704/31251] Prism::RipperTest#"test_seattlerb/assoc_label.txt" = 0.04 s
[ 8705/31251] Prism::RipperTest#"test_seattlerb/attr_asgn_colon_id.txt" = 0.03 s
[ 8706/31251] Prism::RipperTest#"test_seattlerb/attrasgn_array_arg.txt" = 0.05 s
[ 8707/31251] Prism::RipperTest#"test_seattlerb/attrasgn_array_lhs.txt" = 0.10 s
[ 8708/31251] Prism::RipperTest#"test_seattlerb/attrasgn_primary_dot_constant.txt" = 0.03 s
[ 8709/31251] Prism::RipperTest#"test_seattlerb/backticks_interpolation_line.txt" = 0.05 s
[ 8710/31251] Prism::RipperTest#"test_seattlerb/bang_eq.txt" = 0.03 s
[ 8711/31251] Prism::RipperTest#"test_seattlerb/bdot2.txt" = 0.04 s
[ 8712/31251] Prism::RipperTest#"test_seattlerb/bdot3.txt" = 0.04 s
[ 8713/31251] Prism::RipperTest#"test_seattlerb/begin_ensure_no_bodies.txt" = 0.03 s
[ 8714/31251] Prism::RipperTest#"test_seattlerb/begin_rescue_else_ensure_bodies.txt" = 0.06 s
[ 8715/31251] Prism::RipperTest#"test_seattlerb/begin_rescue_else_ensure_no_bodies.txt" = 0.04 s
[ 8716/31251] Prism::RipperTest#"test_seattlerb/begin_rescue_ensure_no_bodies.txt" = 0.03 s
[ 8717/31251] Prism::RipperTest#"test_seattlerb/block_arg__bare.txt" = 0.04 s
[ 8718/31251] Prism::RipperTest#"test_seattlerb/block_arg_kwsplat.txt" = 0.04 s
[ 8719/31251] Prism::RipperTest#"test_seattlerb/block_arg_opt_arg_block.txt" = 0.11 s
[ 8720/31251] Prism::RipperTest#"test_seattlerb/block_arg_opt_splat.txt" = 0.06 s
[ 8721/31251] Prism::RipperTest#"test_seattlerb/block_arg_opt_splat_arg_block_omfg.txt" = 0.07 s
[ 8722/31251] Prism::RipperTest#"test_seattlerb/block_arg_optional.txt" = 0.05 s
[ 8723/31251] Prism::RipperTest#"test_seattlerb/block_arg_scope.txt" = 0.05 s
[ 8724/31251] Prism::RipperTest#"test_seattlerb/block_arg_scope2.txt" = 0.05 s
[ 8725/31251] Prism::RipperTest#"test_seattlerb/block_arg_splat_arg.txt" = 0.05 s
[ 8726/31251] Prism::RipperTest#"test_seattlerb/block_args_kwargs.txt" = 0.05 s
[ 8727/31251] Prism::RipperTest#"test_seattlerb/block_args_no_kwargs.txt" = 0.04 s
[ 8728/31251] Prism::RipperTest#"test_seattlerb/block_args_opt1.txt" = 0.07 s
[ 8729/31251] Prism::RipperTest#"test_seattlerb/block_args_opt2.txt" = 0.06 s
[ 8730/31251] Prism::RipperTest#"test_seattlerb/block_args_opt2_2.txt" = 0.08 s
[ 8731/31251] Prism::RipperTest#"test_seattlerb/block_args_opt3.txt" = 0.09 s
[ 8732/31251] Prism::RipperTest#"test_seattlerb/block_call_defn_call_block_call.txt" = 0.09 s
[ 8733/31251] Prism::RipperTest#"test_seattlerb/block_call_dot_op2_cmd_args_do_block.txt" = 0.12 s
[ 8734/31251] Prism::RipperTest#"test_seattlerb/block_call_operation_colon.txt" = 0.06 s
[ 8735/31251] Prism::RipperTest#"test_seattlerb/block_call_operation_dot.txt" = 0.06 s
[ 8736/31251] Prism::RipperTest#"test_seattlerb/block_call_paren_call_block_call.txt" = 0.07 s
[ 8737/31251] Prism::RipperTest#"test_seattlerb/block_decomp_anon_splat_arg.txt" = 0.05 s
[ 8738/31251] Prism::RipperTest#"test_seattlerb/block_decomp_arg_splat.txt" = 0.05 s
[ 8739/31251] Prism::RipperTest#"test_seattlerb/block_decomp_arg_splat_arg.txt" = 0.06 s
[ 8740/31251] Prism::RipperTest#"test_seattlerb/block_decomp_splat.txt" = 0.05 s
[ 8741/31251] Prism::RipperTest#"test_seattlerb/block_kw.txt" = 0.05 s
[ 8742/31251] Prism::RipperTest#"test_seattlerb/block_kw__required.txt" = 0.04 s
[ 8743/31251] Prism::RipperTest#"test_seattlerb/block_kwarg_lvar.txt" = 0.05 s
[ 8744/31251] Prism::RipperTest#"test_seattlerb/block_kwarg_lvar_multiple.txt" = 0.06 s
[ 8745/31251] Prism::RipperTest#"test_seattlerb/block_opt_arg.txt" = 0.05 s
[ 8746/31251] Prism::RipperTest#"test_seattlerb/block_opt_splat.txt" = 0.05 s
[ 8747/31251] Prism::RipperTest#"test_seattlerb/block_opt_splat_arg_block_omfg.txt" = 0.06 s
[ 8748/31251] Prism::RipperTest#"test_seattlerb/block_optarg.txt" = 0.05 s
[ 8749/31251] Prism::RipperTest#"test_seattlerb/block_paren_splat.txt" = 0.05 s
[ 8750/31251] Prism::RipperTest#"test_seattlerb/block_reg_optarg.txt" = 0.05 s
[ 8751/31251] Prism::RipperTest#"test_seattlerb/block_scope.txt" = 0.04 s
[ 8752/31251] Prism::RipperTest#"test_seattlerb/block_splat_reg.txt" = 0.05 s
[ 8753/31251] Prism::RipperTest#"test_seattlerb/bug169.txt" = 0.04 s
[ 8754/31251] Prism::RipperTest#"test_seattlerb/bug179.txt" = 0.04 s
[ 8755/31251] Prism::RipperTest#"test_seattlerb/bug190.txt" = 0.03 s
[ 8756/31251] Prism::RipperTest#"test_seattlerb/bug191.txt" = 0.06 s
[ 8757/31251] Prism::RipperTest#"test_seattlerb/bug202.txt" = 0.04 s
[ 8758/31251] Prism::RipperTest#"test_seattlerb/bug236.txt" = 0.07 s
[ 8759/31251] Prism::RipperTest#"test_seattlerb/bug290.txt" = 0.03 s
[ 8760/31251] Prism::RipperTest#"test_seattlerb/bug_187.txt" = 0.07 s
[ 8761/31251] Prism::RipperTest#"test_seattlerb/bug_215.txt" = 0.03 s
[ 8762/31251] Prism::RipperTest#"test_seattlerb/bug_249.txt" = 0.11 s
[ 8763/31251] Prism::RipperTest#"test_seattlerb/bug_and.txt" = 0.04 s
[ 8764/31251] Prism::RipperTest#"test_seattlerb/bug_args__19.txt" = 0.06 s
[ 8765/31251] Prism::RipperTest#"test_seattlerb/bug_args_masgn.txt" = 0.06 s
[ 8766/31251] Prism::RipperTest#"test_seattlerb/bug_args_masgn2.txt" = 0.07 s
[ 8767/31251] Prism::RipperTest#"test_seattlerb/bug_args_masgn_outer_parens__19.txt" = 0.06 s
[ 8768/31251] Prism::RipperTest#"test_seattlerb/bug_call_arglist_parens.txt" = 0.15 s
[ 8769/31251] Prism::RipperTest#"test_seattlerb/bug_case_when_regexp.txt" = 0.04 s
[ 8770/31251] Prism::RipperTest#"test_seattlerb/bug_comma.txt" = 0.05 s
[ 8771/31251] Prism::RipperTest#"test_seattlerb/bug_cond_pct.txt" = 0.04 s
[ 8772/31251] Prism::RipperTest#"test_seattlerb/bug_hash_args.txt" = 0.05 s
[ 8773/31251] Prism::RipperTest#"test_seattlerb/bug_hash_args_trailing_comma.txt" = 0.05 s
[ 8774/31251] Prism::RipperTest#"test_seattlerb/bug_hash_interp_array.txt" = 0.04 s
[ 8775/31251] Prism::RipperTest#"test_seattlerb/bug_masgn_right.txt" = 0.06 s
[ 8776/31251] Prism::RipperTest#"test_seattlerb/bug_not_parens.txt" = 0.03 s
[ 8777/31251] Prism::RipperTest#"test_seattlerb/bug_op_asgn_rescue.txt" = 0.03 s
[ 8778/31251] Prism::RipperTest#"test_seattlerb/call_and.txt" = 0.03 s
[ 8779/31251] Prism::RipperTest#"test_seattlerb/call_arg_assoc.txt" = 0.05 s
[ 8780/31251] Prism::RipperTest#"test_seattlerb/call_arg_assoc_kwsplat.txt" = 0.05 s
[ 8781/31251] Prism::RipperTest#"test_seattlerb/call_arg_kwsplat.txt" = 0.05 s
[ 8782/31251] Prism::RipperTest#"test_seattlerb/call_args_assoc_quoted.txt" = 0.12 s
[ 8783/31251] Prism::RipperTest#"test_seattlerb/call_args_assoc_trailing_comma.txt" = 0.05 s
[ 8784/31251] Prism::RipperTest#"test_seattlerb/call_args_command.txt" = 0.06 s
[ 8785/31251] Prism::RipperTest#"test_seattlerb/call_array_arg.txt" = 0.05 s
[ 8786/31251] Prism::RipperTest#"test_seattlerb/call_array_block_call.txt" = 0.06 s
[ 8787/31251] Prism::RipperTest#"test_seattlerb/call_array_lambda_block_call.txt" = 0.07 s
[ 8788/31251] Prism::RipperTest#"test_seattlerb/call_array_lit_inline_hash.txt" = 0.06 s
[ 8789/31251] Prism::RipperTest#"test_seattlerb/call_assoc.txt" = 0.04 s
[ 8790/31251] Prism::RipperTest#"test_seattlerb/call_assoc_new.txt" = 0.04 s
[ 8791/31251] Prism::RipperTest#"test_seattlerb/call_assoc_new_if_multiline.txt" = 0.07 s
[ 8792/31251] Prism::RipperTest#"test_seattlerb/call_assoc_trailing_comma.txt" = 0.04 s
[ 8793/31251] Prism::RipperTest#"test_seattlerb/call_bang_command_call.txt" = 0.04 s
[ 8794/31251] Prism::RipperTest#"test_seattlerb/call_bang_squiggle.txt" = 0.03 s
[ 8795/31251] Prism::RipperTest#"test_seattlerb/call_begin_call_block_call.txt" = 0.06 s
[ 8796/31251] Prism::RipperTest#"test_seattlerb/call_block_arg_named.txt" = 0.03 s
[ 8797/31251] Prism::RipperTest#"test_seattlerb/call_carat.txt" = 0.03 s
[ 8798/31251] Prism::RipperTest#"test_seattlerb/call_colon2.txt" = 0.03 s
[ 8799/31251] Prism::RipperTest#"test_seattlerb/call_colon_parens.txt" = 0.03 s
[ 8800/31251] Prism::RipperTest#"test_seattlerb/call_div.txt" = 0.03 s
[ 8801/31251] Prism::RipperTest#"test_seattlerb/call_dot_parens.txt" = 0.03 s
[ 8802/31251] Prism::RipperTest#"test_seattlerb/call_env.txt" = 0.03 s
[ 8803/31251] Prism::RipperTest#"test_seattlerb/call_eq3.txt" = 0.03 s
[ 8804/31251] Prism::RipperTest#"test_seattlerb/call_gt.txt" = 0.03 s
[ 8805/31251] Prism::RipperTest#"test_seattlerb/call_kwsplat.txt" = 0.04 s
[ 8806/31251] Prism::RipperTest#"test_seattlerb/call_leading_dots.txt" = 0.04 s
[ 8807/31251] Prism::RipperTest#"test_seattlerb/call_leading_dots_comment.txt" = 0.04 s
[ 8808/31251] Prism::RipperTest#"test_seattlerb/call_lt.txt" = 0.03 s
[ 8809/31251] Prism::RipperTest#"test_seattlerb/call_lte.txt" = 0.03 s
[ 8810/31251] Prism::RipperTest#"test_seattlerb/call_not.txt" = 0.02 s
[ 8811/31251] Prism::RipperTest#"test_seattlerb/call_pipe.txt" = 0.03 s
[ 8812/31251] Prism::RipperTest#"test_seattlerb/call_rshift.txt" = 0.03 s
[ 8813/31251] Prism::RipperTest#"test_seattlerb/call_self_brackets.txt" = 0.03 s
[ 8814/31251] Prism::RipperTest#"test_seattlerb/call_spaceship.txt" = 0.03 s
[ 8815/31251] Prism::RipperTest#"test_seattlerb/call_stabby_do_end_with_block.txt" = 0.06 s
[ 8816/31251] Prism::RipperTest#"test_seattlerb/call_stabby_with_braces_block.txt" = 0.06 s
[ 8817/31251] Prism::RipperTest#"test_seattlerb/call_star.txt" = 0.03 s
[ 8818/31251] Prism::RipperTest#"test_seattlerb/call_star2.txt" = 0.03 s
[ 8819/31251] Prism::RipperTest#"test_seattlerb/call_trailing_comma.txt" = 0.03 s
[ 8820/31251] Prism::RipperTest#"test_seattlerb/call_trailing_dots.txt" = 0.04 s
[ 8821/31251] Prism::RipperTest#"test_seattlerb/call_unary_bang.txt" = 0.02 s
[ 8822/31251] Prism::RipperTest#"test_seattlerb/case_in.txt" = 1.11 s
[ 8823/31251] Prism::RipperTest#"test_seattlerb/case_in_31.txt" = 0.06 s
[ 8824/31251] Prism::RipperTest#"test_seattlerb/case_in_37.txt" = 0.06 s
[ 8825/31251] Prism::RipperTest#"test_seattlerb/case_in_42.txt" = 0.05 s
[ 8826/31251] Prism::RipperTest#"test_seattlerb/case_in_42_2.txt" = 0.05 s
[ 8827/31251] Prism::RipperTest#"test_seattlerb/case_in_47.txt" = 0.06 s
[ 8828/31251] Prism::RipperTest#"test_seattlerb/case_in_67.txt" = 0.04 s
[ 8829/31251] Prism::RipperTest#"test_seattlerb/case_in_86.txt" = 0.07 s
[ 8830/31251] Prism::RipperTest#"test_seattlerb/case_in_86_2.txt" = 0.07 s
[ 8831/31251] Prism::RipperTest#"test_seattlerb/case_in_array_pat_const.txt" = 0.06 s
[ 8832/31251] Prism::RipperTest#"test_seattlerb/case_in_array_pat_const2.txt" = 0.06 s
[ 8833/31251] Prism::RipperTest#"test_seattlerb/case_in_array_pat_paren_assign.txt" = 0.06 s
[ 8834/31251] Prism::RipperTest#"test_seattlerb/case_in_const.txt" = 0.43 s
[ 8835/31251] Prism::RipperTest#"test_seattlerb/case_in_else.txt" = 0.05 s
[ 8836/31251] Prism::RipperTest#"test_seattlerb/case_in_find.txt" = 0.05 s
[ 8837/31251] Prism::RipperTest#"test_seattlerb/case_in_find_array.txt" = 0.05 s
[ 8838/31251] Prism::RipperTest#"test_seattlerb/case_in_hash_pat.txt" = 0.07 s
[ 8839/31251] Prism::RipperTest#"test_seattlerb/case_in_hash_pat_assign.txt" = 0.08 s
[ 8840/31251] Prism::RipperTest#"test_seattlerb/case_in_hash_pat_paren_assign.txt" = 0.15 s
[ 8841/31251] Prism::RipperTest#"test_seattlerb/case_in_hash_pat_paren_true.txt" = 0.05 s
[ 8842/31251] Prism::RipperTest#"test_seattlerb/case_in_hash_pat_rest.txt" = 0.06 s
[ 8843/31251] Prism::RipperTest#"test_seattlerb/case_in_hash_pat_rest_solo.txt" = 0.05 s
[ 8844/31251] Prism::RipperTest#"test_seattlerb/case_in_if_unless_post_mod.txt" = 0.07 s
[ 8845/31251] Prism::RipperTest#"test_seattlerb/case_in_multiple.txt" = 0.07 s
[ 8846/31251] Prism::RipperTest#"test_seattlerb/case_in_or.txt" = 0.05 s
[ 8847/31251] Prism::RipperTest#"test_seattlerb/class_comments.txt" = 0.06 s
[ 8848/31251] Prism::RipperTest#"test_seattlerb/cond_unary_minus.txt" = 0.03 s
[ 8849/31251] Prism::RipperTest#"test_seattlerb/const_2_op_asgn_or2.txt" = 0.03 s
[ 8850/31251] Prism::RipperTest#"test_seattlerb/const_3_op_asgn_or.txt" = 0.03 s
[ 8851/31251] Prism::RipperTest#"test_seattlerb/const_op_asgn_and1.txt" = 0.03 s
[ 8852/31251] Prism::RipperTest#"test_seattlerb/const_op_asgn_and2.txt" = 0.03 s
[ 8853/31251] Prism::RipperTest#"test_seattlerb/const_op_asgn_or.txt" = 0.03 s
[ 8854/31251] Prism::RipperTest#"test_seattlerb/defined_eh_parens.txt" = 0.03 s
[ 8855/31251] Prism::RipperTest#"test_seattlerb/defn_arg_asplat_arg.txt" = 0.04 s
[ 8856/31251] Prism::RipperTest#"test_seattlerb/defn_arg_forward_args.txt" = 0.06 s
[ 8857/31251] Prism::RipperTest#"test_seattlerb/defn_args_forward_args.txt" = 0.08 s
[ 8858/31251] Prism::RipperTest#"test_seattlerb/defn_comments.txt" = 0.04 s
[ 8859/31251] Prism::RipperTest#"test_seattlerb/defn_endless_command.txt" = 0.04 s
[ 8860/31251] Prism::RipperTest#"test_seattlerb/defn_endless_command_rescue.txt" = 0.05 s
[ 8861/31251] Prism::RipperTest#"test_seattlerb/defn_forward_args.txt" = 0.05 s
[ 8862/31251] Prism::RipperTest#"test_seattlerb/defn_forward_args__no_parens.txt" = 0.05 s
[ 8863/31251] Prism::RipperTest#"test_seattlerb/defn_kwarg_env.txt" = 0.06 s
[ 8864/31251] Prism::RipperTest#"test_seattlerb/defn_kwarg_kwarg.txt" = 0.12 s
[ 8865/31251] Prism::RipperTest#"test_seattlerb/defn_kwarg_kwsplat.txt" = 0.04 s
[ 8866/31251] Prism::RipperTest#"test_seattlerb/defn_kwarg_kwsplat_anon.txt" = 0.04 s
[ 8867/31251] Prism::RipperTest#"test_seattlerb/defn_kwarg_lvar.txt" = 0.05 s
[ 8868/31251] Prism::RipperTest#"test_seattlerb/defn_kwarg_no_parens.txt" = 0.04 s
[ 8869/31251] Prism::RipperTest#"test_seattlerb/defn_kwarg_val.txt" = 0.04 s
[ 8870/31251] Prism::RipperTest#"test_seattlerb/defn_no_kwargs.txt" = 0.04 s
[ 8871/31251] Prism::RipperTest#"test_seattlerb/defn_oneliner.txt" = 0.05 s
[ 8872/31251] Prism::RipperTest#"test_seattlerb/defn_oneliner_eq2.txt" = 0.05 s
[ 8873/31251] Prism::RipperTest#"test_seattlerb/defn_oneliner_noargs.txt" = 0.03 s
[ 8874/31251] Prism::RipperTest#"test_seattlerb/defn_oneliner_noargs_parentheses.txt" = 0.04 s
[ 8875/31251] Prism::RipperTest#"test_seattlerb/defn_oneliner_rescue.txt" = 0.19 s
[ 8876/31251] Prism::RipperTest#"test_seattlerb/defn_opt_last_arg.txt" = 0.04 s
[ 8877/31251] Prism::RipperTest#"test_seattlerb/defn_opt_reg.txt" = 0.04 s
[ 8878/31251] Prism::RipperTest#"test_seattlerb/defn_opt_splat_arg.txt" = 0.05 s
[ 8879/31251] Prism::RipperTest#"test_seattlerb/defn_powarg.txt" = 0.04 s
[ 8880/31251] Prism::RipperTest#"test_seattlerb/defn_reg_opt_reg.txt" = 0.13 s
[ 8881/31251] Prism::RipperTest#"test_seattlerb/defn_splat_arg.txt" = 0.04 s
[ 8882/31251] Prism::RipperTest#"test_seattlerb/defn_unary_not.txt" = 0.03 s
[ 8883/31251] Prism::RipperTest#"test_seattlerb/defns_reserved.txt" = 0.03 s
[ 8884/31251] Prism::RipperTest#"test_seattlerb/defs_as_arg_with_do_block_inside.txt" = 0.08 s
[ 8885/31251] Prism::RipperTest#"test_seattlerb/defs_comments.txt" = 0.04 s
[ 8886/31251] Prism::RipperTest#"test_seattlerb/defs_endless_command.txt" = 0.05 s
[ 8887/31251] Prism::RipperTest#"test_seattlerb/defs_endless_command_rescue.txt" = 0.06 s
[ 8888/31251] Prism::RipperTest#"test_seattlerb/defs_kwarg.txt" = 0.04 s
[ 8889/31251] Prism::RipperTest#"test_seattlerb/defs_oneliner.txt" = 0.13 s
[ 8890/31251] Prism::RipperTest#"test_seattlerb/defs_oneliner_eq2.txt" = 0.06 s
[ 8891/31251] Prism::RipperTest#"test_seattlerb/defs_oneliner_rescue.txt" = 0.20 s
[ 8892/31251] Prism::RipperTest#"test_seattlerb/difficult0_.txt" = 0.07 s
[ 8893/31251] Prism::RipperTest#"test_seattlerb/difficult1_line_numbers.txt" = 0.42 s
[ 8894/31251] Prism::RipperTest#"test_seattlerb/difficult1_line_numbers2.txt" = 0.11 s
[ 8895/31251] Prism::RipperTest#"test_seattlerb/difficult2_.txt" = 0.07 s
[ 8896/31251] Prism::RipperTest#"test_seattlerb/difficult3_.txt" = 0.06 s
[ 8897/31251] Prism::RipperTest#"test_seattlerb/difficult3_2.txt" = 0.05 s
[ 8898/31251] Prism::RipperTest#"test_seattlerb/difficult3_3.txt" = 0.05 s
[ 8899/31251] Prism::RipperTest#"test_seattlerb/difficult3_4.txt" = 0.04 s
[ 8900/31251] Prism::RipperTest#"test_seattlerb/difficult3_5.txt" = 0.13 s
[ 8901/31251] Prism::RipperTest#"test_seattlerb/difficult3__10.txt" = 0.06 s
[ 8902/31251] Prism::RipperTest#"test_seattlerb/difficult3__11.txt" = 0.05 s
[ 8903/31251] Prism::RipperTest#"test_seattlerb/difficult3__12.txt" = 0.06 s
[ 8904/31251] Prism::RipperTest#"test_seattlerb/difficult3__6.txt" = 0.06 s
[ 8905/31251] Prism::RipperTest#"test_seattlerb/difficult3__7.txt" = 0.05 s
[ 8906/31251] Prism::RipperTest#"test_seattlerb/difficult3__8.txt" = 0.06 s
[ 8907/31251] Prism::RipperTest#"test_seattlerb/difficult3__9.txt" = 0.05 s
[ 8908/31251] Prism::RipperTest#"test_seattlerb/difficult4__leading_dots.txt" = 0.03 s
[ 8909/31251] Prism::RipperTest#"test_seattlerb/difficult4__leading_dots2.txt" = 0.03 s
[ 8910/31251] Prism::RipperTest#"test_seattlerb/difficult6_.txt" = 0.08 s
[ 8911/31251] Prism::RipperTest#"test_seattlerb/difficult6__7.txt" = 0.06 s
[ 8912/31251] Prism::RipperTest#"test_seattlerb/difficult6__8.txt" = 0.06 s
[ 8913/31251] Prism::RipperTest#"test_seattlerb/difficult7_.txt" = 0.09 s
[ 8914/31251] Prism::RipperTest#"test_seattlerb/do_bug.txt" = 0.07 s
[ 8915/31251] Prism::RipperTest#"test_seattlerb/do_lambda.txt" = 0.03 s
[ 8916/31251] Prism::RipperTest#"test_seattlerb/dot2_nil__26.txt" = 0.10 s
[ 8917/31251] Prism::RipperTest#"test_seattlerb/dot3_nil__26.txt" = 0.03 s
[ 8918/31251] Prism::RipperTest#"test_seattlerb/dstr_evstr.txt" = 0.05 s
[ 8919/31251] Prism::RipperTest#"test_seattlerb/dstr_evstr_empty_end.txt" = 0.04 s
[ 8920/31251] Prism::RipperTest#"test_seattlerb/dstr_lex_state.txt" = 0.05 s
[ 8921/31251] Prism::RipperTest#"test_seattlerb/dstr_str.txt" = 0.04 s
[ 8922/31251] Prism::RipperTest#"test_seattlerb/dsym_esc_to_sym.txt" = 0.02 s
[ 8923/31251] Prism::RipperTest#"test_seattlerb/dsym_to_sym.txt" = 0.05 s
[ 8924/31251] Prism::RipperTest#"test_seattlerb/eq_begin_line_numbers.txt" = 0.04 s
[ 8925/31251] Prism::RipperTest#"test_seattlerb/eq_begin_why_wont_people_use_their_spacebar.txt" = 0
.05 s
[ 8926/31251] Prism::RipperTest#"test_seattlerb/evstr_evstr.txt" = 0.05 s
[ 8927/31251] Prism::RipperTest#"test_seattlerb/evstr_str.txt" = 0.04 s
[ 8928/31251] Prism::RipperTest#"test_seattlerb/expr_not_bang.txt" = 0.04 s
[ 8929/31251] Prism::RipperTest#"test_seattlerb/f_kw.txt" = 0.04 s
[ 8930/31251] Prism::RipperTest#"test_seattlerb/f_kw__required.txt" = 0.04 s
[ 8931/31251] Prism::RipperTest#"test_seattlerb/flip2_env_lvar.txt" = 0.04 s
[ 8932/31251] Prism::RipperTest#"test_seattlerb/float_with_if_modifier.txt" = 0.03 s
[ 8933/31251] Prism::RipperTest#"test_seattlerb/heredoc_bad_hex_escape.txt" = 0.03 s
[ 8934/31251] Prism::RipperTest#"test_seattlerb/heredoc_bad_oct_escape.txt" = 0.03 s
[ 8935/31251] Prism::RipperTest#"test_seattlerb/heredoc_comma_arg.txt" = 0.06 s
[ 8936/31251] Prism::RipperTest#"test_seattlerb/heredoc_lineno.txt" = 0.05 s
[ 8937/31251] Prism::RipperTest#"test_seattlerb/heredoc_squiggly.txt" = 0.06 s
[ 8938/31251] Prism::RipperTest#"test_seattlerb/heredoc_squiggly_blank_lines.txt" = 0.06 s
[ 8939/31251] Prism::RipperTest#"test_seattlerb/heredoc_squiggly_empty.txt" = 0.02 s
[ 8940/31251] Prism::RipperTest#"test_seattlerb/heredoc_squiggly_interp.txt" = 0.08 s
[ 8941/31251] Prism::RipperTest#"test_seattlerb/heredoc_squiggly_no_indent.txt" = 0.03 s
[ 8942/31251] Prism::RipperTest#"test_seattlerb/heredoc_squiggly_tabs.txt" = 0.05 s
[ 8943/31251] Prism::RipperTest#"test_seattlerb/heredoc_squiggly_tabs_extra.txt" = 0.05 s
[ 8944/31251] Prism::RipperTest#"test_seattlerb/heredoc_squiggly_visually_blank_lines.txt" = 0.06 s
[ 8945/31251] Prism::RipperTest#"test_seattlerb/heredoc_trailing_slash_continued_call.txt" = 0.03 s
[ 8946/31251] Prism::RipperTest#"test_seattlerb/heredoc_unicode.txt" = 0.03 s
[ 8947/31251] Prism::RipperTest#"test_seattlerb/heredoc_with_carriage_return_escapes.txt" = 0.03 s
[ 8948/31251] Prism::RipperTest#"test_seattlerb/heredoc_with_carriage_return_escapes_windows.txt" =
0.03 s
[ 8949/31251] Prism::RipperTest#"test_seattlerb/heredoc_with_extra_carriage_horrible_mix.txt" = 0.03
 s
[ 8950/31251] Prism::RipperTest#"test_seattlerb/heredoc_with_extra_carriage_returns.txt" = 0.03 s
[ 8951/31251] Prism::RipperTest#"test_seattlerb/heredoc_with_extra_carriage_returns_windows.txt" = 0
.03 s
[ 8952/31251] Prism::RipperTest#"test_seattlerb/heredoc_with_interpolation_and_carriage_return_escap
es.txt" = 0.04 s
[ 8953/31251] Prism::RipperTest#"test_seattlerb/heredoc_with_interpolation_and_carriage_return_escap
es_windows.txt" = 0.04 s
[ 8954/31251] Prism::RipperTest#"test_seattlerb/heredoc_with_not_global_interpolation.txt" = 0.03 s
[ 8955/31251] Prism::RipperTest#"test_seattlerb/heredoc_with_only_carriage_returns.txt" = 0.03 s
[ 8956/31251] Prism::RipperTest#"test_seattlerb/heredoc_with_only_carriage_returns_windows.txt" = 0.
03 s
[ 8957/31251] Prism::RipperTest#"test_seattlerb/if_elsif.txt" = 0.04 s
[ 8958/31251] Prism::RipperTest#"test_seattlerb/if_symbol.txt" = 0.15 s
[ 8959/31251] Prism::RipperTest#"test_seattlerb/in_expr_no_case.txt" = 0.03 s
[ 8960/31251] Prism::RipperTest#"test_seattlerb/index_0.txt" = 0.03 s
[ 8961/31251] Prism::RipperTest#"test_seattlerb/index_0_opasgn.txt" = 0.04 s
[ 8962/31251] Prism::RipperTest#"test_seattlerb/integer_with_if_modifier.txt" = 0.03 s
[ 8963/31251] Prism::RipperTest#"test_seattlerb/interpolated_symbol_array_line_breaks.txt" = 0.05 s
[ 8964/31251] Prism::RipperTest#"test_seattlerb/interpolated_word_array_line_breaks.txt" = 0.05 s
[ 8965/31251] Prism::RipperTest#"test_seattlerb/iter_args_1.txt" = 0.04 s
[ 8966/31251] Prism::RipperTest#"test_seattlerb/iter_args_10_1.txt" = 0.06 s
[ 8967/31251] Prism::RipperTest#"test_seattlerb/iter_args_10_2.txt" = 0.06 s
[ 8968/31251] Prism::RipperTest#"test_seattlerb/iter_args_11_1.txt" = 0.06 s
[ 8969/31251] Prism::RipperTest#"test_seattlerb/iter_args_11_2.txt" = 0.07 s
[ 8970/31251] Prism::RipperTest#"test_seattlerb/iter_args_2__19.txt" = 0.05 s
[ 8971/31251] Prism::RipperTest#"test_seattlerb/iter_args_3.txt" = 0.06 s
[ 8972/31251] Prism::RipperTest#"test_seattlerb/iter_args_4.txt" = 0.05 s
[ 8973/31251] Prism::RipperTest#"test_seattlerb/iter_args_5.txt" = 0.05 s
[ 8974/31251] Prism::RipperTest#"test_seattlerb/iter_args_6.txt" = 0.05 s
[ 8975/31251] Prism::RipperTest#"test_seattlerb/iter_args_7_1.txt" = 0.05 s
[ 8976/31251] Prism::RipperTest#"test_seattlerb/iter_args_7_2.txt" = 0.06 s
[ 8977/31251] Prism::RipperTest#"test_seattlerb/iter_args_8_1.txt" = 0.05 s
[ 8978/31251] Prism::RipperTest#"test_seattlerb/iter_args_8_2.txt" = 0.06 s
[ 8979/31251] Prism::RipperTest#"test_seattlerb/iter_args_9_1.txt" = 0.05 s
[ 8980/31251] Prism::RipperTest#"test_seattlerb/iter_args_9_2.txt" = 0.06 s
[ 8981/31251] Prism::RipperTest#"test_seattlerb/iter_kwarg.txt" = 0.05 s
[ 8982/31251] Prism::RipperTest#"test_seattlerb/iter_kwarg_kwsplat.txt" = 0.05 s
[ 8983/31251] Prism::RipperTest#"test_seattlerb/label_vs_string.txt" = 0.03 s
[ 8984/31251] Prism::RipperTest#"test_seattlerb/lambda_do_vs_brace.txt" = 0.14 s
[ 8985/31251] Prism::RipperTest#"test_seattlerb/lasgn_arg_rescue_arg.txt" = 0.10 s
[ 8986/31251] Prism::RipperTest#"test_seattlerb/lasgn_call_bracket_rescue_arg.txt" = 0.05 s
[ 8987/31251] Prism::RipperTest#"test_seattlerb/lasgn_call_nobracket_rescue_arg.txt" = 0.04 s
[ 8988/31251] Prism::RipperTest#"test_seattlerb/lasgn_command.txt" = 0.05 s
[ 8989/31251] Prism::RipperTest#"test_seattlerb/lasgn_env.txt" = 0.03 s
[ 8990/31251] Prism::RipperTest#"test_seattlerb/lasgn_ivar_env.txt" = 0.02 s
[ 8991/31251] Prism::RipperTest#"test_seattlerb/lasgn_lasgn_command_call.txt" = 0.05 s
[ 8992/31251] Prism::RipperTest#"test_seattlerb/lasgn_middle_splat.txt" = 0.05 s
[ 8993/31251] Prism::RipperTest#"test_seattlerb/magic_encoding_comment.txt" = 0.08 s
[ 8994/31251] Prism::RipperTest#"test_seattlerb/masgn_anon_splat_arg.txt" = 0.11 s
[ 8995/31251] Prism::RipperTest#"test_seattlerb/masgn_arg_colon_arg.txt" = 0.05 s
[ 8996/31251] Prism::RipperTest#"test_seattlerb/masgn_arg_ident.txt" = 0.05 s
[ 8997/31251] Prism::RipperTest#"test_seattlerb/masgn_arg_splat_arg.txt" = 0.05 s
[ 8998/31251] Prism::RipperTest#"test_seattlerb/masgn_colon2.txt" = 0.05 s
[ 8999/31251] Prism::RipperTest#"test_seattlerb/masgn_colon3.txt" = 0.04 s
[ 9000/31251] Prism::RipperTest#"test_seattlerb/masgn_command_call.txt" = 0.05 s
[ 9001/31251] Prism::RipperTest#"test_seattlerb/masgn_double_paren.txt" = 0.05 s
[ 9002/31251] Prism::RipperTest#"test_seattlerb/masgn_lhs_splat.txt" = 0.05 s
[ 9003/31251] Prism::RipperTest#"test_seattlerb/masgn_paren.txt" = 0.05 s
[ 9004/31251] Prism::RipperTest#"test_seattlerb/masgn_splat_arg.txt" = 0.11 s
[ 9005/31251] Prism::RipperTest#"test_seattlerb/masgn_splat_arg_arg.txt" = 0.05 s
[ 9006/31251] Prism::RipperTest#"test_seattlerb/masgn_star.txt" = 0.03 s
[ 9007/31251] Prism::RipperTest#"test_seattlerb/masgn_var_star_var.txt" = 0.04 s
[ 9008/31251] Prism::RipperTest#"test_seattlerb/messy_op_asgn_lineno.txt" = 0.08 s
[ 9009/31251] Prism::RipperTest#"test_seattlerb/method_call_assoc_trailing_comma.txt" = 0.05 s
[ 9010/31251] Prism::RipperTest#"test_seattlerb/method_call_trailing_comma.txt" = 0.04 s
[ 9011/31251] Prism::RipperTest#"test_seattlerb/mlhs_back_anonsplat.txt" = 0.05 s
[ 9012/31251] Prism::RipperTest#"test_seattlerb/mlhs_back_splat.txt" = 0.05 s
[ 9013/31251] Prism::RipperTest#"test_seattlerb/mlhs_front_anonsplat.txt" = 0.05 s
[ 9014/31251] Prism::RipperTest#"test_seattlerb/mlhs_front_splat.txt" = 0.06 s
[ 9015/31251] Prism::RipperTest#"test_seattlerb/mlhs_keyword.txt" = 0.05 s
[ 9016/31251] Prism::RipperTest#"test_seattlerb/mlhs_mid_anonsplat.txt" = 0.07 s
[ 9017/31251] Prism::RipperTest#"test_seattlerb/mlhs_mid_splat.txt" = 0.07 s
[ 9018/31251] Prism::RipperTest#"test_seattlerb/mlhs_rescue.txt" = 0.04 s
[ 9019/31251] Prism::RipperTest#"test_seattlerb/module_comments.txt" = 0.06 s
[ 9020/31251] Prism::RipperTest#"test_seattlerb/multiline_hash_declaration.txt" = 0.17 s
[ 9021/31251] Prism::RipperTest#"test_seattlerb/non_interpolated_symbol_array_line_breaks.txt" = 0.0
5 s
[ 9022/31251] Prism::RipperTest#"test_seattlerb/non_interpolated_word_array_line_breaks.txt" = 0.04
s
[ 9023/31251] Prism::RipperTest#"test_seattlerb/op_asgn_command_call.txt" = 0.05 s
[ 9024/31251] Prism::RipperTest#"test_seattlerb/op_asgn_dot_ident_command_call.txt" = 0.05 s
[ 9025/31251] Prism::RipperTest#"test_seattlerb/op_asgn_index_command_call.txt" = 0.06 s
[ 9026/31251] Prism::RipperTest#"test_seattlerb/op_asgn_primary_colon_const_command_call.txt" = 0.06
 s
[ 9027/31251] Prism::RipperTest#"test_seattlerb/op_asgn_primary_colon_identifier1.txt" = 0.04 s
[ 9028/31251] Prism::RipperTest#"test_seattlerb/op_asgn_primary_colon_identifier_command_call.txt" =
 0.07 s
[ 9029/31251] Prism::RipperTest#"test_seattlerb/op_asgn_val_dot_ident_command_call.txt" = 0.05 s
[ 9030/31251] Prism::RipperTest#"test_seattlerb/parse_def_special_name.txt" = 0.03 s
[ 9031/31251] Prism::RipperTest#"test_seattlerb/parse_if_not_canonical.txt" = 0.06 s
[ 9032/31251] Prism::RipperTest#"test_seattlerb/parse_if_not_noncanonical.txt" = 0.06 s
[ 9033/31251] Prism::RipperTest#"test_seattlerb/parse_line_block.txt" = 0.04 s
[ 9034/31251] Prism::RipperTest#"test_seattlerb/parse_line_block_inline_comment.txt" = 0.04 s
[ 9035/31251] Prism::RipperTest#"test_seattlerb/parse_line_block_inline_comment_leading_newlines.txt
" = 0.04 s
[ 9036/31251] Prism::RipperTest#"test_seattlerb/parse_line_block_inline_multiline_comment.txt" = 0.0
4 s
[ 9037/31251] Prism::RipperTest#"test_seattlerb/parse_line_call_ivar_arg_no_parens_line_break.txt" =
 0.03 s
[ 9038/31251] Prism::RipperTest#"test_seattlerb/parse_line_call_ivar_line_break_paren.txt" = 0.04 s
[ 9039/31251] Prism::RipperTest#"test_seattlerb/parse_line_call_no_args.txt" = 0.06 s
[ 9040/31251] Prism::RipperTest#"test_seattlerb/parse_line_defn_complex.txt" = 0.09 s
[ 9041/31251] Prism::RipperTest#"test_seattlerb/parse_line_defn_no_parens.txt" = 0.05 s
[ 9042/31251] Prism::RipperTest#"test_seattlerb/parse_line_defn_no_parens_args.txt" = 0.04 s
[ 9043/31251] Prism::RipperTest#"test_seattlerb/parse_line_dot2.txt" = 0.05 s
[ 9044/31251] Prism::RipperTest#"test_seattlerb/parse_line_dot2_open.txt" = 0.04 s
[ 9045/31251] Prism::RipperTest#"test_seattlerb/parse_line_dot3.txt" = 0.05 s
[ 9046/31251] Prism::RipperTest#"test_seattlerb/parse_line_dot3_open.txt" = 0.05 s
[ 9047/31251] Prism::RipperTest#"test_seattlerb/parse_line_dstr_escaped_newline.txt" = 0.04 s
[ 9048/31251] Prism::RipperTest#"test_seattlerb/parse_line_dstr_soft_newline.txt" = 0.04 s
[ 9049/31251] Prism::RipperTest#"test_seattlerb/parse_line_evstr_after_break.txt" = 0.05 s
[ 9050/31251] Prism::RipperTest#"test_seattlerb/parse_line_hash_lit.txt" = 0.03 s
[ 9051/31251] Prism::RipperTest#"test_seattlerb/parse_line_heredoc.txt" = 0.06 s
[ 9052/31251] Prism::RipperTest#"test_seattlerb/parse_line_heredoc_evstr.txt" = 0.05 s
[ 9053/31251] Prism::RipperTest#"test_seattlerb/parse_line_heredoc_hardnewline.txt" = 0.04 s
[ 9054/31251] Prism::RipperTest#"test_seattlerb/parse_line_heredoc_regexp_chars.txt" = 0.05 s
[ 9055/31251] Prism::RipperTest#"test_seattlerb/parse_line_iter_call_no_parens.txt" = 0.07 s
[ 9056/31251] Prism::RipperTest#"test_seattlerb/parse_line_iter_call_parens.txt" = 0.07 s
[ 9057/31251] Prism::RipperTest#"test_seattlerb/parse_line_multiline_str.txt" = 0.03 s
[ 9058/31251] Prism::RipperTest#"test_seattlerb/parse_line_multiline_str_literal_n.txt" = 0.03 s
[ 9059/31251] Prism::RipperTest#"test_seattlerb/parse_line_newlines.txt" = 0.02 s
[ 9060/31251] Prism::RipperTest#"test_seattlerb/parse_line_op_asgn.txt" = 0.04 s
[ 9061/31251] Prism::RipperTest#"test_seattlerb/parse_line_postexe.txt" = 0.03 s
[ 9062/31251] Prism::RipperTest#"test_seattlerb/parse_line_preexe.txt" = 0.03 s
[ 9063/31251] Prism::RipperTest#"test_seattlerb/parse_line_rescue.txt" = 0.06 s
[ 9064/31251] Prism::RipperTest#"test_seattlerb/parse_line_return.txt" = 0.06 s
[ 9065/31251] Prism::RipperTest#"test_seattlerb/parse_line_str_with_newline_escape.txt" = 0.04 s
[ 9066/31251] Prism::RipperTest#"test_seattlerb/parse_line_to_ary.txt" = 0.05 s
[ 9067/31251] Prism::RipperTest#"test_seattlerb/parse_line_trailing_newlines.txt" = 0.03 s
[ 9068/31251] Prism::RipperTest#"test_seattlerb/parse_opt_call_args_assocs_comma.txt" = 0.04 s
[ 9069/31251] Prism::RipperTest#"test_seattlerb/parse_opt_call_args_lit_comma.txt" = 0.03 s
[ 9070/31251] Prism::RipperTest#"test_seattlerb/parse_pattern_019.txt" = 0.05 s
[ 9071/31251] Prism::RipperTest#"test_seattlerb/parse_pattern_044.txt" = 0.04 s
[ 9072/31251] Prism::RipperTest#"test_seattlerb/parse_pattern_051.txt" = 0.07 s
[ 9073/31251] Prism::RipperTest#"test_seattlerb/parse_pattern_058_2.txt" = 0.07 s
[ 9074/31251] Prism::RipperTest#"test_seattlerb/parse_pattern_069.txt" = 0.05 s
[ 9075/31251] Prism::RipperTest#"test_seattlerb/parse_pattern_076.txt" = 0.06 s
[ 9076/31251] Prism::RipperTest#"test_seattlerb/parse_until_not_canonical.txt" = 0.05 s
[ 9077/31251] Prism::RipperTest#"test_seattlerb/parse_until_not_noncanonical.txt" = 0.05 s
[ 9078/31251] Prism::RipperTest#"test_seattlerb/parse_while_not_canonical.txt" = 0.05 s
[ 9079/31251] Prism::RipperTest#"test_seattlerb/parse_while_not_noncanonical.txt" = 0.05 s
[ 9080/31251] Prism::RipperTest#"test_seattlerb/pctW_lineno.txt" = 0.07 s
[ 9081/31251] Prism::RipperTest#"test_seattlerb/pct_Q_backslash_nl.txt" = 0.02 s
[ 9082/31251] Prism::RipperTest#"test_seattlerb/pct_nl.txt" = 0.03 s
[ 9083/31251] Prism::RipperTest#"test_seattlerb/pct_w_heredoc_interp_nested.txt" = 0.08 s
[ 9084/31251] Prism::RipperTest#"test_seattlerb/pipe_semicolon.txt" = 0.05 s
[ 9085/31251] Prism::RipperTest#"test_seattlerb/pipe_space.txt" = 0.04 s
[ 9086/31251] Prism::RipperTest#"test_seattlerb/qWords_space.txt" = 0.02 s
[ 9087/31251] Prism::RipperTest#"test_seattlerb/qsymbols.txt" = 0.04 s
[ 9088/31251] Prism::RipperTest#"test_seattlerb/qsymbols_empty.txt" = 0.02 s
[ 9089/31251] Prism::RipperTest#"test_seattlerb/qsymbols_empty_space.txt" = 0.02 s
[ 9090/31251] Prism::RipperTest#"test_seattlerb/qsymbols_interp.txt" = 0.06 s
[ 9091/31251] Prism::RipperTest#"test_seattlerb/quoted_symbol_hash_arg.txt" = 0.04 s
[ 9092/31251] Prism::RipperTest#"test_seattlerb/quoted_symbol_keys.txt" = 0.04 s
[ 9093/31251] Prism::RipperTest#"test_seattlerb/qw_escape.txt" = 0.02 s
[ 9094/31251] Prism::RipperTest#"test_seattlerb/qw_escape_term.txt" = 0.02 s
[ 9095/31251] Prism::RipperTest#"test_seattlerb/qwords_empty.txt" = 0.02 s
[ 9096/31251] Prism::RipperTest#"test_seattlerb/read_escape_unicode_curlies.txt" = 0.02 s
[ 9097/31251] Prism::RipperTest#"test_seattlerb/read_escape_unicode_h4.txt" = 0.02 s
[ 9098/31251] Prism::RipperTest#"test_seattlerb/regexp.txt" = 0.08 s
[ 9099/31251] Prism::RipperTest#"test_seattlerb/regexp_esc_C_slash.txt" = 0.03 s
[ 9100/31251] Prism::RipperTest#"test_seattlerb/regexp_esc_u.txt" = 0.03 s
[ 9101/31251] Prism::RipperTest#"test_seattlerb/regexp_escape_extended.txt" = 0.03 s
[ 9102/31251] Prism::RipperTest#"test_seattlerb/regexp_unicode_curlies.txt" = 0.04 s
[ 9103/31251] Prism::RipperTest#"test_seattlerb/required_kwarg_no_value.txt" = 0.04 s
[ 9104/31251] Prism::RipperTest#"test_seattlerb/rescue_do_end_ensure_result.txt" = 0.07 s
[ 9105/31251] Prism::RipperTest#"test_seattlerb/rescue_do_end_no_raise.txt" = 0.08 s
[ 9106/31251] Prism::RipperTest#"test_seattlerb/rescue_do_end_raised.txt" = 0.06 s
[ 9107/31251] Prism::RipperTest#"test_seattlerb/rescue_do_end_rescued.txt" = 0.08 s
[ 9108/31251] Prism::RipperTest#"test_seattlerb/rescue_in_block.txt" = 0.05 s
[ 9109/31251] Prism::RipperTest#"test_seattlerb/rescue_parens.txt" = 0.05 s
[ 9110/31251] Prism::RipperTest#"test_seattlerb/return_call_assocs.txt" = 0.27 s
[ 9111/31251] Prism::RipperTest#"test_seattlerb/rhs_asgn.txt" = 0.03 s
[ 9112/31251] Prism::RipperTest#"test_seattlerb/ruby21_numbers.txt" = 0.04 s
[ 9113/31251] Prism::RipperTest#"test_seattlerb/safe_attrasgn.txt" = 0.04 s
[ 9114/31251] Prism::RipperTest#"test_seattlerb/safe_attrasgn_constant.txt" = 0.04 s
[ 9115/31251] Prism::RipperTest#"test_seattlerb/safe_call.txt" = 0.03 s
[ 9116/31251] Prism::RipperTest#"test_seattlerb/safe_call_after_newline.txt" = 0.03 s
[ 9117/31251] Prism::RipperTest#"test_seattlerb/safe_call_dot_parens.txt" = 0.03 s
[ 9118/31251] Prism::RipperTest#"test_seattlerb/safe_call_newline.txt" = 0.03 s
[ 9119/31251] Prism::RipperTest#"test_seattlerb/safe_call_operator.txt" = 0.04 s
[ 9120/31251] Prism::RipperTest#"test_seattlerb/safe_call_rhs_newline.txt" = 0.04 s
[ 9121/31251] Prism::RipperTest#"test_seattlerb/safe_calls.txt" = 0.06 s
[ 9122/31251] Prism::RipperTest#"test_seattlerb/safe_op_asgn.txt" = 0.05 s
[ 9123/31251] Prism::RipperTest#"test_seattlerb/safe_op_asgn2.txt" = 0.04 s
[ 9124/31251] Prism::RipperTest#"test_seattlerb/slashy_newlines_within_string.txt" = 0.06 s
[ 9125/31251] Prism::RipperTest#"test_seattlerb/stabby_arg_no_paren.txt" = 0.03 s
[ 9126/31251] Prism::RipperTest#"test_seattlerb/stabby_arg_opt_splat_arg_block_omfg.txt" = 0.06 s
[ 9127/31251] Prism::RipperTest#"test_seattlerb/stabby_block_iter_call.txt" = 0.07 s
[ 9128/31251] Prism::RipperTest#"test_seattlerb/stabby_block_iter_call_no_target_with_arg.txt" = 0.0
8 s
[ 9129/31251] Prism::RipperTest#"test_seattlerb/stabby_block_kw.txt" = 0.04 s
[ 9130/31251] Prism::RipperTest#"test_seattlerb/stabby_block_kw__required.txt" = 0.03 s
[ 9131/31251] Prism::RipperTest#"test_seattlerb/stabby_proc_scope.txt" = 0.04 s
[ 9132/31251] Prism::RipperTest#"test_seattlerb/str_backslashes.txt" = 0.04 s
[ 9133/31251] Prism::RipperTest#"test_seattlerb/str_double_double_escaped_newline.txt" = 0.04 s
[ 9134/31251] Prism::RipperTest#"test_seattlerb/str_double_escaped_newline.txt" = 0.04 s
[ 9135/31251] Prism::RipperTest#"test_seattlerb/str_double_newline.txt" = 0.04 s
[ 9136/31251] Prism::RipperTest#"test_seattlerb/str_evstr.txt" = 0.04 s
[ 9137/31251] Prism::RipperTest#"test_seattlerb/str_evstr_escape.txt" = 0.05 s
[ 9138/31251] Prism::RipperTest#"test_seattlerb/str_heredoc_interp.txt" = 0.04 s
[ 9139/31251] Prism::RipperTest#"test_seattlerb/str_interp_ternary_or_label.txt" = 0.08 s
[ 9140/31251] Prism::RipperTest#"test_seattlerb/str_lit_concat_bad_encodings.txt" = 0.04 s
[ 9141/31251] Prism::RipperTest#"test_seattlerb/str_newline_hash_line_number.txt" = 0.03 s
[ 9142/31251] Prism::RipperTest#"test_seattlerb/str_pct_Q_nested.txt" = 0.05 s
[ 9143/31251] Prism::RipperTest#"test_seattlerb/str_pct_nested_nested.txt" = 0.46 s
[ 9144/31251] Prism::RipperTest#"test_seattlerb/str_pct_q.txt" = 0.03 s
[ 9145/31251] Prism::RipperTest#"test_seattlerb/str_single_double_escaped_newline.txt" = 0.04 s
[ 9146/31251] Prism::RipperTest#"test_seattlerb/str_single_escaped_newline.txt" = 0.04 s
[ 9147/31251] Prism::RipperTest#"test_seattlerb/str_single_newline.txt" = 0.04 s
[ 9148/31251] Prism::RipperTest#"test_seattlerb/str_str.txt" = 0.04 s
[ 9149/31251] Prism::RipperTest#"test_seattlerb/str_str_str.txt" = 0.05 s
[ 9150/31251] Prism::RipperTest#"test_seattlerb/super_arg.txt" = 0.03 s
[ 9151/31251] Prism::RipperTest#"test_seattlerb/symbol_empty.txt" = 0.02 s
[ 9152/31251] Prism::RipperTest#"test_seattlerb/symbol_list.txt" = 0.15 s
[ 9153/31251] Prism::RipperTest#"test_seattlerb/symbols.txt" = 0.04 s
[ 9154/31251] Prism::RipperTest#"test_seattlerb/symbols_empty.txt" = 0.02 s
[ 9155/31251] Prism::RipperTest#"test_seattlerb/symbols_empty_space.txt" = 0.02 s
[ 9156/31251] Prism::RipperTest#"test_seattlerb/symbols_interp.txt" = 0.04 s
[ 9157/31251] Prism::RipperTest#"test_seattlerb/thingy.txt" = 0.07 s
[ 9158/31251] Prism::RipperTest#"test_seattlerb/uminus_float.txt" = 0.02 s
[ 9159/31251] Prism::RipperTest#"test_seattlerb/unary_minus.txt" = 0.03 s
[ 9160/31251] Prism::RipperTest#"test_seattlerb/unary_plus.txt" = 0.03 s
[ 9161/31251] Prism::RipperTest#"test_seattlerb/unary_plus_on_literal.txt" = 0.03 s
[ 9162/31251] Prism::RipperTest#"test_seattlerb/unary_tilde.txt" = 0.14 s
[ 9163/31251] Prism::RipperTest#"test_seattlerb/utf8_bom.txt" = 0.04 s
[ 9164/31251] Prism::RipperTest#"test_seattlerb/when_splat.txt" = 0.04 s
[ 9165/31251] Prism::RipperTest#"test_seattlerb/words_interp.txt" = 0.04 s
[ 9166/31251] Prism::RipperTest#"test_single_method_call_with_bang.txt" = 0.02 s
[ 9167/31251] Prism::RipperTest#"test_single_quote_heredocs.txt" = 0.03 s
[ 9168/31251] Prism::RipperTest#"test_spanning_heredoc_newlines.txt" = 0.11 s
[ 9169/31251] Prism::RipperTest#"test_strings.txt" = 1.12 s
[ 9170/31251] Prism::RipperTest#"test_super.txt" = 0.22 s
[ 9171/31251] Prism::RipperTest#"test_symbols.txt" = 0.92 s
[ 9172/31251] Prism::RipperTest#"test_ternary_operator.txt" = 0.21 s
[ 9173/31251] Prism::RipperTest#"test_undef.txt" = 0.15 s
[ 9174/31251] Prism::RipperTest#"test_unescaping.txt" = 0.09 s
[ 9175/31251] Prism::RipperTest#"test_unless.txt" = 0.19 s
[ 9176/31251] Prism::RipperTest#"test_unparser/corpus/literal/alias.txt" = 0.04 s
[ 9177/31251] Prism::RipperTest#"test_unparser/corpus/literal/assignment.txt" = 1.72 s
[ 9178/31251] Prism::RipperTest#"test_unparser/corpus/literal/block.txt" = 1.74 s
[ 9179/31251] Prism::RipperTest#"test_unparser/corpus/literal/case.txt" = 0.41 s
[ 9180/31251] Prism::RipperTest#"test_unparser/corpus/literal/class.txt" = 0.29 s
[ 9181/31251] Prism::RipperTest#"test_unparser/corpus/literal/def.txt" = 1.45 s
[ 9182/31251] Prism::RipperTest#"test_unparser/corpus/literal/defined.txt" = 0.09 s
[ 9183/31251] Prism::RipperTest#"test_unparser/corpus/literal/defs.txt" = 0.52 s
[ 9184/31251] Prism::RipperTest#"test_unparser/corpus/literal/dstr.txt" = 0.51 s
[ 9185/31251] Prism::RipperTest#"test_unparser/corpus/literal/empty.txt" = 0.02 s
[ 9186/31251] Prism::RipperTest#"test_unparser/corpus/literal/empty_begin.txt" = 0.02 s
[ 9187/31251] Prism::RipperTest#"test_unparser/corpus/literal/flipflop.txt" = 0.26 s
[ 9188/31251] Prism::RipperTest#"test_unparser/corpus/literal/for.txt" = 0.16 s
[ 9189/31251] Prism::RipperTest#"test_unparser/corpus/literal/hookexe.txt" = 0.05 s
[ 9190/31251] Prism::RipperTest#"test_unparser/corpus/literal/if.txt" = 0.34 s
[ 9191/31251] Prism::RipperTest#"test_unparser/corpus/literal/kwbegin.txt" = 0.71 s
[ 9192/31251] Prism::RipperTest#"test_unparser/corpus/literal/lambda.txt" = 0.18 s
[ 9193/31251] Prism::RipperTest#"test_unparser/corpus/literal/literal.txt" = 2.15 s
[ 9194/31251] Prism::RipperTest#"test_unparser/corpus/literal/module.txt" = 0.15 s
[ 9195/31251] Prism::RipperTest#"test_unparser/corpus/literal/opasgn.txt" = 0.74 s
[ 9196/31251] Prism::RipperTest#"test_unparser/corpus/literal/pattern.txt" = 0.48 s
[ 9197/31251] Prism::RipperTest#"test_unparser/corpus/literal/pragma.txt" = 0.04 s
[ 9198/31251] Prism::RipperTest#"test_unparser/corpus/literal/range.txt" = 0.06 s
[ 9199/31251] Prism::RipperTest#"test_unparser/corpus/literal/rescue.txt" = 0.09 s
[ 9200/31251] Prism::RipperTest#"test_unparser/corpus/literal/send.txt" = 2.54 s
[ 9201/31251] Prism::RipperTest#"test_unparser/corpus/literal/since/27.txt" = 0.06 s
[ 9202/31251] Prism::RipperTest#"test_unparser/corpus/literal/since/30.txt" = 0.09 s
[ 9203/31251] Prism::RipperTest#"test_unparser/corpus/literal/since/31.txt" = 0.10 s
[ 9204/31251] Prism::RipperTest#"test_unparser/corpus/literal/since/32.txt" = 0.17 s
[ 9205/31251] Prism::RipperTest#"test_unparser/corpus/literal/singletons.txt" = 0.04 s
[ 9206/31251] Prism::RipperTest#"test_unparser/corpus/literal/super.txt" = 0.37 s
[ 9207/31251] Prism::RipperTest#"test_unparser/corpus/literal/unary.txt" = 0.20 s
[ 9208/31251] Prism::RipperTest#"test_unparser/corpus/literal/undef.txt" = 0.04 s
[ 9209/31251] Prism::RipperTest#"test_unparser/corpus/literal/variables.txt" = 0.09 s
[ 9210/31251] Prism::RipperTest#"test_unparser/corpus/literal/while.txt" = 0.84 s
[ 9211/31251] Prism::RipperTest#"test_unparser/corpus/semantic/and.txt" = 0.17 s
[ 9212/31251] Prism::RipperTest#"test_unparser/corpus/semantic/block.txt" = 0.25 s
[ 9213/31251] Prism::RipperTest#"test_unparser/corpus/semantic/def.txt" = 0.09 s
[ 9214/31251] Prism::RipperTest#"test_unparser/corpus/semantic/kwbegin.txt" = 0.27 s
[ 9215/31251] Prism::RipperTest#"test_unparser/corpus/semantic/literal.txt" = 0.20 s
[ 9216/31251] Prism::RipperTest#"test_unparser/corpus/semantic/opasgn.txt" = 0.08 s
[ 9217/31251] Prism::RipperTest#"test_unparser/corpus/semantic/send.txt" = 0.14 s
[ 9218/31251] Prism::RipperTest#"test_unparser/corpus/semantic/undef.txt" = 0.04 s
[ 9219/31251] Prism::RipperTest#"test_unparser/corpus/semantic/while.txt" = 0.29 s
[ 9220/31251] Prism::RipperTest#"test_until.txt" = 0.19 s
[ 9221/31251] Prism::RipperTest#"test_variables.txt" = 0.65 s
[ 9222/31251] Prism::RipperTest#"test_while.txt" = 0.57 s
[ 9223/31251] Prism::RipperTest#"test_whitequark/__ENCODING__.txt" = 0.02 s
[ 9224/31251] Prism::RipperTest#"test_whitequark/__ENCODING___legacy_.txt" = 0.02 s
[ 9225/31251] Prism::RipperTest#"test_whitequark/alias.txt" = 0.03 s
[ 9226/31251] Prism::RipperTest#"test_whitequark/alias_gvar.txt" = 0.04 s
[ 9227/31251] Prism::RipperTest#"test_whitequark/ambiuous_quoted_label_in_ternary_operator.txt" = 0.
04 s
[ 9228/31251] Prism::RipperTest#"test_whitequark/and.txt" = 0.04 s
[ 9229/31251] Prism::RipperTest#"test_whitequark/and_asgn.txt" = 0.07 s
[ 9230/31251] Prism::RipperTest#"test_whitequark/and_or_masgn.txt" = 0.09 s
[ 9231/31251] Prism::RipperTest#"test_whitequark/anonymous_blockarg.txt" = 0.05 s
[ 9232/31251] Prism::RipperTest#"test_whitequark/arg.txt" = 0.07 s
[ 9233/31251] Prism::RipperTest#"test_whitequark/arg_duplicate_ignored.txt" = 0.07 s
[ 9234/31251] Prism::RipperTest#"test_whitequark/arg_label.txt" = 0.14 s
[ 9235/31251] Prism::RipperTest#"test_whitequark/arg_scope.txt" = 0.04 s
[ 9236/31251] Prism::RipperTest#"test_whitequark/args.txt" = 1.33 s
[ 9237/31251] Prism::RipperTest#"test_whitequark/args_args_assocs.txt" = 0.10 s
[ 9238/31251] Prism::RipperTest#"test_whitequark/args_args_assocs_comma.txt" = 0.05 s
[ 9239/31251] Prism::RipperTest#"test_whitequark/args_args_comma.txt" = 0.04 s
[ 9240/31251] Prism::RipperTest#"test_whitequark/args_args_star.txt" = 0.08 s
[ 9241/31251] Prism::RipperTest#"test_whitequark/args_assocs_comma.txt" = 0.04 s
[ 9242/31251] Prism::RipperTest#"test_whitequark/args_block_pass.txt" = 0.03 s
[ 9243/31251] Prism::RipperTest#"test_whitequark/args_cmd.txt" = 0.05 s
[ 9244/31251] Prism::RipperTest#"test_whitequark/args_star.txt" = 0.07 s
[ 9245/31251] Prism::RipperTest#"test_whitequark/array_assocs.txt" = 0.07 s
[ 9246/31251] Prism::RipperTest#"test_whitequark/array_plain.txt" = 0.03 s
[ 9247/31251] Prism::RipperTest#"test_whitequark/array_splat.txt" = 0.09 s
[ 9248/31251] Prism::RipperTest#"test_whitequark/array_symbols.txt" = 0.03 s
[ 9249/31251] Prism::RipperTest#"test_whitequark/array_symbols_empty.txt" = 0.03 s
[ 9250/31251] Prism::RipperTest#"test_whitequark/array_symbols_interp.txt" = 0.08 s
[ 9251/31251] Prism::RipperTest#"test_whitequark/array_words.txt" = 0.03 s
[ 9252/31251] Prism::RipperTest#"test_whitequark/array_words_empty.txt" = 0.03 s
[ 9253/31251] Prism::RipperTest#"test_whitequark/array_words_interp.txt" = 0.10 s
[ 9254/31251] Prism::RipperTest#"test_whitequark/asgn_cmd.txt" = 0.07 s
[ 9255/31251] Prism::RipperTest#"test_whitequark/asgn_mrhs.txt" = 0.08 s
[ 9256/31251] Prism::RipperTest#"test_whitequark/back_ref.txt" = 0.02 s
[ 9257/31251] Prism::RipperTest#"test_whitequark/bang.txt" = 0.02 s
[ 9258/31251] Prism::RipperTest#"test_whitequark/bang_cmd.txt" = 0.04 s
[ 9259/31251] Prism::RipperTest#"test_whitequark/begin_cmdarg.txt" = 0.06 s
[ 9260/31251] Prism::RipperTest#"test_whitequark/beginless_erange_after_newline.txt" = 0.03 s
[ 9261/31251] Prism::RipperTest#"test_whitequark/beginless_irange_after_newline.txt" = 0.03 s
[ 9262/31251] Prism::RipperTest#"test_whitequark/beginless_range.txt" = 0.03 s
[ 9263/31251] Prism::RipperTest#"test_whitequark/blockarg.txt" = 0.04 s
[ 9264/31251] Prism::RipperTest#"test_whitequark/blockargs.txt" = 1.68 s
[ 9265/31251] Prism::RipperTest#"test_whitequark/bug_435.txt" = 0.05 s
[ 9266/31251] Prism::RipperTest#"test_whitequark/bug_447.txt" = 0.08 s
[ 9267/31251] Prism::RipperTest#"test_whitequark/bug_452.txt" = 0.08 s
[ 9268/31251] Prism::RipperTest#"test_whitequark/bug_466.txt" = 0.08 s
[ 9269/31251] Prism::RipperTest#"test_whitequark/bug_473.txt" = 0.05 s
[ 9270/31251] Prism::RipperTest#"test_whitequark/bug_480.txt" = 0.06 s
[ 9271/31251] Prism::RipperTest#"test_whitequark/bug_481.txt" = 0.07 s
[ 9272/31251] Prism::RipperTest#"test_whitequark/bug_ascii_8bit_in_literal.txt" = 0.03 s
[ 9273/31251] Prism::RipperTest#"test_whitequark/bug_cmd_string_lookahead.txt" = 0.05 s
[ 9274/31251] Prism::RipperTest#"test_whitequark/bug_cmdarg.txt" = 0.12 s
[ 9275/31251] Prism::RipperTest#"test_whitequark/bug_def_no_paren_eql_begin.txt" = 0.04 s
[ 9276/31251] Prism::RipperTest#"test_whitequark/bug_do_block_in_call_args.txt" = 0.39 s
[ 9277/31251] Prism::RipperTest#"test_whitequark/bug_do_block_in_cmdarg.txt" = 0.05 s
[ 9278/31251] Prism::RipperTest#"test_whitequark/bug_do_block_in_hash_brace.txt" = 0.47 s
[ 9279/31251] Prism::RipperTest#"test_whitequark/bug_heredoc_do.txt" = 0.04 s
[ 9280/31251] Prism::RipperTest#"test_whitequark/bug_interp_single.txt" = 0.16 s
[ 9281/31251] Prism::RipperTest#"test_whitequark/bug_lambda_leakage.txt" = 0.04 s
[ 9282/31251] Prism::RipperTest#"test_whitequark/bug_regex_verification.txt" = 0.03 s
[ 9283/31251] Prism::RipperTest#"test_whitequark/bug_rescue_empty_else.txt" = 0.04 s
[ 9284/31251] Prism::RipperTest#"test_whitequark/bug_while_not_parens_do.txt" = 0.03 s
[ 9285/31251] Prism::RipperTest#"test_whitequark/case_cond.txt" = 0.04 s
[ 9286/31251] Prism::RipperTest#"test_whitequark/case_cond_else.txt" = 0.05 s
[ 9287/31251] Prism::RipperTest#"test_whitequark/case_expr.txt" = 0.04 s
[ 9288/31251] Prism::RipperTest#"test_whitequark/case_expr_else.txt" = 0.06 s
[ 9289/31251] Prism::RipperTest#"test_whitequark/casgn_scoped.txt" = 0.03 s
[ 9290/31251] Prism::RipperTest#"test_whitequark/casgn_toplevel.txt" = 0.03 s
[ 9291/31251] Prism::RipperTest#"test_whitequark/casgn_unscoped.txt" = 0.02 s
[ 9292/31251] Prism::RipperTest#"test_whitequark/character.txt" = 0.02 s
[ 9293/31251] Prism::RipperTest#"test_whitequark/class.txt" = 0.04 s
[ 9294/31251] Prism::RipperTest#"test_whitequark/class_super.txt" = 0.03 s
[ 9295/31251] Prism::RipperTest#"test_whitequark/class_super_label.txt" = 0.05 s
[ 9296/31251] Prism::RipperTest#"test_whitequark/comments_before_leading_dot__27.txt" = 0.11 s
[ 9297/31251] Prism::RipperTest#"test_whitequark/complex.txt" = 0.14 s
[ 9298/31251] Prism::RipperTest#"test_whitequark/cond_begin.txt" = 0.04 s
[ 9299/31251] Prism::RipperTest#"test_whitequark/cond_begin_masgn.txt" = 0.06 s
[ 9300/31251] Prism::RipperTest#"test_whitequark/cond_eflipflop.txt" = 0.06 s
[ 9301/31251] Prism::RipperTest#"test_whitequark/cond_eflipflop_with_beginless_range.txt" = 0.03 s
[ 9302/31251] Prism::RipperTest#"test_whitequark/cond_eflipflop_with_endless_range.txt" = 0.03 s
[ 9303/31251] Prism::RipperTest#"test_whitequark/cond_iflipflop.txt" = 0.06 s
[ 9304/31251] Prism::RipperTest#"test_whitequark/cond_iflipflop_with_beginless_range.txt" = 0.03 s
[ 9305/31251] Prism::RipperTest#"test_whitequark/cond_iflipflop_with_endless_range.txt" = 0.10 s
[ 9306/31251] Prism::RipperTest#"test_whitequark/cond_match_current_line.txt" = 0.05 s
[ 9307/31251] Prism::RipperTest#"test_whitequark/const_op_asgn.txt" = 0.14 s
[ 9308/31251] Prism::RipperTest#"test_whitequark/const_scoped.txt" = 0.03 s
[ 9309/31251] Prism::RipperTest#"test_whitequark/const_toplevel.txt" = 0.02 s
[ 9310/31251] Prism::RipperTest#"test_whitequark/const_unscoped.txt" = 0.02 s
[ 9311/31251] Prism::RipperTest#"test_whitequark/cpath.txt" = 0.05 s
[ 9312/31251] Prism::RipperTest#"test_whitequark/cvar.txt" = 0.02 s
[ 9313/31251] Prism::RipperTest#"test_whitequark/cvasgn.txt" = 0.03 s
[ 9314/31251] Prism::RipperTest#"test_whitequark/dedenting_interpolating_heredoc_fake_line_continuat
ion.txt" = 0.12 s
[ 9315/31251] Prism::RipperTest#"test_whitequark/dedenting_non_interpolating_heredoc_line_continuati
on.txt" = 0.04 s
[ 9316/31251] Prism::RipperTest#"test_whitequark/def.txt" = 0.11 s
[ 9317/31251] Prism::RipperTest#"test_whitequark/defined.txt" = 0.05 s
[ 9318/31251] Prism::RipperTest#"test_whitequark/defs.txt" = 0.13 s
[ 9319/31251] Prism::RipperTest#"test_whitequark/empty_stmt.txt" = 0.02 s
[ 9320/31251] Prism::RipperTest#"test_whitequark/endless_comparison_method.txt" = 0.26 s
[ 9321/31251] Prism::RipperTest#"test_whitequark/endless_method.txt" = 0.14 s
[ 9322/31251] Prism::RipperTest#"test_whitequark/endless_method_command_syntax.txt" = 0.47 s
[ 9323/31251] Prism::RipperTest#"test_whitequark/endless_method_forwarded_args_legacy.txt" = 0.05 s
[ 9324/31251] Prism::RipperTest#"test_whitequark/endless_method_with_rescue_mod.txt" = 0.08 s
[ 9325/31251] Prism::RipperTest#"test_whitequark/endless_method_without_args.txt" = 0.11 s
[ 9326/31251] Prism::RipperTest#"test_whitequark/ensure.txt" = 0.05 s
[ 9327/31251] Prism::RipperTest#"test_whitequark/ensure_empty.txt" = 0.03 s
[ 9328/31251] Prism::RipperTest#"test_whitequark/false.txt" = 0.02 s
[ 9329/31251] Prism::RipperTest#"test_whitequark/float.txt" = 0.03 s
[ 9330/31251] Prism::RipperTest#"test_whitequark/for.txt" = 0.09 s
[ 9331/31251] Prism::RipperTest#"test_whitequark/for_mlhs.txt" = 0.07 s
[ 9332/31251] Prism::RipperTest#"test_whitequark/forward_arg.txt" = 0.12 s
[ 9333/31251] Prism::RipperTest#"test_whitequark/forward_arg_with_open_args.txt" = 0.43 s
[ 9334/31251] Prism::RipperTest#"test_whitequark/forward_args_legacy.txt" = 0.11 s
[ 9335/31251] Prism::RipperTest#"test_whitequark/forwarded_argument_with_kwrestarg.txt" = 0.07 s
[ 9336/31251] Prism::RipperTest#"test_whitequark/forwarded_argument_with_restarg.txt" = 0.13 s
[ 9337/31251] Prism::RipperTest#"test_whitequark/forwarded_kwrestarg.txt" = 0.06 s
[ 9338/31251] Prism::RipperTest#"test_whitequark/forwarded_kwrestarg_with_additional_kwarg.txt" = 0.
07 s
[ 9339/31251] Prism::RipperTest#"test_whitequark/forwarded_restarg.txt" = 0.06 s
[ 9340/31251] Prism::RipperTest#"test_whitequark/gvar.txt" = 0.02 s
[ 9341/31251] Prism::RipperTest#"test_whitequark/gvasgn.txt" = 0.02 s
[ 9342/31251] Prism::RipperTest#"test_whitequark/hash_empty.txt" = 0.02 s
[ 9343/31251] Prism::RipperTest#"test_whitequark/hash_hashrocket.txt" = 0.06 s
[ 9344/31251] Prism::RipperTest#"test_whitequark/hash_kwsplat.txt" = 0.04 s
[ 9345/31251] Prism::RipperTest#"test_whitequark/hash_label.txt" = 0.03 s
[ 9346/31251] Prism::RipperTest#"test_whitequark/hash_label_end.txt" = 0.10 s
[ 9347/31251] Prism::RipperTest#"test_whitequark/hash_pair_value_omission.txt" = 0.06 s
[ 9348/31251] Prism::RipperTest#"test_whitequark/heredoc.txt" = 0.05 s
[ 9349/31251] Prism::RipperTest#"test_whitequark/if.txt" = 0.06 s
[ 9350/31251] Prism::RipperTest#"test_whitequark/if_else.txt" = 0.08 s
[ 9351/31251] Prism::RipperTest#"test_whitequark/if_elsif.txt" = 0.06 s
[ 9352/31251] Prism::RipperTest#"test_whitequark/if_masgn__24.txt" = 0.13 s
[ 9353/31251] Prism::RipperTest#"test_whitequark/if_mod.txt" = 0.03 s
[ 9354/31251] Prism::RipperTest#"test_whitequark/if_nl_then.txt" = 0.04 s
[ 9355/31251] Prism::RipperTest#"test_whitequark/int.txt" = 0.03 s
[ 9356/31251] Prism::RipperTest#"test_whitequark/int___LINE__.txt" = 0.02 s
[ 9357/31251] Prism::RipperTest#"test_whitequark/interp_digit_var.txt" = 0.64 s
[ 9358/31251] Prism::RipperTest#"test_whitequark/ivar.txt" = 0.02 s
[ 9359/31251] Prism::RipperTest#"test_whitequark/ivasgn.txt" = 0.03 s
[ 9360/31251] Prism::RipperTest#"test_whitequark/keyword_argument_omission.txt" = 0.05 s
[ 9361/31251] Prism::RipperTest#"test_whitequark/kwarg.txt" = 0.04 s
[ 9362/31251] Prism::RipperTest#"test_whitequark/kwbegin_compstmt.txt" = 0.04 s
[ 9363/31251] Prism::RipperTest#"test_whitequark/kwnilarg.txt" = 0.09 s
[ 9364/31251] Prism::RipperTest#"test_whitequark/kwoptarg.txt" = 0.04 s
[ 9365/31251] Prism::RipperTest#"test_whitequark/kwoptarg_with_kwrestarg_and_forwarded_args.txt" = 0
.06 s
[ 9366/31251] Prism::RipperTest#"test_whitequark/kwrestarg_named.txt" = 0.04 s
[ 9367/31251] Prism::RipperTest#"test_whitequark/kwrestarg_unnamed.txt" = 0.11 s
[ 9368/31251] Prism::RipperTest#"test_whitequark/lbrace_arg_after_command_args.txt" = 0.07 s
[ 9369/31251] Prism::RipperTest#"test_whitequark/lparenarg_after_lvar__since_25.txt" = 0.09 s
[ 9370/31251] Prism::RipperTest#"test_whitequark/lvar.txt" = 0.02 s
[ 9371/31251] Prism::RipperTest#"test_whitequark/lvasgn.txt" = 0.03 s
[ 9372/31251] Prism::RipperTest#"test_whitequark/masgn.txt" = 0.12 s
[ 9373/31251] Prism::RipperTest#"test_whitequark/masgn_attr.txt" = 0.12 s
[ 9374/31251] Prism::RipperTest#"test_whitequark/masgn_cmd.txt" = 0.05 s
[ 9375/31251] Prism::RipperTest#"test_whitequark/masgn_const.txt" = 0.15 s
[ 9376/31251] Prism::RipperTest#"test_whitequark/masgn_nested.txt" = 0.08 s
[ 9377/31251] Prism::RipperTest#"test_whitequark/masgn_splat.txt" = 0.31 s
[ 9378/31251] Prism::RipperTest#"test_whitequark/method_definition_in_while_cond.txt" = 0.24 s
[ 9379/31251] Prism::RipperTest#"test_whitequark/module.txt" = 0.03 s
[ 9380/31251] Prism::RipperTest#"test_whitequark/multiple_pattern_matches.txt" = 0.23 s
[ 9381/31251] Prism::RipperTest#"test_whitequark/newline_in_hash_argument.txt" = 0.16 s
[ 9382/31251] Prism::RipperTest#"test_whitequark/nil.txt" = 0.02 s
[ 9383/31251] Prism::RipperTest#"test_whitequark/nil_expression.txt" = 0.03 s
[ 9384/31251] Prism::RipperTest#"test_whitequark/non_lvar_injecting_match.txt" = 0.05 s
[ 9385/31251] Prism::RipperTest#"test_whitequark/not.txt" = 0.04 s
[ 9386/31251] Prism::RipperTest#"test_whitequark/not_cmd.txt" = 0.04 s
[ 9387/31251] Prism::RipperTest#"test_whitequark/not_masgn__24.txt" = 0.05 s
[ 9388/31251] Prism::RipperTest#"test_whitequark/nth_ref.txt" = 0.02 s
[ 9389/31251] Prism::RipperTest#"test_whitequark/numbered_args_after_27.txt" = 0.24 s
[ 9390/31251] Prism::RipperTest#"test_whitequark/numparam_outside_block.txt" = 0.12 s
[ 9391/31251] Prism::RipperTest#"test_whitequark/numparam_ruby_bug_19025.txt" = 0.06 s
[ 9392/31251] Prism::RipperTest#"test_whitequark/op_asgn.txt" = 0.09 s
[ 9393/31251] Prism::RipperTest#"test_whitequark/op_asgn_cmd.txt" = 0.19 s
[ 9394/31251] Prism::RipperTest#"test_whitequark/op_asgn_index.txt" = 0.05 s
[ 9395/31251] Prism::RipperTest#"test_whitequark/op_asgn_index_cmd.txt" = 0.06 s
[ 9396/31251] Prism::RipperTest#"test_whitequark/optarg.txt" = 0.17 s
[ 9397/31251] Prism::RipperTest#"test_whitequark/or.txt" = 0.04 s
[ 9398/31251] Prism::RipperTest#"test_whitequark/or_asgn.txt" = 0.07 s
[ 9399/31251] Prism::RipperTest#"test_whitequark/parser_bug_272.txt" = 0.05 s
[ 9400/31251] Prism::RipperTest#"test_whitequark/parser_bug_490.txt" = 0.13 s
[ 9401/31251] Prism::RipperTest#"test_whitequark/parser_bug_507.txt" = 0.04 s
[ 9402/31251] Prism::RipperTest#"test_whitequark/parser_bug_518.txt" = 0.03 s
[ 9403/31251] Prism::RipperTest#"test_whitequark/parser_bug_525.txt" = 0.14 s
[ 9404/31251] Prism::RipperTest#"test_whitequark/parser_bug_604.txt" = 0.05 s
[ 9405/31251] Prism::RipperTest#"test_whitequark/parser_bug_640.txt" = 0.04 s
[ 9406/31251] Prism::RipperTest#"test_whitequark/parser_bug_645.txt" = 0.04 s
[ 9407/31251] Prism::RipperTest#"test_whitequark/parser_bug_830.txt" = 0.03 s
[ 9408/31251] Prism::RipperTest#"test_whitequark/parser_bug_989.txt" = 0.03 s
[ 9409/31251] Prism::RipperTest#"test_whitequark/pattern_matching__FILE__LINE_literals.txt" = 0.08 s
[ 9410/31251] Prism::RipperTest#"test_whitequark/pattern_matching_blank_else.txt" = 0.04 s
[ 9411/31251] Prism::RipperTest#"test_whitequark/pattern_matching_else.txt" = 0.05 s
[ 9412/31251] Prism::RipperTest#"test_whitequark/pattern_matching_single_line.txt" = 0.05 s
[ 9413/31251] Prism::RipperTest#"test_whitequark/pattern_matching_single_line_allowed_omission_of_pa
rentheses.txt" = 0.26 s
[ 9414/31251] Prism::RipperTest#"test_whitequark/postexe.txt" = 0.03 s
[ 9415/31251] Prism::RipperTest#"test_whitequark/preexe.txt" = 0.03 s
[ 9416/31251] Prism::RipperTest#"test_whitequark/procarg0.txt" = 0.08 s
[ 9417/31251] Prism::RipperTest#"test_whitequark/range_exclusive.txt" = 0.03 s
[ 9418/31251] Prism::RipperTest#"test_whitequark/range_inclusive.txt" = 0.03 s
[ 9419/31251] Prism::RipperTest#"test_whitequark/rational.txt" = 0.03 s
[ 9420/31251] Prism::RipperTest#"test_whitequark/regex_interp.txt" = 0.11 s
[ 9421/31251] Prism::RipperTest#"test_whitequark/regex_plain.txt" = 0.03 s
[ 9422/31251] Prism::RipperTest#"test_whitequark/resbody_list.txt" = 0.05 s
[ 9423/31251] Prism::RipperTest#"test_whitequark/resbody_list_mrhs.txt" = 0.06 s
[ 9424/31251] Prism::RipperTest#"test_whitequark/resbody_list_var.txt" = 0.05 s
[ 9425/31251] Prism::RipperTest#"test_whitequark/resbody_var.txt" = 0.08 s
[ 9426/31251] Prism::RipperTest#"test_whitequark/rescue.txt" = 0.04 s
[ 9427/31251] Prism::RipperTest#"test_whitequark/rescue_else.txt" = 0.06 s
[ 9428/31251] Prism::RipperTest#"test_whitequark/rescue_else_ensure.txt" = 0.06 s
[ 9429/31251] Prism::RipperTest#"test_whitequark/rescue_ensure.txt" = 0.06 s
[ 9430/31251] Prism::RipperTest#"test_whitequark/rescue_in_lambda_block.txt" = 0.03 s
[ 9431/31251] Prism::RipperTest#"test_whitequark/rescue_mod.txt" = 0.03 s
[ 9432/31251] Prism::RipperTest#"test_whitequark/rescue_mod_asgn.txt" = 0.04 s
[ 9433/31251] Prism::RipperTest#"test_whitequark/rescue_mod_masgn.txt" = 0.06 s
[ 9434/31251] Prism::RipperTest#"test_whitequark/rescue_mod_op_assign.txt" = 0.04 s
[ 9435/31251] Prism::RipperTest#"test_whitequark/rescue_without_begin_end.txt" = 0.06 s
[ 9436/31251] Prism::RipperTest#"test_whitequark/restarg_named.txt" = 0.04 s
[ 9437/31251] Prism::RipperTest#"test_whitequark/restarg_unnamed.txt" = 0.04 s
[ 9438/31251] Prism::RipperTest#"test_whitequark/return.txt" = 0.08 s
[ 9439/31251] Prism::RipperTest#"test_whitequark/ruby_bug_10279.txt" = 0.04 s
[ 9440/31251] Prism::RipperTest#"test_whitequark/ruby_bug_10653.txt" = 0.17 s
[ 9441/31251] Prism::RipperTest#"test_whitequark/ruby_bug_11107.txt" = 0.06 s
[ 9442/31251] Prism::RipperTest#"test_whitequark/ruby_bug_11380.txt" = 0.07 s
[ 9443/31251] Prism::RipperTest#"test_whitequark/ruby_bug_11873.txt" = 1.07 s
[ 9444/31251] Prism::RipperTest#"test_whitequark/ruby_bug_11873_a.txt" = 1.73 s
[ 9445/31251] Prism::RipperTest#"test_whitequark/ruby_bug_11873_b.txt" = 0.10 s
[ 9446/31251] Prism::RipperTest#"test_whitequark/ruby_bug_11989.txt" = 0.05 s
[ 9447/31251] Prism::RipperTest#"test_whitequark/ruby_bug_11990.txt" = 0.06 s
[ 9448/31251] Prism::RipperTest#"test_whitequark/ruby_bug_12073.txt" = 0.10 s
[ 9449/31251] Prism::RipperTest#"test_whitequark/ruby_bug_12402.txt" = 0.76 s
[ 9450/31251] Prism::RipperTest#"test_whitequark/ruby_bug_12669.txt" = 0.17 s
[ 9451/31251] Prism::RipperTest#"test_whitequark/ruby_bug_12686.txt" = 0.05 s
[ 9452/31251] Prism::RipperTest#"test_whitequark/ruby_bug_13547.txt" = 0.03 s
[ 9453/31251] Prism::RipperTest#"test_whitequark/ruby_bug_14690.txt" = 0.07 s
[ 9454/31251] Prism::RipperTest#"test_whitequark/ruby_bug_15789.txt" = 0.13 s
[ 9455/31251] Prism::RipperTest#"test_whitequark/ruby_bug_9669.txt" = 0.06 s
[ 9456/31251] Prism::RipperTest#"test_whitequark/sclass.txt" = 0.03 s
[ 9457/31251] Prism::RipperTest#"test_whitequark/self.txt" = 0.02 s
[ 9458/31251] Prism::RipperTest#"test_whitequark/send_attr_asgn.txt" = 0.10 s
[ 9459/31251] Prism::RipperTest#"test_whitequark/send_attr_asgn_conditional.txt" = 0.04 s
[ 9460/31251] Prism::RipperTest#"test_whitequark/send_binary_op.txt" = 0.38 s
[ 9461/31251] Prism::RipperTest#"test_whitequark/send_block_conditional.txt" = 0.04 s
[ 9462/31251] Prism::RipperTest#"test_whitequark/send_call.txt" = 0.07 s
[ 9463/31251] Prism::RipperTest#"test_whitequark/send_conditional.txt" = 0.03 s
[ 9464/31251] Prism::RipperTest#"test_whitequark/send_index.txt" = 0.04 s
[ 9465/31251] Prism::RipperTest#"test_whitequark/send_index_asgn.txt" = 0.04 s
[ 9466/31251] Prism::RipperTest#"test_whitequark/send_index_asgn_legacy.txt" = 0.04 s
[ 9467/31251] Prism::RipperTest#"test_whitequark/send_index_cmd.txt" = 0.05 s
[ 9468/31251] Prism::RipperTest#"test_whitequark/send_index_legacy.txt" = 0.04 s
[ 9469/31251] Prism::RipperTest#"test_whitequark/send_lambda.txt" = 0.06 s
[ 9470/31251] Prism::RipperTest#"test_whitequark/send_lambda_args.txt" = 0.06 s
[ 9471/31251] Prism::RipperTest#"test_whitequark/send_lambda_args_noparen.txt" = 0.06 s
[ 9472/31251] Prism::RipperTest#"test_whitequark/send_lambda_args_shadow.txt" = 0.04 s
[ 9473/31251] Prism::RipperTest#"test_whitequark/send_lambda_legacy.txt" = 0.03 s
[ 9474/31251] Prism::RipperTest#"test_whitequark/send_op_asgn_conditional.txt" = 0.04 s
[ 9475/31251] Prism::RipperTest#"test_whitequark/send_plain.txt" = 0.07 s
[ 9476/31251] Prism::RipperTest#"test_whitequark/send_plain_cmd.txt" = 0.10 s
[ 9477/31251] Prism::RipperTest#"test_whitequark/send_self.txt" = 0.05 s
[ 9478/31251] Prism::RipperTest#"test_whitequark/send_self_block.txt" = 0.11 s
[ 9479/31251] Prism::RipperTest#"test_whitequark/send_unary_op.txt" = 0.05 s
[ 9480/31251] Prism::RipperTest#"test_whitequark/space_args_arg.txt" = 0.04 s
[ 9481/31251] Prism::RipperTest#"test_whitequark/space_args_arg_block.txt" = 0.14 s
[ 9482/31251] Prism::RipperTest#"test_whitequark/space_args_arg_call.txt" = 0.05 s
[ 9483/31251] Prism::RipperTest#"test_whitequark/space_args_arg_newline.txt" = 0.04 s
[ 9484/31251] Prism::RipperTest#"test_whitequark/space_args_block.txt" = 0.04 s
[ 9485/31251] Prism::RipperTest#"test_whitequark/space_args_cmd.txt" = 0.05 s
[ 9486/31251] Prism::RipperTest#"test_whitequark/string___FILE__.txt" = 0.02 s
[ 9487/31251] Prism::RipperTest#"test_whitequark/string_concat.txt" = 0.04 s
[ 9488/31251] Prism::RipperTest#"test_whitequark/string_dvar.txt" = 0.05 s
[ 9489/31251] Prism::RipperTest#"test_whitequark/string_interp.txt" = 0.05 s
[ 9490/31251] Prism::RipperTest#"test_whitequark/string_plain.txt" = 0.04 s
[ 9491/31251] Prism::RipperTest#"test_whitequark/super.txt" = 0.06 s
[ 9492/31251] Prism::RipperTest#"test_whitequark/super_block.txt" = 0.06 s
[ 9493/31251] Prism::RipperTest#"test_whitequark/symbol_interp.txt" = 0.04 s
[ 9494/31251] Prism::RipperTest#"test_whitequark/symbol_plain.txt" = 0.03 s
[ 9495/31251] Prism::RipperTest#"test_whitequark/ternary.txt" = 0.03 s
[ 9496/31251] Prism::RipperTest#"test_whitequark/ternary_ambiguous_symbol.txt" = 0.05 s
[ 9497/31251] Prism::RipperTest#"test_whitequark/trailing_forward_arg.txt" = 0.07 s
[ 9498/31251] Prism::RipperTest#"test_whitequark/true.txt" = 0.02 s
[ 9499/31251] Prism::RipperTest#"test_whitequark/unary_num_pow_precedence.txt" = 0.06 s
[ 9500/31251] Prism::RipperTest#"test_whitequark/undef.txt" = 0.05 s
[ 9501/31251] Prism::RipperTest#"test_whitequark/unless.txt" = 0.06 s
[ 9502/31251] Prism::RipperTest#"test_whitequark/unless_else.txt" = 0.08 s
[ 9503/31251] Prism::RipperTest#"test_whitequark/unless_mod.txt" = 0.03 s
[ 9504/31251] Prism::RipperTest#"test_whitequark/until.txt" = 0.05 s
[ 9505/31251] Prism::RipperTest#"test_whitequark/until_mod.txt" = 0.03 s
[ 9506/31251] Prism::RipperTest#"test_whitequark/until_post.txt" = 0.04 s
[ 9507/31251] Prism::RipperTest#"test_whitequark/var_and_asgn.txt" = 0.03 s
[ 9508/31251] Prism::RipperTest#"test_whitequark/var_op_asgn.txt" = 0.09 s
[ 9509/31251] Prism::RipperTest#"test_whitequark/var_op_asgn_cmd.txt" = 0.04 s
[ 9510/31251] Prism::RipperTest#"test_whitequark/var_or_asgn.txt" = 0.03 s
[ 9511/31251] Prism::RipperTest#"test_whitequark/when_multi.txt" = 0.06 s
[ 9512/31251] Prism::RipperTest#"test_whitequark/when_splat.txt" = 0.06 s
[ 9513/31251] Prism::RipperTest#"test_whitequark/when_then.txt" = 0.05 s
[ 9514/31251] Prism::RipperTest#"test_whitequark/while.txt" = 0.06 s
[ 9515/31251] Prism::RipperTest#"test_whitequark/while_mod.txt" = 0.03 s
[ 9516/31251] Prism::RipperTest#"test_whitequark/while_post.txt" = 0.04 s
[ 9517/31251] Prism::RipperTest#"test_whitequark/xstring_interp.txt" = 0.04 s
[ 9518/31251] Prism::RipperTest#"test_whitequark/xstring_plain.txt" = 0.02 s
[ 9519/31251] Prism::RipperTest#"test_whitequark/zsuper.txt" = 0.02 s
[ 9520/31251] Prism::RipperTest#"test_xstring.txt" = 0.08 s
[ 9521/31251] Prism::RipperTest#"test_xstring_with_backslash.txt" = 0.02 s
[ 9522/31251] Prism::RipperTest#"test_yield.txt" = 0.14 s
[ 9523/31251] Prism::SnippetsTest#"test_alias.txt" = 1.56 s
[ 9524/31251] Prism::SnippetsTest#"test_arithmetic.txt" = 1.14 s
[ 9525/31251] Prism::SnippetsTest#"test_arrays.txt" = 9.08 s
[ 9526/31251] Prism::SnippetsTest#"test_begin_ensure.txt" = 1.27 s
[ 9527/31251] Prism::SnippetsTest#"test_begin_rescue.txt" = 7.38 s
[ 9528/31251] Prism::SnippetsTest#"test_blocks.txt" = 10.29 s
[ 9529/31251] Prism::SnippetsTest#"test_boolean_operators.txt" = 0.40 s
[ 9530/31251] Prism::SnippetsTest#"test_booleans.txt" = 0.11 s
[ 9531/31251] Prism::SnippetsTest#"test_break.txt" = 2.76 s
[ 9532/31251] Prism::SnippetsTest#"test_case.txt" = 3.02 s
[ 9533/31251] Prism::SnippetsTest#"test_classes.txt" = 16.37 s
[ 9534/31251] Prism::SnippetsTest#"test_command_method_call.txt" = 3.72 s
[ 9535/31251] Prism::SnippetsTest#"test_comments.txt" = 0.62 s
[ 9536/31251] Prism::SnippetsTest#"test_constants.txt" = 7.50 s
[ 9537/31251] Prism::SnippetsTest#"test_dash_heredocs.txt" = 1.68 s
[ 9538/31251] Prism::SnippetsTest#"test_defined.txt" = 0.77 s
[ 9539/31251] Prism::SnippetsTest#"test_dos_endings.txt" = 0.43 s
[ 9540/31251] Prism::SnippetsTest#"test_dstring.txt" = 0.80 s
[ 9541/31251] Prism::SnippetsTest#"test_dsym_str.txt" = 0.07 s
[ 9542/31251] Prism::SnippetsTest#"test_embdoc_no_newline_at_end.txt" = 0.04 s
[ 9543/31251] Prism::SnippetsTest#"test_emoji_method_calls.txt" = 0.12 s
[ 9544/31251] Prism::SnippetsTest#"test_endless_methods.txt" = 0.54 s
[ 9545/31251] Prism::SnippetsTest#"test_endless_range_in_conditional.txt" = 0.32 s
[ 9546/31251] Prism::SnippetsTest#"test_for.txt" = 1.14 s
[ 9547/31251] Prism::SnippetsTest#"test_global_variables.txt" = 2.87 s
[ 9548/31251] Prism::SnippetsTest#"test_hashes.txt" = 1.93 s
[ 9549/31251] Prism::SnippetsTest#"test_heredoc.txt" = 0.07 s
[ 9550/31251] Prism::SnippetsTest#"test_heredoc_with_carriage_returns.txt" = 0.07 s
[ 9551/31251] Prism::SnippetsTest#"test_heredoc_with_comment.txt" = 0.10 s
[ 9552/31251] Prism::SnippetsTest#"test_heredoc_with_escaped_newline_at_start.txt" = 0.29 s
[ 9553/31251] Prism::SnippetsTest#"test_heredoc_with_trailing_newline.txt" = 0.07 s
[ 9554/31251] Prism::SnippetsTest#"test_heredocs_leading_whitespace.txt" = 0.45 s
[ 9555/31251] Prism::SnippetsTest#"test_heredocs_nested.txt" = 0.45 s
[ 9556/31251] Prism::SnippetsTest#"test_heredocs_with_ignored_newlines.txt" = 0.32 s
[ 9557/31251] Prism::SnippetsTest#"test_heredocs_with_ignored_newlines_and_non_empty.txt" = 0.07 s
[ 9558/31251] Prism::SnippetsTest#"test_if.txt" = 2.34 s
[ 9559/31251] Prism::SnippetsTest#"test_indented_file_end.txt" = 0.08 s
[ 9560/31251] Prism::SnippetsTest#"test_integer_operations.txt" = 3.47 s
[ 9561/31251] Prism::SnippetsTest#"test_it_indirect_writes.txt" = 2.17 s
[ 9562/31251] Prism::SnippetsTest#"test_keyword_method_names.txt" = 1.12 s
[ 9563/31251] Prism::SnippetsTest#"test_keywords.txt" = 0.49 s
[ 9564/31251] Prism::SnippetsTest#"test_lambda.txt" = 1.71 s
[ 9565/31251] Prism::SnippetsTest#"test_method_calls.txt" = 11.12 s
[ 9566/31251] Prism::SnippetsTest#"test_methods.txt" = 11.58 s
[ 9567/31251] Prism::SnippetsTest#"test_modules.txt" = 1.06 s
[ 9568/31251] Prism::SnippetsTest#"test_multi_write.txt" = 0.50 s
[ 9569/31251] Prism::SnippetsTest#"test_next.txt" = 1.59 s
[ 9570/31251] Prism::SnippetsTest#"test_nils.txt" = 0.33 s
[ 9571/31251] Prism::SnippetsTest#"test_non_alphanumeric_methods.txt" = 2.71 s
[ 9572/31251] Prism::SnippetsTest#"test_not.txt" = 1.19 s
[ 9573/31251] Prism::SnippetsTest#"test_numbers.txt" = 2.26 s
[ 9574/31251] Prism::SnippetsTest#"test_patterns.txt" = 22.29 s
[ 9575/31251] Prism::SnippetsTest#"test_procs.txt" = 2.24 s
[ 9576/31251] Prism::SnippetsTest#"test_range_begin_open_exclusive.txt" = 0.18 s
[ 9577/31251] Prism::SnippetsTest#"test_range_begin_open_inclusive.txt" = 0.08 s
[ 9578/31251] Prism::SnippetsTest#"test_range_beginless.txt" = 0.58 s
[ 9579/31251] Prism::SnippetsTest#"test_range_end_open_exclusive.txt" = 0.08 s
[ 9580/31251] Prism::SnippetsTest#"test_range_end_open_inclusive.txt" = 0.07 s
[ 9581/31251] Prism::SnippetsTest#"test_ranges.txt" = 3.18 s
[ 9582/31251] Prism::SnippetsTest#"test_regex.txt" = 5.08 s
[ 9583/31251] Prism::SnippetsTest#"test_regex_char_width.txt" = 0.61 s
[ 9584/31251] Prism::SnippetsTest#"test_regex_escape_encoding.txt" = 0.44 s
[ 9585/31251] Prism::SnippetsTest#"test_repeat_parameters.txt" = 6.71 s
[ 9586/31251] Prism::SnippetsTest#"test_rescue.txt" = 4.97 s
[ 9587/31251] Prism::SnippetsTest#"test_rescue_modifier.txt" = 1.01 s
[ 9588/31251] Prism::SnippetsTest#"test_return.txt" = 1.32 s
[ 9589/31251] Prism::SnippetsTest#"test_seattlerb/BEGIN.txt" = 0.10 s
[ 9590/31251] Prism::SnippetsTest#"test_seattlerb/TestRubyParserShared.txt" = 2.16 s
[ 9591/31251] Prism::SnippetsTest#"test_seattlerb/__ENCODING__.txt" = 0.06 s
[ 9592/31251] Prism::SnippetsTest#"test_seattlerb/alias_gvar_backref.txt" = 0.08 s
[ 9593/31251] Prism::SnippetsTest#"test_seattlerb/alias_resword.txt" = 0.10 s
[ 9594/31251] Prism::SnippetsTest#"test_seattlerb/and_multi.txt" = 0.13 s
[ 9595/31251] Prism::SnippetsTest#"test_seattlerb/aref_args_assocs.txt" = 0.21 s
[ 9596/31251] Prism::SnippetsTest#"test_seattlerb/aref_args_lit_assocs.txt" = 0.12 s
[ 9597/31251] Prism::SnippetsTest#"test_seattlerb/args_kw_block.txt" = 0.16 s
[ 9598/31251] Prism::SnippetsTest#"test_seattlerb/array_line_breaks.txt" = 0.23 s
[ 9599/31251] Prism::SnippetsTest#"test_seattlerb/array_lits_trailing_calls.txt" = 0.17 s
[ 9600/31251] Prism::SnippetsTest#"test_seattlerb/assoc__bare.txt" = 0.14 s
[ 9601/31251] Prism::SnippetsTest#"test_seattlerb/assoc_label.txt" = 0.24 s
[ 9602/31251] Prism::SnippetsTest#"test_seattlerb/attr_asgn_colon_id.txt" = 0.10 s
[ 9603/31251] Prism::SnippetsTest#"test_seattlerb/attrasgn_array_arg.txt" = 0.16 s
[ 9604/31251] Prism::SnippetsTest#"test_seattlerb/attrasgn_array_lhs.txt" = 0.42 s
[ 9605/31251] Prism::SnippetsTest#"test_seattlerb/attrasgn_primary_dot_constant.txt" = 0.12 s
[ 9606/31251] Prism::SnippetsTest#"test_seattlerb/backticks_interpolation_line.txt" = 0.15 s
[ 9607/31251] Prism::SnippetsTest#"test_seattlerb/bang_eq.txt" = 0.10 s
[ 9608/31251] Prism::SnippetsTest#"test_seattlerb/bdot2.txt" = 0.15 s
[ 9609/31251] Prism::SnippetsTest#"test_seattlerb/bdot3.txt" = 0.14 s
[ 9610/31251] Prism::SnippetsTest#"test_seattlerb/begin_ensure_no_bodies.txt" = 0.21 s
[ 9611/31251] Prism::SnippetsTest#"test_seattlerb/begin_rescue_else_ensure_bodies.txt" = 0.22 s
[ 9612/31251] Prism::SnippetsTest#"test_seattlerb/begin_rescue_ensure_no_bodies.txt" = 0.11 s
[ 9613/31251] Prism::SnippetsTest#"test_seattlerb/block_arg__bare.txt" = 0.23 s
[ 9614/31251] Prism::SnippetsTest#"test_seattlerb/block_arg_kwsplat.txt" = 0.15 s
[ 9615/31251] Prism::SnippetsTest#"test_seattlerb/block_arg_opt_arg_block.txt" = 0.32 s
[ 9616/31251] Prism::SnippetsTest#"test_seattlerb/block_arg_opt_splat.txt" = 0.20 s
[ 9617/31251] Prism::SnippetsTest#"test_seattlerb/block_arg_opt_splat_arg_block_omfg.txt" = 0.35 s
[ 9618/31251] Prism::SnippetsTest#"test_seattlerb/block_arg_optional.txt" = 0.17 s
[ 9619/31251] Prism::SnippetsTest#"test_seattlerb/block_arg_scope.txt" = 0.16 s
[ 9620/31251] Prism::SnippetsTest#"test_seattlerb/block_arg_scope2.txt" = 0.26 s
[ 9621/31251] Prism::SnippetsTest#"test_seattlerb/block_arg_splat_arg.txt" = 0.19 s
[ 9622/31251] Prism::SnippetsTest#"test_seattlerb/block_args_kwargs.txt" = 0.27 s
[ 9623/31251] Prism::SnippetsTest#"test_seattlerb/block_args_no_kwargs.txt" = 0.15 s
[ 9624/31251] Prism::SnippetsTest#"test_seattlerb/block_args_opt1.txt" = 0.24 s
[ 9625/31251] Prism::SnippetsTest#"test_seattlerb/block_args_opt2.txt" = 0.20 s
[ 9626/31251] Prism::SnippetsTest#"test_seattlerb/block_args_opt2_2.txt" = 0.29 s
[ 9627/31251] Prism::SnippetsTest#"test_seattlerb/block_args_opt3.txt" = 0.32 s
[ 9628/31251] Prism::SnippetsTest#"test_seattlerb/block_call_defn_call_block_call.txt" = 0.27 s
[ 9629/31251] Prism::SnippetsTest#"test_seattlerb/block_call_dot_op2_brace_block.txt" = 0.33 s
[ 9630/31251] Prism::SnippetsTest#"test_seattlerb/block_call_dot_op2_cmd_args_do_block.txt" = 0.38 s
[ 9631/31251] Prism::SnippetsTest#"test_seattlerb/block_call_operation_colon.txt" = 0.18 s
[ 9632/31251] Prism::SnippetsTest#"test_seattlerb/block_call_operation_dot.txt" = 0.18 s
[ 9633/31251] Prism::SnippetsTest#"test_seattlerb/block_call_paren_call_block_call.txt" = 0.21 s
[ 9634/31251] Prism::SnippetsTest#"test_seattlerb/block_command_operation_colon.txt" = 0.18 s
[ 9635/31251] Prism::SnippetsTest#"test_seattlerb/block_command_operation_dot.txt" = 0.18 s
[ 9636/31251] Prism::SnippetsTest#"test_seattlerb/block_decomp_anon_splat_arg.txt" = 0.19 s
[ 9637/31251] Prism::SnippetsTest#"test_seattlerb/block_decomp_arg_splat.txt" = 0.19 s
[ 9638/31251] Prism::SnippetsTest#"test_seattlerb/block_decomp_arg_splat_arg.txt" = 0.21 s
[ 9639/31251] Prism::SnippetsTest#"test_seattlerb/block_decomp_splat.txt" = 0.18 s
[ 9640/31251] Prism::SnippetsTest#"test_seattlerb/block_kw.txt" = 0.17 s
[ 9641/31251] Prism::SnippetsTest#"test_seattlerb/block_kw__required.txt" = 0.15 s
[ 9642/31251] Prism::SnippetsTest#"test_seattlerb/block_kwarg_lvar.txt" = 0.20 s
[ 9643/31251] Prism::SnippetsTest#"test_seattlerb/block_kwarg_lvar_multiple.txt" = 0.25 s
[ 9644/31251] Prism::SnippetsTest#"test_seattlerb/block_opt_arg.txt" = 0.18 s
[ 9645/31251] Prism::SnippetsTest#"test_seattlerb/block_opt_splat.txt" = 0.19 s
[ 9646/31251] Prism::SnippetsTest#"test_seattlerb/block_opt_splat_arg_block_omfg.txt" = 0.22 s
[ 9647/31251] Prism::SnippetsTest#"test_seattlerb/block_optarg.txt" = 0.18 s
[ 9648/31251] Prism::SnippetsTest#"test_seattlerb/block_paren_splat.txt" = 0.40 s
[ 9649/31251] Prism::SnippetsTest#"test_seattlerb/block_reg_optarg.txt" = 0.19 s
[ 9650/31251] Prism::SnippetsTest#"test_seattlerb/block_return.txt" = 0.32 s
[ 9651/31251] Prism::SnippetsTest#"test_seattlerb/block_scope.txt" = 0.12 s
[ 9652/31251] Prism::SnippetsTest#"test_seattlerb/block_splat_reg.txt" = 0.29 s
[ 9653/31251] Prism::SnippetsTest#"test_seattlerb/bug169.txt" = 0.12 s
[ 9654/31251] Prism::SnippetsTest#"test_seattlerb/bug179.txt" = 0.12 s
[ 9655/31251] Prism::SnippetsTest#"test_seattlerb/bug190.txt" = 0.07 s
[ 9656/31251] Prism::SnippetsTest#"test_seattlerb/bug191.txt" = 0.45 s
[ 9657/31251] Prism::SnippetsTest#"test_seattlerb/bug202.txt" = 0.12 s
[ 9658/31251] Prism::SnippetsTest#"test_seattlerb/bug236.txt" = 0.37 s
[ 9659/31251] Prism::SnippetsTest#"test_seattlerb/bug290.txt" = 0.11 s
[ 9660/31251] Prism::SnippetsTest#"test_seattlerb/bug_187.txt" = 0.21 s
[ 9661/31251] Prism::SnippetsTest#"test_seattlerb/bug_215.txt" = 0.19 s
[ 9662/31251] Prism::SnippetsTest#"test_seattlerb/bug_249.txt" = 0.33 s
[ 9663/31251] Prism::SnippetsTest#"test_seattlerb/bug_and.txt" = 0.24 s
[ 9664/31251] Prism::SnippetsTest#"test_seattlerb/bug_args__19.txt" = 0.22 s
[ 9665/31251] Prism::SnippetsTest#"test_seattlerb/bug_args_masgn.txt" = 0.31 s
[ 9666/31251] Prism::SnippetsTest#"test_seattlerb/bug_args_masgn2.txt" = 0.24 s
[ 9667/31251] Prism::SnippetsTest#"test_seattlerb/bug_args_masgn_outer_parens__19.txt" = 0.23 s
[ 9668/31251] Prism::SnippetsTest#"test_seattlerb/bug_call_arglist_parens.txt" = 0.51 s
[ 9669/31251] Prism::SnippetsTest#"test_seattlerb/bug_case_when_regexp.txt" = 0.14 s
[ 9670/31251] Prism::SnippetsTest#"test_seattlerb/bug_comma.txt" = 0.26 s
[ 9671/31251] Prism::SnippetsTest#"test_seattlerb/bug_cond_pct.txt" = 0.12 s
[ 9672/31251] Prism::SnippetsTest#"test_seattlerb/bug_hash_args.txt" = 0.17 s
[ 9673/31251] Prism::SnippetsTest#"test_seattlerb/bug_hash_args_trailing_comma.txt" = 0.26 s
[ 9674/31251] Prism::SnippetsTest#"test_seattlerb/bug_hash_interp_array.txt" = 0.13 s
[ 9675/31251] Prism::SnippetsTest#"test_seattlerb/bug_masgn_right.txt" = 0.20 s
[ 9676/31251] Prism::SnippetsTest#"test_seattlerb/bug_not_parens.txt" = 0.20 s
[ 9677/31251] Prism::SnippetsTest#"test_seattlerb/bug_op_asgn_rescue.txt" = 0.12 s
[ 9678/31251] Prism::SnippetsTest#"test_seattlerb/call_and.txt" = 0.10 s
[ 9679/31251] Prism::SnippetsTest#"test_seattlerb/call_arg_assoc.txt" = 0.24 s
[ 9680/31251] Prism::SnippetsTest#"test_seattlerb/call_arg_assoc_kwsplat.txt" = 0.18 s
[ 9681/31251] Prism::SnippetsTest#"test_seattlerb/call_arg_kwsplat.txt" = 0.15 s
[ 9682/31251] Prism::SnippetsTest#"test_seattlerb/call_args_assoc_quoted.txt" = 0.55 s
[ 9683/31251] Prism::SnippetsTest#"test_seattlerb/call_args_assoc_trailing_comma.txt" = 0.14 s
[ 9684/31251] Prism::SnippetsTest#"test_seattlerb/call_args_command.txt" = 0.31 s
[ 9685/31251] Prism::SnippetsTest#"test_seattlerb/call_array_arg.txt" = 0.16 s
[ 9686/31251] Prism::SnippetsTest#"test_seattlerb/call_array_block_call.txt" = 0.29 s
[ 9687/31251] Prism::SnippetsTest#"test_seattlerb/call_array_lambda_block_call.txt" = 0.16 s
[ 9688/31251] Prism::SnippetsTest#"test_seattlerb/call_array_lit_inline_hash.txt" = 0.19 s
[ 9689/31251] Prism::SnippetsTest#"test_seattlerb/call_assoc.txt" = 0.13 s
[ 9690/31251] Prism::SnippetsTest#"test_seattlerb/call_assoc_new.txt" = 0.14 s
[ 9691/31251] Prism::SnippetsTest#"test_seattlerb/call_assoc_new_if_multiline.txt" = 0.34 s
[ 9692/31251] Prism::SnippetsTest#"test_seattlerb/call_assoc_trailing_comma.txt" = 0.13 s
[ 9693/31251] Prism::SnippetsTest#"test_seattlerb/call_bang_command_call.txt" = 0.14 s
[ 9694/31251] Prism::SnippetsTest#"test_seattlerb/call_bang_squiggle.txt" = 0.19 s
[ 9695/31251] Prism::SnippetsTest#"test_seattlerb/call_begin_call_block_call.txt" = 0.19 s
[ 9696/31251] Prism::SnippetsTest#"test_seattlerb/call_block_arg_named.txt" = 0.11 s
[ 9697/31251] Prism::SnippetsTest#"test_seattlerb/call_carat.txt" = 0.18 s
[ 9698/31251] Prism::SnippetsTest#"test_seattlerb/call_colon2.txt" = 0.08 s
[ 9699/31251] Prism::SnippetsTest#"test_seattlerb/call_colon_parens.txt" = 0.08 s
[ 9700/31251] Prism::SnippetsTest#"test_seattlerb/call_div.txt" = 0.10 s
[ 9701/31251] Prism::SnippetsTest#"test_seattlerb/call_dot_parens.txt" = 0.17 s
[ 9702/31251] Prism::SnippetsTest#"test_seattlerb/call_env.txt" = 0.10 s
[ 9703/31251] Prism::SnippetsTest#"test_seattlerb/call_eq3.txt" = 0.10 s
[ 9704/31251] Prism::SnippetsTest#"test_seattlerb/call_gt.txt" = 0.10 s
[ 9705/31251] Prism::SnippetsTest#"test_seattlerb/call_kwsplat.txt" = 0.14 s
[ 9706/31251] Prism::SnippetsTest#"test_seattlerb/call_leading_dots.txt" = 0.12 s
[ 9707/31251] Prism::SnippetsTest#"test_seattlerb/call_leading_dots_comment.txt" = 0.12 s
[ 9708/31251] Prism::SnippetsTest#"test_seattlerb/call_lt.txt" = 0.10 s
[ 9709/31251] Prism::SnippetsTest#"test_seattlerb/call_lte.txt" = 0.11 s
[ 9710/31251] Prism::SnippetsTest#"test_seattlerb/call_not.txt" = 0.08 s
[ 9711/31251] Prism::SnippetsTest#"test_seattlerb/call_pipe.txt" = 0.11 s
[ 9712/31251] Prism::SnippetsTest#"test_seattlerb/call_rshift.txt" = 0.10 s
[ 9713/31251] Prism::SnippetsTest#"test_seattlerb/call_self_brackets.txt" = 0.11 s
[ 9714/31251] Prism::SnippetsTest#"test_seattlerb/call_spaceship.txt" = 0.10 s
[ 9715/31251] Prism::SnippetsTest#"test_seattlerb/call_stabby_do_end_with_block.txt" = 0.17 s
[ 9716/31251] Prism::SnippetsTest#"test_seattlerb/call_stabby_with_braces_block.txt" = 0.18 s
[ 9717/31251] Prism::SnippetsTest#"test_seattlerb/call_star.txt" = 0.10 s
[ 9718/31251] Prism::SnippetsTest#"test_seattlerb/call_star2.txt" = 0.10 s
[ 9719/31251] Prism::SnippetsTest#"test_seattlerb/call_trailing_comma.txt" = 0.10 s
[ 9720/31251] Prism::SnippetsTest#"test_seattlerb/call_trailing_dots.txt" = 0.12 s
[ 9721/31251] Prism::SnippetsTest#"test_seattlerb/call_unary_bang.txt" = 0.08 s
[ 9722/31251] Prism::SnippetsTest#"test_seattlerb/case_in_31.txt" = 0.23 s
[ 9723/31251] Prism::SnippetsTest#"test_seattlerb/case_in_37.txt" = 0.25 s
[ 9724/31251] Prism::SnippetsTest#"test_seattlerb/case_in_42.txt" = 0.20 s
[ 9725/31251] Prism::SnippetsTest#"test_seattlerb/case_in_42_2.txt" = 0.20 s
[ 9726/31251] Prism::SnippetsTest#"test_seattlerb/case_in_47.txt" = 0.23 s
[ 9727/31251] Prism::SnippetsTest#"test_seattlerb/case_in_67.txt" = 0.16 s
[ 9728/31251] Prism::SnippetsTest#"test_seattlerb/case_in_86.txt" = 0.23 s
[ 9729/31251] Prism::SnippetsTest#"test_seattlerb/case_in_86_2.txt" = 0.23 s
[ 9730/31251] Prism::SnippetsTest#"test_seattlerb/case_in_array_pat_const.txt" = 0.19 s
[ 9731/31251] Prism::SnippetsTest#"test_seattlerb/case_in_array_pat_const2.txt" = 0.22 s
[ 9732/31251] Prism::SnippetsTest#"test_seattlerb/case_in_array_pat_paren_assign.txt" = 0.22 s
[ 9733/31251] Prism::SnippetsTest#"test_seattlerb/case_in_const.txt" = 0.14 s
[ 9734/31251] Prism::SnippetsTest#"test_seattlerb/case_in_else.txt" = 0.20 s
[ 9735/31251] Prism::SnippetsTest#"test_seattlerb/case_in_find.txt" = 0.21 s
[ 9736/31251] Prism::SnippetsTest#"test_seattlerb/case_in_find_array.txt" = 0.20 s
[ 9737/31251] Prism::SnippetsTest#"test_seattlerb/case_in_hash_pat.txt" = 0.29 s
[ 9738/31251] Prism::SnippetsTest#"test_seattlerb/case_in_hash_pat_assign.txt" = 0.56 s
[ 9739/31251] Prism::SnippetsTest#"test_seattlerb/case_in_hash_pat_paren_assign.txt" = 0.33 s
[ 9740/31251] Prism::SnippetsTest#"test_seattlerb/case_in_hash_pat_paren_true.txt" = 0.21 s
[ 9741/31251] Prism::SnippetsTest#"test_seattlerb/case_in_hash_pat_rest.txt" = 0.37 s
[ 9742/31251] Prism::SnippetsTest#"test_seattlerb/case_in_hash_pat_rest_solo.txt" = 0.19 s
[ 9743/31251] Prism::SnippetsTest#"test_seattlerb/case_in_if_unless_post_mod.txt" = 0.30 s
[ 9744/31251] Prism::SnippetsTest#"test_seattlerb/case_in_multiple.txt" = 0.36 s
[ 9745/31251] Prism::SnippetsTest#"test_seattlerb/case_in_or.txt" = 0.18 s
[ 9746/31251] Prism::SnippetsTest#"test_seattlerb/class_comments.txt" = 0.25 s
[ 9747/31251] Prism::SnippetsTest#"test_seattlerb/cond_unary_minus.txt" = 0.08 s
[ 9748/31251] Prism::SnippetsTest#"test_seattlerb/const_2_op_asgn_or2.txt" = 0.11 s
[ 9749/31251] Prism::SnippetsTest#"test_seattlerb/const_3_op_asgn_or.txt" = 0.09 s
[ 9750/31251] Prism::SnippetsTest#"test_seattlerb/const_op_asgn_and1.txt" = 0.09 s
[ 9751/31251] Prism::SnippetsTest#"test_seattlerb/const_op_asgn_and2.txt" = 0.09 s
[ 9752/31251] Prism::SnippetsTest#"test_seattlerb/const_op_asgn_or.txt" = 0.10 s
[ 9753/31251] Prism::SnippetsTest#"test_seattlerb/defined_eh_parens.txt" = 0.08 s
[ 9754/31251] Prism::SnippetsTest#"test_seattlerb/defn_arg_asplat_arg.txt" = 0.25 s
[ 9755/31251] Prism::SnippetsTest#"test_seattlerb/defn_arg_forward_args.txt" = 0.21 s
[ 9756/31251] Prism::SnippetsTest#"test_seattlerb/defn_args_forward_args.txt" = 0.35 s
[ 9757/31251] Prism::SnippetsTest#"test_seattlerb/defn_comments.txt" = 0.12 s
[ 9758/31251] Prism::SnippetsTest#"test_seattlerb/defn_endless_command.txt" = 0.23 s
[ 9759/31251] Prism::SnippetsTest#"test_seattlerb/defn_endless_command_rescue.txt" = 0.17 s
[ 9760/31251] Prism::SnippetsTest#"test_seattlerb/defn_forward_args.txt" = 0.28 s
[ 9761/31251] Prism::SnippetsTest#"test_seattlerb/defn_forward_args__no_parens.txt" = 0.17 s
[ 9762/31251] Prism::SnippetsTest#"test_seattlerb/defn_kwarg_env.txt" = 0.33 s
[ 9763/31251] Prism::SnippetsTest#"test_seattlerb/defn_kwarg_kwarg.txt" = 0.19 s
[ 9764/31251] Prism::SnippetsTest#"test_seattlerb/defn_kwarg_kwsplat.txt" = 0.16 s
[ 9765/31251] Prism::SnippetsTest#"test_seattlerb/defn_kwarg_kwsplat_anon.txt" = 0.25 s
[ 9766/31251] Prism::SnippetsTest#"test_seattlerb/defn_kwarg_lvar.txt" = 0.18 s
[ 9767/31251] Prism::SnippetsTest#"test_seattlerb/defn_kwarg_no_parens.txt" = 0.13 s
[ 9768/31251] Prism::SnippetsTest#"test_seattlerb/defn_kwarg_val.txt" = 0.25 s
[ 9769/31251] Prism::SnippetsTest#"test_seattlerb/defn_no_kwargs.txt" = 0.12 s
[ 9770/31251] Prism::SnippetsTest#"test_seattlerb/defn_oneliner.txt" = 0.19 s
[ 9771/31251] Prism::SnippetsTest#"test_seattlerb/defn_oneliner_eq2.txt" = 0.29 s
[ 9772/31251] Prism::SnippetsTest#"test_seattlerb/defn_oneliner_noargs.txt" = 0.12 s
[ 9773/31251] Prism::SnippetsTest#"test_seattlerb/defn_oneliner_noargs_parentheses.txt" = 0.13 s
[ 9774/31251] Prism::SnippetsTest#"test_seattlerb/defn_oneliner_rescue.txt" = 0.83 s
[ 9775/31251] Prism::SnippetsTest#"test_seattlerb/defn_opt_last_arg.txt" = 0.14 s
[ 9776/31251] Prism::SnippetsTest#"test_seattlerb/defn_opt_reg.txt" = 0.16 s
[ 9777/31251] Prism::SnippetsTest#"test_seattlerb/defn_opt_splat_arg.txt" = 0.31 s
[ 9778/31251] Prism::SnippetsTest#"test_seattlerb/defn_powarg.txt" = 0.13 s
[ 9779/31251] Prism::SnippetsTest#"test_seattlerb/defn_reg_opt_reg.txt" = 0.18 s
[ 9780/31251] Prism::SnippetsTest#"test_seattlerb/defn_splat_arg.txt" = 0.14 s
[ 9781/31251] Prism::SnippetsTest#"test_seattlerb/defn_unary_not.txt" = 0.10 s
[ 9782/31251] Prism::SnippetsTest#"test_seattlerb/defns_reserved.txt" = 0.10 s
[ 9783/31251] Prism::SnippetsTest#"test_seattlerb/defs_as_arg_with_do_block_inside.txt" = 0.32 s
[ 9784/31251] Prism::SnippetsTest#"test_seattlerb/defs_comments.txt" = 0.13 s
[ 9785/31251] Prism::SnippetsTest#"test_seattlerb/defs_endless_command.txt" = 0.26 s
[ 9786/31251] Prism::SnippetsTest#"test_seattlerb/defs_endless_command_rescue.txt" = 0.20 s
[ 9787/31251] Prism::SnippetsTest#"test_seattlerb/defs_kwarg.txt" = 0.15 s
[ 9788/31251] Prism::SnippetsTest#"test_seattlerb/defs_oneliner.txt" = 0.27 s
[ 9789/31251] Prism::SnippetsTest#"test_seattlerb/defs_oneliner_eq2.txt" = 0.21 s
[ 9790/31251] Prism::SnippetsTest#"test_seattlerb/defs_oneliner_rescue.txt" = 0.74 s
[ 9791/31251] Prism::SnippetsTest#"test_seattlerb/difficult0_.txt" = 0.26 s
[ 9792/31251] Prism::SnippetsTest#"test_seattlerb/difficult1_line_numbers.txt" = 0.84 s
[ 9793/31251] Prism::SnippetsTest#"test_seattlerb/difficult1_line_numbers2.txt" = 0.31 s
[ 9794/31251] Prism::SnippetsTest#"test_seattlerb/difficult2_.txt" = 0.29 s
[ 9795/31251] Prism::SnippetsTest#"test_seattlerb/difficult3_.txt" = 0.22 s
[ 9796/31251] Prism::SnippetsTest#"test_seattlerb/difficult3_2.txt" = 0.17 s
[ 9797/31251] Prism::SnippetsTest#"test_seattlerb/difficult3_3.txt" = 0.19 s
[ 9798/31251] Prism::SnippetsTest#"test_seattlerb/difficult3_4.txt" = 0.17 s
[ 9799/31251] Prism::SnippetsTest#"test_seattlerb/difficult3_5.txt" = 0.18 s
[ 9800/31251] Prism::SnippetsTest#"test_seattlerb/difficult3__10.txt" = 0.21 s
[ 9801/31251] Prism::SnippetsTest#"test_seattlerb/difficult3__11.txt" = 0.18 s
[ 9802/31251] Prism::SnippetsTest#"test_seattlerb/difficult3__12.txt" = 0.20 s
[ 9803/31251] Prism::SnippetsTest#"test_seattlerb/difficult3__6.txt" = 0.23 s
[ 9804/31251] Prism::SnippetsTest#"test_seattlerb/difficult3__7.txt" = 0.20 s
[ 9805/31251] Prism::SnippetsTest#"test_seattlerb/difficult3__8.txt" = 0.21 s
[ 9806/31251] Prism::SnippetsTest#"test_seattlerb/difficult3__9.txt" = 0.20 s
[ 9807/31251] Prism::SnippetsTest#"test_seattlerb/difficult4__leading_dots.txt" = 0.10 s
[ 9808/31251] Prism::SnippetsTest#"test_seattlerb/difficult4__leading_dots2.txt" = 0.09 s
[ 9809/31251] Prism::SnippetsTest#"test_seattlerb/difficult6_.txt" = 0.26 s
[ 9810/31251] Prism::SnippetsTest#"test_seattlerb/difficult6__7.txt" = 0.21 s
[ 9811/31251] Prism::SnippetsTest#"test_seattlerb/difficult6__8.txt" = 0.21 s
[ 9812/31251] Prism::SnippetsTest#"test_seattlerb/difficult7_.txt" = 0.58 s
[ 9813/31251] Prism::SnippetsTest#"test_seattlerb/do_bug.txt" = 0.23 s
[ 9814/31251] Prism::SnippetsTest#"test_seattlerb/do_lambda.txt" = 0.20 s
[ 9815/31251] Prism::SnippetsTest#"test_seattlerb/dot2_nil__26.txt" = 0.09 s
[ 9816/31251] Prism::SnippetsTest#"test_seattlerb/dot3_nil__26.txt" = 0.09 s
[ 9817/31251] Prism::SnippetsTest#"test_seattlerb/dstr_evstr.txt" = 0.31 s
[ 9818/31251] Prism::SnippetsTest#"test_seattlerb/dstr_evstr_empty_end.txt" = 0.13 s
[ 9819/31251] Prism::SnippetsTest#"test_seattlerb/dstr_lex_state.txt" = 0.16 s
[ 9820/31251] Prism::SnippetsTest#"test_seattlerb/dstr_str.txt" = 0.28 s
[ 9821/31251] Prism::SnippetsTest#"test_seattlerb/dsym_esc_to_sym.txt" = 0.07 s
[ 9822/31251] Prism::SnippetsTest#"test_seattlerb/dsym_to_sym.txt" = 0.29 s
[ 9823/31251] Prism::SnippetsTest#"test_seattlerb/eq_begin_line_numbers.txt" = 0.08 s
[ 9824/31251] Prism::SnippetsTest#"test_seattlerb/eq_begin_why_wont_people_use_their_spacebar.txt" =
 0.19 s
[ 9825/31251] Prism::SnippetsTest#"test_seattlerb/evstr_evstr.txt" = 0.28 s
[ 9826/31251] Prism::SnippetsTest#"test_seattlerb/evstr_str.txt" = 0.15 s
[ 9827/31251] Prism::SnippetsTest#"test_seattlerb/expr_not_bang.txt" = 0.13 s
[ 9828/31251] Prism::SnippetsTest#"test_seattlerb/f_kw.txt" = 0.24 s
[ 9829/31251] Prism::SnippetsTest#"test_seattlerb/f_kw__required.txt" = 0.12 s
[ 9830/31251] Prism::SnippetsTest#"test_seattlerb/flip2_env_lvar.txt" = 0.14 s
[ 9831/31251] Prism::SnippetsTest#"test_seattlerb/float_with_if_modifier.txt" = 0.19 s
[ 9832/31251] Prism::SnippetsTest#"test_seattlerb/heredoc__backslash_dos_format.txt" = 0.10 s
[ 9833/31251] Prism::SnippetsTest#"test_seattlerb/heredoc_backslash_nl.txt" = 0.14 s
[ 9834/31251] Prism::SnippetsTest#"test_seattlerb/heredoc_bad_hex_escape.txt" = 0.11 s
[ 9835/31251] Prism::SnippetsTest#"test_seattlerb/heredoc_bad_oct_escape.txt" = 0.10 s
[ 9836/31251] Prism::SnippetsTest#"test_seattlerb/heredoc_comma_arg.txt" = 0.18 s
[ 9837/31251] Prism::SnippetsTest#"test_seattlerb/heredoc_lineno.txt" = 0.17 s
[ 9838/31251] Prism::SnippetsTest#"test_seattlerb/heredoc_nested.txt" = 0.20 s
[ 9839/31251] Prism::SnippetsTest#"test_seattlerb/heredoc_squiggly.txt" = 0.16 s
[ 9840/31251] Prism::SnippetsTest#"test_seattlerb/heredoc_squiggly_blank_line_plus_interpolation.txt
" = 0.36 s
[ 9841/31251] Prism::SnippetsTest#"test_seattlerb/heredoc_squiggly_blank_lines.txt" = 0.16 s
[ 9842/31251] Prism::SnippetsTest#"test_seattlerb/heredoc_squiggly_empty.txt" = 0.18 s
[ 9843/31251] Prism::SnippetsTest#"test_seattlerb/heredoc_squiggly_interp.txt" = 0.23 s
[ 9844/31251] Prism::SnippetsTest#"test_seattlerb/heredoc_squiggly_no_indent.txt" = 0.07 s
[ 9845/31251] Prism::SnippetsTest#"test_seattlerb/heredoc_squiggly_tabs.txt" = 0.14 s
[ 9846/31251] Prism::SnippetsTest#"test_seattlerb/heredoc_squiggly_tabs_extra.txt" = 0.24 s
[ 9847/31251] Prism::SnippetsTest#"test_seattlerb/heredoc_squiggly_visually_blank_lines.txt" = 0.16
s
[ 9848/31251] Prism::SnippetsTest#"test_seattlerb/heredoc_trailing_slash_continued_call.txt" = 0.10
s
[ 9849/31251] Prism::SnippetsTest#"test_seattlerb/heredoc_unicode.txt" = 0.08 s
[ 9850/31251] Prism::SnippetsTest#"test_seattlerb/heredoc_with_carriage_return_escapes.txt" = 0.17 s
[ 9851/31251] Prism::SnippetsTest#"test_seattlerb/heredoc_with_carriage_return_escapes_windows.txt"
= 0.07 s
[ 9852/31251] Prism::SnippetsTest#"test_seattlerb/heredoc_with_extra_carriage_horrible_mix.txt" = 0.
07 s
[ 9853/31251] Prism::SnippetsTest#"test_seattlerb/heredoc_with_extra_carriage_returns.txt" = 0.07 s
[ 9854/31251] Prism::SnippetsTest#"test_seattlerb/heredoc_with_extra_carriage_returns_windows.txt" =
 0.07 s
[ 9855/31251] Prism::SnippetsTest#"test_seattlerb/heredoc_with_interpolation_and_carriage_return_esc
apes.txt" = 0.24 s
[ 9856/31251] Prism::SnippetsTest#"test_seattlerb/heredoc_with_interpolation_and_carriage_return_esc
apes_windows.txt" = 0.14 s
[ 9857/31251] Prism::SnippetsTest#"test_seattlerb/heredoc_with_not_global_interpolation.txt" = 0.07
s
[ 9858/31251] Prism::SnippetsTest#"test_seattlerb/heredoc_with_only_carriage_returns.txt" = 0.07 s
[ 9859/31251] Prism::SnippetsTest#"test_seattlerb/heredoc_with_only_carriage_returns_windows.txt" =
0.07 s
[ 9860/31251] Prism::SnippetsTest#"test_seattlerb/if_elsif.txt" = 0.23 s
[ 9861/31251] Prism::SnippetsTest#"test_seattlerb/if_symbol.txt" = 0.13 s
[ 9862/31251] Prism::SnippetsTest#"test_seattlerb/in_expr_no_case.txt" = 0.10 s
[ 9863/31251] Prism::SnippetsTest#"test_seattlerb/index_0.txt" = 0.14 s
[ 9864/31251] Prism::SnippetsTest#"test_seattlerb/index_0_opasgn.txt" = 0.25 s
[ 9865/31251] Prism::SnippetsTest#"test_seattlerb/integer_with_if_modifier.txt" = 0.10 s
[ 9866/31251] Prism::SnippetsTest#"test_seattlerb/interpolated_symbol_array_line_breaks.txt" = 0.12
s
[ 9867/31251] Prism::SnippetsTest#"test_seattlerb/interpolated_word_array_line_breaks.txt" = 0.12 s
[ 9868/31251] Prism::SnippetsTest#"test_seattlerb/iter_args_1.txt" = 0.29 s
[ 9869/31251] Prism::SnippetsTest#"test_seattlerb/iter_args_10_1.txt" = 0.21 s
[ 9870/31251] Prism::SnippetsTest#"test_seattlerb/iter_args_10_2.txt" = 0.32 s
[ 9871/31251] Prism::SnippetsTest#"test_seattlerb/iter_args_11_1.txt" = 0.23 s
[ 9872/31251] Prism::SnippetsTest#"test_seattlerb/iter_args_11_2.txt" = 0.35 s
[ 9873/31251] Prism::SnippetsTest#"test_seattlerb/iter_args_2__19.txt" = 0.19 s
[ 9874/31251] Prism::SnippetsTest#"test_seattlerb/iter_args_3.txt" = 0.32 s
[ 9875/31251] Prism::SnippetsTest#"test_seattlerb/iter_args_4.txt" = 0.19 s
[ 9876/31251] Prism::SnippetsTest#"test_seattlerb/iter_args_5.txt" = 0.25 s
[ 9877/31251] Prism::SnippetsTest#"test_seattlerb/iter_args_6.txt" = 0.20 s
[ 9878/31251] Prism::SnippetsTest#"test_seattlerb/iter_args_7_1.txt" = 0.29 s
[ 9879/31251] Prism::SnippetsTest#"test_seattlerb/iter_args_7_2.txt" = 0.21 s
[ 9880/31251] Prism::SnippetsTest#"test_seattlerb/iter_args_8_1.txt" = 0.40 s
[ 9881/31251] Prism::SnippetsTest#"test_seattlerb/iter_args_8_2.txt" = 0.55 s
[ 9882/31251] Prism::SnippetsTest#"test_seattlerb/iter_args_9_1.txt" = 0.53 s
[ 9883/31251] Prism::SnippetsTest#"test_seattlerb/iter_args_9_2.txt" = 0.46 s
[ 9884/31251] Prism::SnippetsTest#"test_seattlerb/iter_kwarg.txt" = 0.37 s
[ 9885/31251] Prism::SnippetsTest#"test_seattlerb/iter_kwarg_kwsplat.txt" = 0.37 s
[ 9886/31251] Prism::SnippetsTest#"test_seattlerb/label_vs_string.txt" = 0.22 s
[ 9887/31251] Prism::SnippetsTest#"test_seattlerb/lambda_do_vs_brace.txt" = 1.04 s
[ 9888/31251] Prism::SnippetsTest#"test_seattlerb/lasgn_arg_rescue_arg.txt" = 0.20 s
[ 9889/31251] Prism::SnippetsTest#"test_seattlerb/lasgn_call_bracket_rescue_arg.txt" = 0.30 s
[ 9890/31251] Prism::SnippetsTest#"test_seattlerb/lasgn_call_nobracket_rescue_arg.txt" = 0.32 s
[ 9891/31251] Prism::SnippetsTest#"test_seattlerb/lasgn_command.txt" = 0.33 s
[ 9892/31251] Prism::SnippetsTest#"test_seattlerb/lasgn_env.txt" = 0.16 s
[ 9893/31251] Prism::SnippetsTest#"test_seattlerb/lasgn_ivar_env.txt" = 0.17 s
[ 9894/31251] Prism::SnippetsTest#"test_seattlerb/lasgn_lasgn_command_call.txt" = 0.31 s
[ 9895/31251] Prism::SnippetsTest#"test_seattlerb/lasgn_middle_splat.txt" = 0.47 s
[ 9896/31251] Prism::SnippetsTest#"test_seattlerb/magic_encoding_comment.txt" = 0.51 s
[ 9897/31251] Prism::SnippetsTest#"test_seattlerb/masgn_anon_splat_arg.txt" = 0.23 s
[ 9898/31251] Prism::SnippetsTest#"test_seattlerb/masgn_arg_colon_arg.txt" = 0.43 s
[ 9899/31251] Prism::SnippetsTest#"test_seattlerb/masgn_arg_ident.txt" = 0.82 s
[ 9900/31251] Prism::SnippetsTest#"test_seattlerb/masgn_arg_splat_arg.txt" = 0.57 s
[ 9901/31251] Prism::SnippetsTest#"test_seattlerb/masgn_colon2.txt" = 0.79 s
[ 9902/31251] Prism::SnippetsTest#"test_seattlerb/masgn_colon3.txt" = 0.49 s
[ 9903/31251] Prism::SnippetsTest#"test_seattlerb/masgn_command_call.txt" = 0.52 s
[ 9904/31251] Prism::SnippetsTest#"test_seattlerb/masgn_double_paren.txt" = 0.43 s
[ 9905/31251] Prism::SnippetsTest#"test_seattlerb/masgn_lhs_splat.txt" = 0.42 s
[ 9906/31251] Prism::SnippetsTest#"test_seattlerb/masgn_paren.txt" = 0.49 s
[ 9907/31251] Prism::SnippetsTest#"test_seattlerb/masgn_splat_arg.txt" = 0.71 s
[ 9908/31251] Prism::SnippetsTest#"test_seattlerb/masgn_splat_arg_arg.txt" = 0.90 s
[ 9909/31251] Prism::SnippetsTest#"test_seattlerb/masgn_star.txt" = 0.09 s
[ 9910/31251] Prism::SnippetsTest#"test_seattlerb/masgn_var_star_var.txt" = 0.15 s
[ 9911/31251] Prism::SnippetsTest#"test_seattlerb/messy_op_asgn_lineno.txt" = 0.31 s
[ 9912/31251] Prism::SnippetsTest#"test_seattlerb/method_call_assoc_trailing_comma.txt" = 0.17 s
[ 9913/31251] Prism::SnippetsTest#"test_seattlerb/method_call_trailing_comma.txt" = 0.22 s
[ 9914/31251] Prism::SnippetsTest#"test_seattlerb/mlhs_back_anonsplat.txt" = 0.17 s
[ 9915/31251] Prism::SnippetsTest#"test_seattlerb/mlhs_back_splat.txt" = 0.31 s
[ 9916/31251] Prism::SnippetsTest#"test_seattlerb/mlhs_front_anonsplat.txt" = 0.17 s
[ 9917/31251] Prism::SnippetsTest#"test_seattlerb/mlhs_front_splat.txt" = 0.18 s
[ 9918/31251] Prism::SnippetsTest#"test_seattlerb/mlhs_keyword.txt" = 0.23 s
[ 9919/31251] Prism::SnippetsTest#"test_seattlerb/mlhs_mid_anonsplat.txt" = 0.22 s
[ 9920/31251] Prism::SnippetsTest#"test_seattlerb/mlhs_mid_splat.txt" = 0.32 s
[ 9921/31251] Prism::SnippetsTest#"test_seattlerb/mlhs_rescue.txt" = 0.16 s
[ 9922/31251] Prism::SnippetsTest#"test_seattlerb/module_comments.txt" = 0.27 s
[ 9923/31251] Prism::SnippetsTest#"test_seattlerb/multiline_hash_declaration.txt" = 0.53 s
[ 9924/31251] Prism::SnippetsTest#"test_seattlerb/non_interpolated_symbol_array_line_breaks.txt" = 0
.12 s
[ 9925/31251] Prism::SnippetsTest#"test_seattlerb/non_interpolated_word_array_line_breaks.txt" = 0.1
2 s
[ 9926/31251] Prism::SnippetsTest#"test_seattlerb/op_asgn_command_call.txt" = 0.24 s
[ 9927/31251] Prism::SnippetsTest#"test_seattlerb/op_asgn_dot_ident_command_call.txt" = 0.13 s
[ 9928/31251] Prism::SnippetsTest#"test_seattlerb/op_asgn_index_command_call.txt" = 0.19 s
[ 9929/31251] Prism::SnippetsTest#"test_seattlerb/op_asgn_primary_colon_const_command_call.txt" = 0.
25 s
[ 9930/31251] Prism::SnippetsTest#"test_seattlerb/op_asgn_primary_colon_identifier1.txt" = 0.10 s
[ 9931/31251] Prism::SnippetsTest#"test_seattlerb/op_asgn_primary_colon_identifier_command_call.txt"
 = 0.15 s
[ 9932/31251] Prism::SnippetsTest#"test_seattlerb/op_asgn_val_dot_ident_command_call.txt" = 0.15 s
[ 9933/31251] Prism::SnippetsTest#"test_seattlerb/parse_def_special_name.txt" = 0.08 s
[ 9934/31251] Prism::SnippetsTest#"test_seattlerb/parse_if_not_canonical.txt" = 0.35 s
[ 9935/31251] Prism::SnippetsTest#"test_seattlerb/parse_if_not_noncanonical.txt" = 0.24 s
[ 9936/31251] Prism::SnippetsTest#"test_seattlerb/parse_line_block.txt" = 0.13 s
[ 9937/31251] Prism::SnippetsTest#"test_seattlerb/parse_line_block_inline_comment.txt" = 0.23 s
[ 9938/31251] Prism::SnippetsTest#"test_seattlerb/parse_line_block_inline_comment_leading_newlines.t
xt" = 0.13 s
[ 9939/31251] Prism::SnippetsTest#"test_seattlerb/parse_line_block_inline_multiline_comment.txt" = 0
.13 s
[ 9940/31251] Prism::SnippetsTest#"test_seattlerb/parse_line_call_ivar_arg_no_parens_line_break.txt"
 = 0.10 s
[ 9941/31251] Prism::SnippetsTest#"test_seattlerb/parse_line_call_ivar_line_break_paren.txt" = 0.19
s
[ 9942/31251] Prism::SnippetsTest#"test_seattlerb/parse_line_call_no_args.txt" = 0.24 s
[ 9943/31251] Prism::SnippetsTest#"test_seattlerb/parse_line_defn_complex.txt" = 0.36 s
[ 9944/31251] Prism::SnippetsTest#"test_seattlerb/parse_line_defn_no_parens_args.txt" = 0.12 s
[ 9945/31251] Prism::SnippetsTest#"test_seattlerb/parse_line_dot2.txt" = 0.18 s
[ 9946/31251] Prism::SnippetsTest#"test_seattlerb/parse_line_dot2_open.txt" = 0.15 s
[ 9947/31251] Prism::SnippetsTest#"test_seattlerb/parse_line_dot3.txt" = 0.19 s
[ 9948/31251] Prism::SnippetsTest#"test_seattlerb/parse_line_dot3_open.txt" = 0.15 s
[ 9949/31251] Prism::SnippetsTest#"test_seattlerb/parse_line_dstr_escaped_newline.txt" = 0.24 s
[ 9950/31251] Prism::SnippetsTest#"test_seattlerb/parse_line_dstr_soft_newline.txt" = 0.12 s
[ 9951/31251] Prism::SnippetsTest#"test_seattlerb/parse_line_evstr_after_break.txt" = 0.17 s
[ 9952/31251] Prism::SnippetsTest#"test_seattlerb/parse_line_hash_lit.txt" = 0.24 s
[ 9953/31251] Prism::SnippetsTest#"test_seattlerb/parse_line_heredoc.txt" = 0.18 s
[ 9954/31251] Prism::SnippetsTest#"test_seattlerb/parse_line_heredoc_evstr.txt" = 0.17 s
[ 9955/31251] Prism::SnippetsTest#"test_seattlerb/parse_line_heredoc_hardnewline.txt" = 0.24 s
[ 9956/31251] Prism::SnippetsTest#"test_seattlerb/parse_line_heredoc_regexp_chars.txt" = 0.15 s
[ 9957/31251] Prism::SnippetsTest#"test_seattlerb/parse_line_iter_call_no_parens.txt" = 0.38 s
[ 9958/31251] Prism::SnippetsTest#"test_seattlerb/parse_line_iter_call_parens.txt" = 0.28 s
[ 9959/31251] Prism::SnippetsTest#"test_seattlerb/parse_line_multiline_str.txt" = 0.09 s
[ 9960/31251] Prism::SnippetsTest#"test_seattlerb/parse_line_multiline_str_literal_n.txt" = 0.09 s
[ 9961/31251] Prism::SnippetsTest#"test_seattlerb/parse_line_newlines.txt" = 0.06 s
[ 9962/31251] Prism::SnippetsTest#"test_seattlerb/parse_line_op_asgn.txt" = 0.13 s
[ 9963/31251] Prism::SnippetsTest#"test_seattlerb/parse_line_postexe.txt" = 0.11 s
[ 9964/31251] Prism::SnippetsTest#"test_seattlerb/parse_line_preexe.txt" = 0.19 s
[ 9965/31251] Prism::SnippetsTest#"test_seattlerb/parse_line_rescue.txt" = 0.23 s
[ 9966/31251] Prism::SnippetsTest#"test_seattlerb/parse_line_return.txt" = 0.29 s
[ 9967/31251] Prism::SnippetsTest#"test_seattlerb/parse_line_str_with_newline_escape.txt" = 0.13 s
[ 9968/31251] Prism::SnippetsTest#"test_seattlerb/parse_line_to_ary.txt" = 0.17 s
[ 9969/31251] Prism::SnippetsTest#"test_seattlerb/parse_line_trailing_newlines.txt" = 0.10 s
[ 9970/31251] Prism::SnippetsTest#"test_seattlerb/parse_opt_call_args_assocs_comma.txt" = 0.15 s
[ 9971/31251] Prism::SnippetsTest#"test_seattlerb/parse_opt_call_args_lit_comma.txt" = 0.11 s
[ 9972/31251] Prism::SnippetsTest#"test_seattlerb/parse_pattern_019.txt" = 0.16 s
[ 9973/31251] Prism::SnippetsTest#"test_seattlerb/parse_pattern_044.txt" = 0.17 s
[ 9974/31251] Prism::SnippetsTest#"test_seattlerb/parse_pattern_051.txt" = 0.22 s
[ 9975/31251] Prism::SnippetsTest#"test_seattlerb/parse_pattern_058.txt" = 0.33 s
[ 9976/31251] Prism::SnippetsTest#"test_seattlerb/parse_pattern_058_2.txt" = 0.30 s
[ 9977/31251] Prism::SnippetsTest#"test_seattlerb/parse_pattern_069.txt" = 0.22 s
[ 9978/31251] Prism::SnippetsTest#"test_seattlerb/parse_pattern_076.txt" = 0.26 s
[ 9979/31251] Prism::SnippetsTest#"test_seattlerb/parse_until_not_canonical.txt" = 0.19 s
[ 9980/31251] Prism::SnippetsTest#"test_seattlerb/parse_until_not_noncanonical.txt" = 0.18 s
[ 9981/31251] Prism::SnippetsTest#"test_seattlerb/parse_while_not_canonical.txt" = 0.19 s
[ 9982/31251] Prism::SnippetsTest#"test_seattlerb/parse_while_not_noncanonical.txt" = 0.19 s
[ 9983/31251] Prism::SnippetsTest#"test_seattlerb/pctW_lineno.txt" = 0.22 s
[ 9984/31251] Prism::SnippetsTest#"test_seattlerb/pct_Q_backslash_nl.txt" = 0.07 s
[ 9985/31251] Prism::SnippetsTest#"test_seattlerb/pct_w_heredoc_interp_nested.txt" = 0.23 s
[ 9986/31251] Prism::SnippetsTest#"test_seattlerb/pipe_semicolon.txt" = 0.16 s
[ 9987/31251] Prism::SnippetsTest#"test_seattlerb/pipe_space.txt" = 0.14 s
[ 9988/31251] Prism::SnippetsTest#"test_seattlerb/qWords_space.txt" = 0.06 s
[ 9989/31251] Prism::SnippetsTest#"test_seattlerb/qsymbols.txt" = 0.13 s
[ 9990/31251] Prism::SnippetsTest#"test_seattlerb/qsymbols_empty.txt" = 0.06 s
[ 9991/31251] Prism::SnippetsTest#"test_seattlerb/qsymbols_empty_space.txt" = 0.06 s
[ 9992/31251] Prism::SnippetsTest#"test_seattlerb/qsymbols_interp.txt" = 0.23 s
[ 9993/31251] Prism::SnippetsTest#"test_seattlerb/quoted_symbol_hash_arg.txt" = 0.15 s
[ 9994/31251] Prism::SnippetsTest#"test_seattlerb/quoted_symbol_keys.txt" = 0.12 s
[ 9995/31251] Prism::SnippetsTest#"test_seattlerb/qw_escape.txt" = 0.07 s
[ 9996/31251] Prism::SnippetsTest#"test_seattlerb/qw_escape_term.txt" = 0.07 s
[ 9997/31251] Prism::SnippetsTest#"test_seattlerb/qwords_empty.txt" = 0.06 s
[ 9998/31251] Prism::SnippetsTest#"test_seattlerb/read_escape_unicode_curlies.txt" = 0.07 s
[ 9999/31251] Prism::SnippetsTest#"test_seattlerb/read_escape_unicode_h4.txt" = 0.07 s
[10000/31251] Prism::SnippetsTest#"test_seattlerb/regexp.txt" = 0.31 s
[10001/31251] Prism::SnippetsTest#"test_seattlerb/regexp_esc_C_slash.txt" = 0.07 s
[10002/31251] Prism::SnippetsTest#"test_seattlerb/regexp_esc_u.txt" = 0.07 s
[10003/31251] Prism::SnippetsTest#"test_seattlerb/regexp_escape_extended.txt" = 0.07 s
[10004/31251] Prism::SnippetsTest#"test_seattlerb/regexp_unicode_curlies.txt" = 0.14 s
[10005/31251] Prism::SnippetsTest#"test_seattlerb/required_kwarg_no_value.txt" = 0.16 s
[10006/31251] Prism::SnippetsTest#"test_seattlerb/rescue_do_end_ensure_result.txt" = 0.24 s
[10007/31251] Prism::SnippetsTest#"test_seattlerb/rescue_do_end_no_raise.txt" = 0.33 s
[10008/31251] Prism::SnippetsTest#"test_seattlerb/rescue_do_end_raised.txt" = 0.21 s
[10009/31251] Prism::SnippetsTest#"test_seattlerb/rescue_do_end_rescued.txt" = 0.34 s
[10010/31251] Prism::SnippetsTest#"test_seattlerb/rescue_in_block.txt" = 0.18 s
[10011/31251] Prism::SnippetsTest#"test_seattlerb/rescue_parens.txt" = 0.20 s
[10012/31251] Prism::SnippetsTest#"test_seattlerb/return_call_assocs.txt" = 1.01 s
[10013/31251] Prism::SnippetsTest#"test_seattlerb/rhs_asgn.txt" = 0.09 s
[10014/31251] Prism::SnippetsTest#"test_seattlerb/ruby21_numbers.txt" = 0.13 s
[10015/31251] Prism::SnippetsTest#"test_seattlerb/safe_attrasgn.txt" = 0.13 s
[10016/31251] Prism::SnippetsTest#"test_seattlerb/safe_attrasgn_constant.txt" = 0.12 s
[10017/31251] Prism::SnippetsTest#"test_seattlerb/safe_call.txt" = 0.11 s
[10018/31251] Prism::SnippetsTest#"test_seattlerb/safe_call_after_newline.txt" = 0.10 s
[10019/31251] Prism::SnippetsTest#"test_seattlerb/safe_call_dot_parens.txt" = 0.10 s
[10020/31251] Prism::SnippetsTest#"test_seattlerb/safe_call_newline.txt" = 0.10 s
[10021/31251] Prism::SnippetsTest#"test_seattlerb/safe_call_operator.txt" = 0.12 s
[10022/31251] Prism::SnippetsTest#"test_seattlerb/safe_call_rhs_newline.txt" = 0.13 s
[10023/31251] Prism::SnippetsTest#"test_seattlerb/safe_calls.txt" = 0.16 s
[10024/31251] Prism::SnippetsTest#"test_seattlerb/safe_op_asgn.txt" = 0.15 s
[10025/31251] Prism::SnippetsTest#"test_seattlerb/safe_op_asgn2.txt" = 0.13 s
[10026/31251] Prism::SnippetsTest#"test_seattlerb/slashy_newlines_within_string.txt" = 0.24 s
[10027/31251] Prism::SnippetsTest#"test_seattlerb/stabby_arg_no_paren.txt" = 0.13 s
[10028/31251] Prism::SnippetsTest#"test_seattlerb/stabby_arg_opt_splat_arg_block_omfg.txt" = 0.24 s
[10029/31251] Prism::SnippetsTest#"test_seattlerb/stabby_block_iter_call.txt" = 0.23 s
[10030/31251] Prism::SnippetsTest#"test_seattlerb/stabby_block_iter_call_no_target_with_arg.txt" = 0
.23 s
[10031/31251] Prism::SnippetsTest#"test_seattlerb/stabby_block_kw.txt" = 0.15 s
[10032/31251] Prism::SnippetsTest#"test_seattlerb/stabby_block_kw__required.txt" = 0.14 s
[10033/31251] Prism::SnippetsTest#"test_seattlerb/stabby_proc_scope.txt" = 0.15 s
[10034/31251] Prism::SnippetsTest#"test_seattlerb/str_backslashes.txt" = 0.12 s
[10035/31251] Prism::SnippetsTest#"test_seattlerb/str_double_double_escaped_newline.txt" = 0.14 s
[10036/31251] Prism::SnippetsTest#"test_seattlerb/str_double_escaped_newline.txt" = 0.14 s
[10037/31251] Prism::SnippetsTest#"test_seattlerb/str_double_newline.txt" = 0.14 s
[10038/31251] Prism::SnippetsTest#"test_seattlerb/str_evstr.txt" = 0.15 s
[10039/31251] Prism::SnippetsTest#"test_seattlerb/str_evstr_escape.txt" = 0.18 s
[10040/31251] Prism::SnippetsTest#"test_seattlerb/str_interp_ternary_or_label.txt" = 0.40 s
[10041/31251] Prism::SnippetsTest#"test_seattlerb/str_lit_concat_bad_encodings.txt" = 0.12 s
[10042/31251] Prism::SnippetsTest#"test_seattlerb/str_newline_hash_line_number.txt" = 0.09 s
[10043/31251] Prism::SnippetsTest#"test_seattlerb/str_pct_Q_nested.txt" = 0.18 s
[10044/31251] Prism::SnippetsTest#"test_seattlerb/str_pct_nested_nested.txt" = 0.22 s
[10045/31251] Prism::SnippetsTest#"test_seattlerb/str_pct_q.txt" = 0.08 s
[10046/31251] Prism::SnippetsTest#"test_seattlerb/str_single_double_escaped_newline.txt" = 0.14 s
[10047/31251] Prism::SnippetsTest#"test_seattlerb/str_single_escaped_newline.txt" = 0.14 s
[10048/31251] Prism::SnippetsTest#"test_seattlerb/str_single_newline.txt" = 0.14 s
[10049/31251] Prism::SnippetsTest#"test_seattlerb/str_str.txt" = 0.15 s
[10050/31251] Prism::SnippetsTest#"test_seattlerb/str_str_str.txt" = 0.18 s
[10051/31251] Prism::SnippetsTest#"test_seattlerb/super_arg.txt" = 0.09 s
[10052/31251] Prism::SnippetsTest#"test_seattlerb/symbol_empty.txt" = 0.08 s
[10053/31251] Prism::SnippetsTest#"test_seattlerb/symbol_list.txt" = 0.22 s
[10054/31251] Prism::SnippetsTest#"test_seattlerb/symbols.txt" = 0.14 s
[10055/31251] Prism::SnippetsTest#"test_seattlerb/symbols_empty.txt" = 0.07 s
[10056/31251] Prism::SnippetsTest#"test_seattlerb/symbols_empty_space.txt" = 0.07 s
[10057/31251] Prism::SnippetsTest#"test_seattlerb/symbols_interp.txt" = 0.14 s
[10058/31251] Prism::SnippetsTest#"test_seattlerb/thingy.txt" = 0.24 s
[10059/31251] Prism::SnippetsTest#"test_seattlerb/uminus_float.txt" = 0.06 s
[10060/31251] Prism::SnippetsTest#"test_seattlerb/unary_minus.txt" = 0.11 s
[10061/31251] Prism::SnippetsTest#"test_seattlerb/unary_plus.txt" = 0.10 s
[10062/31251] Prism::SnippetsTest#"test_seattlerb/unary_plus_on_literal.txt" = 0.10 s
[10063/31251] Prism::SnippetsTest#"test_seattlerb/unary_tilde.txt" = 0.10 s
[10064/31251] Prism::SnippetsTest#"test_seattlerb/utf8_bom.txt" = 0.09 s
[10065/31251] Prism::SnippetsTest#"test_seattlerb/when_splat.txt" = 0.17 s
[10066/31251] Prism::SnippetsTest#"test_seattlerb/words_interp.txt" = 0.15 s
[10067/31251] Prism::SnippetsTest#"test_single_method_call_with_bang.txt" = 0.07 s
[10068/31251] Prism::SnippetsTest#"test_single_quote_heredocs.txt" = 0.07 s
[10069/31251] Prism::SnippetsTest#"test_spanning_heredoc.txt" = 2.00 s
[10070/31251] Prism::SnippetsTest#"test_strings.txt" = 4.28 s
[10071/31251] Prism::SnippetsTest#"test_super.txt" = 0.88 s
[10072/31251] Prism::SnippetsTest#"test_symbols.txt" = 3.65 s
[10073/31251] Prism::SnippetsTest#"test_ternary_operator.txt" = 1.38 s
[10074/31251] Prism::SnippetsTest#"test_tilde_heredocs.txt" = 2.37 s
[10075/31251] Prism::SnippetsTest#"test_undef.txt" = 0.86 s
[10076/31251] Prism::SnippetsTest#"test_unescaping.txt" = 0.30 s
[10077/31251] Prism::SnippetsTest#"test_unless.txt" = 0.96 s
[10078/31251] Prism::SnippetsTest#"test_unparser/corpus/literal/alias.txt" = 0.15 s
[10079/31251] Prism::SnippetsTest#"test_unparser/corpus/literal/assignment.txt" = 5.23 s
[10080/31251] Prism::SnippetsTest#"test_unparser/corpus/literal/block.txt" = 6.00 s
[10081/31251] Prism::SnippetsTest#"test_unparser/corpus/literal/case.txt" = 1.92 s
[10082/31251] Prism::SnippetsTest#"test_unparser/corpus/literal/class.txt" = 1.31 s
[10083/31251] Prism::SnippetsTest#"test_unparser/corpus/literal/def.txt" = 6.30 s
[10084/31251] Prism::SnippetsTest#"test_unparser/corpus/literal/defined.txt" = 0.29 s
[10085/31251] Prism::SnippetsTest#"test_unparser/corpus/literal/defs.txt" = 1.83 s
[10086/31251] Prism::SnippetsTest#"test_unparser/corpus/literal/dstr.txt" = 1.78 s
[10087/31251] Prism::SnippetsTest#"test_unparser/corpus/literal/empty.txt" = 0.01 s
[10088/31251] Prism::SnippetsTest#"test_unparser/corpus/literal/empty_begin.txt" = 0.07 s
[10089/31251] Prism::SnippetsTest#"test_unparser/corpus/literal/flipflop.txt" = 0.92 s
[10090/31251] Prism::SnippetsTest#"test_unparser/corpus/literal/for.txt" = 0.71 s
[10091/31251] Prism::SnippetsTest#"test_unparser/corpus/literal/hookexe.txt" = 0.20 s
[10092/31251] Prism::SnippetsTest#"test_unparser/corpus/literal/if.txt" = 15.10 s
[10093/31251] Prism::SnippetsTest#"test_unparser/corpus/literal/kwbegin.txt" = 2.93 s
[10094/31251] Prism::SnippetsTest#"test_unparser/corpus/literal/lambda.txt" = 0.79 s
[10095/31251] Prism::SnippetsTest#"test_unparser/corpus/literal/literal.txt" = 5.41 s
[10096/31251] Prism::SnippetsTest#"test_unparser/corpus/literal/module.txt" = 0.53 s
[10097/31251] Prism::SnippetsTest#"test_unparser/corpus/literal/opasgn.txt" = 1.66 s
[10098/31251] Prism::SnippetsTest#"test_unparser/corpus/literal/pattern.txt" = 1.94 s
[10099/31251] Prism::SnippetsTest#"test_unparser/corpus/literal/pragma.txt" = 0.11 s
[10100/31251] Prism::SnippetsTest#"test_unparser/corpus/literal/range.txt" = 0.25 s
[10101/31251] Prism::SnippetsTest#"test_unparser/corpus/literal/rescue.txt" = 0.35 s
[10102/31251] Prism::SnippetsTest#"test_unparser/corpus/literal/send.txt" = 6.78 s
[10103/31251] Prism::SnippetsTest#"test_unparser/corpus/literal/since/27.txt" = 0.22 s
[10104/31251] Prism::SnippetsTest#"test_unparser/corpus/literal/since/30.txt" = 0.39 s
[10105/31251] Prism::SnippetsTest#"test_unparser/corpus/literal/since/31.txt" = 0.38 s
[10106/31251] Prism::SnippetsTest#"test_unparser/corpus/literal/since/32.txt" = 0.66 s
[10107/31251] Prism::SnippetsTest#"test_unparser/corpus/literal/singletons.txt" = 0.09 s
[10108/31251] Prism::SnippetsTest#"test_unparser/corpus/literal/super.txt" = 1.31 s
[10109/31251] Prism::SnippetsTest#"test_unparser/corpus/literal/unary.txt" = 1.15 s
[10110/31251] Prism::SnippetsTest#"test_unparser/corpus/literal/undef.txt" = 0.25 s
[10111/31251] Prism::SnippetsTest#"test_unparser/corpus/literal/variables.txt" = 0.25 s
[10112/31251] Prism::SnippetsTest#"test_unparser/corpus/literal/while.txt" = 3.33 s
[10113/31251] Prism::SnippetsTest#"test_unparser/corpus/semantic/and.txt" = 0.98 s
[10114/31251] Prism::SnippetsTest#"test_unparser/corpus/semantic/block.txt" = 1.11 s
[10115/31251] Prism::SnippetsTest#"test_unparser/corpus/semantic/def.txt" = 0.35 s
[10116/31251] Prism::SnippetsTest#"test_unparser/corpus/semantic/kwbegin.txt" = 1.54 s
[10117/31251] Prism::SnippetsTest#"test_unparser/corpus/semantic/literal.txt" = 0.55 s
[10118/31251] Prism::SnippetsTest#"test_unparser/corpus/semantic/opasgn.txt" = 0.28 s
[10119/31251] Prism::SnippetsTest#"test_unparser/corpus/semantic/send.txt" = 0.65 s
[10120/31251] Prism::SnippetsTest#"test_unparser/corpus/semantic/undef.txt" = 0.24 s
[10121/31251] Prism::SnippetsTest#"test_unparser/corpus/semantic/while.txt" = 1.35 s
[10122/31251] Prism::SnippetsTest#"test_until.txt" = 1.00 s
[10123/31251] Prism::SnippetsTest#"test_variables.txt" = 2.88 s
[10124/31251] Prism::SnippetsTest#"test_while.txt" = 2.53 s
[10125/31251] Prism::SnippetsTest#"test_whitequark/__ENCODING__.txt" = 0.06 s
[10126/31251] Prism::SnippetsTest#"test_whitequark/__ENCODING___legacy_.txt" = 0.06 s
[10127/31251] Prism::SnippetsTest#"test_whitequark/alias.txt" = 0.10 s
[10128/31251] Prism::SnippetsTest#"test_whitequark/alias_gvar.txt" = 0.15 s
[10129/31251] Prism::SnippetsTest#"test_whitequark/ambiuous_quoted_label_in_ternary_operator.txt" =
0.33 s
[10130/31251] Prism::SnippetsTest#"test_whitequark/and.txt" = 0.21 s
[10131/31251] Prism::SnippetsTest#"test_whitequark/and_asgn.txt" = 0.34 s
[10132/31251] Prism::SnippetsTest#"test_whitequark/and_or_masgn.txt" = 0.50 s
[10133/31251] Prism::SnippetsTest#"test_whitequark/anonymous_blockarg.txt" = 0.18 s
[10134/31251] Prism::SnippetsTest#"test_whitequark/arg.txt" = 0.36 s
[10135/31251] Prism::SnippetsTest#"test_whitequark/arg_duplicate_ignored.txt" = 0.26 s
[10136/31251] Prism::SnippetsTest#"test_whitequark/arg_label.txt" = 0.57 s
[10137/31251] Prism::SnippetsTest#"test_whitequark/arg_scope.txt" = 0.15 s
[10138/31251] Prism::SnippetsTest#"test_whitequark/args.txt" = 5.67 s
[10139/31251] Prism::SnippetsTest#"test_whitequark/args_args_assocs.txt" = 0.47 s
[10140/31251] Prism::SnippetsTest#"test_whitequark/args_args_assocs_comma.txt" = 0.30 s
[10141/31251] Prism::SnippetsTest#"test_whitequark/args_args_comma.txt" = 0.13 s
[10142/31251] Prism::SnippetsTest#"test_whitequark/args_args_star.txt" = 0.43 s
[10143/31251] Prism::SnippetsTest#"test_whitequark/args_assocs_comma.txt" = 0.17 s
[10144/31251] Prism::SnippetsTest#"test_whitequark/args_block_pass.txt" = 0.11 s
[10145/31251] Prism::SnippetsTest#"test_whitequark/args_cmd.txt" = 0.25 s
[10146/31251] Prism::SnippetsTest#"test_whitequark/args_star.txt" = 0.28 s
[10147/31251] Prism::SnippetsTest#"test_whitequark/array_assocs.txt" = 0.33 s
[10148/31251] Prism::SnippetsTest#"test_whitequark/array_plain.txt" = 0.09 s
[10149/31251] Prism::SnippetsTest#"test_whitequark/array_splat.txt" = 0.43 s
[10150/31251] Prism::SnippetsTest#"test_whitequark/array_symbols.txt" = 0.10 s
[10151/31251] Prism::SnippetsTest#"test_whitequark/array_symbols_empty.txt" = 0.11 s
[10152/31251] Prism::SnippetsTest#"test_whitequark/array_symbols_interp.txt" = 0.39 s
[10153/31251] Prism::SnippetsTest#"test_whitequark/array_words.txt" = 0.10 s
[10154/31251] Prism::SnippetsTest#"test_whitequark/array_words_empty.txt" = 0.11 s
[10155/31251] Prism::SnippetsTest#"test_whitequark/array_words_interp.txt" = 0.35 s
[10156/31251] Prism::SnippetsTest#"test_whitequark/asgn_cmd.txt" = 0.25 s
[10157/31251] Prism::SnippetsTest#"test_whitequark/asgn_mrhs.txt" = 0.38 s
[10158/31251] Prism::SnippetsTest#"test_whitequark/back_ref.txt" = 0.06 s
[10159/31251] Prism::SnippetsTest#"test_whitequark/bang.txt" = 0.09 s
[10160/31251] Prism::SnippetsTest#"test_whitequark/bang_cmd.txt" = 0.13 s
[10161/31251] Prism::SnippetsTest#"test_whitequark/begin_cmdarg.txt" = 0.20 s
[10162/31251] Prism::SnippetsTest#"test_whitequark/beginless_erange_after_newline.txt" = 0.10 s
[10163/31251] Prism::SnippetsTest#"test_whitequark/beginless_irange_after_newline.txt" = 0.10 s
[10164/31251] Prism::SnippetsTest#"test_whitequark/beginless_range.txt" = 0.14 s
[10165/31251] Prism::SnippetsTest#"test_whitequark/blockarg.txt" = 0.13 s
[10166/31251] Prism::SnippetsTest#"test_whitequark/blockargs.txt" = 5.63 s
[10167/31251] Prism::SnippetsTest#"test_whitequark/bug_435.txt" = 0.18 s
[10168/31251] Prism::SnippetsTest#"test_whitequark/bug_447.txt" = 0.24 s
[10169/31251] Prism::SnippetsTest#"test_whitequark/bug_452.txt" = 0.23 s
[10170/31251] Prism::SnippetsTest#"test_whitequark/bug_466.txt" = 0.27 s
[10171/31251] Prism::SnippetsTest#"test_whitequark/bug_473.txt" = 0.15 s
[10172/31251] Prism::SnippetsTest#"test_whitequark/bug_480.txt" = 0.17 s
[10173/31251] Prism::SnippetsTest#"test_whitequark/bug_481.txt" = 0.18 s
[10174/31251] Prism::SnippetsTest#"test_whitequark/bug_ascii_8bit_in_literal.txt" = 0.07 s
[10175/31251] Prism::SnippetsTest#"test_whitequark/bug_cmd_string_lookahead.txt" = 0.13 s
[10176/31251] Prism::SnippetsTest#"test_whitequark/bug_cmdarg.txt" = 0.43 s
[10177/31251] Prism::SnippetsTest#"test_whitequark/bug_def_no_paren_eql_begin.txt" = 0.08 s
[10178/31251] Prism::SnippetsTest#"test_whitequark/bug_do_block_in_call_args.txt" = 0.19 s
[10179/31251] Prism::SnippetsTest#"test_whitequark/bug_do_block_in_cmdarg.txt" = 0.16 s
[10180/31251] Prism::SnippetsTest#"test_whitequark/bug_do_block_in_hash_brace.txt" = 1.37 s
[10181/31251] Prism::SnippetsTest#"test_whitequark/bug_heredoc_do.txt" = 0.12 s
[10182/31251] Prism::SnippetsTest#"test_whitequark/bug_interp_single.txt" = 0.22 s
[10183/31251] Prism::SnippetsTest#"test_whitequark/bug_lambda_leakage.txt" = 0.16 s
[10184/31251] Prism::SnippetsTest#"test_whitequark/bug_regex_verification.txt" = 0.07 s
[10185/31251] Prism::SnippetsTest#"test_whitequark/bug_rescue_empty_else.txt" = 0.12 s
[10186/31251] Prism::SnippetsTest#"test_whitequark/bug_while_not_parens_do.txt" = 0.14 s
[10187/31251] Prism::SnippetsTest#"test_whitequark/case_cond.txt" = 0.15 s
[10188/31251] Prism::SnippetsTest#"test_whitequark/case_cond_else.txt" = 0.20 s
[10189/31251] Prism::SnippetsTest#"test_whitequark/case_expr.txt" = 0.18 s
[10190/31251] Prism::SnippetsTest#"test_whitequark/case_expr_else.txt" = 0.23 s
[10191/31251] Prism::SnippetsTest#"test_whitequark/casgn_scoped.txt" = 0.10 s
[10192/31251] Prism::SnippetsTest#"test_whitequark/casgn_toplevel.txt" = 0.09 s
[10193/31251] Prism::SnippetsTest#"test_whitequark/casgn_unscoped.txt" = 0.07 s
[10194/31251] Prism::SnippetsTest#"test_whitequark/character.txt" = 0.07 s
[10195/31251] Prism::SnippetsTest#"test_whitequark/class.txt" = 0.15 s
[10196/31251] Prism::SnippetsTest#"test_whitequark/class_super.txt" = 0.09 s
[10197/31251] Prism::SnippetsTest#"test_whitequark/class_super_label.txt" = 0.14 s
[10198/31251] Prism::SnippetsTest#"test_whitequark/comments_before_leading_dot__27.txt" = 0.26 s
[10199/31251] Prism::SnippetsTest#"test_whitequark/complex.txt" = 0.24 s
[10200/31251] Prism::SnippetsTest#"test_whitequark/cond_begin.txt" = 0.17 s
[10201/31251] Prism::SnippetsTest#"test_whitequark/cond_begin_masgn.txt" = 0.21 s
[10202/31251] Prism::SnippetsTest#"test_whitequark/cond_eflipflop.txt" = 0.30 s
[10203/31251] Prism::SnippetsTest#"test_whitequark/cond_eflipflop_with_beginless_range.txt" = 0.11 s
[10204/31251] Prism::SnippetsTest#"test_whitequark/cond_eflipflop_with_endless_range.txt" = 0.11 s
[10205/31251] Prism::SnippetsTest#"test_whitequark/cond_iflipflop.txt" = 0.30 s
[10206/31251] Prism::SnippetsTest#"test_whitequark/cond_iflipflop_with_beginless_range.txt" = 0.32 s
[10207/31251] Prism::SnippetsTest#"test_whitequark/cond_iflipflop_with_endless_range.txt" = 0.11 s
[10208/31251] Prism::SnippetsTest#"test_whitequark/cond_match_current_line.txt" = 0.31 s
[10209/31251] Prism::SnippetsTest#"test_whitequark/const_op_asgn.txt" = 0.66 s
[10210/31251] Prism::SnippetsTest#"test_whitequark/const_scoped.txt" = 0.08 s
[10211/31251] Prism::SnippetsTest#"test_whitequark/const_toplevel.txt" = 0.07 s
[10212/31251] Prism::SnippetsTest#"test_whitequark/const_unscoped.txt" = 0.06 s
[10213/31251] Prism::SnippetsTest#"test_whitequark/cpath.txt" = 0.31 s
[10214/31251] Prism::SnippetsTest#"test_whitequark/cvar.txt" = 0.06 s
[10215/31251] Prism::SnippetsTest#"test_whitequark/cvasgn.txt" = 0.08 s
[10216/31251] Prism::SnippetsTest#"test_whitequark/dedenting_interpolating_heredoc_fake_line_continu
ation.txt" = 0.21 s
[10217/31251] Prism::SnippetsTest#"test_whitequark/dedenting_non_interpolating_heredoc_line_continua
tion.txt" = 0.11 s
[10218/31251] Prism::SnippetsTest#"test_whitequark/def.txt" = 0.52 s
[10219/31251] Prism::SnippetsTest#"test_whitequark/defined.txt" = 0.24 s
[10220/31251] Prism::SnippetsTest#"test_whitequark/defs.txt" = 0.57 s
[10221/31251] Prism::SnippetsTest#"test_whitequark/empty_stmt.txt" = 0.04 s
[10222/31251] Prism::SnippetsTest#"test_whitequark/endless_comparison_method.txt" = 1.11 s
[10223/31251] Prism::SnippetsTest#"test_whitequark/endless_method.txt" = 0.72 s
[10224/31251] Prism::SnippetsTest#"test_whitequark/endless_method_command_syntax.txt" = 2.15 s
[10225/31251] Prism::SnippetsTest#"test_whitequark/endless_method_forwarded_args_legacy.txt" = 0.18
s
[10226/31251] Prism::SnippetsTest#"test_whitequark/endless_method_with_rescue_mod.txt" = 0.42 s
[10227/31251] Prism::SnippetsTest#"test_whitequark/endless_method_without_args.txt" = 0.47 s
[10228/31251] Prism::SnippetsTest#"test_whitequark/ensure.txt" = 0.30 s
[10229/31251] Prism::SnippetsTest#"test_whitequark/ensure_empty.txt" = 0.09 s
[10230/31251] Prism::SnippetsTest#"test_whitequark/false.txt" = 0.06 s
[10231/31251] Prism::SnippetsTest#"test_whitequark/float.txt" = 0.10 s
[10232/31251] Prism::SnippetsTest#"test_whitequark/for.txt" = 0.47 s
[10233/31251] Prism::SnippetsTest#"test_whitequark/for_mlhs.txt" = 0.32 s
[10234/31251] Prism::SnippetsTest#"test_whitequark/forward_arg.txt" = 0.18 s
[10235/31251] Prism::SnippetsTest#"test_whitequark/forward_arg_with_open_args.txt" = 2.13 s
[10236/31251] Prism::SnippetsTest#"test_whitequark/forward_args_legacy.txt" = 0.55 s
[10237/31251] Prism::SnippetsTest#"test_whitequark/forwarded_argument_with_kwrestarg.txt" = 0.33 s
[10238/31251] Prism::SnippetsTest#"test_whitequark/forwarded_argument_with_restarg.txt" = 0.22 s
[10239/31251] Prism::SnippetsTest#"test_whitequark/forwarded_kwrestarg.txt" = 0.30 s
[10240/31251] Prism::SnippetsTest#"test_whitequark/forwarded_kwrestarg_with_additional_kwarg.txt" =
0.25 s
[10241/31251] Prism::SnippetsTest#"test_whitequark/forwarded_restarg.txt" = 0.30 s
[10242/31251] Prism::SnippetsTest#"test_whitequark/gvar.txt" = 0.06 s
[10243/31251] Prism::SnippetsTest#"test_whitequark/gvasgn.txt" = 0.08 s
[10244/31251] Prism::SnippetsTest#"test_whitequark/hash_empty.txt" = 0.06 s
[10245/31251] Prism::SnippetsTest#"test_whitequark/hash_hashrocket.txt" = 0.35 s
[10246/31251] Prism::SnippetsTest#"test_whitequark/hash_kwsplat.txt" = 0.15 s
[10247/31251] Prism::SnippetsTest#"test_whitequark/hash_label.txt" = 0.11 s
[10248/31251] Prism::SnippetsTest#"test_whitequark/hash_label_end.txt" = 0.57 s
[10249/31251] Prism::SnippetsTest#"test_whitequark/hash_pair_value_omission.txt" = 0.54 s
[10250/31251] Prism::SnippetsTest#"test_whitequark/heredoc.txt" = 0.29 s
[10251/31251] Prism::SnippetsTest#"test_whitequark/if.txt" = 0.25 s
[10252/31251] Prism::SnippetsTest#"test_whitequark/if_else.txt" = 0.47 s
[10253/31251] Prism::SnippetsTest#"test_whitequark/if_elsif.txt" = 0.24 s
[10254/31251] Prism::SnippetsTest#"test_whitequark/if_masgn__24.txt" = 0.19 s
[10255/31251] Prism::SnippetsTest#"test_whitequark/if_mod.txt" = 0.13 s
[10256/31251] Prism::SnippetsTest#"test_whitequark/if_nl_then.txt" = 0.23 s
[10257/31251] Prism::SnippetsTest#"test_whitequark/int.txt" = 0.15 s
[10258/31251] Prism::SnippetsTest#"test_whitequark/int___LINE__.txt" = 0.06 s
[10259/31251] Prism::SnippetsTest#"test_whitequark/interp_digit_var.txt" = 1.68 s
[10260/31251] Prism::SnippetsTest#"test_whitequark/ivar.txt" = 0.06 s
[10261/31251] Prism::SnippetsTest#"test_whitequark/ivasgn.txt" = 0.08 s
[10262/31251] Prism::SnippetsTest#"test_whitequark/keyword_argument_omission.txt" = 0.33 s
[10263/31251] Prism::SnippetsTest#"test_whitequark/kwarg.txt" = 0.13 s
[10264/31251] Prism::SnippetsTest#"test_whitequark/kwbegin_compstmt.txt" = 0.13 s
[10265/31251] Prism::SnippetsTest#"test_whitequark/kwnilarg.txt" = 0.48 s
[10266/31251] Prism::SnippetsTest#"test_whitequark/kwoptarg.txt" = 0.14 s
[10267/31251] Prism::SnippetsTest#"test_whitequark/kwoptarg_with_kwrestarg_and_forwarded_args.txt" =
 0.33 s
[10268/31251] Prism::SnippetsTest#"test_whitequark/kwrestarg_named.txt" = 0.13 s
[10269/31251] Prism::SnippetsTest#"test_whitequark/kwrestarg_unnamed.txt" = 0.13 s
[10270/31251] Prism::SnippetsTest#"test_whitequark/lbrace_arg_after_command_args.txt" = 0.21 s
[10271/31251] Prism::SnippetsTest#"test_whitequark/lparenarg_after_lvar__since_25.txt" = 0.39 s
[10272/31251] Prism::SnippetsTest#"test_whitequark/lvar.txt" = 0.07 s
[10273/31251] Prism::SnippetsTest#"test_whitequark/lvar_injecting_match.txt" = 0.17 s
[10274/31251] Prism::SnippetsTest#"test_whitequark/lvasgn.txt" = 0.10 s
[10275/31251] Prism::SnippetsTest#"test_whitequark/masgn.txt" = 0.53 s
[10276/31251] Prism::SnippetsTest#"test_whitequark/masgn_attr.txt" = 0.53 s
[10277/31251] Prism::SnippetsTest#"test_whitequark/masgn_cmd.txt" = 0.15 s
[10278/31251] Prism::SnippetsTest#"test_whitequark/masgn_const.txt" = 0.23 s
[10279/31251] Prism::SnippetsTest#"test_whitequark/masgn_nested.txt" = 0.41 s
[10280/31251] Prism::SnippetsTest#"test_whitequark/masgn_splat.txt" = 1.54 s
[10281/31251] Prism::SnippetsTest#"test_whitequark/method_definition_in_while_cond.txt" = 1.02 s
[10282/31251] Prism::SnippetsTest#"test_whitequark/module.txt" = 0.08 s
[10283/31251] Prism::SnippetsTest#"test_whitequark/newline_in_hash_argument.txt" = 0.87 s
[10284/31251] Prism::SnippetsTest#"test_whitequark/nil.txt" = 0.06 s
[10285/31251] Prism::SnippetsTest#"test_whitequark/nil_expression.txt" = 0.12 s
[10286/31251] Prism::SnippetsTest#"test_whitequark/non_lvar_injecting_match.txt" = 0.29 s
[10287/31251] Prism::SnippetsTest#"test_whitequark/not.txt" = 0.26 s
[10288/31251] Prism::SnippetsTest#"test_whitequark/not_cmd.txt" = 0.13 s
[10289/31251] Prism::SnippetsTest#"test_whitequark/not_masgn__24.txt" = 0.28 s
[10290/31251] Prism::SnippetsTest#"test_whitequark/nth_ref.txt" = 0.06 s
[10291/31251] Prism::SnippetsTest#"test_whitequark/numbered_args_after_27.txt" = 0.80 s
[10292/31251] Prism::SnippetsTest#"test_whitequark/numparam_outside_block.txt" = 0.70 s
[10293/31251] Prism::SnippetsTest#"test_whitequark/numparam_ruby_bug_19025.txt" = 0.19 s
[10294/31251] Prism::SnippetsTest#"test_whitequark/op_asgn.txt" = 0.31 s
[10295/31251] Prism::SnippetsTest#"test_whitequark/op_asgn_cmd.txt" = 0.60 s
[10296/31251] Prism::SnippetsTest#"test_whitequark/op_asgn_index.txt" = 0.15 s
[10297/31251] Prism::SnippetsTest#"test_whitequark/op_asgn_index_cmd.txt" = 0.19 s
[10298/31251] Prism::SnippetsTest#"test_whitequark/optarg.txt" = 0.30 s
[10299/31251] Prism::SnippetsTest#"test_whitequark/or.txt" = 0.21 s
[10300/31251] Prism::SnippetsTest#"test_whitequark/or_asgn.txt" = 0.24 s
[10301/31251] Prism::SnippetsTest#"test_whitequark/parser_bug_272.txt" = 0.17 s
[10302/31251] Prism::SnippetsTest#"test_whitequark/parser_bug_490.txt" = 0.51 s
[10303/31251] Prism::SnippetsTest#"test_whitequark/parser_bug_507.txt" = 0.16 s
[10304/31251] Prism::SnippetsTest#"test_whitequark/parser_bug_518.txt" = 0.09 s
[10305/31251] Prism::SnippetsTest#"test_whitequark/parser_bug_525.txt" = 0.24 s
[10306/31251] Prism::SnippetsTest#"test_whitequark/parser_bug_604.txt" = 0.19 s
[10307/31251] Prism::SnippetsTest#"test_whitequark/parser_bug_640.txt" = 0.11 s
[10308/31251] Prism::SnippetsTest#"test_whitequark/parser_bug_645.txt" = 0.15 s
[10309/31251] Prism::SnippetsTest#"test_whitequark/parser_bug_830.txt" = 0.07 s
[10310/31251] Prism::SnippetsTest#"test_whitequark/parser_bug_989.txt" = 0.07 s
[10311/31251] Prism::SnippetsTest#"test_whitequark/parser_drops_truncated_parts_of_squiggly_heredoc.
txt" = 0.11 s
[10312/31251] Prism::SnippetsTest#"test_whitequark/parser_slash_slash_n_escaping_in_literals.txt" =
1.19 s
[10313/31251] Prism::SnippetsTest#"test_whitequark/pattern_matching__FILE__LINE_literals.txt" = 0.24
 s
[10314/31251] Prism::SnippetsTest#"test_whitequark/pattern_matching_blank_else.txt" = 0.15 s
[10315/31251] Prism::SnippetsTest#"test_whitequark/pattern_matching_else.txt" = 0.17 s
[10316/31251] Prism::SnippetsTest#"test_whitequark/pattern_matching_single_line.txt" = 0.24 s
[10317/31251] Prism::SnippetsTest#"test_whitequark/pattern_matching_single_line_allowed_omission_of_
parentheses.txt" = 1.16 s
[10318/31251] Prism::SnippetsTest#"test_whitequark/postexe.txt" = 0.09 s
[10319/31251] Prism::SnippetsTest#"test_whitequark/preexe.txt" = 0.09 s
[10320/31251] Prism::SnippetsTest#"test_whitequark/procarg0.txt" = 0.29 s
[10321/31251] Prism::SnippetsTest#"test_whitequark/range_exclusive.txt" = 0.08 s
[10322/31251] Prism::SnippetsTest#"test_whitequark/range_inclusive.txt" = 0.09 s
[10323/31251] Prism::SnippetsTest#"test_whitequark/rational.txt" = 0.11 s
[10324/31251] Prism::SnippetsTest#"test_whitequark/regex_interp.txt" = 0.17 s
[10325/31251] Prism::SnippetsTest#"test_whitequark/regex_plain.txt" = 0.07 s
[10326/31251] Prism::SnippetsTest#"test_whitequark/resbody_list.txt" = 0.18 s
[10327/31251] Prism::SnippetsTest#"test_whitequark/resbody_list_mrhs.txt" = 0.20 s
[10328/31251] Prism::SnippetsTest#"test_whitequark/resbody_list_var.txt" = 0.21 s
[10329/31251] Prism::SnippetsTest#"test_whitequark/resbody_var.txt" = 0.35 s
[10330/31251] Prism::SnippetsTest#"test_whitequark/rescue.txt" = 0.16 s
[10331/31251] Prism::SnippetsTest#"test_whitequark/rescue_else.txt" = 0.22 s
[10332/31251] Prism::SnippetsTest#"test_whitequark/rescue_else_ensure.txt" = 0.28 s
[10333/31251] Prism::SnippetsTest#"test_whitequark/rescue_ensure.txt" = 0.22 s
[10334/31251] Prism::SnippetsTest#"test_whitequark/rescue_in_lambda_block.txt" = 0.12 s
[10335/31251] Prism::SnippetsTest#"test_whitequark/rescue_mod.txt" = 0.11 s
[10336/31251] Prism::SnippetsTest#"test_whitequark/rescue_mod_asgn.txt" = 0.14 s
[10337/31251] Prism::SnippetsTest#"test_whitequark/rescue_mod_masgn.txt" = 0.19 s
[10338/31251] Prism::SnippetsTest#"test_whitequark/rescue_mod_op_assign.txt" = 0.14 s
[10339/31251] Prism::SnippetsTest#"test_whitequark/rescue_without_begin_end.txt" = 0.21 s
[10340/31251] Prism::SnippetsTest#"test_whitequark/restarg_named.txt" = 0.13 s
[10341/31251] Prism::SnippetsTest#"test_whitequark/restarg_unnamed.txt" = 0.13 s
[10342/31251] Prism::SnippetsTest#"test_whitequark/return.txt" = 0.34 s
[10343/31251] Prism::SnippetsTest#"test_whitequark/return_block.txt" = 0.15 s
[10344/31251] Prism::SnippetsTest#"test_whitequark/ruby_bug_10279.txt" = 0.16 s
[10345/31251] Prism::SnippetsTest#"test_whitequark/ruby_bug_10653.txt" = 0.70 s
[10346/31251] Prism::SnippetsTest#"test_whitequark/ruby_bug_11107.txt" = 0.19 s
[10347/31251] Prism::SnippetsTest#"test_whitequark/ruby_bug_11380.txt" = 0.22 s
[10348/31251] Prism::SnippetsTest#"test_whitequark/ruby_bug_11873.txt" = 2.73 s
[10349/31251] Prism::SnippetsTest#"test_whitequark/ruby_bug_11873_a.txt" = 5.67 s
[10350/31251] Prism::SnippetsTest#"test_whitequark/ruby_bug_11873_b.txt" = 0.31 s
[10351/31251] Prism::SnippetsTest#"test_whitequark/ruby_bug_11989.txt" = 0.25 s
[10352/31251] Prism::SnippetsTest#"test_whitequark/ruby_bug_11990.txt" = 0.15 s
[10353/31251] Prism::SnippetsTest#"test_whitequark/ruby_bug_12073.txt" = 0.53 s
[10354/31251] Prism::SnippetsTest#"test_whitequark/ruby_bug_12402.txt" = 3.11 s
[10355/31251] Prism::SnippetsTest#"test_whitequark/ruby_bug_12669.txt" = 0.74 s
[10356/31251] Prism::SnippetsTest#"test_whitequark/ruby_bug_12686.txt" = 0.18 s
[10357/31251] Prism::SnippetsTest#"test_whitequark/ruby_bug_13547.txt" = 0.24 s
[10358/31251] Prism::SnippetsTest#"test_whitequark/ruby_bug_14690.txt" = 0.23 s
[10359/31251] Prism::SnippetsTest#"test_whitequark/ruby_bug_15789.txt" = 0.65 s
[10360/31251] Prism::SnippetsTest#"test_whitequark/ruby_bug_9669.txt" = 0.38 s
[10361/31251] Prism::SnippetsTest#"test_whitequark/sclass.txt" = 0.13 s
[10362/31251] Prism::SnippetsTest#"test_whitequark/self.txt" = 0.06 s
[10363/31251] Prism::SnippetsTest#"test_whitequark/send_attr_asgn.txt" = 0.56 s
[10364/31251] Prism::SnippetsTest#"test_whitequark/send_attr_asgn_conditional.txt" = 0.12 s
[10365/31251] Prism::SnippetsTest#"test_whitequark/send_binary_op.txt" = 2.77 s
[10366/31251] Prism::SnippetsTest#"test_whitequark/send_block_chain_cmd.txt" = 1.58 s
[10367/31251] Prism::SnippetsTest#"test_whitequark/send_block_conditional.txt" = 0.12 s
[10368/31251] Prism::SnippetsTest#"test_whitequark/send_call.txt" = 0.35 s
[10369/31251] Prism::SnippetsTest#"test_whitequark/send_conditional.txt" = 0.10 s
[10370/31251] Prism::SnippetsTest#"test_whitequark/send_index.txt" = 0.14 s
[10371/31251] Prism::SnippetsTest#"test_whitequark/send_index_asgn.txt" = 0.25 s
[10372/31251] Prism::SnippetsTest#"test_whitequark/send_index_asgn_legacy.txt" = 0.15 s
[10373/31251] Prism::SnippetsTest#"test_whitequark/send_index_cmd.txt" = 0.18 s
[10374/31251] Prism::SnippetsTest#"test_whitequark/send_index_legacy.txt" = 0.25 s
[10375/31251] Prism::SnippetsTest#"test_whitequark/send_lambda.txt" = 0.26 s
[10376/31251] Prism::SnippetsTest#"test_whitequark/send_lambda_args.txt" = 0.37 s
[10377/31251] Prism::SnippetsTest#"test_whitequark/send_lambda_args_noparen.txt" = 0.28 s
[10378/31251] Prism::SnippetsTest#"test_whitequark/send_lambda_args_shadow.txt" = 0.28 s
[10379/31251] Prism::SnippetsTest#"test_whitequark/send_lambda_legacy.txt" = 0.08 s
[10380/31251] Prism::SnippetsTest#"test_whitequark/send_op_asgn_conditional.txt" = 0.12 s
[10381/31251] Prism::SnippetsTest#"test_whitequark/send_plain.txt" = 0.40 s
[10382/31251] Prism::SnippetsTest#"test_whitequark/send_plain_cmd.txt" = 0.50 s
[10383/31251] Prism::SnippetsTest#"test_whitequark/send_self.txt" = 0.23 s
[10384/31251] Prism::SnippetsTest#"test_whitequark/send_self_block.txt" = 0.49 s
[10385/31251] Prism::SnippetsTest#"test_whitequark/send_unary_op.txt" = 0.28 s
[10386/31251] Prism::SnippetsTest#"test_whitequark/slash_newline_in_heredocs.txt" = 0.17 s
[10387/31251] Prism::SnippetsTest#"test_whitequark/space_args_arg.txt" = 0.13 s
[10388/31251] Prism::SnippetsTest#"test_whitequark/space_args_arg_block.txt" = 0.61 s
[10389/31251] Prism::SnippetsTest#"test_whitequark/space_args_arg_call.txt" = 0.16 s
[10390/31251] Prism::SnippetsTest#"test_whitequark/space_args_arg_newline.txt" = 0.24 s
[10391/31251] Prism::SnippetsTest#"test_whitequark/space_args_block.txt" = 0.13 s
[10392/31251] Prism::SnippetsTest#"test_whitequark/space_args_cmd.txt" = 0.18 s
[10393/31251] Prism::SnippetsTest#"test_whitequark/string___FILE__.txt" = 0.17 s
[10394/31251] Prism::SnippetsTest#"test_whitequark/string_concat.txt" = 0.16 s
[10395/31251] Prism::SnippetsTest#"test_whitequark/string_dvar.txt" = 0.20 s
[10396/31251] Prism::SnippetsTest#"test_whitequark/string_interp.txt" = 0.29 s
[10397/31251] Prism::SnippetsTest#"test_whitequark/string_plain.txt" = 0.14 s
[10398/31251] Prism::SnippetsTest#"test_whitequark/super.txt" = 0.38 s
[10399/31251] Prism::SnippetsTest#"test_whitequark/super_block.txt" = 0.22 s
[10400/31251] Prism::SnippetsTest#"test_whitequark/symbol_interp.txt" = 0.17 s
[10401/31251] Prism::SnippetsTest#"test_whitequark/symbol_plain.txt" = 0.25 s
[10402/31251] Prism::SnippetsTest#"test_whitequark/ternary.txt" = 0.16 s
[10403/31251] Prism::SnippetsTest#"test_whitequark/ternary_ambiguous_symbol.txt" = 0.24 s
[10404/31251] Prism::SnippetsTest#"test_whitequark/trailing_forward_arg.txt" = 0.25 s
[10405/31251] Prism::SnippetsTest#"test_whitequark/true.txt" = 0.06 s
[10406/31251] Prism::SnippetsTest#"test_whitequark/unary_num_pow_precedence.txt" = 0.47 s
[10407/31251] Prism::SnippetsTest#"test_whitequark/undef.txt" = 0.20 s
[10408/31251] Prism::SnippetsTest#"test_whitequark/unless.txt" = 0.39 s
[10409/31251] Prism::SnippetsTest#"test_whitequark/unless_else.txt" = 0.51 s
[10410/31251] Prism::SnippetsTest#"test_whitequark/unless_mod.txt" = 0.14 s
[10411/31251] Prism::SnippetsTest#"test_whitequark/until.txt" = 0.27 s
[10412/31251] Prism::SnippetsTest#"test_whitequark/until_mod.txt" = 0.14 s
[10413/31251] Prism::SnippetsTest#"test_whitequark/until_post.txt" = 0.17 s
[10414/31251] Prism::SnippetsTest#"test_whitequark/var_and_asgn.txt" = 0.09 s
[10415/31251] Prism::SnippetsTest#"test_whitequark/var_op_asgn.txt" = 0.47 s
[10416/31251] Prism::SnippetsTest#"test_whitequark/var_op_asgn_cmd.txt" = 0.13 s
[10417/31251] Prism::SnippetsTest#"test_whitequark/var_or_asgn.txt" = 0.20 s
[10418/31251] Prism::SnippetsTest#"test_whitequark/when_multi.txt" = 0.22 s
[10419/31251] Prism::SnippetsTest#"test_whitequark/when_splat.txt" = 0.39 s
[10420/31251] Prism::SnippetsTest#"test_whitequark/when_then.txt" = 0.19 s
[10421/31251] Prism::SnippetsTest#"test_whitequark/while.txt" = 0.38 s
[10422/31251] Prism::SnippetsTest#"test_whitequark/while_mod.txt" = 0.14 s
[10423/31251] Prism::SnippetsTest#"test_whitequark/while_post.txt" = 0.17 s
[10424/31251] Prism::SnippetsTest#"test_whitequark/xstring_interp.txt" = 0.29 s
[10425/31251] Prism::SnippetsTest#"test_whitequark/xstring_plain.txt" = 0.07 s
[10426/31251] Prism::SnippetsTest#"test_whitequark/zsuper.txt" = 0.06 s
[10427/31251] Prism::SnippetsTest#"test_xstring.txt" = 0.57 s
[10428/31251] Prism::SnippetsTest#"test_xstring_with_backslash.txt" = 0.07 s
[10429/31251] Prism::SnippetsTest#"test_yield.txt" = 0.54 s
[10430/31251] Prism::SourceLocationTest#test_AliasGlobalVariableNode = 0.02 s
[10431/31251] Prism::SourceLocationTest#test_AliasMethodNode = 0.02 s
[10432/31251] Prism::SourceLocationTest#test_AlternationPatternNode = 0.02 s
[10433/31251] Prism::SourceLocationTest#test_AndNode = 0.03 s
[10434/31251] Prism::SourceLocationTest#test_ArgumentsNode = 0.02 s
[10435/31251] Prism::SourceLocationTest#test_ArrayNode = 0.05 s
[10436/31251] Prism::SourceLocationTest#test_ArrayPatternNode = 0.06 s
[10437/31251] Prism::SourceLocationTest#test_AssocNode = 0.03 s
[10438/31251] Prism::SourceLocationTest#test_AssocSplatNode = 0.02 s
[10439/31251] Prism::SourceLocationTest#test_BackReferenceReadNode = 0.02 s
[10440/31251] Prism::SourceLocationTest#test_BeginNode = 0.07 s
[10441/31251] Prism::SourceLocationTest#test_BlockArgumentNode = 0.02 s
[10442/31251] Prism::SourceLocationTest#test_BlockLocalVariableNode = 0.01 s
[10443/31251] Prism::SourceLocationTest#test_BlockNode = 0.02 s
[10444/31251] Prism::SourceLocationTest#test_BlockParameterNode = 0.01 s
[10445/31251] Prism::SourceLocationTest#test_BlockParametersNode = 0.05 s
[10446/31251] Prism::SourceLocationTest#test_BreakNode = 0.04 s
[10447/31251] Prism::SourceLocationTest#test_CallAndWriteNode = 0.02 s
[10448/31251] Prism::SourceLocationTest#test_CallNode = 0.45 s
[10449/31251] Prism::SourceLocationTest#test_CallOperatorWriteNode = 0.02 s
[10450/31251] Prism::SourceLocationTest#test_CallOrWriteNode = 0.02 s
[10451/31251] Prism::SourceLocationTest#test_CallTargetNode = 0.02 s
[10452/31251] Prism::SourceLocationTest#test_CapturePatternNode = 0.02 s
[10453/31251] Prism::SourceLocationTest#test_CaseMatchNode = 0.05 s
[10454/31251] Prism::SourceLocationTest#test_CaseNode = 0.05 s
[10455/31251] Prism::SourceLocationTest#test_ClassNode = 0.02 s
[10456/31251] Prism::SourceLocationTest#test_ClassVariableAndWriteNode = 0.02 s
[10457/31251] Prism::SourceLocationTest#test_ClassVariableOperatorWriteNode = 0.02 s
[10458/31251] Prism::SourceLocationTest#test_ClassVariableOrWriteNode = 0.02 s
[10459/31251] Prism::SourceLocationTest#test_ClassVariableReadNode = 0.02 s
[10460/31251] Prism::SourceLocationTest#test_ClassVariableTargetNode = 0.02 s
[10461/31251] Prism::SourceLocationTest#test_ClassVariableWriteNode = 0.02 s
[10462/31251] Prism::SourceLocationTest#test_ConstantAndWriteNode = 0.02 s
[10463/31251] Prism::SourceLocationTest#test_ConstantOperatorWriteNode = 0.02 s
[10464/31251] Prism::SourceLocationTest#test_ConstantOrWriteNode = 0.02 s
[10465/31251] Prism::SourceLocationTest#test_ConstantPathAndWriteNode = 0.02 s
[10466/31251] Prism::SourceLocationTest#test_ConstantPathNode = 0.04 s
[10467/31251] Prism::SourceLocationTest#test_ConstantPathOperatorWriteNode = 0.02 s
[10468/31251] Prism::SourceLocationTest#test_ConstantPathOrWriteNode = 0.02 s
[10469/31251] Prism::SourceLocationTest#test_ConstantPathTargetNode = 0.02 s
[10470/31251] Prism::SourceLocationTest#test_ConstantPathWriteNode = 0.03 s
[10471/31251] Prism::SourceLocationTest#test_ConstantReadNode = 0.02 s
[10472/31251] Prism::SourceLocationTest#test_ConstantTargetNode = 0.02 s
[10473/31251] Prism::SourceLocationTest#test_ConstantWriteNode = 0.02 s
[10474/31251] Prism::SourceLocationTest#test_DefNode = 0.04 s
[10475/31251] Prism::SourceLocationTest#test_DefinedNode = 0.03 s
[10476/31251] Prism::SourceLocationTest#test_ElseNode = 0.03 s
[10477/31251] Prism::SourceLocationTest#test_EmbeddedStatementsNode = 0.02 s
[10478/31251] Prism::SourceLocationTest#test_EmbeddedVariableNode = 0.02 s
[10479/31251] Prism::SourceLocationTest#test_EnsureNode = 0.02 s
[10480/31251] Prism::SourceLocationTest#test_FalseNode = 0.02 s
[10481/31251] Prism::SourceLocationTest#test_FindPatternNode = 0.02 s
[10482/31251] Prism::SourceLocationTest#test_FlipFlopNode = 0.02 s
[10483/31251] Prism::SourceLocationTest#test_FloatNode = 0.04 s
[10484/31251] Prism::SourceLocationTest#test_ForNode = 0.03 s
[10485/31251] Prism::SourceLocationTest#test_ForwardingArgumentsNode = 0.02 s
[10486/31251] Prism::SourceLocationTest#test_ForwardingParameterNode = 0.02 s
[10487/31251] Prism::SourceLocationTest#test_ForwardingSuperNode = 0.02 s
[10488/31251] Prism::SourceLocationTest#test_GlobalVariableAndWriteNode = 0.02 s
[10489/31251] Prism::SourceLocationTest#test_GlobalVariableOperatorWriteNode = 0.02 s
[10490/31251] Prism::SourceLocationTest#test_GlobalVariableOrWriteNode = 0.02 s
[10491/31251] Prism::SourceLocationTest#test_GlobalVariableReadNode = 0.02 s
[10492/31251] Prism::SourceLocationTest#test_GlobalVariableTargetNode = 0.02 s
[10493/31251] Prism::SourceLocationTest#test_GlobalVariableWriteNode = 0.02 s
[10494/31251] Prism::SourceLocationTest#test_HashNode = 0.03 s
[10495/31251] Prism::SourceLocationTest#test_HashPatternNode = 0.02 s
[10496/31251] Prism::SourceLocationTest#test_IfNode = 0.02 s
[10497/31251] Prism::SourceLocationTest#test_ImaginaryNode = 0.02 s
[10498/31251] Prism::SourceLocationTest#test_ImplicitNode = 0.03 s
[10499/31251] Prism::SourceLocationTest#test_ImplicitRestNode = 0.04 s
[10500/31251] Prism::SourceLocationTest#test_InNode = 0.01 s
[10501/31251] Prism::SourceLocationTest#test_IndexAndWriteNode = 0.02 s
[10502/31251] Prism::SourceLocationTest#test_IndexOperatorWriteNode = 0.02 s
[10503/31251] Prism::SourceLocationTest#test_IndexOrWriteNode = 0.02 s
[10504/31251] Prism::SourceLocationTest#test_IndexTargetNode = 0.02 s
[10505/31251] Prism::SourceLocationTest#test_InstanceVariableAndWriteNode = 0.02 s
[10506/31251] Prism::SourceLocationTest#test_InstanceVariableOperatorWriteNode = 0.02 s
[10507/31251] Prism::SourceLocationTest#test_InstanceVariableOrWriteNode = 0.02 s
[10508/31251] Prism::SourceLocationTest#test_InstanceVariableReadNode = 0.02 s
[10509/31251] Prism::SourceLocationTest#test_InstanceVariableTargetNode = 0.02 s
[10510/31251] Prism::SourceLocationTest#test_InstanceVariableWriteNode = 0.02 s
[10511/31251] Prism::SourceLocationTest#test_IntegerNode = 0.08 s
[10512/31251] Prism::SourceLocationTest#test_InterpolatedMatchLastLineNode = 0.02 s
[10513/31251] Prism::SourceLocationTest#test_InterpolatedRegularExpressionNode = 0.03 s
[10514/31251] Prism::SourceLocationTest#test_InterpolatedStringNode = 0.03 s
[10515/31251] Prism::SourceLocationTest#test_InterpolatedSymbolNode = 0.02 s
[10516/31251] Prism::SourceLocationTest#test_InterpolatedXStringNode = 0.02 s
[10517/31251] Prism::SourceLocationTest#test_ItLocalVariableReadNode = 0.04 s
[10518/31251] Prism::SourceLocationTest#test_ItParametersNode = 0.02 s
[10519/31251] Prism::SourceLocationTest#test_KeywordHashNode = 0.02 s
[10520/31251] Prism::SourceLocationTest#test_KeywordRestParameterNode = 0.02 s
[10521/31251] Prism::SourceLocationTest#test_LambdaNode = 0.02 s
[10522/31251] Prism::SourceLocationTest#test_LocalVariableAndWriteNode = 0.02 s
[10523/31251] Prism::SourceLocationTest#test_LocalVariableOperatorWriteNode = 0.03 s
[10524/31251] Prism::SourceLocationTest#test_LocalVariableOrWriteNode = 0.03 s
[10525/31251] Prism::SourceLocationTest#test_LocalVariableReadNode = 0.02 s
[10526/31251] Prism::SourceLocationTest#test_LocalVariableTargetNode = 0.02 s
[10527/31251] Prism::SourceLocationTest#test_LocalVariableWriteNode = 0.02 s
[10528/31251] Prism::SourceLocationTest#test_MatchLastLineNode = 0.02 s
[10529/31251] Prism::SourceLocationTest#test_MatchPredicateNode = 0.02 s
[10530/31251] Prism::SourceLocationTest#test_MatchRequiredNode = 0.02 s
[10531/31251] Prism::SourceLocationTest#test_MatchWriteNode = 0.02 s
[10532/31251] Prism::SourceLocationTest#test_ModuleNode = 0.02 s
[10533/31251] Prism::SourceLocationTest#test_MultiTargetNode = 0.03 s
[10534/31251] Prism::SourceLocationTest#test_MultiWriteNode = 0.04 s
[10535/31251] Prism::SourceLocationTest#test_NextNode = 0.04 s
[10536/31251] Prism::SourceLocationTest#test_NilNode = 0.02 s
[10537/31251] Prism::SourceLocationTest#test_NoKeywordsParameterNode = 0.01 s
[10538/31251] Prism::SourceLocationTest#test_NumberedParametersNode = 0.03 s
[10539/31251] Prism::SourceLocationTest#test_NumberedReferenceReadNode = 0.02 s
[10540/31251] Prism::SourceLocationTest#test_OptionalKeywordParameterNode = 0.01 s
[10541/31251] Prism::SourceLocationTest#test_OptionalParameterNode = 0.02 s
[10542/31251] Prism::SourceLocationTest#test_OrNode = 0.03 s
[10543/31251] Prism::SourceLocationTest#test_ParametersNode = 0.01 s
[10544/31251] Prism::SourceLocationTest#test_ParenthesesNode = 0.04 s
[10545/31251] Prism::SourceLocationTest#test_PinnedExpressionNode = 0.02 s
[10546/31251] Prism::SourceLocationTest#test_PinnedVariableNode = 0.03 s
[10547/31251] Prism::SourceLocationTest#test_PostExecutionNode = 0.02 s
[10548/31251] Prism::SourceLocationTest#test_PreExecutionNode = 0.03 s
[10549/31251] Prism::SourceLocationTest#test_RangeNode = 0.06 s
[10550/31251] Prism::SourceLocationTest#test_RationalNode = 0.02 s
[10551/31251] Prism::SourceLocationTest#test_RedoNode = 0.01 s
[10552/31251] Prism::SourceLocationTest#test_RegularExpressionNode = 0.03 s
[10553/31251] Prism::SourceLocationTest#test_RequiredKeywordParameterNode = 0.01 s
[10554/31251] Prism::SourceLocationTest#test_RequiredParameterNode = 0.01 s
[10555/31251] Prism::SourceLocationTest#test_RescueModifierNode = 0.02 s
[10556/31251] Prism::SourceLocationTest#test_RescueNode = 0.02 s
[10557/31251] Prism::SourceLocationTest#test_RestParameterNode = 0.01 s
[10558/31251] Prism::SourceLocationTest#test_RetryNode = 0.02 s
[10559/31251] Prism::SourceLocationTest#test_ReturnNode = 0.04 s
[10560/31251] Prism::SourceLocationTest#test_SelfNode = 0.02 s
[10561/31251] Prism::SourceLocationTest#test_ShareableConstantNode = 0.02 s
[10562/31251] Prism::SourceLocationTest#test_SingletonClassNode = 0.02 s
[10563/31251] Prism::SourceLocationTest#test_SourceEncodingNode = 0.02 s
[10564/31251] Prism::SourceLocationTest#test_SourceFileNode = 0.02 s
[10565/31251] Prism::SourceLocationTest#test_SourceLineNode = 0.02 s
[10566/31251] Prism::SourceLocationTest#test_SplatNode = 0.02 s
[10567/31251] Prism::SourceLocationTest#test_StatementsNode = 0.20 s
[10568/31251] Prism::SourceLocationTest#test_StringNode = 0.03 s
[10569/31251] Prism::SourceLocationTest#test_SuperNode = 0.06 s
[10570/31251] Prism::SourceLocationTest#test_SymbolNode = 0.02 s
[10571/31251] Prism::SourceLocationTest#test_TrueNode = 0.02 s
[10572/31251] Prism::SourceLocationTest#test_UndefNode = 0.02 s
[10573/31251] Prism::SourceLocationTest#test_UnlessNode = 0.03 s
[10574/31251] Prism::SourceLocationTest#test_UntilNode = 0.03 s
[10575/31251] Prism::SourceLocationTest#test_WhenNode = 0.02 s
[10576/31251] Prism::SourceLocationTest#test_WhileNode = 0.03 s
[10577/31251] Prism::SourceLocationTest#test_XStringNode = 0.02 s
[10578/31251] Prism::SourceLocationTest#test_YieldNode = 0.04 s
[10579/31251] Prism::SourceLocationTest#test_all_tested = 0.23 s
[10580/31251] Prism::StaticInspectTest#test_false = 0.02 s
[10581/31251] Prism::StaticInspectTest#test_float = 0.06 s
[10582/31251] Prism::StaticInspectTest#test_imaginary = 0.02 s
[10583/31251] Prism::StaticInspectTest#test_integer = 0.02 s
[10584/31251] Prism::StaticInspectTest#test_nil = 0.01 s
[10585/31251] Prism::StaticInspectTest#test_rational = 0.03 s
[10586/31251] Prism::StaticInspectTest#test_regular_expression = 0.03 s
[10587/31251] Prism::StaticInspectTest#test_source_encoding = 0.02 s
[10588/31251] Prism::StaticInspectTest#test_source_file = 0.01 s
[10589/31251] Prism::StaticInspectTest#test_source_line = 0.02 s
[10590/31251] Prism::StaticInspectTest#test_string = 0.02 s
[10591/31251] Prism::StaticInspectTest#test_symbol = 0.02 s
[10592/31251] Prism::StaticInspectTest#test_true = 0.01 s
[10593/31251] Prism::StaticLiteralsTest#test_static_literals = 0.42 s
[10594/31251] Prism::StringEncodingTest#"test_ASCII-8BIT" = 0.58 s
[10595/31251] Prism::StringEncodingTest#"test_US-ASCII" = 0.57 s
[10596/31251] Prism::StringEncodingTest#"test_Windows-1253" = 0.58 s
[10597/31251] Prism::StringEncodingTest#test_coding = 0.01 s
[10598/31251] Prism::StringEncodingTest#test_coding_with_whitespace = 0.01 s
[10599/31251] Prism::StringEncodingTest#test_emacs_style = 0.01 s
[10600/31251] Prism::StringEncodingTest#test_first_lexed_token = 0.01 s
[10601/31251] Prism::StringEncodingTest#test_multibyte_escapes = 0.01 s
[10602/31251] Prism::StringEncodingTest#test_slice_encoding = 0.01 s
[10603/31251] Prism::StringEncodingTest#test_strpbrk_multibyte = 0.01 s
[10604/31251] Prism::StringEncodingTest#test_utf_8_dos = 0.01 s
[10605/31251] Prism::StringEncodingTest#test_utf_8_mac = 0.01 s
[10606/31251] Prism::StringEncodingTest#test_utf_8_star = 0.01 s
[10607/31251] Prism::StringEncodingTest#test_utf_8_unix = 0.01 s
[10608/31251] Prism::StringQueryTest#test_constant? = 0.02 s
[10609/31251] Prism::StringQueryTest#test_invalid_encoding = 0.01 s
[10610/31251] Prism::StringQueryTest#test_local? = 0.02 s
[10611/31251] Prism::StringQueryTest#test_method_name? = 0.02 s
[10612/31251] Prism::SymbolEncodingTest#"test_escapes_ASCII-8BIT" = 0.53 s
[10613/31251] Prism::SymbolEncodingTest#"test_escapes_US-ASCII" = 0.51 s
[10614/31251] Prism::SymbolEncodingTest#"test_escapes_Windows-1253" = 0.53 s
[10615/31251] Prism::SymbolEncodingTest#"test_symbols_ASCII-8BIT" = 0.03 s
[10616/31251] Prism::SymbolEncodingTest#"test_symbols_US-ASCII" = 0.03 s
[10617/31251] Prism::SymbolEncodingTest#"test_symbols_Windows-1253" = 0.03 s
[10618/31251] Prism::TestCompilePrism#test_AliasGlobalVariableNode = 0.04 s
[10619/31251] Prism::TestCompilePrism#test_AliasMethodNode = 0.03 s
[10620/31251] Prism::TestCompilePrism#test_AlternationPatternNode = 0.10 s
[10621/31251] Prism::TestCompilePrism#test_AndNode = 0.04 s
[10622/31251] Prism::TestCompilePrism#test_ArgumentsNode = 0.01 s
[10623/31251] Prism::TestCompilePrism#test_ArrayNode = 0.39 s
[10624/31251] Prism::TestCompilePrism#test_ArrayPatternNode = 2.45 s
[10625/31251] Prism::TestCompilePrism#test_AssocNode = 0.03 s
[10626/31251] Prism::TestCompilePrism#test_AssocSplatNode = 0.20 s
[10627/31251] Prism::TestCompilePrism#test_BackReferenceReadNode = 0.03 s
[10628/31251] Prism::TestCompilePrism#test_BeginNode = 0.04 s
[10629/31251] Prism::TestCompilePrism#test_BlockArgumentNode = 0.07 s
[10630/31251] Prism::TestCompilePrism#test_BlockLocalVariableNode = 0.07 s
[10631/31251] Prism::TestCompilePrism#test_BlockNode = 0.39 s
[10632/31251] Prism::TestCompilePrism#test_BlockParameterNode = 0.11 s
[10633/31251] Prism::TestCompilePrism#test_BlockParametersNode = 0.13 s
[10634/31251] Prism::TestCompilePrism#test_BreakNode = 0.13 s
[10635/31251] Prism::TestCompilePrism#test_CallAndWriteNode = 0.23 s
[10636/31251] Prism::TestCompilePrism#test_CallNode = 15.66 s
[10637/31251] Prism::TestCompilePrism#test_CallOperatorWriteNode = 0.05 s
[10638/31251] Prism::TestCompilePrism#test_CallOrWriteNode = 0.21 s
[10639/31251] Prism::TestCompilePrism#test_CapturePatternNode = 0.05 s
[10640/31251] Prism::TestCompilePrism#test_CaseMatchNode = 0.24 s
[10641/31251] Prism::TestCompilePrism#test_CaseNode = 0.35 s
[10642/31251] Prism::TestCompilePrism#test_ClassNode = 0.13 s
[10643/31251] Prism::TestCompilePrism#test_ClassVariableAndWriteNode = 0.04 s
[10644/31251] Prism::TestCompilePrism#test_ClassVariableOperatorWriteNode = 0.03 s
[10645/31251] Prism::TestCompilePrism#test_ClassVariableOrWriteNode = 0.06 s
[10646/31251] Prism::TestCompilePrism#test_ClassVariableReadNode = 0.03 s
[10647/31251] Prism::TestCompilePrism#test_ClassVariableTargetNode = 0.04 s
[10648/31251] Prism::TestCompilePrism#test_ClassVariableWriteNode = 0.04 s
[10649/31251] Prism::TestCompilePrism#test_ConstantAndWriteNode = 0.03 s
[10650/31251] Prism::TestCompilePrism#test_ConstantOperatorWriteNode = 0.03 s
[10651/31251] Prism::TestCompilePrism#test_ConstantOrWriteNode = 0.03 s
[10652/31251] Prism::TestCompilePrism#test_ConstantPathAndWriteNode = 0.07 s
[10653/31251] Prism::TestCompilePrism#test_ConstantPathNode = 0.03 s
[10654/31251] Prism::TestCompilePrism#test_ConstantPathOperatorWriteNode = 0.05 s
[10655/31251] Prism::TestCompilePrism#test_ConstantPathOrWriteNode = 0.07 s
[10656/31251] Prism::TestCompilePrism#test_ConstantPathTargetNode = 12.18 s
[10657/31251] Prism::TestCompilePrism#test_ConstantPathWriteNode = 0.09 s
[10658/31251] Prism::TestCompilePrism#test_ConstantReadNode = 0.05 s
[10659/31251] Prism::TestCompilePrism#test_ConstantTargetNode = 0.02 s
[10660/31251] Prism::TestCompilePrism#test_ConstantWriteNode = 0.02 s
[10661/31251] Prism::TestCompilePrism#test_DefNode = 1.90 s
[10662/31251] Prism::TestCompilePrism#test_DefinedNode = 5.05 s
[10663/31251] Prism::TestCompilePrism#test_ElseNode = 0.10 s
[10664/31251] Prism::TestCompilePrism#test_EmbeddedStatementsNode = 0.04 s
[10665/31251] Prism::TestCompilePrism#test_EmbeddedVariableNode = 0.11 s
[10666/31251] Prism::TestCompilePrism#test_EnsureNode = 0.79 s
[10667/31251] Prism::TestCompilePrism#test_FalseNode = 0.03 s
[10668/31251] Prism::TestCompilePrism#test_FindPatternNode = 7.29 s
[10669/31251] Prism::TestCompilePrism#test_FlipFlopNode = 0.07 s
[10670/31251] Prism::TestCompilePrism#test_FloatNode = 0.32 s
[10671/31251] Prism::TestCompilePrism#test_ForNode = 0.22 s
[10672/31251] Prism::TestCompilePrism#test_ForwardingArgumentsNode = 0.15 s
[10673/31251] Prism::TestCompilePrism#test_ForwardingSuperNode = 0.16 s
[10674/31251] Prism::TestCompilePrism#test_FowardingParameterNode = 0.04 s
[10675/31251] Prism::TestCompilePrism#test_GlobalVariableAndWriteNode = 0.03 s
[10676/31251] Prism::TestCompilePrism#test_GlobalVariableOperatorWriteNode = 0.03 s
[10677/31251] Prism::TestCompilePrism#test_GlobalVariableOrWriteNode = 0.03 s
[10678/31251] Prism::TestCompilePrism#test_GlobalVariableReadNode = 0.03 s
[10679/31251] Prism::TestCompilePrism#test_GlobalVariableTargetNode = 0.03 s
[10680/31251] Prism::TestCompilePrism#test_GlobalVariableWriteNode = 0.03 s
[10681/31251] Prism::TestCompilePrism#test_HashNode = 0.22 s
[10682/31251] Prism::TestCompilePrism#test_HashPatternNode = 2.67 s
[10683/31251] Prism::TestCompilePrism#test_IfNode = 0.25 s
[10684/31251] Prism::TestCompilePrism#test_ImaginaryNode = 0.08 s
[10685/31251] Prism::TestCompilePrism#test_ImplicitNode = 0.03 s
[10686/31251] Prism::TestCompilePrism#test_InstanceVariableAndWriteNode = 0.03 s
[10687/31251] Prism::TestCompilePrism#test_InstanceVariableOperatorWriteNode = 0.03 s
[10688/31251] Prism::TestCompilePrism#test_InstanceVariableOrWriteNode = 0.03 s
[10689/31251] Prism::TestCompilePrism#test_InstanceVariableReadNode = 0.04 s
[10690/31251] Prism::TestCompilePrism#test_InstanceVariableTargetNode = 0.04 s
[10691/31251] Prism::TestCompilePrism#test_InstanceVariableWriteNode = 0.04 s
[10692/31251] Prism::TestCompilePrism#test_IntegerNode = 0.18 s
[10693/31251] Prism::TestCompilePrism#test_InterpolatedMatchLastLineNode = 0.05 s
[10694/31251] Prism::TestCompilePrism#test_InterpolatedRegularExpressionNode = 0.13 s
[10695/31251] Prism::TestCompilePrism#test_InterpolatedStringNode = 0.21 s
[10696/31251] Prism::TestCompilePrism#test_InterpolatedSymbolNode = 0.06 s
[10697/31251] Prism::TestCompilePrism#test_InterpolatedXStringNode = 0.08 s
[10698/31251] Prism::TestCompilePrism#test_KeywordHashNode = 0.04 s
[10699/31251] Prism::TestCompilePrism#test_KeywordRestParameterNode = 0.11 s
[10700/31251] Prism::TestCompilePrism#test_LambdaNode = 0.04 s
[10701/31251] Prism::TestCompilePrism#test_LambdaNode_with_multiline_args = 0.05 s
[10702/31251] Prism::TestCompilePrism#test_LocalVariableAndWriteNode = 0.03 s
[10703/31251] Prism::TestCompilePrism#test_LocalVariableOperatorWriteNode = 0.03 s
[10704/31251] Prism::TestCompilePrism#test_LocalVariableOrWriteNode = 0.03 s
[10705/31251] Prism::TestCompilePrism#test_LocalVariableReadNode = 0.03 s
[10706/31251] Prism::TestCompilePrism#test_LocalVariableTargetNode = 0.07 s
[10707/31251] Prism::TestCompilePrism#test_LocalVariableWriteNode = 0.12 s
[10708/31251] Prism::TestCompilePrism#test_MatchLastLineNode = 0.22 s
[10709/31251] Prism::TestCompilePrism#test_MatchPredicateNode = 13.40 s
[10710/31251] Prism::TestCompilePrism#test_MatchRequiredNode = 1.09 s
[10711/31251] Prism::TestCompilePrism#test_MatchWriteNode = 0.09 s
[10712/31251] Prism::TestCompilePrism#test_MissingNode = 0.01 s
[10713/31251] Prism::TestCompilePrism#test_ModuleNode = 0.12 s
[10714/31251] Prism::TestCompilePrism#test_MultiTargetNode = 0.56 s
[10715/31251] Prism::TestCompilePrism#test_MultiWriteNode = 1.26 s
[10716/31251] Prism::TestCompilePrism#test_NextNode = 0.31 s
[10717/31251] Prism::TestCompilePrism#test_NilNode = 0.03 s
[10718/31251] Prism::TestCompilePrism#test_NoKeywordsParameterNode = 0.07 s
[10719/31251] Prism::TestCompilePrism#test_NumberedReferenceReadNode = 0.05 s
[10720/31251] Prism::TestCompilePrism#test_OptionalKeywordParameterNode = 0.09 s
[10721/31251] Prism::TestCompilePrism#test_OptionalParameterNode = 0.04 s
[10722/31251] Prism::TestCompilePrism#test_OrNode = 0.05 s
[10723/31251] Prism::TestCompilePrism#test_ParametersNode = 0.07 s
[10724/31251] Prism::TestCompilePrism#test_ParenthesesNode = 0.05 s
[10725/31251] Prism::TestCompilePrism#test_PinnedExpressionNode = 0.03 s
[10726/31251] Prism::TestCompilePrism#test_PinnedVariableNode = 0.20 s
[10727/31251] Prism::TestCompilePrism#test_PostExecutionNode = 0.33 s
[10728/31251] Prism::TestCompilePrism#test_PreExecutionNode = 0.04 s
[10729/31251] Prism::TestCompilePrism#test_ProgramNode = 0.05 s
[10730/31251] Prism::TestCompilePrism#test_RangeNode = 0.57 s
[10731/31251] Prism::TestCompilePrism#test_RationalNode = 0.05 s
[10732/31251] Prism::TestCompilePrism#test_RedoNode = 0.14 s
[10733/31251] Prism::TestCompilePrism#test_RegularExpressionNode = 0.42 s
[10734/31251] Prism::TestCompilePrism#test_RequiredKeywordParameterNode = 0.10 s
[10735/31251] Prism::TestCompilePrism#test_RequiredParameterNode = 0.07 s
[10736/31251] Prism::TestCompilePrism#test_RescueModifierNode = 0.18 s
[10737/31251] Prism::TestCompilePrism#test_RescueNode = 0.66 s
[10738/31251] Prism::TestCompilePrism#test_RestParameterNode = 0.04 s
[10739/31251] Prism::TestCompilePrism#test_RetryNode = 0.13 s
[10740/31251] Prism::TestCompilePrism#test_ReturnNode = 0.21 s
[10741/31251] Prism::TestCompilePrism#test_ScopeNode = 12.16 s
[10742/31251] Prism::TestCompilePrism#test_SelfNode = 0.05 s
[10743/31251] Prism::TestCompilePrism#test_SingletonClassNode = 0.05 s
[10744/31251] Prism::TestCompilePrism#test_SourceEncodingNode = 0.04 s
[10745/31251] Prism::TestCompilePrism#test_SourceFileNode = 0.04 s
[10746/31251] Prism::TestCompilePrism#test_SourceLineNode = 0.02 s
[10747/31251] Prism::TestCompilePrism#test_SplatNode = 0.44 s
[10748/31251] Prism::TestCompilePrism#test_StatementsNode = 0.03 s
[10749/31251] Prism::TestCompilePrism#test_StringNode = 0.06 s
[10750/31251] Prism::TestCompilePrism#test_StringNode_frozen_string_literal_default = 0.07 s
[10751/31251] Prism::TestCompilePrism#test_StringNode_frozen_string_literal_false = 0.05 s
[10752/31251] Prism::TestCompilePrism#test_StringNode_frozen_string_literal_true = 0.16 s
[10753/31251] Prism::TestCompilePrism#test_SuperNode = 0.16 s
[10754/31251] Prism::TestCompilePrism#test_SymbolNode = 0.08 s
[10755/31251] Prism::TestCompilePrism#test_TrueNode = 0.04 s
[10756/31251] Prism::TestCompilePrism#test_UndefNode = 0.13 s
[10757/31251] Prism::TestCompilePrism#test_UnlessNode = 0.11 s
[10758/31251] Prism::TestCompilePrism#test_UntilNode = 0.16 s
[10759/31251] Prism::TestCompilePrism#test_WhileNode = 0.27 s
[10760/31251] Prism::TestCompilePrism#test_XStringNode = 0.07 s
[10761/31251] Prism::TestCompilePrism#test_YieldNode = 0.17 s
[10762/31251] Prism::TestCompilePrism#test_break_runs_ensure = 0.06 s
[10763/31251] Prism::TestCompilePrism#test_complex_default_params = 0.11 s
[10764/31251] Prism::TestCompilePrism#test_concatenated_StringNode = 0.07 s
[10765/31251] Prism::TestCompilePrism#test_encoding = 0.06 s
[10766/31251] Prism::TestCompilePrism#test_ensure_in_methods = 0.07 s
[10767/31251] Prism::TestCompilePrism#test_eval = 0.40 s
[10768/31251] Prism::TestCompilePrism#test_forward_parameters = 0.05 s
[10769/31251] Prism::TestCompilePrism#test_forward_parameters_block = 0.05 s
[10770/31251] Prism::TestCompilePrism#test_iseq_has_node_id = 0.02 s
[10771/31251] Prism::TestCompilePrism#test_keyword_method_params_only = 0.05 s
[10772/31251] Prism::TestCompilePrism#test_keyword_method_params_with_splat = 0.06 s
[10773/31251] Prism::TestCompilePrism#test_leading_splat_and_keyword_method_params = 0.06 s
[10774/31251] Prism::TestCompilePrism#test_locals_in_parameters = 0.05 s
[10775/31251] Prism::TestCompilePrism#test_method_parameters = 0.30 s
[10776/31251] Prism::TestCompilePrism#test_numbered_params = 0.08 s
[10777/31251] Prism::TestCompilePrism#test_parse_file = 1.16 s
[10778/31251] Prism::TestCompilePrism#test_positional_and_splat_keyword_method_params = 0.05 s
[10779/31251] Prism::TestCompilePrism#test_positional_and_splat_method_params = 0.07 s
[10780/31251] Prism::TestCompilePrism#test_positional_with_splat_and_keyword_method_params = 0.06 s
[10781/31251] Prism::TestCompilePrism#test_positional_with_splat_and_splat_keyword_method_params = 0
.07 s
[10782/31251] Prism::TestCompilePrism#test_pow_parameters = 0.17 s
[10783/31251] Prism::TestCompilePrism#test_repeated_block_params = 0.06 s
[10784/31251] Prism::TestCompilePrism#test_repeated_block_underscore = 0.05 s
[10785/31251] Prism::TestCompilePrism#test_repeated_kw_rest_underscore = 0.05 s
[10786/31251] Prism::TestCompilePrism#test_repeated_method_params = 0.05 s
[10787/31251] Prism::TestCompilePrism#test_repeated_optional_underscore = 0.05 s
[10788/31251] Prism::TestCompilePrism#test_repeated_proc_params = 0.05 s
[10789/31251] Prism::TestCompilePrism#test_repeated_required_keyword_underscore = 0.09 s
[10790/31251] Prism::TestCompilePrism#test_repeated_required_post_underscore = 0.05 s
[10791/31251] Prism::TestCompilePrism#test_repeated_required_underscore = 0.05 s
[10792/31251] Prism::TestCompilePrism#test_repeated_splat_underscore = 0.17 s
[10793/31251] Prism::TestCompilePrism#test_required_kwarg_ordering = 0.05 s
[10794/31251] Prism::TestCompilePrism#test_rescue_with_ensure = 0.09 s
[10795/31251] Prism::TestCompilePrism#test_splat_params_with_no_lefties = 0.05 s
[10796/31251] Prism::TestCompilePrism#test_star_parameters = 0.05 s
[10797/31251] Prism::TestCompilePrism#test_trailing_comma_on_block = 0.05 s
[10798/31251] Prism::TestCompilePrism#test_trailing_keyword_method_params = 0.05 s
[10799/31251] Prism::TunnelTest#test_tunnel = 0.13 s
[10800/31251] Prism::UnescapeTest#test_char = 14.81 s
[10801/31251] Prism::UnescapeTest#test_dqte = 18.63 s
[10802/31251] Prism::UnescapeTest#test_dstr = 30.28 s
[10803/31251] Prism::UnescapeTest#test_h0_1 = 16.42 s
[10804/31251] Prism::UnescapeTest#test_h0_2 = 15.82 s
[10805/31251] Prism::UnescapeTest#test_h0_3 = 15.97 s
[10806/31251] Prism::UnescapeTest#test_h0_4 = 15.17 s
[10807/31251] Prism::UnescapeTest#test_hd_1 = 15.69 s
[10808/31251] Prism::UnescapeTest#test_hd_2 = 16.93 s
[10809/31251] Prism::UnescapeTest#test_hd_3 = 27.54 s
[10810/31251] Prism::UnescapeTest#test_hd_4 = 13.45 s
[10811/31251] Prism::UnescapeTest#test_ht_1 = 14.06 s
[10812/31251] Prism::UnescapeTest#test_ht_2 = 15.24 s
[10813/31251] Prism::UnescapeTest#test_ht_3 = 15.99 s
[10814/31251] Prism::UnescapeTest#test_ht_4 = 14.44 s
[10815/31251] Prism::UnescapeTest#test_lwri = 15.51 s
[10816/31251] Prism::UnescapeTest#test_lwrq = 28.53 s
[10817/31251] Prism::UnescapeTest#test_lwrs = 14.76 s
[10818/31251] Prism::UnescapeTest#test_lwrx = 14.94 s
[10819/31251] Prism::UnescapeTest#test_pw_1 = 15.60 s
[10820/31251] Prism::UnescapeTest#test_pw_2 = 16.64 s
[10821/31251] Prism::UnescapeTest#test_reg1 = 10.10 s
[10822/31251] Prism::UnescapeTest#test_reg2 = 11.71 s
[10823/31251] Prism::UnescapeTest#test_reg3 = 11.21 s
[10824/31251] Prism::UnescapeTest#test_reg4 = 25.21 s
[10825/31251] Prism::UnescapeTest#test_reg5 = 10.42 s
[10826/31251] Prism::UnescapeTest#test_reg6 = 10.53 s
[10827/31251] Prism::UnescapeTest#test_sqte = 14.57 s
[10828/31251] Prism::UnescapeTest#test_sym1 = 14.47 s
[10829/31251] Prism::UnescapeTest#test_sym2 = 14.10 s
[10830/31251] Prism::UnescapeTest#test_upri = 14.09 s
[10831/31251] Prism::UnescapeTest#test_uprq = 14.33 s
[10832/31251] Prism::UnescapeTest#test_uprw = 27.94 s
[10833/31251] Prism::UnescapeTest#test_xstr = 13.00 s
[10834/31251] Prism::VersionTest#test_prism_version_is_set = 0.01 s
[10835/31251] Prism::WarningsTest#test_END_in_method = 0.03 s
[10836/31251] Prism::WarningsTest#test_ambiguous_ampersand = 0.05 s
[10837/31251] Prism::WarningsTest#test_ambiguous_regexp = 0.02 s
[10838/31251] Prism::WarningsTest#test_ambiguous_uminus = 0.02 s
[10839/31251] Prism::WarningsTest#test_ambiguous_uplus = 0.02 s
[10840/31251] Prism::WarningsTest#test_ambiguous_ustar = 0.02 s
[10841/31251] Prism::WarningsTest#test_binary_operator = 0.31 s
[10842/31251] Prism::WarningsTest#test_dot_dot_dot_eol = 0.07 s
[10843/31251] Prism::WarningsTest#test_duplicated_hash_key = 0.03 s
[10844/31251] Prism::WarningsTest#test_duplicated_when_clause = 0.02 s
[10845/31251] Prism::WarningsTest#test_equal_in_conditional = 0.02 s
[10846/31251] Prism::WarningsTest#test_float_out_of_range = 0.02 s
[10847/31251] Prism::WarningsTest#test_indentation_mismatch = 0.57 s
[10848/31251] Prism::WarningsTest#test_integer_in_flip_flop = 0.02 s
[10849/31251] Prism::WarningsTest#test_keyword_eol = 0.03 s
[10850/31251] Prism::WarningsTest#test_literal_in_conditionals = 0.24 s
[10851/31251] Prism::WarningsTest#test_literal_in_predicate = 0.06 s
[10852/31251] Prism::WarningsTest#test_numbered_reference = 0.02 s
[10853/31251] Prism::WarningsTest#test_regexp_in_predicate = 0.03 s
[10854/31251] Prism::WarningsTest#test_shareable_constant_value = 0.04 s
[10855/31251] Prism::WarningsTest#test_shebang_ending_with_carriage_return = 0.04 s
[10856/31251] Prism::WarningsTest#test_string_in_predicate = 0.04 s
[10857/31251] Prism::WarningsTest#test_symbol_in_predicate = 0.03 s
[10858/31251] Prism::WarningsTest#test_unreachable_statement = 0.08 s
[10859/31251] Prism::WarningsTest#test_unused_local_variables = 0.15 s
[10860/31251] Prism::WarningsTest#test_void_statements = 0.44 s
[10861/31251] Prism::WarningsTest#test_warnings_verbosity = 0.02 s
[10862/31251] RDoc::Markup::PreProcessTest#test_class_post_process = 2.06 s
[10863/31251] RDoc::Markup::PreProcessTest#test_class_register = 0.05 s
[10864/31251] RDoc::Markup::PreProcessTest#test_handle = 0.46 s
[10865/31251] RDoc::Markup::PreProcessTest#test_handle_comment = 0.10 s
[10866/31251] RDoc::Markup::PreProcessTest#test_handle_directive_arg = 0.20 s
[10867/31251] RDoc::Markup::PreProcessTest#test_handle_directive_arg_no_context = 0.04 s
[10868/31251] RDoc::Markup::PreProcessTest#test_handle_directive_args = 0.04 s
[10869/31251] RDoc::Markup::PreProcessTest#test_handle_directive_blankline = 0.04 s
[10870/31251] RDoc::Markup::PreProcessTest#test_handle_directive_block = 0.04 s
[10871/31251] RDoc::Markup::PreProcessTest#test_handle_directive_block_false = 0.04 s
[10872/31251] RDoc::Markup::PreProcessTest#test_handle_directive_block_nil = 0.04 s
[10873/31251] RDoc::Markup::PreProcessTest#test_handle_directive_category = 0.05 s
[10874/31251] RDoc::Markup::PreProcessTest#test_handle_directive_doc = 0.04 s
[10875/31251] RDoc::Markup::PreProcessTest#test_handle_directive_doc_no_context = 0.04 s
[10876/31251] RDoc::Markup::PreProcessTest#test_handle_directive_downcase = 0.04 s
[10877/31251] RDoc::Markup::PreProcessTest#test_handle_directive_enddoc = 0.04 s
[10878/31251] RDoc::Markup::PreProcessTest#test_handle_directive_include = 0.12 s
[10879/31251] RDoc::Markup::PreProcessTest#test_handle_directive_main = 0.10 s
[10880/31251] RDoc::Markup::PreProcessTest#test_handle_directive_nodoc = 0.04 s
[10881/31251] RDoc::Markup::PreProcessTest#test_handle_directive_nodoc_all = 0.04 s
[10882/31251] RDoc::Markup::PreProcessTest#test_handle_directive_nodoc_no_context = 0.04 s
[10883/31251] RDoc::Markup::PreProcessTest#test_handle_directive_not_dash_new = 0.04 s
[10884/31251] RDoc::Markup::PreProcessTest#test_handle_directive_not_new = 0.04 s
[10885/31251] RDoc::Markup::PreProcessTest#test_handle_directive_notnew = 0.04 s
[10886/31251] RDoc::Markup::PreProcessTest#test_handle_directive_registered = 0.04 s
[10887/31251] RDoc::Markup::PreProcessTest#test_handle_directive_registered_block = 0.04 s
[10888/31251] RDoc::Markup::PreProcessTest#test_handle_directive_registered_code_object = 0.05 s
[10889/31251] RDoc::Markup::PreProcessTest#test_handle_directive_startdoc = 0.04 s
[10890/31251] RDoc::Markup::PreProcessTest#test_handle_directive_stopdoc = 0.04 s
[10891/31251] RDoc::Markup::PreProcessTest#test_handle_directive_title = 0.09 s
[10892/31251] RDoc::Markup::PreProcessTest#test_handle_directive_unhandled = 0.04 s
[10893/31251] RDoc::Markup::PreProcessTest#test_handle_directive_unhandled_block = 0.04 s
[10894/31251] RDoc::Markup::PreProcessTest#test_handle_directive_yield = 0.04 s
[10895/31251] RDoc::Markup::PreProcessTest#test_handle_directive_yield_block_param = 0.04 s
[10896/31251] RDoc::Markup::PreProcessTest#test_handle_directive_yield_no_context = 0.04 s
[10897/31251] RDoc::Markup::PreProcessTest#test_handle_directive_yields = 0.04 s
[10898/31251] RDoc::Markup::PreProcessTest#test_handle_markup = 0.04 s
[10899/31251] RDoc::Markup::PreProcessTest#test_handle_markup_empty = 0.04 s
[10900/31251] RDoc::Markup::PreProcessTest#test_handle_post_process = 0.04 s
[10901/31251] RDoc::Markup::PreProcessTest#test_handle_unregistered = 0.04 s
[10902/31251] RDoc::Markup::PreProcessTest#test_include_file = 0.05 s
[10903/31251] RDoc::Markup::PreProcessTest#test_include_file_encoding_incompatible = 0.07 s
[10904/31251] RDoc::Markup::PreProcessTest#test_include_file_in_other_directory = 0.11 s
[10905/31251] RDocAliasTest#test_to_s = 5.11 s
[10906/31251] RDocAnyMethodTest#test_aref = 4.57 s
[10907/31251] RDocAnyMethodTest#test_arglists = 4.35 s
[10908/31251] RDocAnyMethodTest#test_c_function = 4.34 s
[10909/31251] RDocAnyMethodTest#test_call_seq_alias_for = 4.40 s
[10910/31251] RDocAnyMethodTest#test_call_seq_equals = 4.35 s
[10911/31251] RDocAnyMethodTest#test_call_seq_handles_aliases = 4.43 s
[10912/31251] RDocAnyMethodTest#test_call_seq_returns_nil_if_alias_is_missing_from_call_seq = 4.42 s
[10913/31251] RDocAnyMethodTest#test_full_name = 4.40 s
[10914/31251] RDocAnyMethodTest#test_has_call_seq? = 4.39 s
[10915/31251] RDocAnyMethodTest#test_is_alias_for = 4.50 s
[10916/31251] RDocAnyMethodTest#test_markup_code = 4.35 s
[10917/31251] RDocAnyMethodTest#test_markup_code_empty = 4.47 s
[10918/31251] RDocAnyMethodTest#test_markup_code_with_line_numbers = 4.54 s
[10919/31251] RDocAnyMethodTest#test_markup_code_with_variable_expansion = 4.96 s
[10920/31251] RDocAnyMethodTest#test_marshal_dump = 4.93 s
[10921/31251] RDocAnyMethodTest#test_marshal_dump_version_2 = 4.79 s
[10922/31251] RDocAnyMethodTest#test_marshal_load_aliased_method = 4.70 s
[10923/31251] RDocAnyMethodTest#test_marshal_load_aliased_method_with_nil_singleton = 4.73 s
[10924/31251] RDocAnyMethodTest#test_marshal_load_class_method = 4.54 s
[10925/31251] RDocAnyMethodTest#test_marshal_load_instance_method = 4.51 s
[10926/31251] RDocAnyMethodTest#test_marshal_load_version_0 = 4.54 s
[10927/31251] RDocAnyMethodTest#test_name = 4.53 s
[10928/31251] RDocAnyMethodTest#test_name_call_seq = 4.53 s
[10929/31251] RDocAnyMethodTest#test_name_call_seq_dot = 5.27 s
[10930/31251] RDocAnyMethodTest#test_param_list_ampersand_param = 4.39 s
[10931/31251] RDocAnyMethodTest#test_param_list_ampersand_param_block_params = 4.35 s
[10932/31251] RDocAnyMethodTest#test_param_list_block_params = 4.39 s
[10933/31251] RDocAnyMethodTest#test_param_list_call_seq = 4.38 s
[10934/31251] RDocAnyMethodTest#test_param_list_default = 4.38 s
[10935/31251] RDocAnyMethodTest#test_param_list_empty_params_with_block = 4.94 s
[10936/31251] RDocAnyMethodTest#test_param_list_params = 4.69 s
[10937/31251] RDocAnyMethodTest#test_param_list_params_block_params = 4.66 s
[10938/31251] RDocAnyMethodTest#test_param_seq = 4.58 s
[10939/31251] RDocAnyMethodTest#test_param_seq_call_seq = 4.59 s
[10940/31251] RDocAnyMethodTest#test_parent_name = 4.62 s
[10941/31251] RDocAnyMethodTest#test_skip_description? = 18.44 s
[10942/31251] RDocAnyMethodTest#test_store_equals = 4.50 s
[10943/31251] RDocAnyMethodTest#test_superclass_method = 4.44 s
[10944/31251] RDocAnyMethodTest#test_superclass_method_multilevel = 4.61 s
[10945/31251] RDocAttrTest#test_aref = 0.09 s
[10946/31251] RDocAttrTest#test_arglists = 0.03 s
[10947/31251] RDocAttrTest#test_block_params = 0.03 s
[10948/31251] RDocAttrTest#test_call_seq = 0.03 s
[10949/31251] RDocAttrTest#test_definition = 0.03 s
[10950/31251] RDocAttrTest#test_full_name = 0.03 s
[10951/31251] RDocAttrTest#test_marshal_dump = 0.08 s
[10952/31251] RDocAttrTest#test_marshal_dump_singleton = 0.07 s
[10953/31251] RDocAttrTest#test_marshal_load_version_1 = 0.05 s
[10954/31251] RDocAttrTest#test_marshal_load_version_2 = 0.05 s
[10955/31251] RDocAttrTest#test_params = 0.03 s
[10956/31251] RDocAttrTest#test_singleton = 0.03 s
[10957/31251] RDocAttrTest#test_type = 0.03 s
[10958/31251] RDocClassModuleTest#test_add_comment = 4.39 s
[10959/31251] RDocClassModuleTest#test_add_comment_comment = 4.36 s
[10960/31251] RDocClassModuleTest#test_add_comment_duplicate = 4.37 s
[10961/31251] RDocClassModuleTest#test_add_comment_stopdoc = 4.34 s
[10962/31251] RDocClassModuleTest#test_ancestors = 4.31 s
[10963/31251] RDocClassModuleTest#test_comment_equals = 4.78 s
[10964/31251] RDocClassModuleTest#test_comment_equals_comment = 4.81 s
[10965/31251] RDocClassModuleTest#test_document_self_or_methods = 4.56 s
[10966/31251] RDocClassModuleTest#test_documented_eh = 4.65 s
[10967/31251] RDocClassModuleTest#test_each_ancestor = 4.56 s
[10968/31251] RDocClassModuleTest#test_each_ancestor_cycle = 4.63 s
[10969/31251] RDocClassModuleTest#test_find_class_named = 4.43 s
[10970/31251] RDocClassModuleTest#test_from_module_comment = 4.51 s
[10971/31251] RDocClassModuleTest#test_fully_qualified_nesting_namespaces = 4.44 s
[10972/31251] RDocClassModuleTest#test_marshal_dump = 4.69 s
[10973/31251] RDocClassModuleTest#test_marshal_dump_visibility = 4.43 s
[10974/31251] RDocClassModuleTest#test_marshal_load_version_0 = 5.15 s
[10975/31251] RDocClassModuleTest#test_marshal_load_version_1 = 4.41 s
[10976/31251] RDocClassModuleTest#test_marshal_load_version_2 = 4.42 s
[10977/31251] RDocClassModuleTest#test_marshal_load_version_3 = 4.44 s
[10978/31251] RDocClassModuleTest#test_merge = 4.34 s
[10979/31251] RDocClassModuleTest#test_merge_attributes = 4.89 s
[10980/31251] RDocClassModuleTest#test_merge_attributes_version_0 = 4.74 s
[10981/31251] RDocClassModuleTest#test_merge_collections_drop = 4.59 s
[10982/31251] RDocClassModuleTest#test_merge_comment = 4.69 s
[10983/31251] RDocClassModuleTest#test_merge_comment_version_0 = 4.55 s
[10984/31251] RDocClassModuleTest#test_merge_constants = 4.62 s
[10985/31251] RDocClassModuleTest#test_merge_constants_version_0 = 4.49 s
[10986/31251] RDocClassModuleTest#test_merge_extends = 4.49 s
[10987/31251] RDocClassModuleTest#test_merge_includes = 4.50 s
[10988/31251] RDocClassModuleTest#test_merge_includes_version_0 = 5.37 s
[10989/31251] RDocClassModuleTest#test_merge_methods = 6.15 s
[10990/31251] RDocClassModuleTest#test_merge_methods_version_0 = 6.13 s
[10991/31251] RDocClassModuleTest#test_merge_sections = 6.28 s
[10992/31251] RDocClassModuleTest#test_merge_sections_overlap = 6.67 s
[10993/31251] RDocClassModuleTest#test_nesting_namespaces = 7.20 s
[10994/31251] RDocClassModuleTest#test_parse = 4.74 s
[10995/31251] RDocClassModuleTest#test_parse_comment = 4.65 s
[10996/31251] RDocClassModuleTest#test_parse_comment_format = 7.53 s
[10997/31251] RDocClassModuleTest#test_parse_comment_location = 4.64 s
[10998/31251] RDocClassModuleTest#test_path = 4.49 s
[10999/31251] RDocClassModuleTest#test_remove_nodoc_children = 4.44 s
[11000/31251] RDocClassModuleTest#test_search_record = 5.41 s
[11001/31251] RDocClassModuleTest#test_search_record_merged = 5.27 s
[11002/31251] RDocClassModuleTest#test_setting_superclass = 4.34 s
[11003/31251] RDocClassModuleTest#test_store_equals = 4.38 s
[11004/31251] RDocClassModuleTest#test_super_classes = 4.37 s
[11005/31251] RDocClassModuleTest#test_superclass = 4.35 s
[11006/31251] RDocClassModuleTest#test_update_aliases_class = 4.81 s
[11007/31251] RDocClassModuleTest#test_update_aliases_module = 4.74 s
[11008/31251] RDocClassModuleTest#test_update_aliases_reparent = 4.65 s
[11009/31251] RDocClassModuleTest#test_update_aliases_reparent_root = 4.63 s
[11010/31251] RDocClassModuleTest#test_update_extends = 4.55 s
[11011/31251] RDocClassModuleTest#test_update_extends_trim = 4.57 s
[11012/31251] RDocClassModuleTest#test_update_extends_with_colons = 4.45 s
[11013/31251] RDocClassModuleTest#test_update_includes = 18.12 s
[11014/31251] RDocClassModuleTest#test_update_includes_trim = 4.51 s
[11015/31251] RDocClassModuleTest#test_update_includes_with_colons = 4.42 s
[11016/31251] RDocClassModuleTest::RDocClassModuleMixinsTest#test_complete_clears_duplicated_include
s_and_extends = 4.44 s
[11017/31251] RDocClassModuleTest::RDocClassModuleMixinsTest#test_embed_mixin_when_false_does_not_em
bed_anything = 4.46 s
[11018/31251] RDocClassModuleTest::RDocClassModuleMixinsTest#test_embed_mixin_when_true_embeds_metho
ds_and_constants = 4.53 s
[11019/31251] RDocCodeObjectTest#test_comment_equals = 4.37 s
[11020/31251] RDocCodeObjectTest#test_comment_equals_comment = 4.36 s
[11021/31251] RDocCodeObjectTest#test_comment_equals_empty_string = 4.34 s
[11022/31251] RDocCodeObjectTest#test_comment_equals_encoding = 4.74 s
[11023/31251] RDocCodeObjectTest#test_comment_equals_encoding_blank = 4.69 s
[11024/31251] RDocCodeObjectTest#test_display_eh_document_self = 4.61 s
[11025/31251] RDocCodeObjectTest#test_display_eh_ignore = 4.65 s
[11026/31251] RDocCodeObjectTest#test_display_eh_suppress = 4.57 s
[11027/31251] RDocCodeObjectTest#test_document_children_equals = 4.60 s
[11028/31251] RDocCodeObjectTest#test_document_self_equals = 4.44 s
[11029/31251] RDocCodeObjectTest#test_documented_eh = 4.44 s
[11030/31251] RDocCodeObjectTest#test_done_documenting = 4.46 s
[11031/31251] RDocCodeObjectTest#test_file_name = 4.42 s
[11032/31251] RDocCodeObjectTest#test_full_name_equals = 4.40 s
[11033/31251] RDocCodeObjectTest#test_ignore = 4.54 s
[11034/31251] RDocCodeObjectTest#test_ignore_eh = 4.90 s
[11035/31251] RDocCodeObjectTest#test_initialize = 4.33 s
[11036/31251] RDocCodeObjectTest#test_line = 4.31 s
[11037/31251] RDocCodeObjectTest#test_metadata = 4.34 s
[11038/31251] RDocCodeObjectTest#test_parent_name = 4.33 s
[11039/31251] RDocCodeObjectTest#test_received_ndoc = 4.34 s
[11040/31251] RDocCodeObjectTest#test_record_location = 4.83 s
[11041/31251] RDocCodeObjectTest#test_record_location_ignored = 4.73 s
[11042/31251] RDocCodeObjectTest#test_record_location_suppressed = 4.54 s
[11043/31251] RDocCodeObjectTest#test_section = 4.53 s
[11044/31251] RDocCodeObjectTest#test_start_doc = 4.57 s
[11045/31251] RDocCodeObjectTest#test_start_doc_ignored = 4.54 s
[11046/31251] RDocCodeObjectTest#test_start_doc_suppressed = 4.43 s
[11047/31251] RDocCodeObjectTest#test_stop_doc = 4.47 s
[11048/31251] RDocCodeObjectTest#test_store_equals = 4.43 s
[11049/31251] RDocCodeObjectTest#test_suppress = 4.42 s
[11050/31251] RDocCodeObjectTest#test_suppress_eh = 5.28 s
[11051/31251] RDocCommentTest#test_empty = 0.05 s
[11052/31251] RDocCommentTest#test_equals2 = 0.03 s
[11053/31251] RDocCommentTest#test_extract_call_linear_performanceIn-address space security exceptio
n (core dumped)
root@cheribsd-riscv64-purecap:~/ruby-3.4.5/build # ./miniruby -v
ruby 3.4.5 (2025-08-31 revision eaddb5dffc) +PRISM [riscv64-freebsd]
last_commit=18
root@cheribsd-riscv64-purecap:~/ruby-3.4.5/build # uname -a
FreeBSD cheribsd-riscv64-purecap 15.0-CURRENT FreeBSD 15.0-CURRENT #0 main-485c1c8195: Sun Aug 17 21
:21:09 JST 2025     hanhaotian@assam:/cheriv92/src/build/cheribsd-riscv64-purecap-build/cheriv92/src
/cheribsd/riscv.riscv64c/sys/CHERI-PURECAP-QEMU riscv
root@cheribsd-riscv64-purecap:~/ruby-3.4.5/build #
