have_header: checking for sys/uio.h... -------------------- yes

LD_LIBRARY_PATH=.:../..:/snap/ruby/438/lib: ASAN_OPTIONS=detect_leaks=0 "/morello-hybrid/src/output/sdk/bin/clang -o conftest -I../../.ext/include/aarch64-freebsd -I../../../include -I../../../ext/socket -I../.. -I../../.. -I/morello-hybrid/src/output/rootfs-aarch64/usr/include    -target aarch64-unknown-freebsd -march=armv8 --sysroot=/morello-hybrid/src/output/rootfs-aarch64 -I/morello-hybrid/src/output/rootfs-aarch64/usr/include -mbranch-protection=pac-ret -fstack-protector-strong -U_FORTIFY_SOURCE -D_FORTIFY_SOURCE=2 -fdeclspec  -O0 -fno-omit-frame-pointer -fno-fast-math -ggdb3 -Wall -Wextra -Wextra-tokens -Wdeprecated-declarations -Wdivision-by-zero -Wdiv-by-zero -Wimplicit-function-declaration -Wimplicit-int -Wpointer-arith -Wshorten-64-to-32 -Wwrite-strings -Wold-style-definition -Wmissing-noreturn -Wno-cast-function-type -Wno-constant-logical-operand -Wno-long-long -Wno-missing-field-initializers -Wno-overlength-strings -Wno-parentheses-equality -Wno-self-assign -Wno-tautological-compare -Wno-unused-parameter -Wno-unused-value -Wunused-variable -Wmisleading-indentation -Wundef conftest.c -L. -L../.. -L/morello-hybrid/src/output/rootfs-aarch64/usr/lib -Wl,-rpath,/morello-hybrid/src/output/rootfs-aarch64/usr/lib -L. -target aarch64-unknown-freebsd -march=armv8 --sysroot=/morello-hybrid/src/output/rootfs-aarch64 -fuse-ld=lld -lpthread -Wl,--gdb-index -fstack-protector-strong -L/morello-hybrid/src/output/rootfs-aarch64/usr/lib -Wl,-rpath,/morello-hybrid/src/output/rootfs-aarch64/usr/lib -rdynamic     -Wl,-rpath,/morello-hybrid/src/output/rootfs-aarch64/research/ruby-3.4.1/build -lruby-static -lexecinfo -lprocstat -lz -lrt -lrt -ldl -lcrypt -lm -lthr   -lm -lthr  -lc"
checked program was:
/* begin */
1: #include "ruby.h"
2: 
3: int main(int argc, char **argv)
4: {
5:   return !!argv[argc];
6: }
/* end */

LD_LIBRARY_PATH=.:../..:/snap/ruby/438/lib: ASAN_OPTIONS=detect_leaks=0 "/morello-hybrid/src/output/sdk/bin/clang -I../../.ext/include/aarch64-freebsd -I../../../include -I../../../ext/socket -I../.. -I../../.. -I/morello-hybrid/src/output/rootfs-aarch64/usr/include    -target aarch64-unknown-freebsd -march=armv8 --sysroot=/morello-hybrid/src/output/rootfs-aarch64 -I/morello-hybrid/src/output/rootfs-aarch64/usr/include -mbranch-protection=pac-ret -fstack-protector-strong -U_FORTIFY_SOURCE -D_FORTIFY_SOURCE=2 -fdeclspec  -O0 -fno-omit-frame-pointer -fno-fast-math -ggdb3 -Wall -Wextra -Wextra-tokens -Wdeprecated-declarations -Wdivision-by-zero -Wdiv-by-zero -Wimplicit-function-declaration -Wimplicit-int -Wpointer-arith -Wshorten-64-to-32 -Wwrite-strings -Wold-style-definition -Wmissing-noreturn -Wno-cast-function-type -Wno-constant-logical-operand -Wno-long-long -Wno-missing-field-initializers -Wno-overlength-strings -Wno-parentheses-equality -Wno-self-assign -Wno-tautological-compare -Wno-unused-parameter -Wno-unused-value -Wunused-variable -Wmisleading-indentation -Wundef   -c conftest.c"
checked program was:
/* begin */
1: #include "ruby.h"
2: 
3: #include <sys/types.h>
4: #include <netdb.h>
5: #include <string.h>
6: #include <sys/socket.h>
7: #include <netinet/in.h>
8: #include <sys/uio.h>
/* end */

--------------------

have_header: checking for xti.h... -------------------- no

LD_LIBRARY_PATH=.:../..:/snap/ruby/438/lib: ASAN_OPTIONS=detect_leaks=0 "/morello-hybrid/src/output/sdk/bin/clang -I../../.ext/include/aarch64-freebsd -I../../../include -I../../../ext/socket -I../.. -I../../.. -I/morello-hybrid/src/output/rootfs-aarch64/usr/include    -target aarch64-unknown-freebsd -march=armv8 --sysroot=/morello-hybrid/src/output/rootfs-aarch64 -I/morello-hybrid/src/output/rootfs-aarch64/usr/include -mbranch-protection=pac-ret -fstack-protector-strong -U_FORTIFY_SOURCE -D_FORTIFY_SOURCE=2 -fdeclspec  -O0 -fno-omit-frame-pointer -fno-fast-math -ggdb3 -Wall -Wextra -Wextra-tokens -Wdeprecated-declarations -Wdivision-by-zero -Wdiv-by-zero -Wimplicit-function-declaration -Wimplicit-int -Wpointer-arith -Wshorten-64-to-32 -Wwrite-strings -Wold-style-definition -Wmissing-noreturn -Wno-cast-function-type -Wno-constant-logical-operand -Wno-long-long -Wno-missing-field-initializers -Wno-overlength-strings -Wno-parentheses-equality -Wno-self-assign -Wno-tautological-compare -Wno-unused-parameter -Wno-unused-value -Wunused-variable -Wmisleading-indentation -Wundef   -c conftest.c"
conftest.c:9:10: fatal error: 'xti.h' file not found
    9 | #include <xti.h>
      |          ^~~~~~~
1 error generated.
checked program was:
/* begin */
1: #include "ruby.h"
2: 
3: #include <sys/types.h>
4: #include <netdb.h>
5: #include <string.h>
6: #include <sys/socket.h>
7: #include <netinet/in.h>
8: #include <sys/uio.h>
9: #include <xti.h>
/* end */

--------------------

have_header: checking for netinet/in_systm.h... -------------------- yes

LD_LIBRARY_PATH=.:../..:/snap/ruby/438/lib: ASAN_OPTIONS=detect_leaks=0 "/morello-hybrid/src/output/sdk/bin/clang -I../../.ext/include/aarch64-freebsd -I../../../include -I../../../ext/socket -I../.. -I../../.. -I/morello-hybrid/src/output/rootfs-aarch64/usr/include    -target aarch64-unknown-freebsd -march=armv8 --sysroot=/morello-hybrid/src/output/rootfs-aarch64 -I/morello-hybrid/src/output/rootfs-aarch64/usr/include -mbranch-protection=pac-ret -fstack-protector-strong -U_FORTIFY_SOURCE -D_FORTIFY_SOURCE=2 -fdeclspec  -O0 -fno-omit-frame-pointer -fno-fast-math -ggdb3 -Wall -Wextra -Wextra-tokens -Wdeprecated-declarations -Wdivision-by-zero -Wdiv-by-zero -Wimplicit-function-declaration -Wimplicit-int -Wpointer-arith -Wshorten-64-to-32 -Wwrite-strings -Wold-style-definition -Wmissing-noreturn -Wno-cast-function-type -Wno-constant-logical-operand -Wno-long-long -Wno-missing-field-initializers -Wno-overlength-strings -Wno-parentheses-equality -Wno-self-assign -Wno-tautological-compare -Wno-unused-parameter -Wno-unused-value -Wunused-variable -Wmisleading-indentation -Wundef   -c conftest.c"
checked program was:
/* begin */
1: #include "ruby.h"
2: 
3: #include <sys/types.h>
4: #include <netdb.h>
5: #include <string.h>
6: #include <sys/socket.h>
7: #include <netinet/in.h>
8: #include <sys/uio.h>
9: #include <netinet/in_systm.h>
/* end */

--------------------

have_header: checking for netinet/tcp.h... -------------------- yes

LD_LIBRARY_PATH=.:../..:/snap/ruby/438/lib: ASAN_OPTIONS=detect_leaks=0 "/morello-hybrid/src/output/sdk/bin/clang -I../../.ext/include/aarch64-freebsd -I../../../include -I../../../ext/socket -I../.. -I../../.. -I/morello-hybrid/src/output/rootfs-aarch64/usr/include    -target aarch64-unknown-freebsd -march=armv8 --sysroot=/morello-hybrid/src/output/rootfs-aarch64 -I/morello-hybrid/src/output/rootfs-aarch64/usr/include -mbranch-protection=pac-ret -fstack-protector-strong -U_FORTIFY_SOURCE -D_FORTIFY_SOURCE=2 -fdeclspec  -O0 -fno-omit-frame-pointer -fno-fast-math -ggdb3 -Wall -Wextra -Wextra-tokens -Wdeprecated-declarations -Wdivision-by-zero -Wdiv-by-zero -Wimplicit-function-declaration -Wimplicit-int -Wpointer-arith -Wshorten-64-to-32 -Wwrite-strings -Wold-style-definition -Wmissing-noreturn -Wno-cast-function-type -Wno-constant-logical-operand -Wno-long-long -Wno-missing-field-initializers -Wno-overlength-strings -Wno-parentheses-equality -Wno-self-assign -Wno-tautological-compare -Wno-unused-parameter -Wno-unused-value -Wunused-variable -Wmisleading-indentation -Wundef   -c conftest.c"
checked program was:
/* begin */
 1: #include "ruby.h"
 2: 
 3: #include <sys/types.h>
 4: #include <netdb.h>
 5: #include <string.h>
 6: #include <sys/socket.h>
 7: #include <netinet/in.h>
 8: #include <sys/uio.h>
 9: #include <netinet/in_systm.h>
10: #include <netinet/tcp.h>
/* end */

--------------------

have_header: checking for netinet/tcp_fsm.h... -------------------- yes

LD_LIBRARY_PATH=.:../..:/snap/ruby/438/lib: ASAN_OPTIONS=detect_leaks=0 "/morello-hybrid/src/output/sdk/bin/clang -I../../.ext/include/aarch64-freebsd -I../../../include -I../../../ext/socket -I../.. -I../../.. -I/morello-hybrid/src/output/rootfs-aarch64/usr/include    -target aarch64-unknown-freebsd -march=armv8 --sysroot=/morello-hybrid/src/output/rootfs-aarch64 -I/morello-hybrid/src/output/rootfs-aarch64/usr/include -mbranch-protection=pac-ret -fstack-protector-strong -U_FORTIFY_SOURCE -D_FORTIFY_SOURCE=2 -fdeclspec  -O0 -fno-omit-frame-pointer -fno-fast-math -ggdb3 -Wall -Wextra -Wextra-tokens -Wdeprecated-declarations -Wdivision-by-zero -Wdiv-by-zero -Wimplicit-function-declaration -Wimplicit-int -Wpointer-arith -Wshorten-64-to-32 -Wwrite-strings -Wold-style-definition -Wmissing-noreturn -Wno-cast-function-type -Wno-constant-logical-operand -Wno-long-long -Wno-missing-field-initializers -Wno-overlength-strings -Wno-parentheses-equality -Wno-self-assign -Wno-tautological-compare -Wno-unused-parameter -Wno-unused-value -Wunused-variable -Wmisleading-indentation -Wundef   -c conftest.c"
checked program was:
/* begin */
 1: #include "ruby.h"
 2: 
 3: #include <sys/types.h>
 4: #include <netdb.h>
 5: #include <string.h>
 6: #include <sys/socket.h>
 7: #include <netinet/in.h>
 8: #include <sys/uio.h>
 9: #include <netinet/in_systm.h>
10: #include <netinet/tcp.h>
11: #include <netinet/tcp_fsm.h>
/* end */

--------------------

have_header: checking for netinet/udp.h... -------------------- yes

LD_LIBRARY_PATH=.:../..:/snap/ruby/438/lib: ASAN_OPTIONS=detect_leaks=0 "/morello-hybrid/src/output/sdk/bin/clang -I../../.ext/include/aarch64-freebsd -I../../../include -I../../../ext/socket -I../.. -I../../.. -I/morello-hybrid/src/output/rootfs-aarch64/usr/include    -target aarch64-unknown-freebsd -march=armv8 --sysroot=/morello-hybrid/src/output/rootfs-aarch64 -I/morello-hybrid/src/output/rootfs-aarch64/usr/include -mbranch-protection=pac-ret -fstack-protector-strong -U_FORTIFY_SOURCE -D_FORTIFY_SOURCE=2 -fdeclspec  -O0 -fno-omit-frame-pointer -fno-fast-math -ggdb3 -Wall -Wextra -Wextra-tokens -Wdeprecated-declarations -Wdivision-by-zero -Wdiv-by-zero -Wimplicit-function-declaration -Wimplicit-int -Wpointer-arith -Wshorten-64-to-32 -Wwrite-strings -Wold-style-definition -Wmissing-noreturn -Wno-cast-function-type -Wno-constant-logical-operand -Wno-long-long -Wno-missing-field-initializers -Wno-overlength-strings -Wno-parentheses-equality -Wno-self-assign -Wno-tautological-compare -Wno-unused-parameter -Wno-unused-value -Wunused-variable -Wmisleading-indentation -Wundef   -c conftest.c"
checked program was:
/* begin */
 1: #include "ruby.h"
 2: 
 3: #include <sys/types.h>
 4: #include <netdb.h>
 5: #include <string.h>
 6: #include <sys/socket.h>
 7: #include <netinet/in.h>
 8: #include <sys/uio.h>
 9: #include <netinet/in_systm.h>
10: #include <netinet/tcp.h>
11: #include <netinet/tcp_fsm.h>
12: #include <netinet/udp.h>
/* end */

--------------------

have_header: checking for arpa/inet.h... -------------------- yes

LD_LIBRARY_PATH=.:../..:/snap/ruby/438/lib: ASAN_OPTIONS=detect_leaks=0 "/morello-hybrid/src/output/sdk/bin/clang -I../../.ext/include/aarch64-freebsd -I../../../include -I../../../ext/socket -I../.. -I../../.. -I/morello-hybrid/src/output/rootfs-aarch64/usr/include    -target aarch64-unknown-freebsd -march=armv8 --sysroot=/morello-hybrid/src/output/rootfs-aarch64 -I/morello-hybrid/src/output/rootfs-aarch64/usr/include -mbranch-protection=pac-ret -fstack-protector-strong -U_FORTIFY_SOURCE -D_FORTIFY_SOURCE=2 -fdeclspec  -O0 -fno-omit-frame-pointer -fno-fast-math -ggdb3 -Wall -Wextra -Wextra-tokens -Wdeprecated-declarations -Wdivision-by-zero -Wdiv-by-zero -Wimplicit-function-declaration -Wimplicit-int -Wpointer-arith -Wshorten-64-to-32 -Wwrite-strings -Wold-style-definition -Wmissing-noreturn -Wno-cast-function-type -Wno-constant-logical-operand -Wno-long-long -Wno-missing-field-initializers -Wno-overlength-strings -Wno-parentheses-equality -Wno-self-assign -Wno-tautological-compare -Wno-unused-parameter -Wno-unused-value -Wunused-variable -Wmisleading-indentation -Wundef   -c conftest.c"
checked program was:
/* begin */
 1: #include "ruby.h"
 2: 
 3: #include <sys/types.h>
 4: #include <netdb.h>
 5: #include <string.h>
 6: #include <sys/socket.h>
 7: #include <netinet/in.h>
 8: #include <sys/uio.h>
 9: #include <netinet/in_systm.h>
10: #include <netinet/tcp.h>
11: #include <netinet/tcp_fsm.h>
12: #include <netinet/udp.h>
13: #include <arpa/inet.h>
/* end */

--------------------

have_header: checking for netpacket/packet.h... -------------------- no

LD_LIBRARY_PATH=.:../..:/snap/ruby/438/lib: ASAN_OPTIONS=detect_leaks=0 "/morello-hybrid/src/output/sdk/bin/clang -I../../.ext/include/aarch64-freebsd -I../../../include -I../../../ext/socket -I../.. -I../../.. -I/morello-hybrid/src/output/rootfs-aarch64/usr/include    -target aarch64-unknown-freebsd -march=armv8 --sysroot=/morello-hybrid/src/output/rootfs-aarch64 -I/morello-hybrid/src/output/rootfs-aarch64/usr/include -mbranch-protection=pac-ret -fstack-protector-strong -U_FORTIFY_SOURCE -D_FORTIFY_SOURCE=2 -fdeclspec  -O0 -fno-omit-frame-pointer -fno-fast-math -ggdb3 -Wall -Wextra -Wextra-tokens -Wdeprecated-declarations -Wdivision-by-zero -Wdiv-by-zero -Wimplicit-function-declaration -Wimplicit-int -Wpointer-arith -Wshorten-64-to-32 -Wwrite-strings -Wold-style-definition -Wmissing-noreturn -Wno-cast-function-type -Wno-constant-logical-operand -Wno-long-long -Wno-missing-field-initializers -Wno-overlength-strings -Wno-parentheses-equality -Wno-self-assign -Wno-tautological-compare -Wno-unused-parameter -Wno-unused-value -Wunused-variable -Wmisleading-indentation -Wundef   -c conftest.c"
conftest.c:14:10: fatal error: 'netpacket/packet.h' file not found
   14 | #include <netpacket/packet.h>
      |          ^~~~~~~~~~~~~~~~~~~~
1 error generated.
checked program was:
/* begin */
 1: #include "ruby.h"
 2: 
 3: #include <sys/types.h>
 4: #include <netdb.h>
 5: #include <string.h>
 6: #include <sys/socket.h>
 7: #include <netinet/in.h>
 8: #include <sys/uio.h>
 9: #include <netinet/in_systm.h>
10: #include <netinet/tcp.h>
11: #include <netinet/tcp_fsm.h>
12: #include <netinet/udp.h>
13: #include <arpa/inet.h>
14: #include <netpacket/packet.h>
/* end */

--------------------

have_header: checking for net/ethernet.h... -------------------- yes

LD_LIBRARY_PATH=.:../..:/snap/ruby/438/lib: ASAN_OPTIONS=detect_leaks=0 "/morello-hybrid/src/output/sdk/bin/clang -I../../.ext/include/aarch64-freebsd -I../../../include -I../../../ext/socket -I../.. -I../../.. -I/morello-hybrid/src/output/rootfs-aarch64/usr/include    -target aarch64-unknown-freebsd -march=armv8 --sysroot=/morello-hybrid/src/output/rootfs-aarch64 -I/morello-hybrid/src/output/rootfs-aarch64/usr/include -mbranch-protection=pac-ret -fstack-protector-strong -U_FORTIFY_SOURCE -D_FORTIFY_SOURCE=2 -fdeclspec  -O0 -fno-omit-frame-pointer -fno-fast-math -ggdb3 -Wall -Wextra -Wextra-tokens -Wdeprecated-declarations -Wdivision-by-zero -Wdiv-by-zero -Wimplicit-function-declaration -Wimplicit-int -Wpointer-arith -Wshorten-64-to-32 -Wwrite-strings -Wold-style-definition -Wmissing-noreturn -Wno-cast-function-type -Wno-constant-logical-operand -Wno-long-long -Wno-missing-field-initializers -Wno-overlength-strings -Wno-parentheses-equality -Wno-self-assign -Wno-tautological-compare -Wno-unused-parameter -Wno-unused-value -Wunused-variable -Wmisleading-indentation -Wundef   -c conftest.c"
checked program was:
/* begin */
 1: #include "ruby.h"
 2: 
 3: #include <sys/types.h>
 4: #include <netdb.h>
 5: #include <string.h>
 6: #include <sys/socket.h>
 7: #include <netinet/in.h>
 8: #include <sys/uio.h>
 9: #include <netinet/in_systm.h>
10: #include <netinet/tcp.h>
11: #include <netinet/tcp_fsm.h>
12: #include <netinet/udp.h>
13: #include <arpa/inet.h>
14: #include <net/ethernet.h>
/* end */

--------------------

have_header: checking for sys/un.h... -------------------- yes

LD_LIBRARY_PATH=.:../..:/snap/ruby/438/lib: ASAN_OPTIONS=detect_leaks=0 "/morello-hybrid/src/output/sdk/bin/clang -I../../.ext/include/aarch64-freebsd -I../../../include -I../../../ext/socket -I../.. -I../../.. -I/morello-hybrid/src/output/rootfs-aarch64/usr/include    -target aarch64-unknown-freebsd -march=armv8 --sysroot=/morello-hybrid/src/output/rootfs-aarch64 -I/morello-hybrid/src/output/rootfs-aarch64/usr/include -mbranch-protection=pac-ret -fstack-protector-strong -U_FORTIFY_SOURCE -D_FORTIFY_SOURCE=2 -fdeclspec  -O0 -fno-omit-frame-pointer -fno-fast-math -ggdb3 -Wall -Wextra -Wextra-tokens -Wdeprecated-declarations -Wdivision-by-zero -Wdiv-by-zero -Wimplicit-function-declaration -Wimplicit-int -Wpointer-arith -Wshorten-64-to-32 -Wwrite-strings -Wold-style-definition -Wmissing-noreturn -Wno-cast-function-type -Wno-constant-logical-operand -Wno-long-long -Wno-missing-field-initializers -Wno-overlength-strings -Wno-parentheses-equality -Wno-self-assign -Wno-tautological-compare -Wno-unused-parameter -Wno-unused-value -Wunused-variable -Wmisleading-indentation -Wundef   -c conftest.c"
checked program was:
/* begin */
 1: #include "ruby.h"
 2: 
 3: #include <sys/types.h>
 4: #include <netdb.h>
 5: #include <string.h>
 6: #include <sys/socket.h>
 7: #include <netinet/in.h>
 8: #include <sys/uio.h>
 9: #include <netinet/in_systm.h>
10: #include <netinet/tcp.h>
11: #include <netinet/tcp_fsm.h>
12: #include <netinet/udp.h>
13: #include <arpa/inet.h>
14: #include <net/ethernet.h>
15: #include <sys/un.h>
/* end */

--------------------

have_header: checking for afunix.h... -------------------- no

LD_LIBRARY_PATH=.:../..:/snap/ruby/438/lib: ASAN_OPTIONS=detect_leaks=0 "/morello-hybrid/src/output/sdk/bin/clang -I../../.ext/include/aarch64-freebsd -I../../../include -I../../../ext/socket -I../.. -I../../.. -I/morello-hybrid/src/output/rootfs-aarch64/usr/include    -target aarch64-unknown-freebsd -march=armv8 --sysroot=/morello-hybrid/src/output/rootfs-aarch64 -I/morello-hybrid/src/output/rootfs-aarch64/usr/include -mbranch-protection=pac-ret -fstack-protector-strong -U_FORTIFY_SOURCE -D_FORTIFY_SOURCE=2 -fdeclspec  -O0 -fno-omit-frame-pointer -fno-fast-math -ggdb3 -Wall -Wextra -Wextra-tokens -Wdeprecated-declarations -Wdivision-by-zero -Wdiv-by-zero -Wimplicit-function-declaration -Wimplicit-int -Wpointer-arith -Wshorten-64-to-32 -Wwrite-strings -Wold-style-definition -Wmissing-noreturn -Wno-cast-function-type -Wno-constant-logical-operand -Wno-long-long -Wno-missing-field-initializers -Wno-overlength-strings -Wno-parentheses-equality -Wno-self-assign -Wno-tautological-compare -Wno-unused-parameter -Wno-unused-value -Wunused-variable -Wmisleading-indentation -Wundef   -c conftest.c"
conftest.c:16:10: fatal error: 'afunix.h' file not found
   16 | #include <afunix.h>
      |          ^~~~~~~~~~
1 error generated.
checked program was:
/* begin */
 1: #include "ruby.h"
 2: 
 3: #include <sys/types.h>
 4: #include <netdb.h>
 5: #include <string.h>
 6: #include <sys/socket.h>
 7: #include <netinet/in.h>
 8: #include <sys/uio.h>
 9: #include <netinet/in_systm.h>
10: #include <netinet/tcp.h>
11: #include <netinet/tcp_fsm.h>
12: #include <netinet/udp.h>
13: #include <arpa/inet.h>
14: #include <net/ethernet.h>
15: #include <sys/un.h>
16: #include <afunix.h>
/* end */

--------------------

have_header: checking for ifaddrs.h... -------------------- yes

LD_LIBRARY_PATH=.:../..:/snap/ruby/438/lib: ASAN_OPTIONS=detect_leaks=0 "/morello-hybrid/src/output/sdk/bin/clang -I../../.ext/include/aarch64-freebsd -I../../../include -I../../../ext/socket -I../.. -I../../.. -I/morello-hybrid/src/output/rootfs-aarch64/usr/include    -target aarch64-unknown-freebsd -march=armv8 --sysroot=/morello-hybrid/src/output/rootfs-aarch64 -I/morello-hybrid/src/output/rootfs-aarch64/usr/include -mbranch-protection=pac-ret -fstack-protector-strong -U_FORTIFY_SOURCE -D_FORTIFY_SOURCE=2 -fdeclspec  -O0 -fno-omit-frame-pointer -fno-fast-math -ggdb3 -Wall -Wextra -Wextra-tokens -Wdeprecated-declarations -Wdivision-by-zero -Wdiv-by-zero -Wimplicit-function-declaration -Wimplicit-int -Wpointer-arith -Wshorten-64-to-32 -Wwrite-strings -Wold-style-definition -Wmissing-noreturn -Wno-cast-function-type -Wno-constant-logical-operand -Wno-long-long -Wno-missing-field-initializers -Wno-overlength-strings -Wno-parentheses-equality -Wno-self-assign -Wno-tautological-compare -Wno-unused-parameter -Wno-unused-value -Wunused-variable -Wmisleading-indentation -Wundef   -c conftest.c"
checked program was:
/* begin */
 1: #include "ruby.h"
 2: 
 3: #include <sys/types.h>
 4: #include <netdb.h>
 5: #include <string.h>
 6: #include <sys/socket.h>
 7: #include <netinet/in.h>
 8: #include <sys/uio.h>
 9: #include <netinet/in_systm.h>
10: #include <netinet/tcp.h>
11: #include <netinet/tcp_fsm.h>
12: #include <netinet/udp.h>
13: #include <arpa/inet.h>
14: #include <net/ethernet.h>
15: #include <sys/un.h>
16: #include <ifaddrs.h>
/* end */

--------------------

have_header: checking for sys/ioctl.h... -------------------- yes

LD_LIBRARY_PATH=.:../..:/snap/ruby/438/lib: ASAN_OPTIONS=detect_leaks=0 "/morello-hybrid/src/output/sdk/bin/clang -I../../.ext/include/aarch64-freebsd -I../../../include -I../../../ext/socket -I../.. -I../../.. -I/morello-hybrid/src/output/rootfs-aarch64/usr/include    -target aarch64-unknown-freebsd -march=armv8 --sysroot=/morello-hybrid/src/output/rootfs-aarch64 -I/morello-hybrid/src/output/rootfs-aarch64/usr/include -mbranch-protection=pac-ret -fstack-protector-strong -U_FORTIFY_SOURCE -D_FORTIFY_SOURCE=2 -fdeclspec  -O0 -fno-omit-frame-pointer -fno-fast-math -ggdb3 -Wall -Wextra -Wextra-tokens -Wdeprecated-declarations -Wdivision-by-zero -Wdiv-by-zero -Wimplicit-function-declaration -Wimplicit-int -Wpointer-arith -Wshorten-64-to-32 -Wwrite-strings -Wold-style-definition -Wmissing-noreturn -Wno-cast-function-type -Wno-constant-logical-operand -Wno-long-long -Wno-missing-field-initializers -Wno-overlength-strings -Wno-parentheses-equality -Wno-self-assign -Wno-tautological-compare -Wno-unused-parameter -Wno-unused-value -Wunused-variable -Wmisleading-indentation -Wundef   -c conftest.c"
checked program was:
/* begin */
 1: #include "ruby.h"
 2: 
 3: #include <sys/types.h>
 4: #include <netdb.h>
 5: #include <string.h>
 6: #include <sys/socket.h>
 7: #include <netinet/in.h>
 8: #include <sys/uio.h>
 9: #include <netinet/in_systm.h>
10: #include <netinet/tcp.h>
11: #include <netinet/tcp_fsm.h>
12: #include <netinet/udp.h>
13: #include <arpa/inet.h>
14: #include <net/ethernet.h>
15: #include <sys/un.h>
16: #include <ifaddrs.h>
17: #include <sys/ioctl.h>
/* end */

--------------------

have_header: checking for sys/sockio.h... -------------------- yes

LD_LIBRARY_PATH=.:../..:/snap/ruby/438/lib: ASAN_OPTIONS=detect_leaks=0 "/morello-hybrid/src/output/sdk/bin/clang -I../../.ext/include/aarch64-freebsd -I../../../include -I../../../ext/socket -I../.. -I../../.. -I/morello-hybrid/src/output/rootfs-aarch64/usr/include    -target aarch64-unknown-freebsd -march=armv8 --sysroot=/morello-hybrid/src/output/rootfs-aarch64 -I/morello-hybrid/src/output/rootfs-aarch64/usr/include -mbranch-protection=pac-ret -fstack-protector-strong -U_FORTIFY_SOURCE -D_FORTIFY_SOURCE=2 -fdeclspec  -O0 -fno-omit-frame-pointer -fno-fast-math -ggdb3 -Wall -Wextra -Wextra-tokens -Wdeprecated-declarations -Wdivision-by-zero -Wdiv-by-zero -Wimplicit-function-declaration -Wimplicit-int -Wpointer-arith -Wshorten-64-to-32 -Wwrite-strings -Wold-style-definition -Wmissing-noreturn -Wno-cast-function-type -Wno-constant-logical-operand -Wno-long-long -Wno-missing-field-initializers -Wno-overlength-strings -Wno-parentheses-equality -Wno-self-assign -Wno-tautological-compare -Wno-unused-parameter -Wno-unused-value -Wunused-variable -Wmisleading-indentation -Wundef   -c conftest.c"
checked program was:
/* begin */
 1: #include "ruby.h"
 2: 
 3: #include <sys/types.h>
 4: #include <netdb.h>
 5: #include <string.h>
 6: #include <sys/socket.h>
 7: #include <netinet/in.h>
 8: #include <sys/uio.h>
 9: #include <netinet/in_systm.h>
10: #include <netinet/tcp.h>
11: #include <netinet/tcp_fsm.h>
12: #include <netinet/udp.h>
13: #include <arpa/inet.h>
14: #include <net/ethernet.h>
15: #include <sys/un.h>
16: #include <ifaddrs.h>
17: #include <sys/ioctl.h>
18: #include <sys/sockio.h>
/* end */

--------------------

have_header: checking for net/if.h... -------------------- yes

LD_LIBRARY_PATH=.:../..:/snap/ruby/438/lib: ASAN_OPTIONS=detect_leaks=0 "/morello-hybrid/src/output/sdk/bin/clang -I../../.ext/include/aarch64-freebsd -I../../../include -I../../../ext/socket -I../.. -I../../.. -I/morello-hybrid/src/output/rootfs-aarch64/usr/include    -target aarch64-unknown-freebsd -march=armv8 --sysroot=/morello-hybrid/src/output/rootfs-aarch64 -I/morello-hybrid/src/output/rootfs-aarch64/usr/include -mbranch-protection=pac-ret -fstack-protector-strong -U_FORTIFY_SOURCE -D_FORTIFY_SOURCE=2 -fdeclspec  -O0 -fno-omit-frame-pointer -fno-fast-math -ggdb3 -Wall -Wextra -Wextra-tokens -Wdeprecated-declarations -Wdivision-by-zero -Wdiv-by-zero -Wimplicit-function-declaration -Wimplicit-int -Wpointer-arith -Wshorten-64-to-32 -Wwrite-strings -Wold-style-definition -Wmissing-noreturn -Wno-cast-function-type -Wno-constant-logical-operand -Wno-long-long -Wno-missing-field-initializers -Wno-overlength-strings -Wno-parentheses-equality -Wno-self-assign -Wno-tautological-compare -Wno-unused-parameter -Wno-unused-value -Wunused-variable -Wmisleading-indentation -Wundef   -c conftest.c"
checked program was:
/* begin */
 1: #include "ruby.h"
 2: 
 3: #include <sys/types.h>
 4: #include <netdb.h>
 5: #include <string.h>
 6: #include <sys/socket.h>
 7: #include <netinet/in.h>
 8: #include <sys/uio.h>
 9: #include <netinet/in_systm.h>
10: #include <netinet/tcp.h>
11: #include <netinet/tcp_fsm.h>
12: #include <netinet/udp.h>
13: #include <arpa/inet.h>
14: #include <net/ethernet.h>
15: #include <sys/un.h>
16: #include <ifaddrs.h>
17: #include <sys/ioctl.h>
18: #include <sys/sockio.h>
19: #include <net/if.h>
/* end */

--------------------

have_header: checking for sys/param.h... -------------------- yes

LD_LIBRARY_PATH=.:../..:/snap/ruby/438/lib: ASAN_OPTIONS=detect_leaks=0 "/morello-hybrid/src/output/sdk/bin/clang -I../../.ext/include/aarch64-freebsd -I../../../include -I../../../ext/socket -I../.. -I../../.. -I/morello-hybrid/src/output/rootfs-aarch64/usr/include    -target aarch64-unknown-freebsd -march=armv8 --sysroot=/morello-hybrid/src/output/rootfs-aarch64 -I/morello-hybrid/src/output/rootfs-aarch64/usr/include -mbranch-protection=pac-ret -fstack-protector-strong -U_FORTIFY_SOURCE -D_FORTIFY_SOURCE=2 -fdeclspec  -O0 -fno-omit-frame-pointer -fno-fast-math -ggdb3 -Wall -Wextra -Wextra-tokens -Wdeprecated-declarations -Wdivision-by-zero -Wdiv-by-zero -Wimplicit-function-declaration -Wimplicit-int -Wpointer-arith -Wshorten-64-to-32 -Wwrite-strings -Wold-style-definition -Wmissing-noreturn -Wno-cast-function-type -Wno-constant-logical-operand -Wno-long-long -Wno-missing-field-initializers -Wno-overlength-strings -Wno-parentheses-equality -Wno-self-assign -Wno-tautological-compare -Wno-unused-parameter -Wno-unused-value -Wunused-variable -Wmisleading-indentation -Wundef   -c conftest.c"
checked program was:
/* begin */
 1: #include "ruby.h"
 2: 
 3: #include <sys/types.h>
 4: #include <netdb.h>
 5: #include <string.h>
 6: #include <sys/socket.h>
 7: #include <netinet/in.h>
 8: #include <sys/uio.h>
 9: #include <netinet/in_systm.h>
10: #include <netinet/tcp.h>
11: #include <netinet/tcp_fsm.h>
12: #include <netinet/udp.h>
13: #include <arpa/inet.h>
14: #include <net/ethernet.h>
15: #include <sys/un.h>
16: #include <ifaddrs.h>
17: #include <sys/ioctl.h>
18: #include <sys/sockio.h>
19: #include <net/if.h>
20: #include <sys/param.h>
/* end */

--------------------

have_header: checking for sys/ucred.h... -------------------- yes

LD_LIBRARY_PATH=.:../..:/snap/ruby/438/lib: ASAN_OPTIONS=detect_leaks=0 "/morello-hybrid/src/output/sdk/bin/clang -I../../.ext/include/aarch64-freebsd -I../../../include -I../../../ext/socket -I../.. -I../../.. -I/morello-hybrid/src/output/rootfs-aarch64/usr/include    -target aarch64-unknown-freebsd -march=armv8 --sysroot=/morello-hybrid/src/output/rootfs-aarch64 -I/morello-hybrid/src/output/rootfs-aarch64/usr/include -mbranch-protection=pac-ret -fstack-protector-strong -U_FORTIFY_SOURCE -D_FORTIFY_SOURCE=2 -fdeclspec  -O0 -fno-omit-frame-pointer -fno-fast-math -ggdb3 -Wall -Wextra -Wextra-tokens -Wdeprecated-declarations -Wdivision-by-zero -Wdiv-by-zero -Wimplicit-function-declaration -Wimplicit-int -Wpointer-arith -Wshorten-64-to-32 -Wwrite-strings -Wold-style-definition -Wmissing-noreturn -Wno-cast-function-type -Wno-constant-logical-operand -Wno-long-long -Wno-missing-field-initializers -Wno-overlength-strings -Wno-parentheses-equality -Wno-self-assign -Wno-tautological-compare -Wno-unused-parameter -Wno-unused-value -Wunused-variable -Wmisleading-indentation -Wundef   -c conftest.c"
checked program was:
/* begin */
 1: #include "ruby.h"
 2: 
 3: #include <sys/types.h>
 4: #include <netdb.h>
 5: #include <string.h>
 6: #include <sys/socket.h>
 7: #include <netinet/in.h>
 8: #include <sys/uio.h>
 9: #include <netinet/in_systm.h>
10: #include <netinet/tcp.h>
11: #include <netinet/tcp_fsm.h>
12: #include <netinet/udp.h>
13: #include <arpa/inet.h>
14: #include <net/ethernet.h>
15: #include <sys/un.h>
16: #include <ifaddrs.h>
17: #include <sys/ioctl.h>
18: #include <sys/sockio.h>
19: #include <net/if.h>
20: #include <sys/param.h>
21: #include <sys/ucred.h>
/* end */

--------------------

have_header: checking for ucred.h... -------------------- no

LD_LIBRARY_PATH=.:../..:/snap/ruby/438/lib: ASAN_OPTIONS=detect_leaks=0 "/morello-hybrid/src/output/sdk/bin/clang -I../../.ext/include/aarch64-freebsd -I../../../include -I../../../ext/socket -I../.. -I../../.. -I/morello-hybrid/src/output/rootfs-aarch64/usr/include    -target aarch64-unknown-freebsd -march=armv8 --sysroot=/morello-hybrid/src/output/rootfs-aarch64 -I/morello-hybrid/src/output/rootfs-aarch64/usr/include -mbranch-protection=pac-ret -fstack-protector-strong -U_FORTIFY_SOURCE -D_FORTIFY_SOURCE=2 -fdeclspec  -O0 -fno-omit-frame-pointer -fno-fast-math -ggdb3 -Wall -Wextra -Wextra-tokens -Wdeprecated-declarations -Wdivision-by-zero -Wdiv-by-zero -Wimplicit-function-declaration -Wimplicit-int -Wpointer-arith -Wshorten-64-to-32 -Wwrite-strings -Wold-style-definition -Wmissing-noreturn -Wno-cast-function-type -Wno-constant-logical-operand -Wno-long-long -Wno-missing-field-initializers -Wno-overlength-strings -Wno-parentheses-equality -Wno-self-assign -Wno-tautological-compare -Wno-unused-parameter -Wno-unused-value -Wunused-variable -Wmisleading-indentation -Wundef   -c conftest.c"
conftest.c:22:10: fatal error: 'ucred.h' file not found
   22 | #include <ucred.h>
      |          ^~~~~~~~~
1 error generated.
checked program was:
/* begin */
 1: #include "ruby.h"
 2: 
 3: #include <sys/types.h>
 4: #include <netdb.h>
 5: #include <string.h>
 6: #include <sys/socket.h>
 7: #include <netinet/in.h>
 8: #include <sys/uio.h>
 9: #include <netinet/in_systm.h>
10: #include <netinet/tcp.h>
11: #include <netinet/tcp_fsm.h>
12: #include <netinet/udp.h>
13: #include <arpa/inet.h>
14: #include <net/ethernet.h>
15: #include <sys/un.h>
16: #include <ifaddrs.h>
17: #include <sys/ioctl.h>
18: #include <sys/sockio.h>
19: #include <net/if.h>
20: #include <sys/param.h>
21: #include <sys/ucred.h>
22: #include <ucred.h>
/* end */

--------------------

have_header: checking for net/if_dl.h... -------------------- yes

LD_LIBRARY_PATH=.:../..:/snap/ruby/438/lib: ASAN_OPTIONS=detect_leaks=0 "/morello-hybrid/src/output/sdk/bin/clang -I../../.ext/include/aarch64-freebsd -I../../../include -I../../../ext/socket -I../.. -I../../.. -I/morello-hybrid/src/output/rootfs-aarch64/usr/include    -target aarch64-unknown-freebsd -march=armv8 --sysroot=/morello-hybrid/src/output/rootfs-aarch64 -I/morello-hybrid/src/output/rootfs-aarch64/usr/include -mbranch-protection=pac-ret -fstack-protector-strong -U_FORTIFY_SOURCE -D_FORTIFY_SOURCE=2 -fdeclspec  -O0 -fno-omit-frame-pointer -fno-fast-math -ggdb3 -Wall -Wextra -Wextra-tokens -Wdeprecated-declarations -Wdivision-by-zero -Wdiv-by-zero -Wimplicit-function-declaration -Wimplicit-int -Wpointer-arith -Wshorten-64-to-32 -Wwrite-strings -Wold-style-definition -Wmissing-noreturn -Wno-cast-function-type -Wno-constant-logical-operand -Wno-long-long -Wno-missing-field-initializers -Wno-overlength-strings -Wno-parentheses-equality -Wno-self-assign -Wno-tautological-compare -Wno-unused-parameter -Wno-unused-value -Wunused-variable -Wmisleading-indentation -Wundef   -c conftest.c"
checked program was:
/* begin */
 1: #include "ruby.h"
 2: 
 3: #include <sys/types.h>
 4: #include <netdb.h>
 5: #include <string.h>
 6: #include <sys/socket.h>
 7: #include <netinet/in.h>
 8: #include <sys/uio.h>
 9: #include <netinet/in_systm.h>
10: #include <netinet/tcp.h>
11: #include <netinet/tcp_fsm.h>
12: #include <netinet/udp.h>
13: #include <arpa/inet.h>
14: #include <net/ethernet.h>
15: #include <sys/un.h>
16: #include <ifaddrs.h>
17: #include <sys/ioctl.h>
18: #include <sys/sockio.h>
19: #include <net/if.h>
20: #include <sys/param.h>
21: #include <sys/ucred.h>
22: #include <net/if_dl.h>
/* end */

--------------------

have_header: checking for arpa/nameser.h... -------------------- yes

LD_LIBRARY_PATH=.:../..:/snap/ruby/438/lib: ASAN_OPTIONS=detect_leaks=0 "/morello-hybrid/src/output/sdk/bin/clang -I../../.ext/include/aarch64-freebsd -I../../../include -I../../../ext/socket -I../.. -I../../.. -I/morello-hybrid/src/output/rootfs-aarch64/usr/include    -target aarch64-unknown-freebsd -march=armv8 --sysroot=/morello-hybrid/src/output/rootfs-aarch64 -I/morello-hybrid/src/output/rootfs-aarch64/usr/include -mbranch-protection=pac-ret -fstack-protector-strong -U_FORTIFY_SOURCE -D_FORTIFY_SOURCE=2 -fdeclspec  -O0 -fno-omit-frame-pointer -fno-fast-math -ggdb3 -Wall -Wextra -Wextra-tokens -Wdeprecated-declarations -Wdivision-by-zero -Wdiv-by-zero -Wimplicit-function-declaration -Wimplicit-int -Wpointer-arith -Wshorten-64-to-32 -Wwrite-strings -Wold-style-definition -Wmissing-noreturn -Wno-cast-function-type -Wno-constant-logical-operand -Wno-long-long -Wno-missing-field-initializers -Wno-overlength-strings -Wno-parentheses-equality -Wno-self-assign -Wno-tautological-compare -Wno-unused-parameter -Wno-unused-value -Wunused-variable -Wmisleading-indentation -Wundef   -c conftest.c"
checked program was:
/* begin */
 1: #include "ruby.h"
 2: 
 3: #include <sys/types.h>
 4: #include <netdb.h>
 5: #include <string.h>
 6: #include <sys/socket.h>
 7: #include <netinet/in.h>
 8: #include <sys/uio.h>
 9: #include <netinet/in_systm.h>
10: #include <netinet/tcp.h>
11: #include <netinet/tcp_fsm.h>
12: #include <netinet/udp.h>
13: #include <arpa/inet.h>
14: #include <net/ethernet.h>
15: #include <sys/un.h>
16: #include <ifaddrs.h>
17: #include <sys/ioctl.h>
18: #include <sys/sockio.h>
19: #include <net/if.h>
20: #include <sys/param.h>
21: #include <sys/ucred.h>
22: #include <net/if_dl.h>
23: #include <arpa/nameser.h>
/* end */

--------------------

have_header: checking for resolv.h... -------------------- yes

LD_LIBRARY_PATH=.:../..:/snap/ruby/438/lib: ASAN_OPTIONS=detect_leaks=0 "/morello-hybrid/src/output/sdk/bin/clang -I../../.ext/include/aarch64-freebsd -I../../../include -I../../../ext/socket -I../.. -I../../.. -I/morello-hybrid/src/output/rootfs-aarch64/usr/include    -target aarch64-unknown-freebsd -march=armv8 --sysroot=/morello-hybrid/src/output/rootfs-aarch64 -I/morello-hybrid/src/output/rootfs-aarch64/usr/include -mbranch-protection=pac-ret -fstack-protector-strong -U_FORTIFY_SOURCE -D_FORTIFY_SOURCE=2 -fdeclspec  -O0 -fno-omit-frame-pointer -fno-fast-math -ggdb3 -Wall -Wextra -Wextra-tokens -Wdeprecated-declarations -Wdivision-by-zero -Wdiv-by-zero -Wimplicit-function-declaration -Wimplicit-int -Wpointer-arith -Wshorten-64-to-32 -Wwrite-strings -Wold-style-definition -Wmissing-noreturn -Wno-cast-function-type -Wno-constant-logical-operand -Wno-long-long -Wno-missing-field-initializers -Wno-overlength-strings -Wno-parentheses-equality -Wno-self-assign -Wno-tautological-compare -Wno-unused-parameter -Wno-unused-value -Wunused-variable -Wmisleading-indentation -Wundef   -c conftest.c"
checked program was:
/* begin */
 1: #include "ruby.h"
 2: 
 3: #include <sys/types.h>
 4: #include <netdb.h>
 5: #include <string.h>
 6: #include <sys/socket.h>
 7: #include <netinet/in.h>
 8: #include <sys/uio.h>
 9: #include <netinet/in_systm.h>
10: #include <netinet/tcp.h>
11: #include <netinet/tcp_fsm.h>
12: #include <netinet/udp.h>
13: #include <arpa/inet.h>
14: #include <net/ethernet.h>
15: #include <sys/un.h>
16: #include <ifaddrs.h>
17: #include <sys/ioctl.h>
18: #include <sys/sockio.h>
19: #include <net/if.h>
20: #include <sys/param.h>
21: #include <sys/ucred.h>
22: #include <net/if_dl.h>
23: #include <arpa/nameser.h>
24: #include <resolv.h>
/* end */

--------------------

have_header: checking for pthread.h... -------------------- yes

LD_LIBRARY_PATH=.:../..:/snap/ruby/438/lib: ASAN_OPTIONS=detect_leaks=0 "/morello-hybrid/src/output/sdk/bin/clang -I../../.ext/include/aarch64-freebsd -I../../../include -I../../../ext/socket -I../.. -I../../.. -I/morello-hybrid/src/output/rootfs-aarch64/usr/include    -target aarch64-unknown-freebsd -march=armv8 --sysroot=/morello-hybrid/src/output/rootfs-aarch64 -I/morello-hybrid/src/output/rootfs-aarch64/usr/include -mbranch-protection=pac-ret -fstack-protector-strong -U_FORTIFY_SOURCE -D_FORTIFY_SOURCE=2 -fdeclspec  -O0 -fno-omit-frame-pointer -fno-fast-math -ggdb3 -Wall -Wextra -Wextra-tokens -Wdeprecated-declarations -Wdivision-by-zero -Wdiv-by-zero -Wimplicit-function-declaration -Wimplicit-int -Wpointer-arith -Wshorten-64-to-32 -Wwrite-strings -Wold-style-definition -Wmissing-noreturn -Wno-cast-function-type -Wno-constant-logical-operand -Wno-long-long -Wno-missing-field-initializers -Wno-overlength-strings -Wno-parentheses-equality -Wno-self-assign -Wno-tautological-compare -Wno-unused-parameter -Wno-unused-value -Wunused-variable -Wmisleading-indentation -Wundef   -c conftest.c"
checked program was:
/* begin */
 1: #include "ruby.h"
 2: 
 3: #include <sys/types.h>
 4: #include <netdb.h>
 5: #include <string.h>
 6: #include <sys/socket.h>
 7: #include <netinet/in.h>
 8: #include <sys/uio.h>
 9: #include <netinet/in_systm.h>
10: #include <netinet/tcp.h>
11: #include <netinet/tcp_fsm.h>
12: #include <netinet/udp.h>
13: #include <arpa/inet.h>
14: #include <net/ethernet.h>
15: #include <sys/un.h>
16: #include <ifaddrs.h>
17: #include <sys/ioctl.h>
18: #include <sys/sockio.h>
19: #include <net/if.h>
20: #include <sys/param.h>
21: #include <sys/ucred.h>
22: #include <net/if_dl.h>
23: #include <arpa/nameser.h>
24: #include <resolv.h>
25: #include <pthread.h>
/* end */

--------------------

have_header: checking for sched.h... -------------------- yes

LD_LIBRARY_PATH=.:../..:/snap/ruby/438/lib: ASAN_OPTIONS=detect_leaks=0 "/morello-hybrid/src/output/sdk/bin/clang -I../../.ext/include/aarch64-freebsd -I../../../include -I../../../ext/socket -I../.. -I../../.. -I/morello-hybrid/src/output/rootfs-aarch64/usr/include    -target aarch64-unknown-freebsd -march=armv8 --sysroot=/morello-hybrid/src/output/rootfs-aarch64 -I/morello-hybrid/src/output/rootfs-aarch64/usr/include -mbranch-protection=pac-ret -fstack-protector-strong -U_FORTIFY_SOURCE -D_FORTIFY_SOURCE=2 -fdeclspec  -O0 -fno-omit-frame-pointer -fno-fast-math -ggdb3 -Wall -Wextra -Wextra-tokens -Wdeprecated-declarations -Wdivision-by-zero -Wdiv-by-zero -Wimplicit-function-declaration -Wimplicit-int -Wpointer-arith -Wshorten-64-to-32 -Wwrite-strings -Wold-style-definition -Wmissing-noreturn -Wno-cast-function-type -Wno-constant-logical-operand -Wno-long-long -Wno-missing-field-initializers -Wno-overlength-strings -Wno-parentheses-equality -Wno-self-assign -Wno-tautological-compare -Wno-unused-parameter -Wno-unused-value -Wunused-variable -Wmisleading-indentation -Wundef   -c conftest.c"
checked program was:
/* begin */
 1: #include "ruby.h"
 2: 
 3: #include <sys/types.h>
 4: #include <netdb.h>
 5: #include <string.h>
 6: #include <sys/socket.h>
 7: #include <netinet/in.h>
 8: #include <sys/uio.h>
 9: #include <netinet/in_systm.h>
10: #include <netinet/tcp.h>
11: #include <netinet/tcp_fsm.h>
12: #include <netinet/udp.h>
13: #include <arpa/inet.h>
14: #include <net/ethernet.h>
15: #include <sys/un.h>
16: #include <ifaddrs.h>
17: #include <sys/ioctl.h>
18: #include <sys/sockio.h>
19: #include <net/if.h>
20: #include <sys/param.h>
21: #include <sys/ucred.h>
22: #include <net/if_dl.h>
23: #include <arpa/nameser.h>
24: #include <resolv.h>
25: #include <pthread.h>
26: #include <sched.h>
/* end */

--------------------

have_struct_member: checking for struct sockaddr.sa_len in sys/types.h,netdb.h,string.h,sys/socket.h,netinet/in.h,sys/uio.h,netinet/in_systm.h,netinet/tcp.h,netinet/tcp_fsm.h,netinet/udp.h,arpa/inet.h,net/ethernet.h,sys/un.h,ifaddrs.h,sys/ioctl.h,sys/sockio.h,net/if.h,sys/param.h,sys/ucred.h,net/if_dl.h,arpa/nameser.h,resolv.h,pthread.h,sched.h... -------------------- yes

LD_LIBRARY_PATH=.:../..:/snap/ruby/438/lib: ASAN_OPTIONS=detect_leaks=0 "/morello-hybrid/src/output/sdk/bin/clang -I../../.ext/include/aarch64-freebsd -I../../../include -I../../../ext/socket -I../.. -I../../.. -I/morello-hybrid/src/output/rootfs-aarch64/usr/include    -target aarch64-unknown-freebsd -march=armv8 --sysroot=/morello-hybrid/src/output/rootfs-aarch64 -I/morello-hybrid/src/output/rootfs-aarch64/usr/include -mbranch-protection=pac-ret -fstack-protector-strong -U_FORTIFY_SOURCE -D_FORTIFY_SOURCE=2 -fdeclspec  -O0 -fno-omit-frame-pointer -fno-fast-math -ggdb3 -Wall -Wextra -Wextra-tokens -Wdeprecated-declarations -Wdivision-by-zero -Wdiv-by-zero -Wimplicit-function-declaration -Wimplicit-int -Wpointer-arith -Wshorten-64-to-32 -Wwrite-strings -Wold-style-definition -Wmissing-noreturn -Wno-cast-function-type -Wno-constant-logical-operand -Wno-long-long -Wno-missing-field-initializers -Wno-overlength-strings -Wno-parentheses-equality -Wno-self-assign -Wno-tautological-compare -Wno-unused-parameter -Wno-unused-value -Wunused-variable -Wmisleading-indentation -Wundef   -c conftest.c"
conftest.c:29:48: warning: performing pointer subtraction with a null pointer has undefined behavior [-Wnull-pointer-subtraction]
   29 | int s = (char *)&((struct sockaddr*)0)->sa_len - (char *)0;
      |                                                ^ ~~~~~~~~~
1 warning generated.
checked program was:
/* begin */
 1: #include "ruby.h"
 2: 
 3: #include <sys/types.h>
 4: #include <netdb.h>
 5: #include <string.h>
 6: #include <sys/socket.h>
 7: #include <netinet/in.h>
 8: #include <sys/uio.h>
 9: #include <netinet/in_systm.h>
10: #include <netinet/tcp.h>
11: #include <netinet/tcp_fsm.h>
12: #include <netinet/udp.h>
13: #include <arpa/inet.h>
14: #include <net/ethernet.h>
15: #include <sys/un.h>
16: #include <ifaddrs.h>
17: #include <sys/ioctl.h>
18: #include <sys/sockio.h>
19: #include <net/if.h>
20: #include <sys/param.h>
21: #include <sys/ucred.h>
22: #include <net/if_dl.h>
23: #include <arpa/nameser.h>
24: #include <resolv.h>
25: #include <pthread.h>
26: #include <sched.h>
27: 
28: /*top*/
29: int s = (char *)&((struct sockaddr*)0)->sa_len - (char *)0;
30: int main(int argc, char **argv)
31: {
32:   return !!argv[argc];
33: }
/* end */

--------------------

have_struct_member: checking for struct sockaddr_in.sin_len in sys/types.h,netdb.h,string.h,sys/socket.h,netinet/in.h,sys/uio.h,netinet/in_systm.h,netinet/tcp.h,netinet/tcp_fsm.h,netinet/udp.h,arpa/inet.h,net/ethernet.h,sys/un.h,ifaddrs.h,sys/ioctl.h,sys/sockio.h,net/if.h,sys/param.h,sys/ucred.h,net/if_dl.h,arpa/nameser.h,resolv.h,pthread.h,sched.h... -------------------- yes

LD_LIBRARY_PATH=.:../..:/snap/ruby/438/lib: ASAN_OPTIONS=detect_leaks=0 "/morello-hybrid/src/output/sdk/bin/clang -I../../.ext/include/aarch64-freebsd -I../../../include -I../../../ext/socket -I../.. -I../../.. -I/morello-hybrid/src/output/rootfs-aarch64/usr/include    -target aarch64-unknown-freebsd -march=armv8 --sysroot=/morello-hybrid/src/output/rootfs-aarch64 -I/morello-hybrid/src/output/rootfs-aarch64/usr/include -mbranch-protection=pac-ret -fstack-protector-strong -U_FORTIFY_SOURCE -D_FORTIFY_SOURCE=2 -fdeclspec  -O0 -fno-omit-frame-pointer -fno-fast-math -ggdb3 -Wall -Wextra -Wextra-tokens -Wdeprecated-declarations -Wdivision-by-zero -Wdiv-by-zero -Wimplicit-function-declaration -Wimplicit-int -Wpointer-arith -Wshorten-64-to-32 -Wwrite-strings -Wold-style-definition -Wmissing-noreturn -Wno-cast-function-type -Wno-constant-logical-operand -Wno-long-long -Wno-missing-field-initializers -Wno-overlength-strings -Wno-parentheses-equality -Wno-self-assign -Wno-tautological-compare -Wno-unused-parameter -Wno-unused-value -Wunused-variable -Wmisleading-indentation -Wundef   -c conftest.c"
conftest.c:29:52: warning: performing pointer subtraction with a null pointer has undefined behavior [-Wnull-pointer-subtraction]
   29 | int s = (char *)&((struct sockaddr_in*)0)->sin_len - (char *)0;
      |                                                    ^ ~~~~~~~~~
1 warning generated.
checked program was:
/* begin */
 1: #include "ruby.h"
 2: 
 3: #include <sys/types.h>
 4: #include <netdb.h>
 5: #include <string.h>
 6: #include <sys/socket.h>
 7: #include <netinet/in.h>
 8: #include <sys/uio.h>
 9: #include <netinet/in_systm.h>
10: #include <netinet/tcp.h>
11: #include <netinet/tcp_fsm.h>
12: #include <netinet/udp.h>
13: #include <arpa/inet.h>
14: #include <net/ethernet.h>
15: #include <sys/un.h>
16: #include <ifaddrs.h>
17: #include <sys/ioctl.h>
18: #include <sys/sockio.h>
19: #include <net/if.h>
20: #include <sys/param.h>
21: #include <sys/ucred.h>
22: #include <net/if_dl.h>
23: #include <arpa/nameser.h>
24: #include <resolv.h>
25: #include <pthread.h>
26: #include <sched.h>
27: 
28: /*top*/
29: int s = (char *)&((struct sockaddr_in*)0)->sin_len - (char *)0;
30: int main(int argc, char **argv)
31: {
32:   return !!argv[argc];
33: }
/* end */

--------------------

have_struct_member: checking for struct sockaddr_in6.sin6_len in sys/types.h,netdb.h,string.h,sys/socket.h,netinet/in.h,sys/uio.h,netinet/in_systm.h,netinet/tcp.h,netinet/tcp_fsm.h,netinet/udp.h,arpa/inet.h,net/ethernet.h,sys/un.h,ifaddrs.h,sys/ioctl.h,sys/sockio.h,net/if.h,sys/param.h,sys/ucred.h,net/if_dl.h,arpa/nameser.h,resolv.h,pthread.h,sched.h... -------------------- yes

LD_LIBRARY_PATH=.:../..:/snap/ruby/438/lib: ASAN_OPTIONS=detect_leaks=0 "/morello-hybrid/src/output/sdk/bin/clang -I../../.ext/include/aarch64-freebsd -I../../../include -I../../../ext/socket -I../.. -I../../.. -I/morello-hybrid/src/output/rootfs-aarch64/usr/include    -target aarch64-unknown-freebsd -march=armv8 --sysroot=/morello-hybrid/src/output/rootfs-aarch64 -I/morello-hybrid/src/output/rootfs-aarch64/usr/include -mbranch-protection=pac-ret -fstack-protector-strong -U_FORTIFY_SOURCE -D_FORTIFY_SOURCE=2 -fdeclspec  -O0 -fno-omit-frame-pointer -fno-fast-math -ggdb3 -Wall -Wextra -Wextra-tokens -Wdeprecated-declarations -Wdivision-by-zero -Wdiv-by-zero -Wimplicit-function-declaration -Wimplicit-int -Wpointer-arith -Wshorten-64-to-32 -Wwrite-strings -Wold-style-definition -Wmissing-noreturn -Wno-cast-function-type -Wno-constant-logical-operand -Wno-long-long -Wno-missing-field-initializers -Wno-overlength-strings -Wno-parentheses-equality -Wno-self-assign -Wno-tautological-compare -Wno-unused-parameter -Wno-unused-value -Wunused-variable -Wmisleading-indentation -Wundef   -c conftest.c"
conftest.c:29:54: warning: performing pointer subtraction with a null pointer has undefined behavior [-Wnull-pointer-subtraction]
   29 | int s = (char *)&((struct sockaddr_in6*)0)->sin6_len - (char *)0;
      |                                                      ^ ~~~~~~~~~
1 warning generated.
checked program was:
/* begin */
 1: #include "ruby.h"
 2: 
 3: #include <sys/types.h>
 4: #include <netdb.h>
 5: #include <string.h>
 6: #include <sys/socket.h>
 7: #include <netinet/in.h>
 8: #include <sys/uio.h>
 9: #include <netinet/in_systm.h>
10: #include <netinet/tcp.h>
11: #include <netinet/tcp_fsm.h>
12: #include <netinet/udp.h>
13: #include <arpa/inet.h>
14: #include <net/ethernet.h>
15: #include <sys/un.h>
16: #include <ifaddrs.h>
17: #include <sys/ioctl.h>
18: #include <sys/sockio.h>
19: #include <net/if.h>
20: #include <sys/param.h>
21: #include <sys/ucred.h>
22: #include <net/if_dl.h>
23: #include <arpa/nameser.h>
24: #include <resolv.h>
25: #include <pthread.h>
26: #include <sched.h>
27: 
28: /*top*/
29: int s = (char *)&((struct sockaddr_in6*)0)->sin6_len - (char *)0;
30: int main(int argc, char **argv)
31: {
32:   return !!argv[argc];
33: }
/* end */

--------------------

have_type: checking for struct sockaddr_un in sys/types.h,netdb.h,string.h,sys/socket.h,netinet/in.h,sys/uio.h,netinet/in_systm.h,netinet/tcp.h,netinet/tcp_fsm.h,netinet/udp.h,arpa/inet.h,net/ethernet.h,sys/un.h,ifaddrs.h,sys/ioctl.h,sys/sockio.h,net/if.h,sys/param.h,sys/ucred.h,net/if_dl.h,arpa/nameser.h,resolv.h,pthread.h,sched.h... -------------------- yes

LD_LIBRARY_PATH=.:../..:/snap/ruby/438/lib: ASAN_OPTIONS=detect_leaks=0 "/morello-hybrid/src/output/sdk/bin/clang -I../../.ext/include/aarch64-freebsd -I../../../include -I../../../ext/socket -I../.. -I../../.. -I/morello-hybrid/src/output/rootfs-aarch64/usr/include    -target aarch64-unknown-freebsd -march=armv8 --sysroot=/morello-hybrid/src/output/rootfs-aarch64 -I/morello-hybrid/src/output/rootfs-aarch64/usr/include -mbranch-protection=pac-ret -fstack-protector-strong -U_FORTIFY_SOURCE -D_FORTIFY_SOURCE=2 -fdeclspec  -O0 -fno-omit-frame-pointer -fno-fast-math -ggdb3 -Wall -Wextra -Wextra-tokens -Wdeprecated-declarations -Wdivision-by-zero -Wdiv-by-zero -Wimplicit-function-declaration -Wimplicit-int -Wpointer-arith -Wshorten-64-to-32 -Wwrite-strings -Wold-style-definition -Wmissing-noreturn -Wno-cast-function-type -Wno-constant-logical-operand -Wno-long-long -Wno-missing-field-initializers -Wno-overlength-strings -Wno-parentheses-equality -Wno-self-assign -Wno-tautological-compare -Wno-unused-parameter -Wno-unused-value -Wunused-variable -Wmisleading-indentation -Wundef   -c conftest.c"
checked program was:
/* begin */
 1: #include "ruby.h"
 2: 
 3: #include <sys/types.h>
 4: #include <netdb.h>
 5: #include <string.h>
 6: #include <sys/socket.h>
 7: #include <netinet/in.h>
 8: #include <sys/uio.h>
 9: #include <netinet/in_systm.h>
10: #include <netinet/tcp.h>
11: #include <netinet/tcp_fsm.h>
12: #include <netinet/udp.h>
13: #include <arpa/inet.h>
14: #include <net/ethernet.h>
15: #include <sys/un.h>
16: #include <ifaddrs.h>
17: #include <sys/ioctl.h>
18: #include <sys/sockio.h>
19: #include <net/if.h>
20: #include <sys/param.h>
21: #include <sys/ucred.h>
22: #include <net/if_dl.h>
23: #include <arpa/nameser.h>
24: #include <resolv.h>
25: #include <pthread.h>
26: #include <sched.h>
27: 
28: /*top*/
29: typedef struct sockaddr_un conftest_type;
30: int conftestval[sizeof(conftest_type)?1:-1];
/* end */

--------------------

have_struct_member: checking for struct sockaddr_un.sun_len in sys/types.h,netdb.h,string.h,sys/socket.h,netinet/in.h,sys/uio.h,netinet/in_systm.h,netinet/tcp.h,netinet/tcp_fsm.h,netinet/udp.h,arpa/inet.h,net/ethernet.h,sys/un.h,ifaddrs.h,sys/ioctl.h,sys/sockio.h,net/if.h,sys/param.h,sys/ucred.h,net/if_dl.h,arpa/nameser.h,resolv.h,pthread.h,sched.h... -------------------- yes

LD_LIBRARY_PATH=.:../..:/snap/ruby/438/lib: ASAN_OPTIONS=detect_leaks=0 "/morello-hybrid/src/output/sdk/bin/clang -I../../.ext/include/aarch64-freebsd -I../../../include -I../../../ext/socket -I../.. -I../../.. -I/morello-hybrid/src/output/rootfs-aarch64/usr/include    -target aarch64-unknown-freebsd -march=armv8 --sysroot=/morello-hybrid/src/output/rootfs-aarch64 -I/morello-hybrid/src/output/rootfs-aarch64/usr/include -mbranch-protection=pac-ret -fstack-protector-strong -U_FORTIFY_SOURCE -D_FORTIFY_SOURCE=2 -fdeclspec  -O0 -fno-omit-frame-pointer -fno-fast-math -ggdb3 -Wall -Wextra -Wextra-tokens -Wdeprecated-declarations -Wdivision-by-zero -Wdiv-by-zero -Wimplicit-function-declaration -Wimplicit-int -Wpointer-arith -Wshorten-64-to-32 -Wwrite-strings -Wold-style-definition -Wmissing-noreturn -Wno-cast-function-type -Wno-constant-logical-operand -Wno-long-long -Wno-missing-field-initializers -Wno-overlength-strings -Wno-parentheses-equality -Wno-self-assign -Wno-tautological-compare -Wno-unused-parameter -Wno-unused-value -Wunused-variable -Wmisleading-indentation -Wundef   -c conftest.c"
conftest.c:29:52: warning: performing pointer subtraction with a null pointer has undefined behavior [-Wnull-pointer-subtraction]
   29 | int s = (char *)&((struct sockaddr_un*)0)->sun_len - (char *)0;
      |                                                    ^ ~~~~~~~~~
1 warning generated.
checked program was:
/* begin */
 1: #include "ruby.h"
 2: 
 3: #include <sys/types.h>
 4: #include <netdb.h>
 5: #include <string.h>
 6: #include <sys/socket.h>
 7: #include <netinet/in.h>
 8: #include <sys/uio.h>
 9: #include <netinet/in_systm.h>
10: #include <netinet/tcp.h>
11: #include <netinet/tcp_fsm.h>
12: #include <netinet/udp.h>
13: #include <arpa/inet.h>
14: #include <net/ethernet.h>
15: #include <sys/un.h>
16: #include <ifaddrs.h>
17: #include <sys/ioctl.h>
18: #include <sys/sockio.h>
19: #include <net/if.h>
20: #include <sys/param.h>
21: #include <sys/ucred.h>
22: #include <net/if_dl.h>
23: #include <arpa/nameser.h>
24: #include <resolv.h>
25: #include <pthread.h>
26: #include <sched.h>
27: 
28: /*top*/
29: int s = (char *)&((struct sockaddr_un*)0)->sun_len - (char *)0;
30: int main(int argc, char **argv)
31: {
32:   return !!argv[argc];
33: }
/* end */

--------------------

have_type: checking for struct sockaddr_dl in sys/types.h,netdb.h,string.h,sys/socket.h,netinet/in.h,sys/uio.h,netinet/in_systm.h,netinet/tcp.h,netinet/tcp_fsm.h,netinet/udp.h,arpa/inet.h,net/ethernet.h,sys/un.h,ifaddrs.h,sys/ioctl.h,sys/sockio.h,net/if.h,sys/param.h,sys/ucred.h,net/if_dl.h,arpa/nameser.h,resolv.h,pthread.h,sched.h... -------------------- yes

LD_LIBRARY_PATH=.:../..:/snap/ruby/438/lib: ASAN_OPTIONS=detect_leaks=0 "/morello-hybrid/src/output/sdk/bin/clang -I../../.ext/include/aarch64-freebsd -I../../../include -I../../../ext/socket -I../.. -I../../.. -I/morello-hybrid/src/output/rootfs-aarch64/usr/include    -target aarch64-unknown-freebsd -march=armv8 --sysroot=/morello-hybrid/src/output/rootfs-aarch64 -I/morello-hybrid/src/output/rootfs-aarch64/usr/include -mbranch-protection=pac-ret -fstack-protector-strong -U_FORTIFY_SOURCE -D_FORTIFY_SOURCE=2 -fdeclspec  -O0 -fno-omit-frame-pointer -fno-fast-math -ggdb3 -Wall -Wextra -Wextra-tokens -Wdeprecated-declarations -Wdivision-by-zero -Wdiv-by-zero -Wimplicit-function-declaration -Wimplicit-int -Wpointer-arith -Wshorten-64-to-32 -Wwrite-strings -Wold-style-definition -Wmissing-noreturn -Wno-cast-function-type -Wno-constant-logical-operand -Wno-long-long -Wno-missing-field-initializers -Wno-overlength-strings -Wno-parentheses-equality -Wno-self-assign -Wno-tautological-compare -Wno-unused-parameter -Wno-unused-value -Wunused-variable -Wmisleading-indentation -Wundef   -c conftest.c"
checked program was:
/* begin */
 1: #include "ruby.h"
 2: 
 3: #include <sys/types.h>
 4: #include <netdb.h>
 5: #include <string.h>
 6: #include <sys/socket.h>
 7: #include <netinet/in.h>
 8: #include <sys/uio.h>
 9: #include <netinet/in_systm.h>
10: #include <netinet/tcp.h>
11: #include <netinet/tcp_fsm.h>
12: #include <netinet/udp.h>
13: #include <arpa/inet.h>
14: #include <net/ethernet.h>
15: #include <sys/un.h>
16: #include <ifaddrs.h>
17: #include <sys/ioctl.h>
18: #include <sys/sockio.h>
19: #include <net/if.h>
20: #include <sys/param.h>
21: #include <sys/ucred.h>
22: #include <net/if_dl.h>
23: #include <arpa/nameser.h>
24: #include <resolv.h>
25: #include <pthread.h>
26: #include <sched.h>
27: 
28: /*top*/
29: typedef struct sockaddr_dl conftest_type;
30: int conftestval[sizeof(conftest_type)?1:-1];
/* end */

--------------------

have_type: checking for struct sockaddr_storage in sys/types.h,netdb.h,string.h,sys/socket.h,netinet/in.h,sys/uio.h,netinet/in_systm.h,netinet/tcp.h,netinet/tcp_fsm.h,netinet/udp.h,arpa/inet.h,net/ethernet.h,sys/un.h,ifaddrs.h,sys/ioctl.h,sys/sockio.h,net/if.h,sys/param.h,sys/ucred.h,net/if_dl.h,arpa/nameser.h,resolv.h,pthread.h,sched.h... -------------------- yes

LD_LIBRARY_PATH=.:../..:/snap/ruby/438/lib: ASAN_OPTIONS=detect_leaks=0 "/morello-hybrid/src/output/sdk/bin/clang -I../../.ext/include/aarch64-freebsd -I../../../include -I../../../ext/socket -I../.. -I../../.. -I/morello-hybrid/src/output/rootfs-aarch64/usr/include    -target aarch64-unknown-freebsd -march=armv8 --sysroot=/morello-hybrid/src/output/rootfs-aarch64 -I/morello-hybrid/src/output/rootfs-aarch64/usr/include -mbranch-protection=pac-ret -fstack-protector-strong -U_FORTIFY_SOURCE -D_FORTIFY_SOURCE=2 -fdeclspec  -O0 -fno-omit-frame-pointer -fno-fast-math -ggdb3 -Wall -Wextra -Wextra-tokens -Wdeprecated-declarations -Wdivision-by-zero -Wdiv-by-zero -Wimplicit-function-declaration -Wimplicit-int -Wpointer-arith -Wshorten-64-to-32 -Wwrite-strings -Wold-style-definition -Wmissing-noreturn -Wno-cast-function-type -Wno-constant-logical-operand -Wno-long-long -Wno-missing-field-initializers -Wno-overlength-strings -Wno-parentheses-equality -Wno-self-assign -Wno-tautological-compare -Wno-unused-parameter -Wno-unused-value -Wunused-variable -Wmisleading-indentation -Wundef   -c conftest.c"
checked program was:
/* begin */
 1: #include "ruby.h"
 2: 
 3: #include <sys/types.h>
 4: #include <netdb.h>
 5: #include <string.h>
 6: #include <sys/socket.h>
 7: #include <netinet/in.h>
 8: #include <sys/uio.h>
 9: #include <netinet/in_systm.h>
10: #include <netinet/tcp.h>
11: #include <netinet/tcp_fsm.h>
12: #include <netinet/udp.h>
13: #include <arpa/inet.h>
14: #include <net/ethernet.h>
15: #include <sys/un.h>
16: #include <ifaddrs.h>
17: #include <sys/ioctl.h>
18: #include <sys/sockio.h>
19: #include <net/if.h>
20: #include <sys/param.h>
21: #include <sys/ucred.h>
22: #include <net/if_dl.h>
23: #include <arpa/nameser.h>
24: #include <resolv.h>
25: #include <pthread.h>
26: #include <sched.h>
27: 
28: /*top*/
29: typedef struct sockaddr_storage conftest_type;
30: int conftestval[sizeof(conftest_type)?1:-1];
/* end */

--------------------

have_type: checking for struct addrinfo in sys/types.h,netdb.h,string.h,sys/socket.h,netinet/in.h,sys/uio.h,netinet/in_systm.h,netinet/tcp.h,netinet/tcp_fsm.h,netinet/udp.h,arpa/inet.h,net/ethernet.h,sys/un.h,ifaddrs.h,sys/ioctl.h,sys/sockio.h,net/if.h,sys/param.h,sys/ucred.h,net/if_dl.h,arpa/nameser.h,resolv.h,pthread.h,sched.h... -------------------- yes

LD_LIBRARY_PATH=.:../..:/snap/ruby/438/lib: ASAN_OPTIONS=detect_leaks=0 "/morello-hybrid/src/output/sdk/bin/clang -I../../.ext/include/aarch64-freebsd -I../../../include -I../../../ext/socket -I../.. -I../../.. -I/morello-hybrid/src/output/rootfs-aarch64/usr/include    -target aarch64-unknown-freebsd -march=armv8 --sysroot=/morello-hybrid/src/output/rootfs-aarch64 -I/morello-hybrid/src/output/rootfs-aarch64/usr/include -mbranch-protection=pac-ret -fstack-protector-strong -U_FORTIFY_SOURCE -D_FORTIFY_SOURCE=2 -fdeclspec  -O0 -fno-omit-frame-pointer -fno-fast-math -ggdb3 -Wall -Wextra -Wextra-tokens -Wdeprecated-declarations -Wdivision-by-zero -Wdiv-by-zero -Wimplicit-function-declaration -Wimplicit-int -Wpointer-arith -Wshorten-64-to-32 -Wwrite-strings -Wold-style-definition -Wmissing-noreturn -Wno-cast-function-type -Wno-constant-logical-operand -Wno-long-long -Wno-missing-field-initializers -Wno-overlength-strings -Wno-parentheses-equality -Wno-self-assign -Wno-tautological-compare -Wno-unused-parameter -Wno-unused-value -Wunused-variable -Wmisleading-indentation -Wundef   -c conftest.c"
checked program was:
/* begin */
 1: #include "ruby.h"
 2: 
 3: #include <sys/types.h>
 4: #include <netdb.h>
 5: #include <string.h>
 6: #include <sys/socket.h>
 7: #include <netinet/in.h>
 8: #include <sys/uio.h>
 9: #include <netinet/in_systm.h>
10: #include <netinet/tcp.h>
11: #include <netinet/tcp_fsm.h>
12: #include <netinet/udp.h>
13: #include <arpa/inet.h>
14: #include <net/ethernet.h>
15: #include <sys/un.h>
16: #include <ifaddrs.h>
17: #include <sys/ioctl.h>
18: #include <sys/sockio.h>
19: #include <net/if.h>
20: #include <sys/param.h>
21: #include <sys/ucred.h>
22: #include <net/if_dl.h>
23: #include <arpa/nameser.h>
24: #include <resolv.h>
25: #include <pthread.h>
26: #include <sched.h>
27: 
28: /*top*/
29: typedef struct addrinfo conftest_type;
30: int conftestval[sizeof(conftest_type)?1:-1];
/* end */

--------------------

have_type: checking for socklen_t in sys/types.h,netdb.h,string.h,sys/socket.h,netinet/in.h,sys/uio.h,netinet/in_systm.h,netinet/tcp.h,netinet/tcp_fsm.h,netinet/udp.h,arpa/inet.h,net/ethernet.h,sys/un.h,ifaddrs.h,sys/ioctl.h,sys/sockio.h,net/if.h,sys/param.h,sys/ucred.h,net/if_dl.h,arpa/nameser.h,resolv.h,pthread.h,sched.h... -------------------- yes

LD_LIBRARY_PATH=.:../..:/snap/ruby/438/lib: ASAN_OPTIONS=detect_leaks=0 "/morello-hybrid/src/output/sdk/bin/clang -I../../.ext/include/aarch64-freebsd -I../../../include -I../../../ext/socket -I../.. -I../../.. -I/morello-hybrid/src/output/rootfs-aarch64/usr/include    -target aarch64-unknown-freebsd -march=armv8 --sysroot=/morello-hybrid/src/output/rootfs-aarch64 -I/morello-hybrid/src/output/rootfs-aarch64/usr/include -mbranch-protection=pac-ret -fstack-protector-strong -U_FORTIFY_SOURCE -D_FORTIFY_SOURCE=2 -fdeclspec  -O0 -fno-omit-frame-pointer -fno-fast-math -ggdb3 -Wall -Wextra -Wextra-tokens -Wdeprecated-declarations -Wdivision-by-zero -Wdiv-by-zero -Wimplicit-function-declaration -Wimplicit-int -Wpointer-arith -Wshorten-64-to-32 -Wwrite-strings -Wold-style-definition -Wmissing-noreturn -Wno-cast-function-type -Wno-constant-logical-operand -Wno-long-long -Wno-missing-field-initializers -Wno-overlength-strings -Wno-parentheses-equality -Wno-self-assign -Wno-tautological-compare -Wno-unused-parameter -Wno-unused-value -Wunused-variable -Wmisleading-indentation -Wundef   -c conftest.c"
checked program was:
/* begin */
 1: #include "ruby.h"
 2: 
 3: #include <sys/types.h>
 4: #include <netdb.h>
 5: #include <string.h>
 6: #include <sys/socket.h>
 7: #include <netinet/in.h>
 8: #include <sys/uio.h>
 9: #include <netinet/in_systm.h>
10: #include <netinet/tcp.h>
11: #include <netinet/tcp_fsm.h>
12: #include <netinet/udp.h>
13: #include <arpa/inet.h>
14: #include <net/ethernet.h>
15: #include <sys/un.h>
16: #include <ifaddrs.h>
17: #include <sys/ioctl.h>
18: #include <sys/sockio.h>
19: #include <net/if.h>
20: #include <sys/param.h>
21: #include <sys/ucred.h>
22: #include <net/if_dl.h>
23: #include <arpa/nameser.h>
24: #include <resolv.h>
25: #include <pthread.h>
26: #include <sched.h>
27: 
28: /*top*/
29: typedef socklen_t conftest_type;
30: int conftestval[sizeof(conftest_type)?1:-1];
/* end */

--------------------

check_socklen: checking RSTRING_SOCKLEN... -------------------- RSTRING_LENINT

LD_LIBRARY_PATH=.:../..:/snap/ruby/438/lib: ASAN_OPTIONS=detect_leaks=0 "/morello-hybrid/src/output/sdk/bin/clang -I../../.ext/include/aarch64-freebsd -I../../../include -I../../../ext/socket -I../.. -I../../.. -I/morello-hybrid/src/output/rootfs-aarch64/usr/include    -target aarch64-unknown-freebsd -march=armv8 --sysroot=/morello-hybrid/src/output/rootfs-aarch64 -I/morello-hybrid/src/output/rootfs-aarch64/usr/include -mbranch-protection=pac-ret -fstack-protector-strong -U_FORTIFY_SOURCE -D_FORTIFY_SOURCE=2 -fdeclspec  -O0 -fno-omit-frame-pointer -fno-fast-math -ggdb3 -Wall -Wextra -Wextra-tokens -Wdeprecated-declarations -Wdivision-by-zero -Wdiv-by-zero -Wimplicit-function-declaration -Wimplicit-int -Wpointer-arith -Wshorten-64-to-32 -Wwrite-strings -Wold-style-definition -Wmissing-noreturn -Wno-cast-function-type -Wno-constant-logical-operand -Wno-long-long -Wno-missing-field-initializers -Wno-overlength-strings -Wno-parentheses-equality -Wno-self-assign -Wno-tautological-compare -Wno-unused-parameter -Wno-unused-value -Wunused-variable -Wmisleading-indentation -Wundef   -c conftest.c"
conftest.c:29:20: error: 'conftest_const' declared as an array with a negative size
   29 | int conftest_const[(sizeof(socklen_t) >= sizeof(long)) ? 1 : -1];
      |                    ^~~~~~~~~~~~~~~~~~~~~~~~~~~~~~~~~~~~~~~~~~~~
1 error generated.
checked program was:
/* begin */
 1: #include "ruby.h"
 2: 
 3: #include <sys/types.h>
 4: #include <netdb.h>
 5: #include <string.h>
 6: #include <sys/socket.h>
 7: #include <netinet/in.h>
 8: #include <sys/uio.h>
 9: #include <netinet/in_systm.h>
10: #include <netinet/tcp.h>
11: #include <netinet/tcp_fsm.h>
12: #include <netinet/udp.h>
13: #include <arpa/inet.h>
14: #include <net/ethernet.h>
15: #include <sys/un.h>
16: #include <ifaddrs.h>
17: #include <sys/ioctl.h>
18: #include <sys/sockio.h>
19: #include <net/if.h>
20: #include <sys/param.h>
21: #include <sys/ucred.h>
22: #include <net/if_dl.h>
23: #include <arpa/nameser.h>
24: #include <resolv.h>
25: #include <pthread.h>
26: #include <sched.h>
27: 
28: /*top*/
29: int conftest_const[(sizeof(socklen_t) >= sizeof(long)) ? 1 : -1];
/* end */

--------------------

have_type: checking for struct in_pktinfo in sys/types.h,netdb.h,string.h,sys/socket.h,netinet/in.h,sys/uio.h,netinet/in_systm.h,netinet/tcp.h,netinet/tcp_fsm.h,netinet/udp.h,arpa/inet.h,net/ethernet.h,sys/un.h,ifaddrs.h,sys/ioctl.h,sys/sockio.h,net/if.h,sys/param.h,sys/ucred.h,net/if_dl.h,arpa/nameser.h,resolv.h,pthread.h,sched.h... -------------------- no

LD_LIBRARY_PATH=.:../..:/snap/ruby/438/lib: ASAN_OPTIONS=detect_leaks=0 "/morello-hybrid/src/output/sdk/bin/clang -I../../.ext/include/aarch64-freebsd -I../../../include -I../../../ext/socket -I../.. -I../../.. -I/morello-hybrid/src/output/rootfs-aarch64/usr/include    -target aarch64-unknown-freebsd -march=armv8 --sysroot=/morello-hybrid/src/output/rootfs-aarch64 -I/morello-hybrid/src/output/rootfs-aarch64/usr/include -mbranch-protection=pac-ret -fstack-protector-strong -U_FORTIFY_SOURCE -D_FORTIFY_SOURCE=2 -fdeclspec  -O0 -fno-omit-frame-pointer -fno-fast-math -ggdb3 -Wall -Wextra -Wextra-tokens -Wdeprecated-declarations -Wdivision-by-zero -Wdiv-by-zero -Wimplicit-function-declaration -Wimplicit-int -Wpointer-arith -Wshorten-64-to-32 -Wwrite-strings -Wold-style-definition -Wmissing-noreturn -Wno-cast-function-type -Wno-constant-logical-operand -Wno-long-long -Wno-missing-field-initializers -Wno-overlength-strings -Wno-parentheses-equality -Wno-self-assign -Wno-tautological-compare -Wno-unused-parameter -Wno-unused-value -Wunused-variable -Wmisleading-indentation -Wundef   -c conftest.c"
conftest.c:33:2: error: 
   33 | #error
      |  ^
conftest.c:34:1: error: expected identifier or '('
   34 | >>>>>> no in_pktinfo <<<<<<
      | ^
2 errors generated.
checked program was:
/* begin */
 1: #include "ruby.h"
 2: 
 3: #include <sys/types.h>
 4: #include <netdb.h>
 5: #include <string.h>
 6: #include <sys/socket.h>
 7: #include <netinet/in.h>
 8: #include <sys/uio.h>
 9: #include <netinet/in_systm.h>
10: #include <netinet/tcp.h>
11: #include <netinet/tcp_fsm.h>
12: #include <netinet/udp.h>
13: #include <arpa/inet.h>
14: #include <net/ethernet.h>
15: #include <sys/un.h>
16: #include <ifaddrs.h>
17: #include <sys/ioctl.h>
18: #include <sys/sockio.h>
19: #include <net/if.h>
20: #include <sys/param.h>
21: #include <sys/ucred.h>
22: #include <net/if_dl.h>
23: #include <arpa/nameser.h>
24: #include <resolv.h>
25: #include <pthread.h>
26: #include <sched.h>
27: 
28: /*top*/
29: #if defined(IPPROTO_IP) && defined(IP_PKTINFO)
30: typedef struct in_pktinfo conftest_type;
31: int conftestval[sizeof(conftest_type)?1:-1];
32: #else
33: #error
34: >>>>>> no in_pktinfo <<<<<<
35: #endif
/* end */

--------------------

have_type: checking for struct in6_pktinfo in sys/types.h,netdb.h,string.h,sys/socket.h,netinet/in.h,sys/uio.h,netinet/in_systm.h,netinet/tcp.h,netinet/tcp_fsm.h,netinet/udp.h,arpa/inet.h,net/ethernet.h,sys/un.h,ifaddrs.h,sys/ioctl.h,sys/sockio.h,net/if.h,sys/param.h,sys/ucred.h,net/if_dl.h,arpa/nameser.h,resolv.h,pthread.h,sched.h... -------------------- yes

LD_LIBRARY_PATH=.:../..:/snap/ruby/438/lib: ASAN_OPTIONS=detect_leaks=0 "/morello-hybrid/src/output/sdk/bin/clang -I../../.ext/include/aarch64-freebsd -I../../../include -I../../../ext/socket -I../.. -I../../.. -I/morello-hybrid/src/output/rootfs-aarch64/usr/include    -target aarch64-unknown-freebsd -march=armv8 --sysroot=/morello-hybrid/src/output/rootfs-aarch64 -I/morello-hybrid/src/output/rootfs-aarch64/usr/include -mbranch-protection=pac-ret -fstack-protector-strong -U_FORTIFY_SOURCE -D_FORTIFY_SOURCE=2 -fdeclspec  -O0 -fno-omit-frame-pointer -fno-fast-math -ggdb3 -Wall -Wextra -Wextra-tokens -Wdeprecated-declarations -Wdivision-by-zero -Wdiv-by-zero -Wimplicit-function-declaration -Wimplicit-int -Wpointer-arith -Wshorten-64-to-32 -Wwrite-strings -Wold-style-definition -Wmissing-noreturn -Wno-cast-function-type -Wno-constant-logical-operand -Wno-long-long -Wno-missing-field-initializers -Wno-overlength-strings -Wno-parentheses-equality -Wno-self-assign -Wno-tautological-compare -Wno-unused-parameter -Wno-unused-value -Wunused-variable -Wmisleading-indentation -Wundef   -c conftest.c"
checked program was:
/* begin */
 1: #include "ruby.h"
 2: 
 3: #include <sys/types.h>
 4: #include <netdb.h>
 5: #include <string.h>
 6: #include <sys/socket.h>
 7: #include <netinet/in.h>
 8: #include <sys/uio.h>
 9: #include <netinet/in_systm.h>
10: #include <netinet/tcp.h>
11: #include <netinet/tcp_fsm.h>
12: #include <netinet/udp.h>
13: #include <arpa/inet.h>
14: #include <net/ethernet.h>
15: #include <sys/un.h>
16: #include <ifaddrs.h>
17: #include <sys/ioctl.h>
18: #include <sys/sockio.h>
19: #include <net/if.h>
20: #include <sys/param.h>
21: #include <sys/ucred.h>
22: #include <net/if_dl.h>
23: #include <arpa/nameser.h>
24: #include <resolv.h>
25: #include <pthread.h>
26: #include <sched.h>
27: 
28: /*top*/
29: #if defined(IPPROTO_IPV6) && defined(IPV6_PKTINFO)
30: typedef struct in6_pktinfo conftest_type;
31: int conftestval[sizeof(conftest_type)?1:-1];
32: #else
33: #error
34: >>>>>> no in6_pktinfo <<<<<<
35: #endif
/* end */

--------------------

have_type: checking for struct sockcred in sys/types.h,netdb.h,string.h,sys/socket.h,netinet/in.h,sys/uio.h,netinet/in_systm.h,netinet/tcp.h,netinet/tcp_fsm.h,netinet/udp.h,arpa/inet.h,net/ethernet.h,sys/un.h,ifaddrs.h,sys/ioctl.h,sys/sockio.h,net/if.h,sys/param.h,sys/ucred.h,net/if_dl.h,arpa/nameser.h,resolv.h,pthread.h,sched.h... -------------------- yes

LD_LIBRARY_PATH=.:../..:/snap/ruby/438/lib: ASAN_OPTIONS=detect_leaks=0 "/morello-hybrid/src/output/sdk/bin/clang -I../../.ext/include/aarch64-freebsd -I../../../include -I../../../ext/socket -I../.. -I../../.. -I/morello-hybrid/src/output/rootfs-aarch64/usr/include    -target aarch64-unknown-freebsd -march=armv8 --sysroot=/morello-hybrid/src/output/rootfs-aarch64 -I/morello-hybrid/src/output/rootfs-aarch64/usr/include -mbranch-protection=pac-ret -fstack-protector-strong -U_FORTIFY_SOURCE -D_FORTIFY_SOURCE=2 -fdeclspec  -O0 -fno-omit-frame-pointer -fno-fast-math -ggdb3 -Wall -Wextra -Wextra-tokens -Wdeprecated-declarations -Wdivision-by-zero -Wdiv-by-zero -Wimplicit-function-declaration -Wimplicit-int -Wpointer-arith -Wshorten-64-to-32 -Wwrite-strings -Wold-style-definition -Wmissing-noreturn -Wno-cast-function-type -Wno-constant-logical-operand -Wno-long-long -Wno-missing-field-initializers -Wno-overlength-strings -Wno-parentheses-equality -Wno-self-assign -Wno-tautological-compare -Wno-unused-parameter -Wno-unused-value -Wunused-variable -Wmisleading-indentation -Wundef   -c conftest.c"
checked program was:
/* begin */
 1: #include "ruby.h"
 2: 
 3: #include <sys/types.h>
 4: #include <netdb.h>
 5: #include <string.h>
 6: #include <sys/socket.h>
 7: #include <netinet/in.h>
 8: #include <sys/uio.h>
 9: #include <netinet/in_systm.h>
10: #include <netinet/tcp.h>
11: #include <netinet/tcp_fsm.h>
12: #include <netinet/udp.h>
13: #include <arpa/inet.h>
14: #include <net/ethernet.h>
15: #include <sys/un.h>
16: #include <ifaddrs.h>
17: #include <sys/ioctl.h>
18: #include <sys/sockio.h>
19: #include <net/if.h>
20: #include <sys/param.h>
21: #include <sys/ucred.h>
22: #include <net/if_dl.h>
23: #include <arpa/nameser.h>
24: #include <resolv.h>
25: #include <pthread.h>
26: #include <sched.h>
27: 
28: /*top*/
29: typedef struct sockcred conftest_type;
30: int conftestval[sizeof(conftest_type)?1:-1];
/* end */

--------------------

have_type: checking for struct cmsgcred in sys/types.h,netdb.h,string.h,sys/socket.h,netinet/in.h,sys/uio.h,netinet/in_systm.h,netinet/tcp.h,netinet/tcp_fsm.h,netinet/udp.h,arpa/inet.h,net/ethernet.h,sys/un.h,ifaddrs.h,sys/ioctl.h,sys/sockio.h,net/if.h,sys/param.h,sys/ucred.h,net/if_dl.h,arpa/nameser.h,resolv.h,pthread.h,sched.h... -------------------- yes

LD_LIBRARY_PATH=.:../..:/snap/ruby/438/lib: ASAN_OPTIONS=detect_leaks=0 "/morello-hybrid/src/output/sdk/bin/clang -I../../.ext/include/aarch64-freebsd -I../../../include -I../../../ext/socket -I../.. -I../../.. -I/morello-hybrid/src/output/rootfs-aarch64/usr/include    -target aarch64-unknown-freebsd -march=armv8 --sysroot=/morello-hybrid/src/output/rootfs-aarch64 -I/morello-hybrid/src/output/rootfs-aarch64/usr/include -mbranch-protection=pac-ret -fstack-protector-strong -U_FORTIFY_SOURCE -D_FORTIFY_SOURCE=2 -fdeclspec  -O0 -fno-omit-frame-pointer -fno-fast-math -ggdb3 -Wall -Wextra -Wextra-tokens -Wdeprecated-declarations -Wdivision-by-zero -Wdiv-by-zero -Wimplicit-function-declaration -Wimplicit-int -Wpointer-arith -Wshorten-64-to-32 -Wwrite-strings -Wold-style-definition -Wmissing-noreturn -Wno-cast-function-type -Wno-constant-logical-operand -Wno-long-long -Wno-missing-field-initializers -Wno-overlength-strings -Wno-parentheses-equality -Wno-self-assign -Wno-tautological-compare -Wno-unused-parameter -Wno-unused-value -Wunused-variable -Wmisleading-indentation -Wundef   -c conftest.c"
checked program was:
/* begin */
 1: #include "ruby.h"
 2: 
 3: #include <sys/types.h>
 4: #include <netdb.h>
 5: #include <string.h>
 6: #include <sys/socket.h>
 7: #include <netinet/in.h>
 8: #include <sys/uio.h>
 9: #include <netinet/in_systm.h>
10: #include <netinet/tcp.h>
11: #include <netinet/tcp_fsm.h>
12: #include <netinet/udp.h>
13: #include <arpa/inet.h>
14: #include <net/ethernet.h>
15: #include <sys/un.h>
16: #include <ifaddrs.h>
17: #include <sys/ioctl.h>
18: #include <sys/sockio.h>
19: #include <net/if.h>
20: #include <sys/param.h>
21: #include <sys/ucred.h>
22: #include <net/if_dl.h>
23: #include <arpa/nameser.h>
24: #include <resolv.h>
25: #include <pthread.h>
26: #include <sched.h>
27: 
28: /*top*/
29: typedef struct cmsgcred conftest_type;
30: int conftestval[sizeof(conftest_type)?1:-1];
/* end */

--------------------

have_type: checking for struct ip_mreq in sys/types.h,netdb.h,string.h,sys/socket.h,netinet/in.h,sys/uio.h,netinet/in_systm.h,netinet/tcp.h,netinet/tcp_fsm.h,netinet/udp.h,arpa/inet.h,net/ethernet.h,sys/un.h,ifaddrs.h,sys/ioctl.h,sys/sockio.h,net/if.h,sys/param.h,sys/ucred.h,net/if_dl.h,arpa/nameser.h,resolv.h,pthread.h,sched.h... -------------------- yes

LD_LIBRARY_PATH=.:../..:/snap/ruby/438/lib: ASAN_OPTIONS=detect_leaks=0 "/morello-hybrid/src/output/sdk/bin/clang -I../../.ext/include/aarch64-freebsd -I../../../include -I../../../ext/socket -I../.. -I../../.. -I/morello-hybrid/src/output/rootfs-aarch64/usr/include    -target aarch64-unknown-freebsd -march=armv8 --sysroot=/morello-hybrid/src/output/rootfs-aarch64 -I/morello-hybrid/src/output/rootfs-aarch64/usr/include -mbranch-protection=pac-ret -fstack-protector-strong -U_FORTIFY_SOURCE -D_FORTIFY_SOURCE=2 -fdeclspec  -O0 -fno-omit-frame-pointer -fno-fast-math -ggdb3 -Wall -Wextra -Wextra-tokens -Wdeprecated-declarations -Wdivision-by-zero -Wdiv-by-zero -Wimplicit-function-declaration -Wimplicit-int -Wpointer-arith -Wshorten-64-to-32 -Wwrite-strings -Wold-style-definition -Wmissing-noreturn -Wno-cast-function-type -Wno-constant-logical-operand -Wno-long-long -Wno-missing-field-initializers -Wno-overlength-strings -Wno-parentheses-equality -Wno-self-assign -Wno-tautological-compare -Wno-unused-parameter -Wno-unused-value -Wunused-variable -Wmisleading-indentation -Wundef   -c conftest.c"
checked program was:
/* begin */
 1: #include "ruby.h"
 2: 
 3: #include <sys/types.h>
 4: #include <netdb.h>
 5: #include <string.h>
 6: #include <sys/socket.h>
 7: #include <netinet/in.h>
 8: #include <sys/uio.h>
 9: #include <netinet/in_systm.h>
10: #include <netinet/tcp.h>
11: #include <netinet/tcp_fsm.h>
12: #include <netinet/udp.h>
13: #include <arpa/inet.h>
14: #include <net/ethernet.h>
15: #include <sys/un.h>
16: #include <ifaddrs.h>
17: #include <sys/ioctl.h>
18: #include <sys/sockio.h>
19: #include <net/if.h>
20: #include <sys/param.h>
21: #include <sys/ucred.h>
22: #include <net/if_dl.h>
23: #include <arpa/nameser.h>
24: #include <resolv.h>
25: #include <pthread.h>
26: #include <sched.h>
27: 
28: /*top*/
29: typedef struct ip_mreq conftest_type;
30: int conftestval[sizeof(conftest_type)?1:-1];
/* end */

--------------------

have_type: checking for struct ip_mreqn in sys/types.h,netdb.h,string.h,sys/socket.h,netinet/in.h,sys/uio.h,netinet/in_systm.h,netinet/tcp.h,netinet/tcp_fsm.h,netinet/udp.h,arpa/inet.h,net/ethernet.h,sys/un.h,ifaddrs.h,sys/ioctl.h,sys/sockio.h,net/if.h,sys/param.h,sys/ucred.h,net/if_dl.h,arpa/nameser.h,resolv.h,pthread.h,sched.h... -------------------- yes

LD_LIBRARY_PATH=.:../..:/snap/ruby/438/lib: ASAN_OPTIONS=detect_leaks=0 "/morello-hybrid/src/output/sdk/bin/clang -I../../.ext/include/aarch64-freebsd -I../../../include -I../../../ext/socket -I../.. -I../../.. -I/morello-hybrid/src/output/rootfs-aarch64/usr/include    -target aarch64-unknown-freebsd -march=armv8 --sysroot=/morello-hybrid/src/output/rootfs-aarch64 -I/morello-hybrid/src/output/rootfs-aarch64/usr/include -mbranch-protection=pac-ret -fstack-protector-strong -U_FORTIFY_SOURCE -D_FORTIFY_SOURCE=2 -fdeclspec  -O0 -fno-omit-frame-pointer -fno-fast-math -ggdb3 -Wall -Wextra -Wextra-tokens -Wdeprecated-declarations -Wdivision-by-zero -Wdiv-by-zero -Wimplicit-function-declaration -Wimplicit-int -Wpointer-arith -Wshorten-64-to-32 -Wwrite-strings -Wold-style-definition -Wmissing-noreturn -Wno-cast-function-type -Wno-constant-logical-operand -Wno-long-long -Wno-missing-field-initializers -Wno-overlength-strings -Wno-parentheses-equality -Wno-self-assign -Wno-tautological-compare -Wno-unused-parameter -Wno-unused-value -Wunused-variable -Wmisleading-indentation -Wundef   -c conftest.c"
checked program was:
/* begin */
 1: #include "ruby.h"
 2: 
 3: #include <sys/types.h>
 4: #include <netdb.h>
 5: #include <string.h>
 6: #include <sys/socket.h>
 7: #include <netinet/in.h>
 8: #include <sys/uio.h>
 9: #include <netinet/in_systm.h>
10: #include <netinet/tcp.h>
11: #include <netinet/tcp_fsm.h>
12: #include <netinet/udp.h>
13: #include <arpa/inet.h>
14: #include <net/ethernet.h>
15: #include <sys/un.h>
16: #include <ifaddrs.h>
17: #include <sys/ioctl.h>
18: #include <sys/sockio.h>
19: #include <net/if.h>
20: #include <sys/param.h>
21: #include <sys/ucred.h>
22: #include <net/if_dl.h>
23: #include <arpa/nameser.h>
24: #include <resolv.h>
25: #include <pthread.h>
26: #include <sched.h>
27: 
28: /*top*/
29: typedef struct ip_mreqn conftest_type;
30: int conftestval[sizeof(conftest_type)?1:-1];
/* end */

--------------------

have_type: checking for struct ipv6_mreq in sys/types.h,netdb.h,string.h,sys/socket.h,netinet/in.h,sys/uio.h,netinet/in_systm.h,netinet/tcp.h,netinet/tcp_fsm.h,netinet/udp.h,arpa/inet.h,net/ethernet.h,sys/un.h,ifaddrs.h,sys/ioctl.h,sys/sockio.h,net/if.h,sys/param.h,sys/ucred.h,net/if_dl.h,arpa/nameser.h,resolv.h,pthread.h,sched.h... -------------------- yes

LD_LIBRARY_PATH=.:../..:/snap/ruby/438/lib: ASAN_OPTIONS=detect_leaks=0 "/morello-hybrid/src/output/sdk/bin/clang -I../../.ext/include/aarch64-freebsd -I../../../include -I../../../ext/socket -I../.. -I../../.. -I/morello-hybrid/src/output/rootfs-aarch64/usr/include    -target aarch64-unknown-freebsd -march=armv8 --sysroot=/morello-hybrid/src/output/rootfs-aarch64 -I/morello-hybrid/src/output/rootfs-aarch64/usr/include -mbranch-protection=pac-ret -fstack-protector-strong -U_FORTIFY_SOURCE -D_FORTIFY_SOURCE=2 -fdeclspec  -O0 -fno-omit-frame-pointer -fno-fast-math -ggdb3 -Wall -Wextra -Wextra-tokens -Wdeprecated-declarations -Wdivision-by-zero -Wdiv-by-zero -Wimplicit-function-declaration -Wimplicit-int -Wpointer-arith -Wshorten-64-to-32 -Wwrite-strings -Wold-style-definition -Wmissing-noreturn -Wno-cast-function-type -Wno-constant-logical-operand -Wno-long-long -Wno-missing-field-initializers -Wno-overlength-strings -Wno-parentheses-equality -Wno-self-assign -Wno-tautological-compare -Wno-unused-parameter -Wno-unused-value -Wunused-variable -Wmisleading-indentation -Wundef   -c conftest.c"
checked program was:
/* begin */
 1: #include "ruby.h"
 2: 
 3: #include <sys/types.h>
 4: #include <netdb.h>
 5: #include <string.h>
 6: #include <sys/socket.h>
 7: #include <netinet/in.h>
 8: #include <sys/uio.h>
 9: #include <netinet/in_systm.h>
10: #include <netinet/tcp.h>
11: #include <netinet/tcp_fsm.h>
12: #include <netinet/udp.h>
13: #include <arpa/inet.h>
14: #include <net/ethernet.h>
15: #include <sys/un.h>
16: #include <ifaddrs.h>
17: #include <sys/ioctl.h>
18: #include <sys/sockio.h>
19: #include <net/if.h>
20: #include <sys/param.h>
21: #include <sys/ucred.h>
22: #include <net/if_dl.h>
23: #include <arpa/nameser.h>
24: #include <resolv.h>
25: #include <pthread.h>
26: #include <sched.h>
27: 
28: /*top*/
29: typedef struct ipv6_mreq conftest_type;
30: int conftestval[sizeof(conftest_type)?1:-1];
/* end */

--------------------

have_struct_member: checking for struct msghdr.msg_control in sys/types.h,netdb.h,string.h,sys/socket.h,netinet/in.h,sys/uio.h,netinet/in_systm.h,netinet/tcp.h,netinet/tcp_fsm.h,netinet/udp.h,arpa/inet.h,net/ethernet.h,sys/un.h,ifaddrs.h,sys/ioctl.h,sys/sockio.h,net/if.h,sys/param.h,sys/ucred.h,net/if_dl.h,arpa/nameser.h,resolv.h,pthread.h,sched.h... -------------------- yes

LD_LIBRARY_PATH=.:../..:/snap/ruby/438/lib: ASAN_OPTIONS=detect_leaks=0 "/morello-hybrid/src/output/sdk/bin/clang -I../../.ext/include/aarch64-freebsd -I../../../include -I../../../ext/socket -I../.. -I../../.. -I/morello-hybrid/src/output/rootfs-aarch64/usr/include    -target aarch64-unknown-freebsd -march=armv8 --sysroot=/morello-hybrid/src/output/rootfs-aarch64 -I/morello-hybrid/src/output/rootfs-aarch64/usr/include -mbranch-protection=pac-ret -fstack-protector-strong -U_FORTIFY_SOURCE -D_FORTIFY_SOURCE=2 -fdeclspec  -O0 -fno-omit-frame-pointer -fno-fast-math -ggdb3 -Wall -Wextra -Wextra-tokens -Wdeprecated-declarations -Wdivision-by-zero -Wdiv-by-zero -Wimplicit-function-declaration -Wimplicit-int -Wpointer-arith -Wshorten-64-to-32 -Wwrite-strings -Wold-style-definition -Wmissing-noreturn -Wno-cast-function-type -Wno-constant-logical-operand -Wno-long-long -Wno-missing-field-initializers -Wno-overlength-strings -Wno-parentheses-equality -Wno-self-assign -Wno-tautological-compare -Wno-unused-parameter -Wno-unused-value -Wunused-variable -Wmisleading-indentation -Wundef   -c conftest.c"
conftest.c:29:51: warning: performing pointer subtraction with a null pointer has undefined behavior [-Wnull-pointer-subtraction]
   29 | int s = (char *)&((struct msghdr*)0)->msg_control - (char *)0;
      |                                                   ^ ~~~~~~~~~
1 warning generated.
checked program was:
/* begin */
 1: #include "ruby.h"
 2: 
 3: #include <sys/types.h>
 4: #include <netdb.h>
 5: #include <string.h>
 6: #include <sys/socket.h>
 7: #include <netinet/in.h>
 8: #include <sys/uio.h>
 9: #include <netinet/in_systm.h>
10: #include <netinet/tcp.h>
11: #include <netinet/tcp_fsm.h>
12: #include <netinet/udp.h>
13: #include <arpa/inet.h>
14: #include <net/ethernet.h>
15: #include <sys/un.h>
16: #include <ifaddrs.h>
17: #include <sys/ioctl.h>
18: #include <sys/sockio.h>
19: #include <net/if.h>
20: #include <sys/param.h>
21: #include <sys/ucred.h>
22: #include <net/if_dl.h>
23: #include <arpa/nameser.h>
24: #include <resolv.h>
25: #include <pthread.h>
26: #include <sched.h>
27: 
28: /*top*/
29: int s = (char *)&((struct msghdr*)0)->msg_control - (char *)0;
30: int main(int argc, char **argv)
31: {
32:   return !!argv[argc];
33: }
/* end */

--------------------

have_struct_member: checking for struct msghdr.msg_accrights in sys/types.h,netdb.h,string.h,sys/socket.h,netinet/in.h,sys/uio.h,netinet/in_systm.h,netinet/tcp.h,netinet/tcp_fsm.h,netinet/udp.h,arpa/inet.h,net/ethernet.h,sys/un.h,ifaddrs.h,sys/ioctl.h,sys/sockio.h,net/if.h,sys/param.h,sys/ucred.h,net/if_dl.h,arpa/nameser.h,resolv.h,pthread.h,sched.h... -------------------- no

LD_LIBRARY_PATH=.:../..:/snap/ruby/438/lib: ASAN_OPTIONS=detect_leaks=0 "/morello-hybrid/src/output/sdk/bin/clang -I../../.ext/include/aarch64-freebsd -I../../../include -I../../../ext/socket -I../.. -I../../.. -I/morello-hybrid/src/output/rootfs-aarch64/usr/include    -target aarch64-unknown-freebsd -march=armv8 --sysroot=/morello-hybrid/src/output/rootfs-aarch64 -I/morello-hybrid/src/output/rootfs-aarch64/usr/include -mbranch-protection=pac-ret -fstack-protector-strong -U_FORTIFY_SOURCE -D_FORTIFY_SOURCE=2 -fdeclspec  -O0 -fno-omit-frame-pointer -fno-fast-math -ggdb3 -Wall -Wextra -Wextra-tokens -Wdeprecated-declarations -Wdivision-by-zero -Wdiv-by-zero -Wimplicit-function-declaration -Wimplicit-int -Wpointer-arith -Wshorten-64-to-32 -Wwrite-strings -Wold-style-definition -Wmissing-noreturn -Wno-cast-function-type -Wno-constant-logical-operand -Wno-long-long -Wno-missing-field-initializers -Wno-overlength-strings -Wno-parentheses-equality -Wno-self-assign -Wno-tautological-compare -Wno-unused-parameter -Wno-unused-value -Wunused-variable -Wmisleading-indentation -Wundef   -c conftest.c"
conftest.c:29:39: error: no member named 'msg_accrights' in 'struct msghdr'
   29 | int s = (char *)&((struct msghdr*)0)->msg_accrights - (char *)0;
      |                  ~~~~~~~~~~~~~~~~~~~  ^
conftest.c:29:53: warning: performing pointer subtraction with a null pointer has undefined behavior [-Wnull-pointer-subtraction]
   29 | int s = (char *)&((struct msghdr*)0)->msg_accrights - (char *)0;
      |                                                     ^ ~~~~~~~~~
1 warning and 1 error generated.
checked program was:
/* begin */
 1: #include "ruby.h"
 2: 
 3: #include <sys/types.h>
 4: #include <netdb.h>
 5: #include <string.h>
 6: #include <sys/socket.h>
 7: #include <netinet/in.h>
 8: #include <sys/uio.h>
 9: #include <netinet/in_systm.h>
10: #include <netinet/tcp.h>
11: #include <netinet/tcp_fsm.h>
12: #include <netinet/udp.h>
13: #include <arpa/inet.h>
14: #include <net/ethernet.h>
15: #include <sys/un.h>
16: #include <ifaddrs.h>
17: #include <sys/ioctl.h>
18: #include <sys/sockio.h>
19: #include <net/if.h>
20: #include <sys/param.h>
21: #include <sys/ucred.h>
22: #include <net/if_dl.h>
23: #include <arpa/nameser.h>
24: #include <resolv.h>
25: #include <pthread.h>
26: #include <sched.h>
27: 
28: /*top*/
29: int s = (char *)&((struct msghdr*)0)->msg_accrights - (char *)0;
30: int main(int argc, char **argv)
31: {
32:   return !!argv[argc];
33: }
/* end */

--------------------

have_type: checking for struct tcp_info in sys/types.h,netdb.h,string.h,sys/socket.h,netinet/in.h,sys/uio.h,netinet/in_systm.h,netinet/tcp.h,netinet/tcp_fsm.h,netinet/udp.h,arpa/inet.h,net/ethernet.h,sys/un.h,ifaddrs.h,sys/ioctl.h,sys/sockio.h,net/if.h,sys/param.h,sys/ucred.h,net/if_dl.h,arpa/nameser.h,resolv.h,pthread.h,sched.h... -------------------- yes

LD_LIBRARY_PATH=.:../..:/snap/ruby/438/lib: ASAN_OPTIONS=detect_leaks=0 "/morello-hybrid/src/output/sdk/bin/clang -I../../.ext/include/aarch64-freebsd -I../../../include -I../../../ext/socket -I../.. -I../../.. -I/morello-hybrid/src/output/rootfs-aarch64/usr/include    -target aarch64-unknown-freebsd -march=armv8 --sysroot=/morello-hybrid/src/output/rootfs-aarch64 -I/morello-hybrid/src/output/rootfs-aarch64/usr/include -mbranch-protection=pac-ret -fstack-protector-strong -U_FORTIFY_SOURCE -D_FORTIFY_SOURCE=2 -fdeclspec  -O0 -fno-omit-frame-pointer -fno-fast-math -ggdb3 -Wall -Wextra -Wextra-tokens -Wdeprecated-declarations -Wdivision-by-zero -Wdiv-by-zero -Wimplicit-function-declaration -Wimplicit-int -Wpointer-arith -Wshorten-64-to-32 -Wwrite-strings -Wold-style-definition -Wmissing-noreturn -Wno-cast-function-type -Wno-constant-logical-operand -Wno-long-long -Wno-missing-field-initializers -Wno-overlength-strings -Wno-parentheses-equality -Wno-self-assign -Wno-tautological-compare -Wno-unused-parameter -Wno-unused-value -Wunused-variable -Wmisleading-indentation -Wundef   -c conftest.c"
checked program was:
/* begin */
 1: #include "ruby.h"
 2: 
 3: #include <sys/types.h>
 4: #include <netdb.h>
 5: #include <string.h>
 6: #include <sys/socket.h>
 7: #include <netinet/in.h>
 8: #include <sys/uio.h>
 9: #include <netinet/in_systm.h>
10: #include <netinet/tcp.h>
11: #include <netinet/tcp_fsm.h>
12: #include <netinet/udp.h>
13: #include <arpa/inet.h>
14: #include <net/ethernet.h>
15: #include <sys/un.h>
16: #include <ifaddrs.h>
17: #include <sys/ioctl.h>
18: #include <sys/sockio.h>
19: #include <net/if.h>
20: #include <sys/param.h>
21: #include <sys/ucred.h>
22: #include <net/if_dl.h>
23: #include <arpa/nameser.h>
24: #include <resolv.h>
25: #include <pthread.h>
26: #include <sched.h>
27: 
28: /*top*/
29: typedef struct tcp_info conftest_type;
30: int conftestval[sizeof(conftest_type)?1:-1];
/* end */

--------------------

have_const: checking for TCP_ESTABLISHED in sys/types.h,netdb.h,string.h,sys/socket.h,netinet/in.h,sys/uio.h,netinet/in_systm.h,netinet/tcp.h,netinet/tcp_fsm.h,netinet/udp.h,arpa/inet.h,net/ethernet.h,sys/un.h,ifaddrs.h,sys/ioctl.h,sys/sockio.h,net/if.h,sys/param.h,sys/ucred.h,net/if_dl.h,arpa/nameser.h,resolv.h,pthread.h,sched.h... -------------------- no

LD_LIBRARY_PATH=.:../..:/snap/ruby/438/lib: ASAN_OPTIONS=detect_leaks=0 "/morello-hybrid/src/output/sdk/bin/clang -I../../.ext/include/aarch64-freebsd -I../../../include -I../../../ext/socket -I../.. -I../../.. -I/morello-hybrid/src/output/rootfs-aarch64/usr/include    -target aarch64-unknown-freebsd -march=armv8 --sysroot=/morello-hybrid/src/output/rootfs-aarch64 -I/morello-hybrid/src/output/rootfs-aarch64/usr/include -mbranch-protection=pac-ret -fstack-protector-strong -U_FORTIFY_SOURCE -D_FORTIFY_SOURCE=2 -fdeclspec  -O0 -fno-omit-frame-pointer -fno-fast-math -ggdb3 -Wall -Wextra -Wextra-tokens -Wdeprecated-declarations -Wdivision-by-zero -Wdiv-by-zero -Wimplicit-function-declaration -Wimplicit-int -Wpointer-arith -Wshorten-64-to-32 -Wwrite-strings -Wold-style-definition -Wmissing-noreturn -Wno-cast-function-type -Wno-constant-logical-operand -Wno-long-long -Wno-missing-field-initializers -Wno-overlength-strings -Wno-parentheses-equality -Wno-self-assign -Wno-tautological-compare -Wno-unused-parameter -Wno-unused-value -Wunused-variable -Wmisleading-indentation -Wundef   -c conftest.c"
conftest.c:30:34: error: use of undeclared identifier 'TCP_ESTABLISHED'
   30 | conftest_type conftestval = (int)TCP_ESTABLISHED;
      |                                  ^
1 error generated.
checked program was:
/* begin */
 1: #include "ruby.h"
 2: 
 3: #include <sys/types.h>
 4: #include <netdb.h>
 5: #include <string.h>
 6: #include <sys/socket.h>
 7: #include <netinet/in.h>
 8: #include <sys/uio.h>
 9: #include <netinet/in_systm.h>
10: #include <netinet/tcp.h>
11: #include <netinet/tcp_fsm.h>
12: #include <netinet/udp.h>
13: #include <arpa/inet.h>
14: #include <net/ethernet.h>
15: #include <sys/un.h>
16: #include <ifaddrs.h>
17: #include <sys/ioctl.h>
18: #include <sys/sockio.h>
19: #include <net/if.h>
20: #include <sys/param.h>
21: #include <sys/ucred.h>
22: #include <net/if_dl.h>
23: #include <arpa/nameser.h>
24: #include <resolv.h>
25: #include <pthread.h>
26: #include <sched.h>
27: 
28: /*top*/
29: typedef int conftest_type;
30: conftest_type conftestval = (int)TCP_ESTABLISHED;
/* end */

--------------------

have_const: checking for TCP_SYN_SENT in sys/types.h,netdb.h,string.h,sys/socket.h,netinet/in.h,sys/uio.h,netinet/in_systm.h,netinet/tcp.h,netinet/tcp_fsm.h,netinet/udp.h,arpa/inet.h,net/ethernet.h,sys/un.h,ifaddrs.h,sys/ioctl.h,sys/sockio.h,net/if.h,sys/param.h,sys/ucred.h,net/if_dl.h,arpa/nameser.h,resolv.h,pthread.h,sched.h... -------------------- no

LD_LIBRARY_PATH=.:../..:/snap/ruby/438/lib: ASAN_OPTIONS=detect_leaks=0 "/morello-hybrid/src/output/sdk/bin/clang -I../../.ext/include/aarch64-freebsd -I../../../include -I../../../ext/socket -I../.. -I../../.. -I/morello-hybrid/src/output/rootfs-aarch64/usr/include    -target aarch64-unknown-freebsd -march=armv8 --sysroot=/morello-hybrid/src/output/rootfs-aarch64 -I/morello-hybrid/src/output/rootfs-aarch64/usr/include -mbranch-protection=pac-ret -fstack-protector-strong -U_FORTIFY_SOURCE -D_FORTIFY_SOURCE=2 -fdeclspec  -O0 -fno-omit-frame-pointer -fno-fast-math -ggdb3 -Wall -Wextra -Wextra-tokens -Wdeprecated-declarations -Wdivision-by-zero -Wdiv-by-zero -Wimplicit-function-declaration -Wimplicit-int -Wpointer-arith -Wshorten-64-to-32 -Wwrite-strings -Wold-style-definition -Wmissing-noreturn -Wno-cast-function-type -Wno-constant-logical-operand -Wno-long-long -Wno-missing-field-initializers -Wno-overlength-strings -Wno-parentheses-equality -Wno-self-assign -Wno-tautological-compare -Wno-unused-parameter -Wno-unused-value -Wunused-variable -Wmisleading-indentation -Wundef   -c conftest.c"
conftest.c:30:34: error: use of undeclared identifier 'TCP_SYN_SENT'
   30 | conftest_type conftestval = (int)TCP_SYN_SENT;
      |                                  ^
1 error generated.
checked program was:
/* begin */
 1: #include "ruby.h"
 2: 
 3: #include <sys/types.h>
 4: #include <netdb.h>
 5: #include <string.h>
 6: #include <sys/socket.h>
 7: #include <netinet/in.h>
 8: #include <sys/uio.h>
 9: #include <netinet/in_systm.h>
10: #include <netinet/tcp.h>
11: #include <netinet/tcp_fsm.h>
12: #include <netinet/udp.h>
13: #include <arpa/inet.h>
14: #include <net/ethernet.h>
15: #include <sys/un.h>
16: #include <ifaddrs.h>
17: #include <sys/ioctl.h>
18: #include <sys/sockio.h>
19: #include <net/if.h>
20: #include <sys/param.h>
21: #include <sys/ucred.h>
22: #include <net/if_dl.h>
23: #include <arpa/nameser.h>
24: #include <resolv.h>
25: #include <pthread.h>
26: #include <sched.h>
27: 
28: /*top*/
29: typedef int conftest_type;
30: conftest_type conftestval = (int)TCP_SYN_SENT;
/* end */

--------------------

have_const: checking for TCP_SYN_RECV in sys/types.h,netdb.h,string.h,sys/socket.h,netinet/in.h,sys/uio.h,netinet/in_systm.h,netinet/tcp.h,netinet/tcp_fsm.h,netinet/udp.h,arpa/inet.h,net/ethernet.h,sys/un.h,ifaddrs.h,sys/ioctl.h,sys/sockio.h,net/if.h,sys/param.h,sys/ucred.h,net/if_dl.h,arpa/nameser.h,resolv.h,pthread.h,sched.h... -------------------- no

LD_LIBRARY_PATH=.:../..:/snap/ruby/438/lib: ASAN_OPTIONS=detect_leaks=0 "/morello-hybrid/src/output/sdk/bin/clang -I../../.ext/include/aarch64-freebsd -I../../../include -I../../../ext/socket -I../.. -I../../.. -I/morello-hybrid/src/output/rootfs-aarch64/usr/include    -target aarch64-unknown-freebsd -march=armv8 --sysroot=/morello-hybrid/src/output/rootfs-aarch64 -I/morello-hybrid/src/output/rootfs-aarch64/usr/include -mbranch-protection=pac-ret -fstack-protector-strong -U_FORTIFY_SOURCE -D_FORTIFY_SOURCE=2 -fdeclspec  -O0 -fno-omit-frame-pointer -fno-fast-math -ggdb3 -Wall -Wextra -Wextra-tokens -Wdeprecated-declarations -Wdivision-by-zero -Wdiv-by-zero -Wimplicit-function-declaration -Wimplicit-int -Wpointer-arith -Wshorten-64-to-32 -Wwrite-strings -Wold-style-definition -Wmissing-noreturn -Wno-cast-function-type -Wno-constant-logical-operand -Wno-long-long -Wno-missing-field-initializers -Wno-overlength-strings -Wno-parentheses-equality -Wno-self-assign -Wno-tautological-compare -Wno-unused-parameter -Wno-unused-value -Wunused-variable -Wmisleading-indentation -Wundef   -c conftest.c"
conftest.c:30:34: error: use of undeclared identifier 'TCP_SYN_RECV'
   30 | conftest_type conftestval = (int)TCP_SYN_RECV;
      |                                  ^
1 error generated.
checked program was:
/* begin */
 1: #include "ruby.h"
 2: 
 3: #include <sys/types.h>
 4: #include <netdb.h>
 5: #include <string.h>
 6: #include <sys/socket.h>
 7: #include <netinet/in.h>
 8: #include <sys/uio.h>
 9: #include <netinet/in_systm.h>
10: #include <netinet/tcp.h>
11: #include <netinet/tcp_fsm.h>
12: #include <netinet/udp.h>
13: #include <arpa/inet.h>
14: #include <net/ethernet.h>
15: #include <sys/un.h>
16: #include <ifaddrs.h>
17: #include <sys/ioctl.h>
18: #include <sys/sockio.h>
19: #include <net/if.h>
20: #include <sys/param.h>
21: #include <sys/ucred.h>
22: #include <net/if_dl.h>
23: #include <arpa/nameser.h>
24: #include <resolv.h>
25: #include <pthread.h>
26: #include <sched.h>
27: 
28: /*top*/
29: typedef int conftest_type;
30: conftest_type conftestval = (int)TCP_SYN_RECV;
/* end */

--------------------

have_const: checking for TCP_FIN_WAIT1 in sys/types.h,netdb.h,string.h,sys/socket.h,netinet/in.h,sys/uio.h,netinet/in_systm.h,netinet/tcp.h,netinet/tcp_fsm.h,netinet/udp.h,arpa/inet.h,net/ethernet.h,sys/un.h,ifaddrs.h,sys/ioctl.h,sys/sockio.h,net/if.h,sys/param.h,sys/ucred.h,net/if_dl.h,arpa/nameser.h,resolv.h,pthread.h,sched.h... -------------------- no

LD_LIBRARY_PATH=.:../..:/snap/ruby/438/lib: ASAN_OPTIONS=detect_leaks=0 "/morello-hybrid/src/output/sdk/bin/clang -I../../.ext/include/aarch64-freebsd -I../../../include -I../../../ext/socket -I../.. -I../../.. -I/morello-hybrid/src/output/rootfs-aarch64/usr/include    -target aarch64-unknown-freebsd -march=armv8 --sysroot=/morello-hybrid/src/output/rootfs-aarch64 -I/morello-hybrid/src/output/rootfs-aarch64/usr/include -mbranch-protection=pac-ret -fstack-protector-strong -U_FORTIFY_SOURCE -D_FORTIFY_SOURCE=2 -fdeclspec  -O0 -fno-omit-frame-pointer -fno-fast-math -ggdb3 -Wall -Wextra -Wextra-tokens -Wdeprecated-declarations -Wdivision-by-zero -Wdiv-by-zero -Wimplicit-function-declaration -Wimplicit-int -Wpointer-arith -Wshorten-64-to-32 -Wwrite-strings -Wold-style-definition -Wmissing-noreturn -Wno-cast-function-type -Wno-constant-logical-operand -Wno-long-long -Wno-missing-field-initializers -Wno-overlength-strings -Wno-parentheses-equality -Wno-self-assign -Wno-tautological-compare -Wno-unused-parameter -Wno-unused-value -Wunused-variable -Wmisleading-indentation -Wundef   -c conftest.c"
conftest.c:30:34: error: use of undeclared identifier 'TCP_FIN_WAIT1'
   30 | conftest_type conftestval = (int)TCP_FIN_WAIT1;
      |                                  ^
1 error generated.
checked program was:
/* begin */
 1: #include "ruby.h"
 2: 
 3: #include <sys/types.h>
 4: #include <netdb.h>
 5: #include <string.h>
 6: #include <sys/socket.h>
 7: #include <netinet/in.h>
 8: #include <sys/uio.h>
 9: #include <netinet/in_systm.h>
10: #include <netinet/tcp.h>
11: #include <netinet/tcp_fsm.h>
12: #include <netinet/udp.h>
13: #include <arpa/inet.h>
14: #include <net/ethernet.h>
15: #include <sys/un.h>
16: #include <ifaddrs.h>
17: #include <sys/ioctl.h>
18: #include <sys/sockio.h>
19: #include <net/if.h>
20: #include <sys/param.h>
21: #include <sys/ucred.h>
22: #include <net/if_dl.h>
23: #include <arpa/nameser.h>
24: #include <resolv.h>
25: #include <pthread.h>
26: #include <sched.h>
27: 
28: /*top*/
29: typedef int conftest_type;
30: conftest_type conftestval = (int)TCP_FIN_WAIT1;
/* end */

--------------------

have_const: checking for TCP_FIN_WAIT2 in sys/types.h,netdb.h,string.h,sys/socket.h,netinet/in.h,sys/uio.h,netinet/in_systm.h,netinet/tcp.h,netinet/tcp_fsm.h,netinet/udp.h,arpa/inet.h,net/ethernet.h,sys/un.h,ifaddrs.h,sys/ioctl.h,sys/sockio.h,net/if.h,sys/param.h,sys/ucred.h,net/if_dl.h,arpa/nameser.h,resolv.h,pthread.h,sched.h... -------------------- no

LD_LIBRARY_PATH=.:../..:/snap/ruby/438/lib: ASAN_OPTIONS=detect_leaks=0 "/morello-hybrid/src/output/sdk/bin/clang -I../../.ext/include/aarch64-freebsd -I../../../include -I../../../ext/socket -I../.. -I../../.. -I/morello-hybrid/src/output/rootfs-aarch64/usr/include    -target aarch64-unknown-freebsd -march=armv8 --sysroot=/morello-hybrid/src/output/rootfs-aarch64 -I/morello-hybrid/src/output/rootfs-aarch64/usr/include -mbranch-protection=pac-ret -fstack-protector-strong -U_FORTIFY_SOURCE -D_FORTIFY_SOURCE=2 -fdeclspec  -O0 -fno-omit-frame-pointer -fno-fast-math -ggdb3 -Wall -Wextra -Wextra-tokens -Wdeprecated-declarations -Wdivision-by-zero -Wdiv-by-zero -Wimplicit-function-declaration -Wimplicit-int -Wpointer-arith -Wshorten-64-to-32 -Wwrite-strings -Wold-style-definition -Wmissing-noreturn -Wno-cast-function-type -Wno-constant-logical-operand -Wno-long-long -Wno-missing-field-initializers -Wno-overlength-strings -Wno-parentheses-equality -Wno-self-assign -Wno-tautological-compare -Wno-unused-parameter -Wno-unused-value -Wunused-variable -Wmisleading-indentation -Wundef   -c conftest.c"
conftest.c:30:34: error: use of undeclared identifier 'TCP_FIN_WAIT2'
   30 | conftest_type conftestval = (int)TCP_FIN_WAIT2;
      |                                  ^
1 error generated.
checked program was:
/* begin */
 1: #include "ruby.h"
 2: 
 3: #include <sys/types.h>
 4: #include <netdb.h>
 5: #include <string.h>
 6: #include <sys/socket.h>
 7: #include <netinet/in.h>
 8: #include <sys/uio.h>
 9: #include <netinet/in_systm.h>
10: #include <netinet/tcp.h>
11: #include <netinet/tcp_fsm.h>
12: #include <netinet/udp.h>
13: #include <arpa/inet.h>
14: #include <net/ethernet.h>
15: #include <sys/un.h>
16: #include <ifaddrs.h>
17: #include <sys/ioctl.h>
18: #include <sys/sockio.h>
19: #include <net/if.h>
20: #include <sys/param.h>
21: #include <sys/ucred.h>
22: #include <net/if_dl.h>
23: #include <arpa/nameser.h>
24: #include <resolv.h>
25: #include <pthread.h>
26: #include <sched.h>
27: 
28: /*top*/
29: typedef int conftest_type;
30: conftest_type conftestval = (int)TCP_FIN_WAIT2;
/* end */

--------------------

have_const: checking for TCP_TIME_WAIT in sys/types.h,netdb.h,string.h,sys/socket.h,netinet/in.h,sys/uio.h,netinet/in_systm.h,netinet/tcp.h,netinet/tcp_fsm.h,netinet/udp.h,arpa/inet.h,net/ethernet.h,sys/un.h,ifaddrs.h,sys/ioctl.h,sys/sockio.h,net/if.h,sys/param.h,sys/ucred.h,net/if_dl.h,arpa/nameser.h,resolv.h,pthread.h,sched.h... -------------------- no

LD_LIBRARY_PATH=.:../..:/snap/ruby/438/lib: ASAN_OPTIONS=detect_leaks=0 "/morello-hybrid/src/output/sdk/bin/clang -I../../.ext/include/aarch64-freebsd -I../../../include -I../../../ext/socket -I../.. -I../../.. -I/morello-hybrid/src/output/rootfs-aarch64/usr/include    -target aarch64-unknown-freebsd -march=armv8 --sysroot=/morello-hybrid/src/output/rootfs-aarch64 -I/morello-hybrid/src/output/rootfs-aarch64/usr/include -mbranch-protection=pac-ret -fstack-protector-strong -U_FORTIFY_SOURCE -D_FORTIFY_SOURCE=2 -fdeclspec  -O0 -fno-omit-frame-pointer -fno-fast-math -ggdb3 -Wall -Wextra -Wextra-tokens -Wdeprecated-declarations -Wdivision-by-zero -Wdiv-by-zero -Wimplicit-function-declaration -Wimplicit-int -Wpointer-arith -Wshorten-64-to-32 -Wwrite-strings -Wold-style-definition -Wmissing-noreturn -Wno-cast-function-type -Wno-constant-logical-operand -Wno-long-long -Wno-missing-field-initializers -Wno-overlength-strings -Wno-parentheses-equality -Wno-self-assign -Wno-tautological-compare -Wno-unused-parameter -Wno-unused-value -Wunused-variable -Wmisleading-indentation -Wundef   -c conftest.c"
conftest.c:30:34: error: use of undeclared identifier 'TCP_TIME_WAIT'
   30 | conftest_type conftestval = (int)TCP_TIME_WAIT;
      |                                  ^
1 error generated.
checked program was:
/* begin */
 1: #include "ruby.h"
 2: 
 3: #include <sys/types.h>
 4: #include <netdb.h>
 5: #include <string.h>
 6: #include <sys/socket.h>
 7: #include <netinet/in.h>
 8: #include <sys/uio.h>
 9: #include <netinet/in_systm.h>
10: #include <netinet/tcp.h>
11: #include <netinet/tcp_fsm.h>
12: #include <netinet/udp.h>
13: #include <arpa/inet.h>
14: #include <net/ethernet.h>
15: #include <sys/un.h>
16: #include <ifaddrs.h>
17: #include <sys/ioctl.h>
18: #include <sys/sockio.h>
19: #include <net/if.h>
20: #include <sys/param.h>
21: #include <sys/ucred.h>
22: #include <net/if_dl.h>
23: #include <arpa/nameser.h>
24: #include <resolv.h>
25: #include <pthread.h>
26: #include <sched.h>
27: 
28: /*top*/
29: typedef int conftest_type;
30: conftest_type conftestval = (int)TCP_TIME_WAIT;
/* end */

--------------------

have_const: checking for TCP_CLOSE in sys/types.h,netdb.h,string.h,sys/socket.h,netinet/in.h,sys/uio.h,netinet/in_systm.h,netinet/tcp.h,netinet/tcp_fsm.h,netinet/udp.h,arpa/inet.h,net/ethernet.h,sys/un.h,ifaddrs.h,sys/ioctl.h,sys/sockio.h,net/if.h,sys/param.h,sys/ucred.h,net/if_dl.h,arpa/nameser.h,resolv.h,pthread.h,sched.h... -------------------- no

LD_LIBRARY_PATH=.:../..:/snap/ruby/438/lib: ASAN_OPTIONS=detect_leaks=0 "/morello-hybrid/src/output/sdk/bin/clang -I../../.ext/include/aarch64-freebsd -I../../../include -I../../../ext/socket -I../.. -I../../.. -I/morello-hybrid/src/output/rootfs-aarch64/usr/include    -target aarch64-unknown-freebsd -march=armv8 --sysroot=/morello-hybrid/src/output/rootfs-aarch64 -I/morello-hybrid/src/output/rootfs-aarch64/usr/include -mbranch-protection=pac-ret -fstack-protector-strong -U_FORTIFY_SOURCE -D_FORTIFY_SOURCE=2 -fdeclspec  -O0 -fno-omit-frame-pointer -fno-fast-math -ggdb3 -Wall -Wextra -Wextra-tokens -Wdeprecated-declarations -Wdivision-by-zero -Wdiv-by-zero -Wimplicit-function-declaration -Wimplicit-int -Wpointer-arith -Wshorten-64-to-32 -Wwrite-strings -Wold-style-definition -Wmissing-noreturn -Wno-cast-function-type -Wno-constant-logical-operand -Wno-long-long -Wno-missing-field-initializers -Wno-overlength-strings -Wno-parentheses-equality -Wno-self-assign -Wno-tautological-compare -Wno-unused-parameter -Wno-unused-value -Wunused-variable -Wmisleading-indentation -Wundef   -c conftest.c"
conftest.c:30:34: error: use of undeclared identifier 'TCP_CLOSE'
   30 | conftest_type conftestval = (int)TCP_CLOSE;
      |                                  ^
1 error generated.
checked program was:
/* begin */
 1: #include "ruby.h"
 2: 
 3: #include <sys/types.h>
 4: #include <netdb.h>
 5: #include <string.h>
 6: #include <sys/socket.h>
 7: #include <netinet/in.h>
 8: #include <sys/uio.h>
 9: #include <netinet/in_systm.h>
10: #include <netinet/tcp.h>
11: #include <netinet/tcp_fsm.h>
12: #include <netinet/udp.h>
13: #include <arpa/inet.h>
14: #include <net/ethernet.h>
15: #include <sys/un.h>
16: #include <ifaddrs.h>
17: #include <sys/ioctl.h>
18: #include <sys/sockio.h>
19: #include <net/if.h>
20: #include <sys/param.h>
21: #include <sys/ucred.h>
22: #include <net/if_dl.h>
23: #include <arpa/nameser.h>
24: #include <resolv.h>
25: #include <pthread.h>
26: #include <sched.h>
27: 
28: /*top*/
29: typedef int conftest_type;
30: conftest_type conftestval = (int)TCP_CLOSE;
/* end */

--------------------

have_const: checking for TCP_CLOSE_WAIT in sys/types.h,netdb.h,string.h,sys/socket.h,netinet/in.h,sys/uio.h,netinet/in_systm.h,netinet/tcp.h,netinet/tcp_fsm.h,netinet/udp.h,arpa/inet.h,net/ethernet.h,sys/un.h,ifaddrs.h,sys/ioctl.h,sys/sockio.h,net/if.h,sys/param.h,sys/ucred.h,net/if_dl.h,arpa/nameser.h,resolv.h,pthread.h,sched.h... -------------------- no

LD_LIBRARY_PATH=.:../..:/snap/ruby/438/lib: ASAN_OPTIONS=detect_leaks=0 "/morello-hybrid/src/output/sdk/bin/clang -I../../.ext/include/aarch64-freebsd -I../../../include -I../../../ext/socket -I../.. -I../../.. -I/morello-hybrid/src/output/rootfs-aarch64/usr/include    -target aarch64-unknown-freebsd -march=armv8 --sysroot=/morello-hybrid/src/output/rootfs-aarch64 -I/morello-hybrid/src/output/rootfs-aarch64/usr/include -mbranch-protection=pac-ret -fstack-protector-strong -U_FORTIFY_SOURCE -D_FORTIFY_SOURCE=2 -fdeclspec  -O0 -fno-omit-frame-pointer -fno-fast-math -ggdb3 -Wall -Wextra -Wextra-tokens -Wdeprecated-declarations -Wdivision-by-zero -Wdiv-by-zero -Wimplicit-function-declaration -Wimplicit-int -Wpointer-arith -Wshorten-64-to-32 -Wwrite-strings -Wold-style-definition -Wmissing-noreturn -Wno-cast-function-type -Wno-constant-logical-operand -Wno-long-long -Wno-missing-field-initializers -Wno-overlength-strings -Wno-parentheses-equality -Wno-self-assign -Wno-tautological-compare -Wno-unused-parameter -Wno-unused-value -Wunused-variable -Wmisleading-indentation -Wundef   -c conftest.c"
conftest.c:30:34: error: use of undeclared identifier 'TCP_CLOSE_WAIT'
   30 | conftest_type conftestval = (int)TCP_CLOSE_WAIT;
      |                                  ^
1 error generated.
checked program was:
/* begin */
 1: #include "ruby.h"
 2: 
 3: #include <sys/types.h>
 4: #include <netdb.h>
 5: #include <string.h>
 6: #include <sys/socket.h>
 7: #include <netinet/in.h>
 8: #include <sys/uio.h>
 9: #include <netinet/in_systm.h>
10: #include <netinet/tcp.h>
11: #include <netinet/tcp_fsm.h>
12: #include <netinet/udp.h>
13: #include <arpa/inet.h>
14: #include <net/ethernet.h>
15: #include <sys/un.h>
16: #include <ifaddrs.h>
17: #include <sys/ioctl.h>
18: #include <sys/sockio.h>
19: #include <net/if.h>
20: #include <sys/param.h>
21: #include <sys/ucred.h>
22: #include <net/if_dl.h>
23: #include <arpa/nameser.h>
24: #include <resolv.h>
25: #include <pthread.h>
26: #include <sched.h>
27: 
28: /*top*/
29: typedef int conftest_type;
30: conftest_type conftestval = (int)TCP_CLOSE_WAIT;
/* end */

--------------------

have_const: checking for TCP_LAST_ACK in sys/types.h,netdb.h,string.h,sys/socket.h,netinet/in.h,sys/uio.h,netinet/in_systm.h,netinet/tcp.h,netinet/tcp_fsm.h,netinet/udp.h,arpa/inet.h,net/ethernet.h,sys/un.h,ifaddrs.h,sys/ioctl.h,sys/sockio.h,net/if.h,sys/param.h,sys/ucred.h,net/if_dl.h,arpa/nameser.h,resolv.h,pthread.h,sched.h... -------------------- no

LD_LIBRARY_PATH=.:../..:/snap/ruby/438/lib: ASAN_OPTIONS=detect_leaks=0 "/morello-hybrid/src/output/sdk/bin/clang -I../../.ext/include/aarch64-freebsd -I../../../include -I../../../ext/socket -I../.. -I../../.. -I/morello-hybrid/src/output/rootfs-aarch64/usr/include    -target aarch64-unknown-freebsd -march=armv8 --sysroot=/morello-hybrid/src/output/rootfs-aarch64 -I/morello-hybrid/src/output/rootfs-aarch64/usr/include -mbranch-protection=pac-ret -fstack-protector-strong -U_FORTIFY_SOURCE -D_FORTIFY_SOURCE=2 -fdeclspec  -O0 -fno-omit-frame-pointer -fno-fast-math -ggdb3 -Wall -Wextra -Wextra-tokens -Wdeprecated-declarations -Wdivision-by-zero -Wdiv-by-zero -Wimplicit-function-declaration -Wimplicit-int -Wpointer-arith -Wshorten-64-to-32 -Wwrite-strings -Wold-style-definition -Wmissing-noreturn -Wno-cast-function-type -Wno-constant-logical-operand -Wno-long-long -Wno-missing-field-initializers -Wno-overlength-strings -Wno-parentheses-equality -Wno-self-assign -Wno-tautological-compare -Wno-unused-parameter -Wno-unused-value -Wunused-variable -Wmisleading-indentation -Wundef   -c conftest.c"
conftest.c:30:34: error: use of undeclared identifier 'TCP_LAST_ACK'
   30 | conftest_type conftestval = (int)TCP_LAST_ACK;
      |                                  ^
1 error generated.
checked program was:
/* begin */
 1: #include "ruby.h"
 2: 
 3: #include <sys/types.h>
 4: #include <netdb.h>
 5: #include <string.h>
 6: #include <sys/socket.h>
 7: #include <netinet/in.h>
 8: #include <sys/uio.h>
 9: #include <netinet/in_systm.h>
10: #include <netinet/tcp.h>
11: #include <netinet/tcp_fsm.h>
12: #include <netinet/udp.h>
13: #include <arpa/inet.h>
14: #include <net/ethernet.h>
15: #include <sys/un.h>
16: #include <ifaddrs.h>
17: #include <sys/ioctl.h>
18: #include <sys/sockio.h>
19: #include <net/if.h>
20: #include <sys/param.h>
21: #include <sys/ucred.h>
22: #include <net/if_dl.h>
23: #include <arpa/nameser.h>
24: #include <resolv.h>
25: #include <pthread.h>
26: #include <sched.h>
27: 
28: /*top*/
29: typedef int conftest_type;
30: conftest_type conftestval = (int)TCP_LAST_ACK;
/* end */

--------------------

have_const: checking for TCP_LISTEN in sys/types.h,netdb.h,string.h,sys/socket.h,netinet/in.h,sys/uio.h,netinet/in_systm.h,netinet/tcp.h,netinet/tcp_fsm.h,netinet/udp.h,arpa/inet.h,net/ethernet.h,sys/un.h,ifaddrs.h,sys/ioctl.h,sys/sockio.h,net/if.h,sys/param.h,sys/ucred.h,net/if_dl.h,arpa/nameser.h,resolv.h,pthread.h,sched.h... -------------------- no

LD_LIBRARY_PATH=.:../..:/snap/ruby/438/lib: ASAN_OPTIONS=detect_leaks=0 "/morello-hybrid/src/output/sdk/bin/clang -I../../.ext/include/aarch64-freebsd -I../../../include -I../../../ext/socket -I../.. -I../../.. -I/morello-hybrid/src/output/rootfs-aarch64/usr/include    -target aarch64-unknown-freebsd -march=armv8 --sysroot=/morello-hybrid/src/output/rootfs-aarch64 -I/morello-hybrid/src/output/rootfs-aarch64/usr/include -mbranch-protection=pac-ret -fstack-protector-strong -U_FORTIFY_SOURCE -D_FORTIFY_SOURCE=2 -fdeclspec  -O0 -fno-omit-frame-pointer -fno-fast-math -ggdb3 -Wall -Wextra -Wextra-tokens -Wdeprecated-declarations -Wdivision-by-zero -Wdiv-by-zero -Wimplicit-function-declaration -Wimplicit-int -Wpointer-arith -Wshorten-64-to-32 -Wwrite-strings -Wold-style-definition -Wmissing-noreturn -Wno-cast-function-type -Wno-constant-logical-operand -Wno-long-long -Wno-missing-field-initializers -Wno-overlength-strings -Wno-parentheses-equality -Wno-self-assign -Wno-tautological-compare -Wno-unused-parameter -Wno-unused-value -Wunused-variable -Wmisleading-indentation -Wundef   -c conftest.c"
conftest.c:30:34: error: use of undeclared identifier 'TCP_LISTEN'
   30 | conftest_type conftestval = (int)TCP_LISTEN;
      |                                  ^
1 error generated.
checked program was:
/* begin */
 1: #include "ruby.h"
 2: 
 3: #include <sys/types.h>
 4: #include <netdb.h>
 5: #include <string.h>
 6: #include <sys/socket.h>
 7: #include <netinet/in.h>
 8: #include <sys/uio.h>
 9: #include <netinet/in_systm.h>
10: #include <netinet/tcp.h>
11: #include <netinet/tcp_fsm.h>
12: #include <netinet/udp.h>
13: #include <arpa/inet.h>
14: #include <net/ethernet.h>
15: #include <sys/un.h>
16: #include <ifaddrs.h>
17: #include <sys/ioctl.h>
18: #include <sys/sockio.h>
19: #include <net/if.h>
20: #include <sys/param.h>
21: #include <sys/ucred.h>
22: #include <net/if_dl.h>
23: #include <arpa/nameser.h>
24: #include <resolv.h>
25: #include <pthread.h>
26: #include <sched.h>
27: 
28: /*top*/
29: typedef int conftest_type;
30: conftest_type conftestval = (int)TCP_LISTEN;
/* end */

--------------------

have_const: checking for TCP_CLOSING in sys/types.h,netdb.h,string.h,sys/socket.h,netinet/in.h,sys/uio.h,netinet/in_systm.h,netinet/tcp.h,netinet/tcp_fsm.h,netinet/udp.h,arpa/inet.h,net/ethernet.h,sys/un.h,ifaddrs.h,sys/ioctl.h,sys/sockio.h,net/if.h,sys/param.h,sys/ucred.h,net/if_dl.h,arpa/nameser.h,resolv.h,pthread.h,sched.h... -------------------- no

LD_LIBRARY_PATH=.:../..:/snap/ruby/438/lib: ASAN_OPTIONS=detect_leaks=0 "/morello-hybrid/src/output/sdk/bin/clang -I../../.ext/include/aarch64-freebsd -I../../../include -I../../../ext/socket -I../.. -I../../.. -I/morello-hybrid/src/output/rootfs-aarch64/usr/include    -target aarch64-unknown-freebsd -march=armv8 --sysroot=/morello-hybrid/src/output/rootfs-aarch64 -I/morello-hybrid/src/output/rootfs-aarch64/usr/include -mbranch-protection=pac-ret -fstack-protector-strong -U_FORTIFY_SOURCE -D_FORTIFY_SOURCE=2 -fdeclspec  -O0 -fno-omit-frame-pointer -fno-fast-math -ggdb3 -Wall -Wextra -Wextra-tokens -Wdeprecated-declarations -Wdivision-by-zero -Wdiv-by-zero -Wimplicit-function-declaration -Wimplicit-int -Wpointer-arith -Wshorten-64-to-32 -Wwrite-strings -Wold-style-definition -Wmissing-noreturn -Wno-cast-function-type -Wno-constant-logical-operand -Wno-long-long -Wno-missing-field-initializers -Wno-overlength-strings -Wno-parentheses-equality -Wno-self-assign -Wno-tautological-compare -Wno-unused-parameter -Wno-unused-value -Wunused-variable -Wmisleading-indentation -Wundef   -c conftest.c"
conftest.c:30:34: error: use of undeclared identifier 'TCP_CLOSING'
   30 | conftest_type conftestval = (int)TCP_CLOSING;
      |                                  ^
1 error generated.
checked program was:
/* begin */
 1: #include "ruby.h"
 2: 
 3: #include <sys/types.h>
 4: #include <netdb.h>
 5: #include <string.h>
 6: #include <sys/socket.h>
 7: #include <netinet/in.h>
 8: #include <sys/uio.h>
 9: #include <netinet/in_systm.h>
10: #include <netinet/tcp.h>
11: #include <netinet/tcp_fsm.h>
12: #include <netinet/udp.h>
13: #include <arpa/inet.h>
14: #include <net/ethernet.h>
15: #include <sys/un.h>
16: #include <ifaddrs.h>
17: #include <sys/ioctl.h>
18: #include <sys/sockio.h>
19: #include <net/if.h>
20: #include <sys/param.h>
21: #include <sys/ucred.h>
22: #include <net/if_dl.h>
23: #include <arpa/nameser.h>
24: #include <resolv.h>
25: #include <pthread.h>
26: #include <sched.h>
27: 
28: /*top*/
29: typedef int conftest_type;
30: conftest_type conftestval = (int)TCP_CLOSING;
/* end */

--------------------

have_struct_member: checking for struct tcp_info.tcpi_state in sys/types.h,netdb.h,string.h,sys/socket.h,netinet/in.h,sys/uio.h,netinet/in_systm.h,netinet/tcp.h,netinet/tcp_fsm.h,netinet/udp.h,arpa/inet.h,net/ethernet.h,sys/un.h,ifaddrs.h,sys/ioctl.h,sys/sockio.h,net/if.h,sys/param.h,sys/ucred.h,net/if_dl.h,arpa/nameser.h,resolv.h,pthread.h,sched.h... -------------------- yes

LD_LIBRARY_PATH=.:../..:/snap/ruby/438/lib: ASAN_OPTIONS=detect_leaks=0 "/morello-hybrid/src/output/sdk/bin/clang -I../../.ext/include/aarch64-freebsd -I../../../include -I../../../ext/socket -I../.. -I../../.. -I/morello-hybrid/src/output/rootfs-aarch64/usr/include    -target aarch64-unknown-freebsd -march=armv8 --sysroot=/morello-hybrid/src/output/rootfs-aarch64 -I/morello-hybrid/src/output/rootfs-aarch64/usr/include -mbranch-protection=pac-ret -fstack-protector-strong -U_FORTIFY_SOURCE -D_FORTIFY_SOURCE=2 -fdeclspec  -O0 -fno-omit-frame-pointer -fno-fast-math -ggdb3 -Wall -Wextra -Wextra-tokens -Wdeprecated-declarations -Wdivision-by-zero -Wdiv-by-zero -Wimplicit-function-declaration -Wimplicit-int -Wpointer-arith -Wshorten-64-to-32 -Wwrite-strings -Wold-style-definition -Wmissing-noreturn -Wno-cast-function-type -Wno-constant-logical-operand -Wno-long-long -Wno-missing-field-initializers -Wno-overlength-strings -Wno-parentheses-equality -Wno-self-assign -Wno-tautological-compare -Wno-unused-parameter -Wno-unused-value -Wunused-variable -Wmisleading-indentation -Wundef   -c conftest.c"
conftest.c:29:52: warning: performing pointer subtraction with a null pointer has undefined behavior [-Wnull-pointer-subtraction]
   29 | int s = (char *)&((struct tcp_info*)0)->tcpi_state - (char *)0;
      |                                                    ^ ~~~~~~~~~
1 warning generated.
checked program was:
/* begin */
 1: #include "ruby.h"
 2: 
 3: #include <sys/types.h>
 4: #include <netdb.h>
 5: #include <string.h>
 6: #include <sys/socket.h>
 7: #include <netinet/in.h>
 8: #include <sys/uio.h>
 9: #include <netinet/in_systm.h>
10: #include <netinet/tcp.h>
11: #include <netinet/tcp_fsm.h>
12: #include <netinet/udp.h>
13: #include <arpa/inet.h>
14: #include <net/ethernet.h>
15: #include <sys/un.h>
16: #include <ifaddrs.h>
17: #include <sys/ioctl.h>
18: #include <sys/sockio.h>
19: #include <net/if.h>
20: #include <sys/param.h>
21: #include <sys/ucred.h>
22: #include <net/if_dl.h>
23: #include <arpa/nameser.h>
24: #include <resolv.h>
25: #include <pthread.h>
26: #include <sched.h>
27: 
28: /*top*/
29: int s = (char *)&((struct tcp_info*)0)->tcpi_state - (char *)0;
30: int main(int argc, char **argv)
31: {
32:   return !!argv[argc];
33: }
/* end */

--------------------

have_struct_member: checking for struct tcp_info.tcpi_ca_state in sys/types.h,netdb.h,string.h,sys/socket.h,netinet/in.h,sys/uio.h,netinet/in_systm.h,netinet/tcp.h,netinet/tcp_fsm.h,netinet/udp.h,arpa/inet.h,net/ethernet.h,sys/un.h,ifaddrs.h,sys/ioctl.h,sys/sockio.h,net/if.h,sys/param.h,sys/ucred.h,net/if_dl.h,arpa/nameser.h,resolv.h,pthread.h,sched.h... -------------------- no

LD_LIBRARY_PATH=.:../..:/snap/ruby/438/lib: ASAN_OPTIONS=detect_leaks=0 "/morello-hybrid/src/output/sdk/bin/clang -I../../.ext/include/aarch64-freebsd -I../../../include -I../../../ext/socket -I../.. -I../../.. -I/morello-hybrid/src/output/rootfs-aarch64/usr/include    -target aarch64-unknown-freebsd -march=armv8 --sysroot=/morello-hybrid/src/output/rootfs-aarch64 -I/morello-hybrid/src/output/rootfs-aarch64/usr/include -mbranch-protection=pac-ret -fstack-protector-strong -U_FORTIFY_SOURCE -D_FORTIFY_SOURCE=2 -fdeclspec  -O0 -fno-omit-frame-pointer -fno-fast-math -ggdb3 -Wall -Wextra -Wextra-tokens -Wdeprecated-declarations -Wdivision-by-zero -Wdiv-by-zero -Wimplicit-function-declaration -Wimplicit-int -Wpointer-arith -Wshorten-64-to-32 -Wwrite-strings -Wold-style-definition -Wmissing-noreturn -Wno-cast-function-type -Wno-constant-logical-operand -Wno-long-long -Wno-missing-field-initializers -Wno-overlength-strings -Wno-parentheses-equality -Wno-self-assign -Wno-tautological-compare -Wno-unused-parameter -Wno-unused-value -Wunused-variable -Wmisleading-indentation -Wundef   -c conftest.c"
conftest.c:29:41: error: no member named 'tcpi_ca_state' in 'struct tcp_info'; did you mean '__tcpi_ca_state'?
   29 | int s = (char *)&((struct tcp_info*)0)->tcpi_ca_state - (char *)0;
      |                                         ^~~~~~~~~~~~~
      |                                         __tcpi_ca_state
/morello-hybrid/src/output/rootfs-aarch64/usr/include/netinet/tcp.h:390:11: note: '__tcpi_ca_state' declared here
  390 |         u_int8_t        __tcpi_ca_state;
      |                         ^
conftest.c:29:55: warning: performing pointer subtraction with a null pointer has undefined behavior [-Wnull-pointer-subtraction]
   29 | int s = (char *)&((struct tcp_info*)0)->tcpi_ca_state - (char *)0;
      |                                                       ^ ~~~~~~~~~
1 warning and 1 error generated.
checked program was:
/* begin */
 1: #include "ruby.h"
 2: 
 3: #include <sys/types.h>
 4: #include <netdb.h>
 5: #include <string.h>
 6: #include <sys/socket.h>
 7: #include <netinet/in.h>
 8: #include <sys/uio.h>
 9: #include <netinet/in_systm.h>
10: #include <netinet/tcp.h>
11: #include <netinet/tcp_fsm.h>
12: #include <netinet/udp.h>
13: #include <arpa/inet.h>
14: #include <net/ethernet.h>
15: #include <sys/un.h>
16: #include <ifaddrs.h>
17: #include <sys/ioctl.h>
18: #include <sys/sockio.h>
19: #include <net/if.h>
20: #include <sys/param.h>
21: #include <sys/ucred.h>
22: #include <net/if_dl.h>
23: #include <arpa/nameser.h>
24: #include <resolv.h>
25: #include <pthread.h>
26: #include <sched.h>
27: 
28: /*top*/
29: int s = (char *)&((struct tcp_info*)0)->tcpi_ca_state - (char *)0;
30: int main(int argc, char **argv)
31: {
32:   return !!argv[argc];
33: }
/* end */

--------------------

have_struct_member: checking for struct tcp_info.tcpi_retransmits in sys/types.h,netdb.h,string.h,sys/socket.h,netinet/in.h,sys/uio.h,netinet/in_systm.h,netinet/tcp.h,netinet/tcp_fsm.h,netinet/udp.h,arpa/inet.h,net/ethernet.h,sys/un.h,ifaddrs.h,sys/ioctl.h,sys/sockio.h,net/if.h,sys/param.h,sys/ucred.h,net/if_dl.h,arpa/nameser.h,resolv.h,pthread.h,sched.h... -------------------- no

LD_LIBRARY_PATH=.:../..:/snap/ruby/438/lib: ASAN_OPTIONS=detect_leaks=0 "/morello-hybrid/src/output/sdk/bin/clang -I../../.ext/include/aarch64-freebsd -I../../../include -I../../../ext/socket -I../.. -I../../.. -I/morello-hybrid/src/output/rootfs-aarch64/usr/include    -target aarch64-unknown-freebsd -march=armv8 --sysroot=/morello-hybrid/src/output/rootfs-aarch64 -I/morello-hybrid/src/output/rootfs-aarch64/usr/include -mbranch-protection=pac-ret -fstack-protector-strong -U_FORTIFY_SOURCE -D_FORTIFY_SOURCE=2 -fdeclspec  -O0 -fno-omit-frame-pointer -fno-fast-math -ggdb3 -Wall -Wextra -Wextra-tokens -Wdeprecated-declarations -Wdivision-by-zero -Wdiv-by-zero -Wimplicit-function-declaration -Wimplicit-int -Wpointer-arith -Wshorten-64-to-32 -Wwrite-strings -Wold-style-definition -Wmissing-noreturn -Wno-cast-function-type -Wno-constant-logical-operand -Wno-long-long -Wno-missing-field-initializers -Wno-overlength-strings -Wno-parentheses-equality -Wno-self-assign -Wno-tautological-compare -Wno-unused-parameter -Wno-unused-value -Wunused-variable -Wmisleading-indentation -Wundef   -c conftest.c"
conftest.c:29:41: error: no member named 'tcpi_retransmits' in 'struct tcp_info'; did you mean '__tcpi_retransmits'?
   29 | int s = (char *)&((struct tcp_info*)0)->tcpi_retransmits - (char *)0;
      |                                         ^~~~~~~~~~~~~~~~
      |                                         __tcpi_retransmits
/morello-hybrid/src/output/rootfs-aarch64/usr/include/netinet/tcp.h:391:11: note: '__tcpi_retransmits' declared here
  391 |         u_int8_t        __tcpi_retransmits;
      |                         ^
conftest.c:29:58: warning: performing pointer subtraction with a null pointer has undefined behavior [-Wnull-pointer-subtraction]
   29 | int s = (char *)&((struct tcp_info*)0)->tcpi_retransmits - (char *)0;
      |                                                          ^ ~~~~~~~~~
1 warning and 1 error generated.
checked program was:
/* begin */
 1: #include "ruby.h"
 2: 
 3: #include <sys/types.h>
 4: #include <netdb.h>
 5: #include <string.h>
 6: #include <sys/socket.h>
 7: #include <netinet/in.h>
 8: #include <sys/uio.h>
 9: #include <netinet/in_systm.h>
10: #include <netinet/tcp.h>
11: #include <netinet/tcp_fsm.h>
12: #include <netinet/udp.h>
13: #include <arpa/inet.h>
14: #include <net/ethernet.h>
15: #include <sys/un.h>
16: #include <ifaddrs.h>
17: #include <sys/ioctl.h>
18: #include <sys/sockio.h>
19: #include <net/if.h>
20: #include <sys/param.h>
21: #include <sys/ucred.h>
22: #include <net/if_dl.h>
23: #include <arpa/nameser.h>
24: #include <resolv.h>
25: #include <pthread.h>
26: #include <sched.h>
27: 
28: /*top*/
29: int s = (char *)&((struct tcp_info*)0)->tcpi_retransmits - (char *)0;
30: int main(int argc, char **argv)
31: {
32:   return !!argv[argc];
33: }
/* end */

--------------------

have_struct_member: checking for struct tcp_info.tcpi_probes in sys/types.h,netdb.h,string.h,sys/socket.h,netinet/in.h,sys/uio.h,netinet/in_systm.h,netinet/tcp.h,netinet/tcp_fsm.h,netinet/udp.h,arpa/inet.h,net/ethernet.h,sys/un.h,ifaddrs.h,sys/ioctl.h,sys/sockio.h,net/if.h,sys/param.h,sys/ucred.h,net/if_dl.h,arpa/nameser.h,resolv.h,pthread.h,sched.h... -------------------- no

LD_LIBRARY_PATH=.:../..:/snap/ruby/438/lib: ASAN_OPTIONS=detect_leaks=0 "/morello-hybrid/src/output/sdk/bin/clang -I../../.ext/include/aarch64-freebsd -I../../../include -I../../../ext/socket -I../.. -I../../.. -I/morello-hybrid/src/output/rootfs-aarch64/usr/include    -target aarch64-unknown-freebsd -march=armv8 --sysroot=/morello-hybrid/src/output/rootfs-aarch64 -I/morello-hybrid/src/output/rootfs-aarch64/usr/include -mbranch-protection=pac-ret -fstack-protector-strong -U_FORTIFY_SOURCE -D_FORTIFY_SOURCE=2 -fdeclspec  -O0 -fno-omit-frame-pointer -fno-fast-math -ggdb3 -Wall -Wextra -Wextra-tokens -Wdeprecated-declarations -Wdivision-by-zero -Wdiv-by-zero -Wimplicit-function-declaration -Wimplicit-int -Wpointer-arith -Wshorten-64-to-32 -Wwrite-strings -Wold-style-definition -Wmissing-noreturn -Wno-cast-function-type -Wno-constant-logical-operand -Wno-long-long -Wno-missing-field-initializers -Wno-overlength-strings -Wno-parentheses-equality -Wno-self-assign -Wno-tautological-compare -Wno-unused-parameter -Wno-unused-value -Wunused-variable -Wmisleading-indentation -Wundef   -c conftest.c"
conftest.c:29:41: error: no member named 'tcpi_probes' in 'struct tcp_info'; did you mean '__tcpi_probes'?
   29 | int s = (char *)&((struct tcp_info*)0)->tcpi_probes - (char *)0;
      |                                         ^~~~~~~~~~~
      |                                         __tcpi_probes
/morello-hybrid/src/output/rootfs-aarch64/usr/include/netinet/tcp.h:392:11: note: '__tcpi_probes' declared here
  392 |         u_int8_t        __tcpi_probes;
      |                         ^
conftest.c:29:53: warning: performing pointer subtraction with a null pointer has undefined behavior [-Wnull-pointer-subtraction]
   29 | int s = (char *)&((struct tcp_info*)0)->tcpi_probes - (char *)0;
      |                                                     ^ ~~~~~~~~~
1 warning and 1 error generated.
checked program was:
/* begin */
 1: #include "ruby.h"
 2: 
 3: #include <sys/types.h>
 4: #include <netdb.h>
 5: #include <string.h>
 6: #include <sys/socket.h>
 7: #include <netinet/in.h>
 8: #include <sys/uio.h>
 9: #include <netinet/in_systm.h>
10: #include <netinet/tcp.h>
11: #include <netinet/tcp_fsm.h>
12: #include <netinet/udp.h>
13: #include <arpa/inet.h>
14: #include <net/ethernet.h>
15: #include <sys/un.h>
16: #include <ifaddrs.h>
17: #include <sys/ioctl.h>
18: #include <sys/sockio.h>
19: #include <net/if.h>
20: #include <sys/param.h>
21: #include <sys/ucred.h>
22: #include <net/if_dl.h>
23: #include <arpa/nameser.h>
24: #include <resolv.h>
25: #include <pthread.h>
26: #include <sched.h>
27: 
28: /*top*/
29: int s = (char *)&((struct tcp_info*)0)->tcpi_probes - (char *)0;
30: int main(int argc, char **argv)
31: {
32:   return !!argv[argc];
33: }
/* end */

--------------------

have_struct_member: checking for struct tcp_info.tcpi_backoff in sys/types.h,netdb.h,string.h,sys/socket.h,netinet/in.h,sys/uio.h,netinet/in_systm.h,netinet/tcp.h,netinet/tcp_fsm.h,netinet/udp.h,arpa/inet.h,net/ethernet.h,sys/un.h,ifaddrs.h,sys/ioctl.h,sys/sockio.h,net/if.h,sys/param.h,sys/ucred.h,net/if_dl.h,arpa/nameser.h,resolv.h,pthread.h,sched.h... -------------------- no

LD_LIBRARY_PATH=.:../..:/snap/ruby/438/lib: ASAN_OPTIONS=detect_leaks=0 "/morello-hybrid/src/output/sdk/bin/clang -I../../.ext/include/aarch64-freebsd -I../../../include -I../../../ext/socket -I../.. -I../../.. -I/morello-hybrid/src/output/rootfs-aarch64/usr/include    -target aarch64-unknown-freebsd -march=armv8 --sysroot=/morello-hybrid/src/output/rootfs-aarch64 -I/morello-hybrid/src/output/rootfs-aarch64/usr/include -mbranch-protection=pac-ret -fstack-protector-strong -U_FORTIFY_SOURCE -D_FORTIFY_SOURCE=2 -fdeclspec  -O0 -fno-omit-frame-pointer -fno-fast-math -ggdb3 -Wall -Wextra -Wextra-tokens -Wdeprecated-declarations -Wdivision-by-zero -Wdiv-by-zero -Wimplicit-function-declaration -Wimplicit-int -Wpointer-arith -Wshorten-64-to-32 -Wwrite-strings -Wold-style-definition -Wmissing-noreturn -Wno-cast-function-type -Wno-constant-logical-operand -Wno-long-long -Wno-missing-field-initializers -Wno-overlength-strings -Wno-parentheses-equality -Wno-self-assign -Wno-tautological-compare -Wno-unused-parameter -Wno-unused-value -Wunused-variable -Wmisleading-indentation -Wundef   -c conftest.c"
conftest.c:29:41: error: no member named 'tcpi_backoff' in 'struct tcp_info'; did you mean '__tcpi_backoff'?
   29 | int s = (char *)&((struct tcp_info*)0)->tcpi_backoff - (char *)0;
      |                                         ^~~~~~~~~~~~
      |                                         __tcpi_backoff
/morello-hybrid/src/output/rootfs-aarch64/usr/include/netinet/tcp.h:393:11: note: '__tcpi_backoff' declared here
  393 |         u_int8_t        __tcpi_backoff;
      |                         ^
conftest.c:29:54: warning: performing pointer subtraction with a null pointer has undefined behavior [-Wnull-pointer-subtraction]
   29 | int s = (char *)&((struct tcp_info*)0)->tcpi_backoff - (char *)0;
      |                                                      ^ ~~~~~~~~~
1 warning and 1 error generated.
checked program was:
/* begin */
 1: #include "ruby.h"
 2: 
 3: #include <sys/types.h>
 4: #include <netdb.h>
 5: #include <string.h>
 6: #include <sys/socket.h>
 7: #include <netinet/in.h>
 8: #include <sys/uio.h>
 9: #include <netinet/in_systm.h>
10: #include <netinet/tcp.h>
11: #include <netinet/tcp_fsm.h>
12: #include <netinet/udp.h>
13: #include <arpa/inet.h>
14: #include <net/ethernet.h>
15: #include <sys/un.h>
16: #include <ifaddrs.h>
17: #include <sys/ioctl.h>
18: #include <sys/sockio.h>
19: #include <net/if.h>
20: #include <sys/param.h>
21: #include <sys/ucred.h>
22: #include <net/if_dl.h>
23: #include <arpa/nameser.h>
24: #include <resolv.h>
25: #include <pthread.h>
26: #include <sched.h>
27: 
28: /*top*/
29: int s = (char *)&((struct tcp_info*)0)->tcpi_backoff - (char *)0;
30: int main(int argc, char **argv)
31: {
32:   return !!argv[argc];
33: }
/* end */

--------------------

have_struct_member: checking for struct tcp_info.tcpi_options in sys/types.h,netdb.h,string.h,sys/socket.h,netinet/in.h,sys/uio.h,netinet/in_systm.h,netinet/tcp.h,netinet/tcp_fsm.h,netinet/udp.h,arpa/inet.h,net/ethernet.h,sys/un.h,ifaddrs.h,sys/ioctl.h,sys/sockio.h,net/if.h,sys/param.h,sys/ucred.h,net/if_dl.h,arpa/nameser.h,resolv.h,pthread.h,sched.h... -------------------- yes

LD_LIBRARY_PATH=.:../..:/snap/ruby/438/lib: ASAN_OPTIONS=detect_leaks=0 "/morello-hybrid/src/output/sdk/bin/clang -I../../.ext/include/aarch64-freebsd -I../../../include -I../../../ext/socket -I../.. -I../../.. -I/morello-hybrid/src/output/rootfs-aarch64/usr/include    -target aarch64-unknown-freebsd -march=armv8 --sysroot=/morello-hybrid/src/output/rootfs-aarch64 -I/morello-hybrid/src/output/rootfs-aarch64/usr/include -mbranch-protection=pac-ret -fstack-protector-strong -U_FORTIFY_SOURCE -D_FORTIFY_SOURCE=2 -fdeclspec  -O0 -fno-omit-frame-pointer -fno-fast-math -ggdb3 -Wall -Wextra -Wextra-tokens -Wdeprecated-declarations -Wdivision-by-zero -Wdiv-by-zero -Wimplicit-function-declaration -Wimplicit-int -Wpointer-arith -Wshorten-64-to-32 -Wwrite-strings -Wold-style-definition -Wmissing-noreturn -Wno-cast-function-type -Wno-constant-logical-operand -Wno-long-long -Wno-missing-field-initializers -Wno-overlength-strings -Wno-parentheses-equality -Wno-self-assign -Wno-tautological-compare -Wno-unused-parameter -Wno-unused-value -Wunused-variable -Wmisleading-indentation -Wundef   -c conftest.c"
conftest.c:29:54: warning: performing pointer subtraction with a null pointer has undefined behavior [-Wnull-pointer-subtraction]
   29 | int s = (char *)&((struct tcp_info*)0)->tcpi_options - (char *)0;
      |                                                      ^ ~~~~~~~~~
1 warning generated.
checked program was:
/* begin */
 1: #include "ruby.h"
 2: 
 3: #include <sys/types.h>
 4: #include <netdb.h>
 5: #include <string.h>
 6: #include <sys/socket.h>
 7: #include <netinet/in.h>
 8: #include <sys/uio.h>
 9: #include <netinet/in_systm.h>
10: #include <netinet/tcp.h>
11: #include <netinet/tcp_fsm.h>
12: #include <netinet/udp.h>
13: #include <arpa/inet.h>
14: #include <net/ethernet.h>
15: #include <sys/un.h>
16: #include <ifaddrs.h>
17: #include <sys/ioctl.h>
18: #include <sys/sockio.h>
19: #include <net/if.h>
20: #include <sys/param.h>
21: #include <sys/ucred.h>
22: #include <net/if_dl.h>
23: #include <arpa/nameser.h>
24: #include <resolv.h>
25: #include <pthread.h>
26: #include <sched.h>
27: 
28: /*top*/
29: int s = (char *)&((struct tcp_info*)0)->tcpi_options - (char *)0;
30: int main(int argc, char **argv)
31: {
32:   return !!argv[argc];
33: }
/* end */

--------------------

have_struct_member: checking for struct tcp_info.tcpi_snd_wscale in sys/types.h,netdb.h,string.h,sys/socket.h,netinet/in.h,sys/uio.h,netinet/in_systm.h,netinet/tcp.h,netinet/tcp_fsm.h,netinet/udp.h,arpa/inet.h,net/ethernet.h,sys/un.h,ifaddrs.h,sys/ioctl.h,sys/sockio.h,net/if.h,sys/param.h,sys/ucred.h,net/if_dl.h,arpa/nameser.h,resolv.h,pthread.h,sched.h... -------------------- no

LD_LIBRARY_PATH=.:../..:/snap/ruby/438/lib: ASAN_OPTIONS=detect_leaks=0 "/morello-hybrid/src/output/sdk/bin/clang -I../../.ext/include/aarch64-freebsd -I../../../include -I../../../ext/socket -I../.. -I../../.. -I/morello-hybrid/src/output/rootfs-aarch64/usr/include    -target aarch64-unknown-freebsd -march=armv8 --sysroot=/morello-hybrid/src/output/rootfs-aarch64 -I/morello-hybrid/src/output/rootfs-aarch64/usr/include -mbranch-protection=pac-ret -fstack-protector-strong -U_FORTIFY_SOURCE -D_FORTIFY_SOURCE=2 -fdeclspec  -O0 -fno-omit-frame-pointer -fno-fast-math -ggdb3 -Wall -Wextra -Wextra-tokens -Wdeprecated-declarations -Wdivision-by-zero -Wdiv-by-zero -Wimplicit-function-declaration -Wimplicit-int -Wpointer-arith -Wshorten-64-to-32 -Wwrite-strings -Wold-style-definition -Wmissing-noreturn -Wno-cast-function-type -Wno-constant-logical-operand -Wno-long-long -Wno-missing-field-initializers -Wno-overlength-strings -Wno-parentheses-equality -Wno-self-assign -Wno-tautological-compare -Wno-unused-parameter -Wno-unused-value -Wunused-variable -Wmisleading-indentation -Wundef   -c conftest.c"
conftest.c:29:17: error: address of bit-field requested
   29 | int s = (char *)&((struct tcp_info*)0)->tcpi_snd_wscale - (char *)0;
      |                 ^~~~~~~~~~~~~~~~~~~~~~~~~~~~~~~~~~~~~~~
conftest.c:29:57: warning: performing pointer subtraction with a null pointer has undefined behavior [-Wnull-pointer-subtraction]
   29 | int s = (char *)&((struct tcp_info*)0)->tcpi_snd_wscale - (char *)0;
      |                                                         ^ ~~~~~~~~~
1 warning and 1 error generated.
checked program was:
/* begin */
 1: #include "ruby.h"
 2: 
 3: #include <sys/types.h>
 4: #include <netdb.h>
 5: #include <string.h>
 6: #include <sys/socket.h>
 7: #include <netinet/in.h>
 8: #include <sys/uio.h>
 9: #include <netinet/in_systm.h>
10: #include <netinet/tcp.h>
11: #include <netinet/tcp_fsm.h>
12: #include <netinet/udp.h>
13: #include <arpa/inet.h>
14: #include <net/ethernet.h>
15: #include <sys/un.h>
16: #include <ifaddrs.h>
17: #include <sys/ioctl.h>
18: #include <sys/sockio.h>
19: #include <net/if.h>
20: #include <sys/param.h>
21: #include <sys/ucred.h>
22: #include <net/if_dl.h>
23: #include <arpa/nameser.h>
24: #include <resolv.h>
25: #include <pthread.h>
26: #include <sched.h>
27: 
28: /*top*/
29: int s = (char *)&((struct tcp_info*)0)->tcpi_snd_wscale - (char *)0;
30: int main(int argc, char **argv)
31: {
32:   return !!argv[argc];
33: }
/* end */

--------------------

have_struct_member: checking for struct tcp_info.tcpi_rcv_wscale in sys/types.h,netdb.h,string.h,sys/socket.h,netinet/in.h,sys/uio.h,netinet/in_systm.h,netinet/tcp.h,netinet/tcp_fsm.h,netinet/udp.h,arpa/inet.h,net/ethernet.h,sys/un.h,ifaddrs.h,sys/ioctl.h,sys/sockio.h,net/if.h,sys/param.h,sys/ucred.h,net/if_dl.h,arpa/nameser.h,resolv.h,pthread.h,sched.h... -------------------- no

LD_LIBRARY_PATH=.:../..:/snap/ruby/438/lib: ASAN_OPTIONS=detect_leaks=0 "/morello-hybrid/src/output/sdk/bin/clang -I../../.ext/include/aarch64-freebsd -I../../../include -I../../../ext/socket -I../.. -I../../.. -I/morello-hybrid/src/output/rootfs-aarch64/usr/include    -target aarch64-unknown-freebsd -march=armv8 --sysroot=/morello-hybrid/src/output/rootfs-aarch64 -I/morello-hybrid/src/output/rootfs-aarch64/usr/include -mbranch-protection=pac-ret -fstack-protector-strong -U_FORTIFY_SOURCE -D_FORTIFY_SOURCE=2 -fdeclspec  -O0 -fno-omit-frame-pointer -fno-fast-math -ggdb3 -Wall -Wextra -Wextra-tokens -Wdeprecated-declarations -Wdivision-by-zero -Wdiv-by-zero -Wimplicit-function-declaration -Wimplicit-int -Wpointer-arith -Wshorten-64-to-32 -Wwrite-strings -Wold-style-definition -Wmissing-noreturn -Wno-cast-function-type -Wno-constant-logical-operand -Wno-long-long -Wno-missing-field-initializers -Wno-overlength-strings -Wno-parentheses-equality -Wno-self-assign -Wno-tautological-compare -Wno-unused-parameter -Wno-unused-value -Wunused-variable -Wmisleading-indentation -Wundef   -c conftest.c"
conftest.c:29:17: error: address of bit-field requested
   29 | int s = (char *)&((struct tcp_info*)0)->tcpi_rcv_wscale - (char *)0;
      |                 ^~~~~~~~~~~~~~~~~~~~~~~~~~~~~~~~~~~~~~~
conftest.c:29:57: warning: performing pointer subtraction with a null pointer has undefined behavior [-Wnull-pointer-subtraction]
   29 | int s = (char *)&((struct tcp_info*)0)->tcpi_rcv_wscale - (char *)0;
      |                                                         ^ ~~~~~~~~~
1 warning and 1 error generated.
checked program was:
/* begin */
 1: #include "ruby.h"
 2: 
 3: #include <sys/types.h>
 4: #include <netdb.h>
 5: #include <string.h>
 6: #include <sys/socket.h>
 7: #include <netinet/in.h>
 8: #include <sys/uio.h>
 9: #include <netinet/in_systm.h>
10: #include <netinet/tcp.h>
11: #include <netinet/tcp_fsm.h>
12: #include <netinet/udp.h>
13: #include <arpa/inet.h>
14: #include <net/ethernet.h>
15: #include <sys/un.h>
16: #include <ifaddrs.h>
17: #include <sys/ioctl.h>
18: #include <sys/sockio.h>
19: #include <net/if.h>
20: #include <sys/param.h>
21: #include <sys/ucred.h>
22: #include <net/if_dl.h>
23: #include <arpa/nameser.h>
24: #include <resolv.h>
25: #include <pthread.h>
26: #include <sched.h>
27: 
28: /*top*/
29: int s = (char *)&((struct tcp_info*)0)->tcpi_rcv_wscale - (char *)0;
30: int main(int argc, char **argv)
31: {
32:   return !!argv[argc];
33: }
/* end */

--------------------

have_struct_member: checking for struct tcp_info.tcpi_rto in sys/types.h,netdb.h,string.h,sys/socket.h,netinet/in.h,sys/uio.h,netinet/in_systm.h,netinet/tcp.h,netinet/tcp_fsm.h,netinet/udp.h,arpa/inet.h,net/ethernet.h,sys/un.h,ifaddrs.h,sys/ioctl.h,sys/sockio.h,net/if.h,sys/param.h,sys/ucred.h,net/if_dl.h,arpa/nameser.h,resolv.h,pthread.h,sched.h... -------------------- yes

LD_LIBRARY_PATH=.:../..:/snap/ruby/438/lib: ASAN_OPTIONS=detect_leaks=0 "/morello-hybrid/src/output/sdk/bin/clang -I../../.ext/include/aarch64-freebsd -I../../../include -I../../../ext/socket -I../.. -I../../.. -I/morello-hybrid/src/output/rootfs-aarch64/usr/include    -target aarch64-unknown-freebsd -march=armv8 --sysroot=/morello-hybrid/src/output/rootfs-aarch64 -I/morello-hybrid/src/output/rootfs-aarch64/usr/include -mbranch-protection=pac-ret -fstack-protector-strong -U_FORTIFY_SOURCE -D_FORTIFY_SOURCE=2 -fdeclspec  -O0 -fno-omit-frame-pointer -fno-fast-math -ggdb3 -Wall -Wextra -Wextra-tokens -Wdeprecated-declarations -Wdivision-by-zero -Wdiv-by-zero -Wimplicit-function-declaration -Wimplicit-int -Wpointer-arith -Wshorten-64-to-32 -Wwrite-strings -Wold-style-definition -Wmissing-noreturn -Wno-cast-function-type -Wno-constant-logical-operand -Wno-long-long -Wno-missing-field-initializers -Wno-overlength-strings -Wno-parentheses-equality -Wno-self-assign -Wno-tautological-compare -Wno-unused-parameter -Wno-unused-value -Wunused-variable -Wmisleading-indentation -Wundef   -c conftest.c"
conftest.c:29:50: warning: performing pointer subtraction with a null pointer has undefined behavior [-Wnull-pointer-subtraction]
   29 | int s = (char *)&((struct tcp_info*)0)->tcpi_rto - (char *)0;
      |                                                  ^ ~~~~~~~~~
1 warning generated.
checked program was:
/* begin */
 1: #include "ruby.h"
 2: 
 3: #include <sys/types.h>
 4: #include <netdb.h>
 5: #include <string.h>
 6: #include <sys/socket.h>
 7: #include <netinet/in.h>
 8: #include <sys/uio.h>
 9: #include <netinet/in_systm.h>
10: #include <netinet/tcp.h>
11: #include <netinet/tcp_fsm.h>
12: #include <netinet/udp.h>
13: #include <arpa/inet.h>
14: #include <net/ethernet.h>
15: #include <sys/un.h>
16: #include <ifaddrs.h>
17: #include <sys/ioctl.h>
18: #include <sys/sockio.h>
19: #include <net/if.h>
20: #include <sys/param.h>
21: #include <sys/ucred.h>
22: #include <net/if_dl.h>
23: #include <arpa/nameser.h>
24: #include <resolv.h>
25: #include <pthread.h>
26: #include <sched.h>
27: 
28: /*top*/
29: int s = (char *)&((struct tcp_info*)0)->tcpi_rto - (char *)0;
30: int main(int argc, char **argv)
31: {
32:   return !!argv[argc];
33: }
/* end */

--------------------

have_struct_member: checking for struct tcp_info.tcpi_ato in sys/types.h,netdb.h,string.h,sys/socket.h,netinet/in.h,sys/uio.h,netinet/in_systm.h,netinet/tcp.h,netinet/tcp_fsm.h,netinet/udp.h,arpa/inet.h,net/ethernet.h,sys/un.h,ifaddrs.h,sys/ioctl.h,sys/sockio.h,net/if.h,sys/param.h,sys/ucred.h,net/if_dl.h,arpa/nameser.h,resolv.h,pthread.h,sched.h... -------------------- no

LD_LIBRARY_PATH=.:../..:/snap/ruby/438/lib: ASAN_OPTIONS=detect_leaks=0 "/morello-hybrid/src/output/sdk/bin/clang -I../../.ext/include/aarch64-freebsd -I../../../include -I../../../ext/socket -I../.. -I../../.. -I/morello-hybrid/src/output/rootfs-aarch64/usr/include    -target aarch64-unknown-freebsd -march=armv8 --sysroot=/morello-hybrid/src/output/rootfs-aarch64 -I/morello-hybrid/src/output/rootfs-aarch64/usr/include -mbranch-protection=pac-ret -fstack-protector-strong -U_FORTIFY_SOURCE -D_FORTIFY_SOURCE=2 -fdeclspec  -O0 -fno-omit-frame-pointer -fno-fast-math -ggdb3 -Wall -Wextra -Wextra-tokens -Wdeprecated-declarations -Wdivision-by-zero -Wdiv-by-zero -Wimplicit-function-declaration -Wimplicit-int -Wpointer-arith -Wshorten-64-to-32 -Wwrite-strings -Wold-style-definition -Wmissing-noreturn -Wno-cast-function-type -Wno-constant-logical-operand -Wno-long-long -Wno-missing-field-initializers -Wno-overlength-strings -Wno-parentheses-equality -Wno-self-assign -Wno-tautological-compare -Wno-unused-parameter -Wno-unused-value -Wunused-variable -Wmisleading-indentation -Wundef   -c conftest.c"
conftest.c:29:41: error: no member named 'tcpi_ato' in 'struct tcp_info'; did you mean 'tcpi_rto'?
   29 | int s = (char *)&((struct tcp_info*)0)->tcpi_ato - (char *)0;
      |                                         ^~~~~~~~
      |                                         tcpi_rto
/morello-hybrid/src/output/rootfs-aarch64/usr/include/netinet/tcp.h:398:12: note: 'tcpi_rto' declared here
  398 |         u_int32_t       tcpi_rto;               /* Retransmission timeout (usec). */
      |                         ^
conftest.c:29:50: warning: performing pointer subtraction with a null pointer has undefined behavior [-Wnull-pointer-subtraction]
   29 | int s = (char *)&((struct tcp_info*)0)->tcpi_ato - (char *)0;
      |                                                  ^ ~~~~~~~~~
1 warning and 1 error generated.
checked program was:
/* begin */
 1: #include "ruby.h"
 2: 
 3: #include <sys/types.h>
 4: #include <netdb.h>
 5: #include <string.h>
 6: #include <sys/socket.h>
 7: #include <netinet/in.h>
 8: #include <sys/uio.h>
 9: #include <netinet/in_systm.h>
10: #include <netinet/tcp.h>
11: #include <netinet/tcp_fsm.h>
12: #include <netinet/udp.h>
13: #include <arpa/inet.h>
14: #include <net/ethernet.h>
15: #include <sys/un.h>
16: #include <ifaddrs.h>
17: #include <sys/ioctl.h>
18: #include <sys/sockio.h>
19: #include <net/if.h>
20: #include <sys/param.h>
21: #include <sys/ucred.h>
22: #include <net/if_dl.h>
23: #include <arpa/nameser.h>
24: #include <resolv.h>
25: #include <pthread.h>
26: #include <sched.h>
27: 
28: /*top*/
29: int s = (char *)&((struct tcp_info*)0)->tcpi_ato - (char *)0;
30: int main(int argc, char **argv)
31: {
32:   return !!argv[argc];
33: }
/* end */

--------------------

have_struct_member: checking for struct tcp_info.tcpi_snd_mss in sys/types.h,netdb.h,string.h,sys/socket.h,netinet/in.h,sys/uio.h,netinet/in_systm.h,netinet/tcp.h,netinet/tcp_fsm.h,netinet/udp.h,arpa/inet.h,net/ethernet.h,sys/un.h,ifaddrs.h,sys/ioctl.h,sys/sockio.h,net/if.h,sys/param.h,sys/ucred.h,net/if_dl.h,arpa/nameser.h,resolv.h,pthread.h,sched.h... -------------------- yes

LD_LIBRARY_PATH=.:../..:/snap/ruby/438/lib: ASAN_OPTIONS=detect_leaks=0 "/morello-hybrid/src/output/sdk/bin/clang -I../../.ext/include/aarch64-freebsd -I../../../include -I../../../ext/socket -I../.. -I../../.. -I/morello-hybrid/src/output/rootfs-aarch64/usr/include    -target aarch64-unknown-freebsd -march=armv8 --sysroot=/morello-hybrid/src/output/rootfs-aarch64 -I/morello-hybrid/src/output/rootfs-aarch64/usr/include -mbranch-protection=pac-ret -fstack-protector-strong -U_FORTIFY_SOURCE -D_FORTIFY_SOURCE=2 -fdeclspec  -O0 -fno-omit-frame-pointer -fno-fast-math -ggdb3 -Wall -Wextra -Wextra-tokens -Wdeprecated-declarations -Wdivision-by-zero -Wdiv-by-zero -Wimplicit-function-declaration -Wimplicit-int -Wpointer-arith -Wshorten-64-to-32 -Wwrite-strings -Wold-style-definition -Wmissing-noreturn -Wno-cast-function-type -Wno-constant-logical-operand -Wno-long-long -Wno-missing-field-initializers -Wno-overlength-strings -Wno-parentheses-equality -Wno-self-assign -Wno-tautological-compare -Wno-unused-parameter -Wno-unused-value -Wunused-variable -Wmisleading-indentation -Wundef   -c conftest.c"
conftest.c:29:54: warning: performing pointer subtraction with a null pointer has undefined behavior [-Wnull-pointer-subtraction]
   29 | int s = (char *)&((struct tcp_info*)0)->tcpi_snd_mss - (char *)0;
      |                                                      ^ ~~~~~~~~~
1 warning generated.
checked program was:
/* begin */
 1: #include "ruby.h"
 2: 
 3: #include <sys/types.h>
 4: #include <netdb.h>
 5: #include <string.h>
 6: #include <sys/socket.h>
 7: #include <netinet/in.h>
 8: #include <sys/uio.h>
 9: #include <netinet/in_systm.h>
10: #include <netinet/tcp.h>
11: #include <netinet/tcp_fsm.h>
12: #include <netinet/udp.h>
13: #include <arpa/inet.h>
14: #include <net/ethernet.h>
15: #include <sys/un.h>
16: #include <ifaddrs.h>
17: #include <sys/ioctl.h>
18: #include <sys/sockio.h>
19: #include <net/if.h>
20: #include <sys/param.h>
21: #include <sys/ucred.h>
22: #include <net/if_dl.h>
23: #include <arpa/nameser.h>
24: #include <resolv.h>
25: #include <pthread.h>
26: #include <sched.h>
27: 
28: /*top*/
29: int s = (char *)&((struct tcp_info*)0)->tcpi_snd_mss - (char *)0;
30: int main(int argc, char **argv)
31: {
32:   return !!argv[argc];
33: }
/* end */

--------------------

have_struct_member: checking for struct tcp_info.tcpi_rcv_mss in sys/types.h,netdb.h,string.h,sys/socket.h,netinet/in.h,sys/uio.h,netinet/in_systm.h,netinet/tcp.h,netinet/tcp_fsm.h,netinet/udp.h,arpa/inet.h,net/ethernet.h,sys/un.h,ifaddrs.h,sys/ioctl.h,sys/sockio.h,net/if.h,sys/param.h,sys/ucred.h,net/if_dl.h,arpa/nameser.h,resolv.h,pthread.h,sched.h... -------------------- yes

LD_LIBRARY_PATH=.:../..:/snap/ruby/438/lib: ASAN_OPTIONS=detect_leaks=0 "/morello-hybrid/src/output/sdk/bin/clang -I../../.ext/include/aarch64-freebsd -I../../../include -I../../../ext/socket -I../.. -I../../.. -I/morello-hybrid/src/output/rootfs-aarch64/usr/include    -target aarch64-unknown-freebsd -march=armv8 --sysroot=/morello-hybrid/src/output/rootfs-aarch64 -I/morello-hybrid/src/output/rootfs-aarch64/usr/include -mbranch-protection=pac-ret -fstack-protector-strong -U_FORTIFY_SOURCE -D_FORTIFY_SOURCE=2 -fdeclspec  -O0 -fno-omit-frame-pointer -fno-fast-math -ggdb3 -Wall -Wextra -Wextra-tokens -Wdeprecated-declarations -Wdivision-by-zero -Wdiv-by-zero -Wimplicit-function-declaration -Wimplicit-int -Wpointer-arith -Wshorten-64-to-32 -Wwrite-strings -Wold-style-definition -Wmissing-noreturn -Wno-cast-function-type -Wno-constant-logical-operand -Wno-long-long -Wno-missing-field-initializers -Wno-overlength-strings -Wno-parentheses-equality -Wno-self-assign -Wno-tautological-compare -Wno-unused-parameter -Wno-unused-value -Wunused-variable -Wmisleading-indentation -Wundef   -c conftest.c"
conftest.c:29:54: warning: performing pointer subtraction with a null pointer has undefined behavior [-Wnull-pointer-subtraction]
   29 | int s = (char *)&((struct tcp_info*)0)->tcpi_rcv_mss - (char *)0;
      |                                                      ^ ~~~~~~~~~
1 warning generated.
checked program was:
/* begin */
 1: #include "ruby.h"
 2: 
 3: #include <sys/types.h>
 4: #include <netdb.h>
 5: #include <string.h>
 6: #include <sys/socket.h>
 7: #include <netinet/in.h>
 8: #include <sys/uio.h>
 9: #include <netinet/in_systm.h>
10: #include <netinet/tcp.h>
11: #include <netinet/tcp_fsm.h>
12: #include <netinet/udp.h>
13: #include <arpa/inet.h>
14: #include <net/ethernet.h>
15: #include <sys/un.h>
16: #include <ifaddrs.h>
17: #include <sys/ioctl.h>
18: #include <sys/sockio.h>
19: #include <net/if.h>
20: #include <sys/param.h>
21: #include <sys/ucred.h>
22: #include <net/if_dl.h>
23: #include <arpa/nameser.h>
24: #include <resolv.h>
25: #include <pthread.h>
26: #include <sched.h>
27: 
28: /*top*/
29: int s = (char *)&((struct tcp_info*)0)->tcpi_rcv_mss - (char *)0;
30: int main(int argc, char **argv)
31: {
32:   return !!argv[argc];
33: }
/* end */

--------------------

have_struct_member: checking for struct tcp_info.tcpi_unacked in sys/types.h,netdb.h,string.h,sys/socket.h,netinet/in.h,sys/uio.h,netinet/in_systm.h,netinet/tcp.h,netinet/tcp_fsm.h,netinet/udp.h,arpa/inet.h,net/ethernet.h,sys/un.h,ifaddrs.h,sys/ioctl.h,sys/sockio.h,net/if.h,sys/param.h,sys/ucred.h,net/if_dl.h,arpa/nameser.h,resolv.h,pthread.h,sched.h... -------------------- no

LD_LIBRARY_PATH=.:../..:/snap/ruby/438/lib: ASAN_OPTIONS=detect_leaks=0 "/morello-hybrid/src/output/sdk/bin/clang -I../../.ext/include/aarch64-freebsd -I../../../include -I../../../ext/socket -I../.. -I../../.. -I/morello-hybrid/src/output/rootfs-aarch64/usr/include    -target aarch64-unknown-freebsd -march=armv8 --sysroot=/morello-hybrid/src/output/rootfs-aarch64 -I/morello-hybrid/src/output/rootfs-aarch64/usr/include -mbranch-protection=pac-ret -fstack-protector-strong -U_FORTIFY_SOURCE -D_FORTIFY_SOURCE=2 -fdeclspec  -O0 -fno-omit-frame-pointer -fno-fast-math -ggdb3 -Wall -Wextra -Wextra-tokens -Wdeprecated-declarations -Wdivision-by-zero -Wdiv-by-zero -Wimplicit-function-declaration -Wimplicit-int -Wpointer-arith -Wshorten-64-to-32 -Wwrite-strings -Wold-style-definition -Wmissing-noreturn -Wno-cast-function-type -Wno-constant-logical-operand -Wno-long-long -Wno-missing-field-initializers -Wno-overlength-strings -Wno-parentheses-equality -Wno-self-assign -Wno-tautological-compare -Wno-unused-parameter -Wno-unused-value -Wunused-variable -Wmisleading-indentation -Wundef   -c conftest.c"
conftest.c:29:41: error: no member named 'tcpi_unacked' in 'struct tcp_info'; did you mean '__tcpi_unacked'?
   29 | int s = (char *)&((struct tcp_info*)0)->tcpi_unacked - (char *)0;
      |                                         ^~~~~~~~~~~~
      |                                         __tcpi_unacked
/morello-hybrid/src/output/rootfs-aarch64/usr/include/netinet/tcp.h:403:12: note: '__tcpi_unacked' declared here
  403 |         u_int32_t       __tcpi_unacked;
      |                         ^
conftest.c:29:54: warning: performing pointer subtraction with a null pointer has undefined behavior [-Wnull-pointer-subtraction]
   29 | int s = (char *)&((struct tcp_info*)0)->tcpi_unacked - (char *)0;
      |                                                      ^ ~~~~~~~~~
1 warning and 1 error generated.
checked program was:
/* begin */
 1: #include "ruby.h"
 2: 
 3: #include <sys/types.h>
 4: #include <netdb.h>
 5: #include <string.h>
 6: #include <sys/socket.h>
 7: #include <netinet/in.h>
 8: #include <sys/uio.h>
 9: #include <netinet/in_systm.h>
10: #include <netinet/tcp.h>
11: #include <netinet/tcp_fsm.h>
12: #include <netinet/udp.h>
13: #include <arpa/inet.h>
14: #include <net/ethernet.h>
15: #include <sys/un.h>
16: #include <ifaddrs.h>
17: #include <sys/ioctl.h>
18: #include <sys/sockio.h>
19: #include <net/if.h>
20: #include <sys/param.h>
21: #include <sys/ucred.h>
22: #include <net/if_dl.h>
23: #include <arpa/nameser.h>
24: #include <resolv.h>
25: #include <pthread.h>
26: #include <sched.h>
27: 
28: /*top*/
29: int s = (char *)&((struct tcp_info*)0)->tcpi_unacked - (char *)0;
30: int main(int argc, char **argv)
31: {
32:   return !!argv[argc];
33: }
/* end */

--------------------

have_struct_member: checking for struct tcp_info.tcpi_sacked in sys/types.h,netdb.h,string.h,sys/socket.h,netinet/in.h,sys/uio.h,netinet/in_systm.h,netinet/tcp.h,netinet/tcp_fsm.h,netinet/udp.h,arpa/inet.h,net/ethernet.h,sys/un.h,ifaddrs.h,sys/ioctl.h,sys/sockio.h,net/if.h,sys/param.h,sys/ucred.h,net/if_dl.h,arpa/nameser.h,resolv.h,pthread.h,sched.h... -------------------- no

LD_LIBRARY_PATH=.:../..:/snap/ruby/438/lib: ASAN_OPTIONS=detect_leaks=0 "/morello-hybrid/src/output/sdk/bin/clang -I../../.ext/include/aarch64-freebsd -I../../../include -I../../../ext/socket -I../.. -I../../.. -I/morello-hybrid/src/output/rootfs-aarch64/usr/include    -target aarch64-unknown-freebsd -march=armv8 --sysroot=/morello-hybrid/src/output/rootfs-aarch64 -I/morello-hybrid/src/output/rootfs-aarch64/usr/include -mbranch-protection=pac-ret -fstack-protector-strong -U_FORTIFY_SOURCE -D_FORTIFY_SOURCE=2 -fdeclspec  -O0 -fno-omit-frame-pointer -fno-fast-math -ggdb3 -Wall -Wextra -Wextra-tokens -Wdeprecated-declarations -Wdivision-by-zero -Wdiv-by-zero -Wimplicit-function-declaration -Wimplicit-int -Wpointer-arith -Wshorten-64-to-32 -Wwrite-strings -Wold-style-definition -Wmissing-noreturn -Wno-cast-function-type -Wno-constant-logical-operand -Wno-long-long -Wno-missing-field-initializers -Wno-overlength-strings -Wno-parentheses-equality -Wno-self-assign -Wno-tautological-compare -Wno-unused-parameter -Wno-unused-value -Wunused-variable -Wmisleading-indentation -Wundef   -c conftest.c"
conftest.c:29:41: error: no member named 'tcpi_sacked' in 'struct tcp_info'; did you mean '__tcpi_sacked'?
   29 | int s = (char *)&((struct tcp_info*)0)->tcpi_sacked - (char *)0;
      |                                         ^~~~~~~~~~~
      |                                         __tcpi_sacked
/morello-hybrid/src/output/rootfs-aarch64/usr/include/netinet/tcp.h:404:12: note: '__tcpi_sacked' declared here
  404 |         u_int32_t       __tcpi_sacked;
      |                         ^
conftest.c:29:53: warning: performing pointer subtraction with a null pointer has undefined behavior [-Wnull-pointer-subtraction]
   29 | int s = (char *)&((struct tcp_info*)0)->tcpi_sacked - (char *)0;
      |                                                     ^ ~~~~~~~~~
1 warning and 1 error generated.
checked program was:
/* begin */
 1: #include "ruby.h"
 2: 
 3: #include <sys/types.h>
 4: #include <netdb.h>
 5: #include <string.h>
 6: #include <sys/socket.h>
 7: #include <netinet/in.h>
 8: #include <sys/uio.h>
 9: #include <netinet/in_systm.h>
10: #include <netinet/tcp.h>
11: #include <netinet/tcp_fsm.h>
12: #include <netinet/udp.h>
13: #include <arpa/inet.h>
14: #include <net/ethernet.h>
15: #include <sys/un.h>
16: #include <ifaddrs.h>
17: #include <sys/ioctl.h>
18: #include <sys/sockio.h>
19: #include <net/if.h>
20: #include <sys/param.h>
21: #include <sys/ucred.h>
22: #include <net/if_dl.h>
23: #include <arpa/nameser.h>
24: #include <resolv.h>
25: #include <pthread.h>
26: #include <sched.h>
27: 
28: /*top*/
29: int s = (char *)&((struct tcp_info*)0)->tcpi_sacked - (char *)0;
30: int main(int argc, char **argv)
31: {
32:   return !!argv[argc];
33: }
/* end */

--------------------

have_struct_member: checking for struct tcp_info.tcpi_lost in sys/types.h,netdb.h,string.h,sys/socket.h,netinet/in.h,sys/uio.h,netinet/in_systm.h,netinet/tcp.h,netinet/tcp_fsm.h,netinet/udp.h,arpa/inet.h,net/ethernet.h,sys/un.h,ifaddrs.h,sys/ioctl.h,sys/sockio.h,net/if.h,sys/param.h,sys/ucred.h,net/if_dl.h,arpa/nameser.h,resolv.h,pthread.h,sched.h... -------------------- no

LD_LIBRARY_PATH=.:../..:/snap/ruby/438/lib: ASAN_OPTIONS=detect_leaks=0 "/morello-hybrid/src/output/sdk/bin/clang -I../../.ext/include/aarch64-freebsd -I../../../include -I../../../ext/socket -I../.. -I../../.. -I/morello-hybrid/src/output/rootfs-aarch64/usr/include    -target aarch64-unknown-freebsd -march=armv8 --sysroot=/morello-hybrid/src/output/rootfs-aarch64 -I/morello-hybrid/src/output/rootfs-aarch64/usr/include -mbranch-protection=pac-ret -fstack-protector-strong -U_FORTIFY_SOURCE -D_FORTIFY_SOURCE=2 -fdeclspec  -O0 -fno-omit-frame-pointer -fno-fast-math -ggdb3 -Wall -Wextra -Wextra-tokens -Wdeprecated-declarations -Wdivision-by-zero -Wdiv-by-zero -Wimplicit-function-declaration -Wimplicit-int -Wpointer-arith -Wshorten-64-to-32 -Wwrite-strings -Wold-style-definition -Wmissing-noreturn -Wno-cast-function-type -Wno-constant-logical-operand -Wno-long-long -Wno-missing-field-initializers -Wno-overlength-strings -Wno-parentheses-equality -Wno-self-assign -Wno-tautological-compare -Wno-unused-parameter -Wno-unused-value -Wunused-variable -Wmisleading-indentation -Wundef   -c conftest.c"
conftest.c:29:41: error: no member named 'tcpi_lost' in 'struct tcp_info'; did you mean '__tcpi_lost'?
   29 | int s = (char *)&((struct tcp_info*)0)->tcpi_lost - (char *)0;
      |                                         ^~~~~~~~~
      |                                         __tcpi_lost
/morello-hybrid/src/output/rootfs-aarch64/usr/include/netinet/tcp.h:405:12: note: '__tcpi_lost' declared here
  405 |         u_int32_t       __tcpi_lost;
      |                         ^
conftest.c:29:51: warning: performing pointer subtraction with a null pointer has undefined behavior [-Wnull-pointer-subtraction]
   29 | int s = (char *)&((struct tcp_info*)0)->tcpi_lost - (char *)0;
      |                                                   ^ ~~~~~~~~~
1 warning and 1 error generated.
checked program was:
/* begin */
 1: #include "ruby.h"
 2: 
 3: #include <sys/types.h>
 4: #include <netdb.h>
 5: #include <string.h>
 6: #include <sys/socket.h>
 7: #include <netinet/in.h>
 8: #include <sys/uio.h>
 9: #include <netinet/in_systm.h>
10: #include <netinet/tcp.h>
11: #include <netinet/tcp_fsm.h>
12: #include <netinet/udp.h>
13: #include <arpa/inet.h>
14: #include <net/ethernet.h>
15: #include <sys/un.h>
16: #include <ifaddrs.h>
17: #include <sys/ioctl.h>
18: #include <sys/sockio.h>
19: #include <net/if.h>
20: #include <sys/param.h>
21: #include <sys/ucred.h>
22: #include <net/if_dl.h>
23: #include <arpa/nameser.h>
24: #include <resolv.h>
25: #include <pthread.h>
26: #include <sched.h>
27: 
28: /*top*/
29: int s = (char *)&((struct tcp_info*)0)->tcpi_lost - (char *)0;
30: int main(int argc, char **argv)
31: {
32:   return !!argv[argc];
33: }
/* end */

--------------------

have_struct_member: checking for struct tcp_info.tcpi_retrans in sys/types.h,netdb.h,string.h,sys/socket.h,netinet/in.h,sys/uio.h,netinet/in_systm.h,netinet/tcp.h,netinet/tcp_fsm.h,netinet/udp.h,arpa/inet.h,net/ethernet.h,sys/un.h,ifaddrs.h,sys/ioctl.h,sys/sockio.h,net/if.h,sys/param.h,sys/ucred.h,net/if_dl.h,arpa/nameser.h,resolv.h,pthread.h,sched.h... -------------------- no

LD_LIBRARY_PATH=.:../..:/snap/ruby/438/lib: ASAN_OPTIONS=detect_leaks=0 "/morello-hybrid/src/output/sdk/bin/clang -I../../.ext/include/aarch64-freebsd -I../../../include -I../../../ext/socket -I../.. -I../../.. -I/morello-hybrid/src/output/rootfs-aarch64/usr/include    -target aarch64-unknown-freebsd -march=armv8 --sysroot=/morello-hybrid/src/output/rootfs-aarch64 -I/morello-hybrid/src/output/rootfs-aarch64/usr/include -mbranch-protection=pac-ret -fstack-protector-strong -U_FORTIFY_SOURCE -D_FORTIFY_SOURCE=2 -fdeclspec  -O0 -fno-omit-frame-pointer -fno-fast-math -ggdb3 -Wall -Wextra -Wextra-tokens -Wdeprecated-declarations -Wdivision-by-zero -Wdiv-by-zero -Wimplicit-function-declaration -Wimplicit-int -Wpointer-arith -Wshorten-64-to-32 -Wwrite-strings -Wold-style-definition -Wmissing-noreturn -Wno-cast-function-type -Wno-constant-logical-operand -Wno-long-long -Wno-missing-field-initializers -Wno-overlength-strings -Wno-parentheses-equality -Wno-self-assign -Wno-tautological-compare -Wno-unused-parameter -Wno-unused-value -Wunused-variable -Wmisleading-indentation -Wundef   -c conftest.c"
conftest.c:29:41: error: no member named 'tcpi_retrans' in 'struct tcp_info'; did you mean '__tcpi_retrans'?
   29 | int s = (char *)&((struct tcp_info*)0)->tcpi_retrans - (char *)0;
      |                                         ^~~~~~~~~~~~
      |                                         __tcpi_retrans
/morello-hybrid/src/output/rootfs-aarch64/usr/include/netinet/tcp.h:406:12: note: '__tcpi_retrans' declared here
  406 |         u_int32_t       __tcpi_retrans;
      |                         ^
conftest.c:29:54: warning: performing pointer subtraction with a null pointer has undefined behavior [-Wnull-pointer-subtraction]
   29 | int s = (char *)&((struct tcp_info*)0)->tcpi_retrans - (char *)0;
      |                                                      ^ ~~~~~~~~~
1 warning and 1 error generated.
checked program was:
/* begin */
 1: #include "ruby.h"
 2: 
 3: #include <sys/types.h>
 4: #include <netdb.h>
 5: #include <string.h>
 6: #include <sys/socket.h>
 7: #include <netinet/in.h>
 8: #include <sys/uio.h>
 9: #include <netinet/in_systm.h>
10: #include <netinet/tcp.h>
11: #include <netinet/tcp_fsm.h>
12: #include <netinet/udp.h>
13: #include <arpa/inet.h>
14: #include <net/ethernet.h>
15: #include <sys/un.h>
16: #include <ifaddrs.h>
17: #include <sys/ioctl.h>
18: #include <sys/sockio.h>
19: #include <net/if.h>
20: #include <sys/param.h>
21: #include <sys/ucred.h>
22: #include <net/if_dl.h>
23: #include <arpa/nameser.h>
24: #include <resolv.h>
25: #include <pthread.h>
26: #include <sched.h>
27: 
28: /*top*/
29: int s = (char *)&((struct tcp_info*)0)->tcpi_retrans - (char *)0;
30: int main(int argc, char **argv)
31: {
32:   return !!argv[argc];
33: }
/* end */

--------------------

have_struct_member: checking for struct tcp_info.tcpi_fackets in sys/types.h,netdb.h,string.h,sys/socket.h,netinet/in.h,sys/uio.h,netinet/in_systm.h,netinet/tcp.h,netinet/tcp_fsm.h,netinet/udp.h,arpa/inet.h,net/ethernet.h,sys/un.h,ifaddrs.h,sys/ioctl.h,sys/sockio.h,net/if.h,sys/param.h,sys/ucred.h,net/if_dl.h,arpa/nameser.h,resolv.h,pthread.h,sched.h... -------------------- no

LD_LIBRARY_PATH=.:../..:/snap/ruby/438/lib: ASAN_OPTIONS=detect_leaks=0 "/morello-hybrid/src/output/sdk/bin/clang -I../../.ext/include/aarch64-freebsd -I../../../include -I../../../ext/socket -I../.. -I../../.. -I/morello-hybrid/src/output/rootfs-aarch64/usr/include    -target aarch64-unknown-freebsd -march=armv8 --sysroot=/morello-hybrid/src/output/rootfs-aarch64 -I/morello-hybrid/src/output/rootfs-aarch64/usr/include -mbranch-protection=pac-ret -fstack-protector-strong -U_FORTIFY_SOURCE -D_FORTIFY_SOURCE=2 -fdeclspec  -O0 -fno-omit-frame-pointer -fno-fast-math -ggdb3 -Wall -Wextra -Wextra-tokens -Wdeprecated-declarations -Wdivision-by-zero -Wdiv-by-zero -Wimplicit-function-declaration -Wimplicit-int -Wpointer-arith -Wshorten-64-to-32 -Wwrite-strings -Wold-style-definition -Wmissing-noreturn -Wno-cast-function-type -Wno-constant-logical-operand -Wno-long-long -Wno-missing-field-initializers -Wno-overlength-strings -Wno-parentheses-equality -Wno-self-assign -Wno-tautological-compare -Wno-unused-parameter -Wno-unused-value -Wunused-variable -Wmisleading-indentation -Wundef   -c conftest.c"
conftest.c:29:41: error: no member named 'tcpi_fackets' in 'struct tcp_info'; did you mean '__tcpi_fackets'?
   29 | int s = (char *)&((struct tcp_info*)0)->tcpi_fackets - (char *)0;
      |                                         ^~~~~~~~~~~~
      |                                         __tcpi_fackets
/morello-hybrid/src/output/rootfs-aarch64/usr/include/netinet/tcp.h:407:12: note: '__tcpi_fackets' declared here
  407 |         u_int32_t       __tcpi_fackets;
      |                         ^
conftest.c:29:54: warning: performing pointer subtraction with a null pointer has undefined behavior [-Wnull-pointer-subtraction]
   29 | int s = (char *)&((struct tcp_info*)0)->tcpi_fackets - (char *)0;
      |                                                      ^ ~~~~~~~~~
1 warning and 1 error generated.
checked program was:
/* begin */
 1: #include "ruby.h"
 2: 
 3: #include <sys/types.h>
 4: #include <netdb.h>
 5: #include <string.h>
 6: #include <sys/socket.h>
 7: #include <netinet/in.h>
 8: #include <sys/uio.h>
 9: #include <netinet/in_systm.h>
10: #include <netinet/tcp.h>
11: #include <netinet/tcp_fsm.h>
12: #include <netinet/udp.h>
13: #include <arpa/inet.h>
14: #include <net/ethernet.h>
15: #include <sys/un.h>
16: #include <ifaddrs.h>
17: #include <sys/ioctl.h>
18: #include <sys/sockio.h>
19: #include <net/if.h>
20: #include <sys/param.h>
21: #include <sys/ucred.h>
22: #include <net/if_dl.h>
23: #include <arpa/nameser.h>
24: #include <resolv.h>
25: #include <pthread.h>
26: #include <sched.h>
27: 
28: /*top*/
29: int s = (char *)&((struct tcp_info*)0)->tcpi_fackets - (char *)0;
30: int main(int argc, char **argv)
31: {
32:   return !!argv[argc];
33: }
/* end */

--------------------

have_struct_member: checking for struct tcp_info.tcpi_last_data_sent in sys/types.h,netdb.h,string.h,sys/socket.h,netinet/in.h,sys/uio.h,netinet/in_systm.h,netinet/tcp.h,netinet/tcp_fsm.h,netinet/udp.h,arpa/inet.h,net/ethernet.h,sys/un.h,ifaddrs.h,sys/ioctl.h,sys/sockio.h,net/if.h,sys/param.h,sys/ucred.h,net/if_dl.h,arpa/nameser.h,resolv.h,pthread.h,sched.h... -------------------- no

LD_LIBRARY_PATH=.:../..:/snap/ruby/438/lib: ASAN_OPTIONS=detect_leaks=0 "/morello-hybrid/src/output/sdk/bin/clang -I../../.ext/include/aarch64-freebsd -I../../../include -I../../../ext/socket -I../.. -I../../.. -I/morello-hybrid/src/output/rootfs-aarch64/usr/include    -target aarch64-unknown-freebsd -march=armv8 --sysroot=/morello-hybrid/src/output/rootfs-aarch64 -I/morello-hybrid/src/output/rootfs-aarch64/usr/include -mbranch-protection=pac-ret -fstack-protector-strong -U_FORTIFY_SOURCE -D_FORTIFY_SOURCE=2 -fdeclspec  -O0 -fno-omit-frame-pointer -fno-fast-math -ggdb3 -Wall -Wextra -Wextra-tokens -Wdeprecated-declarations -Wdivision-by-zero -Wdiv-by-zero -Wimplicit-function-declaration -Wimplicit-int -Wpointer-arith -Wshorten-64-to-32 -Wwrite-strings -Wold-style-definition -Wmissing-noreturn -Wno-cast-function-type -Wno-constant-logical-operand -Wno-long-long -Wno-missing-field-initializers -Wno-overlength-strings -Wno-parentheses-equality -Wno-self-assign -Wno-tautological-compare -Wno-unused-parameter -Wno-unused-value -Wunused-variable -Wmisleading-indentation -Wundef   -c conftest.c"
conftest.c:29:41: error: no member named 'tcpi_last_data_sent' in 'struct tcp_info'; did you mean '__tcpi_last_data_sent'?
   29 | int s = (char *)&((struct tcp_info*)0)->tcpi_last_data_sent - (char *)0;
      |                                         ^~~~~~~~~~~~~~~~~~~
      |                                         __tcpi_last_data_sent
/morello-hybrid/src/output/rootfs-aarch64/usr/include/netinet/tcp.h:410:12: note: '__tcpi_last_data_sent' declared here
  410 |         u_int32_t       __tcpi_last_data_sent;
      |                         ^
conftest.c:29:61: warning: performing pointer subtraction with a null pointer has undefined behavior [-Wnull-pointer-subtraction]
   29 | int s = (char *)&((struct tcp_info*)0)->tcpi_last_data_sent - (char *)0;
      |                                                             ^ ~~~~~~~~~
1 warning and 1 error generated.
checked program was:
/* begin */
 1: #include "ruby.h"
 2: 
 3: #include <sys/types.h>
 4: #include <netdb.h>
 5: #include <string.h>
 6: #include <sys/socket.h>
 7: #include <netinet/in.h>
 8: #include <sys/uio.h>
 9: #include <netinet/in_systm.h>
10: #include <netinet/tcp.h>
11: #include <netinet/tcp_fsm.h>
12: #include <netinet/udp.h>
13: #include <arpa/inet.h>
14: #include <net/ethernet.h>
15: #include <sys/un.h>
16: #include <ifaddrs.h>
17: #include <sys/ioctl.h>
18: #include <sys/sockio.h>
19: #include <net/if.h>
20: #include <sys/param.h>
21: #include <sys/ucred.h>
22: #include <net/if_dl.h>
23: #include <arpa/nameser.h>
24: #include <resolv.h>
25: #include <pthread.h>
26: #include <sched.h>
27: 
28: /*top*/
29: int s = (char *)&((struct tcp_info*)0)->tcpi_last_data_sent - (char *)0;
30: int main(int argc, char **argv)
31: {
32:   return !!argv[argc];
33: }
/* end */

--------------------

have_struct_member: checking for struct tcp_info.tcpi_last_ack_sent in sys/types.h,netdb.h,string.h,sys/socket.h,netinet/in.h,sys/uio.h,netinet/in_systm.h,netinet/tcp.h,netinet/tcp_fsm.h,netinet/udp.h,arpa/inet.h,net/ethernet.h,sys/un.h,ifaddrs.h,sys/ioctl.h,sys/sockio.h,net/if.h,sys/param.h,sys/ucred.h,net/if_dl.h,arpa/nameser.h,resolv.h,pthread.h,sched.h... -------------------- no

LD_LIBRARY_PATH=.:../..:/snap/ruby/438/lib: ASAN_OPTIONS=detect_leaks=0 "/morello-hybrid/src/output/sdk/bin/clang -I../../.ext/include/aarch64-freebsd -I../../../include -I../../../ext/socket -I../.. -I../../.. -I/morello-hybrid/src/output/rootfs-aarch64/usr/include    -target aarch64-unknown-freebsd -march=armv8 --sysroot=/morello-hybrid/src/output/rootfs-aarch64 -I/morello-hybrid/src/output/rootfs-aarch64/usr/include -mbranch-protection=pac-ret -fstack-protector-strong -U_FORTIFY_SOURCE -D_FORTIFY_SOURCE=2 -fdeclspec  -O0 -fno-omit-frame-pointer -fno-fast-math -ggdb3 -Wall -Wextra -Wextra-tokens -Wdeprecated-declarations -Wdivision-by-zero -Wdiv-by-zero -Wimplicit-function-declaration -Wimplicit-int -Wpointer-arith -Wshorten-64-to-32 -Wwrite-strings -Wold-style-definition -Wmissing-noreturn -Wno-cast-function-type -Wno-constant-logical-operand -Wno-long-long -Wno-missing-field-initializers -Wno-overlength-strings -Wno-parentheses-equality -Wno-self-assign -Wno-tautological-compare -Wno-unused-parameter -Wno-unused-value -Wunused-variable -Wmisleading-indentation -Wundef   -c conftest.c"
conftest.c:29:41: error: no member named 'tcpi_last_ack_sent' in 'struct tcp_info'; did you mean '__tcpi_last_ack_sent'?
   29 | int s = (char *)&((struct tcp_info*)0)->tcpi_last_ack_sent - (char *)0;
      |                                         ^~~~~~~~~~~~~~~~~~
      |                                         __tcpi_last_ack_sent
/morello-hybrid/src/output/rootfs-aarch64/usr/include/netinet/tcp.h:411:12: note: '__tcpi_last_ack_sent' declared here
  411 |         u_int32_t       __tcpi_last_ack_sent;   /* Also unimpl. on Linux? */
      |                         ^
conftest.c:29:60: warning: performing pointer subtraction with a null pointer has undefined behavior [-Wnull-pointer-subtraction]
   29 | int s = (char *)&((struct tcp_info*)0)->tcpi_last_ack_sent - (char *)0;
      |                                                            ^ ~~~~~~~~~
1 warning and 1 error generated.
checked program was:
/* begin */
 1: #include "ruby.h"
 2: 
 3: #include <sys/types.h>
 4: #include <netdb.h>
 5: #include <string.h>
 6: #include <sys/socket.h>
 7: #include <netinet/in.h>
 8: #include <sys/uio.h>
 9: #include <netinet/in_systm.h>
10: #include <netinet/tcp.h>
11: #include <netinet/tcp_fsm.h>
12: #include <netinet/udp.h>
13: #include <arpa/inet.h>
14: #include <net/ethernet.h>
15: #include <sys/un.h>
16: #include <ifaddrs.h>
17: #include <sys/ioctl.h>
18: #include <sys/sockio.h>
19: #include <net/if.h>
20: #include <sys/param.h>
21: #include <sys/ucred.h>
22: #include <net/if_dl.h>
23: #include <arpa/nameser.h>
24: #include <resolv.h>
25: #include <pthread.h>
26: #include <sched.h>
27: 
28: /*top*/
29: int s = (char *)&((struct tcp_info*)0)->tcpi_last_ack_sent - (char *)0;
30: int main(int argc, char **argv)
31: {
32:   return !!argv[argc];
33: }
/* end */

--------------------

have_struct_member: checking for struct tcp_info.tcpi_last_data_recv in sys/types.h,netdb.h,string.h,sys/socket.h,netinet/in.h,sys/uio.h,netinet/in_systm.h,netinet/tcp.h,netinet/tcp_fsm.h,netinet/udp.h,arpa/inet.h,net/ethernet.h,sys/un.h,ifaddrs.h,sys/ioctl.h,sys/sockio.h,net/if.h,sys/param.h,sys/ucred.h,net/if_dl.h,arpa/nameser.h,resolv.h,pthread.h,sched.h... -------------------- yes

LD_LIBRARY_PATH=.:../..:/snap/ruby/438/lib: ASAN_OPTIONS=detect_leaks=0 "/morello-hybrid/src/output/sdk/bin/clang -I../../.ext/include/aarch64-freebsd -I../../../include -I../../../ext/socket -I../.. -I../../.. -I/morello-hybrid/src/output/rootfs-aarch64/usr/include    -target aarch64-unknown-freebsd -march=armv8 --sysroot=/morello-hybrid/src/output/rootfs-aarch64 -I/morello-hybrid/src/output/rootfs-aarch64/usr/include -mbranch-protection=pac-ret -fstack-protector-strong -U_FORTIFY_SOURCE -D_FORTIFY_SOURCE=2 -fdeclspec  -O0 -fno-omit-frame-pointer -fno-fast-math -ggdb3 -Wall -Wextra -Wextra-tokens -Wdeprecated-declarations -Wdivision-by-zero -Wdiv-by-zero -Wimplicit-function-declaration -Wimplicit-int -Wpointer-arith -Wshorten-64-to-32 -Wwrite-strings -Wold-style-definition -Wmissing-noreturn -Wno-cast-function-type -Wno-constant-logical-operand -Wno-long-long -Wno-missing-field-initializers -Wno-overlength-strings -Wno-parentheses-equality -Wno-self-assign -Wno-tautological-compare -Wno-unused-parameter -Wno-unused-value -Wunused-variable -Wmisleading-indentation -Wundef   -c conftest.c"
conftest.c:29:61: warning: performing pointer subtraction with a null pointer has undefined behavior [-Wnull-pointer-subtraction]
   29 | int s = (char *)&((struct tcp_info*)0)->tcpi_last_data_recv - (char *)0;
      |                                                             ^ ~~~~~~~~~
1 warning generated.
checked program was:
/* begin */
 1: #include "ruby.h"
 2: 
 3: #include <sys/types.h>
 4: #include <netdb.h>
 5: #include <string.h>
 6: #include <sys/socket.h>
 7: #include <netinet/in.h>
 8: #include <sys/uio.h>
 9: #include <netinet/in_systm.h>
10: #include <netinet/tcp.h>
11: #include <netinet/tcp_fsm.h>
12: #include <netinet/udp.h>
13: #include <arpa/inet.h>
14: #include <net/ethernet.h>
15: #include <sys/un.h>
16: #include <ifaddrs.h>
17: #include <sys/ioctl.h>
18: #include <sys/sockio.h>
19: #include <net/if.h>
20: #include <sys/param.h>
21: #include <sys/ucred.h>
22: #include <net/if_dl.h>
23: #include <arpa/nameser.h>
24: #include <resolv.h>
25: #include <pthread.h>
26: #include <sched.h>
27: 
28: /*top*/
29: int s = (char *)&((struct tcp_info*)0)->tcpi_last_data_recv - (char *)0;
30: int main(int argc, char **argv)
31: {
32:   return !!argv[argc];
33: }
/* end */

--------------------

have_struct_member: checking for struct tcp_info.tcpi_last_ack_recv in sys/types.h,netdb.h,string.h,sys/socket.h,netinet/in.h,sys/uio.h,netinet/in_systm.h,netinet/tcp.h,netinet/tcp_fsm.h,netinet/udp.h,arpa/inet.h,net/ethernet.h,sys/un.h,ifaddrs.h,sys/ioctl.h,sys/sockio.h,net/if.h,sys/param.h,sys/ucred.h,net/if_dl.h,arpa/nameser.h,resolv.h,pthread.h,sched.h... -------------------- no

LD_LIBRARY_PATH=.:../..:/snap/ruby/438/lib: ASAN_OPTIONS=detect_leaks=0 "/morello-hybrid/src/output/sdk/bin/clang -I../../.ext/include/aarch64-freebsd -I../../../include -I../../../ext/socket -I../.. -I../../.. -I/morello-hybrid/src/output/rootfs-aarch64/usr/include    -target aarch64-unknown-freebsd -march=armv8 --sysroot=/morello-hybrid/src/output/rootfs-aarch64 -I/morello-hybrid/src/output/rootfs-aarch64/usr/include -mbranch-protection=pac-ret -fstack-protector-strong -U_FORTIFY_SOURCE -D_FORTIFY_SOURCE=2 -fdeclspec  -O0 -fno-omit-frame-pointer -fno-fast-math -ggdb3 -Wall -Wextra -Wextra-tokens -Wdeprecated-declarations -Wdivision-by-zero -Wdiv-by-zero -Wimplicit-function-declaration -Wimplicit-int -Wpointer-arith -Wshorten-64-to-32 -Wwrite-strings -Wold-style-definition -Wmissing-noreturn -Wno-cast-function-type -Wno-constant-logical-operand -Wno-long-long -Wno-missing-field-initializers -Wno-overlength-strings -Wno-parentheses-equality -Wno-self-assign -Wno-tautological-compare -Wno-unused-parameter -Wno-unused-value -Wunused-variable -Wmisleading-indentation -Wundef   -c conftest.c"
conftest.c:29:41: error: no member named 'tcpi_last_ack_recv' in 'struct tcp_info'; did you mean '__tcpi_last_ack_recv'?
   29 | int s = (char *)&((struct tcp_info*)0)->tcpi_last_ack_recv - (char *)0;
      |                                         ^~~~~~~~~~~~~~~~~~
      |                                         __tcpi_last_ack_recv
/morello-hybrid/src/output/rootfs-aarch64/usr/include/netinet/tcp.h:413:12: note: '__tcpi_last_ack_recv' declared here
  413 |         u_int32_t       __tcpi_last_ack_recv;
      |                         ^
conftest.c:29:60: warning: performing pointer subtraction with a null pointer has undefined behavior [-Wnull-pointer-subtraction]
   29 | int s = (char *)&((struct tcp_info*)0)->tcpi_last_ack_recv - (char *)0;
      |                                                            ^ ~~~~~~~~~
1 warning and 1 error generated.
checked program was:
/* begin */
 1: #include "ruby.h"
 2: 
 3: #include <sys/types.h>
 4: #include <netdb.h>
 5: #include <string.h>
 6: #include <sys/socket.h>
 7: #include <netinet/in.h>
 8: #include <sys/uio.h>
 9: #include <netinet/in_systm.h>
10: #include <netinet/tcp.h>
11: #include <netinet/tcp_fsm.h>
12: #include <netinet/udp.h>
13: #include <arpa/inet.h>
14: #include <net/ethernet.h>
15: #include <sys/un.h>
16: #include <ifaddrs.h>
17: #include <sys/ioctl.h>
18: #include <sys/sockio.h>
19: #include <net/if.h>
20: #include <sys/param.h>
21: #include <sys/ucred.h>
22: #include <net/if_dl.h>
23: #include <arpa/nameser.h>
24: #include <resolv.h>
25: #include <pthread.h>
26: #include <sched.h>
27: 
28: /*top*/
29: int s = (char *)&((struct tcp_info*)0)->tcpi_last_ack_recv - (char *)0;
30: int main(int argc, char **argv)
31: {
32:   return !!argv[argc];
33: }
/* end */

--------------------

have_struct_member: checking for struct tcp_info.tcpi_pmtu in sys/types.h,netdb.h,string.h,sys/socket.h,netinet/in.h,sys/uio.h,netinet/in_systm.h,netinet/tcp.h,netinet/tcp_fsm.h,netinet/udp.h,arpa/inet.h,net/ethernet.h,sys/un.h,ifaddrs.h,sys/ioctl.h,sys/sockio.h,net/if.h,sys/param.h,sys/ucred.h,net/if_dl.h,arpa/nameser.h,resolv.h,pthread.h,sched.h... -------------------- no

LD_LIBRARY_PATH=.:../..:/snap/ruby/438/lib: ASAN_OPTIONS=detect_leaks=0 "/morello-hybrid/src/output/sdk/bin/clang -I../../.ext/include/aarch64-freebsd -I../../../include -I../../../ext/socket -I../.. -I../../.. -I/morello-hybrid/src/output/rootfs-aarch64/usr/include    -target aarch64-unknown-freebsd -march=armv8 --sysroot=/morello-hybrid/src/output/rootfs-aarch64 -I/morello-hybrid/src/output/rootfs-aarch64/usr/include -mbranch-protection=pac-ret -fstack-protector-strong -U_FORTIFY_SOURCE -D_FORTIFY_SOURCE=2 -fdeclspec  -O0 -fno-omit-frame-pointer -fno-fast-math -ggdb3 -Wall -Wextra -Wextra-tokens -Wdeprecated-declarations -Wdivision-by-zero -Wdiv-by-zero -Wimplicit-function-declaration -Wimplicit-int -Wpointer-arith -Wshorten-64-to-32 -Wwrite-strings -Wold-style-definition -Wmissing-noreturn -Wno-cast-function-type -Wno-constant-logical-operand -Wno-long-long -Wno-missing-field-initializers -Wno-overlength-strings -Wno-parentheses-equality -Wno-self-assign -Wno-tautological-compare -Wno-unused-parameter -Wno-unused-value -Wunused-variable -Wmisleading-indentation -Wundef   -c conftest.c"
conftest.c:29:41: error: no member named 'tcpi_pmtu' in 'struct tcp_info'; did you mean '__tcpi_pmtu'?
   29 | int s = (char *)&((struct tcp_info*)0)->tcpi_pmtu - (char *)0;
      |                                         ^~~~~~~~~
      |                                         __tcpi_pmtu
/morello-hybrid/src/output/rootfs-aarch64/usr/include/netinet/tcp.h:416:12: note: '__tcpi_pmtu' declared here
  416 |         u_int32_t       __tcpi_pmtu;
      |                         ^
conftest.c:29:51: warning: performing pointer subtraction with a null pointer has undefined behavior [-Wnull-pointer-subtraction]
   29 | int s = (char *)&((struct tcp_info*)0)->tcpi_pmtu - (char *)0;
      |                                                   ^ ~~~~~~~~~
1 warning and 1 error generated.
checked program was:
/* begin */
 1: #include "ruby.h"
 2: 
 3: #include <sys/types.h>
 4: #include <netdb.h>
 5: #include <string.h>
 6: #include <sys/socket.h>
 7: #include <netinet/in.h>
 8: #include <sys/uio.h>
 9: #include <netinet/in_systm.h>
10: #include <netinet/tcp.h>
11: #include <netinet/tcp_fsm.h>
12: #include <netinet/udp.h>
13: #include <arpa/inet.h>
14: #include <net/ethernet.h>
15: #include <sys/un.h>
16: #include <ifaddrs.h>
17: #include <sys/ioctl.h>
18: #include <sys/sockio.h>
19: #include <net/if.h>
20: #include <sys/param.h>
21: #include <sys/ucred.h>
22: #include <net/if_dl.h>
23: #include <arpa/nameser.h>
24: #include <resolv.h>
25: #include <pthread.h>
26: #include <sched.h>
27: 
28: /*top*/
29: int s = (char *)&((struct tcp_info*)0)->tcpi_pmtu - (char *)0;
30: int main(int argc, char **argv)
31: {
32:   return !!argv[argc];
33: }
/* end */

--------------------

have_struct_member: checking for struct tcp_info.tcpi_rcv_ssthresh in sys/types.h,netdb.h,string.h,sys/socket.h,netinet/in.h,sys/uio.h,netinet/in_systm.h,netinet/tcp.h,netinet/tcp_fsm.h,netinet/udp.h,arpa/inet.h,net/ethernet.h,sys/un.h,ifaddrs.h,sys/ioctl.h,sys/sockio.h,net/if.h,sys/param.h,sys/ucred.h,net/if_dl.h,arpa/nameser.h,resolv.h,pthread.h,sched.h... -------------------- no

LD_LIBRARY_PATH=.:../..:/snap/ruby/438/lib: ASAN_OPTIONS=detect_leaks=0 "/morello-hybrid/src/output/sdk/bin/clang -I../../.ext/include/aarch64-freebsd -I../../../include -I../../../ext/socket -I../.. -I../../.. -I/morello-hybrid/src/output/rootfs-aarch64/usr/include    -target aarch64-unknown-freebsd -march=armv8 --sysroot=/morello-hybrid/src/output/rootfs-aarch64 -I/morello-hybrid/src/output/rootfs-aarch64/usr/include -mbranch-protection=pac-ret -fstack-protector-strong -U_FORTIFY_SOURCE -D_FORTIFY_SOURCE=2 -fdeclspec  -O0 -fno-omit-frame-pointer -fno-fast-math -ggdb3 -Wall -Wextra -Wextra-tokens -Wdeprecated-declarations -Wdivision-by-zero -Wdiv-by-zero -Wimplicit-function-declaration -Wimplicit-int -Wpointer-arith -Wshorten-64-to-32 -Wwrite-strings -Wold-style-definition -Wmissing-noreturn -Wno-cast-function-type -Wno-constant-logical-operand -Wno-long-long -Wno-missing-field-initializers -Wno-overlength-strings -Wno-parentheses-equality -Wno-self-assign -Wno-tautological-compare -Wno-unused-parameter -Wno-unused-value -Wunused-variable -Wmisleading-indentation -Wundef   -c conftest.c"
conftest.c:29:41: error: no member named 'tcpi_rcv_ssthresh' in 'struct tcp_info'; did you mean '__tcpi_rcv_ssthresh'?
   29 | int s = (char *)&((struct tcp_info*)0)->tcpi_rcv_ssthresh - (char *)0;
      |                                         ^~~~~~~~~~~~~~~~~
      |                                         __tcpi_rcv_ssthresh
/morello-hybrid/src/output/rootfs-aarch64/usr/include/netinet/tcp.h:417:12: note: '__tcpi_rcv_ssthresh' declared here
  417 |         u_int32_t       __tcpi_rcv_ssthresh;
      |                         ^
conftest.c:29:59: warning: performing pointer subtraction with a null pointer has undefined behavior [-Wnull-pointer-subtraction]
   29 | int s = (char *)&((struct tcp_info*)0)->tcpi_rcv_ssthresh - (char *)0;
      |                                                           ^ ~~~~~~~~~
1 warning and 1 error generated.
checked program was:
/* begin */
 1: #include "ruby.h"
 2: 
 3: #include <sys/types.h>
 4: #include <netdb.h>
 5: #include <string.h>
 6: #include <sys/socket.h>
 7: #include <netinet/in.h>
 8: #include <sys/uio.h>
 9: #include <netinet/in_systm.h>
10: #include <netinet/tcp.h>
11: #include <netinet/tcp_fsm.h>
12: #include <netinet/udp.h>
13: #include <arpa/inet.h>
14: #include <net/ethernet.h>
15: #include <sys/un.h>
16: #include <ifaddrs.h>
17: #include <sys/ioctl.h>
18: #include <sys/sockio.h>
19: #include <net/if.h>
20: #include <sys/param.h>
21: #include <sys/ucred.h>
22: #include <net/if_dl.h>
23: #include <arpa/nameser.h>
24: #include <resolv.h>
25: #include <pthread.h>
26: #include <sched.h>
27: 
28: /*top*/
29: int s = (char *)&((struct tcp_info*)0)->tcpi_rcv_ssthresh - (char *)0;
30: int main(int argc, char **argv)
31: {
32:   return !!argv[argc];
33: }
/* end */

--------------------

have_struct_member: checking for struct tcp_info.tcpi_rtt in sys/types.h,netdb.h,string.h,sys/socket.h,netinet/in.h,sys/uio.h,netinet/in_systm.h,netinet/tcp.h,netinet/tcp_fsm.h,netinet/udp.h,arpa/inet.h,net/ethernet.h,sys/un.h,ifaddrs.h,sys/ioctl.h,sys/sockio.h,net/if.h,sys/param.h,sys/ucred.h,net/if_dl.h,arpa/nameser.h,resolv.h,pthread.h,sched.h... -------------------- yes

LD_LIBRARY_PATH=.:../..:/snap/ruby/438/lib: ASAN_OPTIONS=detect_leaks=0 "/morello-hybrid/src/output/sdk/bin/clang -I../../.ext/include/aarch64-freebsd -I../../../include -I../../../ext/socket -I../.. -I../../.. -I/morello-hybrid/src/output/rootfs-aarch64/usr/include    -target aarch64-unknown-freebsd -march=armv8 --sysroot=/morello-hybrid/src/output/rootfs-aarch64 -I/morello-hybrid/src/output/rootfs-aarch64/usr/include -mbranch-protection=pac-ret -fstack-protector-strong -U_FORTIFY_SOURCE -D_FORTIFY_SOURCE=2 -fdeclspec  -O0 -fno-omit-frame-pointer -fno-fast-math -ggdb3 -Wall -Wextra -Wextra-tokens -Wdeprecated-declarations -Wdivision-by-zero -Wdiv-by-zero -Wimplicit-function-declaration -Wimplicit-int -Wpointer-arith -Wshorten-64-to-32 -Wwrite-strings -Wold-style-definition -Wmissing-noreturn -Wno-cast-function-type -Wno-constant-logical-operand -Wno-long-long -Wno-missing-field-initializers -Wno-overlength-strings -Wno-parentheses-equality -Wno-self-assign -Wno-tautological-compare -Wno-unused-parameter -Wno-unused-value -Wunused-variable -Wmisleading-indentation -Wundef   -c conftest.c"
conftest.c:29:50: warning: performing pointer subtraction with a null pointer has undefined behavior [-Wnull-pointer-subtraction]
   29 | int s = (char *)&((struct tcp_info*)0)->tcpi_rtt - (char *)0;
      |                                                  ^ ~~~~~~~~~
1 warning generated.
checked program was:
/* begin */
 1: #include "ruby.h"
 2: 
 3: #include <sys/types.h>
 4: #include <netdb.h>
 5: #include <string.h>
 6: #include <sys/socket.h>
 7: #include <netinet/in.h>
 8: #include <sys/uio.h>
 9: #include <netinet/in_systm.h>
10: #include <netinet/tcp.h>
11: #include <netinet/tcp_fsm.h>
12: #include <netinet/udp.h>
13: #include <arpa/inet.h>
14: #include <net/ethernet.h>
15: #include <sys/un.h>
16: #include <ifaddrs.h>
17: #include <sys/ioctl.h>
18: #include <sys/sockio.h>
19: #include <net/if.h>
20: #include <sys/param.h>
21: #include <sys/ucred.h>
22: #include <net/if_dl.h>
23: #include <arpa/nameser.h>
24: #include <resolv.h>
25: #include <pthread.h>
26: #include <sched.h>
27: 
28: /*top*/
29: int s = (char *)&((struct tcp_info*)0)->tcpi_rtt - (char *)0;
30: int main(int argc, char **argv)
31: {
32:   return !!argv[argc];
33: }
/* end */

--------------------

have_struct_member: checking for struct tcp_info.tcpi_rttvar in sys/types.h,netdb.h,string.h,sys/socket.h,netinet/in.h,sys/uio.h,netinet/in_systm.h,netinet/tcp.h,netinet/tcp_fsm.h,netinet/udp.h,arpa/inet.h,net/ethernet.h,sys/un.h,ifaddrs.h,sys/ioctl.h,sys/sockio.h,net/if.h,sys/param.h,sys/ucred.h,net/if_dl.h,arpa/nameser.h,resolv.h,pthread.h,sched.h... -------------------- yes

LD_LIBRARY_PATH=.:../..:/snap/ruby/438/lib: ASAN_OPTIONS=detect_leaks=0 "/morello-hybrid/src/output/sdk/bin/clang -I../../.ext/include/aarch64-freebsd -I../../../include -I../../../ext/socket -I../.. -I../../.. -I/morello-hybrid/src/output/rootfs-aarch64/usr/include    -target aarch64-unknown-freebsd -march=armv8 --sysroot=/morello-hybrid/src/output/rootfs-aarch64 -I/morello-hybrid/src/output/rootfs-aarch64/usr/include -mbranch-protection=pac-ret -fstack-protector-strong -U_FORTIFY_SOURCE -D_FORTIFY_SOURCE=2 -fdeclspec  -O0 -fno-omit-frame-pointer -fno-fast-math -ggdb3 -Wall -Wextra -Wextra-tokens -Wdeprecated-declarations -Wdivision-by-zero -Wdiv-by-zero -Wimplicit-function-declaration -Wimplicit-int -Wpointer-arith -Wshorten-64-to-32 -Wwrite-strings -Wold-style-definition -Wmissing-noreturn -Wno-cast-function-type -Wno-constant-logical-operand -Wno-long-long -Wno-missing-field-initializers -Wno-overlength-strings -Wno-parentheses-equality -Wno-self-assign -Wno-tautological-compare -Wno-unused-parameter -Wno-unused-value -Wunused-variable -Wmisleading-indentation -Wundef   -c conftest.c"
conftest.c:29:53: warning: performing pointer subtraction with a null pointer has undefined behavior [-Wnull-pointer-subtraction]
   29 | int s = (char *)&((struct tcp_info*)0)->tcpi_rttvar - (char *)0;
      |                                                     ^ ~~~~~~~~~
1 warning generated.
checked program was:
/* begin */
 1: #include "ruby.h"
 2: 
 3: #include <sys/types.h>
 4: #include <netdb.h>
 5: #include <string.h>
 6: #include <sys/socket.h>
 7: #include <netinet/in.h>
 8: #include <sys/uio.h>
 9: #include <netinet/in_systm.h>
10: #include <netinet/tcp.h>
11: #include <netinet/tcp_fsm.h>
12: #include <netinet/udp.h>
13: #include <arpa/inet.h>
14: #include <net/ethernet.h>
15: #include <sys/un.h>
16: #include <ifaddrs.h>
17: #include <sys/ioctl.h>
18: #include <sys/sockio.h>
19: #include <net/if.h>
20: #include <sys/param.h>
21: #include <sys/ucred.h>
22: #include <net/if_dl.h>
23: #include <arpa/nameser.h>
24: #include <resolv.h>
25: #include <pthread.h>
26: #include <sched.h>
27: 
28: /*top*/
29: int s = (char *)&((struct tcp_info*)0)->tcpi_rttvar - (char *)0;
30: int main(int argc, char **argv)
31: {
32:   return !!argv[argc];
33: }
/* end */

--------------------

have_struct_member: checking for struct tcp_info.tcpi_snd_ssthresh in sys/types.h,netdb.h,string.h,sys/socket.h,netinet/in.h,sys/uio.h,netinet/in_systm.h,netinet/tcp.h,netinet/tcp_fsm.h,netinet/udp.h,arpa/inet.h,net/ethernet.h,sys/un.h,ifaddrs.h,sys/ioctl.h,sys/sockio.h,net/if.h,sys/param.h,sys/ucred.h,net/if_dl.h,arpa/nameser.h,resolv.h,pthread.h,sched.h... -------------------- yes

LD_LIBRARY_PATH=.:../..:/snap/ruby/438/lib: ASAN_OPTIONS=detect_leaks=0 "/morello-hybrid/src/output/sdk/bin/clang -I../../.ext/include/aarch64-freebsd -I../../../include -I../../../ext/socket -I../.. -I../../.. -I/morello-hybrid/src/output/rootfs-aarch64/usr/include    -target aarch64-unknown-freebsd -march=armv8 --sysroot=/morello-hybrid/src/output/rootfs-aarch64 -I/morello-hybrid/src/output/rootfs-aarch64/usr/include -mbranch-protection=pac-ret -fstack-protector-strong -U_FORTIFY_SOURCE -D_FORTIFY_SOURCE=2 -fdeclspec  -O0 -fno-omit-frame-pointer -fno-fast-math -ggdb3 -Wall -Wextra -Wextra-tokens -Wdeprecated-declarations -Wdivision-by-zero -Wdiv-by-zero -Wimplicit-function-declaration -Wimplicit-int -Wpointer-arith -Wshorten-64-to-32 -Wwrite-strings -Wold-style-definition -Wmissing-noreturn -Wno-cast-function-type -Wno-constant-logical-operand -Wno-long-long -Wno-missing-field-initializers -Wno-overlength-strings -Wno-parentheses-equality -Wno-self-assign -Wno-tautological-compare -Wno-unused-parameter -Wno-unused-value -Wunused-variable -Wmisleading-indentation -Wundef   -c conftest.c"
conftest.c:29:59: warning: performing pointer subtraction with a null pointer has undefined behavior [-Wnull-pointer-subtraction]
   29 | int s = (char *)&((struct tcp_info*)0)->tcpi_snd_ssthresh - (char *)0;
      |                                                           ^ ~~~~~~~~~
1 warning generated.
checked program was:
/* begin */
 1: #include "ruby.h"
 2: 
 3: #include <sys/types.h>
 4: #include <netdb.h>
 5: #include <string.h>
 6: #include <sys/socket.h>
 7: #include <netinet/in.h>
 8: #include <sys/uio.h>
 9: #include <netinet/in_systm.h>
10: #include <netinet/tcp.h>
11: #include <netinet/tcp_fsm.h>
12: #include <netinet/udp.h>
13: #include <arpa/inet.h>
14: #include <net/ethernet.h>
15: #include <sys/un.h>
16: #include <ifaddrs.h>
17: #include <sys/ioctl.h>
18: #include <sys/sockio.h>
19: #include <net/if.h>
20: #include <sys/param.h>
21: #include <sys/ucred.h>
22: #include <net/if_dl.h>
23: #include <arpa/nameser.h>
24: #include <resolv.h>
25: #include <pthread.h>
26: #include <sched.h>
27: 
28: /*top*/
29: int s = (char *)&((struct tcp_info*)0)->tcpi_snd_ssthresh - (char *)0;
30: int main(int argc, char **argv)
31: {
32:   return !!argv[argc];
33: }
/* end */

--------------------

have_struct_member: checking for struct tcp_info.tcpi_snd_cwnd in sys/types.h,netdb.h,string.h,sys/socket.h,netinet/in.h,sys/uio.h,netinet/in_systm.h,netinet/tcp.h,netinet/tcp_fsm.h,netinet/udp.h,arpa/inet.h,net/ethernet.h,sys/un.h,ifaddrs.h,sys/ioctl.h,sys/sockio.h,net/if.h,sys/param.h,sys/ucred.h,net/if_dl.h,arpa/nameser.h,resolv.h,pthread.h,sched.h... -------------------- yes

LD_LIBRARY_PATH=.:../..:/snap/ruby/438/lib: ASAN_OPTIONS=detect_leaks=0 "/morello-hybrid/src/output/sdk/bin/clang -I../../.ext/include/aarch64-freebsd -I../../../include -I../../../ext/socket -I../.. -I../../.. -I/morello-hybrid/src/output/rootfs-aarch64/usr/include    -target aarch64-unknown-freebsd -march=armv8 --sysroot=/morello-hybrid/src/output/rootfs-aarch64 -I/morello-hybrid/src/output/rootfs-aarch64/usr/include -mbranch-protection=pac-ret -fstack-protector-strong -U_FORTIFY_SOURCE -D_FORTIFY_SOURCE=2 -fdeclspec  -O0 -fno-omit-frame-pointer -fno-fast-math -ggdb3 -Wall -Wextra -Wextra-tokens -Wdeprecated-declarations -Wdivision-by-zero -Wdiv-by-zero -Wimplicit-function-declaration -Wimplicit-int -Wpointer-arith -Wshorten-64-to-32 -Wwrite-strings -Wold-style-definition -Wmissing-noreturn -Wno-cast-function-type -Wno-constant-logical-operand -Wno-long-long -Wno-missing-field-initializers -Wno-overlength-strings -Wno-parentheses-equality -Wno-self-assign -Wno-tautological-compare -Wno-unused-parameter -Wno-unused-value -Wunused-variable -Wmisleading-indentation -Wundef   -c conftest.c"
conftest.c:29:55: warning: performing pointer subtraction with a null pointer has undefined behavior [-Wnull-pointer-subtraction]
   29 | int s = (char *)&((struct tcp_info*)0)->tcpi_snd_cwnd - (char *)0;
      |                                                       ^ ~~~~~~~~~
1 warning generated.
checked program was:
/* begin */
 1: #include "ruby.h"
 2: 
 3: #include <sys/types.h>
 4: #include <netdb.h>
 5: #include <string.h>
 6: #include <sys/socket.h>
 7: #include <netinet/in.h>
 8: #include <sys/uio.h>
 9: #include <netinet/in_systm.h>
10: #include <netinet/tcp.h>
11: #include <netinet/tcp_fsm.h>
12: #include <netinet/udp.h>
13: #include <arpa/inet.h>
14: #include <net/ethernet.h>
15: #include <sys/un.h>
16: #include <ifaddrs.h>
17: #include <sys/ioctl.h>
18: #include <sys/sockio.h>
19: #include <net/if.h>
20: #include <sys/param.h>
21: #include <sys/ucred.h>
22: #include <net/if_dl.h>
23: #include <arpa/nameser.h>
24: #include <resolv.h>
25: #include <pthread.h>
26: #include <sched.h>
27: 
28: /*top*/
29: int s = (char *)&((struct tcp_info*)0)->tcpi_snd_cwnd - (char *)0;
30: int main(int argc, char **argv)
31: {
32:   return !!argv[argc];
33: }
/* end */

--------------------

have_struct_member: checking for struct tcp_info.tcpi_advmss in sys/types.h,netdb.h,string.h,sys/socket.h,netinet/in.h,sys/uio.h,netinet/in_systm.h,netinet/tcp.h,netinet/tcp_fsm.h,netinet/udp.h,arpa/inet.h,net/ethernet.h,sys/un.h,ifaddrs.h,sys/ioctl.h,sys/sockio.h,net/if.h,sys/param.h,sys/ucred.h,net/if_dl.h,arpa/nameser.h,resolv.h,pthread.h,sched.h... -------------------- no

LD_LIBRARY_PATH=.:../..:/snap/ruby/438/lib: ASAN_OPTIONS=detect_leaks=0 "/morello-hybrid/src/output/sdk/bin/clang -I../../.ext/include/aarch64-freebsd -I../../../include -I../../../ext/socket -I../.. -I../../.. -I/morello-hybrid/src/output/rootfs-aarch64/usr/include    -target aarch64-unknown-freebsd -march=armv8 --sysroot=/morello-hybrid/src/output/rootfs-aarch64 -I/morello-hybrid/src/output/rootfs-aarch64/usr/include -mbranch-protection=pac-ret -fstack-protector-strong -U_FORTIFY_SOURCE -D_FORTIFY_SOURCE=2 -fdeclspec  -O0 -fno-omit-frame-pointer -fno-fast-math -ggdb3 -Wall -Wextra -Wextra-tokens -Wdeprecated-declarations -Wdivision-by-zero -Wdiv-by-zero -Wimplicit-function-declaration -Wimplicit-int -Wpointer-arith -Wshorten-64-to-32 -Wwrite-strings -Wold-style-definition -Wmissing-noreturn -Wno-cast-function-type -Wno-constant-logical-operand -Wno-long-long -Wno-missing-field-initializers -Wno-overlength-strings -Wno-parentheses-equality -Wno-self-assign -Wno-tautological-compare -Wno-unused-parameter -Wno-unused-value -Wunused-variable -Wmisleading-indentation -Wundef   -c conftest.c"
conftest.c:29:41: error: no member named 'tcpi_advmss' in 'struct tcp_info'; did you mean '__tcpi_advmss'?
   29 | int s = (char *)&((struct tcp_info*)0)->tcpi_advmss - (char *)0;
      |                                         ^~~~~~~~~~~
      |                                         __tcpi_advmss
/morello-hybrid/src/output/rootfs-aarch64/usr/include/netinet/tcp.h:422:12: note: '__tcpi_advmss' declared here
  422 |         u_int32_t       __tcpi_advmss;
      |                         ^
conftest.c:29:53: warning: performing pointer subtraction with a null pointer has undefined behavior [-Wnull-pointer-subtraction]
   29 | int s = (char *)&((struct tcp_info*)0)->tcpi_advmss - (char *)0;
      |                                                     ^ ~~~~~~~~~
1 warning and 1 error generated.
checked program was:
/* begin */
 1: #include "ruby.h"
 2: 
 3: #include <sys/types.h>
 4: #include <netdb.h>
 5: #include <string.h>
 6: #include <sys/socket.h>
 7: #include <netinet/in.h>
 8: #include <sys/uio.h>
 9: #include <netinet/in_systm.h>
10: #include <netinet/tcp.h>
11: #include <netinet/tcp_fsm.h>
12: #include <netinet/udp.h>
13: #include <arpa/inet.h>
14: #include <net/ethernet.h>
15: #include <sys/un.h>
16: #include <ifaddrs.h>
17: #include <sys/ioctl.h>
18: #include <sys/sockio.h>
19: #include <net/if.h>
20: #include <sys/param.h>
21: #include <sys/ucred.h>
22: #include <net/if_dl.h>
23: #include <arpa/nameser.h>
24: #include <resolv.h>
25: #include <pthread.h>
26: #include <sched.h>
27: 
28: /*top*/
29: int s = (char *)&((struct tcp_info*)0)->tcpi_advmss - (char *)0;
30: int main(int argc, char **argv)
31: {
32:   return !!argv[argc];
33: }
/* end */

--------------------

have_struct_member: checking for struct tcp_info.tcpi_reordering in sys/types.h,netdb.h,string.h,sys/socket.h,netinet/in.h,sys/uio.h,netinet/in_systm.h,netinet/tcp.h,netinet/tcp_fsm.h,netinet/udp.h,arpa/inet.h,net/ethernet.h,sys/un.h,ifaddrs.h,sys/ioctl.h,sys/sockio.h,net/if.h,sys/param.h,sys/ucred.h,net/if_dl.h,arpa/nameser.h,resolv.h,pthread.h,sched.h... -------------------- no

LD_LIBRARY_PATH=.:../..:/snap/ruby/438/lib: ASAN_OPTIONS=detect_leaks=0 "/morello-hybrid/src/output/sdk/bin/clang -I../../.ext/include/aarch64-freebsd -I../../../include -I../../../ext/socket -I../.. -I../../.. -I/morello-hybrid/src/output/rootfs-aarch64/usr/include    -target aarch64-unknown-freebsd -march=armv8 --sysroot=/morello-hybrid/src/output/rootfs-aarch64 -I/morello-hybrid/src/output/rootfs-aarch64/usr/include -mbranch-protection=pac-ret -fstack-protector-strong -U_FORTIFY_SOURCE -D_FORTIFY_SOURCE=2 -fdeclspec  -O0 -fno-omit-frame-pointer -fno-fast-math -ggdb3 -Wall -Wextra -Wextra-tokens -Wdeprecated-declarations -Wdivision-by-zero -Wdiv-by-zero -Wimplicit-function-declaration -Wimplicit-int -Wpointer-arith -Wshorten-64-to-32 -Wwrite-strings -Wold-style-definition -Wmissing-noreturn -Wno-cast-function-type -Wno-constant-logical-operand -Wno-long-long -Wno-missing-field-initializers -Wno-overlength-strings -Wno-parentheses-equality -Wno-self-assign -Wno-tautological-compare -Wno-unused-parameter -Wno-unused-value -Wunused-variable -Wmisleading-indentation -Wundef   -c conftest.c"
conftest.c:29:41: error: no member named 'tcpi_reordering' in 'struct tcp_info'; did you mean '__tcpi_reordering'?
   29 | int s = (char *)&((struct tcp_info*)0)->tcpi_reordering - (char *)0;
      |                                         ^~~~~~~~~~~~~~~
      |                                         __tcpi_reordering
/morello-hybrid/src/output/rootfs-aarch64/usr/include/netinet/tcp.h:423:12: note: '__tcpi_reordering' declared here
  423 |         u_int32_t       __tcpi_reordering;
      |                         ^
conftest.c:29:57: warning: performing pointer subtraction with a null pointer has undefined behavior [-Wnull-pointer-subtraction]
   29 | int s = (char *)&((struct tcp_info*)0)->tcpi_reordering - (char *)0;
      |                                                         ^ ~~~~~~~~~
1 warning and 1 error generated.
checked program was:
/* begin */
 1: #include "ruby.h"
 2: 
 3: #include <sys/types.h>
 4: #include <netdb.h>
 5: #include <string.h>
 6: #include <sys/socket.h>
 7: #include <netinet/in.h>
 8: #include <sys/uio.h>
 9: #include <netinet/in_systm.h>
10: #include <netinet/tcp.h>
11: #include <netinet/tcp_fsm.h>
12: #include <netinet/udp.h>
13: #include <arpa/inet.h>
14: #include <net/ethernet.h>
15: #include <sys/un.h>
16: #include <ifaddrs.h>
17: #include <sys/ioctl.h>
18: #include <sys/sockio.h>
19: #include <net/if.h>
20: #include <sys/param.h>
21: #include <sys/ucred.h>
22: #include <net/if_dl.h>
23: #include <arpa/nameser.h>
24: #include <resolv.h>
25: #include <pthread.h>
26: #include <sched.h>
27: 
28: /*top*/
29: int s = (char *)&((struct tcp_info*)0)->tcpi_reordering - (char *)0;
30: int main(int argc, char **argv)
31: {
32:   return !!argv[argc];
33: }
/* end */

--------------------

have_struct_member: checking for struct tcp_info.tcpi_rcv_rtt in sys/types.h,netdb.h,string.h,sys/socket.h,netinet/in.h,sys/uio.h,netinet/in_systm.h,netinet/tcp.h,netinet/tcp_fsm.h,netinet/udp.h,arpa/inet.h,net/ethernet.h,sys/un.h,ifaddrs.h,sys/ioctl.h,sys/sockio.h,net/if.h,sys/param.h,sys/ucred.h,net/if_dl.h,arpa/nameser.h,resolv.h,pthread.h,sched.h... -------------------- no

LD_LIBRARY_PATH=.:../..:/snap/ruby/438/lib: ASAN_OPTIONS=detect_leaks=0 "/morello-hybrid/src/output/sdk/bin/clang -I../../.ext/include/aarch64-freebsd -I../../../include -I../../../ext/socket -I../.. -I../../.. -I/morello-hybrid/src/output/rootfs-aarch64/usr/include    -target aarch64-unknown-freebsd -march=armv8 --sysroot=/morello-hybrid/src/output/rootfs-aarch64 -I/morello-hybrid/src/output/rootfs-aarch64/usr/include -mbranch-protection=pac-ret -fstack-protector-strong -U_FORTIFY_SOURCE -D_FORTIFY_SOURCE=2 -fdeclspec  -O0 -fno-omit-frame-pointer -fno-fast-math -ggdb3 -Wall -Wextra -Wextra-tokens -Wdeprecated-declarations -Wdivision-by-zero -Wdiv-by-zero -Wimplicit-function-declaration -Wimplicit-int -Wpointer-arith -Wshorten-64-to-32 -Wwrite-strings -Wold-style-definition -Wmissing-noreturn -Wno-cast-function-type -Wno-constant-logical-operand -Wno-long-long -Wno-missing-field-initializers -Wno-overlength-strings -Wno-parentheses-equality -Wno-self-assign -Wno-tautological-compare -Wno-unused-parameter -Wno-unused-value -Wunused-variable -Wmisleading-indentation -Wundef   -c conftest.c"
conftest.c:29:41: error: no member named 'tcpi_rcv_rtt' in 'struct tcp_info'
   29 | int s = (char *)&((struct tcp_info*)0)->tcpi_rcv_rtt - (char *)0;
      |                  ~~~~~~~~~~~~~~~~~~~~~  ^
1 error generated.
checked program was:
/* begin */
 1: #include "ruby.h"
 2: 
 3: #include <sys/types.h>
 4: #include <netdb.h>
 5: #include <string.h>
 6: #include <sys/socket.h>
 7: #include <netinet/in.h>
 8: #include <sys/uio.h>
 9: #include <netinet/in_systm.h>
10: #include <netinet/tcp.h>
11: #include <netinet/tcp_fsm.h>
12: #include <netinet/udp.h>
13: #include <arpa/inet.h>
14: #include <net/ethernet.h>
15: #include <sys/un.h>
16: #include <ifaddrs.h>
17: #include <sys/ioctl.h>
18: #include <sys/sockio.h>
19: #include <net/if.h>
20: #include <sys/param.h>
21: #include <sys/ucred.h>
22: #include <net/if_dl.h>
23: #include <arpa/nameser.h>
24: #include <resolv.h>
25: #include <pthread.h>
26: #include <sched.h>
27: 
28: /*top*/
29: int s = (char *)&((struct tcp_info*)0)->tcpi_rcv_rtt - (char *)0;
30: int main(int argc, char **argv)
31: {
32:   return !!argv[argc];
33: }
/* end */

--------------------

have_struct_member: checking for struct tcp_info.tcpi_rcv_space in sys/types.h,netdb.h,string.h,sys/socket.h,netinet/in.h,sys/uio.h,netinet/in_systm.h,netinet/tcp.h,netinet/tcp_fsm.h,netinet/udp.h,arpa/inet.h,net/ethernet.h,sys/un.h,ifaddrs.h,sys/ioctl.h,sys/sockio.h,net/if.h,sys/param.h,sys/ucred.h,net/if_dl.h,arpa/nameser.h,resolv.h,pthread.h,sched.h... -------------------- yes

LD_LIBRARY_PATH=.:../..:/snap/ruby/438/lib: ASAN_OPTIONS=detect_leaks=0 "/morello-hybrid/src/output/sdk/bin/clang -I../../.ext/include/aarch64-freebsd -I../../../include -I../../../ext/socket -I../.. -I../../.. -I/morello-hybrid/src/output/rootfs-aarch64/usr/include    -target aarch64-unknown-freebsd -march=armv8 --sysroot=/morello-hybrid/src/output/rootfs-aarch64 -I/morello-hybrid/src/output/rootfs-aarch64/usr/include -mbranch-protection=pac-ret -fstack-protector-strong -U_FORTIFY_SOURCE -D_FORTIFY_SOURCE=2 -fdeclspec  -O0 -fno-omit-frame-pointer -fno-fast-math -ggdb3 -Wall -Wextra -Wextra-tokens -Wdeprecated-declarations -Wdivision-by-zero -Wdiv-by-zero -Wimplicit-function-declaration -Wimplicit-int -Wpointer-arith -Wshorten-64-to-32 -Wwrite-strings -Wold-style-definition -Wmissing-noreturn -Wno-cast-function-type -Wno-constant-logical-operand -Wno-long-long -Wno-missing-field-initializers -Wno-overlength-strings -Wno-parentheses-equality -Wno-self-assign -Wno-tautological-compare -Wno-unused-parameter -Wno-unused-value -Wunused-variable -Wmisleading-indentation -Wundef   -c conftest.c"
conftest.c:29:56: warning: performing pointer subtraction with a null pointer has undefined behavior [-Wnull-pointer-subtraction]
   29 | int s = (char *)&((struct tcp_info*)0)->tcpi_rcv_space - (char *)0;
      |                                                        ^ ~~~~~~~~~
1 warning generated.
checked program was:
/* begin */
 1: #include "ruby.h"
 2: 
 3: #include <sys/types.h>
 4: #include <netdb.h>
 5: #include <string.h>
 6: #include <sys/socket.h>
 7: #include <netinet/in.h>
 8: #include <sys/uio.h>
 9: #include <netinet/in_systm.h>
10: #include <netinet/tcp.h>
11: #include <netinet/tcp_fsm.h>
12: #include <netinet/udp.h>
13: #include <arpa/inet.h>
14: #include <net/ethernet.h>
15: #include <sys/un.h>
16: #include <ifaddrs.h>
17: #include <sys/ioctl.h>
18: #include <sys/sockio.h>
19: #include <net/if.h>
20: #include <sys/param.h>
21: #include <sys/ucred.h>
22: #include <net/if_dl.h>
23: #include <arpa/nameser.h>
24: #include <resolv.h>
25: #include <pthread.h>
26: #include <sched.h>
27: 
28: /*top*/
29: int s = (char *)&((struct tcp_info*)0)->tcpi_rcv_space - (char *)0;
30: int main(int argc, char **argv)
31: {
32:   return !!argv[argc];
33: }
/* end */

--------------------

have_struct_member: checking for struct tcp_info.tcpi_total_retrans in sys/types.h,netdb.h,string.h,sys/socket.h,netinet/in.h,sys/uio.h,netinet/in_systm.h,netinet/tcp.h,netinet/tcp_fsm.h,netinet/udp.h,arpa/inet.h,net/ethernet.h,sys/un.h,ifaddrs.h,sys/ioctl.h,sys/sockio.h,net/if.h,sys/param.h,sys/ucred.h,net/if_dl.h,arpa/nameser.h,resolv.h,pthread.h,sched.h... -------------------- no

LD_LIBRARY_PATH=.:../..:/snap/ruby/438/lib: ASAN_OPTIONS=detect_leaks=0 "/morello-hybrid/src/output/sdk/bin/clang -I../../.ext/include/aarch64-freebsd -I../../../include -I../../../ext/socket -I../.. -I../../.. -I/morello-hybrid/src/output/rootfs-aarch64/usr/include    -target aarch64-unknown-freebsd -march=armv8 --sysroot=/morello-hybrid/src/output/rootfs-aarch64 -I/morello-hybrid/src/output/rootfs-aarch64/usr/include -mbranch-protection=pac-ret -fstack-protector-strong -U_FORTIFY_SOURCE -D_FORTIFY_SOURCE=2 -fdeclspec  -O0 -fno-omit-frame-pointer -fno-fast-math -ggdb3 -Wall -Wextra -Wextra-tokens -Wdeprecated-declarations -Wdivision-by-zero -Wdiv-by-zero -Wimplicit-function-declaration -Wimplicit-int -Wpointer-arith -Wshorten-64-to-32 -Wwrite-strings -Wold-style-definition -Wmissing-noreturn -Wno-cast-function-type -Wno-constant-logical-operand -Wno-long-long -Wno-missing-field-initializers -Wno-overlength-strings -Wno-parentheses-equality -Wno-self-assign -Wno-tautological-compare -Wno-unused-parameter -Wno-unused-value -Wunused-variable -Wmisleading-indentation -Wundef   -c conftest.c"
conftest.c:29:41: error: no member named 'tcpi_total_retrans' in 'struct tcp_info'; did you mean 'tcpi_total_tlp'?
   29 | int s = (char *)&((struct tcp_info*)0)->tcpi_total_retrans - (char *)0;
      |                                         ^~~~~~~~~~~~~~~~~~
      |                                         tcpi_total_tlp
/morello-hybrid/src/output/rootfs-aarch64/usr/include/netinet/tcp.h:448:12: note: 'tcpi_total_tlp' declared here
  448 |         u_int32_t       tcpi_total_tlp;         /* tail loss probes sent */
      |                         ^
conftest.c:29:60: warning: performing pointer subtraction with a null pointer has undefined behavior [-Wnull-pointer-subtraction]
   29 | int s = (char *)&((struct tcp_info*)0)->tcpi_total_retrans - (char *)0;
      |                                                            ^ ~~~~~~~~~
1 warning and 1 error generated.
checked program was:
/* begin */
 1: #include "ruby.h"
 2: 
 3: #include <sys/types.h>
 4: #include <netdb.h>
 5: #include <string.h>
 6: #include <sys/socket.h>
 7: #include <netinet/in.h>
 8: #include <sys/uio.h>
 9: #include <netinet/in_systm.h>
10: #include <netinet/tcp.h>
11: #include <netinet/tcp_fsm.h>
12: #include <netinet/udp.h>
13: #include <arpa/inet.h>
14: #include <net/ethernet.h>
15: #include <sys/un.h>
16: #include <ifaddrs.h>
17: #include <sys/ioctl.h>
18: #include <sys/sockio.h>
19: #include <net/if.h>
20: #include <sys/param.h>
21: #include <sys/ucred.h>
22: #include <net/if_dl.h>
23: #include <arpa/nameser.h>
24: #include <resolv.h>
25: #include <pthread.h>
26: #include <sched.h>
27: 
28: /*top*/
29: int s = (char *)&((struct tcp_info*)0)->tcpi_total_retrans - (char *)0;
30: int main(int argc, char **argv)
31: {
32:   return !!argv[argc];
33: }
/* end */

--------------------

have_struct_member: checking for struct tcp_info.tcpi_snd_wnd in sys/types.h,netdb.h,string.h,sys/socket.h,netinet/in.h,sys/uio.h,netinet/in_systm.h,netinet/tcp.h,netinet/tcp_fsm.h,netinet/udp.h,arpa/inet.h,net/ethernet.h,sys/un.h,ifaddrs.h,sys/ioctl.h,sys/sockio.h,net/if.h,sys/param.h,sys/ucred.h,net/if_dl.h,arpa/nameser.h,resolv.h,pthread.h,sched.h... -------------------- yes

LD_LIBRARY_PATH=.:../..:/snap/ruby/438/lib: ASAN_OPTIONS=detect_leaks=0 "/morello-hybrid/src/output/sdk/bin/clang -I../../.ext/include/aarch64-freebsd -I../../../include -I../../../ext/socket -I../.. -I../../.. -I/morello-hybrid/src/output/rootfs-aarch64/usr/include    -target aarch64-unknown-freebsd -march=armv8 --sysroot=/morello-hybrid/src/output/rootfs-aarch64 -I/morello-hybrid/src/output/rootfs-aarch64/usr/include -mbranch-protection=pac-ret -fstack-protector-strong -U_FORTIFY_SOURCE -D_FORTIFY_SOURCE=2 -fdeclspec  -O0 -fno-omit-frame-pointer -fno-fast-math -ggdb3 -Wall -Wextra -Wextra-tokens -Wdeprecated-declarations -Wdivision-by-zero -Wdiv-by-zero -Wimplicit-function-declaration -Wimplicit-int -Wpointer-arith -Wshorten-64-to-32 -Wwrite-strings -Wold-style-definition -Wmissing-noreturn -Wno-cast-function-type -Wno-constant-logical-operand -Wno-long-long -Wno-missing-field-initializers -Wno-overlength-strings -Wno-parentheses-equality -Wno-self-assign -Wno-tautological-compare -Wno-unused-parameter -Wno-unused-value -Wunused-variable -Wmisleading-indentation -Wundef   -c conftest.c"
conftest.c:29:54: warning: performing pointer subtraction with a null pointer has undefined behavior [-Wnull-pointer-subtraction]
   29 | int s = (char *)&((struct tcp_info*)0)->tcpi_snd_wnd - (char *)0;
      |                                                      ^ ~~~~~~~~~
1 warning generated.
checked program was:
/* begin */
 1: #include "ruby.h"
 2: 
 3: #include <sys/types.h>
 4: #include <netdb.h>
 5: #include <string.h>
 6: #include <sys/socket.h>
 7: #include <netinet/in.h>
 8: #include <sys/uio.h>
 9: #include <netinet/in_systm.h>
10: #include <netinet/tcp.h>
11: #include <netinet/tcp_fsm.h>
12: #include <netinet/udp.h>
13: #include <arpa/inet.h>
14: #include <net/ethernet.h>
15: #include <sys/un.h>
16: #include <ifaddrs.h>
17: #include <sys/ioctl.h>
18: #include <sys/sockio.h>
19: #include <net/if.h>
20: #include <sys/param.h>
21: #include <sys/ucred.h>
22: #include <net/if_dl.h>
23: #include <arpa/nameser.h>
24: #include <resolv.h>
25: #include <pthread.h>
26: #include <sched.h>
27: 
28: /*top*/
29: int s = (char *)&((struct tcp_info*)0)->tcpi_snd_wnd - (char *)0;
30: int main(int argc, char **argv)
31: {
32:   return !!argv[argc];
33: }
/* end */

--------------------

have_struct_member: checking for struct tcp_info.tcpi_snd_bwnd in sys/types.h,netdb.h,string.h,sys/socket.h,netinet/in.h,sys/uio.h,netinet/in_systm.h,netinet/tcp.h,netinet/tcp_fsm.h,netinet/udp.h,arpa/inet.h,net/ethernet.h,sys/un.h,ifaddrs.h,sys/ioctl.h,sys/sockio.h,net/if.h,sys/param.h,sys/ucred.h,net/if_dl.h,arpa/nameser.h,resolv.h,pthread.h,sched.h... -------------------- yes

LD_LIBRARY_PATH=.:../..:/snap/ruby/438/lib: ASAN_OPTIONS=detect_leaks=0 "/morello-hybrid/src/output/sdk/bin/clang -I../../.ext/include/aarch64-freebsd -I../../../include -I../../../ext/socket -I../.. -I../../.. -I/morello-hybrid/src/output/rootfs-aarch64/usr/include    -target aarch64-unknown-freebsd -march=armv8 --sysroot=/morello-hybrid/src/output/rootfs-aarch64 -I/morello-hybrid/src/output/rootfs-aarch64/usr/include -mbranch-protection=pac-ret -fstack-protector-strong -U_FORTIFY_SOURCE -D_FORTIFY_SOURCE=2 -fdeclspec  -O0 -fno-omit-frame-pointer -fno-fast-math -ggdb3 -Wall -Wextra -Wextra-tokens -Wdeprecated-declarations -Wdivision-by-zero -Wdiv-by-zero -Wimplicit-function-declaration -Wimplicit-int -Wpointer-arith -Wshorten-64-to-32 -Wwrite-strings -Wold-style-definition -Wmissing-noreturn -Wno-cast-function-type -Wno-constant-logical-operand -Wno-long-long -Wno-missing-field-initializers -Wno-overlength-strings -Wno-parentheses-equality -Wno-self-assign -Wno-tautological-compare -Wno-unused-parameter -Wno-unused-value -Wunused-variable -Wmisleading-indentation -Wundef   -c conftest.c"
conftest.c:29:55: warning: performing pointer subtraction with a null pointer has undefined behavior [-Wnull-pointer-subtraction]
   29 | int s = (char *)&((struct tcp_info*)0)->tcpi_snd_bwnd - (char *)0;
      |                                                       ^ ~~~~~~~~~
1 warning generated.
checked program was:
/* begin */
 1: #include "ruby.h"
 2: 
 3: #include <sys/types.h>
 4: #include <netdb.h>
 5: #include <string.h>
 6: #include <sys/socket.h>
 7: #include <netinet/in.h>
 8: #include <sys/uio.h>
 9: #include <netinet/in_systm.h>
10: #include <netinet/tcp.h>
11: #include <netinet/tcp_fsm.h>
12: #include <netinet/udp.h>
13: #include <arpa/inet.h>
14: #include <net/ethernet.h>
15: #include <sys/un.h>
16: #include <ifaddrs.h>
17: #include <sys/ioctl.h>
18: #include <sys/sockio.h>
19: #include <net/if.h>
20: #include <sys/param.h>
21: #include <sys/ucred.h>
22: #include <net/if_dl.h>
23: #include <arpa/nameser.h>
24: #include <resolv.h>
25: #include <pthread.h>
26: #include <sched.h>
27: 
28: /*top*/
29: int s = (char *)&((struct tcp_info*)0)->tcpi_snd_bwnd - (char *)0;
30: int main(int argc, char **argv)
31: {
32:   return !!argv[argc];
33: }
/* end */

--------------------

have_struct_member: checking for struct tcp_info.tcpi_snd_nxt in sys/types.h,netdb.h,string.h,sys/socket.h,netinet/in.h,sys/uio.h,netinet/in_systm.h,netinet/tcp.h,netinet/tcp_fsm.h,netinet/udp.h,arpa/inet.h,net/ethernet.h,sys/un.h,ifaddrs.h,sys/ioctl.h,sys/sockio.h,net/if.h,sys/param.h,sys/ucred.h,net/if_dl.h,arpa/nameser.h,resolv.h,pthread.h,sched.h... -------------------- yes

LD_LIBRARY_PATH=.:../..:/snap/ruby/438/lib: ASAN_OPTIONS=detect_leaks=0 "/morello-hybrid/src/output/sdk/bin/clang -I../../.ext/include/aarch64-freebsd -I../../../include -I../../../ext/socket -I../.. -I../../.. -I/morello-hybrid/src/output/rootfs-aarch64/usr/include    -target aarch64-unknown-freebsd -march=armv8 --sysroot=/morello-hybrid/src/output/rootfs-aarch64 -I/morello-hybrid/src/output/rootfs-aarch64/usr/include -mbranch-protection=pac-ret -fstack-protector-strong -U_FORTIFY_SOURCE -D_FORTIFY_SOURCE=2 -fdeclspec  -O0 -fno-omit-frame-pointer -fno-fast-math -ggdb3 -Wall -Wextra -Wextra-tokens -Wdeprecated-declarations -Wdivision-by-zero -Wdiv-by-zero -Wimplicit-function-declaration -Wimplicit-int -Wpointer-arith -Wshorten-64-to-32 -Wwrite-strings -Wold-style-definition -Wmissing-noreturn -Wno-cast-function-type -Wno-constant-logical-operand -Wno-long-long -Wno-missing-field-initializers -Wno-overlength-strings -Wno-parentheses-equality -Wno-self-assign -Wno-tautological-compare -Wno-unused-parameter -Wno-unused-value -Wunused-variable -Wmisleading-indentation -Wundef   -c conftest.c"
conftest.c:29:54: warning: performing pointer subtraction with a null pointer has undefined behavior [-Wnull-pointer-subtraction]
   29 | int s = (char *)&((struct tcp_info*)0)->tcpi_snd_nxt - (char *)0;
      |                                                      ^ ~~~~~~~~~
1 warning generated.
checked program was:
/* begin */
 1: #include "ruby.h"
 2: 
 3: #include <sys/types.h>
 4: #include <netdb.h>
 5: #include <string.h>
 6: #include <sys/socket.h>
 7: #include <netinet/in.h>
 8: #include <sys/uio.h>
 9: #include <netinet/in_systm.h>
10: #include <netinet/tcp.h>
11: #include <netinet/tcp_fsm.h>
12: #include <netinet/udp.h>
13: #include <arpa/inet.h>
14: #include <net/ethernet.h>
15: #include <sys/un.h>
16: #include <ifaddrs.h>
17: #include <sys/ioctl.h>
18: #include <sys/sockio.h>
19: #include <net/if.h>
20: #include <sys/param.h>
21: #include <sys/ucred.h>
22: #include <net/if_dl.h>
23: #include <arpa/nameser.h>
24: #include <resolv.h>
25: #include <pthread.h>
26: #include <sched.h>
27: 
28: /*top*/
29: int s = (char *)&((struct tcp_info*)0)->tcpi_snd_nxt - (char *)0;
30: int main(int argc, char **argv)
31: {
32:   return !!argv[argc];
33: }
/* end */

--------------------

have_struct_member: checking for struct tcp_info.tcpi_rcv_nxt in sys/types.h,netdb.h,string.h,sys/socket.h,netinet/in.h,sys/uio.h,netinet/in_systm.h,netinet/tcp.h,netinet/tcp_fsm.h,netinet/udp.h,arpa/inet.h,net/ethernet.h,sys/un.h,ifaddrs.h,sys/ioctl.h,sys/sockio.h,net/if.h,sys/param.h,sys/ucred.h,net/if_dl.h,arpa/nameser.h,resolv.h,pthread.h,sched.h... -------------------- yes

LD_LIBRARY_PATH=.:../..:/snap/ruby/438/lib: ASAN_OPTIONS=detect_leaks=0 "/morello-hybrid/src/output/sdk/bin/clang -I../../.ext/include/aarch64-freebsd -I../../../include -I../../../ext/socket -I../.. -I../../.. -I/morello-hybrid/src/output/rootfs-aarch64/usr/include    -target aarch64-unknown-freebsd -march=armv8 --sysroot=/morello-hybrid/src/output/rootfs-aarch64 -I/morello-hybrid/src/output/rootfs-aarch64/usr/include -mbranch-protection=pac-ret -fstack-protector-strong -U_FORTIFY_SOURCE -D_FORTIFY_SOURCE=2 -fdeclspec  -O0 -fno-omit-frame-pointer -fno-fast-math -ggdb3 -Wall -Wextra -Wextra-tokens -Wdeprecated-declarations -Wdivision-by-zero -Wdiv-by-zero -Wimplicit-function-declaration -Wimplicit-int -Wpointer-arith -Wshorten-64-to-32 -Wwrite-strings -Wold-style-definition -Wmissing-noreturn -Wno-cast-function-type -Wno-constant-logical-operand -Wno-long-long -Wno-missing-field-initializers -Wno-overlength-strings -Wno-parentheses-equality -Wno-self-assign -Wno-tautological-compare -Wno-unused-parameter -Wno-unused-value -Wunused-variable -Wmisleading-indentation -Wundef   -c conftest.c"
conftest.c:29:54: warning: performing pointer subtraction with a null pointer has undefined behavior [-Wnull-pointer-subtraction]
   29 | int s = (char *)&((struct tcp_info*)0)->tcpi_rcv_nxt - (char *)0;
      |                                                      ^ ~~~~~~~~~
1 warning generated.
checked program was:
/* begin */
 1: #include "ruby.h"
 2: 
 3: #include <sys/types.h>
 4: #include <netdb.h>
 5: #include <string.h>
 6: #include <sys/socket.h>
 7: #include <netinet/in.h>
 8: #include <sys/uio.h>
 9: #include <netinet/in_systm.h>
10: #include <netinet/tcp.h>
11: #include <netinet/tcp_fsm.h>
12: #include <netinet/udp.h>
13: #include <arpa/inet.h>
14: #include <net/ethernet.h>
15: #include <sys/un.h>
16: #include <ifaddrs.h>
17: #include <sys/ioctl.h>
18: #include <sys/sockio.h>
19: #include <net/if.h>
20: #include <sys/param.h>
21: #include <sys/ucred.h>
22: #include <net/if_dl.h>
23: #include <arpa/nameser.h>
24: #include <resolv.h>
25: #include <pthread.h>
26: #include <sched.h>
27: 
28: /*top*/
29: int s = (char *)&((struct tcp_info*)0)->tcpi_rcv_nxt - (char *)0;
30: int main(int argc, char **argv)
31: {
32:   return !!argv[argc];
33: }
/* end */

--------------------

have_struct_member: checking for struct tcp_info.tcpi_toe_tid in sys/types.h,netdb.h,string.h,sys/socket.h,netinet/in.h,sys/uio.h,netinet/in_systm.h,netinet/tcp.h,netinet/tcp_fsm.h,netinet/udp.h,arpa/inet.h,net/ethernet.h,sys/un.h,ifaddrs.h,sys/ioctl.h,sys/sockio.h,net/if.h,sys/param.h,sys/ucred.h,net/if_dl.h,arpa/nameser.h,resolv.h,pthread.h,sched.h... -------------------- yes

LD_LIBRARY_PATH=.:../..:/snap/ruby/438/lib: ASAN_OPTIONS=detect_leaks=0 "/morello-hybrid/src/output/sdk/bin/clang -I../../.ext/include/aarch64-freebsd -I../../../include -I../../../ext/socket -I../.. -I../../.. -I/morello-hybrid/src/output/rootfs-aarch64/usr/include    -target aarch64-unknown-freebsd -march=armv8 --sysroot=/morello-hybrid/src/output/rootfs-aarch64 -I/morello-hybrid/src/output/rootfs-aarch64/usr/include -mbranch-protection=pac-ret -fstack-protector-strong -U_FORTIFY_SOURCE -D_FORTIFY_SOURCE=2 -fdeclspec  -O0 -fno-omit-frame-pointer -fno-fast-math -ggdb3 -Wall -Wextra -Wextra-tokens -Wdeprecated-declarations -Wdivision-by-zero -Wdiv-by-zero -Wimplicit-function-declaration -Wimplicit-int -Wpointer-arith -Wshorten-64-to-32 -Wwrite-strings -Wold-style-definition -Wmissing-noreturn -Wno-cast-function-type -Wno-constant-logical-operand -Wno-long-long -Wno-missing-field-initializers -Wno-overlength-strings -Wno-parentheses-equality -Wno-self-assign -Wno-tautological-compare -Wno-unused-parameter -Wno-unused-value -Wunused-variable -Wmisleading-indentation -Wundef   -c conftest.c"
conftest.c:29:54: warning: performing pointer subtraction with a null pointer has undefined behavior [-Wnull-pointer-subtraction]
   29 | int s = (char *)&((struct tcp_info*)0)->tcpi_toe_tid - (char *)0;
      |                                                      ^ ~~~~~~~~~
1 warning generated.
checked program was:
/* begin */
 1: #include "ruby.h"
 2: 
 3: #include <sys/types.h>
 4: #include <netdb.h>
 5: #include <string.h>
 6: #include <sys/socket.h>
 7: #include <netinet/in.h>
 8: #include <sys/uio.h>
 9: #include <netinet/in_systm.h>
10: #include <netinet/tcp.h>
11: #include <netinet/tcp_fsm.h>
12: #include <netinet/udp.h>
13: #include <arpa/inet.h>
14: #include <net/ethernet.h>
15: #include <sys/un.h>
16: #include <ifaddrs.h>
17: #include <sys/ioctl.h>
18: #include <sys/sockio.h>
19: #include <net/if.h>
20: #include <sys/param.h>
21: #include <sys/ucred.h>
22: #include <net/if_dl.h>
23: #include <arpa/nameser.h>
24: #include <resolv.h>
25: #include <pthread.h>
26: #include <sched.h>
27: 
28: /*top*/
29: int s = (char *)&((struct tcp_info*)0)->tcpi_toe_tid - (char *)0;
30: int main(int argc, char **argv)
31: {
32:   return !!argv[argc];
33: }
/* end */

--------------------

have_struct_member: checking for struct tcp_info.tcpi_snd_rexmitpack in sys/types.h,netdb.h,string.h,sys/socket.h,netinet/in.h,sys/uio.h,netinet/in_systm.h,netinet/tcp.h,netinet/tcp_fsm.h,netinet/udp.h,arpa/inet.h,net/ethernet.h,sys/un.h,ifaddrs.h,sys/ioctl.h,sys/sockio.h,net/if.h,sys/param.h,sys/ucred.h,net/if_dl.h,arpa/nameser.h,resolv.h,pthread.h,sched.h... -------------------- yes

LD_LIBRARY_PATH=.:../..:/snap/ruby/438/lib: ASAN_OPTIONS=detect_leaks=0 "/morello-hybrid/src/output/sdk/bin/clang -I../../.ext/include/aarch64-freebsd -I../../../include -I../../../ext/socket -I../.. -I../../.. -I/morello-hybrid/src/output/rootfs-aarch64/usr/include    -target aarch64-unknown-freebsd -march=armv8 --sysroot=/morello-hybrid/src/output/rootfs-aarch64 -I/morello-hybrid/src/output/rootfs-aarch64/usr/include -mbranch-protection=pac-ret -fstack-protector-strong -U_FORTIFY_SOURCE -D_FORTIFY_SOURCE=2 -fdeclspec  -O0 -fno-omit-frame-pointer -fno-fast-math -ggdb3 -Wall -Wextra -Wextra-tokens -Wdeprecated-declarations -Wdivision-by-zero -Wdiv-by-zero -Wimplicit-function-declaration -Wimplicit-int -Wpointer-arith -Wshorten-64-to-32 -Wwrite-strings -Wold-style-definition -Wmissing-noreturn -Wno-cast-function-type -Wno-constant-logical-operand -Wno-long-long -Wno-missing-field-initializers -Wno-overlength-strings -Wno-parentheses-equality -Wno-self-assign -Wno-tautological-compare -Wno-unused-parameter -Wno-unused-value -Wunused-variable -Wmisleading-indentation -Wundef   -c conftest.c"
conftest.c:29:61: warning: performing pointer subtraction with a null pointer has undefined behavior [-Wnull-pointer-subtraction]
   29 | int s = (char *)&((struct tcp_info*)0)->tcpi_snd_rexmitpack - (char *)0;
      |                                                             ^ ~~~~~~~~~
1 warning generated.
checked program was:
/* begin */
 1: #include "ruby.h"
 2: 
 3: #include <sys/types.h>
 4: #include <netdb.h>
 5: #include <string.h>
 6: #include <sys/socket.h>
 7: #include <netinet/in.h>
 8: #include <sys/uio.h>
 9: #include <netinet/in_systm.h>
10: #include <netinet/tcp.h>
11: #include <netinet/tcp_fsm.h>
12: #include <netinet/udp.h>
13: #include <arpa/inet.h>
14: #include <net/ethernet.h>
15: #include <sys/un.h>
16: #include <ifaddrs.h>
17: #include <sys/ioctl.h>
18: #include <sys/sockio.h>
19: #include <net/if.h>
20: #include <sys/param.h>
21: #include <sys/ucred.h>
22: #include <net/if_dl.h>
23: #include <arpa/nameser.h>
24: #include <resolv.h>
25: #include <pthread.h>
26: #include <sched.h>
27: 
28: /*top*/
29: int s = (char *)&((struct tcp_info*)0)->tcpi_snd_rexmitpack - (char *)0;
30: int main(int argc, char **argv)
31: {
32:   return !!argv[argc];
33: }
/* end */

--------------------

have_struct_member: checking for struct tcp_info.tcpi_rcv_ooopack in sys/types.h,netdb.h,string.h,sys/socket.h,netinet/in.h,sys/uio.h,netinet/in_systm.h,netinet/tcp.h,netinet/tcp_fsm.h,netinet/udp.h,arpa/inet.h,net/ethernet.h,sys/un.h,ifaddrs.h,sys/ioctl.h,sys/sockio.h,net/if.h,sys/param.h,sys/ucred.h,net/if_dl.h,arpa/nameser.h,resolv.h,pthread.h,sched.h... -------------------- yes

LD_LIBRARY_PATH=.:../..:/snap/ruby/438/lib: ASAN_OPTIONS=detect_leaks=0 "/morello-hybrid/src/output/sdk/bin/clang -I../../.ext/include/aarch64-freebsd -I../../../include -I../../../ext/socket -I../.. -I../../.. -I/morello-hybrid/src/output/rootfs-aarch64/usr/include    -target aarch64-unknown-freebsd -march=armv8 --sysroot=/morello-hybrid/src/output/rootfs-aarch64 -I/morello-hybrid/src/output/rootfs-aarch64/usr/include -mbranch-protection=pac-ret -fstack-protector-strong -U_FORTIFY_SOURCE -D_FORTIFY_SOURCE=2 -fdeclspec  -O0 -fno-omit-frame-pointer -fno-fast-math -ggdb3 -Wall -Wextra -Wextra-tokens -Wdeprecated-declarations -Wdivision-by-zero -Wdiv-by-zero -Wimplicit-function-declaration -Wimplicit-int -Wpointer-arith -Wshorten-64-to-32 -Wwrite-strings -Wold-style-definition -Wmissing-noreturn -Wno-cast-function-type -Wno-constant-logical-operand -Wno-long-long -Wno-missing-field-initializers -Wno-overlength-strings -Wno-parentheses-equality -Wno-self-assign -Wno-tautological-compare -Wno-unused-parameter -Wno-unused-value -Wunused-variable -Wmisleading-indentation -Wundef   -c conftest.c"
conftest.c:29:58: warning: performing pointer subtraction with a null pointer has undefined behavior [-Wnull-pointer-subtraction]
   29 | int s = (char *)&((struct tcp_info*)0)->tcpi_rcv_ooopack - (char *)0;
      |                                                          ^ ~~~~~~~~~
1 warning generated.
checked program was:
/* begin */
 1: #include "ruby.h"
 2: 
 3: #include <sys/types.h>
 4: #include <netdb.h>
 5: #include <string.h>
 6: #include <sys/socket.h>
 7: #include <netinet/in.h>
 8: #include <sys/uio.h>
 9: #include <netinet/in_systm.h>
10: #include <netinet/tcp.h>
11: #include <netinet/tcp_fsm.h>
12: #include <netinet/udp.h>
13: #include <arpa/inet.h>
14: #include <net/ethernet.h>
15: #include <sys/un.h>
16: #include <ifaddrs.h>
17: #include <sys/ioctl.h>
18: #include <sys/sockio.h>
19: #include <net/if.h>
20: #include <sys/param.h>
21: #include <sys/ucred.h>
22: #include <net/if_dl.h>
23: #include <arpa/nameser.h>
24: #include <resolv.h>
25: #include <pthread.h>
26: #include <sched.h>
27: 
28: /*top*/
29: int s = (char *)&((struct tcp_info*)0)->tcpi_rcv_ooopack - (char *)0;
30: int main(int argc, char **argv)
31: {
32:   return !!argv[argc];
33: }
/* end */

--------------------

have_struct_member: checking for struct tcp_info.tcpi_snd_zerowin in sys/types.h,netdb.h,string.h,sys/socket.h,netinet/in.h,sys/uio.h,netinet/in_systm.h,netinet/tcp.h,netinet/tcp_fsm.h,netinet/udp.h,arpa/inet.h,net/ethernet.h,sys/un.h,ifaddrs.h,sys/ioctl.h,sys/sockio.h,net/if.h,sys/param.h,sys/ucred.h,net/if_dl.h,arpa/nameser.h,resolv.h,pthread.h,sched.h... -------------------- yes

LD_LIBRARY_PATH=.:../..:/snap/ruby/438/lib: ASAN_OPTIONS=detect_leaks=0 "/morello-hybrid/src/output/sdk/bin/clang -I../../.ext/include/aarch64-freebsd -I../../../include -I../../../ext/socket -I../.. -I../../.. -I/morello-hybrid/src/output/rootfs-aarch64/usr/include    -target aarch64-unknown-freebsd -march=armv8 --sysroot=/morello-hybrid/src/output/rootfs-aarch64 -I/morello-hybrid/src/output/rootfs-aarch64/usr/include -mbranch-protection=pac-ret -fstack-protector-strong -U_FORTIFY_SOURCE -D_FORTIFY_SOURCE=2 -fdeclspec  -O0 -fno-omit-frame-pointer -fno-fast-math -ggdb3 -Wall -Wextra -Wextra-tokens -Wdeprecated-declarations -Wdivision-by-zero -Wdiv-by-zero -Wimplicit-function-declaration -Wimplicit-int -Wpointer-arith -Wshorten-64-to-32 -Wwrite-strings -Wold-style-definition -Wmissing-noreturn -Wno-cast-function-type -Wno-constant-logical-operand -Wno-long-long -Wno-missing-field-initializers -Wno-overlength-strings -Wno-parentheses-equality -Wno-self-assign -Wno-tautological-compare -Wno-unused-parameter -Wno-unused-value -Wunused-variable -Wmisleading-indentation -Wundef   -c conftest.c"
conftest.c:29:58: warning: performing pointer subtraction with a null pointer has undefined behavior [-Wnull-pointer-subtraction]
   29 | int s = (char *)&((struct tcp_info*)0)->tcpi_snd_zerowin - (char *)0;
      |                                                          ^ ~~~~~~~~~
1 warning generated.
checked program was:
/* begin */
 1: #include "ruby.h"
 2: 
 3: #include <sys/types.h>
 4: #include <netdb.h>
 5: #include <string.h>
 6: #include <sys/socket.h>
 7: #include <netinet/in.h>
 8: #include <sys/uio.h>
 9: #include <netinet/in_systm.h>
10: #include <netinet/tcp.h>
11: #include <netinet/tcp_fsm.h>
12: #include <netinet/udp.h>
13: #include <arpa/inet.h>
14: #include <net/ethernet.h>
15: #include <sys/un.h>
16: #include <ifaddrs.h>
17: #include <sys/ioctl.h>
18: #include <sys/sockio.h>
19: #include <net/if.h>
20: #include <sys/param.h>
21: #include <sys/ucred.h>
22: #include <net/if_dl.h>
23: #include <arpa/nameser.h>
24: #include <resolv.h>
25: #include <pthread.h>
26: #include <sched.h>
27: 
28: /*top*/
29: int s = (char *)&((struct tcp_info*)0)->tcpi_snd_zerowin - (char *)0;
30: int main(int argc, char **argv)
31: {
32:   return !!argv[argc];
33: }
/* end */

--------------------

have_library: checking for t_open("", 0, (struct t_info *)NULL) in -lnsl... -------------------- no

LD_LIBRARY_PATH=.:../..:/snap/ruby/438/lib: ASAN_OPTIONS=detect_leaks=0 "/morello-hybrid/src/output/sdk/bin/clang -o conftest -I../../.ext/include/aarch64-freebsd -I../../../include -I../../../ext/socket -I../.. -I../../.. -I/morello-hybrid/src/output/rootfs-aarch64/usr/include    -target aarch64-unknown-freebsd -march=armv8 --sysroot=/morello-hybrid/src/output/rootfs-aarch64 -I/morello-hybrid/src/output/rootfs-aarch64/usr/include -mbranch-protection=pac-ret -fstack-protector-strong -U_FORTIFY_SOURCE -D_FORTIFY_SOURCE=2 -fdeclspec  -O0 -fno-omit-frame-pointer -fno-fast-math -ggdb3 -Wall -Wextra -Wextra-tokens -Wdeprecated-declarations -Wdivision-by-zero -Wdiv-by-zero -Wimplicit-function-declaration -Wimplicit-int -Wpointer-arith -Wshorten-64-to-32 -Wwrite-strings -Wold-style-definition -Wmissing-noreturn -Wno-cast-function-type -Wno-constant-logical-operand -Wno-long-long -Wno-missing-field-initializers -Wno-overlength-strings -Wno-parentheses-equality -Wno-self-assign -Wno-tautological-compare -Wno-unused-parameter -Wno-unused-value -Wunused-variable -Wmisleading-indentation -Wundef conftest.c -L. -L../.. -L/morello-hybrid/src/output/rootfs-aarch64/usr/lib -Wl,-rpath,/morello-hybrid/src/output/rootfs-aarch64/usr/lib -L. -target aarch64-unknown-freebsd -march=armv8 --sysroot=/morello-hybrid/src/output/rootfs-aarch64 -fuse-ld=lld -lpthread -Wl,--gdb-index -fstack-protector-strong -L/morello-hybrid/src/output/rootfs-aarch64/usr/lib -Wl,-rpath,/morello-hybrid/src/output/rootfs-aarch64/usr/lib -rdynamic     -Wl,-rpath,/morello-hybrid/src/output/rootfs-aarch64/research/ruby-3.4.1/build -lruby-static -lexecinfo -lprocstat -lz -lrt -lrt -ldl -lcrypt -lm -lthr  -lnsl  -lm -lthr  -lc"
conftest.c:40:30: error: call to undeclared function 't_open'; ISO C99 and later do not support implicit function declarations [-Wimplicit-function-declaration]
   40 | int t(void) { char s1[1024]; t_open(s1, 0, (struct t_info *)NULL); return 0; }
      |                              ^
1 error generated.
checked program was:
/* begin */
 1: #include "ruby.h"
 2: 
 3: #include <sys/types.h>
 4: #include <netdb.h>
 5: #include <string.h>
 6: #include <sys/socket.h>
 7: #include <netinet/in.h>
 8: #include <sys/uio.h>
 9: #include <netinet/in_systm.h>
10: #include <netinet/tcp.h>
11: #include <netinet/tcp_fsm.h>
12: #include <netinet/udp.h>
13: #include <arpa/inet.h>
14: #include <net/ethernet.h>
15: #include <sys/un.h>
16: #include <ifaddrs.h>
17: #include <sys/ioctl.h>
18: #include <sys/sockio.h>
19: #include <net/if.h>
20: #include <sys/param.h>
21: #include <sys/ucred.h>
22: #include <net/if_dl.h>
23: #include <arpa/nameser.h>
24: #include <resolv.h>
25: #include <pthread.h>
26: #include <sched.h>
27: 
28: /*top*/
29: extern int t(void);
30: int main(int argc, char **argv)
31: {
32:   if (argc > 1000000) {
33:     int (* volatile tp)(void)=(int (*)(void))&t;
34:     printf("%d", (*tp)());
35:   }
36: 
37:   return !!argv[argc];
38: }
39: 
40: int t(void) { char s1[1024]; t_open(s1, 0, (struct t_info *)NULL); return 0; }
/* end */

--------------------

have_library: checking for socket(0,0,0) in -lsocket... -------------------- no

LD_LIBRARY_PATH=.:../..:/snap/ruby/438/lib: ASAN_OPTIONS=detect_leaks=0 "/morello-hybrid/src/output/sdk/bin/clang -o conftest -I../../.ext/include/aarch64-freebsd -I../../../include -I../../../ext/socket -I../.. -I../../.. -I/morello-hybrid/src/output/rootfs-aarch64/usr/include    -target aarch64-unknown-freebsd -march=armv8 --sysroot=/morello-hybrid/src/output/rootfs-aarch64 -I/morello-hybrid/src/output/rootfs-aarch64/usr/include -mbranch-protection=pac-ret -fstack-protector-strong -U_FORTIFY_SOURCE -D_FORTIFY_SOURCE=2 -fdeclspec  -O0 -fno-omit-frame-pointer -fno-fast-math -ggdb3 -Wall -Wextra -Wextra-tokens -Wdeprecated-declarations -Wdivision-by-zero -Wdiv-by-zero -Wimplicit-function-declaration -Wimplicit-int -Wpointer-arith -Wshorten-64-to-32 -Wwrite-strings -Wold-style-definition -Wmissing-noreturn -Wno-cast-function-type -Wno-constant-logical-operand -Wno-long-long -Wno-missing-field-initializers -Wno-overlength-strings -Wno-parentheses-equality -Wno-self-assign -Wno-tautological-compare -Wno-unused-parameter -Wno-unused-value -Wunused-variable -Wmisleading-indentation -Wundef conftest.c -L. -L../.. -L/morello-hybrid/src/output/rootfs-aarch64/usr/lib -Wl,-rpath,/morello-hybrid/src/output/rootfs-aarch64/usr/lib -L. -target aarch64-unknown-freebsd -march=armv8 --sysroot=/morello-hybrid/src/output/rootfs-aarch64 -fuse-ld=lld -lpthread -Wl,--gdb-index -fstack-protector-strong -L/morello-hybrid/src/output/rootfs-aarch64/usr/lib -Wl,-rpath,/morello-hybrid/src/output/rootfs-aarch64/usr/lib -rdynamic     -Wl,-rpath,/morello-hybrid/src/output/rootfs-aarch64/research/ruby-3.4.1/build -lruby-static -lexecinfo -lprocstat -lz -lrt -lrt -ldl -lcrypt -lm -lthr  -lsocket  -lm -lthr  -lc"
aarch64-unknown-freebsd-ld.lld: error: unable to find library -lsocket
clang: error: linker command failed with exit code 1 (use -v to see invocation)
checked program was:
/* begin */
 1: #include "ruby.h"
 2: 
 3: #include <sys/types.h>
 4: #include <netdb.h>
 5: #include <string.h>
 6: #include <sys/socket.h>
 7: #include <netinet/in.h>
 8: #include <sys/uio.h>
 9: #include <netinet/in_systm.h>
10: #include <netinet/tcp.h>
11: #include <netinet/tcp_fsm.h>
12: #include <netinet/udp.h>
13: #include <arpa/inet.h>
14: #include <net/ethernet.h>
15: #include <sys/un.h>
16: #include <ifaddrs.h>
17: #include <sys/ioctl.h>
18: #include <sys/sockio.h>
19: #include <net/if.h>
20: #include <sys/param.h>
21: #include <sys/ucred.h>
22: #include <net/if_dl.h>
23: #include <arpa/nameser.h>
24: #include <resolv.h>
25: #include <pthread.h>
26: #include <sched.h>
27: 
28: /*top*/
29: extern int t(void);
30: int main(int argc, char **argv)
31: {
32:   if (argc > 1000000) {
33:     int (* volatile tp)(void)=(int (*)(void))&t;
34:     printf("%d", (*tp)());
35:   }
36: 
37:   return !!argv[argc];
38: }
39: 
40: int t(void) { socket(0,0,0); return 0; }
/* end */

--------------------

have_func: checking for socket(0,0,0) in sys/types.h,netdb.h,string.h,sys/socket.h,netinet/in.h,sys/uio.h,netinet/in_systm.h,netinet/tcp.h,netinet/tcp_fsm.h,netinet/udp.h,arpa/inet.h,net/ethernet.h,sys/un.h,ifaddrs.h,sys/ioctl.h,sys/sockio.h,net/if.h,sys/param.h,sys/ucred.h,net/if_dl.h,arpa/nameser.h,resolv.h,pthread.h,sched.h... -------------------- yes

LD_LIBRARY_PATH=.:../..:/snap/ruby/438/lib: ASAN_OPTIONS=detect_leaks=0 "/morello-hybrid/src/output/sdk/bin/clang -o conftest -I../../.ext/include/aarch64-freebsd -I../../../include -I../../../ext/socket -I../.. -I../../.. -I/morello-hybrid/src/output/rootfs-aarch64/usr/include    -target aarch64-unknown-freebsd -march=armv8 --sysroot=/morello-hybrid/src/output/rootfs-aarch64 -I/morello-hybrid/src/output/rootfs-aarch64/usr/include -mbranch-protection=pac-ret -fstack-protector-strong -U_FORTIFY_SOURCE -D_FORTIFY_SOURCE=2 -fdeclspec  -O0 -fno-omit-frame-pointer -fno-fast-math -ggdb3 -Wall -Wextra -Wextra-tokens -Wdeprecated-declarations -Wdivision-by-zero -Wdiv-by-zero -Wimplicit-function-declaration -Wimplicit-int -Wpointer-arith -Wshorten-64-to-32 -Wwrite-strings -Wold-style-definition -Wmissing-noreturn -Wno-cast-function-type -Wno-constant-logical-operand -Wno-long-long -Wno-missing-field-initializers -Wno-overlength-strings -Wno-parentheses-equality -Wno-self-assign -Wno-tautological-compare -Wno-unused-parameter -Wno-unused-value -Wunused-variable -Wmisleading-indentation -Wundef conftest.c -L. -L../.. -L/morello-hybrid/src/output/rootfs-aarch64/usr/lib -Wl,-rpath,/morello-hybrid/src/output/rootfs-aarch64/usr/lib -L. -target aarch64-unknown-freebsd -march=armv8 --sysroot=/morello-hybrid/src/output/rootfs-aarch64 -fuse-ld=lld -lpthread -Wl,--gdb-index -fstack-protector-strong -L/morello-hybrid/src/output/rootfs-aarch64/usr/lib -Wl,-rpath,/morello-hybrid/src/output/rootfs-aarch64/usr/lib -rdynamic     -Wl,-rpath,/morello-hybrid/src/output/rootfs-aarch64/research/ruby-3.4.1/build -lruby-static -lexecinfo -lprocstat -lz -lrt -lrt -ldl -lcrypt -lm -lthr   -lm -lthr  -lc"
checked program was:
/* begin */
 1: #include "ruby.h"
 2: 
 3: #include <sys/types.h>
 4: #include <netdb.h>
 5: #include <string.h>
 6: #include <sys/socket.h>
 7: #include <netinet/in.h>
 8: #include <sys/uio.h>
 9: #include <netinet/in_systm.h>
10: #include <netinet/tcp.h>
11: #include <netinet/tcp_fsm.h>
12: #include <netinet/udp.h>
13: #include <arpa/inet.h>
14: #include <net/ethernet.h>
15: #include <sys/un.h>
16: #include <ifaddrs.h>
17: #include <sys/ioctl.h>
18: #include <sys/sockio.h>
19: #include <net/if.h>
20: #include <sys/param.h>
21: #include <sys/ucred.h>
22: #include <net/if_dl.h>
23: #include <arpa/nameser.h>
24: #include <resolv.h>
25: #include <pthread.h>
26: #include <sched.h>
27: 
28: /*top*/
29: extern int t(void);
30: int main(int argc, char **argv)
31: {
32:   if (argc > 1000000) {
33:     int (* volatile tp)(void)=(int (*)(void))&t;
34:     printf("%d", (*tp)());
35:   }
36: 
37:   return !!argv[argc];
38: }
39: 
40: int t(void) { socket(0,0,0); return 0; }
/* end */

--------------------

have_func: checking for sendmsg(0, (struct msghdr *)NULL, 0) in sys/types.h,netdb.h,string.h,sys/socket.h,netinet/in.h,sys/uio.h,netinet/in_systm.h,netinet/tcp.h,netinet/tcp_fsm.h,netinet/udp.h,arpa/inet.h,net/ethernet.h,sys/un.h,ifaddrs.h,sys/ioctl.h,sys/sockio.h,net/if.h,sys/param.h,sys/ucred.h,net/if_dl.h,arpa/nameser.h,resolv.h,pthread.h,sched.h... -------------------- yes

LD_LIBRARY_PATH=.:../..:/snap/ruby/438/lib: ASAN_OPTIONS=detect_leaks=0 "/morello-hybrid/src/output/sdk/bin/clang -o conftest -I../../.ext/include/aarch64-freebsd -I../../../include -I../../../ext/socket -I../.. -I../../.. -I/morello-hybrid/src/output/rootfs-aarch64/usr/include    -target aarch64-unknown-freebsd -march=armv8 --sysroot=/morello-hybrid/src/output/rootfs-aarch64 -I/morello-hybrid/src/output/rootfs-aarch64/usr/include -mbranch-protection=pac-ret -fstack-protector-strong -U_FORTIFY_SOURCE -D_FORTIFY_SOURCE=2 -fdeclspec  -O0 -fno-omit-frame-pointer -fno-fast-math -ggdb3 -Wall -Wextra -Wextra-tokens -Wdeprecated-declarations -Wdivision-by-zero -Wdiv-by-zero -Wimplicit-function-declaration -Wimplicit-int -Wpointer-arith -Wshorten-64-to-32 -Wwrite-strings -Wold-style-definition -Wmissing-noreturn -Wno-cast-function-type -Wno-constant-logical-operand -Wno-long-long -Wno-missing-field-initializers -Wno-overlength-strings -Wno-parentheses-equality -Wno-self-assign -Wno-tautological-compare -Wno-unused-parameter -Wno-unused-value -Wunused-variable -Wmisleading-indentation -Wundef conftest.c -L. -L../.. -L/morello-hybrid/src/output/rootfs-aarch64/usr/lib -Wl,-rpath,/morello-hybrid/src/output/rootfs-aarch64/usr/lib -L. -target aarch64-unknown-freebsd -march=armv8 --sysroot=/morello-hybrid/src/output/rootfs-aarch64 -fuse-ld=lld -lpthread -Wl,--gdb-index -fstack-protector-strong -L/morello-hybrid/src/output/rootfs-aarch64/usr/lib -Wl,-rpath,/morello-hybrid/src/output/rootfs-aarch64/usr/lib -rdynamic     -Wl,-rpath,/morello-hybrid/src/output/rootfs-aarch64/research/ruby-3.4.1/build -lruby-static -lexecinfo -lprocstat -lz -lrt -lrt -ldl -lcrypt -lm -lthr   -lm -lthr  -lc"
checked program was:
/* begin */
 1: #include "ruby.h"
 2: 
 3: #include <sys/types.h>
 4: #include <netdb.h>
 5: #include <string.h>
 6: #include <sys/socket.h>
 7: #include <netinet/in.h>
 8: #include <sys/uio.h>
 9: #include <netinet/in_systm.h>
10: #include <netinet/tcp.h>
11: #include <netinet/tcp_fsm.h>
12: #include <netinet/udp.h>
13: #include <arpa/inet.h>
14: #include <net/ethernet.h>
15: #include <sys/un.h>
16: #include <ifaddrs.h>
17: #include <sys/ioctl.h>
18: #include <sys/sockio.h>
19: #include <net/if.h>
20: #include <sys/param.h>
21: #include <sys/ucred.h>
22: #include <net/if_dl.h>
23: #include <arpa/nameser.h>
24: #include <resolv.h>
25: #include <pthread.h>
26: #include <sched.h>
27: 
28: /*top*/
29: extern int t(void);
30: int main(int argc, char **argv)
31: {
32:   if (argc > 1000000) {
33:     int (* volatile tp)(void)=(int (*)(void))&t;
34:     printf("%d", (*tp)());
35:   }
36: 
37:   return !!argv[argc];
38: }
39: 
40: int t(void) { sendmsg(0, (struct msghdr *)NULL, 0); return 0; }
/* end */

--------------------

have_func: checking for recvmsg(0, (struct msghdr *)NULL, 0) in sys/types.h,netdb.h,string.h,sys/socket.h,netinet/in.h,sys/uio.h,netinet/in_systm.h,netinet/tcp.h,netinet/tcp_fsm.h,netinet/udp.h,arpa/inet.h,net/ethernet.h,sys/un.h,ifaddrs.h,sys/ioctl.h,sys/sockio.h,net/if.h,sys/param.h,sys/ucred.h,net/if_dl.h,arpa/nameser.h,resolv.h,pthread.h,sched.h... -------------------- yes

LD_LIBRARY_PATH=.:../..:/snap/ruby/438/lib: ASAN_OPTIONS=detect_leaks=0 "/morello-hybrid/src/output/sdk/bin/clang -o conftest -I../../.ext/include/aarch64-freebsd -I../../../include -I../../../ext/socket -I../.. -I../../.. -I/morello-hybrid/src/output/rootfs-aarch64/usr/include    -target aarch64-unknown-freebsd -march=armv8 --sysroot=/morello-hybrid/src/output/rootfs-aarch64 -I/morello-hybrid/src/output/rootfs-aarch64/usr/include -mbranch-protection=pac-ret -fstack-protector-strong -U_FORTIFY_SOURCE -D_FORTIFY_SOURCE=2 -fdeclspec  -O0 -fno-omit-frame-pointer -fno-fast-math -ggdb3 -Wall -Wextra -Wextra-tokens -Wdeprecated-declarations -Wdivision-by-zero -Wdiv-by-zero -Wimplicit-function-declaration -Wimplicit-int -Wpointer-arith -Wshorten-64-to-32 -Wwrite-strings -Wold-style-definition -Wmissing-noreturn -Wno-cast-function-type -Wno-constant-logical-operand -Wno-long-long -Wno-missing-field-initializers -Wno-overlength-strings -Wno-parentheses-equality -Wno-self-assign -Wno-tautological-compare -Wno-unused-parameter -Wno-unused-value -Wunused-variable -Wmisleading-indentation -Wundef conftest.c -L. -L../.. -L/morello-hybrid/src/output/rootfs-aarch64/usr/lib -Wl,-rpath,/morello-hybrid/src/output/rootfs-aarch64/usr/lib -L. -target aarch64-unknown-freebsd -march=armv8 --sysroot=/morello-hybrid/src/output/rootfs-aarch64 -fuse-ld=lld -lpthread -Wl,--gdb-index -fstack-protector-strong -L/morello-hybrid/src/output/rootfs-aarch64/usr/lib -Wl,-rpath,/morello-hybrid/src/output/rootfs-aarch64/usr/lib -rdynamic     -Wl,-rpath,/morello-hybrid/src/output/rootfs-aarch64/research/ruby-3.4.1/build -lruby-static -lexecinfo -lprocstat -lz -lrt -lrt -ldl -lcrypt -lm -lthr   -lm -lthr  -lc"
checked program was:
/* begin */
 1: #include "ruby.h"
 2: 
 3: #include <sys/types.h>
 4: #include <netdb.h>
 5: #include <string.h>
 6: #include <sys/socket.h>
 7: #include <netinet/in.h>
 8: #include <sys/uio.h>
 9: #include <netinet/in_systm.h>
10: #include <netinet/tcp.h>
11: #include <netinet/tcp_fsm.h>
12: #include <netinet/udp.h>
13: #include <arpa/inet.h>
14: #include <net/ethernet.h>
15: #include <sys/un.h>
16: #include <ifaddrs.h>
17: #include <sys/ioctl.h>
18: #include <sys/sockio.h>
19: #include <net/if.h>
20: #include <sys/param.h>
21: #include <sys/ucred.h>
22: #include <net/if_dl.h>
23: #include <arpa/nameser.h>
24: #include <resolv.h>
25: #include <pthread.h>
26: #include <sched.h>
27: 
28: /*top*/
29: extern int t(void);
30: int main(int argc, char **argv)
31: {
32:   if (argc > 1000000) {
33:     int (* volatile tp)(void)=(int (*)(void))&t;
34:     printf("%d", (*tp)());
35:   }
36: 
37:   return !!argv[argc];
38: }
39: 
40: int t(void) { recvmsg(0, (struct msghdr *)NULL, 0); return 0; }
/* end */

--------------------

have_func: checking for freehostent((struct hostent *)NULL) in sys/types.h,netdb.h,string.h,sys/socket.h,netinet/in.h,sys/uio.h,netinet/in_systm.h,netinet/tcp.h,netinet/tcp_fsm.h,netinet/udp.h,arpa/inet.h,net/ethernet.h,sys/un.h,ifaddrs.h,sys/ioctl.h,sys/sockio.h,net/if.h,sys/param.h,sys/ucred.h,net/if_dl.h,arpa/nameser.h,resolv.h,pthread.h,sched.h... -------------------- yes

LD_LIBRARY_PATH=.:../..:/snap/ruby/438/lib: ASAN_OPTIONS=detect_leaks=0 "/morello-hybrid/src/output/sdk/bin/clang -o conftest -I../../.ext/include/aarch64-freebsd -I../../../include -I../../../ext/socket -I../.. -I../../.. -I/morello-hybrid/src/output/rootfs-aarch64/usr/include    -target aarch64-unknown-freebsd -march=armv8 --sysroot=/morello-hybrid/src/output/rootfs-aarch64 -I/morello-hybrid/src/output/rootfs-aarch64/usr/include -mbranch-protection=pac-ret -fstack-protector-strong -U_FORTIFY_SOURCE -D_FORTIFY_SOURCE=2 -fdeclspec  -O0 -fno-omit-frame-pointer -fno-fast-math -ggdb3 -Wall -Wextra -Wextra-tokens -Wdeprecated-declarations -Wdivision-by-zero -Wdiv-by-zero -Wimplicit-function-declaration -Wimplicit-int -Wpointer-arith -Wshorten-64-to-32 -Wwrite-strings -Wold-style-definition -Wmissing-noreturn -Wno-cast-function-type -Wno-constant-logical-operand -Wno-long-long -Wno-missing-field-initializers -Wno-overlength-strings -Wno-parentheses-equality -Wno-self-assign -Wno-tautological-compare -Wno-unused-parameter -Wno-unused-value -Wunused-variable -Wmisleading-indentation -Wundef conftest.c -L. -L../.. -L/morello-hybrid/src/output/rootfs-aarch64/usr/lib -Wl,-rpath,/morello-hybrid/src/output/rootfs-aarch64/usr/lib -L. -target aarch64-unknown-freebsd -march=armv8 --sysroot=/morello-hybrid/src/output/rootfs-aarch64 -fuse-ld=lld -lpthread -Wl,--gdb-index -fstack-protector-strong -L/morello-hybrid/src/output/rootfs-aarch64/usr/lib -Wl,-rpath,/morello-hybrid/src/output/rootfs-aarch64/usr/lib -rdynamic     -Wl,-rpath,/morello-hybrid/src/output/rootfs-aarch64/research/ruby-3.4.1/build -lruby-static -lexecinfo -lprocstat -lz -lrt -lrt -ldl -lcrypt -lm -lthr   -lm -lthr  -lc"
checked program was:
/* begin */
 1: #include "ruby.h"
 2: 
 3: #include <sys/types.h>
 4: #include <netdb.h>
 5: #include <string.h>
 6: #include <sys/socket.h>
 7: #include <netinet/in.h>
 8: #include <sys/uio.h>
 9: #include <netinet/in_systm.h>
10: #include <netinet/tcp.h>
11: #include <netinet/tcp_fsm.h>
12: #include <netinet/udp.h>
13: #include <arpa/inet.h>
14: #include <net/ethernet.h>
15: #include <sys/un.h>
16: #include <ifaddrs.h>
17: #include <sys/ioctl.h>
18: #include <sys/sockio.h>
19: #include <net/if.h>
20: #include <sys/param.h>
21: #include <sys/ucred.h>
22: #include <net/if_dl.h>
23: #include <arpa/nameser.h>
24: #include <resolv.h>
25: #include <pthread.h>
26: #include <sched.h>
27: 
28: /*top*/
29: extern int t(void);
30: int main(int argc, char **argv)
31: {
32:   if (argc > 1000000) {
33:     int (* volatile tp)(void)=(int (*)(void))&t;
34:     printf("%d", (*tp)());
35:   }
36: 
37:   return !!argv[argc];
38: }
39: 
40: int t(void) { freehostent((struct hostent *)NULL); return 0; }
/* end */

--------------------

have_func: checking for freeaddrinfo((struct addrinfo *)NULL) in sys/types.h,netdb.h,string.h,sys/socket.h,netinet/in.h,sys/uio.h,netinet/in_systm.h,netinet/tcp.h,netinet/tcp_fsm.h,netinet/udp.h,arpa/inet.h,net/ethernet.h,sys/un.h,ifaddrs.h,sys/ioctl.h,sys/sockio.h,net/if.h,sys/param.h,sys/ucred.h,net/if_dl.h,arpa/nameser.h,resolv.h,pthread.h,sched.h... -------------------- yes

LD_LIBRARY_PATH=.:../..:/snap/ruby/438/lib: ASAN_OPTIONS=detect_leaks=0 "/morello-hybrid/src/output/sdk/bin/clang -o conftest -I../../.ext/include/aarch64-freebsd -I../../../include -I../../../ext/socket -I../.. -I../../.. -I/morello-hybrid/src/output/rootfs-aarch64/usr/include    -target aarch64-unknown-freebsd -march=armv8 --sysroot=/morello-hybrid/src/output/rootfs-aarch64 -I/morello-hybrid/src/output/rootfs-aarch64/usr/include -mbranch-protection=pac-ret -fstack-protector-strong -U_FORTIFY_SOURCE -D_FORTIFY_SOURCE=2 -fdeclspec  -O0 -fno-omit-frame-pointer -fno-fast-math -ggdb3 -Wall -Wextra -Wextra-tokens -Wdeprecated-declarations -Wdivision-by-zero -Wdiv-by-zero -Wimplicit-function-declaration -Wimplicit-int -Wpointer-arith -Wshorten-64-to-32 -Wwrite-strings -Wold-style-definition -Wmissing-noreturn -Wno-cast-function-type -Wno-constant-logical-operand -Wno-long-long -Wno-missing-field-initializers -Wno-overlength-strings -Wno-parentheses-equality -Wno-self-assign -Wno-tautological-compare -Wno-unused-parameter -Wno-unused-value -Wunused-variable -Wmisleading-indentation -Wundef conftest.c -L. -L../.. -L/morello-hybrid/src/output/rootfs-aarch64/usr/lib -Wl,-rpath,/morello-hybrid/src/output/rootfs-aarch64/usr/lib -L. -target aarch64-unknown-freebsd -march=armv8 --sysroot=/morello-hybrid/src/output/rootfs-aarch64 -fuse-ld=lld -lpthread -Wl,--gdb-index -fstack-protector-strong -L/morello-hybrid/src/output/rootfs-aarch64/usr/lib -Wl,-rpath,/morello-hybrid/src/output/rootfs-aarch64/usr/lib -rdynamic     -Wl,-rpath,/morello-hybrid/src/output/rootfs-aarch64/research/ruby-3.4.1/build -lruby-static -lexecinfo -lprocstat -lz -lrt -lrt -ldl -lcrypt -lm -lthr   -lm -lthr  -lc"
checked program was:
/* begin */
 1: #include "ruby.h"
 2: 
 3: #include <sys/types.h>
 4: #include <netdb.h>
 5: #include <string.h>
 6: #include <sys/socket.h>
 7: #include <netinet/in.h>
 8: #include <sys/uio.h>
 9: #include <netinet/in_systm.h>
10: #include <netinet/tcp.h>
11: #include <netinet/tcp_fsm.h>
12: #include <netinet/udp.h>
13: #include <arpa/inet.h>
14: #include <net/ethernet.h>
15: #include <sys/un.h>
16: #include <ifaddrs.h>
17: #include <sys/ioctl.h>
18: #include <sys/sockio.h>
19: #include <net/if.h>
20: #include <sys/param.h>
21: #include <sys/ucred.h>
22: #include <net/if_dl.h>
23: #include <arpa/nameser.h>
24: #include <resolv.h>
25: #include <pthread.h>
26: #include <sched.h>
27: 
28: /*top*/
29: extern int t(void);
30: int main(int argc, char **argv)
31: {
32:   if (argc > 1000000) {
33:     int (* volatile tp)(void)=(int (*)(void))&t;
34:     printf("%d", (*tp)());
35:   }
36: 
37:   return !!argv[argc];
38: }
39: 
40: int t(void) { freeaddrinfo((struct addrinfo *)NULL); return 0; }
/* end */

--------------------

have_func: checking for gai_strerror(0) in sys/types.h,netdb.h,string.h,sys/socket.h,netinet/in.h,sys/uio.h,netinet/in_systm.h,netinet/tcp.h,netinet/tcp_fsm.h,netinet/udp.h,arpa/inet.h,net/ethernet.h,sys/un.h,ifaddrs.h,sys/ioctl.h,sys/sockio.h,net/if.h,sys/param.h,sys/ucred.h,net/if_dl.h,arpa/nameser.h,resolv.h,pthread.h,sched.h... -------------------- yes

LD_LIBRARY_PATH=.:../..:/snap/ruby/438/lib: ASAN_OPTIONS=detect_leaks=0 "/morello-hybrid/src/output/sdk/bin/clang -o conftest -I../../.ext/include/aarch64-freebsd -I../../../include -I../../../ext/socket -I../.. -I../../.. -I/morello-hybrid/src/output/rootfs-aarch64/usr/include    -target aarch64-unknown-freebsd -march=armv8 --sysroot=/morello-hybrid/src/output/rootfs-aarch64 -I/morello-hybrid/src/output/rootfs-aarch64/usr/include -mbranch-protection=pac-ret -fstack-protector-strong -U_FORTIFY_SOURCE -D_FORTIFY_SOURCE=2 -fdeclspec  -O0 -fno-omit-frame-pointer -fno-fast-math -ggdb3 -Wall -Wextra -Wextra-tokens -Wdeprecated-declarations -Wdivision-by-zero -Wdiv-by-zero -Wimplicit-function-declaration -Wimplicit-int -Wpointer-arith -Wshorten-64-to-32 -Wwrite-strings -Wold-style-definition -Wmissing-noreturn -Wno-cast-function-type -Wno-constant-logical-operand -Wno-long-long -Wno-missing-field-initializers -Wno-overlength-strings -Wno-parentheses-equality -Wno-self-assign -Wno-tautological-compare -Wno-unused-parameter -Wno-unused-value -Wunused-variable -Wmisleading-indentation -Wundef conftest.c -L. -L../.. -L/morello-hybrid/src/output/rootfs-aarch64/usr/lib -Wl,-rpath,/morello-hybrid/src/output/rootfs-aarch64/usr/lib -L. -target aarch64-unknown-freebsd -march=armv8 --sysroot=/morello-hybrid/src/output/rootfs-aarch64 -fuse-ld=lld -lpthread -Wl,--gdb-index -fstack-protector-strong -L/morello-hybrid/src/output/rootfs-aarch64/usr/lib -Wl,-rpath,/morello-hybrid/src/output/rootfs-aarch64/usr/lib -rdynamic     -Wl,-rpath,/morello-hybrid/src/output/rootfs-aarch64/research/ruby-3.4.1/build -lruby-static -lexecinfo -lprocstat -lz -lrt -lrt -ldl -lcrypt -lm -lthr   -lm -lthr  -lc"
checked program was:
/* begin */
 1: #include "ruby.h"
 2: 
 3: #include <sys/types.h>
 4: #include <netdb.h>
 5: #include <string.h>
 6: #include <sys/socket.h>
 7: #include <netinet/in.h>
 8: #include <sys/uio.h>
 9: #include <netinet/in_systm.h>
10: #include <netinet/tcp.h>
11: #include <netinet/tcp_fsm.h>
12: #include <netinet/udp.h>
13: #include <arpa/inet.h>
14: #include <net/ethernet.h>
15: #include <sys/un.h>
16: #include <ifaddrs.h>
17: #include <sys/ioctl.h>
18: #include <sys/sockio.h>
19: #include <net/if.h>
20: #include <sys/param.h>
21: #include <sys/ucred.h>
22: #include <net/if_dl.h>
23: #include <arpa/nameser.h>
24: #include <resolv.h>
25: #include <pthread.h>
26: #include <sched.h>
27: 
28: /*top*/
29: extern int t(void);
30: int main(int argc, char **argv)
31: {
32:   if (argc > 1000000) {
33:     int (* volatile tp)(void)=(int (*)(void))&t;
34:     printf("%d", (*tp)());
35:   }
36: 
37:   return !!argv[argc];
38: }
39: 
40: int t(void) { gai_strerror(0); return 0; }
/* end */

--------------------

checking for gai_strerror() returns const pointer... -------------------- yes

LD_LIBRARY_PATH=.:../..:/snap/ruby/438/lib: ASAN_OPTIONS=detect_leaks=0 "/morello-hybrid/src/output/sdk/bin/clang -I../../.ext/include/aarch64-freebsd -I../../../include -I../../../ext/socket -I../.. -I../../.. -I/morello-hybrid/src/output/rootfs-aarch64/usr/include    -target aarch64-unknown-freebsd -march=armv8 --sysroot=/morello-hybrid/src/output/rootfs-aarch64 -I/morello-hybrid/src/output/rootfs-aarch64/usr/include -mbranch-protection=pac-ret -fstack-protector-strong -U_FORTIFY_SOURCE -D_FORTIFY_SOURCE=2 -fdeclspec  -O0 -fno-omit-frame-pointer -fno-fast-math -ggdb3 -Wall -Wextra -Wextra-tokens -Wdeprecated-declarations -Wdivision-by-zero -Wdiv-by-zero -Wimplicit-function-declaration -Wimplicit-int -Wpointer-arith -Wshorten-64-to-32 -Wwrite-strings -Wold-style-definition -Wmissing-noreturn -Wno-cast-function-type -Wno-constant-logical-operand -Wno-long-long -Wno-missing-field-initializers -Wno-overlength-strings -Wno-parentheses-equality -Wno-self-assign -Wno-tautological-compare -Wno-unused-parameter -Wno-unused-value -Wunused-variable -Wmisleading-indentation -Wundef   -c conftest.c"
conftest.c:32:22: error: read-only variable is not assignable
   32 |     *gai_strerror(0) = 0;
      |     ~~~~~~~~~~~~~~~~ ^
1 error generated.
checked program was:
/* begin */
 1: #include "ruby.h"
 2: 
 3: #include <sys/types.h>
 4: #include <netdb.h>
 5: #include <string.h>
 6: #include <sys/socket.h>
 7: #include <netinet/in.h>
 8: #include <sys/uio.h>
 9: #include <netinet/in_systm.h>
10: #include <netinet/tcp.h>
11: #include <netinet/tcp_fsm.h>
12: #include <netinet/udp.h>
13: #include <arpa/inet.h>
14: #include <net/ethernet.h>
15: #include <sys/un.h>
16: #include <ifaddrs.h>
17: #include <sys/ioctl.h>
18: #include <sys/sockio.h>
19: #include <net/if.h>
20: #include <sys/param.h>
21: #include <sys/ucred.h>
22: #include <net/if_dl.h>
23: #include <arpa/nameser.h>
24: #include <resolv.h>
25: #include <pthread.h>
26: #include <sched.h>
27: 
28: #include <stdlib.h>
29: void
30: conftest_gai_strerror_is_const()
31: {
32:     *gai_strerror(0) = 0;
33: }
/* end */

--------------------

have_func: checking for accept4() in sys/types.h,netdb.h,string.h,sys/socket.h,netinet/in.h,sys/uio.h,netinet/in_systm.h,netinet/tcp.h,netinet/tcp_fsm.h,netinet/udp.h,arpa/inet.h,net/ethernet.h,sys/un.h,ifaddrs.h,sys/ioctl.h,sys/sockio.h,net/if.h,sys/param.h,sys/ucred.h,net/if_dl.h,arpa/nameser.h,resolv.h,pthread.h,sched.h... -------------------- yes

LD_LIBRARY_PATH=.:../..:/snap/ruby/438/lib: ASAN_OPTIONS=detect_leaks=0 "/morello-hybrid/src/output/sdk/bin/clang -o conftest -I../../.ext/include/aarch64-freebsd -I../../../include -I../../../ext/socket -I../.. -I../../.. -I/morello-hybrid/src/output/rootfs-aarch64/usr/include    -target aarch64-unknown-freebsd -march=armv8 --sysroot=/morello-hybrid/src/output/rootfs-aarch64 -I/morello-hybrid/src/output/rootfs-aarch64/usr/include -mbranch-protection=pac-ret -fstack-protector-strong -U_FORTIFY_SOURCE -D_FORTIFY_SOURCE=2 -fdeclspec  -O0 -fno-omit-frame-pointer -fno-fast-math -ggdb3 -Wall -Wextra -Wextra-tokens -Wdeprecated-declarations -Wdivision-by-zero -Wdiv-by-zero -Wimplicit-function-declaration -Wimplicit-int -Wpointer-arith -Wshorten-64-to-32 -Wwrite-strings -Wold-style-definition -Wmissing-noreturn -Wno-cast-function-type -Wno-constant-logical-operand -Wno-long-long -Wno-missing-field-initializers -Wno-overlength-strings -Wno-parentheses-equality -Wno-self-assign -Wno-tautological-compare -Wno-unused-parameter -Wno-unused-value -Wunused-variable -Wmisleading-indentation -Wundef conftest.c -L. -L../.. -L/morello-hybrid/src/output/rootfs-aarch64/usr/lib -Wl,-rpath,/morello-hybrid/src/output/rootfs-aarch64/usr/lib -L. -target aarch64-unknown-freebsd -march=armv8 --sysroot=/morello-hybrid/src/output/rootfs-aarch64 -fuse-ld=lld -lpthread -Wl,--gdb-index -fstack-protector-strong -L/morello-hybrid/src/output/rootfs-aarch64/usr/lib -Wl,-rpath,/morello-hybrid/src/output/rootfs-aarch64/usr/lib -rdynamic     -Wl,-rpath,/morello-hybrid/src/output/rootfs-aarch64/research/ruby-3.4.1/build -lruby-static -lexecinfo -lprocstat -lz -lrt -lrt -ldl -lcrypt -lm -lthr   -lm -lthr  -lc"
checked program was:
/* begin */
 1: #include "ruby.h"
 2: 
 3: #include <sys/types.h>
 4: #include <netdb.h>
 5: #include <string.h>
 6: #include <sys/socket.h>
 7: #include <netinet/in.h>
 8: #include <sys/uio.h>
 9: #include <netinet/in_systm.h>
10: #include <netinet/tcp.h>
11: #include <netinet/tcp_fsm.h>
12: #include <netinet/udp.h>
13: #include <arpa/inet.h>
14: #include <net/ethernet.h>
15: #include <sys/un.h>
16: #include <ifaddrs.h>
17: #include <sys/ioctl.h>
18: #include <sys/sockio.h>
19: #include <net/if.h>
20: #include <sys/param.h>
21: #include <sys/ucred.h>
22: #include <net/if_dl.h>
23: #include <arpa/nameser.h>
24: #include <resolv.h>
25: #include <pthread.h>
26: #include <sched.h>
27: 
28: /*top*/
29: extern int t(void);
30: int main(int argc, char **argv)
31: {
32:   if (argc > 1000000) {
33:     int (* volatile tp)(void)=(int (*)(void))&t;
34:     printf("%d", (*tp)());
35:   }
36: 
37:   return !!argv[argc];
38: }
39: int t(void) { void ((*volatile p)()); p = (void ((*)()))accept4; return !p; }
/* end */

--------------------

have_func: checking for inet_ntop(0, (const void *)0, (char *)0, 0) in sys/types.h,netdb.h,string.h,sys/socket.h,netinet/in.h,sys/uio.h,netinet/in_systm.h,netinet/tcp.h,netinet/tcp_fsm.h,netinet/udp.h,arpa/inet.h,net/ethernet.h,sys/un.h,ifaddrs.h,sys/ioctl.h,sys/sockio.h,net/if.h,sys/param.h,sys/ucred.h,net/if_dl.h,arpa/nameser.h,resolv.h,pthread.h,sched.h... -------------------- yes

LD_LIBRARY_PATH=.:../..:/snap/ruby/438/lib: ASAN_OPTIONS=detect_leaks=0 "/morello-hybrid/src/output/sdk/bin/clang -o conftest -I../../.ext/include/aarch64-freebsd -I../../../include -I../../../ext/socket -I../.. -I../../.. -I/morello-hybrid/src/output/rootfs-aarch64/usr/include    -target aarch64-unknown-freebsd -march=armv8 --sysroot=/morello-hybrid/src/output/rootfs-aarch64 -I/morello-hybrid/src/output/rootfs-aarch64/usr/include -mbranch-protection=pac-ret -fstack-protector-strong -U_FORTIFY_SOURCE -D_FORTIFY_SOURCE=2 -fdeclspec  -O0 -fno-omit-frame-pointer -fno-fast-math -ggdb3 -Wall -Wextra -Wextra-tokens -Wdeprecated-declarations -Wdivision-by-zero -Wdiv-by-zero -Wimplicit-function-declaration -Wimplicit-int -Wpointer-arith -Wshorten-64-to-32 -Wwrite-strings -Wold-style-definition -Wmissing-noreturn -Wno-cast-function-type -Wno-constant-logical-operand -Wno-long-long -Wno-missing-field-initializers -Wno-overlength-strings -Wno-parentheses-equality -Wno-self-assign -Wno-tautological-compare -Wno-unused-parameter -Wno-unused-value -Wunused-variable -Wmisleading-indentation -Wundef conftest.c -L. -L../.. -L/morello-hybrid/src/output/rootfs-aarch64/usr/lib -Wl,-rpath,/morello-hybrid/src/output/rootfs-aarch64/usr/lib -L. -target aarch64-unknown-freebsd -march=armv8 --sysroot=/morello-hybrid/src/output/rootfs-aarch64 -fuse-ld=lld -lpthread -Wl,--gdb-index -fstack-protector-strong -L/morello-hybrid/src/output/rootfs-aarch64/usr/lib -Wl,-rpath,/morello-hybrid/src/output/rootfs-aarch64/usr/lib -rdynamic     -Wl,-rpath,/morello-hybrid/src/output/rootfs-aarch64/research/ruby-3.4.1/build -lruby-static -lexecinfo -lprocstat -lz -lrt -lrt -ldl -lcrypt -lm -lthr   -lm -lthr  -lc"
checked program was:
/* begin */
 1: #include "ruby.h"
 2: 
 3: #include <sys/types.h>
 4: #include <netdb.h>
 5: #include <string.h>
 6: #include <sys/socket.h>
 7: #include <netinet/in.h>
 8: #include <sys/uio.h>
 9: #include <netinet/in_systm.h>
10: #include <netinet/tcp.h>
11: #include <netinet/tcp_fsm.h>
12: #include <netinet/udp.h>
13: #include <arpa/inet.h>
14: #include <net/ethernet.h>
15: #include <sys/un.h>
16: #include <ifaddrs.h>
17: #include <sys/ioctl.h>
18: #include <sys/sockio.h>
19: #include <net/if.h>
20: #include <sys/param.h>
21: #include <sys/ucred.h>
22: #include <net/if_dl.h>
23: #include <arpa/nameser.h>
24: #include <resolv.h>
25: #include <pthread.h>
26: #include <sched.h>
27: 
28: /*top*/
29: extern int t(void);
30: int main(int argc, char **argv)
31: {
32:   if (argc > 1000000) {
33:     int (* volatile tp)(void)=(int (*)(void))&t;
34:     printf("%d", (*tp)());
35:   }
36: 
37:   return !!argv[argc];
38: }
39: 
40: int t(void) { inet_ntop(0, (const void *)0, (char *)0, 0); return 0; }
/* end */

--------------------

have_func: checking for inet_pton(0, "", (void *)0) in sys/types.h,netdb.h,string.h,sys/socket.h,netinet/in.h,sys/uio.h,netinet/in_systm.h,netinet/tcp.h,netinet/tcp_fsm.h,netinet/udp.h,arpa/inet.h,net/ethernet.h,sys/un.h,ifaddrs.h,sys/ioctl.h,sys/sockio.h,net/if.h,sys/param.h,sys/ucred.h,net/if_dl.h,arpa/nameser.h,resolv.h,pthread.h,sched.h... -------------------- yes

LD_LIBRARY_PATH=.:../..:/snap/ruby/438/lib: ASAN_OPTIONS=detect_leaks=0 "/morello-hybrid/src/output/sdk/bin/clang -o conftest -I../../.ext/include/aarch64-freebsd -I../../../include -I../../../ext/socket -I../.. -I../../.. -I/morello-hybrid/src/output/rootfs-aarch64/usr/include    -target aarch64-unknown-freebsd -march=armv8 --sysroot=/morello-hybrid/src/output/rootfs-aarch64 -I/morello-hybrid/src/output/rootfs-aarch64/usr/include -mbranch-protection=pac-ret -fstack-protector-strong -U_FORTIFY_SOURCE -D_FORTIFY_SOURCE=2 -fdeclspec  -O0 -fno-omit-frame-pointer -fno-fast-math -ggdb3 -Wall -Wextra -Wextra-tokens -Wdeprecated-declarations -Wdivision-by-zero -Wdiv-by-zero -Wimplicit-function-declaration -Wimplicit-int -Wpointer-arith -Wshorten-64-to-32 -Wwrite-strings -Wold-style-definition -Wmissing-noreturn -Wno-cast-function-type -Wno-constant-logical-operand -Wno-long-long -Wno-missing-field-initializers -Wno-overlength-strings -Wno-parentheses-equality -Wno-self-assign -Wno-tautological-compare -Wno-unused-parameter -Wno-unused-value -Wunused-variable -Wmisleading-indentation -Wundef conftest.c -L. -L../.. -L/morello-hybrid/src/output/rootfs-aarch64/usr/lib -Wl,-rpath,/morello-hybrid/src/output/rootfs-aarch64/usr/lib -L. -target aarch64-unknown-freebsd -march=armv8 --sysroot=/morello-hybrid/src/output/rootfs-aarch64 -fuse-ld=lld -lpthread -Wl,--gdb-index -fstack-protector-strong -L/morello-hybrid/src/output/rootfs-aarch64/usr/lib -Wl,-rpath,/morello-hybrid/src/output/rootfs-aarch64/usr/lib -rdynamic     -Wl,-rpath,/morello-hybrid/src/output/rootfs-aarch64/research/ruby-3.4.1/build -lruby-static -lexecinfo -lprocstat -lz -lrt -lrt -ldl -lcrypt -lm -lthr   -lm -lthr  -lc"
checked program was:
/* begin */
 1: #include "ruby.h"
 2: 
 3: #include <sys/types.h>
 4: #include <netdb.h>
 5: #include <string.h>
 6: #include <sys/socket.h>
 7: #include <netinet/in.h>
 8: #include <sys/uio.h>
 9: #include <netinet/in_systm.h>
10: #include <netinet/tcp.h>
11: #include <netinet/tcp_fsm.h>
12: #include <netinet/udp.h>
13: #include <arpa/inet.h>
14: #include <net/ethernet.h>
15: #include <sys/un.h>
16: #include <ifaddrs.h>
17: #include <sys/ioctl.h>
18: #include <sys/sockio.h>
19: #include <net/if.h>
20: #include <sys/param.h>
21: #include <sys/ucred.h>
22: #include <net/if_dl.h>
23: #include <arpa/nameser.h>
24: #include <resolv.h>
25: #include <pthread.h>
26: #include <sched.h>
27: 
28: /*top*/
29: extern int t(void);
30: int main(int argc, char **argv)
31: {
32:   if (argc > 1000000) {
33:     int (* volatile tp)(void)=(int (*)(void))&t;
34:     printf("%d", (*tp)());
35:   }
36: 
37:   return !!argv[argc];
38: }
39: 
40: int t(void) { char s1[1024]; inet_pton(0, s1, (void *)0); return 0; }
/* end */

--------------------

have_func: checking for getservbyport(0, "") in sys/types.h,netdb.h,string.h,sys/socket.h,netinet/in.h,sys/uio.h,netinet/in_systm.h,netinet/tcp.h,netinet/tcp_fsm.h,netinet/udp.h,arpa/inet.h,net/ethernet.h,sys/un.h,ifaddrs.h,sys/ioctl.h,sys/sockio.h,net/if.h,sys/param.h,sys/ucred.h,net/if_dl.h,arpa/nameser.h,resolv.h,pthread.h,sched.h... -------------------- yes

LD_LIBRARY_PATH=.:../..:/snap/ruby/438/lib: ASAN_OPTIONS=detect_leaks=0 "/morello-hybrid/src/output/sdk/bin/clang -o conftest -I../../.ext/include/aarch64-freebsd -I../../../include -I../../../ext/socket -I../.. -I../../.. -I/morello-hybrid/src/output/rootfs-aarch64/usr/include    -target aarch64-unknown-freebsd -march=armv8 --sysroot=/morello-hybrid/src/output/rootfs-aarch64 -I/morello-hybrid/src/output/rootfs-aarch64/usr/include -mbranch-protection=pac-ret -fstack-protector-strong -U_FORTIFY_SOURCE -D_FORTIFY_SOURCE=2 -fdeclspec  -O0 -fno-omit-frame-pointer -fno-fast-math -ggdb3 -Wall -Wextra -Wextra-tokens -Wdeprecated-declarations -Wdivision-by-zero -Wdiv-by-zero -Wimplicit-function-declaration -Wimplicit-int -Wpointer-arith -Wshorten-64-to-32 -Wwrite-strings -Wold-style-definition -Wmissing-noreturn -Wno-cast-function-type -Wno-constant-logical-operand -Wno-long-long -Wno-missing-field-initializers -Wno-overlength-strings -Wno-parentheses-equality -Wno-self-assign -Wno-tautological-compare -Wno-unused-parameter -Wno-unused-value -Wunused-variable -Wmisleading-indentation -Wundef conftest.c -L. -L../.. -L/morello-hybrid/src/output/rootfs-aarch64/usr/lib -Wl,-rpath,/morello-hybrid/src/output/rootfs-aarch64/usr/lib -L. -target aarch64-unknown-freebsd -march=armv8 --sysroot=/morello-hybrid/src/output/rootfs-aarch64 -fuse-ld=lld -lpthread -Wl,--gdb-index -fstack-protector-strong -L/morello-hybrid/src/output/rootfs-aarch64/usr/lib -Wl,-rpath,/morello-hybrid/src/output/rootfs-aarch64/usr/lib -rdynamic     -Wl,-rpath,/morello-hybrid/src/output/rootfs-aarch64/research/ruby-3.4.1/build -lruby-static -lexecinfo -lprocstat -lz -lrt -lrt -ldl -lcrypt -lm -lthr   -lm -lthr  -lc"
checked program was:
/* begin */
 1: #include "ruby.h"
 2: 
 3: #include <sys/types.h>
 4: #include <netdb.h>
 5: #include <string.h>
 6: #include <sys/socket.h>
 7: #include <netinet/in.h>
 8: #include <sys/uio.h>
 9: #include <netinet/in_systm.h>
10: #include <netinet/tcp.h>
11: #include <netinet/tcp_fsm.h>
12: #include <netinet/udp.h>
13: #include <arpa/inet.h>
14: #include <net/ethernet.h>
15: #include <sys/un.h>
16: #include <ifaddrs.h>
17: #include <sys/ioctl.h>
18: #include <sys/sockio.h>
19: #include <net/if.h>
20: #include <sys/param.h>
21: #include <sys/ucred.h>
22: #include <net/if_dl.h>
23: #include <arpa/nameser.h>
24: #include <resolv.h>
25: #include <pthread.h>
26: #include <sched.h>
27: 
28: /*top*/
29: extern int t(void);
30: int main(int argc, char **argv)
31: {
32:   if (argc > 1000000) {
33:     int (* volatile tp)(void)=(int (*)(void))&t;
34:     printf("%d", (*tp)());
35:   }
36: 
37:   return !!argv[argc];
38: }
39: 
40: int t(void) { char s1[1024]; getservbyport(0, s1); return 0; }
/* end */

--------------------

have_func: checking for getifaddrs((struct ifaddrs **)NULL) in sys/types.h,netdb.h,string.h,sys/socket.h,netinet/in.h,sys/uio.h,netinet/in_systm.h,netinet/tcp.h,netinet/tcp_fsm.h,netinet/udp.h,arpa/inet.h,net/ethernet.h,sys/un.h,ifaddrs.h,sys/ioctl.h,sys/sockio.h,net/if.h,sys/param.h,sys/ucred.h,net/if_dl.h,arpa/nameser.h,resolv.h,pthread.h,sched.h... -------------------- yes

LD_LIBRARY_PATH=.:../..:/snap/ruby/438/lib: ASAN_OPTIONS=detect_leaks=0 "/morello-hybrid/src/output/sdk/bin/clang -o conftest -I../../.ext/include/aarch64-freebsd -I../../../include -I../../../ext/socket -I../.. -I../../.. -I/morello-hybrid/src/output/rootfs-aarch64/usr/include    -target aarch64-unknown-freebsd -march=armv8 --sysroot=/morello-hybrid/src/output/rootfs-aarch64 -I/morello-hybrid/src/output/rootfs-aarch64/usr/include -mbranch-protection=pac-ret -fstack-protector-strong -U_FORTIFY_SOURCE -D_FORTIFY_SOURCE=2 -fdeclspec  -O0 -fno-omit-frame-pointer -fno-fast-math -ggdb3 -Wall -Wextra -Wextra-tokens -Wdeprecated-declarations -Wdivision-by-zero -Wdiv-by-zero -Wimplicit-function-declaration -Wimplicit-int -Wpointer-arith -Wshorten-64-to-32 -Wwrite-strings -Wold-style-definition -Wmissing-noreturn -Wno-cast-function-type -Wno-constant-logical-operand -Wno-long-long -Wno-missing-field-initializers -Wno-overlength-strings -Wno-parentheses-equality -Wno-self-assign -Wno-tautological-compare -Wno-unused-parameter -Wno-unused-value -Wunused-variable -Wmisleading-indentation -Wundef conftest.c -L. -L../.. -L/morello-hybrid/src/output/rootfs-aarch64/usr/lib -Wl,-rpath,/morello-hybrid/src/output/rootfs-aarch64/usr/lib -L. -target aarch64-unknown-freebsd -march=armv8 --sysroot=/morello-hybrid/src/output/rootfs-aarch64 -fuse-ld=lld -lpthread -Wl,--gdb-index -fstack-protector-strong -L/morello-hybrid/src/output/rootfs-aarch64/usr/lib -Wl,-rpath,/morello-hybrid/src/output/rootfs-aarch64/usr/lib -rdynamic     -Wl,-rpath,/morello-hybrid/src/output/rootfs-aarch64/research/ruby-3.4.1/build -lruby-static -lexecinfo -lprocstat -lz -lrt -lrt -ldl -lcrypt -lm -lthr   -lm -lthr  -lc"
checked program was:
/* begin */
 1: #include "ruby.h"
 2: 
 3: #include <sys/types.h>
 4: #include <netdb.h>
 5: #include <string.h>
 6: #include <sys/socket.h>
 7: #include <netinet/in.h>
 8: #include <sys/uio.h>
 9: #include <netinet/in_systm.h>
10: #include <netinet/tcp.h>
11: #include <netinet/tcp_fsm.h>
12: #include <netinet/udp.h>
13: #include <arpa/inet.h>
14: #include <net/ethernet.h>
15: #include <sys/un.h>
16: #include <ifaddrs.h>
17: #include <sys/ioctl.h>
18: #include <sys/sockio.h>
19: #include <net/if.h>
20: #include <sys/param.h>
21: #include <sys/ucred.h>
22: #include <net/if_dl.h>
23: #include <arpa/nameser.h>
24: #include <resolv.h>
25: #include <pthread.h>
26: #include <sched.h>
27: 
28: /*top*/
29: extern int t(void);
30: int main(int argc, char **argv)
31: {
32:   if (argc > 1000000) {
33:     int (* volatile tp)(void)=(int (*)(void))&t;
34:     printf("%d", (*tp)());
35:   }
36: 
37:   return !!argv[argc];
38: }
39: 
40: int t(void) { getifaddrs((struct ifaddrs **)NULL); return 0; }
/* end */

--------------------

have_struct_member: checking for struct if_data.ifi_vhid in sys/types.h,netdb.h,string.h,sys/socket.h,netinet/in.h,sys/uio.h,netinet/in_systm.h,netinet/tcp.h,netinet/tcp_fsm.h,netinet/udp.h,arpa/inet.h,net/ethernet.h,sys/un.h,ifaddrs.h,sys/ioctl.h,sys/sockio.h,net/if.h,sys/param.h,sys/ucred.h,net/if_dl.h,arpa/nameser.h,resolv.h,pthread.h,sched.h... -------------------- yes

LD_LIBRARY_PATH=.:../..:/snap/ruby/438/lib: ASAN_OPTIONS=detect_leaks=0 "/morello-hybrid/src/output/sdk/bin/clang -I../../.ext/include/aarch64-freebsd -I../../../include -I../../../ext/socket -I../.. -I../../.. -I/morello-hybrid/src/output/rootfs-aarch64/usr/include    -target aarch64-unknown-freebsd -march=armv8 --sysroot=/morello-hybrid/src/output/rootfs-aarch64 -I/morello-hybrid/src/output/rootfs-aarch64/usr/include -mbranch-protection=pac-ret -fstack-protector-strong -U_FORTIFY_SOURCE -D_FORTIFY_SOURCE=2 -fdeclspec  -O0 -fno-omit-frame-pointer -fno-fast-math -ggdb3 -Wall -Wextra -Wextra-tokens -Wdeprecated-declarations -Wdivision-by-zero -Wdiv-by-zero -Wimplicit-function-declaration -Wimplicit-int -Wpointer-arith -Wshorten-64-to-32 -Wwrite-strings -Wold-style-definition -Wmissing-noreturn -Wno-cast-function-type -Wno-constant-logical-operand -Wno-long-long -Wno-missing-field-initializers -Wno-overlength-strings -Wno-parentheses-equality -Wno-self-assign -Wno-tautological-compare -Wno-unused-parameter -Wno-unused-value -Wunused-variable -Wmisleading-indentation -Wundef   -c conftest.c"
conftest.c:29:49: warning: performing pointer subtraction with a null pointer has undefined behavior [-Wnull-pointer-subtraction]
   29 | int s = (char *)&((struct if_data*)0)->ifi_vhid - (char *)0;
      |                                                 ^ ~~~~~~~~~
1 warning generated.
checked program was:
/* begin */
 1: #include "ruby.h"
 2: 
 3: #include <sys/types.h>
 4: #include <netdb.h>
 5: #include <string.h>
 6: #include <sys/socket.h>
 7: #include <netinet/in.h>
 8: #include <sys/uio.h>
 9: #include <netinet/in_systm.h>
10: #include <netinet/tcp.h>
11: #include <netinet/tcp_fsm.h>
12: #include <netinet/udp.h>
13: #include <arpa/inet.h>
14: #include <net/ethernet.h>
15: #include <sys/un.h>
16: #include <ifaddrs.h>
17: #include <sys/ioctl.h>
18: #include <sys/sockio.h>
19: #include <net/if.h>
20: #include <sys/param.h>
21: #include <sys/ucred.h>
22: #include <net/if_dl.h>
23: #include <arpa/nameser.h>
24: #include <resolv.h>
25: #include <pthread.h>
26: #include <sched.h>
27: 
28: /*top*/
29: int s = (char *)&((struct if_data*)0)->ifi_vhid - (char *)0;
30: int main(int argc, char **argv)
31: {
32:   return !!argv[argc];
33: }
/* end */

--------------------

have_func: checking for getpeereid() in sys/types.h,netdb.h,string.h,sys/socket.h,netinet/in.h,sys/uio.h,netinet/in_systm.h,netinet/tcp.h,netinet/tcp_fsm.h,netinet/udp.h,arpa/inet.h,net/ethernet.h,sys/un.h,ifaddrs.h,sys/ioctl.h,sys/sockio.h,net/if.h,sys/param.h,sys/ucred.h,net/if_dl.h,arpa/nameser.h,resolv.h,pthread.h,sched.h... -------------------- yes

LD_LIBRARY_PATH=.:../..:/snap/ruby/438/lib: ASAN_OPTIONS=detect_leaks=0 "/morello-hybrid/src/output/sdk/bin/clang -o conftest -I../../.ext/include/aarch64-freebsd -I../../../include -I../../../ext/socket -I../.. -I../../.. -I/morello-hybrid/src/output/rootfs-aarch64/usr/include    -target aarch64-unknown-freebsd -march=armv8 --sysroot=/morello-hybrid/src/output/rootfs-aarch64 -I/morello-hybrid/src/output/rootfs-aarch64/usr/include -mbranch-protection=pac-ret -fstack-protector-strong -U_FORTIFY_SOURCE -D_FORTIFY_SOURCE=2 -fdeclspec  -O0 -fno-omit-frame-pointer -fno-fast-math -ggdb3 -Wall -Wextra -Wextra-tokens -Wdeprecated-declarations -Wdivision-by-zero -Wdiv-by-zero -Wimplicit-function-declaration -Wimplicit-int -Wpointer-arith -Wshorten-64-to-32 -Wwrite-strings -Wold-style-definition -Wmissing-noreturn -Wno-cast-function-type -Wno-constant-logical-operand -Wno-long-long -Wno-missing-field-initializers -Wno-overlength-strings -Wno-parentheses-equality -Wno-self-assign -Wno-tautological-compare -Wno-unused-parameter -Wno-unused-value -Wunused-variable -Wmisleading-indentation -Wundef conftest.c -L. -L../.. -L/morello-hybrid/src/output/rootfs-aarch64/usr/lib -Wl,-rpath,/morello-hybrid/src/output/rootfs-aarch64/usr/lib -L. -target aarch64-unknown-freebsd -march=armv8 --sysroot=/morello-hybrid/src/output/rootfs-aarch64 -fuse-ld=lld -lpthread -Wl,--gdb-index -fstack-protector-strong -L/morello-hybrid/src/output/rootfs-aarch64/usr/lib -Wl,-rpath,/morello-hybrid/src/output/rootfs-aarch64/usr/lib -rdynamic     -Wl,-rpath,/morello-hybrid/src/output/rootfs-aarch64/research/ruby-3.4.1/build -lruby-static -lexecinfo -lprocstat -lz -lrt -lrt -ldl -lcrypt -lm -lthr   -lm -lthr  -lc"
checked program was:
/* begin */
 1: #include "ruby.h"
 2: 
 3: #include <sys/types.h>
 4: #include <netdb.h>
 5: #include <string.h>
 6: #include <sys/socket.h>
 7: #include <netinet/in.h>
 8: #include <sys/uio.h>
 9: #include <netinet/in_systm.h>
10: #include <netinet/tcp.h>
11: #include <netinet/tcp_fsm.h>
12: #include <netinet/udp.h>
13: #include <arpa/inet.h>
14: #include <net/ethernet.h>
15: #include <sys/un.h>
16: #include <ifaddrs.h>
17: #include <sys/ioctl.h>
18: #include <sys/sockio.h>
19: #include <net/if.h>
20: #include <sys/param.h>
21: #include <sys/ucred.h>
22: #include <net/if_dl.h>
23: #include <arpa/nameser.h>
24: #include <resolv.h>
25: #include <pthread.h>
26: #include <sched.h>
27: 
28: /*top*/
29: extern int t(void);
30: int main(int argc, char **argv)
31: {
32:   if (argc > 1000000) {
33:     int (* volatile tp)(void)=(int (*)(void))&t;
34:     printf("%d", (*tp)());
35:   }
36: 
37:   return !!argv[argc];
38: }
39: int t(void) { void ((*volatile p)()); p = (void ((*)()))getpeereid; return !p; }
/* end */

--------------------

have_func: checking for getpeerucred(0, (ucred_t **)NULL) in sys/types.h,netdb.h,string.h,sys/socket.h,netinet/in.h,sys/uio.h,netinet/in_systm.h,netinet/tcp.h,netinet/tcp_fsm.h,netinet/udp.h,arpa/inet.h,net/ethernet.h,sys/un.h,ifaddrs.h,sys/ioctl.h,sys/sockio.h,net/if.h,sys/param.h,sys/ucred.h,net/if_dl.h,arpa/nameser.h,resolv.h,pthread.h,sched.h... -------------------- no

LD_LIBRARY_PATH=.:../..:/snap/ruby/438/lib: ASAN_OPTIONS=detect_leaks=0 "/morello-hybrid/src/output/sdk/bin/clang -o conftest -I../../.ext/include/aarch64-freebsd -I../../../include -I../../../ext/socket -I../.. -I../../.. -I/morello-hybrid/src/output/rootfs-aarch64/usr/include    -target aarch64-unknown-freebsd -march=armv8 --sysroot=/morello-hybrid/src/output/rootfs-aarch64 -I/morello-hybrid/src/output/rootfs-aarch64/usr/include -mbranch-protection=pac-ret -fstack-protector-strong -U_FORTIFY_SOURCE -D_FORTIFY_SOURCE=2 -fdeclspec  -O0 -fno-omit-frame-pointer -fno-fast-math -ggdb3 -Wall -Wextra -Wextra-tokens -Wdeprecated-declarations -Wdivision-by-zero -Wdiv-by-zero -Wimplicit-function-declaration -Wimplicit-int -Wpointer-arith -Wshorten-64-to-32 -Wwrite-strings -Wold-style-definition -Wmissing-noreturn -Wno-cast-function-type -Wno-constant-logical-operand -Wno-long-long -Wno-missing-field-initializers -Wno-overlength-strings -Wno-parentheses-equality -Wno-self-assign -Wno-tautological-compare -Wno-unused-parameter -Wno-unused-value -Wunused-variable -Wmisleading-indentation -Wundef conftest.c -L. -L../.. -L/morello-hybrid/src/output/rootfs-aarch64/usr/lib -Wl,-rpath,/morello-hybrid/src/output/rootfs-aarch64/usr/lib -L. -target aarch64-unknown-freebsd -march=armv8 --sysroot=/morello-hybrid/src/output/rootfs-aarch64 -fuse-ld=lld -lpthread -Wl,--gdb-index -fstack-protector-strong -L/morello-hybrid/src/output/rootfs-aarch64/usr/lib -Wl,-rpath,/morello-hybrid/src/output/rootfs-aarch64/usr/lib -rdynamic     -Wl,-rpath,/morello-hybrid/src/output/rootfs-aarch64/research/ruby-3.4.1/build -lruby-static -lexecinfo -lprocstat -lz -lrt -lrt -ldl -lcrypt -lm -lthr   -lm -lthr  -lc"
conftest.c:40:15: error: call to undeclared function 'getpeerucred'; ISO C99 and later do not support implicit function declarations [-Wimplicit-function-declaration]
   40 | int t(void) { getpeerucred(0, (ucred_t **)NULL); return 0; }
      |               ^
conftest.c:40:42: error: expected expression
   40 | int t(void) { getpeerucred(0, (ucred_t **)NULL); return 0; }
      |                                          ^
conftest.c:40:32: error: use of undeclared identifier 'ucred_t'
   40 | int t(void) { getpeerucred(0, (ucred_t **)NULL); return 0; }
      |                                ^
3 errors generated.
checked program was:
/* begin */
 1: #include "ruby.h"
 2: 
 3: #include <sys/types.h>
 4: #include <netdb.h>
 5: #include <string.h>
 6: #include <sys/socket.h>
 7: #include <netinet/in.h>
 8: #include <sys/uio.h>
 9: #include <netinet/in_systm.h>
10: #include <netinet/tcp.h>
11: #include <netinet/tcp_fsm.h>
12: #include <netinet/udp.h>
13: #include <arpa/inet.h>
14: #include <net/ethernet.h>
15: #include <sys/un.h>
16: #include <ifaddrs.h>
17: #include <sys/ioctl.h>
18: #include <sys/sockio.h>
19: #include <net/if.h>
20: #include <sys/param.h>
21: #include <sys/ucred.h>
22: #include <net/if_dl.h>
23: #include <arpa/nameser.h>
24: #include <resolv.h>
25: #include <pthread.h>
26: #include <sched.h>
27: 
28: /*top*/
29: extern int t(void);
30: int main(int argc, char **argv)
31: {
32:   if (argc > 1000000) {
33:     int (* volatile tp)(void)=(int (*)(void))&t;
34:     printf("%d", (*tp)());
35:   }
36: 
37:   return !!argv[argc];
38: }
39: 
40: int t(void) { getpeerucred(0, (ucred_t **)NULL); return 0; }
/* end */

--------------------

have_func: checking for if_indextoname(0, "") in sys/types.h,netdb.h,string.h,sys/socket.h,netinet/in.h,sys/uio.h,netinet/in_systm.h,netinet/tcp.h,netinet/tcp_fsm.h,netinet/udp.h,arpa/inet.h,net/ethernet.h,sys/un.h,ifaddrs.h,sys/ioctl.h,sys/sockio.h,net/if.h,sys/param.h,sys/ucred.h,net/if_dl.h,arpa/nameser.h,resolv.h,pthread.h,sched.h... -------------------- yes

LD_LIBRARY_PATH=.:../..:/snap/ruby/438/lib: ASAN_OPTIONS=detect_leaks=0 "/morello-hybrid/src/output/sdk/bin/clang -o conftest -I../../.ext/include/aarch64-freebsd -I../../../include -I../../../ext/socket -I../.. -I../../.. -I/morello-hybrid/src/output/rootfs-aarch64/usr/include    -target aarch64-unknown-freebsd -march=armv8 --sysroot=/morello-hybrid/src/output/rootfs-aarch64 -I/morello-hybrid/src/output/rootfs-aarch64/usr/include -mbranch-protection=pac-ret -fstack-protector-strong -U_FORTIFY_SOURCE -D_FORTIFY_SOURCE=2 -fdeclspec  -O0 -fno-omit-frame-pointer -fno-fast-math -ggdb3 -Wall -Wextra -Wextra-tokens -Wdeprecated-declarations -Wdivision-by-zero -Wdiv-by-zero -Wimplicit-function-declaration -Wimplicit-int -Wpointer-arith -Wshorten-64-to-32 -Wwrite-strings -Wold-style-definition -Wmissing-noreturn -Wno-cast-function-type -Wno-constant-logical-operand -Wno-long-long -Wno-missing-field-initializers -Wno-overlength-strings -Wno-parentheses-equality -Wno-self-assign -Wno-tautological-compare -Wno-unused-parameter -Wno-unused-value -Wunused-variable -Wmisleading-indentation -Wundef conftest.c -L. -L../.. -L/morello-hybrid/src/output/rootfs-aarch64/usr/lib -Wl,-rpath,/morello-hybrid/src/output/rootfs-aarch64/usr/lib -L. -target aarch64-unknown-freebsd -march=armv8 --sysroot=/morello-hybrid/src/output/rootfs-aarch64 -fuse-ld=lld -lpthread -Wl,--gdb-index -fstack-protector-strong -L/morello-hybrid/src/output/rootfs-aarch64/usr/lib -Wl,-rpath,/morello-hybrid/src/output/rootfs-aarch64/usr/lib -rdynamic     -Wl,-rpath,/morello-hybrid/src/output/rootfs-aarch64/research/ruby-3.4.1/build -lruby-static -lexecinfo -lprocstat -lz -lrt -lrt -ldl -lcrypt -lm -lthr   -lm -lthr  -lc"
checked program was:
/* begin */
 1: #include "ruby.h"
 2: 
 3: #include <sys/types.h>
 4: #include <netdb.h>
 5: #include <string.h>
 6: #include <sys/socket.h>
 7: #include <netinet/in.h>
 8: #include <sys/uio.h>
 9: #include <netinet/in_systm.h>
10: #include <netinet/tcp.h>
11: #include <netinet/tcp_fsm.h>
12: #include <netinet/udp.h>
13: #include <arpa/inet.h>
14: #include <net/ethernet.h>
15: #include <sys/un.h>
16: #include <ifaddrs.h>
17: #include <sys/ioctl.h>
18: #include <sys/sockio.h>
19: #include <net/if.h>
20: #include <sys/param.h>
21: #include <sys/ucred.h>
22: #include <net/if_dl.h>
23: #include <arpa/nameser.h>
24: #include <resolv.h>
25: #include <pthread.h>
26: #include <sched.h>
27: 
28: /*top*/
29: extern int t(void);
30: int main(int argc, char **argv)
31: {
32:   if (argc > 1000000) {
33:     int (* volatile tp)(void)=(int (*)(void))&t;
34:     printf("%d", (*tp)());
35:   }
36: 
37:   return !!argv[argc];
38: }
39: 
40: int t(void) { char s1[1024]; if_indextoname(0, s1); return 0; }
/* end */

--------------------

checking for declaration of if_indextoname()... -------------------- yes

LD_LIBRARY_PATH=.:../..:/snap/ruby/438/lib: ASAN_OPTIONS=detect_leaks=0 "/morello-hybrid/src/output/sdk/bin/clang -I../../.ext/include/aarch64-freebsd -I../../../include -I../../../ext/socket -I../.. -I../../.. -I/morello-hybrid/src/output/rootfs-aarch64/usr/include    -target aarch64-unknown-freebsd -march=armv8 --sysroot=/morello-hybrid/src/output/rootfs-aarch64 -I/morello-hybrid/src/output/rootfs-aarch64/usr/include -mbranch-protection=pac-ret -fstack-protector-strong -U_FORTIFY_SOURCE -D_FORTIFY_SOURCE=2 -fdeclspec  -O0 -fno-omit-frame-pointer -fno-fast-math -ggdb3 -Wall -Wextra -Wextra-tokens -Wdeprecated-declarations -Wdivision-by-zero -Wdiv-by-zero -Wimplicit-function-declaration -Wimplicit-int -Wpointer-arith -Wshorten-64-to-32 -Wwrite-strings -Wold-style-definition -Wmissing-noreturn -Wno-cast-function-type -Wno-constant-logical-operand -Wno-long-long -Wno-missing-field-initializers -Wno-overlength-strings -Wno-parentheses-equality -Wno-self-assign -Wno-tautological-compare -Wno-unused-parameter -Wno-unused-value -Wunused-variable -Wmisleading-indentation -Wundef   -c conftest.c"
conftest.c:28:5: error: conflicting types for 'if_indextoname'
   28 | int if_indextoname(void);
      |     ^
/morello-hybrid/src/output/rootfs-aarch64/usr/include/net/if.h:698:9: note: previous declaration is here
  698 | char                    *if_indextoname(unsigned int, char *);
      |                          ^
1 error generated.
checked program was:
/* begin */
 1: #include "ruby.h"
 2: 
 3: #include <sys/types.h>
 4: #include <netdb.h>
 5: #include <string.h>
 6: #include <sys/socket.h>
 7: #include <netinet/in.h>
 8: #include <sys/uio.h>
 9: #include <netinet/in_systm.h>
10: #include <netinet/tcp.h>
11: #include <netinet/tcp_fsm.h>
12: #include <netinet/udp.h>
13: #include <arpa/inet.h>
14: #include <net/ethernet.h>
15: #include <sys/un.h>
16: #include <ifaddrs.h>
17: #include <sys/ioctl.h>
18: #include <sys/sockio.h>
19: #include <net/if.h>
20: #include <sys/param.h>
21: #include <sys/ucred.h>
22: #include <net/if_dl.h>
23: #include <arpa/nameser.h>
24: #include <resolv.h>
25: #include <pthread.h>
26: #include <sched.h>
27: 
28: int if_indextoname(void);
/* end */

--------------------

have_func: checking for if_nametoindex("") in sys/types.h,netdb.h,string.h,sys/socket.h,netinet/in.h,sys/uio.h,netinet/in_systm.h,netinet/tcp.h,netinet/tcp_fsm.h,netinet/udp.h,arpa/inet.h,net/ethernet.h,sys/un.h,ifaddrs.h,sys/ioctl.h,sys/sockio.h,net/if.h,sys/param.h,sys/ucred.h,net/if_dl.h,arpa/nameser.h,resolv.h,pthread.h,sched.h... -------------------- yes

LD_LIBRARY_PATH=.:../..:/snap/ruby/438/lib: ASAN_OPTIONS=detect_leaks=0 "/morello-hybrid/src/output/sdk/bin/clang -o conftest -I../../.ext/include/aarch64-freebsd -I../../../include -I../../../ext/socket -I../.. -I../../.. -I/morello-hybrid/src/output/rootfs-aarch64/usr/include    -target aarch64-unknown-freebsd -march=armv8 --sysroot=/morello-hybrid/src/output/rootfs-aarch64 -I/morello-hybrid/src/output/rootfs-aarch64/usr/include -mbranch-protection=pac-ret -fstack-protector-strong -U_FORTIFY_SOURCE -D_FORTIFY_SOURCE=2 -fdeclspec  -O0 -fno-omit-frame-pointer -fno-fast-math -ggdb3 -Wall -Wextra -Wextra-tokens -Wdeprecated-declarations -Wdivision-by-zero -Wdiv-by-zero -Wimplicit-function-declaration -Wimplicit-int -Wpointer-arith -Wshorten-64-to-32 -Wwrite-strings -Wold-style-definition -Wmissing-noreturn -Wno-cast-function-type -Wno-constant-logical-operand -Wno-long-long -Wno-missing-field-initializers -Wno-overlength-strings -Wno-parentheses-equality -Wno-self-assign -Wno-tautological-compare -Wno-unused-parameter -Wno-unused-value -Wunused-variable -Wmisleading-indentation -Wundef conftest.c -L. -L../.. -L/morello-hybrid/src/output/rootfs-aarch64/usr/lib -Wl,-rpath,/morello-hybrid/src/output/rootfs-aarch64/usr/lib -L. -target aarch64-unknown-freebsd -march=armv8 --sysroot=/morello-hybrid/src/output/rootfs-aarch64 -fuse-ld=lld -lpthread -Wl,--gdb-index -fstack-protector-strong -L/morello-hybrid/src/output/rootfs-aarch64/usr/lib -Wl,-rpath,/morello-hybrid/src/output/rootfs-aarch64/usr/lib -rdynamic     -Wl,-rpath,/morello-hybrid/src/output/rootfs-aarch64/research/ruby-3.4.1/build -lruby-static -lexecinfo -lprocstat -lz -lrt -lrt -ldl -lcrypt -lm -lthr   -lm -lthr  -lc"
checked program was:
/* begin */
 1: #include "ruby.h"
 2: 
 3: #include <sys/types.h>
 4: #include <netdb.h>
 5: #include <string.h>
 6: #include <sys/socket.h>
 7: #include <netinet/in.h>
 8: #include <sys/uio.h>
 9: #include <netinet/in_systm.h>
10: #include <netinet/tcp.h>
11: #include <netinet/tcp_fsm.h>
12: #include <netinet/udp.h>
13: #include <arpa/inet.h>
14: #include <net/ethernet.h>
15: #include <sys/un.h>
16: #include <ifaddrs.h>
17: #include <sys/ioctl.h>
18: #include <sys/sockio.h>
19: #include <net/if.h>
20: #include <sys/param.h>
21: #include <sys/ucred.h>
22: #include <net/if_dl.h>
23: #include <arpa/nameser.h>
24: #include <resolv.h>
25: #include <pthread.h>
26: #include <sched.h>
27: 
28: /*top*/
29: extern int t(void);
30: int main(int argc, char **argv)
31: {
32:   if (argc > 1000000) {
33:     int (* volatile tp)(void)=(int (*)(void))&t;
34:     printf("%d", (*tp)());
35:   }
36: 
37:   return !!argv[argc];
38: }
39: 
40: int t(void) { char s1[1024]; if_nametoindex(s1); return 0; }
/* end */

--------------------

checking for declaration of if_nametoindex()... -------------------- yes

LD_LIBRARY_PATH=.:../..:/snap/ruby/438/lib: ASAN_OPTIONS=detect_leaks=0 "/morello-hybrid/src/output/sdk/bin/clang -I../../.ext/include/aarch64-freebsd -I../../../include -I../../../ext/socket -I../.. -I../../.. -I/morello-hybrid/src/output/rootfs-aarch64/usr/include    -target aarch64-unknown-freebsd -march=armv8 --sysroot=/morello-hybrid/src/output/rootfs-aarch64 -I/morello-hybrid/src/output/rootfs-aarch64/usr/include -mbranch-protection=pac-ret -fstack-protector-strong -U_FORTIFY_SOURCE -D_FORTIFY_SOURCE=2 -fdeclspec  -O0 -fno-omit-frame-pointer -fno-fast-math -ggdb3 -Wall -Wextra -Wextra-tokens -Wdeprecated-declarations -Wdivision-by-zero -Wdiv-by-zero -Wimplicit-function-declaration -Wimplicit-int -Wpointer-arith -Wshorten-64-to-32 -Wwrite-strings -Wold-style-definition -Wmissing-noreturn -Wno-cast-function-type -Wno-constant-logical-operand -Wno-long-long -Wno-missing-field-initializers -Wno-overlength-strings -Wno-parentheses-equality -Wno-self-assign -Wno-tautological-compare -Wno-unused-parameter -Wno-unused-value -Wunused-variable -Wmisleading-indentation -Wundef   -c conftest.c"
conftest.c:28:5: error: conflicting types for 'if_nametoindex'
   28 | int if_nametoindex(void);
      |     ^
/morello-hybrid/src/output/rootfs-aarch64/usr/include/net/if.h:700:16: note: previous declaration is here
  700 | unsigned int             if_nametoindex(const char *);
      |                          ^
1 error generated.
checked program was:
/* begin */
 1: #include "ruby.h"
 2: 
 3: #include <sys/types.h>
 4: #include <netdb.h>
 5: #include <string.h>
 6: #include <sys/socket.h>
 7: #include <netinet/in.h>
 8: #include <sys/uio.h>
 9: #include <netinet/in_systm.h>
10: #include <netinet/tcp.h>
11: #include <netinet/tcp_fsm.h>
12: #include <netinet/udp.h>
13: #include <arpa/inet.h>
14: #include <net/ethernet.h>
15: #include <sys/un.h>
16: #include <ifaddrs.h>
17: #include <sys/ioctl.h>
18: #include <sys/sockio.h>
19: #include <net/if.h>
20: #include <sys/param.h>
21: #include <sys/ucred.h>
22: #include <net/if_dl.h>
23: #include <arpa/nameser.h>
24: #include <resolv.h>
25: #include <pthread.h>
26: #include <sched.h>
27: 
28: int if_nametoindex(void);
/* end */

--------------------

have_func: checking for hsterror() in sys/types.h,netdb.h,string.h,sys/socket.h,netinet/in.h,sys/uio.h,netinet/in_systm.h,netinet/tcp.h,netinet/tcp_fsm.h,netinet/udp.h,arpa/inet.h,net/ethernet.h,sys/un.h,ifaddrs.h,sys/ioctl.h,sys/sockio.h,net/if.h,sys/param.h,sys/ucred.h,net/if_dl.h,arpa/nameser.h,resolv.h,pthread.h,sched.h... -------------------- no

LD_LIBRARY_PATH=.:../..:/snap/ruby/438/lib: ASAN_OPTIONS=detect_leaks=0 "/morello-hybrid/src/output/sdk/bin/clang -o conftest -I../../.ext/include/aarch64-freebsd -I../../../include -I../../../ext/socket -I../.. -I../../.. -I/morello-hybrid/src/output/rootfs-aarch64/usr/include    -target aarch64-unknown-freebsd -march=armv8 --sysroot=/morello-hybrid/src/output/rootfs-aarch64 -I/morello-hybrid/src/output/rootfs-aarch64/usr/include -mbranch-protection=pac-ret -fstack-protector-strong -U_FORTIFY_SOURCE -D_FORTIFY_SOURCE=2 -fdeclspec  -O0 -fno-omit-frame-pointer -fno-fast-math -ggdb3 -Wall -Wextra -Wextra-tokens -Wdeprecated-declarations -Wdivision-by-zero -Wdiv-by-zero -Wimplicit-function-declaration -Wimplicit-int -Wpointer-arith -Wshorten-64-to-32 -Wwrite-strings -Wold-style-definition -Wmissing-noreturn -Wno-cast-function-type -Wno-constant-logical-operand -Wno-long-long -Wno-missing-field-initializers -Wno-overlength-strings -Wno-parentheses-equality -Wno-self-assign -Wno-tautological-compare -Wno-unused-parameter -Wno-unused-value -Wunused-variable -Wmisleading-indentation -Wundef conftest.c -L. -L../.. -L/morello-hybrid/src/output/rootfs-aarch64/usr/lib -Wl,-rpath,/morello-hybrid/src/output/rootfs-aarch64/usr/lib -L. -target aarch64-unknown-freebsd -march=armv8 --sysroot=/morello-hybrid/src/output/rootfs-aarch64 -fuse-ld=lld -lpthread -Wl,--gdb-index -fstack-protector-strong -L/morello-hybrid/src/output/rootfs-aarch64/usr/lib -Wl,-rpath,/morello-hybrid/src/output/rootfs-aarch64/usr/lib -rdynamic     -Wl,-rpath,/morello-hybrid/src/output/rootfs-aarch64/research/ruby-3.4.1/build -lruby-static -lexecinfo -lprocstat -lz -lrt -lrt -ldl -lcrypt -lm -lthr   -lm -lthr  -lc"
conftest.c:39:57: error: use of undeclared identifier 'hsterror'
   39 | int t(void) { void ((*volatile p)()); p = (void ((*)()))hsterror; return !p; }
      |                                                         ^
1 error generated.
checked program was:
/* begin */
 1: #include "ruby.h"
 2: 
 3: #include <sys/types.h>
 4: #include <netdb.h>
 5: #include <string.h>
 6: #include <sys/socket.h>
 7: #include <netinet/in.h>
 8: #include <sys/uio.h>
 9: #include <netinet/in_systm.h>
10: #include <netinet/tcp.h>
11: #include <netinet/tcp_fsm.h>
12: #include <netinet/udp.h>
13: #include <arpa/inet.h>
14: #include <net/ethernet.h>
15: #include <sys/un.h>
16: #include <ifaddrs.h>
17: #include <sys/ioctl.h>
18: #include <sys/sockio.h>
19: #include <net/if.h>
20: #include <sys/param.h>
21: #include <sys/ucred.h>
22: #include <net/if_dl.h>
23: #include <arpa/nameser.h>
24: #include <resolv.h>
25: #include <pthread.h>
26: #include <sched.h>
27: 
28: /*top*/
29: extern int t(void);
30: int main(int argc, char **argv)
31: {
32:   if (argc > 1000000) {
33:     int (* volatile tp)(void)=(int (*)(void))&t;
34:     printf("%d", (*tp)());
35:   }
36: 
37:   return !!argv[argc];
38: }
39: int t(void) { void ((*volatile p)()); p = (void ((*)()))hsterror; return !p; }
/* end */

LD_LIBRARY_PATH=.:../..:/snap/ruby/438/lib: ASAN_OPTIONS=detect_leaks=0 "/morello-hybrid/src/output/sdk/bin/clang -o conftest -I../../.ext/include/aarch64-freebsd -I../../../include -I../../../ext/socket -I../.. -I../../.. -I/morello-hybrid/src/output/rootfs-aarch64/usr/include    -target aarch64-unknown-freebsd -march=armv8 --sysroot=/morello-hybrid/src/output/rootfs-aarch64 -I/morello-hybrid/src/output/rootfs-aarch64/usr/include -mbranch-protection=pac-ret -fstack-protector-strong -U_FORTIFY_SOURCE -D_FORTIFY_SOURCE=2 -fdeclspec  -O0 -fno-omit-frame-pointer -fno-fast-math -ggdb3 -Wall -Wextra -Wextra-tokens -Wdeprecated-declarations -Wdivision-by-zero -Wdiv-by-zero -Wimplicit-function-declaration -Wimplicit-int -Wpointer-arith -Wshorten-64-to-32 -Wwrite-strings -Wold-style-definition -Wmissing-noreturn -Wno-cast-function-type -Wno-constant-logical-operand -Wno-long-long -Wno-missing-field-initializers -Wno-overlength-strings -Wno-parentheses-equality -Wno-self-assign -Wno-tautological-compare -Wno-unused-parameter -Wno-unused-value -Wunused-variable -Wmisleading-indentation -Wundef conftest.c -L. -L../.. -L/morello-hybrid/src/output/rootfs-aarch64/usr/lib -Wl,-rpath,/morello-hybrid/src/output/rootfs-aarch64/usr/lib -L. -target aarch64-unknown-freebsd -march=armv8 --sysroot=/morello-hybrid/src/output/rootfs-aarch64 -fuse-ld=lld -lpthread -Wl,--gdb-index -fstack-protector-strong -L/morello-hybrid/src/output/rootfs-aarch64/usr/lib -Wl,-rpath,/morello-hybrid/src/output/rootfs-aarch64/usr/lib -rdynamic     -Wl,-rpath,/morello-hybrid/src/output/rootfs-aarch64/research/ruby-3.4.1/build -lruby-static -lexecinfo -lprocstat -lz -lrt -lrt -ldl -lcrypt -lm -lthr   -lm -lthr  -lc"
aarch64-unknown-freebsd-ld.lld: error: undefined symbol: hsterror
>>> referenced by conftest.c:40
>>>               /tmp/conftest-5c5721.o:(t)
>>> did you mean: hstrerror
>>> defined in: /morello-hybrid/src/output/rootfs-aarch64/lib/libc.so.7
clang: error: linker command failed with exit code 1 (use -v to see invocation)
checked program was:
/* begin */
 1: #include "ruby.h"
 2: 
 3: #include <sys/types.h>
 4: #include <netdb.h>
 5: #include <string.h>
 6: #include <sys/socket.h>
 7: #include <netinet/in.h>
 8: #include <sys/uio.h>
 9: #include <netinet/in_systm.h>
10: #include <netinet/tcp.h>
11: #include <netinet/tcp_fsm.h>
12: #include <netinet/udp.h>
13: #include <arpa/inet.h>
14: #include <net/ethernet.h>
15: #include <sys/un.h>
16: #include <ifaddrs.h>
17: #include <sys/ioctl.h>
18: #include <sys/sockio.h>
19: #include <net/if.h>
20: #include <sys/param.h>
21: #include <sys/ucred.h>
22: #include <net/if_dl.h>
23: #include <arpa/nameser.h>
24: #include <resolv.h>
25: #include <pthread.h>
26: #include <sched.h>
27: 
28: /*top*/
29: extern int t(void);
30: int main(int argc, char **argv)
31: {
32:   if (argc > 1000000) {
33:     int (* volatile tp)(void)=(int (*)(void))&t;
34:     printf("%d", (*tp)());
35:   }
36: 
37:   return !!argv[argc];
38: }
39: extern void hsterror();
40: int t(void) { hsterror(); return 0; }
/* end */

--------------------

have_func: checking for getipnodebyname("", 0, 0, (int *)0) in sys/types.h,netdb.h,string.h,sys/socket.h,netinet/in.h,sys/uio.h,netinet/in_systm.h,netinet/tcp.h,netinet/tcp_fsm.h,netinet/udp.h,arpa/inet.h,net/ethernet.h,sys/un.h,ifaddrs.h,sys/ioctl.h,sys/sockio.h,net/if.h,sys/param.h,sys/ucred.h,net/if_dl.h,arpa/nameser.h,resolv.h,pthread.h,sched.h... -------------------- yes

LD_LIBRARY_PATH=.:../..:/snap/ruby/438/lib: ASAN_OPTIONS=detect_leaks=0 "/morello-hybrid/src/output/sdk/bin/clang -o conftest -I../../.ext/include/aarch64-freebsd -I../../../include -I../../../ext/socket -I../.. -I../../.. -I/morello-hybrid/src/output/rootfs-aarch64/usr/include    -target aarch64-unknown-freebsd -march=armv8 --sysroot=/morello-hybrid/src/output/rootfs-aarch64 -I/morello-hybrid/src/output/rootfs-aarch64/usr/include -mbranch-protection=pac-ret -fstack-protector-strong -U_FORTIFY_SOURCE -D_FORTIFY_SOURCE=2 -fdeclspec  -O0 -fno-omit-frame-pointer -fno-fast-math -ggdb3 -Wall -Wextra -Wextra-tokens -Wdeprecated-declarations -Wdivision-by-zero -Wdiv-by-zero -Wimplicit-function-declaration -Wimplicit-int -Wpointer-arith -Wshorten-64-to-32 -Wwrite-strings -Wold-style-definition -Wmissing-noreturn -Wno-cast-function-type -Wno-constant-logical-operand -Wno-long-long -Wno-missing-field-initializers -Wno-overlength-strings -Wno-parentheses-equality -Wno-self-assign -Wno-tautological-compare -Wno-unused-parameter -Wno-unused-value -Wunused-variable -Wmisleading-indentation -Wundef conftest.c -L. -L../.. -L/morello-hybrid/src/output/rootfs-aarch64/usr/lib -Wl,-rpath,/morello-hybrid/src/output/rootfs-aarch64/usr/lib -L. -target aarch64-unknown-freebsd -march=armv8 --sysroot=/morello-hybrid/src/output/rootfs-aarch64 -fuse-ld=lld -lpthread -Wl,--gdb-index -fstack-protector-strong -L/morello-hybrid/src/output/rootfs-aarch64/usr/lib -Wl,-rpath,/morello-hybrid/src/output/rootfs-aarch64/usr/lib -rdynamic     -Wl,-rpath,/morello-hybrid/src/output/rootfs-aarch64/research/ruby-3.4.1/build -lruby-static -lexecinfo -lprocstat -lz -lrt -lrt -ldl -lcrypt -lm -lthr   -lm -lthr  -lc"
checked program was:
/* begin */
 1: #include "ruby.h"
 2: 
 3: #include <sys/types.h>
 4: #include <netdb.h>
 5: #include <string.h>
 6: #include <sys/socket.h>
 7: #include <netinet/in.h>
 8: #include <sys/uio.h>
 9: #include <netinet/in_systm.h>
10: #include <netinet/tcp.h>
11: #include <netinet/tcp_fsm.h>
12: #include <netinet/udp.h>
13: #include <arpa/inet.h>
14: #include <net/ethernet.h>
15: #include <sys/un.h>
16: #include <ifaddrs.h>
17: #include <sys/ioctl.h>
18: #include <sys/sockio.h>
19: #include <net/if.h>
20: #include <sys/param.h>
21: #include <sys/ucred.h>
22: #include <net/if_dl.h>
23: #include <arpa/nameser.h>
24: #include <resolv.h>
25: #include <pthread.h>
26: #include <sched.h>
27: 
28: /*top*/
29: extern int t(void);
30: int main(int argc, char **argv)
31: {
32:   if (argc > 1000000) {
33:     int (* volatile tp)(void)=(int (*)(void))&t;
34:     printf("%d", (*tp)());
35:   }
36: 
37:   return !!argv[argc];
38: }
39: 
40: int t(void) { char s1[1024]; getipnodebyname(s1, 0, 0, (int *)0); return 0; }
/* end */

--------------------

have_func: checking for gethostbyname2("", 0) in sys/types.h,netdb.h,string.h,sys/socket.h,netinet/in.h,sys/uio.h,netinet/in_systm.h,netinet/tcp.h,netinet/tcp_fsm.h,netinet/udp.h,arpa/inet.h,net/ethernet.h,sys/un.h,ifaddrs.h,sys/ioctl.h,sys/sockio.h,net/if.h,sys/param.h,sys/ucred.h,net/if_dl.h,arpa/nameser.h,resolv.h,pthread.h,sched.h... -------------------- yes

LD_LIBRARY_PATH=.:../..:/snap/ruby/438/lib: ASAN_OPTIONS=detect_leaks=0 "/morello-hybrid/src/output/sdk/bin/clang -o conftest -I../../.ext/include/aarch64-freebsd -I../../../include -I../../../ext/socket -I../.. -I../../.. -I/morello-hybrid/src/output/rootfs-aarch64/usr/include    -target aarch64-unknown-freebsd -march=armv8 --sysroot=/morello-hybrid/src/output/rootfs-aarch64 -I/morello-hybrid/src/output/rootfs-aarch64/usr/include -mbranch-protection=pac-ret -fstack-protector-strong -U_FORTIFY_SOURCE -D_FORTIFY_SOURCE=2 -fdeclspec  -O0 -fno-omit-frame-pointer -fno-fast-math -ggdb3 -Wall -Wextra -Wextra-tokens -Wdeprecated-declarations -Wdivision-by-zero -Wdiv-by-zero -Wimplicit-function-declaration -Wimplicit-int -Wpointer-arith -Wshorten-64-to-32 -Wwrite-strings -Wold-style-definition -Wmissing-noreturn -Wno-cast-function-type -Wno-constant-logical-operand -Wno-long-long -Wno-missing-field-initializers -Wno-overlength-strings -Wno-parentheses-equality -Wno-self-assign -Wno-tautological-compare -Wno-unused-parameter -Wno-unused-value -Wunused-variable -Wmisleading-indentation -Wundef conftest.c -L. -L../.. -L/morello-hybrid/src/output/rootfs-aarch64/usr/lib -Wl,-rpath,/morello-hybrid/src/output/rootfs-aarch64/usr/lib -L. -target aarch64-unknown-freebsd -march=armv8 --sysroot=/morello-hybrid/src/output/rootfs-aarch64 -fuse-ld=lld -lpthread -Wl,--gdb-index -fstack-protector-strong -L/morello-hybrid/src/output/rootfs-aarch64/usr/lib -Wl,-rpath,/morello-hybrid/src/output/rootfs-aarch64/usr/lib -rdynamic     -Wl,-rpath,/morello-hybrid/src/output/rootfs-aarch64/research/ruby-3.4.1/build -lruby-static -lexecinfo -lprocstat -lz -lrt -lrt -ldl -lcrypt -lm -lthr   -lm -lthr  -lc"
checked program was:
/* begin */
 1: #include "ruby.h"
 2: 
 3: #include <sys/types.h>
 4: #include <netdb.h>
 5: #include <string.h>
 6: #include <sys/socket.h>
 7: #include <netinet/in.h>
 8: #include <sys/uio.h>
 9: #include <netinet/in_systm.h>
10: #include <netinet/tcp.h>
11: #include <netinet/tcp_fsm.h>
12: #include <netinet/udp.h>
13: #include <arpa/inet.h>
14: #include <net/ethernet.h>
15: #include <sys/un.h>
16: #include <ifaddrs.h>
17: #include <sys/ioctl.h>
18: #include <sys/sockio.h>
19: #include <net/if.h>
20: #include <sys/param.h>
21: #include <sys/ucred.h>
22: #include <net/if_dl.h>
23: #include <arpa/nameser.h>
24: #include <resolv.h>
25: #include <pthread.h>
26: #include <sched.h>
27: 
28: /*top*/
29: extern int t(void);
30: int main(int argc, char **argv)
31: {
32:   if (argc > 1000000) {
33:     int (* volatile tp)(void)=(int (*)(void))&t;
34:     printf("%d", (*tp)());
35:   }
36: 
37:   return !!argv[argc];
38: }
39: 
40: int t(void) { char s1[1024]; gethostbyname2(s1, 0); return 0; }
/* end */

--------------------

have_func: checking for socketpair(0, 0, 0, 0) in sys/types.h,netdb.h,string.h,sys/socket.h,netinet/in.h,sys/uio.h,netinet/in_systm.h,netinet/tcp.h,netinet/tcp_fsm.h,netinet/udp.h,arpa/inet.h,net/ethernet.h,sys/un.h,ifaddrs.h,sys/ioctl.h,sys/sockio.h,net/if.h,sys/param.h,sys/ucred.h,net/if_dl.h,arpa/nameser.h,resolv.h,pthread.h,sched.h... -------------------- yes

LD_LIBRARY_PATH=.:../..:/snap/ruby/438/lib: ASAN_OPTIONS=detect_leaks=0 "/morello-hybrid/src/output/sdk/bin/clang -o conftest -I../../.ext/include/aarch64-freebsd -I../../../include -I../../../ext/socket -I../.. -I../../.. -I/morello-hybrid/src/output/rootfs-aarch64/usr/include    -target aarch64-unknown-freebsd -march=armv8 --sysroot=/morello-hybrid/src/output/rootfs-aarch64 -I/morello-hybrid/src/output/rootfs-aarch64/usr/include -mbranch-protection=pac-ret -fstack-protector-strong -U_FORTIFY_SOURCE -D_FORTIFY_SOURCE=2 -fdeclspec  -O0 -fno-omit-frame-pointer -fno-fast-math -ggdb3 -Wall -Wextra -Wextra-tokens -Wdeprecated-declarations -Wdivision-by-zero -Wdiv-by-zero -Wimplicit-function-declaration -Wimplicit-int -Wpointer-arith -Wshorten-64-to-32 -Wwrite-strings -Wold-style-definition -Wmissing-noreturn -Wno-cast-function-type -Wno-constant-logical-operand -Wno-long-long -Wno-missing-field-initializers -Wno-overlength-strings -Wno-parentheses-equality -Wno-self-assign -Wno-tautological-compare -Wno-unused-parameter -Wno-unused-value -Wunused-variable -Wmisleading-indentation -Wundef conftest.c -L. -L../.. -L/morello-hybrid/src/output/rootfs-aarch64/usr/lib -Wl,-rpath,/morello-hybrid/src/output/rootfs-aarch64/usr/lib -L. -target aarch64-unknown-freebsd -march=armv8 --sysroot=/morello-hybrid/src/output/rootfs-aarch64 -fuse-ld=lld -lpthread -Wl,--gdb-index -fstack-protector-strong -L/morello-hybrid/src/output/rootfs-aarch64/usr/lib -Wl,-rpath,/morello-hybrid/src/output/rootfs-aarch64/usr/lib -rdynamic     -Wl,-rpath,/morello-hybrid/src/output/rootfs-aarch64/research/ruby-3.4.1/build -lruby-static -lexecinfo -lprocstat -lz -lrt -lrt -ldl -lcrypt -lm -lthr   -lm -lthr  -lc"
checked program was:
/* begin */
 1: #include "ruby.h"
 2: 
 3: #include <sys/types.h>
 4: #include <netdb.h>
 5: #include <string.h>
 6: #include <sys/socket.h>
 7: #include <netinet/in.h>
 8: #include <sys/uio.h>
 9: #include <netinet/in_systm.h>
10: #include <netinet/tcp.h>
11: #include <netinet/tcp_fsm.h>
12: #include <netinet/udp.h>
13: #include <arpa/inet.h>
14: #include <net/ethernet.h>
15: #include <sys/un.h>
16: #include <ifaddrs.h>
17: #include <sys/ioctl.h>
18: #include <sys/sockio.h>
19: #include <net/if.h>
20: #include <sys/param.h>
21: #include <sys/ucred.h>
22: #include <net/if_dl.h>
23: #include <arpa/nameser.h>
24: #include <resolv.h>
25: #include <pthread.h>
26: #include <sched.h>
27: 
28: /*top*/
29: extern int t(void);
30: int main(int argc, char **argv)
31: {
32:   if (argc > 1000000) {
33:     int (* volatile tp)(void)=(int (*)(void))&t;
34:     printf("%d", (*tp)());
35:   }
36: 
37:   return !!argv[argc];
38: }
39: 
40: int t(void) { socketpair(0, 0, 0, 0); return 0; }
/* end */

--------------------

have_func: checking for gethostname((char *)0, 0) in sys/types.h,netdb.h,string.h,sys/socket.h,netinet/in.h,sys/uio.h,netinet/in_systm.h,netinet/tcp.h,netinet/tcp_fsm.h,netinet/udp.h,arpa/inet.h,net/ethernet.h,sys/un.h,ifaddrs.h,sys/ioctl.h,sys/sockio.h,net/if.h,sys/param.h,sys/ucred.h,net/if_dl.h,arpa/nameser.h,resolv.h,pthread.h,sched.h... -------------------- yes

LD_LIBRARY_PATH=.:../..:/snap/ruby/438/lib: ASAN_OPTIONS=detect_leaks=0 "/morello-hybrid/src/output/sdk/bin/clang -o conftest -I../../.ext/include/aarch64-freebsd -I../../../include -I../../../ext/socket -I../.. -I../../.. -I/morello-hybrid/src/output/rootfs-aarch64/usr/include    -target aarch64-unknown-freebsd -march=armv8 --sysroot=/morello-hybrid/src/output/rootfs-aarch64 -I/morello-hybrid/src/output/rootfs-aarch64/usr/include -mbranch-protection=pac-ret -fstack-protector-strong -U_FORTIFY_SOURCE -D_FORTIFY_SOURCE=2 -fdeclspec  -O0 -fno-omit-frame-pointer -fno-fast-math -ggdb3 -Wall -Wextra -Wextra-tokens -Wdeprecated-declarations -Wdivision-by-zero -Wdiv-by-zero -Wimplicit-function-declaration -Wimplicit-int -Wpointer-arith -Wshorten-64-to-32 -Wwrite-strings -Wold-style-definition -Wmissing-noreturn -Wno-cast-function-type -Wno-constant-logical-operand -Wno-long-long -Wno-missing-field-initializers -Wno-overlength-strings -Wno-parentheses-equality -Wno-self-assign -Wno-tautological-compare -Wno-unused-parameter -Wno-unused-value -Wunused-variable -Wmisleading-indentation -Wundef conftest.c -L. -L../.. -L/morello-hybrid/src/output/rootfs-aarch64/usr/lib -Wl,-rpath,/morello-hybrid/src/output/rootfs-aarch64/usr/lib -L. -target aarch64-unknown-freebsd -march=armv8 --sysroot=/morello-hybrid/src/output/rootfs-aarch64 -fuse-ld=lld -lpthread -Wl,--gdb-index -fstack-protector-strong -L/morello-hybrid/src/output/rootfs-aarch64/usr/lib -Wl,-rpath,/morello-hybrid/src/output/rootfs-aarch64/usr/lib -rdynamic     -Wl,-rpath,/morello-hybrid/src/output/rootfs-aarch64/research/ruby-3.4.1/build -lruby-static -lexecinfo -lprocstat -lz -lrt -lrt -ldl -lcrypt -lm -lthr   -lm -lthr  -lc"
checked program was:
/* begin */
 1: #include "ruby.h"
 2: 
 3: #include <sys/types.h>
 4: #include <netdb.h>
 5: #include <string.h>
 6: #include <sys/socket.h>
 7: #include <netinet/in.h>
 8: #include <sys/uio.h>
 9: #include <netinet/in_systm.h>
10: #include <netinet/tcp.h>
11: #include <netinet/tcp_fsm.h>
12: #include <netinet/udp.h>
13: #include <arpa/inet.h>
14: #include <net/ethernet.h>
15: #include <sys/un.h>
16: #include <ifaddrs.h>
17: #include <sys/ioctl.h>
18: #include <sys/sockio.h>
19: #include <net/if.h>
20: #include <sys/param.h>
21: #include <sys/ucred.h>
22: #include <net/if_dl.h>
23: #include <arpa/nameser.h>
24: #include <resolv.h>
25: #include <pthread.h>
26: #include <sched.h>
27: 
28: /*top*/
29: extern int t(void);
30: int main(int argc, char **argv)
31: {
32:   if (argc > 1000000) {
33:     int (* volatile tp)(void)=(int (*)(void))&t;
34:     printf("%d", (*tp)());
35:   }
36: 
37:   return !!argv[argc];
38: }
39: 
40: int t(void) { gethostname((char *)0, 0); return 0; }
/* end */

--------------------

checking for ipv6... -------------------- yes

LD_LIBRARY_PATH=.:../..:/snap/ruby/438/lib: ASAN_OPTIONS=detect_leaks=0 "/morello-hybrid/src/output/sdk/bin/clang -o conftest -I../../.ext/include/aarch64-freebsd -I../../../include -I../../../ext/socket -I../.. -I../../.. -I/morello-hybrid/src/output/rootfs-aarch64/usr/include    -target aarch64-unknown-freebsd -march=armv8 --sysroot=/morello-hybrid/src/output/rootfs-aarch64 -I/morello-hybrid/src/output/rootfs-aarch64/usr/include -mbranch-protection=pac-ret -fstack-protector-strong -U_FORTIFY_SOURCE -D_FORTIFY_SOURCE=2 -fdeclspec  -O0 -fno-omit-frame-pointer -fno-fast-math -ggdb3 -Wall -Wextra -Wextra-tokens -Wdeprecated-declarations -Wdivision-by-zero -Wdiv-by-zero -Wimplicit-function-declaration -Wimplicit-int -Wpointer-arith -Wshorten-64-to-32 -Wwrite-strings -Wold-style-definition -Wmissing-noreturn -Wno-cast-function-type -Wno-constant-logical-operand -Wno-long-long -Wno-missing-field-initializers -Wno-overlength-strings -Wno-parentheses-equality -Wno-self-assign -Wno-tautological-compare -Wno-unused-parameter -Wno-unused-value -Wunused-variable -Wmisleading-indentation -Wundef conftest.c -L. -L../.. -L/morello-hybrid/src/output/rootfs-aarch64/usr/lib -Wl,-rpath,/morello-hybrid/src/output/rootfs-aarch64/usr/lib -L. -target aarch64-unknown-freebsd -march=armv8 --sysroot=/morello-hybrid/src/output/rootfs-aarch64 -fuse-ld=lld -lpthread -Wl,--gdb-index -fstack-protector-strong -L/morello-hybrid/src/output/rootfs-aarch64/usr/lib -Wl,-rpath,/morello-hybrid/src/output/rootfs-aarch64/usr/lib -rdynamic     -Wl,-rpath,/morello-hybrid/src/output/rootfs-aarch64/research/ruby-3.4.1/build -lruby-static -lexecinfo -lprocstat -lz -lrt -lrt -ldl -lcrypt -lm -lthr   -lm -lthr  -lc"
checked program was:
/* begin */
 1: #include "ruby.h"
 2: 
 3: #include <sys/types.h>
 4: #ifndef _WIN32
 5: #include <sys/socket.h>
 6: #endif
 7: int
 8: main(void)
 9: {
10:   socket(AF_INET6, SOCK_STREAM, 0);
11:   return 0;
12: }
/* end */

--------------------

checking for ipv6 type... -------------------- kame

have_macro: checking for IPV6_INRIA_VERSION in netinet/in.h... -------------------- no

LD_LIBRARY_PATH=.:../..:/snap/ruby/438/lib: ASAN_OPTIONS=detect_leaks=0 "/morello-hybrid/src/output/sdk/bin/clang -I../../.ext/include/aarch64-freebsd -I../../../include -I../../../ext/socket -I../.. -I../../.. -I/morello-hybrid/src/output/rootfs-aarch64/usr/include    -target aarch64-unknown-freebsd -march=armv8 --sysroot=/morello-hybrid/src/output/rootfs-aarch64 -I/morello-hybrid/src/output/rootfs-aarch64/usr/include -mbranch-protection=pac-ret -fstack-protector-strong -U_FORTIFY_SOURCE -D_FORTIFY_SOURCE=2 -fdeclspec  -O0 -fno-omit-frame-pointer -fno-fast-math -ggdb3 -Wall -Wextra -Wextra-tokens -Wdeprecated-declarations -Wdivision-by-zero -Wdiv-by-zero -Wimplicit-function-declaration -Wimplicit-int -Wpointer-arith -Wshorten-64-to-32 -Wwrite-strings -Wold-style-definition -Wmissing-noreturn -Wno-cast-function-type -Wno-constant-logical-operand -Wno-long-long -Wno-missing-field-initializers -Wno-overlength-strings -Wno-parentheses-equality -Wno-self-assign -Wno-tautological-compare -Wno-unused-parameter -Wno-unused-value -Wunused-variable -Wmisleading-indentation -Wundef   -c conftest.c"
conftest.c:6:3: error: 
    6 | # error
      |   ^
conftest.c:7:1: error: expected identifier or '('
    7 | |:/ === IPV6_INRIA_VERSION undefined === /:|
      | ^
2 errors generated.
checked program was:
/* begin */
1: #include "ruby.h"
2: 
3: #include <netinet/in.h>
4: /*top*/
5: #ifndef IPV6_INRIA_VERSION
6: # error
7: |:/ === IPV6_INRIA_VERSION undefined === /:|
8: #endif
/* end */

--------------------

have_macro: checking for __KAME__ in netinet/in.h... -------------------- yes

LD_LIBRARY_PATH=.:../..:/snap/ruby/438/lib: ASAN_OPTIONS=detect_leaks=0 "/morello-hybrid/src/output/sdk/bin/clang -I../../.ext/include/aarch64-freebsd -I../../../include -I../../../ext/socket -I../.. -I../../.. -I/morello-hybrid/src/output/rootfs-aarch64/usr/include    -target aarch64-unknown-freebsd -march=armv8 --sysroot=/morello-hybrid/src/output/rootfs-aarch64 -I/morello-hybrid/src/output/rootfs-aarch64/usr/include -mbranch-protection=pac-ret -fstack-protector-strong -U_FORTIFY_SOURCE -D_FORTIFY_SOURCE=2 -fdeclspec  -O0 -fno-omit-frame-pointer -fno-fast-math -ggdb3 -Wall -Wextra -Wextra-tokens -Wdeprecated-declarations -Wdivision-by-zero -Wdiv-by-zero -Wimplicit-function-declaration -Wimplicit-int -Wpointer-arith -Wshorten-64-to-32 -Wwrite-strings -Wold-style-definition -Wmissing-noreturn -Wno-cast-function-type -Wno-constant-logical-operand -Wno-long-long -Wno-missing-field-initializers -Wno-overlength-strings -Wno-parentheses-equality -Wno-self-assign -Wno-tautological-compare -Wno-unused-parameter -Wno-unused-value -Wunused-variable -Wmisleading-indentation -Wundef   -c conftest.c"
checked program was:
/* begin */
1: #include "ruby.h"
2: 
3: #include <netinet/in.h>
4: /*top*/
5: #ifndef __KAME__
6: # error
7: |:/ === __KAME__ undefined === /:|
8: #endif
/* end */

--------------------

have_library: checking for -linet6... -------------------- no

LD_LIBRARY_PATH=.:../..:/snap/ruby/438/lib: ASAN_OPTIONS=detect_leaks=0 "/morello-hybrid/src/output/sdk/bin/clang -o conftest -I../../.ext/include/aarch64-freebsd -I../../../include -I../../../ext/socket -I../.. -I../../.. -I/morello-hybrid/src/output/rootfs-aarch64/usr/include    -target aarch64-unknown-freebsd -march=armv8 --sysroot=/morello-hybrid/src/output/rootfs-aarch64 -I/morello-hybrid/src/output/rootfs-aarch64/usr/include -mbranch-protection=pac-ret -fstack-protector-strong -U_FORTIFY_SOURCE -D_FORTIFY_SOURCE=2 -fdeclspec  -O0 -fno-omit-frame-pointer -fno-fast-math -ggdb3 -Wall -Wextra -Wextra-tokens -Wdeprecated-declarations -Wdivision-by-zero -Wdiv-by-zero -Wimplicit-function-declaration -Wimplicit-int -Wpointer-arith -Wshorten-64-to-32 -Wwrite-strings -Wold-style-definition -Wmissing-noreturn -Wno-cast-function-type -Wno-constant-logical-operand -Wno-long-long -Wno-missing-field-initializers -Wno-overlength-strings -Wno-parentheses-equality -Wno-self-assign -Wno-tautological-compare -Wno-unused-parameter -Wno-unused-value -Wunused-variable -Wmisleading-indentation -Wundef conftest.c -L. -L../.. -L/morello-hybrid/src/output/rootfs-aarch64/usr/lib -Wl,-rpath,/morello-hybrid/src/output/rootfs-aarch64/usr/lib -L. -target aarch64-unknown-freebsd -march=armv8 --sysroot=/morello-hybrid/src/output/rootfs-aarch64 -fuse-ld=lld -lpthread -Wl,--gdb-index -fstack-protector-strong -L/morello-hybrid/src/output/rootfs-aarch64/usr/lib -Wl,-rpath,/morello-hybrid/src/output/rootfs-aarch64/usr/lib -rdynamic     -Wl,-rpath,/morello-hybrid/src/output/rootfs-aarch64/research/ruby-3.4.1/build -lruby-static -lexecinfo -lprocstat -lz -lrt -lrt -ldl -lcrypt -lm -lthr  -linet6  -lm -lthr  -lc"
aarch64-unknown-freebsd-ld.lld: error: unable to find library -linet6
clang: error: linker command failed with exit code 1 (use -v to see invocation)
checked program was:
/* begin */
 1: #include "ruby.h"
 2: 
 3: /*top*/
 4: extern int t(void);
 5: int main(int argc, char **argv)
 6: {
 7:   if (argc > 1000000) {
 8:     int (* volatile tp)(void)=(int (*)(void))&t;
 9:     printf("%d", (*tp)());
10:   }
11: 
12:   return !!argv[argc];
13: }
14: 
15: int t(void) { ; return 0; }
/* end */

--------------------

--------------------

have_macro: checking for IPPROTO_IPV6 in sys/types.h,netdb.h,string.h,sys/socket.h,netinet/in.h,sys/uio.h,netinet/in_systm.h,netinet/tcp.h,netinet/tcp_fsm.h,netinet/udp.h,arpa/inet.h,net/ethernet.h,sys/un.h,ifaddrs.h,sys/ioctl.h,sys/sockio.h,net/if.h,sys/param.h,sys/ucred.h,net/if_dl.h,arpa/nameser.h,resolv.h,pthread.h,sched.h... -------------------- yes

LD_LIBRARY_PATH=.:../..:/snap/ruby/438/lib: ASAN_OPTIONS=detect_leaks=0 "/morello-hybrid/src/output/sdk/bin/clang -I../../.ext/include/aarch64-freebsd -I../../../include -I../../../ext/socket -I../.. -I../../.. -I/morello-hybrid/src/output/rootfs-aarch64/usr/include    -target aarch64-unknown-freebsd -march=armv8 --sysroot=/morello-hybrid/src/output/rootfs-aarch64 -I/morello-hybrid/src/output/rootfs-aarch64/usr/include -mbranch-protection=pac-ret -fstack-protector-strong -U_FORTIFY_SOURCE -D_FORTIFY_SOURCE=2 -fdeclspec  -O0 -fno-omit-frame-pointer -fno-fast-math -ggdb3 -Wall -Wextra -Wextra-tokens -Wdeprecated-declarations -Wdivision-by-zero -Wdiv-by-zero -Wimplicit-function-declaration -Wimplicit-int -Wpointer-arith -Wshorten-64-to-32 -Wwrite-strings -Wold-style-definition -Wmissing-noreturn -Wno-cast-function-type -Wno-constant-logical-operand -Wno-long-long -Wno-missing-field-initializers -Wno-overlength-strings -Wno-parentheses-equality -Wno-self-assign -Wno-tautological-compare -Wno-unused-parameter -Wno-unused-value -Wunused-variable -Wmisleading-indentation -Wundef   -c conftest.c"
checked program was:
/* begin */
 1: #include "ruby.h"
 2: 
 3: #include <sys/types.h>
 4: #include <netdb.h>
 5: #include <string.h>
 6: #include <sys/socket.h>
 7: #include <netinet/in.h>
 8: #include <sys/uio.h>
 9: #include <netinet/in_systm.h>
10: #include <netinet/tcp.h>
11: #include <netinet/tcp_fsm.h>
12: #include <netinet/udp.h>
13: #include <arpa/inet.h>
14: #include <net/ethernet.h>
15: #include <sys/un.h>
16: #include <ifaddrs.h>
17: #include <sys/ioctl.h>
18: #include <sys/sockio.h>
19: #include <net/if.h>
20: #include <sys/param.h>
21: #include <sys/ucred.h>
22: #include <net/if_dl.h>
23: #include <arpa/nameser.h>
24: #include <resolv.h>
25: #include <pthread.h>
26: #include <sched.h>
27: /*top*/
28: #ifndef IPPROTO_IPV6
29: # error
30: |:/ === IPPROTO_IPV6 undefined === /:|
31: #endif
/* end */

--------------------

have_const: checking for AF_UNIX in sys/types.h,netdb.h,string.h,sys/socket.h,netinet/in.h,sys/uio.h,netinet/in_systm.h,netinet/tcp.h,netinet/tcp_fsm.h,netinet/udp.h,arpa/inet.h,net/ethernet.h,sys/un.h,ifaddrs.h,sys/ioctl.h,sys/sockio.h,net/if.h,sys/param.h,sys/ucred.h,net/if_dl.h,arpa/nameser.h,resolv.h,pthread.h,sched.h... -------------------- yes

LD_LIBRARY_PATH=.:../..:/snap/ruby/438/lib: ASAN_OPTIONS=detect_leaks=0 "/morello-hybrid/src/output/sdk/bin/clang -I../../.ext/include/aarch64-freebsd -I../../../include -I../../../ext/socket -I../.. -I../../.. -I/morello-hybrid/src/output/rootfs-aarch64/usr/include    -target aarch64-unknown-freebsd -march=armv8 --sysroot=/morello-hybrid/src/output/rootfs-aarch64 -I/morello-hybrid/src/output/rootfs-aarch64/usr/include -mbranch-protection=pac-ret -fstack-protector-strong -U_FORTIFY_SOURCE -D_FORTIFY_SOURCE=2 -fdeclspec  -O0 -fno-omit-frame-pointer -fno-fast-math -ggdb3 -Wall -Wextra -Wextra-tokens -Wdeprecated-declarations -Wdivision-by-zero -Wdiv-by-zero -Wimplicit-function-declaration -Wimplicit-int -Wpointer-arith -Wshorten-64-to-32 -Wwrite-strings -Wold-style-definition -Wmissing-noreturn -Wno-cast-function-type -Wno-constant-logical-operand -Wno-long-long -Wno-missing-field-initializers -Wno-overlength-strings -Wno-parentheses-equality -Wno-self-assign -Wno-tautological-compare -Wno-unused-parameter -Wno-unused-value -Wunused-variable -Wmisleading-indentation -Wundef   -c conftest.c"
checked program was:
/* begin */
 1: #include "ruby.h"
 2: 
 3: #include <sys/types.h>
 4: #include <netdb.h>
 5: #include <string.h>
 6: #include <sys/socket.h>
 7: #include <netinet/in.h>
 8: #include <sys/uio.h>
 9: #include <netinet/in_systm.h>
10: #include <netinet/tcp.h>
11: #include <netinet/tcp_fsm.h>
12: #include <netinet/udp.h>
13: #include <arpa/inet.h>
14: #include <net/ethernet.h>
15: #include <sys/un.h>
16: #include <ifaddrs.h>
17: #include <sys/ioctl.h>
18: #include <sys/sockio.h>
19: #include <net/if.h>
20: #include <sys/param.h>
21: #include <sys/ucred.h>
22: #include <net/if_dl.h>
23: #include <arpa/nameser.h>
24: #include <resolv.h>
25: #include <pthread.h>
26: #include <sched.h>
27: 
28: /*top*/
29: typedef int conftest_type;
30: conftest_type conftestval = (int)AF_UNIX;
/* end */

--------------------

have_const: checking for SCM_RIGHTS in sys/types.h,netdb.h,string.h,sys/socket.h,netinet/in.h,sys/uio.h,netinet/in_systm.h,netinet/tcp.h,netinet/tcp_fsm.h,netinet/udp.h,arpa/inet.h,net/ethernet.h,sys/un.h,ifaddrs.h,sys/ioctl.h,sys/sockio.h,net/if.h,sys/param.h,sys/ucred.h,net/if_dl.h,arpa/nameser.h,resolv.h,pthread.h,sched.h... -------------------- yes

LD_LIBRARY_PATH=.:../..:/snap/ruby/438/lib: ASAN_OPTIONS=detect_leaks=0 "/morello-hybrid/src/output/sdk/bin/clang -I../../.ext/include/aarch64-freebsd -I../../../include -I../../../ext/socket -I../.. -I../../.. -I/morello-hybrid/src/output/rootfs-aarch64/usr/include    -target aarch64-unknown-freebsd -march=armv8 --sysroot=/morello-hybrid/src/output/rootfs-aarch64 -I/morello-hybrid/src/output/rootfs-aarch64/usr/include -mbranch-protection=pac-ret -fstack-protector-strong -U_FORTIFY_SOURCE -D_FORTIFY_SOURCE=2 -fdeclspec  -O0 -fno-omit-frame-pointer -fno-fast-math -ggdb3 -Wall -Wextra -Wextra-tokens -Wdeprecated-declarations -Wdivision-by-zero -Wdiv-by-zero -Wimplicit-function-declaration -Wimplicit-int -Wpointer-arith -Wshorten-64-to-32 -Wwrite-strings -Wold-style-definition -Wmissing-noreturn -Wno-cast-function-type -Wno-constant-logical-operand -Wno-long-long -Wno-missing-field-initializers -Wno-overlength-strings -Wno-parentheses-equality -Wno-self-assign -Wno-tautological-compare -Wno-unused-parameter -Wno-unused-value -Wunused-variable -Wmisleading-indentation -Wundef   -c conftest.c"
checked program was:
/* begin */
 1: #include "ruby.h"
 2: 
 3: #include <sys/types.h>
 4: #include <netdb.h>
 5: #include <string.h>
 6: #include <sys/socket.h>
 7: #include <netinet/in.h>
 8: #include <sys/uio.h>
 9: #include <netinet/in_systm.h>
10: #include <netinet/tcp.h>
11: #include <netinet/tcp_fsm.h>
12: #include <netinet/udp.h>
13: #include <arpa/inet.h>
14: #include <net/ethernet.h>
15: #include <sys/un.h>
16: #include <ifaddrs.h>
17: #include <sys/ioctl.h>
18: #include <sys/sockio.h>
19: #include <net/if.h>
20: #include <sys/param.h>
21: #include <sys/ucred.h>
22: #include <net/if_dl.h>
23: #include <arpa/nameser.h>
24: #include <resolv.h>
25: #include <pthread.h>
26: #include <sched.h>
27: 
28: /*top*/
29: typedef int conftest_type;
30: conftest_type conftestval = (int)SCM_RIGHTS;
/* end */

--------------------

have_func: checking for getnameinfo() in sys/types.h,netdb.h,string.h,sys/socket.h,netinet/in.h,sys/uio.h,netinet/in_systm.h,netinet/tcp.h,netinet/tcp_fsm.h,netinet/udp.h,arpa/inet.h,net/ethernet.h,sys/un.h,ifaddrs.h,sys/ioctl.h,sys/sockio.h,net/if.h,sys/param.h,sys/ucred.h,net/if_dl.h,arpa/nameser.h,resolv.h,pthread.h,sched.h... -------------------- yes

LD_LIBRARY_PATH=.:../..:/snap/ruby/438/lib: ASAN_OPTIONS=detect_leaks=0 "/morello-hybrid/src/output/sdk/bin/clang -o conftest -I../../.ext/include/aarch64-freebsd -I../../../include -I../../../ext/socket -I../.. -I../../.. -I/morello-hybrid/src/output/rootfs-aarch64/usr/include    -target aarch64-unknown-freebsd -march=armv8 --sysroot=/morello-hybrid/src/output/rootfs-aarch64 -I/morello-hybrid/src/output/rootfs-aarch64/usr/include -mbranch-protection=pac-ret -fstack-protector-strong -U_FORTIFY_SOURCE -D_FORTIFY_SOURCE=2 -fdeclspec  -O0 -fno-omit-frame-pointer -fno-fast-math -ggdb3 -Wall -Wextra -Wextra-tokens -Wdeprecated-declarations -Wdivision-by-zero -Wdiv-by-zero -Wimplicit-function-declaration -Wimplicit-int -Wpointer-arith -Wshorten-64-to-32 -Wwrite-strings -Wold-style-definition -Wmissing-noreturn -Wno-cast-function-type -Wno-constant-logical-operand -Wno-long-long -Wno-missing-field-initializers -Wno-overlength-strings -Wno-parentheses-equality -Wno-self-assign -Wno-tautological-compare -Wno-unused-parameter -Wno-unused-value -Wunused-variable -Wmisleading-indentation -Wundef conftest.c -L. -L../.. -L/morello-hybrid/src/output/rootfs-aarch64/usr/lib -Wl,-rpath,/morello-hybrid/src/output/rootfs-aarch64/usr/lib -L. -target aarch64-unknown-freebsd -march=armv8 --sysroot=/morello-hybrid/src/output/rootfs-aarch64 -fuse-ld=lld -lpthread -Wl,--gdb-index -fstack-protector-strong -L/morello-hybrid/src/output/rootfs-aarch64/usr/lib -Wl,-rpath,/morello-hybrid/src/output/rootfs-aarch64/usr/lib -rdynamic     -Wl,-rpath,/morello-hybrid/src/output/rootfs-aarch64/research/ruby-3.4.1/build -lruby-static -lexecinfo -lprocstat -lz -lrt -lrt -ldl -lcrypt -lm -lthr   -lm -lthr  -lc"
checked program was:
/* begin */
 1: #include "ruby.h"
 2: 
 3: #include <sys/types.h>
 4: #include <netdb.h>
 5: #include <string.h>
 6: #include <sys/socket.h>
 7: #include <netinet/in.h>
 8: #include <sys/uio.h>
 9: #include <netinet/in_systm.h>
10: #include <netinet/tcp.h>
11: #include <netinet/tcp_fsm.h>
12: #include <netinet/udp.h>
13: #include <arpa/inet.h>
14: #include <net/ethernet.h>
15: #include <sys/un.h>
16: #include <ifaddrs.h>
17: #include <sys/ioctl.h>
18: #include <sys/sockio.h>
19: #include <net/if.h>
20: #include <sys/param.h>
21: #include <sys/ucred.h>
22: #include <net/if_dl.h>
23: #include <arpa/nameser.h>
24: #include <resolv.h>
25: #include <pthread.h>
26: #include <sched.h>
27: 
28: /*top*/
29: extern int t(void);
30: int main(int argc, char **argv)
31: {
32:   if (argc > 1000000) {
33:     int (* volatile tp)(void)=(int (*)(void))&t;
34:     printf("%d", (*tp)());
35:   }
36: 
37:   return !!argv[argc];
38: }
39: int t(void) { void ((*volatile p)()); p = (void ((*)()))getnameinfo; return !p; }
/* end */

--------------------

have_func: checking for getaddrinfo() in sys/types.h,netdb.h,string.h,sys/socket.h,netinet/in.h,sys/uio.h,netinet/in_systm.h,netinet/tcp.h,netinet/tcp_fsm.h,netinet/udp.h,arpa/inet.h,net/ethernet.h,sys/un.h,ifaddrs.h,sys/ioctl.h,sys/sockio.h,net/if.h,sys/param.h,sys/ucred.h,net/if_dl.h,arpa/nameser.h,resolv.h,pthread.h,sched.h... -------------------- yes

LD_LIBRARY_PATH=.:../..:/snap/ruby/438/lib: ASAN_OPTIONS=detect_leaks=0 "/morello-hybrid/src/output/sdk/bin/clang -o conftest -I../../.ext/include/aarch64-freebsd -I../../../include -I../../../ext/socket -I../.. -I../../.. -I/morello-hybrid/src/output/rootfs-aarch64/usr/include    -target aarch64-unknown-freebsd -march=armv8 --sysroot=/morello-hybrid/src/output/rootfs-aarch64 -I/morello-hybrid/src/output/rootfs-aarch64/usr/include -mbranch-protection=pac-ret -fstack-protector-strong -U_FORTIFY_SOURCE -D_FORTIFY_SOURCE=2 -fdeclspec  -O0 -fno-omit-frame-pointer -fno-fast-math -ggdb3 -Wall -Wextra -Wextra-tokens -Wdeprecated-declarations -Wdivision-by-zero -Wdiv-by-zero -Wimplicit-function-declaration -Wimplicit-int -Wpointer-arith -Wshorten-64-to-32 -Wwrite-strings -Wold-style-definition -Wmissing-noreturn -Wno-cast-function-type -Wno-constant-logical-operand -Wno-long-long -Wno-missing-field-initializers -Wno-overlength-strings -Wno-parentheses-equality -Wno-self-assign -Wno-tautological-compare -Wno-unused-parameter -Wno-unused-value -Wunused-variable -Wmisleading-indentation -Wundef conftest.c -L. -L../.. -L/morello-hybrid/src/output/rootfs-aarch64/usr/lib -Wl,-rpath,/morello-hybrid/src/output/rootfs-aarch64/usr/lib -L. -target aarch64-unknown-freebsd -march=armv8 --sysroot=/morello-hybrid/src/output/rootfs-aarch64 -fuse-ld=lld -lpthread -Wl,--gdb-index -fstack-protector-strong -L/morello-hybrid/src/output/rootfs-aarch64/usr/lib -Wl,-rpath,/morello-hybrid/src/output/rootfs-aarch64/usr/lib -rdynamic     -Wl,-rpath,/morello-hybrid/src/output/rootfs-aarch64/research/ruby-3.4.1/build -lruby-static -lexecinfo -lprocstat -lz -lrt -lrt -ldl -lcrypt -lm -lthr   -lm -lthr  -lc"
checked program was:
/* begin */
 1: #include "ruby.h"
 2: 
 3: #include <sys/types.h>
 4: #include <netdb.h>
 5: #include <string.h>
 6: #include <sys/socket.h>
 7: #include <netinet/in.h>
 8: #include <sys/uio.h>
 9: #include <netinet/in_systm.h>
10: #include <netinet/tcp.h>
11: #include <netinet/tcp_fsm.h>
12: #include <netinet/udp.h>
13: #include <arpa/inet.h>
14: #include <net/ethernet.h>
15: #include <sys/un.h>
16: #include <ifaddrs.h>
17: #include <sys/ioctl.h>
18: #include <sys/sockio.h>
19: #include <net/if.h>
20: #include <sys/param.h>
21: #include <sys/ucred.h>
22: #include <net/if_dl.h>
23: #include <arpa/nameser.h>
24: #include <resolv.h>
25: #include <pthread.h>
26: #include <sched.h>
27: 
28: /*top*/
29: extern int t(void);
30: int main(int argc, char **argv)
31: {
32:   if (argc > 1000000) {
33:     int (* volatile tp)(void)=(int (*)(void))&t;
34:     printf("%d", (*tp)());
35:   }
36: 
37:   return !!argv[argc];
38: }
39: int t(void) { void ((*volatile p)()); p = (void ((*)()))getaddrinfo; return !p; }
/* end */

--------------------

have_func: checking for pthread_create()... -------------------- yes

LD_LIBRARY_PATH=.:../..:/snap/ruby/438/lib: ASAN_OPTIONS=detect_leaks=0 "/morello-hybrid/src/output/sdk/bin/clang -o conftest -I../../.ext/include/aarch64-freebsd -I../../../include -I../../../ext/socket -I../.. -I../../.. -I/morello-hybrid/src/output/rootfs-aarch64/usr/include    -target aarch64-unknown-freebsd -march=armv8 --sysroot=/morello-hybrid/src/output/rootfs-aarch64 -I/morello-hybrid/src/output/rootfs-aarch64/usr/include -mbranch-protection=pac-ret -fstack-protector-strong -U_FORTIFY_SOURCE -D_FORTIFY_SOURCE=2 -fdeclspec  -O0 -fno-omit-frame-pointer -fno-fast-math -ggdb3 -Wall -Wextra -Wextra-tokens -Wdeprecated-declarations -Wdivision-by-zero -Wdiv-by-zero -Wimplicit-function-declaration -Wimplicit-int -Wpointer-arith -Wshorten-64-to-32 -Wwrite-strings -Wold-style-definition -Wmissing-noreturn -Wno-cast-function-type -Wno-constant-logical-operand -Wno-long-long -Wno-missing-field-initializers -Wno-overlength-strings -Wno-parentheses-equality -Wno-self-assign -Wno-tautological-compare -Wno-unused-parameter -Wno-unused-value -Wunused-variable -Wmisleading-indentation -Wundef conftest.c -L. -L../.. -L/morello-hybrid/src/output/rootfs-aarch64/usr/lib -Wl,-rpath,/morello-hybrid/src/output/rootfs-aarch64/usr/lib -L. -target aarch64-unknown-freebsd -march=armv8 --sysroot=/morello-hybrid/src/output/rootfs-aarch64 -fuse-ld=lld -lpthread -Wl,--gdb-index -fstack-protector-strong -L/morello-hybrid/src/output/rootfs-aarch64/usr/lib -Wl,-rpath,/morello-hybrid/src/output/rootfs-aarch64/usr/lib -rdynamic     -Wl,-rpath,/morello-hybrid/src/output/rootfs-aarch64/research/ruby-3.4.1/build -lruby-static -lexecinfo -lprocstat -lz -lrt -lrt -ldl -lcrypt -lm -lthr   -lm -lthr  -lc"
conftest.c:14:57: error: use of undeclared identifier 'pthread_create'
   14 | int t(void) { void ((*volatile p)()); p = (void ((*)()))pthread_create; return !p; }
      |                                                         ^
1 error generated.
checked program was:
/* begin */
 1: #include "ruby.h"
 2: 
 3: /*top*/
 4: extern int t(void);
 5: int main(int argc, char **argv)
 6: {
 7:   if (argc > 1000000) {
 8:     int (* volatile tp)(void)=(int (*)(void))&t;
 9:     printf("%d", (*tp)());
10:   }
11: 
12:   return !!argv[argc];
13: }
14: int t(void) { void ((*volatile p)()); p = (void ((*)()))pthread_create; return !p; }
/* end */

LD_LIBRARY_PATH=.:../..:/snap/ruby/438/lib: ASAN_OPTIONS=detect_leaks=0 "/morello-hybrid/src/output/sdk/bin/clang -o conftest -I../../.ext/include/aarch64-freebsd -I../../../include -I../../../ext/socket -I../.. -I../../.. -I/morello-hybrid/src/output/rootfs-aarch64/usr/include    -target aarch64-unknown-freebsd -march=armv8 --sysroot=/morello-hybrid/src/output/rootfs-aarch64 -I/morello-hybrid/src/output/rootfs-aarch64/usr/include -mbranch-protection=pac-ret -fstack-protector-strong -U_FORTIFY_SOURCE -D_FORTIFY_SOURCE=2 -fdeclspec  -O0 -fno-omit-frame-pointer -fno-fast-math -ggdb3 -Wall -Wextra -Wextra-tokens -Wdeprecated-declarations -Wdivision-by-zero -Wdiv-by-zero -Wimplicit-function-declaration -Wimplicit-int -Wpointer-arith -Wshorten-64-to-32 -Wwrite-strings -Wold-style-definition -Wmissing-noreturn -Wno-cast-function-type -Wno-constant-logical-operand -Wno-long-long -Wno-missing-field-initializers -Wno-overlength-strings -Wno-parentheses-equality -Wno-self-assign -Wno-tautological-compare -Wno-unused-parameter -Wno-unused-value -Wunused-variable -Wmisleading-indentation -Wundef conftest.c -L. -L../.. -L/morello-hybrid/src/output/rootfs-aarch64/usr/lib -Wl,-rpath,/morello-hybrid/src/output/rootfs-aarch64/usr/lib -L. -target aarch64-unknown-freebsd -march=armv8 --sysroot=/morello-hybrid/src/output/rootfs-aarch64 -fuse-ld=lld -lpthread -Wl,--gdb-index -fstack-protector-strong -L/morello-hybrid/src/output/rootfs-aarch64/usr/lib -Wl,-rpath,/morello-hybrid/src/output/rootfs-aarch64/usr/lib -rdynamic     -Wl,-rpath,/morello-hybrid/src/output/rootfs-aarch64/research/ruby-3.4.1/build -lruby-static -lexecinfo -lprocstat -lz -lrt -lrt -ldl -lcrypt -lm -lthr   -lm -lthr  -lc"
checked program was:
/* begin */
 1: #include "ruby.h"
 2: 
 3: /*top*/
 4: extern int t(void);
 5: int main(int argc, char **argv)
 6: {
 7:   if (argc > 1000000) {
 8:     int (* volatile tp)(void)=(int (*)(void))&t;
 9:     printf("%d", (*tp)());
10:   }
11: 
12:   return !!argv[argc];
13: }
14: extern void pthread_create();
15: int t(void) { pthread_create(); return 0; }
/* end */

--------------------

have_func: checking for pthread_detach()... -------------------- yes

LD_LIBRARY_PATH=.:../..:/snap/ruby/438/lib: ASAN_OPTIONS=detect_leaks=0 "/morello-hybrid/src/output/sdk/bin/clang -o conftest -I../../.ext/include/aarch64-freebsd -I../../../include -I../../../ext/socket -I../.. -I../../.. -I/morello-hybrid/src/output/rootfs-aarch64/usr/include    -target aarch64-unknown-freebsd -march=armv8 --sysroot=/morello-hybrid/src/output/rootfs-aarch64 -I/morello-hybrid/src/output/rootfs-aarch64/usr/include -mbranch-protection=pac-ret -fstack-protector-strong -U_FORTIFY_SOURCE -D_FORTIFY_SOURCE=2 -fdeclspec  -O0 -fno-omit-frame-pointer -fno-fast-math -ggdb3 -Wall -Wextra -Wextra-tokens -Wdeprecated-declarations -Wdivision-by-zero -Wdiv-by-zero -Wimplicit-function-declaration -Wimplicit-int -Wpointer-arith -Wshorten-64-to-32 -Wwrite-strings -Wold-style-definition -Wmissing-noreturn -Wno-cast-function-type -Wno-constant-logical-operand -Wno-long-long -Wno-missing-field-initializers -Wno-overlength-strings -Wno-parentheses-equality -Wno-self-assign -Wno-tautological-compare -Wno-unused-parameter -Wno-unused-value -Wunused-variable -Wmisleading-indentation -Wundef conftest.c -L. -L../.. -L/morello-hybrid/src/output/rootfs-aarch64/usr/lib -Wl,-rpath,/morello-hybrid/src/output/rootfs-aarch64/usr/lib -L. -target aarch64-unknown-freebsd -march=armv8 --sysroot=/morello-hybrid/src/output/rootfs-aarch64 -fuse-ld=lld -lpthread -Wl,--gdb-index -fstack-protector-strong -L/morello-hybrid/src/output/rootfs-aarch64/usr/lib -Wl,-rpath,/morello-hybrid/src/output/rootfs-aarch64/usr/lib -rdynamic     -Wl,-rpath,/morello-hybrid/src/output/rootfs-aarch64/research/ruby-3.4.1/build -lruby-static -lexecinfo -lprocstat -lz -lrt -lrt -ldl -lcrypt -lm -lthr   -lm -lthr  -lc"
conftest.c:14:57: error: use of undeclared identifier 'pthread_detach'
   14 | int t(void) { void ((*volatile p)()); p = (void ((*)()))pthread_detach; return !p; }
      |                                                         ^
1 error generated.
checked program was:
/* begin */
 1: #include "ruby.h"
 2: 
 3: /*top*/
 4: extern int t(void);
 5: int main(int argc, char **argv)
 6: {
 7:   if (argc > 1000000) {
 8:     int (* volatile tp)(void)=(int (*)(void))&t;
 9:     printf("%d", (*tp)());
10:   }
11: 
12:   return !!argv[argc];
13: }
14: int t(void) { void ((*volatile p)()); p = (void ((*)()))pthread_detach; return !p; }
/* end */

LD_LIBRARY_PATH=.:../..:/snap/ruby/438/lib: ASAN_OPTIONS=detect_leaks=0 "/morello-hybrid/src/output/sdk/bin/clang -o conftest -I../../.ext/include/aarch64-freebsd -I../../../include -I../../../ext/socket -I../.. -I../../.. -I/morello-hybrid/src/output/rootfs-aarch64/usr/include    -target aarch64-unknown-freebsd -march=armv8 --sysroot=/morello-hybrid/src/output/rootfs-aarch64 -I/morello-hybrid/src/output/rootfs-aarch64/usr/include -mbranch-protection=pac-ret -fstack-protector-strong -U_FORTIFY_SOURCE -D_FORTIFY_SOURCE=2 -fdeclspec  -O0 -fno-omit-frame-pointer -fno-fast-math -ggdb3 -Wall -Wextra -Wextra-tokens -Wdeprecated-declarations -Wdivision-by-zero -Wdiv-by-zero -Wimplicit-function-declaration -Wimplicit-int -Wpointer-arith -Wshorten-64-to-32 -Wwrite-strings -Wold-style-definition -Wmissing-noreturn -Wno-cast-function-type -Wno-constant-logical-operand -Wno-long-long -Wno-missing-field-initializers -Wno-overlength-strings -Wno-parentheses-equality -Wno-self-assign -Wno-tautological-compare -Wno-unused-parameter -Wno-unused-value -Wunused-variable -Wmisleading-indentation -Wundef conftest.c -L. -L../.. -L/morello-hybrid/src/output/rootfs-aarch64/usr/lib -Wl,-rpath,/morello-hybrid/src/output/rootfs-aarch64/usr/lib -L. -target aarch64-unknown-freebsd -march=armv8 --sysroot=/morello-hybrid/src/output/rootfs-aarch64 -fuse-ld=lld -lpthread -Wl,--gdb-index -fstack-protector-strong -L/morello-hybrid/src/output/rootfs-aarch64/usr/lib -Wl,-rpath,/morello-hybrid/src/output/rootfs-aarch64/usr/lib -rdynamic     -Wl,-rpath,/morello-hybrid/src/output/rootfs-aarch64/research/ruby-3.4.1/build -lruby-static -lexecinfo -lprocstat -lz -lrt -lrt -ldl -lcrypt -lm -lthr   -lm -lthr  -lc"
checked program was:
/* begin */
 1: #include "ruby.h"
 2: 
 3: /*top*/
 4: extern int t(void);
 5: int main(int argc, char **argv)
 6: {
 7:   if (argc > 1000000) {
 8:     int (* volatile tp)(void)=(int (*)(void))&t;
 9:     printf("%d", (*tp)());
10:   }
11: 
12:   return !!argv[argc];
13: }
14: extern void pthread_detach();
15: int t(void) { pthread_detach(); return 0; }
/* end */

--------------------

extconf.h is:
/* begin */
  1: #ifndef EXTCONF_H
  2: #define EXTCONF_H
  3: #define HAVE_SYS_UIO_H 1
  4: #define HAVE_NETINET_IN_SYSTM_H 1
  5: #define HAVE_NETINET_TCP_H 1
  6: #define HAVE_NETINET_TCP_FSM_H 1
  7: #define HAVE_NETINET_UDP_H 1
  8: #define HAVE_ARPA_INET_H 1
  9: #define HAVE_NET_ETHERNET_H 1
 10: #define HAVE_SYS_UN_H 1
 11: #define HAVE_IFADDRS_H 1
 12: #define HAVE_SYS_IOCTL_H 1
 13: #define HAVE_SYS_SOCKIO_H 1
 14: #define HAVE_NET_IF_H 1
 15: #define HAVE_SYS_PARAM_H 1
 16: #define HAVE_SYS_UCRED_H 1
 17: #define HAVE_NET_IF_DL_H 1
 18: #define HAVE_ARPA_NAMESER_H 1
 19: #define HAVE_RESOLV_H 1
 20: #define HAVE_PTHREAD_H 1
 21: #define HAVE_SCHED_H 1
 22: #define HAVE_STRUCT_SOCKADDR_SA_LEN 1
 23: #define HAVE_ST_SA_LEN 1
 24: #define HAVE_STRUCT_SOCKADDR_IN_SIN_LEN 1
 25: #define HAVE_ST_SIN_LEN 1
 26: #define HAVE_STRUCT_SOCKADDR_IN6_SIN6_LEN 1
 27: #define HAVE_ST_SIN6_LEN 1
 28: #define HAVE_TYPE_STRUCT_SOCKADDR_UN 1
 29: #define HAVE_STRUCT_SOCKADDR_UN_SUN_LEN 1
 30: #define HAVE_ST_SUN_LEN 1
 31: #define HAVE_TYPE_STRUCT_SOCKADDR_DL 1
 32: #define HAVE_TYPE_STRUCT_SOCKADDR_STORAGE 1
 33: #define HAVE_TYPE_STRUCT_ADDRINFO 1
 34: #define HAVE_TYPE_SOCKLEN_T 1
 35: #define RSTRING_SOCKLEN (socklen_t)RSTRING_LENINT
 36: #define HAVE_TYPE_STRUCT_IN6_PKTINFO 1
 37: #define HAVE_TYPE_STRUCT_SOCKCRED 1
 38: #define HAVE_TYPE_STRUCT_CMSGCRED 1
 39: #define HAVE_TYPE_STRUCT_IP_MREQ 1
 40: #define HAVE_TYPE_STRUCT_IP_MREQN 1
 41: #define HAVE_TYPE_STRUCT_IPV6_MREQ 1
 42: #define HAVE_STRUCT_MSGHDR_MSG_CONTROL 1
 43: #define HAVE_ST_MSG_CONTROL 1
 44: #define HAVE_TYPE_STRUCT_TCP_INFO 1
 45: #define HAVE_STRUCT_TCP_INFO_TCPI_STATE 1
 46: #define HAVE_ST_TCPI_STATE 1
 47: #define HAVE_STRUCT_TCP_INFO_TCPI_OPTIONS 1
 48: #define HAVE_ST_TCPI_OPTIONS 1
 49: #define HAVE_STRUCT_TCP_INFO_TCPI_RTO 1
 50: #define HAVE_ST_TCPI_RTO 1
 51: #define HAVE_STRUCT_TCP_INFO_TCPI_SND_MSS 1
 52: #define HAVE_ST_TCPI_SND_MSS 1
 53: #define HAVE_STRUCT_TCP_INFO_TCPI_RCV_MSS 1
 54: #define HAVE_ST_TCPI_RCV_MSS 1
 55: #define HAVE_STRUCT_TCP_INFO_TCPI_LAST_DATA_RECV 1
 56: #define HAVE_ST_TCPI_LAST_DATA_RECV 1
 57: #define HAVE_STRUCT_TCP_INFO_TCPI_RTT 1
 58: #define HAVE_ST_TCPI_RTT 1
 59: #define HAVE_STRUCT_TCP_INFO_TCPI_RTTVAR 1
 60: #define HAVE_ST_TCPI_RTTVAR 1
 61: #define HAVE_STRUCT_TCP_INFO_TCPI_SND_SSTHRESH 1
 62: #define HAVE_ST_TCPI_SND_SSTHRESH 1
 63: #define HAVE_STRUCT_TCP_INFO_TCPI_SND_CWND 1
 64: #define HAVE_ST_TCPI_SND_CWND 1
 65: #define HAVE_STRUCT_TCP_INFO_TCPI_RCV_SPACE 1
 66: #define HAVE_ST_TCPI_RCV_SPACE 1
 67: #define HAVE_STRUCT_TCP_INFO_TCPI_SND_WND 1
 68: #define HAVE_ST_TCPI_SND_WND 1
 69: #define HAVE_STRUCT_TCP_INFO_TCPI_SND_BWND 1
 70: #define HAVE_ST_TCPI_SND_BWND 1
 71: #define HAVE_STRUCT_TCP_INFO_TCPI_SND_NXT 1
 72: #define HAVE_ST_TCPI_SND_NXT 1
 73: #define HAVE_STRUCT_TCP_INFO_TCPI_RCV_NXT 1
 74: #define HAVE_ST_TCPI_RCV_NXT 1
 75: #define HAVE_STRUCT_TCP_INFO_TCPI_TOE_TID 1
 76: #define HAVE_ST_TCPI_TOE_TID 1
 77: #define HAVE_STRUCT_TCP_INFO_TCPI_SND_REXMITPACK 1
 78: #define HAVE_ST_TCPI_SND_REXMITPACK 1
 79: #define HAVE_STRUCT_TCP_INFO_TCPI_RCV_OOOPACK 1
 80: #define HAVE_ST_TCPI_RCV_OOOPACK 1
 81: #define HAVE_STRUCT_TCP_INFO_TCPI_SND_ZEROWIN 1
 82: #define HAVE_ST_TCPI_SND_ZEROWIN 1
 83: #define HAVE_SOCKET 1
 84: #define HAVE_SENDMSG 1
 85: #define HAVE_RECVMSG 1
 86: #define HAVE_FREEHOSTENT 1
 87: #define HAVE_FREEADDRINFO 1
 88: #define HAVE_GAI_STRERROR 1
 89: #define GAI_STRERROR_CONST 1
 90: #define HAVE_ACCEPT4 1
 91: #define HAVE_INET_NTOP 1
 92: #define HAVE_INET_PTON 1
 93: #define HAVE_GETSERVBYPORT 1
 94: #define HAVE_GETIFADDRS 1
 95: #define HAVE_STRUCT_IF_DATA_IFI_VHID 1
 96: #define HAVE_ST_IFI_VHID 1
 97: #define HAVE_GETPEEREID 1
 98: #define HAVE_IF_INDEXTONAME 1
 99: #define HAVE_IF_NAMETOINDEX 1
100: #define HAVE_GETIPNODEBYNAME 1
101: #define HAVE_GETHOSTBYNAME2 1
102: #define HAVE_SOCKETPAIR 1
103: #define HAVE_GETHOSTNAME 1
104: #define ENABLE_IPV6 1
105: #define INET6 1
106: #define HAVE_CONST_AF_UNIX 1
107: #define HAVE_CONST_SCM_RIGHTS 1
108: #define HAVE_GETNAMEINFO 1
109: #define HAVE_GETADDRINFO 1
110: #define HAVE_PTHREAD_CREATE 1
111: #define HAVE_PTHREAD_DETACH 1
112: #endif
/* end */

